Integration Number,Time (s),Max Area Error
0,0.134000,0.949769
1,0.155000,0.289013
2,0.161000,0.034689
3,0.146000,0.034689
4,0.144000,0.034689
5,0.144000,0.001482
