Integration Number,Time (s),Max Area Error
0,0.068000,0.750200
1,0.066000,0.750200
2,0.078000,0.045982
3,0.059000,0.045982
4,0.063000,0.008226
