Integration Number,Time (s),Max Area Error
0,0.008000,31.520786
1,0.056000,21.943735
2,0.040000,4.886473
3,0.034000,1.616826
4,0.027000,0.844520
5,0.019000,0.430556
6,0.013000,0.281046
7,0.011000,0.129219
8,0.010000,0.055270
9,0.009000,0.023433
10,0.010000,0.009678
