Integration Number,Time (s),Max Area Error
0,0.015000,0.956289
1,0.059000,0.624033
2,0.035000,0.260224
3,0.022000,0.102032
4,0.020000,0.038570
5,0.021000,0.007091
