{"type":"FeatureCollection","bbox":[44.05199592893895,73.81532429619068,215.6690059550963,173.42699790042002],"crs":{"type":"name","properties":{"name":"EPSG:cartesian"}},"properties":{"note":"Created using cartogram-cpp / go-cart.io with custom projection, not in EPSG:4326"},"features":[{"type":"Feature","properties":{"Level":"ADM1","shapeGroup":"AUS","shapeID":"AUS-ADM1-42912490B18435035","shapeISO":null,"shapeName":"External Territories","shapeType":"ADM1"},"geometry":{"type":"MultiPolygon","coordinates":[[[[185.38913710264703,106.85585370961982],[185.47486940194955,106.66939443407105],[185.5946906818133,106.62428975865312],[185.64093364325402,106.72545877169749],[185.65023567320182,106.67671429464738],[185.6549537527516,106.65459789125336],[185.7586924132582,106.19086133980838],[185.69131210351281,106.10910586885953],[185.6008783449018,106.21402994433421],[185.54811554480148,105.99996736420712],[185.54721219462138,105.99633149244355],[185.52876760198825,105.93044098345258],[185.50978102924412,105.99618115818237],[185.50858894995787,105.99994773077083],[185.42071437385835,106.27616632315326],[185.34052150386316,106.34031935911369],[185.32351788431535,106.35429130372444],[185.21009250785664,106.45118964775368],[184.99627895813254,106.32184119528452],[184.96330273137175,106.30144024642672],[184.9778170538018,106.63529842015154],[184.91771118040708,106.76681242467095],[184.9976967849212,106.71640850065032],[185.09008971136262,106.65748057078663],[185.17879458051434,106.99316714454648],[185.38913710264703,106.85585370961982]]],[[[215.44431802642436,114.97995487670278],[215.4922765836004,114.95143879926434],[215.40583535053742,114.95596239345664],[215.44431802642436,114.97995487670278]]],[[[215.43811320812065,115.54487026423789],[215.48550265915443,115.49459247085898],[215.4890271442842,115.49089934348277],[215.6690059550963,115.30276788376402],[215.6522351151808,115.22557294973288],[215.60917415220268,115.22923462697705],[215.6146694743535,115.19323496200317],[215.4293186353949,115.23379395174749],[215.37823811182326,115.29952365376488],[215.40387143098138,115.40583206313025],[215.40630385813847,115.415882309649],[215.43811320812065,115.54487026423789]]],[[[44.473585254934655,154.18657879494873],[44.535723465428106,154.12028537879706],[44.52738714836043,154.0587133675396],[44.480061277115766,154.01598729134832],[44.43249136410314,153.99300652889394],[44.50458060379947,154.0422388340989],[44.530358267823615,154.11146765470872],[44.473585254934655,154.18657879494873]]],[[[44.09079597842477,154.15455571334613],[44.10643510099673,154.1191751842852],[44.10979822604943,154.11171775160648],[44.13300093047701,154.06047673856457],[44.11427142627509,154.09178110583596],[44.11186511487367,154.0380276980878],[44.24568355135622,153.96055796702223],[44.269809126298725,153.99973337050548],[44.30017821262879,153.9887912505096],[44.254422929119144,153.95901255341693],[44.217102421670475,153.96040020217072],[44.11519511152322,154.0145098184059],[44.092432609834326,154.0943707999272],[44.0900244605607,154.1028681579962],[44.08225328641988,154.1310782083272],[44.068886337368724,154.18415616789665],[44.09079597842477,154.15455571334613]]],[[[44.293955983709644,154.33793786163838],[44.32345757612287,154.32514746096072],[44.35308135759545,154.3123273388605],[44.32636842489655,154.2914598217835],[44.311256830549944,154.31295982872916],[44.30723178428894,154.31870406958063],[44.293955983709644,154.33793786163838]]],[[[44.077565439806676,154.4160166450076],[44.10925213850709,154.39749427959902],[44.05199592893895,154.3979148847483],[44.077565439806676,154.4160166450076]]],[[[66.71544919338467,163.4770182967166],[66.84016194606185,163.33463238363896],[66.86034853005842,163.23346121330496],[66.91944033793122,163.2109115825735],[66.75755378348386,163.00207277238212],[66.75771817185772,163.00000901950636],[66.78342563828842,162.6658166969647],[66.61617921849414,162.66061346278602],[66.45182746019033,162.8906192404415],[66.1264933517158,162.88403438971432],[66.11746351217911,162.88300525596222],[66.00702008240795,162.87023188162388],[66.00045705442669,162.86639644238906],[65.89662604752714,162.80599942511813],[65.94774563999833,162.94703485689965],[65.96698819978168,163.0005860853864],[65.97595310993735,163.0245148866304],[65.97658089666021,163.0262020844741],[65.89561382355767,163.11265360811905],[65.89873654707166,163.2014235725816],[66.00045546044092,163.18655207564495],[66.00552873814901,163.1857965156563],[66.1439297979669,163.1457322530245],[66.24892387179814,163.1199832618495],[66.53125196655347,163.30856404970106],[66.51229754945528,163.3660962887979],[66.55685173726623,163.36125381839864],[66.56066937913195,163.44966493594518],[66.71544919338467,163.4770182967166]]]]}},{"type":"Feature","properties":{"Level":"ADM1","shapeGroup":"AUS","shapeID":"AUS-ADM1-42912490B59156419","shapeISO":"AU-ACT","shapeName":"Australian Capital Territory","shapeType":"ADM1"},"geometry":{"type":"MultiPolygon","coordinates":[[[[171.2177674983527,106.94215932526976],[171.18506660131402,107.14459721131442],[171.0233889481286,108.61043247709645],[171.13976380953488,108.60740126769153],[171.02770686423932,109.09567516769617],[171.2977142816024,109.66930526830012],[171.29866799998015,110.01695173088821],[171.53045793189818,110.2311479595938],[171.6057297127765,110.31133724132752],[171.5175128431212,111.2284485971751],[171.6468190345088,111.44156454635716],[171.76077385717718,111.65613715110985],[172.18907641317952,111.75786873666833],[172.5313050384372,111.81404818647658],[173.3243065451493,111.96935885668798],[174.1179739475076,112.19061638877474],[174.83188522343562,112.35522470932435],[175.81018522961105,112.4447095144404],[175.99907147859793,112.37228803000511],[176.23410886846668,112.28218156500542],[176.3840705490733,112.14367332642573],[176.47958894698675,112.03462201563352],[176.76979229086118,111.94857277428598],[176.81299662657887,111.79490284331601],[176.98165999332116,111.65959055006739],[177.22793853259034,111.52505293489611],[177.3248686622058,111.44194137721904],[177.30819209598587,111.30012594177205],[177.58149637709852,111.02284321997769],[177.58326753233433,110.73388073404998],[177.92020547815667,110.42321781517006],[177.9099053024616,110.18977556398144],[178.05271773177856,110.2155962700879],[178.3468337105373,109.9945751985737],[178.60512302157758,109.84377433249037],[178.54887452618033,109.6133245648894],[178.62387293394397,109.56889573418447],[179.22188972007615,109.15367087189674],[179.2986254072926,108.90121331742223],[179.7031162739366,108.74338798562638],[179.8792355504852,108.65395614970942],[180.08271319462293,108.53493956641557],[180.23884706491532,108.32287851242711],[180.49402523283027,108.0012000756536],[180.51235223734326,107.97808413587714],[180.64426520310653,107.99602483977944],[180.74997656705014,107.99610878541367],[180.8553065318838,107.59776757224708],[180.7697896444762,107.5210891406299],[180.63251385482212,107.36648293043419],[180.5436455209541,107.26641462244717],[180.40690061559422,107.47157309408065],[180.0449383951315,107.61959615018753],[179.99835137779107,107.64439739764674],[179.77430192783632,107.7636159052368],[179.29641195944942,107.94404223631874],[178.74622187419422,107.80046365788763],[178.51407673365372,107.30265068212182],[178.28120736213177,106.8806588054905],[178.043211580228,106.48660512227326],[178.3728885368044,106.29116962971531],[178.12142680712856,106.03204653114867],[178.575207393215,105.30930811905344],[178.48917537880584,104.40405498875569],[178.69778490918927,104.00053209297869],[178.81160754120071,103.78037316682808],[177.926420402632,104.0006048711019],[177.72972493861562,104.04954893500225],[177.61821583654154,103.97400052366594],[178.13878451866148,103.11466589792673],[178.23344760277152,102.52955687474609],[178.3397073596338,102.42899927570859],[178.51504739446602,102.29323591332971],[178.4673538387487,102.0099511659072],[178.40180879168534,101.7087004212214],[178.3576416504593,101.36659730833973],[178.53666647302862,101.18423546745214],[178.58671009900257,100.54521800274165],[178.3830611635449,100.32228791177218],[177.966729009322,99.9631492838391],[177.9579554168605,99.81644671091209],[177.19021144848114,99.94925157430396],[177.05886163510257,99.98882802607226],[176.47191920882625,100.04178745109006],[176.11368989370658,100.23445569175841],[175.99936820028316,100.31022959002695],[175.79473395316384,100.4458448351479],[175.29046025966073,100.72881753581065],[175.16547302465796,100.92480887612687],[175.03017792681305,101.07625498223767],[174.7755673186286,101.20727732795638],[174.4462860092729,101.41200037190815],[174.4426531602512,101.59091101142177],[174.41695668830204,101.90344564993036],[174.1350382368986,102.13697205747046],[174.0468561935829,102.20988828463001],[173.74809346108304,102.5839193908732],[173.59132394921687,102.76722783787852],[173.39728159769373,102.18398520582306],[173.3154270110247,102.25059294843943],[173.2621616470638,102.31286008344915],[172.9696212534802,102.73136798896257],[172.7874874619588,102.95008892975838],[172.556392302722,103.20120169381049],[172.36004387954205,103.45515795650198],[172.08090488155045,103.76940588590034],[171.96023787858502,103.96675079156219],[171.94994035854523,104.45779665900024],[171.53618427523122,105.03871595795286],[171.41706152455302,105.39760370566378],[171.5482421848042,105.4608464953999],[171.41493680778768,105.72471602984082],[171.24240864354485,106.22418684872804],[171.4902684143273,106.26764745664912],[171.2177674983527,106.94215932526976]]]]}},{"type":"Feature","properties":{"Level":"ADM1","shapeGroup":"AUS","shapeID":"AUS-ADM1-42912490B93132033","shapeISO":"AU-NSW","shapeName":"New South Wales","shapeType":"ADM1"},"geometry":{"type":"MultiPolygon","coordinates":[[[[184.12205680934017,98.78053115724296],[184.10792022863072,98.69935194343543],[184.08828457294698,98.70027324113948],[184.12205680934017,98.78053115724296]]],[[[184.95951359772198,103.30462508523607],[184.96695770332138,103.26670330554995],[184.93797418366142,103.28220304654435],[184.95951359772198,103.30462508523607]]],[[[185.2814044582579,117.11739675692456],[185.31201546101317,117.09894728052495],[185.266608037647,117.09096046152933],[185.2814044582579,117.11739675692456]]],[[[185.37701546523317,117.55347972515939],[185.4768142975493,117.49821309641703],[185.4291087017,117.49954565315039],[185.37701546523317,117.55347972515939]]],[[[197.56451584172652,115.62204695929192],[197.64583726182852,115.42133407369022],[197.59112786820202,115.31801294483375],[197.57689157797407,115.35641272558073],[197.59201823947848,115.4982533947116],[197.55066477920198,115.59617006534506],[197.51155736531547,115.62542560363713],[197.56451584172652,115.62204695929192]]],[[[185.38913710264703,106.85585370961982],[185.17879458051434,106.99316714454648],[185.09008971136262,106.65748057078663],[184.9976967849212,106.71640850065032],[184.91771118040708,106.76681242467095],[184.9778170538018,106.63529842015154],[184.96330273137175,106.30144024642672],[184.8615236108658,106.13623026943414],[184.8590117718174,106.1321622905963],[184.84550728530124,106.11052538347286],[184.77957231789023,106.00831179621014],[184.77940247495337,105.99971348086076],[184.77932040803776,105.99513636711973],[184.77761014392792,105.806602896301],[184.7847516064528,105.78442645141024],[184.8343532673496,105.62493709301137],[184.684999986715,105.21572805779125],[184.71077791653298,104.9973958927375],[184.71190574165544,104.98795840678656],[184.71604567035826,104.98046157219348],[184.75836523155303,104.90569465462139],[184.7680803404785,104.76741859890305],[184.76970369004297,104.74412561439354],[184.83145680485165,104.63565003220174],[184.8096899810123,104.59157337090075],[184.87947416742145,104.53642557511715],[184.80828018927082,104.28160608117203],[184.8355428269619,104.1440497969644],[184.78633302764072,103.96516013836182],[184.8127647408413,103.62607493962712],[184.81614328796775,103.58260293375794],[184.9264749929959,103.28928419630803],[184.89255585025137,103.11592542652832],[184.90214982501882,103.00773048733205],[184.8671783756509,103.02112829616615],[184.79874819906775,102.73493006647647],[184.8401150202318,102.57139134848968],[184.80080384566335,102.58318010836815],[184.75531432709684,102.47174989938516],[184.781979615718,102.37582972575164],[184.66280308237532,101.9092015514682],[184.59032337820594,101.76402093922485],[184.5495209625663,101.40311676990738],[184.56758841411147,101.34625944953567],[184.47690590759436,101.40278355596672],[184.41450031179787,101.30389454307112],[184.41996060715172,101.20962838416146],[184.44251750437695,101.22477040698851],[184.38315402099636,101.17595039227416],[184.31825142971428,100.98720769857331],[184.3297406973929,100.8568717575191],[184.3101714867857,100.61241584055419],[184.25815776619945,100.2541311918586],[184.27735784884774,100.2567445940689],[184.18793850913235,99.99987157245236],[184.13488803147996,99.84740810083879],[183.99790430549993,99.49066760232714],[183.95420637130258,99.33914083645884],[183.91856451392874,98.93905459861756],[183.8581063213469,98.62196651431343],[183.7654008523733,98.45459562576073],[183.75273014004165,98.35393349309078],[183.5074386065562,97.91680440216118],[183.40474044803588,97.59380257007811],[183.44036214652778,97.58276326344983],[183.26474395946448,97.10605950630003],[183.201155981105,96.83885338698104],[183.2157927921862,96.78846935194458],[183.02806740652017,96.4941594929661],[182.89829655526734,96.36600827685785],[182.5898612041358,96.02362543951452],[182.5247519136655,95.89756959156092],[182.55533483027935,95.91348062832455],[182.30707894107724,95.58691327723967],[182.25164746984478,95.55744575531027],[182.06882107409388,95.27919807257146],[182.05243308843785,95.21266216247427],[181.9807966194943,95.10022787089343],[181.9455941679646,95.01267841539948],[181.83884057753238,94.88260512969636],[181.82255265531126,94.70055668160407],[181.86495680358757,94.74228299106802],[181.88007969621492,94.69710215762912],[181.7527975380981,94.41477499237561],[181.76855288413037,94.32475062774822],[181.69838954476944,94.11843473192006],[181.65546371632192,94.1622891021776],[181.5840394618899,94.06814298480474],[181.5870465225202,94.01326419064917],[181.54581281131385,94.02482166467097],[181.42810338344123,93.93134366520263],[181.41308435819002,93.83661264457395],[181.4677984731353,93.86677718856104],[181.4963317204115,93.79591137048946],[181.6048693726998,93.8834324912599],[181.67204789623855,93.79594818856121],[181.65013864205324,93.75155146374183],[181.73313444291057,93.68577326182691],[181.68414906189105,93.56029915397791],[181.70091810427937,93.45218205181241],[181.65512014185475,93.36308830401475],[181.6386814659925,93.06221142895667],[181.54586439650114,93.0631957053533],[181.49289568171218,93.13406642218403],[181.40873781951592,93.06796041236163],[181.27370757417026,92.87511715376237],[181.27810869547483,92.63846402420856],[181.11968683327285,92.37259227979249],[181.08685737797094,92.24986753610962],[181.02936857441335,92.13059117832512],[181.03084247370265,92.03958998931665],[180.88315929678944,91.77044840246907],[180.41542623977466,92.05369780445317],[180.2793436664685,92.15161332124575],[179.93872023972833,92.35232259910788],[179.0902586432064,92.83482043621203],[178.48078815332792,93.24307999133694],[177.70157769469296,93.70263514961671],[177.3631944480142,93.90221130112391],[177.15693256310684,94.03402181778328],[176.3052029802005,94.52877766348855],[175.99977401279202,94.71207058323627],[175.3684814821533,95.09089110608654],[175.06911682675684,95.31312045570098],[174.69903644378556,95.5253390445836],[174.01426021270584,95.9536832162084],[173.3249176212766,96.40091054496317],[172.78337807629418,96.77598531455621],[172.67224613707924,96.84435961186031],[172.6033565587564,96.83094711798819],[172.34187494295415,97.04167082677402],[172.11801746870955,97.07847304490616],[171.9150626963251,97.25873972602066],[171.98301424130665,97.37688369641018],[171.97297800969943,97.41386740587352],[171.92309544034322,97.5295256823877],[172.15715066022244,97.54611805921466],[172.13630615137953,97.88879910907922],[171.9208214800396,98.06245061836917],[171.960330058744,98.08635571463222],[171.7162196497441,98.27720140476943],[171.5591142550311,98.4119460748736],[171.27015292311106,98.6361785705686],[171.17823387767524,98.75134233351066],[171.0624560268859,98.80283959577523],[170.90677136825872,98.99171979936054],[170.90069230992708,99.1249099715183],[170.71651690345848,99.35255760037572],[170.5838919793077,99.49294014828136],[170.4858209343625,99.7240734107117],[170.24643185865006,99.89562537206076],[170.16329670307275,99.99142680298554],[170.04614387965552,100.24971266364804],[169.91212666121444,100.45033430249984],[169.76765682694304,100.59572566943717],[169.64776845052393,100.7918158496735],[169.4047783042602,101.10605365232935],[169.2543147168081,101.46336514736414],[169.11254852518357,101.85676013885718],[168.97663211911913,102.06447459818195],[168.8740466297853,102.24562323023916],[168.88935525422653,102.27137091055938],[168.75039914188,102.60999611389512],[168.67836825567468,102.83683971923243],[168.44185081583854,103.51329763935287],[168.43169865640346,103.67189870201686],[168.3143786575135,104.0011110207388],[168.23270077936382,104.23033474269276],[168.1317817344814,104.80928237243427],[167.97821326186624,105.08444315918354],[167.8653497599466,105.5024218212834],[167.80711961157456,105.91854980447171],[167.7413872020333,106.11195924023781],[167.71530531098023,106.54232374027104],[167.5245180497618,106.95993830271105],[167.41038476344846,107.18273758333834],[167.39949369262592,107.30009840824468],[167.3289737005012,107.46196802329892],[167.26870056808016,107.85723897000949],[167.21991403779973,107.9000301248649],[167.08622974084426,108.23076004664085],[166.89984696201802,108.55433663972426],[166.86622953168464,108.71735570624554],[166.7393625536027,108.84255962938396],[166.50053838426146,109.32809248224825],[166.44978397606823,109.56073201106096],[166.36452892782194,109.51693413015539],[166.25152547058428,109.65111218526911],[166.23419178755904,109.52079083006157],[166.12381533055537,109.50441406671382],[166.04476241094085,109.71351482032651],[166.0293713142194,109.66640619800603],[165.938894924696,109.8803992721173],[165.9440287153783,109.74095514012032],[165.974789426954,109.76146618951385],[166.06849035277133,109.52486082548666],[165.9677652502055,109.47608818406371],[165.8412929134684,109.89135930362214],[165.86458093364283,109.9839840791795],[165.74605408994532,110.31255399575936],[165.65891352439627,110.41424732009142],[165.62290214953694,110.29317560342348],[165.43746922941514,110.64168748906349],[165.38873480044282,110.62479732738245],[165.41796648999414,110.3843987435164],[165.30572693917279,110.32938875898016],[165.28854162764475,110.03159605704344],[165.3187848001038,109.9323230692571],[165.1870115365855,109.78867932923808],[165.13438052156323,109.99572828673992],[164.91495806482087,110.27886262321087],[164.78953717470273,110.29296025331033],[164.50365750502357,110.68681039323359],[164.39568612896232,111.01178168179561],[164.3615141123827,110.59553241664021],[164.27526173113273,110.59827428787236],[164.2654463950059,110.22210908323541],[164.22134154267897,110.2831408034516],[164.20099310244794,110.2086515096781],[164.05238656003291,110.57498073914559],[163.98999204906667,110.541718489604],[163.9005823197105,110.71730945888177],[163.85843991677768,110.46016308525948],[163.77298643889236,110.67800954986707],[163.77405608392263,110.58679734931783],[163.71318162884836,110.60859158269051],[163.65129752427623,110.86489220103002],[163.5809120066749,110.9012068822139],[163.50343180236302,111.07823442169055],[163.48615843403667,110.99376057896623],[163.36403466704286,111.0547727751017],[163.36186328693265,111.1473993434679],[163.2183211145154,111.42045830354778],[163.2061543222463,111.37781971630767],[163.02993048416369,111.53483622199863],[163.02561447961938,111.67585792840993],[162.93596622461413,111.70290854160464],[162.90435876389364,111.85458658093134],[162.753817334117,111.84155445717236],[162.66278627318377,112.03467137000584],[162.59093501757528,112.04265058911626],[162.51674432262442,112.22562721016753],[162.33339609343827,112.48074773253174],[162.3631411002844,112.54763598604274],[162.22016162613357,112.60535944555063],[162.24209757136998,112.54673671369287],[162.10900372009485,112.67068717141058],[162.10209956983704,112.50502645267125],[162.01738953679285,112.59633652136654],[161.92860046198456,112.81157624160535],[161.85347254012947,112.85413330017191],[161.85195141820222,112.64323201482541],[161.90546375048328,112.60067819675257],[161.7459094295636,112.68294750658914],[161.6959918337706,112.84794391820641],[161.61362725782232,112.8032036627015],[161.5265819936543,112.8977363216304],[161.55217508511623,112.83282210961094],[161.4833311373186,112.73021931065938],[161.48879677028592,112.57479638049752],[161.42665274684217,112.55773939696856],[161.490752938668,112.35598981609097],[161.43549867900626,112.25108483323365],[161.2415503434906,112.50936615234042],[161.25775610115807,112.37054860114726],[161.10386315135344,112.40217796540539],[161.0728663363253,112.57669929203901],[161.03213975448605,112.60256965483197],[161.03427675847445,112.67077467819435],[160.99670761108013,112.58331401092535],[160.91821420750398,112.70176073956235],[160.87405906272144,112.60215352835425],[160.69985469269557,112.5871081608021],[160.6867137004014,112.64823441470301],[160.65353061001304,112.55968696965826],[160.56565345243848,112.76977495839775],[160.49658584302526,112.74252938128515],[160.4419765316866,112.85026146705293],[160.40122325050055,112.81323463221766],[160.37731135255098,112.95934687348665],[160.3330303026196,112.84743462611235],[160.20382763334732,112.95334578403666],[160.22523472427295,112.8521938084983],[160.0745565061044,112.94918732676524],[160.03800396260488,113.08254583673306],[159.92323291751052,113.14740160876241],[159.87660759147602,113.06546043111072],[159.68446352154876,113.0688205089581],[159.64752811934366,113.1100006460823],[159.63766886209936,113.19762480111014],[159.5106526987717,113.33622678061455],[159.46316753693498,113.44541544725493],[159.415384260453,113.40650131452021],[159.39727217473765,113.46191556889876],[159.33444553469562,113.45600193798701],[159.27314110809056,113.57882252641969],[159.02251238601977,113.59709390402878],[159.01244564792063,113.5396838206785],[159.07393449882773,113.50521407520924],[159.0277292277973,113.43869252455971],[158.92812440012767,113.51391159499894],[158.88971819148364,113.41115554889885],[158.75306821680908,113.57406430227333],[158.67610628575756,113.59422421770145],[158.65374481933205,113.67792821337062],[158.42553001107277,113.73407536720958],[158.32212208599003,113.82093989303796],[158.36652594497312,113.83863064939085],[158.30902990435675,113.92033703339965],[158.2123139617916,113.93266966821632],[158.15613352883156,114.04801606251209],[158.12879526542858,114.00263123633064],[157.88715978501045,114.24553363774467],[157.73183506032547,114.38190549248205],[157.71525082268226,114.34961254547201],[157.71387941641672,114.41465840544444],[157.64758296227154,114.43213142944496],[157.67254619883363,114.50509853625701],[157.55390655600166,114.44863778971614],[157.5450720479546,114.50711761440664],[157.5060900542629,114.49756244470255],[157.49319376879822,114.59328391567155],[157.27543320134174,114.75027165471417],[157.27685183454605,114.8191018090427],[157.19641926070486,114.83894417267743],[157.19865101768153,114.77653085848547],[157.16491241286934,114.86607929532025],[157.09296908750568,114.87596168398969],[157.09847547067196,114.79361432342981],[156.95803193059012,114.85642559402199],[156.8455270868168,114.81855689205877],[156.8545029674732,114.72439702001256],[156.78804437839094,114.7604241156675],[156.78354483549927,114.65852964240068],[156.66717366177795,114.7068731874289],[156.6762729254703,114.56129982161754],[156.45866712257728,114.42891314151423],[156.2966046968163,114.5295735971817],[156.19641247115518,114.45446695198444],[155.9936045363923,114.53480041876647],[156.00666897747806,114.5767664798733],[155.89641461523354,114.66122220140764],[155.82020132666986,114.57463779481195],[155.6192007688913,114.63111186157884],[155.62919205925937,114.58158408876281],[155.52153865422764,114.58365364658567],[155.49941473167547,114.66606631915428],[155.27047065961318,114.7451799459722],[155.20972101971307,114.63200980030113],[155.10366738534293,114.70220204379196],[155.0650040425475,114.61552690919984],[155.00648875485325,114.64330578304865],[154.8924839246509,114.44622757648007],[154.70383293778625,114.41314169255261],[154.77559418671302,114.23142425335723],[154.74851130153957,113.9660104433583],[154.86450914757813,113.59946795221674],[154.7669153463358,113.54748495246291],[154.77754005134548,113.36747181018222],[155.0183709818622,113.11769806835031],[155.07754515087197,112.95003942687032],[155.17765086644803,112.8582193967792],[155.2274120747847,112.6433431983508],[155.0971923517462,112.55079745823313],[155.02002949245028,112.66198528305132],[154.65208367287718,112.7451020844081],[154.60781321515395,112.62271450241457],[154.6440377503103,112.37932990871707],[154.50562263714318,112.28629732701036],[154.535004826149,112.16665936487325],[154.40630450272562,112.10006688456268],[154.34837891766313,112.22557718992323],[154.24903565753354,112.17049734215705],[154.18750663214092,112.29627826446256],[154.17413659723385,112.2087226022897],[154.0913517538786,112.24548908578498],[154.100077370583,112.36871848214652],[154.0300383990579,112.46847739142424],[153.91601874846623,112.34504598204694],[153.86653832673423,112.65503225306173],[153.79633959110976,112.48532601673283],[153.6977667114634,112.67809735923127],[153.6612142921498,112.63583284452169],[153.61919728076148,112.70825986899479],[153.57628212948146,112.65050663403463],[153.5939854816126,112.41670218702235],[153.53097442138576,112.52179703775337],[153.4921022905769,112.8192717940943],[153.47069784342386,112.70444449024053],[153.36689023803848,112.71412703136491],[153.36002893930393,112.81795456177707],[153.28867598195097,112.8241972614356],[153.23529429406497,112.93494565595638],[153.2103915411474,112.89466506124067],[153.16967771359435,112.98883742668912],[152.9990958314936,113.00517383705555],[152.9448988002622,113.24097478363777],[152.93859461709533,113.18677828805986],[152.80591304368778,113.24509744334804],[152.65039887762794,113.48623311333579],[152.6019576547241,113.43682193675795],[152.30854921050246,113.6636840720656],[152.25732684584784,113.89858137098695],[152.22005284096355,114.01220094430482],[152.09113326227597,114.05054661729808],[151.9558429429417,114.28626719191622],[151.94574153327082,114.50945662580592],[151.81478030947753,114.56462698053588],[151.76013524238343,114.71019982302887],[151.66061500783064,114.66664826028773],[151.63756004950946,114.80187945381276],[151.55474740820574,114.79942287603646],[151.54694509320638,114.74147912868978],[151.46933442324362,114.78101583006793],[151.45993356619596,114.8922799860842],[151.3620190229586,114.84313206807889],[151.3381898021453,114.72852321743028],[151.16827740636293,114.96973070098724],[150.96719695752319,115.05198094773847],[150.92688897624066,115.2087829078467],[150.6195938131217,115.27452242064884],[150.55893302841943,115.46174593311443],[150.45336021509397,115.47160601838507],[150.34278374187664,115.71404680076063],[150.24991792603726,115.81147756512415],[149.99720281607443,115.83914544970557],[149.8611721433261,115.95779084149164],[149.7095519844265,115.93371224869279],[149.6580963319707,115.85331163398796],[149.56731256309013,115.88576046714721],[149.5470475619429,116.01554371814655],[149.42890605505764,116.00300057850384],[149.30276493947272,116.15358181461319],[149.3443499252445,116.15901352725791],[148.99095906644206,116.11721877424164],[148.82830311259258,116.17706456190373],[148.65193283878216,116.26629216163607],[148.6391116181798,116.31926701411962],[148.4031375706838,116.38128439899715],[148.40056133116906,116.4516100368892],[148.23142731120748,116.52783601366077],[148.11023038354634,116.4896623121142],[148.02934430252202,116.71575550028464],[147.7803236969594,116.64744293635414],[147.60712952406888,116.77616108281212],[147.48333453351842,116.75770707603026],[147.40626198062202,116.52541447625629],[147.33547952594594,116.62524398082576],[147.18357710064177,116.6760686554558],[146.95522856443293,116.83860841408395],[146.88960902910412,116.89714871068475],[146.83201992864454,116.86071375999202],[146.7567937682258,117.09706474810203],[146.79650219359695,117.34868578513289],[146.67793967579075,117.38909451161337],[146.54922367199302,117.56786530985178],[146.5569236281575,117.7123069747053],[146.43170559551496,117.77361672776354],[146.31214804220764,117.63918665947287],[146.2279507250887,117.68160683345673],[146.01325942453246,117.59644523294128],[145.7965540258166,117.76466067870962],[145.53177440123085,117.69757929634142],[145.33805085605442,117.9119277555315],[145.34271004488113,117.98814944661012],[145.2392432168757,118.06247192666268],[145.04727608203916,118.22871178348547],[145.00191831167638,118.2211886247801],[144.68767487179178,118.65645650704637],[144.7259438194465,118.66357312094885],[144.65209800957996,118.8385960930945],[144.49951474772217,118.94826569812719],[144.36153088967387,119.24350142027765],[144.426189965942,119.35354977384338],[144.1869073521201,119.65384245474395],[144.2405620599041,119.64725933483203],[144.26612168067206,119.79924275089758],[144.18413620236572,119.85630567381787],[144.20500946557308,120.01430980940916],[144.11787176418937,120.07458353531922],[144.11558486724385,120.12854197291148],[143.96540632502686,120.14052644826928],[143.89913969875758,120.1918933613017],[143.8341738296118,120.13525099364462],[143.77397037166514,120.16224741604483],[143.80827583100637,120.1118806675138],[143.7313453408187,120.13986126532168],[143.6998486134948,120.2059721749034],[143.6317906913485,120.19151399227763],[143.58827140692298,120.2529596073667],[143.65455724963184,120.29416363403304],[143.5961800225619,120.33567846989237],[143.5397876262041,120.30091049045512],[143.48335198932276,120.359735703505],[143.40327699513563,120.3679963107913],[143.4302552354796,120.31216302654438],[143.2973408873096,120.42795515087207],[143.3247570685653,120.46127954244749],[143.2134093961538,120.46309552185508],[143.16599378912466,120.55522100007776],[142.97891553487662,120.56768712318721],[142.91278050297814,120.68030191381834],[142.8670543262691,120.59675670182332],[142.75848455734172,120.68288361226558],[142.61278077510414,120.69387129510423],[142.58830815876553,120.74255097550618],[142.5248513736535,120.70146982108476],[142.43102393911525,120.74091908355587],[142.36521148965815,120.8334112644783],[142.30737302628265,120.73296651951065],[142.2065559481193,120.81077064764037],[142.24733936390527,120.72187983272245],[142.11848571311546,120.8429206507266],[142.12816088827464,120.78570639547948],[142.04698765892957,120.80395064115906],[142.0241099251112,120.9112307152631],[141.92629550090587,120.90778488759857],[141.86632560157025,120.98128597914578],[141.80841846534904,120.94806874747262],[141.88091602106027,120.86634572881242],[141.8594012803881,120.80259323849869],[141.75162061776751,120.93427891054024],[141.47022487297738,121.1111860235961],[141.46570597234742,121.15149828708147],[141.3307063595934,121.09232816269336],[141.38518945765983,121.0463172468047],[141.334854276067,121.00984785871621],[141.30925372222978,121.06100625322382],[141.2466865323949,121.06541874325987],[141.20710835794418,121.13086032464308],[141.17001235861738,121.12273710855172],[141.16862462637027,121.21881067634408],[140.9989392566814,121.42802277660805],[140.95358493114216,121.40580791912143],[140.775378773497,121.58853118432589],[140.76555180446826,121.53142045516756],[140.67855359420793,121.57478396828499],[140.65676753524636,121.68996869123194],[140.61892834701848,121.65118072809042],[140.50490734140703,121.75694094429386],[140.57962364156788,121.76573231730973],[140.5327492077252,121.81731617914896],[140.58047528831815,121.8690792967532],[140.42962890034485,121.96008788890612],[140.37807794039617,121.88860060951906],[140.48005308949035,121.78932332703232],[140.27317092846408,121.8520096929594],[140.27654282697313,121.80858831305513],[140.39525204334603,121.74490668689066],[140.36918370137943,121.68213701955713],[140.17509230894225,121.78700213177991],[140.07993738868407,121.77962326739998],[140.12072541957036,121.6790888656704],[140.05045695179422,121.68318794183992],[140.15463910475214,121.64054909276764],[140.1417425473153,121.45167056100766],[140.27716236412016,121.36453377995225],[140.3083531055905,121.258313553303],[140.13513576162467,121.34635962168899],[140.2798547437228,121.1428157463717],[140.2675105993553,121.08029287588482],[140.391845094308,120.98226535481882],[140.24872264345316,121.04226491510724],[140.33334419137074,120.95113515118346],[140.20542838025628,120.98270729551376],[140.12758779415833,121.0849502314654],[139.9946831935276,121.0556171431017],[139.84676433909635,121.13761584620694],[139.9343706170564,120.9553287803648],[140.12945804858435,120.8586267276975],[140.14683869552417,120.78808632302336],[139.98135920138884,120.78621743942627],[139.58851103649346,121.01153438912476],[139.53686590724084,120.98071161567394],[139.31725438989176,121.16943568914954],[139.2757661256727,121.14508806042903],[139.12055268016826,121.26124526185941],[139.13881367762355,121.28611970917679],[139.05614638953185,121.31648804704895],[139.08679252896212,121.51438140736046],[138.94106312757026,121.57935542058136],[139.0223221279171,121.59277682307525],[138.86202311232228,121.74980965437508],[138.96484325178218,121.76699735317072],[138.8761108576393,121.83072666646834],[138.77422790680123,121.80676885685486],[138.83261805345498,121.78713629458841],[138.70480648911314,121.79603604012809],[138.6317157205438,121.98273198145182],[138.67529540512095,121.99314093064146],[138.44283602405594,122.10743300766202],[138.50591910849852,122.10852655368298],[138.47013030295636,122.30633661233438],[138.36417891349276,122.37601699300548],[138.4394038073264,122.40350114253036],[138.37440395124463,122.49126149902202],[138.22767427565694,122.56182846769462],[138.35356993396857,122.40287296649142],[138.11911950828858,122.52239711428973],[138.074821762458,122.59197516652944],[137.9600891723993,122.59548087162607],[137.8770752989388,122.76699836303683],[137.80473241150662,122.74993821971496],[137.61733273220605,122.91376595683306],[137.80654583954214,122.89098452272381],[137.63448106340974,122.99337358785618],[137.72099224828239,123.08831204626202],[137.60424301078916,123.13686368425675],[137.57646738562633,123.07596593196699],[137.49893362553917,123.12879195597925],[137.55485682085384,123.23324131608246],[137.61981825404192,123.20656089347803],[137.5641823614806,123.28809808361328],[137.4235539347547,123.30130724332173],[137.39480114211088,123.48209034583834],[137.39606133048989,123.59175436442781],[137.34228592049791,123.60293823484048],[137.3657733872708,123.66584815812038],[137.2996728676273,123.77697870349223],[137.39648624236133,123.81998613771664],[137.37162072626933,123.9020344892075],[137.41922077832984,123.90487007556146],[137.33963553246136,123.96257322385341],[137.49146495006624,123.92064034263784],[137.4417270751027,124.01474613957132],[137.50208499565474,124.04446190386274],[137.33694685234354,124.16778603194884],[137.08824360383971,124.19775784140397],[136.8694247667906,124.3289878558014],[136.8741710952511,124.43880150383583],[136.92269243260233,124.41753329783764],[136.84731686620125,124.49941245564494],[136.80732811484842,124.47695327268625],[136.7374908652676,124.54004884347049],[136.59089320109268,124.51939707932208],[136.53945854128014,124.5936653895748],[136.61596537885904,124.63198059067572],[136.5870719892552,124.74596552256688],[136.47660560352838,124.83178765338472],[136.52720164078139,124.86615454592732],[136.44695312752958,125.00708059897752],[136.48469350501512,125.03350348778487],[136.42392355766992,125.11954705253955],[136.38981398169,125.10749507762344],[136.29845252551712,125.25995489335804],[136.090211951277,125.3447232119072],[135.99756431476487,125.34171942914082],[135.9706690417577,125.47532475519901],[135.84233085224557,125.52707105752384],[135.81381679142,125.49234333132205],[135.7082213635159,125.53732707254792],[135.72334275579715,125.45685613817429],[135.51119840775573,125.52548801752317],[135.38855807629074,125.65855551655255],[135.4319625492631,125.72385046499288],[135.20557582485895,125.8005485524193],[135.14800746503732,125.86327117040264],[135.21108013169595,125.89929510936128],[135.1750448615414,125.9364845124231],[135.04542435807497,125.95095389806141],[135.1285825387156,125.85593411336205],[134.83154364381133,125.98325207884614],[134.81667377223562,125.88994830482818],[134.67377258678903,126.01316214749235],[134.65076041104362,125.9474317396678],[134.57845971156337,125.98138018077441],[134.54310956720067,126.07826965778311],[134.33077662993017,126.14799040525358],[134.30665443348425,126.05969366187091],[134.14834432980172,126.1693217726096],[134.1080567464036,126.14758108435956],[133.72693766955527,126.37325917063863],[133.74499880528353,126.4097515568516],[133.62596696276964,126.4216739490036],[133.6268494186391,126.48975855892819],[133.56755243438434,126.48259001939076],[133.47895350339263,126.57358013040975],[133.4289108652058,126.48397504062763],[133.35347755060803,126.5989042138039],[133.22356044884086,126.61784398501587],[132.97272307214172,126.68616110017598],[132.96478287105737,126.58376087318825],[132.8905307940845,126.57548141435976],[132.8426435179669,126.63711540307614],[132.7394590647201,126.66793405155367],[132.81963673770258,126.6191310235011],[132.84585411212097,126.54734373974968],[132.78170332805638,126.54579313873313],[132.8656406250114,126.43578418685226],[132.78345146074756,126.49564808417716],[132.7678539538315,126.45781528203608],[132.62611484804088,126.5696085473983],[132.5586111262651,126.57130023370883],[132.49417621630755,126.64729352265877],[132.49590211697281,126.55260987182265],[132.36384191977254,126.62170202413968],[132.422781905769,126.6357156310211],[132.35038431012828,126.73312964869696],[132.4077840245919,126.74370570088888],[132.26226397002375,126.9443987882277],[132.00311166093687,127.03256214710521],[131.93475771253932,127.1076900981577],[131.93636761502677,127.16121097532897],[131.792392857042,127.2487742509177],[131.78974865899625,127.33151410486852],[131.71548018483753,127.343425988158],[131.65903492707668,127.42754310460244],[131.5757037809908,127.47730001099504],[131.5457562418909,127.53910882393001],[131.38299115091135,127.5096947672709],[131.39434651384812,127.53753576775867],[131.33586346614325,127.59155155428614],[131.35593041426267,127.61811597923611],[131.17890458257685,127.79837633887365],[131.11390146661444,127.92373716846018],[131.04399008782002,127.92236614221149],[131.05069395003218,128.02261300838987],[130.9858906237323,128.0154528928454],[130.95913101725907,128.0824869170223],[130.8919227432976,128.11905409048043],[130.8388815021668,128.0233391599653],[130.7926199956415,128.04701969842654],[130.74863905822616,128.1423930109078],[130.6766248180184,128.1485012466026],[130.6379839849733,128.23591644749047],[130.6710574359687,128.26797273142918],[130.6298693066253,128.25202316229368],[130.60555165327793,128.29027834951634],[130.53569795589442,128.296905546334],[130.45370657359513,128.39854509455293],[130.39805220230454,128.41223448732],[130.44150916396214,128.32558780429213],[130.40743171082377,128.3157384403414],[130.38775465825734,128.38710589118935],[130.31908907912384,128.43558701471125],[130.30581139590703,128.48262749316427],[130.21072622956746,128.48697760956622],[130.17513456511992,128.60479854294624],[130.1285505056466,128.53748842654662],[130.05818573331695,128.6375519050978],[130.06011966199742,128.7004165430866],[130.05949956859587,129.40086521595137],[130.103427030287,130.40380072364815],[130.201323999044,131.0991337668033],[130.42178598449004,131.9803566873134],[130.53413841449182,132.4927491811331],[131.59439246426606,135.87536123758082],[131.65695603307014,136.8246960745877],[131.7546483918328,137.62458347753676],[131.49490778259602,138.84412182130268],[131.4295451646817,139.5447180621406],[130.9517536113878,140.82926117643024],[130.84453504888097,141.25261435035532],[131.3579351587903,141.08197155705702],[132.19358193728817,140.76027436624085],[134.76160421871947,139.92483281771317],[135.51108418118167,139.66911019870295],[139.05124389991005,138.7378420815316],[140.9378122015225,138.38307489182336],[141.3771574204257,138.31356881119723],[144.1461366018704,137.82302829347435],[146.4290553758399,137.79112435307488],[148.7168050699168,137.84010871250905],[151.90793082048415,137.96001887979372],[153.4849868004967,137.8928539683748],[157.83375354892016,137.82518524315182],[159.65353076568508,137.77686456177466],[162.99690344890772,137.07803177361887],[165.6793244079148,136.59192812515846],[165.74075657786125,136.6194568482626],[165.8275282031293,136.61070233955974],[165.8526182907775,136.62784607422316],[165.962088162726,136.61451016427313],[166.053263334998,136.7200503329412],[166.01865343538867,136.73169560850664],[166.10623396773795,136.76061687436663],[166.1062952392523,136.7883529015994],[166.25127808466698,136.7851659810231],[166.29502053707887,136.76720805840105],[166.34945361314817,136.77757168775088],[166.3287880676919,136.81064626120317],[166.4469106757929,136.78762107059197],[166.5198029177384,136.79983989335696],[166.51503612934238,136.83219303024742],[166.67534092368953,136.8273574336364],[166.6862028181734,136.8470253168308],[166.80194545699038,136.85278643243726],[166.83614491729247,136.8304892644279],[166.91927785160865,136.8701021991728],[167.0235749199814,136.84795368810367],[167.1799616712036,136.8718537817672],[167.30656670436844,136.8287566607338],[167.32240918074936,136.85784328114647],[167.40241323060837,136.86178933435986],[167.4054357858205,136.88866589106271],[167.44269817960372,136.88381344269766],[167.44019463405425,136.92118043966596],[167.49704433507685,136.92658480275247],[167.4776252622292,136.9444707688276],[167.56036606101793,136.96555846583738],[167.58577024975727,136.95248123390718],[167.72178746227286,136.96543574908395],[167.79679697172514,136.9408623840101],[167.99689632153954,136.9217494067773],[168.1285641823036,136.8834433780485],[168.17858890489563,136.84283326157268],[168.32526641178112,136.81238869245232],[168.35562743844324,136.78427439475567],[168.42541666235098,136.7708726997836],[168.4624412796357,136.72867406447045],[168.60941447407276,136.70135147254035],[168.61259165420267,136.73482470468358],[168.6601926218895,136.7331301061496],[168.7278565309158,136.70651079511958],[168.80600167277038,136.7061944776682],[168.83171283334178,136.691554921863],[169.04376065911217,136.66880520948257],[169.0812104654424,136.64549528174462],[169.12075160529224,136.65835295598677],[169.1856287722454,136.6346051489746],[169.3078463306107,136.62390345205188],[169.38195423379779,136.58338224623793],[169.52314289037514,136.5752727437096],[169.60180769254762,136.54522758598918],[169.62197652917337,136.55489751666795],[169.74396074140856,136.52987682325815],[169.8955729744657,136.55344427028632],[170.02055600447238,136.51763357039744],[170.13447098588807,136.51325548043087],[170.1633659000854,136.4938465211195],[170.2202247525352,136.49967624856055],[170.2043441803156,136.51971239297626],[170.3094626247425,136.49392842439644],[170.52852020935535,136.48119791417523],[170.72517419196524,136.40054309619075],[170.79106121056353,136.39815636332946],[170.7919763042829,136.41994658835551],[171.03184227186756,136.4049862321433],[171.2144326533242,136.3090725527424],[171.31686748984467,136.281474282134],[171.33015447929532,136.25656581377535],[171.40933050051714,136.22164201336423],[171.3890333748438,136.21051772814138],[171.51908676647187,136.1370757378144],[171.55742565214507,136.1414210278319],[171.6272432150773,136.1135182430469],[171.6417883634663,136.0830329838851],[171.83220785461396,136.01226099580575],[172.08130957705978,135.98180799035697],[172.15913486146928,135.9531608936383],[172.1041994605696,135.95709785872222],[172.21254795105472,135.92508829903238],[172.2123829545035,135.95506191423104],[172.251845323705,135.9305363104518],[172.32855423235512,135.92409999862315],[172.42028177802501,135.87495595814445],[172.50096395103375,135.86044497909737],[172.55299298262466,135.83403759484776],[172.7128934045306,135.84421969631774],[172.7400671131258,135.81981948222153],[172.85854862705366,135.8071741689362],[172.93492327919083,135.82112227972587],[173.09527102788053,135.77722907301],[173.3208625610237,135.68956584091848],[173.32691861889825,135.67160746335816],[173.45013782186896,135.63148407062303],[173.56686074853258,135.56723256207107],[173.59149264252056,135.5708161817981],[173.615416818273,135.55298730948775],[173.70402999019285,135.54478784674862],[173.77998916987417,135.50855041882818],[173.85105839323964,135.4347277292852],[174.1564501702946,135.3456285601135],[174.24882906801724,135.27050762882484],[174.2097180639388,135.2774082277632],[174.24361713094558,135.2292170105603],[174.3216638452418,135.18379944781879],[174.3885923858613,134.98207086909716],[174.47496577831959,134.93827072989194],[174.52189844521814,134.95347838970267],[174.59834445694707,134.90766554989125],[174.61438138898126,134.87020922340335],[174.8524752462075,134.67069062809466],[174.91776410593542,134.5838185903496],[175.02049785936288,134.5153126521871],[175.0731553419741,134.42544673651582],[175.18976639060034,134.3420435013969],[175.23283126529216,134.25942119601376],[175.40351334667204,134.08147274791776],[175.39876196100425,133.99415356047498],[175.44708610676057,133.94130151187628],[175.49143611259967,133.77525159280242],[175.46590275493875,133.75007383171302],[175.55655492354407,133.63053846271367],[175.54204667291287,133.53505066157592],[175.5979294260487,133.40832162546718],[175.68773376212286,133.32141272645626],[175.7663636034423,133.1960223702578],[175.7959217921052,133.08122638168524],[175.90321938306732,132.98296764384185],[176.10022557302725,132.88044882095065],[176.13032121010087,132.9570171645798],[176.2545158260004,132.9995181667598],[176.25750473270182,133.0914720457902],[176.36741811507554,133.14087756139867],[176.31139237147232,133.21800607711668],[176.2915155592021,133.37450550217824],[176.38026600830267,133.4652516789099],[176.37995562438596,133.56403384885064],[176.58006061349226,133.57471666318168],[176.67432663587135,133.50288303287348],[176.80027728839033,133.51999025016815],[176.87342155933246,133.61470768442032],[176.94131604462962,133.5980665794934],[177.06627543318976,133.3430780347162],[177.19767910408126,133.20345334106014],[177.20986780565858,133.13229689486602],[177.32913050851022,133.112551293722],[177.42234927951773,132.99580681626202],[177.4486127943518,133.0585830245942],[177.41314647154508,133.18614321575174],[177.47743199938697,133.17457383480001],[177.73675354897247,132.9635909594885],[177.88987628175826,132.92843246758704],[177.97306140833558,132.95435063229223],[178.00256081098794,132.89576681535164],[178.08428499032124,133.0197890131136],[178.06424447372785,133.07767367696323],[177.9825211825528,133.12401116993104],[178.02636078319972,133.21723851126424],[177.94765400590012,133.48721098123042],[177.96947447526958,133.53744323673084],[177.94058876185574,133.58439427118373],[178.03501169193626,133.6222979220894],[177.95224534399173,133.77211854297843],[177.91684681921126,133.77980983392933],[177.84627177836322,133.88059194840076],[177.75490126363462,133.92113440253436],[177.6341119468387,134.05721100720868],[177.6112477524697,134.12620635235658],[177.45904181593005,134.25672925077293],[177.41198448660305,134.3659041509325],[177.49758950757837,134.35791868342324],[177.5350031150445,134.29884660244016],[177.640997736247,134.2499446461253],[177.7888143095169,134.26165083005907],[177.78476990871798,134.29823803589815],[177.9659732307327,134.22697217353536],[178.09927337101644,134.226095587918],[178.1928241777802,134.18117179409015],[178.30454079377358,134.10042324780426],[178.43640107547682,134.15771599637168],[178.51516086459472,134.11593226916926],[178.57527026401388,134.1488566493016],[178.69018333200117,134.08701832141537],[178.73361138539042,134.08015746771568],[178.84672576678594,134.01379002411676],[178.9329935621843,134.04625452177763],[178.88978835996167,134.09877126144474],[178.90082269703925,134.13166868942716],[179.00173003335647,134.08184386616406],[179.03229226372935,134.14358223455224],[179.1936918659742,134.09281875051408],[179.31081252508014,134.00721657395144],[179.3000246907004,133.93924940727436],[179.3870565221115,133.86691336822383],[179.47580861597683,133.81885896780796],[179.52848576940318,133.76446433701338],[179.5842973681248,133.80188938261568],[179.55685359644266,133.84577060450727],[179.5982656637253,133.8694261911427],[179.7295012373786,133.72615625509266],[179.8278498589968,133.68233537210423],[179.88829809767947,133.618181331931],[180.20498795111885,133.41084695258786],[180.25042748540466,133.42130356739105],[180.3636526984366,133.35680416685707],[180.4940440546818,133.38128917234314],[180.61497294305056,133.32408746045004],[180.7922132595265,133.20381528525604],[180.91072838767872,133.17291089934542],[181.0254286600969,133.11085489161277],[181.13885959110885,133.07327756675073],[181.35186884065533,132.95876627020405],[181.39820891352514,132.9958384071501],[181.37438066623372,133.02834671442466],[181.4965379018157,133.03580730042415],[181.4644415458109,133.07345362411567],[181.5043583594896,133.06848877050922],[181.49821678100727,133.12640308442553],[181.6859996547589,133.02504299651918],[181.71064042790158,133.05141578617392],[181.7623820978009,133.03019210480957],[181.80913448686343,133.03950203238435],[181.96909470595958,132.97339509192656],[182.00663156755536,132.9328082051226],[182.15395995765462,132.90928754068665],[182.26942716007989,132.9627674964404],[182.3329783787123,132.95266807333186],[182.38081740139054,132.98236446270045],[182.5746176850751,132.86897409869397],[182.62164328149095,132.87818930694044],[182.6974197345983,132.78020147029997],[182.74353006650597,132.65762625771444],[182.78569022411367,132.62824674157],[182.788169450114,132.475866783585],[182.8243950192953,132.3999408566337],[182.80622939362488,132.22822635124083],[182.89562326752605,131.9239742044343],[183.01801523494055,131.6672791372269],[183.13357563446252,131.49476372040158],[183.26076861754242,131.3797242367936],[183.29880804382574,131.39230290759542],[183.30314618084046,131.15114882626497],[183.33521209224014,131.08482513930778],[183.33918779989654,130.87131493226752],[183.37397089624073,130.7625365391532],[183.4148891962324,130.71593311313467],[183.45725500561042,130.5704310515062],[183.22227613463795,130.06511959251736],[183.21057842663348,129.90796794491047],[183.2590333299543,129.72438183643726],[183.3200109867658,129.67676829672033],[183.35931919364262,129.58110160327635],[183.2978741678926,129.48876693314628],[183.22413333826074,129.13985001394562],[183.24731179821944,129.0311175955492],[183.34450228479864,128.86098747657616],[183.42862049791063,128.79137909558253],[183.46875603422072,128.5880893476045],[183.5059695795996,128.55908483926015],[183.48384855728165,128.55884887576724],[183.59471090061,128.25221299715693],[183.618394369506,127.96660976839665],[183.6848507001502,127.86400720652912],[183.68182541456986,127.74716693852123],[183.7267448399577,127.6517126843734],[183.7656065610808,127.62520732462451],[183.75244229072487,127.38094278928533],[183.8304872519039,127.26566301010803],[183.82018945335673,127.18761857282284],[183.86560581089336,127.12300144565194],[183.83738559611925,127.01349262053114],[183.91751792932394,126.85008111026914],[183.8535260106141,126.51153165564695],[183.93085625061008,126.41000021333714],[183.9670114709011,126.29539209735566],[184.00985926971856,126.25794776758215],[184.06360765500636,126.1163980395261],[184.0319619090045,125.99793487419092],[184.05802319645812,125.79842908260939],[184.11176163173033,125.74052845342705],[184.1383654567814,125.65520679165367],[184.11482464375197,125.49895276089886],[184.14588752986705,125.41990553613351],[184.10608150255217,125.34348705800214],[184.14242706508898,125.23175485444386],[184.0968936353193,125.056512030611],[184.17637154741223,124.83543748401837],[184.17624018777877,124.71665218296089],[184.30544925065527,124.47817036264362],[184.27965353914976,124.48740275480992],[184.34447836010935,124.1917692359657],[184.41449864287094,124.13282213363946],[184.4606058486394,123.99921734702298],[184.63324322925075,123.72047612501903],[184.74712608803026,123.63233593724331],[184.84721107904193,123.62928304852629],[184.82782029063583,123.65459478384912],[184.8727170194233,123.63233943798203],[184.98033339969257,123.46899100594888],[184.93077937116323,123.35049156132862],[184.93816321438226,123.20518941364021],[185.0160038527319,123.04182572660925],[185.07261043538364,123.00087951618187],[185.0952504256474,123.02178908030939],[185.0963310277839,122.90856289794392],[185.00975068024803,122.67859139298719],[185.02121959767888,122.56799599228135],[185.06907124250452,122.51590248543312],[185.06308098244574,122.39731135511637],[185.1243155323491,122.31126744180928],[185.21410312612403,122.11345845529138],[185.25229574618612,122.09341436921513],[185.22281904325018,121.83192912245158],[185.26231025291935,121.70780967653431],[185.42431112822692,121.52991105685044],[185.32905537608923,121.3401533531079],[185.31679186340313,121.13645764868113],[185.36502682655,121.09097897192117],[185.36004118574087,121.01638941811635],[185.42204108869262,120.92700667543669],[185.3653888569055,120.8177776008373],[185.37598149279094,120.7191438035313],[185.44385539544282,120.6494688875085],[185.36677657623375,120.43955554269769],[185.38464270258532,120.33326485739823],[185.4902887966194,120.2553382748311],[185.34386901772274,120.1559485033753],[185.20531987859314,119.92888317063455],[185.1608971880422,119.61091093008349],[185.24365643317253,119.46753276628621],[185.19837392286206,119.34952442795989],[185.26259213831676,119.13729132660438],[185.30779547764175,119.08820295741964],[185.40248501335816,119.05637308033414],[185.46161829131697,118.98161988688176],[185.56377088619732,118.93276727664946],[185.59359772922278,118.86272683883512],[185.5410706269925,118.68943588985255],[185.5852526831751,118.56874361690984],[185.72924909964266,118.46343688582436],[185.73153660200384,118.19827418813126],[185.77858472565782,118.11973505715923],[185.85372649332086,118.08804632400869],[185.8809392055018,118.04799938251489],[185.516976760045,117.96754127426671],[185.30493620772546,117.84201121982751],[185.27353923268942,117.61582021873758],[185.09674778047147,117.5416028855132],[185.08472547279004,117.42422939165219],[185.1640498720383,117.30221174221612],[185.23338088707501,117.27786772422706],[185.1914653349763,117.23620657988407],[185.25403415878506,117.12285791715416],[185.20516581243467,117.12204341808037],[185.2464238129721,117.0780327985589],[185.2067060088607,117.05210890659386],[185.11253971900547,117.07473015241074],[185.08359871013724,117.03808148766757],[185.1179305577962,116.9758605373669],[184.94967728971156,117.04336373524765],[184.58160392894146,117.02059179134338],[184.32369448326938,116.93560937403362],[184.2066647537772,116.83190459937867],[184.24891866899395,116.73838078594801],[184.26907489682333,116.74355285126482],[184.28667685208907,116.69190505106714],[184.2368727379873,116.6303581367107],[184.1465662567769,116.55837630093806],[184.22432067936066,116.44577267248495],[184.10254410238994,116.37468195195028],[184.08626948212077,116.2618780773181],[184.1514706154007,116.19753980268402],[184.1639872080327,115.97430702668612],[184.22570260159037,115.87001478939482],[184.10644433073267,115.72289931682943],[184.17494883279986,115.61809467694039],[184.2601416645209,115.53991936271954],[184.12476260047114,115.44276653085244],[184.21341707857258,115.19848563137766],[184.19848649207955,115.0272735949772],[184.24338584610837,114.97697063474433],[184.23449999304603,114.92946060319164],[184.32917083456883,114.81879483672742],[184.2902824404609,114.78693140607501],[184.31867327279957,114.75642280958863],[184.29557423172338,114.68627329900052],[184.232145205958,114.73483984883342],[184.2207199920915,114.70496613468275],[184.1816782456353,114.73773252701884],[184.12500080803827,114.71466653118357],[184.20750038390173,114.4833111338159],[184.3368995658888,114.33625660047268],[184.4588034263283,113.93402945317831],[184.56774104098585,113.82772924155182],[184.524229123579,113.81390588517425],[184.5851702287855,113.72962051759185],[184.60571861037212,113.62951042076995],[184.71208508951503,113.53522741778563],[184.7330399575519,113.47211688703305],[184.6852074042944,113.46155109679816],[184.86478387376926,113.17561734289991],[184.82878290425055,113.1874262404678],[184.87472284335362,113.09443643484339],[184.846328277481,113.08200852550169],[184.92341279991388,112.97782608042877],[184.92103219649934,112.94236980192687],[184.97911714378256,112.8595630380228],[184.93310650408964,112.89246995850354],[184.975653075682,112.83421053104263],[184.99279328099487,112.74705044081762],[184.9494270211514,112.74678306248305],[185.0007870811544,112.60112343916732],[184.8940354158654,112.66700463912551],[184.8440078252683,112.65438668776308],[184.88660311228642,112.54797887479029],[184.96290926459739,112.45439101681907],[184.96651464496725,112.35314188061994],[184.9374996021324,112.36039371287238],[184.94667342660284,112.28245148676402],[184.83107942548054,112.18212395857907],[184.70387430466576,112.00314279228486],[184.69178161623756,111.70678211206561],[184.76791602705012,111.46617124481483],[184.81135491898962,111.41950560044862],[184.79171428827215,111.284331093021],[184.91587072225914,110.94393978239586],[184.9601870384626,110.90822014467693],[185.03180024832395,110.74400618061092],[184.96877378983228,110.69621357212964],[184.99342836648856,110.48947564795725],[185.0758372602375,110.29434989091652],[185.1764443006998,110.21034596401711],[185.06203595505505,110.18899885074333],[185.12222799318056,110.00207815310893],[185.20433244648933,109.74714139562504],[185.23711762400288,109.43624392723402],[185.15771569976994,109.42197734812554],[185.11013419628176,109.2753961193259],[185.1128581898316,108.99760801616144],[185.2173222900835,108.67907113944098],[185.24615487168387,108.69248720505237],[185.2782568985867,108.57194072439358],[185.28000143001177,108.56547705447186],[185.29966093838726,108.49283065819581],[185.35534115676447,108.41398476904149],[185.40165308581413,108.23318065463279],[185.4402406312986,108.02067917271626],[185.45171380907658,108.00379558345685],[185.56576594151022,107.83562299990892],[185.64261661117757,107.74352756716169],[185.67012823167613,107.82242323464357],[185.71307132758528,107.77314757947792],[185.73586859384216,107.74849358830848],[185.74015870816783,107.74393954349779],[185.7725317252486,107.70970753534563],[185.79498845565436,107.4910279948686],[185.85254549103615,107.3854315283983],[185.86768109015958,107.18166210891312],[185.64093364325402,106.72545877169749],[185.5946906818133,106.62428975865312],[185.47486940194955,106.66939443407105],[185.38913710264703,106.85585370961982]],[[171.2177674983527,106.94215932526976],[171.4902684143273,106.26764745664912],[171.24240864354485,106.22418684872804],[171.41493680778768,105.72471602984082],[171.5482421848042,105.4608464953999],[171.41706152455302,105.39760370566378],[171.53618427523122,105.03871595795286],[171.94994035854523,104.45779665900024],[171.96023787858502,103.96675079156219],[172.08090488155045,103.76940588590034],[172.36004387954205,103.45515795650198],[172.556392302722,103.20120169381049],[172.7874874619588,102.95008892975838],[172.9696212534802,102.73136798896257],[173.2621616470638,102.31286008344915],[173.3154270110247,102.25059294843943],[173.39728159769373,102.18398520582306],[173.59132394921687,102.76722783787852],[173.74809346108304,102.5839193908732],[174.0468561935829,102.20988828463001],[174.1350382368986,102.13697205747046],[174.41695668830204,101.90344564993036],[174.4426531602512,101.59091101142177],[174.4462860092729,101.41200037190815],[174.7755673186286,101.20727732795638],[175.03017792681305,101.07625498223767],[175.16547302465796,100.92480887612687],[175.29046025966073,100.72881753581065],[175.79473395316384,100.4458448351479],[175.99936820028316,100.31022959002695],[176.11368989370658,100.23445569175841],[176.47191920882625,100.04178745109006],[177.05886163510257,99.98882802607226],[177.19021144848114,99.94925157430396],[177.9579554168605,99.81644671091209],[177.966729009322,99.9631492838391],[178.3830611635449,100.32228791177218],[178.58671009900257,100.54521800274165],[178.53666647302862,101.18423546745214],[178.3576416504593,101.36659730833973],[178.40180879168534,101.7087004212214],[178.4673538387487,102.0099511659072],[178.51504739446602,102.29323591332971],[178.3397073596338,102.42899927570859],[178.23344760277152,102.52955687474609],[178.13878451866148,103.11466589792673],[177.61821583654154,103.97400052366594],[177.72972493861562,104.04954893500225],[177.926420402632,104.0006048711019],[178.81160754120071,103.78037316682808],[178.69778490918927,104.00053209297869],[178.48917537880584,104.40405498875569],[178.575207393215,105.30930811905344],[178.12142680712856,106.03204653114867],[178.3728885368044,106.29116962971531],[178.043211580228,106.48660512227326],[178.28120736213177,106.8806588054905],[178.51407673365372,107.30265068212182],[178.74622187419422,107.80046365788763],[179.29641195944942,107.94404223631874],[179.77430192783632,107.7636159052368],[179.99835137779107,107.64439739764674],[180.0449383951315,107.61959615018753],[180.40690061559422,107.47157309408065],[180.5436455209541,107.26641462244717],[180.63251385482212,107.36648293043419],[180.7697896444762,107.5210891406299],[180.8553065318838,107.59776757224708],[180.74997656705014,107.99610878541367],[180.64426520310653,107.99602483977944],[180.51235223734326,107.97808413587714],[180.49402523283027,108.0012000756536],[180.23884706491532,108.32287851242711],[180.08271319462293,108.53493956641557],[179.8792355504852,108.65395614970942],[179.7031162739366,108.74338798562638],[179.2986254072926,108.90121331742223],[179.22188972007615,109.15367087189674],[178.62387293394397,109.56889573418447],[178.54887452618033,109.6133245648894],[178.60512302157758,109.84377433249037],[178.3468337105373,109.9945751985737],[178.05271773177856,110.2155962700879],[177.9099053024616,110.18977556398144],[177.92020547815667,110.42321781517006],[177.58326753233433,110.73388073404998],[177.58149637709852,111.02284321997769],[177.30819209598587,111.30012594177205],[177.3248686622058,111.44194137721904],[177.22793853259034,111.52505293489611],[176.98165999332116,111.65959055006739],[176.81299662657887,111.79490284331601],[176.76979229086118,111.94857277428598],[176.47958894698675,112.03462201563352],[176.3840705490733,112.14367332642573],[176.23410886846668,112.28218156500542],[175.99907147859793,112.37228803000511],[175.81018522961105,112.4447095144404],[174.83188522343562,112.35522470932435],[174.1179739475076,112.19061638877474],[173.3243065451493,111.96935885668798],[172.5313050384372,111.81404818647658],[172.18907641317952,111.75786873666833],[171.76077385717718,111.65613715110985],[171.6468190345088,111.44156454635716],[171.5175128431212,111.2284485971751],[171.6057297127765,110.31133724132752],[171.53045793189818,110.2311479595938],[171.29866799998015,110.01695173088821],[171.2977142816024,109.66930526830012],[171.02770686423932,109.09567516769617],[171.13976380953488,108.60740126769153],[171.0233889481286,108.61043247709645],[171.18506660131402,107.14459721131442],[171.2177674983527,106.94215932526976]]]]}},{"type":"Feature","properties":{"Level":"ADM1","shapeGroup":"AUS","shapeID":"AUS-ADM1-42912490B67131867","shapeISO":"AU-NT","shapeName":"Northern Territory","shapeType":"ADM1"},"geometry":{"type":"MultiPolygon","coordinates":[[[[127.33809360148047,154.4184385797917],[127.31361979411247,154.40928817198554],[127.28555992986381,154.40231217493928],[127.33809360148047,154.4184385797917]]],[[[126.78560785816595,154.23778174086024],[126.76891965446688,154.21939634305855],[126.77392536401365,154.22741043597196],[126.78560785816595,154.23778174086024]]],[[[126.64031923977853,154.1325810958283],[126.65524480431466,154.13081451030865],[126.64084157789387,154.1189836208448],[126.62223915388093,154.12038510162031],[126.64875333464211,154.13894788230013],[126.64031923977853,154.1325810958283]]],[[[126.22442936856228,153.97340691836357],[126.2284574282331,153.97219159782273],[126.20859537520349,153.9634567312171],[126.22442936856228,153.97340691836357]]],[[[126.2161573585624,153.97558286692623],[126.22765724611433,153.9797514915177],[126.22355554356146,153.97495026078707],[126.2161573585624,153.97558286692623]]],[[[126.65073106195786,154.18442276397295],[126.6427862064654,154.17515055224274],[126.64684302245226,154.18507333170308],[126.65073106195786,154.18442276397295]]],[[[126.20620722028065,153.9704369629092],[126.19634779883131,153.97521414412054],[126.20298947808939,153.97238806154152],[126.20620722028065,153.9704369629092]]],[[[126.19827461865277,153.97703860087478],[126.16862683148834,153.95647105746227],[126.18662031423881,153.97378770534655],[126.17770709695888,153.97282702676193],[126.19781805400463,153.98710638697673],[126.19547372703606,153.97785454838808],[126.19827461865277,153.97703860087478]]],[[[126.50550526785156,154.1279198069501],[126.47590051614782,154.1024773751102],[126.47542748475902,154.1110806202482],[126.50550526785156,154.1279198069501]]],[[[126.15766004128692,153.9703746487223],[126.13059345422587,153.9514786408679],[126.1272797962579,153.9571787367754],[126.15766004128692,153.9703746487223]]],[[[126.17838670989613,153.97422033129467],[126.16642555332365,153.9605103643031],[126.1333336042281,153.94976280457004],[126.21107867394552,154.001322241146],[126.17838670989613,153.97422033129467]]],[[[126.33123607221816,154.07574799972986],[126.33086805620097,154.06803713419046],[126.38796490399805,154.08520473675605],[126.27560846643473,153.99690365961487],[126.20552264603415,153.9735972924724],[126.19764095777045,153.97873946626476],[126.21678649954137,154.00286902377215],[126.33123607221816,154.07574799972986]]],[[[126.47721421126994,154.15547215346012],[126.54748191891584,154.18226779540737],[126.53965515542785,154.16618657463422],[126.4956102915612,154.13830861558182],[126.50408204747188,154.14689679225552],[126.46311858794219,154.1180467206103],[126.48113544251024,154.1269452852483],[126.4840749934016,154.11790188966083],[126.36299326257496,154.04396441674817],[126.36966183522031,154.05845365514145],[126.41765362043415,154.09033820675432],[126.39382300503348,154.0850041282786],[126.42665737404388,154.11356046577404],[126.43213024971351,154.12839342901555],[126.47721421126994,154.15547215346012]]],[[[126.80470226705685,154.39283765863036],[126.80293493451823,154.39436783049544],[126.81394344430899,154.4038176762201],[126.80470226705685,154.39283765863036]]],[[[126.5396365389116,154.21368006909046],[126.56604523339588,154.22075271528612],[126.50946741325073,154.188620137303],[126.5396365389116,154.21368006909046]]],[[[126.36725230589559,154.12564856793713],[126.37342629150135,154.12049581827847],[126.33232643884332,154.105879025849],[126.36725230589559,154.12564856793713]]],[[[126.85068881171385,154.43869830048487],[126.87787797741939,154.45936765520463],[126.87041686301126,154.4313854613588],[126.92944876929006,154.48121266851305],[126.90735830057456,154.45112795532066],[126.92556169294065,154.46779380566298],[126.90197619190559,154.41278152489633],[126.85769990735349,154.3500224720886],[126.89353305288074,154.37112719454063],[126.79316139173189,154.24933541562203],[126.74420687872689,154.21525318594456],[126.7635524886714,154.24131681629248],[126.76210221668876,154.25139101808955],[126.69836703012771,154.20205446275378],[126.71487225249732,154.2331946268286],[126.69495080037079,154.2251884693374],[126.72517629256649,154.26836660777593],[126.70549115744535,154.24525094978526],[126.7012018105875,154.25040545234057],[126.6774826471086,154.2266468912082],[126.67777656235445,154.2174013827528],[126.65383537244794,154.2073089224876],[126.68065028860603,154.24624421791626],[126.65492442046727,154.22693684937863],[126.706588323066,154.27377660047827],[126.69829898625531,154.26908219175502],[126.76420051296834,154.33984761180574],[126.76550215613463,154.32283249737705],[126.79247498139605,154.3541916628948],[126.7736365415328,154.33972707300657],[126.78148016037211,154.3582811394947],[126.82665202598594,154.40176424674172],[126.83925572063833,154.43357388333231],[126.85068881171385,154.43869830048487]]],[[[126.6117291221636,154.26690398594297],[126.6066544278153,154.25431023088524],[126.51939803576445,154.20896572725997],[126.6117291221636,154.26690398594297]]],[[[126.2975240394711,154.13314807359674],[126.32383681102131,154.14109600568344],[126.31012436880516,154.1187473350834],[126.26233979733507,154.08301260312535],[126.22162207674138,154.0384003123209],[126.0809214752747,153.97756613751275],[126.12095411189361,154.00515215013107],[126.126151001961,154.02223002639712],[126.16957432503335,154.05520208675935],[126.16630666702243,154.0632534625493],[126.2975240394711,154.13314807359674]]],[[[126.71176710365884,154.36807062041595],[126.69198816818634,154.34298407366558],[126.6809020526304,154.30668302530881],[126.69651189730583,154.31357195875415],[126.6426745030954,154.2592211637544],[126.62057722139716,154.24813709608534],[126.64355448952179,154.25722392147298],[126.57806589241198,154.20580065972757],[126.5746951222509,154.21027215621473],[126.59797648178903,154.22752494140752],[126.57244913431451,154.21742699584985],[126.59424764662174,154.23276926664784],[126.58156916511535,154.22872493719518],[126.62586833967956,154.2636634850098],[126.61755448829236,154.26868207549182],[126.71748756825504,154.37603372918014],[126.71176710365884,154.36807062041595]]],[[[123.04875051133968,152.06734573291044],[123.0447999781078,152.06872632497672],[123.05988109565781,152.07988303888968],[123.04875051133968,152.06734573291044]]],[[[125.93666579409796,154.08926993717066],[125.93570080515815,154.0889698308843],[125.94610634464321,154.09954837587117],[125.93666579409796,154.08926993717066]]],[[[123.02413910140517,152.2344798334823],[123.06756210958504,152.20425888640824],[123.03591443981135,152.1626973825304],[123.03226800188743,152.12071588599923],[123.02219748168508,152.126881803347],[123.02717230567151,152.14839052238486],[123.0129214038423,152.15792930999658],[123.01394654806886,152.18214869035668],[122.99422383950626,152.20636371116416],[123.01454190705532,152.23278542008094],[123.02413910140517,152.2344798334823]]],[[[123.4801487232739,152.2462306128173],[123.48903773645634,152.29554833239806],[123.50008061150653,152.2847987274213],[123.4801487232739,152.2462306128173]]],[[[123.1545814582856,152.3304420929081],[123.1756679438016,152.3216946058212],[123.15627259869815,152.2748583388075],[123.1446128240207,152.26752447025163],[123.13429723526076,152.27817566642395],[123.13738338448874,152.3244372198896],[123.1545814582856,152.3304420929081]]],[[[126.06226939769692,154.26468647031695],[126.07026141885211,154.27058996901525],[126.04079199466689,154.22850441120138],[126.00408219070384,154.19976950816027],[126.06226939769692,154.26468647031695]]],[[[123.51701884955949,152.35236607471586],[123.53054255407369,152.33358239547567],[123.51735986188713,152.29877971160917],[123.50637653635683,152.30164218512223],[123.50581008016687,152.31741790697814],[123.49556849787476,152.3228571640455],[123.48496260852347,152.36416563793077],[123.49069506029551,152.37135998302008],[123.51701884955949,152.35236607471586]]],[[[123.438427698421,152.36846105938304],[123.47278362593305,152.32231088590774],[123.47917438193971,152.29264958367762],[123.46280808312488,152.25877321189637],[123.4633391533343,152.2255221067731],[123.41709556361025,152.37538876350817],[123.438427698421,152.36846105938304]]],[[[123.64918246328456,152.3473176196927],[123.61800147492492,152.35257305370985],[123.60162955693164,152.37477107034508],[123.65965836704032,152.35173176796357],[123.64918246328456,152.3473176196927]]],[[[123.7699077767802,152.55126373737008],[123.70316992123489,152.511744333332],[123.6764905098804,152.48075888730034],[123.6511530808982,152.48312730053962],[123.62807603069875,152.46075826294776],[123.56357012317835,152.46254901747926],[123.56683616865088,152.51461791815126],[123.5956863309283,152.5652805215888],[123.72016586154844,152.55139152786077],[123.77748352084583,152.60320054394046],[123.80708578133078,152.60704089794055],[123.80186929169129,152.57993717274462],[123.7699077767802,152.55126373737008]]],[[[126.22182775529461,154.65359240544387],[126.19597252954432,154.5984182963482],[126.21004311751066,154.64370167048406],[126.22182775529461,154.65359240544387]]],[[[127.75578555746263,156.134977429542],[127.72747835947561,156.11505367837418],[127.74929933261544,156.1375356389101],[127.75578555746263,156.134977429542]]],[[[126.37197415224577,155.04597186319373],[126.37257657810221,155.05271040922372],[126.37642010739026,155.05853410187396],[126.37197415224577,155.04597186319373]]],[[[128.0451744520203,156.4542062752021],[128.01612707749354,156.4337338650328],[128.0328066190531,156.4518309103569],[128.0451744520203,156.4542062752021]]],[[[128.03778778129328,156.50570665658333],[128.04425221358804,156.49896849030418],[128.02669973407154,156.48668591136558],[128.03778778129328,156.50570665658333]]],[[[123.87759708653323,153.67503468515258],[123.90613501134658,153.6099040299772],[123.92742761401946,153.6451258914461],[123.93205542671664,153.55322227505502],[123.897207203304,153.46258342995873],[123.87548078007084,153.46075535772974],[123.86872370673777,153.49186405715952],[123.88310934439963,153.5912613709114],[123.86689387181525,153.59485385660383],[123.87375823268479,153.64488234224183],[123.86535243726871,153.66735047862468],[123.87759708653323,153.67503468515258]]],[[[127.36038588076278,156.61648316249722],[127.34033411427006,156.56784876345083],[127.29648867053498,156.52405201043243],[127.34366055462364,156.61174669812854],[127.36231821458021,156.63008076307972],[127.36038588076278,156.61648316249722]]],[[[127.67126668330286,156.93239813498315],[127.67570540282686,156.9521931245343],[127.68317535465364,156.95352681892533],[127.67126668330286,156.93239813498315]]],[[[127.76082806400868,157.07623519650357],[127.73906104809443,157.05562595678867],[127.72236271963236,157.05347986882137],[127.76082806400868,157.07623519650357]]],[[[127.65714568922692,157.03848394411546],[127.67762846155046,157.05053276606387],[127.65690309560487,156.98459608603295],[127.63684878080757,156.95235988554046],[127.63195135276598,156.9187476112414],[127.5811529568063,156.84875439558326],[127.5597949134117,156.84636279342584],[127.56904702069404,156.88552433584863],[127.55242557973642,156.90030691406005],[127.57689620996182,156.9462192020406],[127.64046781846385,156.99960710935],[127.65714568922692,157.03848394411546]]],[[[127.47699083083738,156.89784261456043],[127.4818821034917,156.87309335817918],[127.46452780910579,156.86259156232785],[127.47699083083738,156.89784261456043]]],[[[127.70108914641364,157.0914847639239],[127.68898917400959,157.07142651831265],[127.68901039032511,157.0809174616509],[127.70108914641364,157.0914847639239]]],[[[128.20605136511065,157.4112048375665],[128.2293133746308,157.43009182904186],[128.18319289047045,157.38234148923476],[128.20605136511065,157.4112048375665]]],[[[127.28803934409532,156.7639354125776],[127.32984174590759,156.78860068829124],[127.31178773498075,156.74536957719593],[127.33084829533942,156.7645860436797],[127.32929298923233,156.7445499572304],[127.35117654693725,156.76220187870126],[127.34069443675483,156.7142106135022],[127.29684171464989,156.67132294830154],[127.26171197236194,156.6070276495813],[127.28563226495565,156.62908398795147],[127.27636962618571,156.58322424481267],[127.25853810807774,156.5580030318813],[127.2539019358679,156.56744203009382],[127.17803714719683,156.4034868772654],[127.11765572987498,156.33709178358936],[127.11541818206372,156.3446284667182],[127.1514947791082,156.4093188577361],[127.15034374713235,156.45416424474882],[127.16725206391739,156.50664812277083],[127.101666699603,156.42137561432548],[127.10350769436712,156.39540090047998],[127.08965537066057,156.3667921831866],[127.10459962590001,156.3757283425305],[127.08904139932416,156.34075531400907],[127.0288686838233,156.27968538067742],[127.01785933570778,156.29495025416014],[127.07219626911828,156.3992690200476],[127.09103520850125,156.4707079389072],[127.11975722548941,156.52480926308465],[127.12348368530985,156.5055759624878],[127.13468870870174,156.52073644235887],[127.12877329480462,156.50430975929558],[127.16787454485022,156.5345117134003],[127.18765998141684,156.56967176199973],[127.18451138634653,156.5788608890979],[127.24372652977922,156.7062791661242],[127.28803934409532,156.7639354125776]]],[[[127.95978153778445,157.27526821080664],[127.94125171369272,157.25824743205533],[127.94374255073137,157.26704970160054],[127.95978153778445,157.27526821080664]]],[[[128.71128767692852,157.8489168707861],[128.6954253867927,157.82761877443616],[128.69442612110268,157.8358162025364],[128.71128767692852,157.8489168707861]]],[[[128.66151751052178,157.80660091237917],[128.58393684519672,157.72574933197038],[128.65647716901947,157.81271732109997],[128.66151751052178,157.80660091237917]]],[[[127.99318205848414,157.30779192646938],[127.99031870009316,157.2887290294544],[127.95833880100488,157.27115199895778],[127.99318205848414,157.30779192646938]]],[[[128.04296082511306,157.34845891398982],[128.0077383632666,157.30325186858607],[128.00851390694584,157.3193385602798],[128.04296082511306,157.34845891398982]]],[[[128.0720430154262,157.37173298065838],[128.0954427439645,157.38610010746527],[128.0644699153167,157.32422396538297],[128.02894945285493,157.28694465925597],[128.06201879263867,157.34767884966254],[128.04745484495965,157.33954810445695],[128.0720430154262,157.37173298065838]]],[[[127.88048844715719,157.24526404108911],[127.9033722882877,157.2525566837444],[127.8617975780952,157.21261621978192],[127.82410021440226,157.19541209173565],[127.88048844715719,157.24526404108911]]],[[[128.22019822322582,157.47945280867182],[128.20799107401646,157.4410666996037],[128.1218466936889,157.29731927250134],[128.02354556505594,157.219353716262],[127.99089641219628,157.17625628364803],[128.00210555647465,157.1297063707971],[128.0912336322162,157.19293213529687],[128.00195830890004,157.1054094605092],[128.0098658321194,157.07075687417768],[127.96628859085132,157.0145426822945],[128.0577870831487,157.07992645995273],[128.16150933672998,157.10536360675297],[128.25590290097304,157.181100448128],[128.3118438481183,157.26838229874178],[128.30724806098345,157.28731175484],[128.16130288600317,157.13271246449517],[128.33990804957472,157.35136687304475],[128.38677652642016,157.4492576351292],[128.5190312600312,157.52126893621158],[128.5157276395916,157.4406687513613],[128.4848879884981,157.41411403014598],[128.3206203784738,157.1832364321447],[128.24245465903743,157.09672278045488],[128.21432026383283,157.05027815299155],[128.1102441253672,157.00194788239585],[128.04445656165905,156.95103990297386],[127.92726312642787,156.83634304321734],[127.83038154996018,156.71223044886867],[127.85839100976055,156.693228961083],[127.90229768662398,156.7266787970056],[127.92128616924778,156.7256713276367],[127.90048804762881,156.69911782692537],[127.83163576842064,156.65661368585424],[127.78643292561506,156.60598640937786],[127.78627425665633,156.62775138373468],[127.68708007294663,156.52871322811492],[127.68910285105372,156.51619341254175],[127.66495232068851,156.4976835566269],[127.66946942668655,156.5296988256399],[127.62247774237008,156.49650614034428],[127.55870251839703,156.38994842183524],[127.53950500813858,156.31449723228192],[127.51205345080164,156.2682521666536],[127.51867827311705,156.24450760623571],[127.56427652707428,156.2872030013549],[127.57089199344996,156.27929909197013],[127.63245896559806,156.33568460678887],[127.60983693807263,156.3452152900067],[127.64830850376536,156.3758943958631],[127.6579799294717,156.40586613406813],[127.71810156227981,156.43919086262036],[127.72090990531234,156.41585795127597],[127.77750844823605,156.41972009924626],[127.77409822883303,156.3819751597149],[127.89128067758432,156.4536164501199],[128.00811504713934,156.5681978614441],[128.02737720396954,156.61683651556461],[128.06659897048635,156.62459659290315],[128.03267341646446,156.598707645938],[128.0426072912926,156.58617365355752],[128.09386086716466,156.62382191550415],[128.13340531743702,156.63241065774952],[128.0636629392424,156.55580313671157],[128.03143386409923,156.54484253718155],[127.98549878911142,156.48768119250042],[128.01760115675125,156.49352772133255],[127.9916252944222,156.47145927326363],[127.98606228843052,156.44375829005693],[127.92147199743559,156.3806352012572],[127.91231517998452,156.34774438576412],[127.94695574246289,156.35580768702323],[127.87439395496338,156.31848208949256],[127.86464980794943,156.27230359065118],[127.79022397047237,156.26362530125593],[127.7390155293361,156.21307251954667],[127.73143080654735,156.18561210875484],[127.67123503630447,156.1653171690822],[127.66771276371239,156.2037033935163],[127.61205131462286,156.1566872313341],[127.5645189788846,156.15273577176814],[127.53887866919355,156.1185819929284],[127.55128946693452,156.12004187131248],[127.53005507835958,156.1032982823049],[127.55426287734676,156.14769995707957],[127.5262513115287,156.147307603518],[127.4813752700624,156.11228155451397],[127.36578467341921,155.98025384871707],[127.32708192460285,155.91291167125507],[127.31867122509367,155.91791251603195],[127.2784998152828,155.8652118757524],[127.26934240112587,155.87436338366206],[127.28536118786751,155.91144135367088],[127.16449865060733,155.81275269313645],[127.16427292624027,155.84183438846833],[127.11034760954813,155.78368685277573],[127.07966707807023,155.7805319912238],[127.08648852631337,155.81429329663126],[127.05427560277312,155.78688238314407],[126.85645974931224,155.5204157340397],[126.89287573417097,155.60000699082278],[127.06997092177897,155.84084697501376],[127.1694472475309,156.00596762939492],[127.2062984141224,156.13635424144638],[127.27496324805668,156.29278811450726],[127.28212121051553,156.32803817512476],[127.38622245602369,156.5434669000164],[127.38711481436478,156.6068597058585],[127.42936867500248,156.68678822832268],[127.44518030427028,156.70220717934222],[127.43937128818992,156.67449740781754],[127.47028275668862,156.7198828029239],[127.46514028926232,156.69417502034082],[127.50490674625217,156.72427914183493],[127.56266988856189,156.79390649106952],[127.58842896700979,156.85628594389976],[127.61738948505156,156.88504377759836],[127.59187044435409,156.82476218527572],[127.6072694465039,156.83212489871602],[127.6469715118718,156.87931606320734],[127.65489536123684,156.90008517301118],[127.65998987849936,156.89020716240523],[127.68425338443701,156.91193223104284],[127.69670310072357,156.94833276589802],[127.78607603457658,156.99451088840283],[127.81711805771505,157.02033679528301],[127.8225975217994,157.0484175677634],[127.78787922856391,157.03691968152532],[127.82168114359791,157.0798227527695],[127.77118997923581,157.09124823313275],[127.82231143213757,157.14907825168498],[127.77703285550969,157.12803909814855],[127.91322936309372,157.22678816803437],[127.90353018012756,157.20599385300358],[127.93303926869058,157.22090450303426],[127.8750198545933,157.1636505053406],[127.87693867686842,157.14712616978383],[127.97716253874462,157.23329929944344],[128.03405598205367,157.26859192958347],[128.1275501308721,157.40720833619312],[128.1749143110745,157.429509316745],[128.22019822322582,157.47945280867182]]],[[[128.13237452728595,157.45454958049748],[128.14633950362793,157.45981075666276],[128.11674540712843,157.41762105036452],[128.13237452728595,157.45454958049748]]],[[[128.82922532690466,157.9977597850592],[128.7825387161705,157.93395114461475],[128.71566848099076,157.88101499378752],[128.82922532690466,157.9977597850592]]],[[[127.57412881309693,157.0784542293281],[127.58655479068477,157.08985292234524],[127.57932508491746,157.0689600401187],[127.55109052015993,157.0534818607106],[127.57412881309693,157.0784542293281]]],[[[128.1943670959114,157.52692304751986],[128.17118837780635,157.48452168499443],[128.1502329632191,157.47864817161297],[128.1943670959114,157.52692304751986]]],[[[127.38367480749815,156.96381258989197],[127.37958733748505,156.93586036485814],[127.35129545240999,156.90854070655402],[127.38367480749815,156.96381258989197]]],[[[127.30320774892994,157.06307165378908],[127.31391443497478,157.06526001534445],[127.30425468934611,157.04159413503217],[127.26447138371583,156.99586570043292],[127.29505433124791,157.07083131609372],[127.30320774892994,157.06307165378908]]],[[[127.51404745771158,157.26875394149567],[127.52539683965894,157.2670761016267],[127.5134376319999,157.2423662940963],[127.49571258613373,157.25901334959994],[127.51063200354109,157.27921807630173],[127.51404745771158,157.26875394149567]]],[[[127.39667049369471,157.28241856744742],[127.4220895683444,157.3055888407151],[127.42988632722394,157.27119264571937],[127.41983404708697,157.22275042175957],[127.43511693543905,157.22493657603917],[127.4226925093775,157.20560676458007],[127.4436392777472,157.1940656191149],[127.41448196745542,157.14257974267377],[127.40524668056274,157.14624339772394],[127.36776187457791,157.08161115463108],[127.36293616877452,157.10035586803602],[127.35001179842189,157.0855822470098],[127.33894027326758,157.04108013665936],[127.35398728697993,157.05087169166],[127.33623190898257,156.99942843951195],[127.32447643253519,156.99471345923106],[127.27386878631438,156.88631583870853],[127.27150090747904,156.91197430991016],[127.3275468951675,157.0090169253731],[127.31385652307237,157.01320077994882],[127.32521856344786,157.0598041801148],[127.39095645091066,157.1936274402952],[127.41954644832055,157.28030347897382],[127.37887903083259,157.25696200285097],[127.39667049369471,157.28241856744742]]],[[[127.24985687817095,157.16447877771193],[127.25427503897481,157.19860048562754],[127.26176621650035,157.1971912473793],[127.24985687817095,157.16447877771193]]],[[[127.84087336242823,157.70322137879313],[127.84180661202296,157.69870153571125],[127.81772763229415,157.67908200405893],[127.84087336242823,157.70322137879313]]],[[[127.45991483577232,157.42051348321212],[127.43208499942581,157.370500230862],[127.43660925189037,157.3994358523323],[127.45991483577232,157.42051348321212]]],[[[124.99422178063917,155.45166613993433],[124.97689854712335,155.39576255805082],[124.97740742985766,155.41114877993937],[124.99422178063917,155.45166613993433]]],[[[124.97175898162577,155.53789119183375],[124.99384843210352,155.52709499322924],[124.99431557734128,155.4901523267365],[124.98267991824311,155.4686676268631],[124.95094253626301,155.47393364663375],[124.97995391737268,155.63634852765904],[124.97175898162577,155.53789119183375]]],[[[129.07834915976298,159.21511790150268],[129.0794391530567,159.22720930635055],[129.10638354427155,159.2549000503576],[129.07834915976298,159.21511790150268]]],[[[125.4754374718812,156.71775765994207],[125.47312529684464,156.71763446079677],[125.47755606452891,156.7304171320838],[125.4754374718812,156.71775765994207]]],[[[125.37591422980297,156.72717787640653],[125.37403617517634,156.71103223784158],[125.37246562224516,156.71617569571106],[125.37591422980297,156.72717787640653]]],[[[125.43542217945651,156.8182419749056],[125.43086048318499,156.79901361920807],[125.43282301033584,156.81387609045913],[125.43542217945651,156.8182419749056]]],[[[125.63906462592318,156.8685932326713],[125.64361531296113,156.89898924367913],[125.64641990830465,156.90560837750266],[125.63906462592318,156.8685932326713]]],[[[125.40652125293892,156.82644931585298],[125.40607619255154,156.79745124855438],[125.38973420805317,156.77183123733772],[125.40652125293892,156.82644931585298]]],[[[125.4223133119878,156.8525388898012],[125.41900132773443,156.8374249409262],[125.41733234190677,156.860261297368],[125.4223133119878,156.8525388898012]]],[[[125.43531811923398,156.90805523074627],[125.43441515723998,156.88043185734884],[125.42471309531899,156.86361382132304],[125.43531811923398,156.90805523074627]]],[[[125.43704990479338,156.88744336010083],[125.44093936708339,156.92349207593062],[125.45279834232076,156.94737066988472],[125.45004004788305,156.91496696137702],[125.43704990479338,156.88744336010083]]],[[[125.48446169365903,156.92501868683652],[125.46216565138299,156.8552800958298],[125.43864921660831,156.71804176029354],[125.42706705411472,156.6592970783826],[125.4238640987658,156.67442050355436],[125.44480444445759,156.754573679137],[125.44907543513875,156.82982890116793],[125.47101832762715,156.92091208033563],[125.49448718499157,156.96027899467063],[125.48446169365903,156.92501868683652]]],[[[125.64761472260636,157.02848573117913],[125.64083385941312,157.01467561877587],[125.65044631589998,157.04735881104233],[125.64761472260636,157.02848573117913]]],[[[125.47925085967067,157.0331817350177],[125.48630771314677,157.05632719538298],[125.4848945898194,157.04579563370342],[125.47925085967067,157.0331817350177]]],[[[127.3830574982266,158.7484096838137],[127.3319515809687,158.678486941806],[127.31417668077961,158.6870168195642],[127.38133089055404,158.75720405499743],[127.3830574982266,158.7484096838137]]],[[[128.8285072437824,159.7553491445082],[128.7316138015364,159.63572095721747],[128.77899252603126,159.7105231866158],[128.8285072437824,159.7553491445082]]],[[[127.44664788441924,158.84980611825495],[127.43349480095351,158.84498531091057],[127.45771273823001,158.89257672191835],[127.44664788441924,158.84980611825495]]],[[[127.44758640878852,158.89988258340486],[127.46044323449118,158.9080090170988],[127.41724037891511,158.81488354090254],[127.38525592106424,158.76538054417858],[127.3193200012274,158.6991471834144],[127.31717723097998,158.7884388881249],[127.30058957938851,158.77389078587663],[127.3137975535934,158.7961357245823],[127.36501836184343,158.81932714843822],[127.44758640878852,158.89988258340486]]],[[[126.3208601922166,157.97858190079256],[126.32046345571376,157.9908885952549],[126.32306798335988,157.9994151788107],[126.3208601922166,157.97858190079256]]],[[[130.59462622708662,161.07535025844962],[130.56873712829236,161.03775516491342],[130.50394485574128,160.9734878865732],[130.49960109234817,160.97903886153694],[130.5572166791187,161.03534858921682],[130.5615514234918,161.04902069249366],[130.59462622708662,161.07535025844962]]],[[[127.68507124065611,159.08466542859315],[127.69167160986466,159.0971897216297],[127.71063756025987,159.11288889065548],[127.68507124065611,159.08466542859315]]],[[[129.07476174963912,160.0645168765405],[129.10654092535296,160.0953844936303],[129.10889619760496,160.07057047255103],[129.01013053543588,159.99193381855946],[129.0255001153845,160.02488511265128],[129.0731549851355,160.0735176728651],[129.07476174963912,160.0645168765405]]],[[[128.85139207719953,159.88213790191625],[128.84474259156397,159.87427668203216],[128.89226269102727,159.94856301640414],[128.85139207719953,159.88213790191625]]],[[[126.3279181088339,158.05280046040545],[126.34039406120345,158.1200537235261],[126.34168788538109,158.1162053210896],[126.3279181088339,158.05280046040545]]],[[[125.86927353825635,157.90178089594173],[125.86907444060341,157.91375520897822],[125.87309964524404,157.91530107226853],[125.86927353825635,157.90178089594173]]],[[[128.12268876794008,159.45270052956386],[128.11154829080223,159.44491330269344],[128.1232693859285,159.46181466635838],[128.12268876794008,159.45270052956386]]],[[[127.15605584630403,158.8284181664242],[127.15562262094963,158.83143889309179],[127.16202715173206,158.85357830712888],[127.15605584630403,158.8284181664242]]],[[[125.90738240764398,158.03404404881115],[125.89594647086841,157.9813648838465],[125.88821982605083,157.99371893629748],[125.9030314983215,158.04730767623917],[125.90738240764398,158.03404404881115]]],[[[126.04772591389042,158.02730127958702],[126.04429448692733,158.02946045107714],[126.05109059569739,158.06170326397748],[126.04772591389042,158.02730127958702]]],[[[129.03384205581102,160.15612020681056],[129.03916848592854,160.14494196010185],[129.0052671326547,160.11073224831046],[128.96470270796308,160.04272890181147],[128.90408656438862,159.96548060356344],[128.98704620112517,160.1007709225483],[129.03384205581102,160.15612020681056]]],[[[126.91769209783426,158.63205087512148],[126.9196422130719,158.64724780800418],[126.93392623899919,158.68234664761107],[126.91769209783426,158.63205087512148]]],[[[127.15874851405097,158.85908788606497],[127.16815487811618,158.8931493063193],[127.16619793425446,158.8821846512866],[127.15874851405097,158.85908788606497]]],[[[127.15578987324207,158.8336287471615],[127.16196828934686,158.86321131842737],[127.17533483336636,158.9083552925118],[127.15578987324207,158.8336287471615]]],[[[126.38514452719433,158.3090571529536],[126.36546904058073,158.1716761230324],[126.35918673485261,158.16817637352574],[126.36662858625503,158.27353692159892],[126.38514452719433,158.3090571529536]]],[[[131.29770006006652,161.7840633784837],[131.16247054976438,161.60271975382906],[131.1068982133815,161.56913698252512],[131.2008461894593,161.703884705368],[131.29770006006652,161.7840633784837]]],[[[127.20628645040976,158.91817813982146],[127.21430259901912,158.95980980219596],[127.21674207342336,158.95982549013837],[127.20628645040976,158.91817813982146]]],[[[127.23176955409585,158.98209602656405],[127.25278978974588,158.98697276995605],[127.23586158232679,158.94654958951168],[127.21675424512422,158.92532165148822],[127.23176955409585,158.98209602656405]]],[[[127.1846957672921,158.93284457712303],[127.17376626169074,158.90012357905994],[127.18619418797019,158.9445677318328],[127.1846957672921,158.93284457712303]]],[[[128.14182299068702,159.54921678724224],[128.16287702444092,159.56157334203874],[128.13840315584196,159.51267081994274],[128.1606075861138,159.50974155260784],[128.14781931158885,159.4853352157954],[128.1234750971465,159.4634082632448],[128.02962467697878,159.35561091585933],[127.96736944259179,159.3222810607062],[127.9254856195691,159.2779437987771],[127.86342887144203,159.23302149585328],[127.78799828805103,159.15375713576083],[127.74325525092003,159.14038335219593],[127.68758755611645,159.09549844312676],[127.58022977567146,158.96953640748526],[127.50816993949891,158.91479415648044],[127.4931860117716,158.95178732923603],[127.43945978115245,158.94596846748735],[127.54099931968558,159.0209908485124],[127.5805931852071,159.0616440494891],[127.6228899296777,159.09072621244934],[127.66425336573357,159.13499476704567],[127.65680457408617,159.14341858319293],[127.67716540919056,159.17054333274524],[127.8071562904292,159.28450790721155],[127.84141453537039,159.32664701324418],[127.88545779364249,159.34850691098302],[127.89745933772257,159.36606874911783],[127.93910978822633,159.39131479314977],[127.88152610635682,159.32751994661336],[127.88016438373724,159.30932502508097],[127.97811340695893,159.37844473897277],[128.14182299068702,159.54921678724224]]],[[[125.95209010338398,158.1463195537849],[125.9598105773094,158.1429361344811],[125.95442143562985,158.1118202803795],[125.935715294448,158.09862039048818],[125.9262947868307,158.11198994891734],[125.95209010338398,158.1463195537849]]],[[[127.21298555083997,158.96624982977445],[127.21434170107364,158.98380475059608],[127.21806227154866,158.98548824280974],[127.21298555083997,158.96624982977445]]],[[[127.18420541998327,158.95906687753126],[127.18119660540846,158.95631510038092],[127.18423630324018,158.96537361227746],[127.18420541998327,158.95906687753126]]],[[[127.19909773992822,158.97858297637933],[127.20368247691701,158.9532012336541],[127.19703428182459,158.91299721237968],[127.15898973165825,158.8060598957055],[127.15530553240227,158.8251375010878],[127.18370069727197,158.92506762896085],[127.19490746374065,158.98189255850727],[127.19909773992822,158.97858297637933]]],[[[125.93396265824944,158.1947411645962],[125.93375050840265,158.16057333601802],[125.91610320481362,158.135157816701],[125.90373312934996,158.14712797531843],[125.91212001433733,158.17146052549177],[125.93396265824944,158.1947411645962]]],[[[127.2595210320085,159.08200394732614],[127.28579030279532,159.06902614858504],[127.23503417323033,159.00972357496613],[127.21835417950767,158.97623476798563],[127.22593946964513,159.0324202753448],[127.2595210320085,159.08200394732614]]],[[[127.19786772351034,159.0265280042272],[127.18796021229906,158.97285041461535],[127.1858810890268,158.99827679554645],[127.19770213624358,159.03215749071728],[127.19786772351034,159.0265280042272]]],[[[127.21530087920428,159.0526172311896],[127.20142178727096,158.99852793948625],[127.19823506633982,159.00972239505114],[127.21530087920428,159.0526172311896]]],[[[130.44614281468188,161.25062241623834],[130.36431920144057,161.18326240198786],[130.37232423692663,161.19343637000065],[130.44614281468188,161.25062241623834]]],[[[125.97842261472667,158.24302620690966],[125.96358778508207,158.21117654931572],[125.94819393368115,158.22928129460823],[125.97770431195597,158.26066765015509],[125.97842261472667,158.24302620690966]]],[[[129.95164130336659,160.9563763962191],[129.91046753509673,160.91757160646344],[129.91800818879236,160.91052393387645],[129.84859271690237,160.8471348976258],[129.67600170358216,160.7272481139682],[129.45559500898665,160.5346423789312],[129.4522781070441,160.52219733925963],[129.38452930447409,160.45638951293398],[129.3803757058741,160.4708055302057],[129.28260157656274,160.38247939739722],[129.3184458155197,160.44771458564563],[129.36418583411967,160.4742798247734],[129.3926548365248,160.52928207931672],[129.36945917313142,160.50866888439583],[129.40804401865356,160.56357962059747],[129.43093799934215,160.57744074078744],[129.40690699992084,160.54119032590742],[129.47210844927233,160.59879072018558],[129.51447662389282,160.65292039719964],[129.53780683606416,160.6553046765483],[129.58640819307686,160.72391428385336],[129.62566333855486,160.74644968778043],[129.575257377798,160.6948839715149],[129.57838759440287,160.67138929181505],[129.67501379509244,160.75923770852663],[129.75591640252674,160.8141110454929],[129.8659513760354,160.91278406587654],[129.95164130336659,160.9563763962191]]],[[[129.97254376266463,160.97111321795506],[129.98349678319707,160.99329460188193],[129.99263078044913,160.99268210185662],[129.97254376266463,160.97111321795506]]],[[[127.01599423214745,158.94589841597346],[127.01324883419878,158.94423648077824],[127.0231426739796,158.96728918043013],[127.01599423214745,158.94589841597346]]],[[[129.8521472097429,160.93624005874122],[129.846129746054,160.93737313070366],[129.8749950473136,160.96144889603238],[129.8521472097429,160.93624005874122]]],[[[130.05478377666535,161.05362577054902],[130.02781183980724,161.01794156274738],[129.99837206764315,160.99902357365787],[130.05478377666535,161.05362577054902]]],[[[125.91761887712671,158.40952386173274],[125.9197173660824,158.3881065077093],[125.91118737333485,158.40519622871898],[125.91761887712671,158.40952386173274]]],[[[127.6146423011414,159.43381361164992],[127.65926670030989,159.4469264881061],[127.51022450845804,159.31886878163104],[127.51482685019727,159.34258414208387],[127.54866853208983,159.3923806701961],[127.6146423011414,159.43381361164992]]],[[[127.75024327317814,159.52646292313977],[127.7423151818197,159.5125131389703],[127.72600061886891,159.5042932781571],[127.75024327317814,159.52646292313977]]],[[[130.59895669817197,161.5198075001765],[130.53113824893313,161.4397083957472],[130.46023421867034,161.38385433490498],[130.59895669817197,161.5198075001765]]],[[[131.06757820084246,161.92847607860583],[131.06721470889102,161.9223188809808],[131.04762438356693,161.91404838479556],[131.06757820084246,161.92847607860583]]],[[[130.55071792370032,161.54522804402643],[130.5336118753501,161.507111718501],[130.5677043415804,161.53654598852268],[130.52075347646843,161.46662567428197],[130.27530279047244,161.2703995886572],[130.4197946276347,161.3976768843942],[130.44647921337372,161.43510273382978],[130.49113404321346,161.46779636779942],[130.52076348782725,161.5174656740658],[130.55071792370032,161.54522804402643]]],[[[129.50458729040278,160.92837165735165],[129.28718051613396,160.6764496578861],[129.32943255535608,160.7507289737988],[129.50458729040278,160.92837165735165]]],[[[130.72636528987474,161.70791111350567],[130.7393504459972,161.71217521668964],[130.71290293632626,161.68687065241863],[130.72636528987474,161.70791111350567]]],[[[131.43390870389155,162.21849565411668],[131.36249991055746,162.15468213743733],[131.28938747947203,162.10245745721042],[131.43390870389155,162.21849565411668]]],[[[125.81153364889013,158.64851127798784],[125.81562218420588,158.6396026883182],[125.80931748022556,158.6333322513103],[125.81153364889013,158.64851127798784]]],[[[130.99789706100458,161.97553335530833],[130.93794120317756,161.90853176280953],[130.9567364680972,161.91978646012214],[130.81146520895103,161.76516536874394],[130.73418122648837,161.6484754209099],[130.60348768093286,161.5162620926932],[130.62230848845977,161.55228213766063],[130.699824445525,161.6330215427065],[130.69671019265826,161.64546022182202],[130.76364556514997,161.70941977562399],[130.83678216752259,161.81339604487326],[130.89539631666304,161.87217959717591],[130.93231470795448,161.9269635943502],[130.99789706100458,161.97553335530833]]],[[[125.83754292731379,158.6958908390841],[125.84067285683501,158.68563634563685],[125.8352712691189,158.68785312855528],[125.8412015141576,158.70954744879992],[125.83754292731379,158.6958908390841]]],[[[129.79933183203033,161.20772718882446],[129.7585129053055,161.16090408287764],[129.70087242076704,161.11470076064182],[129.79933183203033,161.20772718882446]]],[[[129.4857245030619,161.06281069990496],[129.55199743782967,161.1137207067095],[129.5309484834355,161.08081175130792],[129.5591510900727,161.09508045508377],[129.50833909050965,161.00663775325134],[129.38780631652156,160.88876951227894],[129.3042554134476,160.77937672406438],[129.14556023825605,160.61088418248409],[128.80959462889467,160.20070337591923],[128.73469820794546,160.12305371273405],[128.6853910099868,160.10599680332277],[128.62019182636337,160.0247771196162],[128.59603760146103,159.98177386431777],[128.32386937083896,159.71208755081398],[128.199080296969,159.57620490513972],[128.2139143410011,159.61741918012484],[128.2579085126414,159.67093545547394],[128.39722446248066,159.88861339555115],[128.4075113975872,159.9201063531516],[128.4400889704417,159.96729791202068],[128.46670651273922,159.96912703865547],[128.44314257090173,159.925755254292],[128.46394746415592,159.93262696521927],[128.52309328098877,160.00483957469012],[128.58398689163937,160.120518124938],[128.72747972610017,160.2035644792443],[128.88396036272397,160.3479278431503],[129.1251857751853,160.624875915338],[129.18304880012556,160.7035418240669],[129.20711276734673,160.71065402927127],[129.39487307536996,160.927483896708],[129.39288643631792,160.96005122044411],[129.4281111998179,161.00981959337477],[129.4857245030619,161.06281069990496]]],[[[130.00735456714656,161.37897076041983],[129.90310428544015,161.28282220024317],[129.89323135799827,161.28267622609326],[129.93968249440783,161.33658105868693],[130.00735456714656,161.37897076041983]]],[[[131.4334140581786,162.33360287329023],[131.25862100181584,162.17130634166668],[131.25864665965727,162.16271951590204],[131.03738121624525,161.9976560185887],[131.0594199118479,162.02917099710248],[131.1276827112858,162.0870737033264],[131.15819883247167,162.12926787823915],[131.16982791035753,162.12092000607004],[131.14594796509954,162.09559774466808],[131.18355252706996,162.11688042668828],[131.2002530288398,162.1444468859345],[131.22594349425262,162.14886508813865],[131.26039081344987,162.19370563750357],[131.28979847618282,162.2076571307269],[131.28487360420863,162.21764510517482],[131.37298736993404,162.2877597334919],[131.36894111859465,162.27704622223473],[131.41283740403088,162.3235631149812],[131.4334140581786,162.33360287329023]]],[[[129.76413255248204,161.28049747859652],[129.69992844420722,161.214298123062],[129.612462228742,161.14463788241835],[129.67276648590615,161.22254350276387],[129.69420372159152,161.23115177905478],[129.72175288879257,161.26233251256403],[129.76413255248204,161.28049747859652]]],[[[128.112053026935,160.26687130958675],[128.10330342731507,160.2363673094119],[128.09001383717953,160.2331786992706],[128.10852874384778,160.2903975592534],[128.112053026935,160.26687130958675]]],[[[130.2166390739763,161.5659375678422],[130.11790552365287,161.47679142357867],[130.138219967677,161.51264088754348],[130.24443472377644,161.61518044556658],[130.2166390739763,161.5659375678422]]],[[[126.85395096411135,159.3400601506943],[126.85338788670036,159.3278133607336],[126.85101364769251,159.32767349444654],[126.85395096411135,159.3400601506943]]],[[[132.2895294236056,162.92575529529879],[132.17296919984344,162.83894322462447],[132.14698362260697,162.84036001316244],[132.2895294236056,162.92575529529879]]],[[[130.0855559529265,161.602616876754],[130.12651811396452,161.62752265826774],[130.1216637764323,161.6091354510808],[129.8344182470052,161.34330081267854],[129.8633782820337,161.38561367453167],[129.81847948872323,161.34291288759223],[129.7924710534283,161.36105647175597],[129.84573947495286,161.42558620215067],[130.08780919817588,161.6176386073582],[130.0855559529265,161.602616876754]]],[[[126.60253999573561,159.26687313963538],[126.6037973284658,159.230321555559],[126.6313062224267,159.24984123928002],[126.6019193040438,159.10141835470054],[126.58554693225398,159.07602113816023],[126.57124585413337,159.09152572291703],[126.57139931715474,159.1588598862718],[126.58485187587627,159.2591795019483],[126.60253999573561,159.26687313963538]]],[[[130.15315453561152,161.6375922346054],[130.14700355790416,161.64465943595926],[130.18538818580242,161.68028664897375],[130.15315453561152,161.6375922346054]]],[[[126.5713894556823,159.2880980508543],[126.5709124756917,159.26846230850538],[126.56849532240395,159.279813969366],[126.5713894556823,159.2880980508543]]],[[[130.53528729241123,161.8988499791008],[130.49855065062894,161.84061607236737],[130.47349404005328,161.83397261971376],[130.5050820685292,161.87994647783637],[130.53528729241123,161.8988499791008]]],[[[126.91688703926155,159.57987722811515],[126.93455215681917,159.56744480433176],[126.92622698382618,159.48874475280664],[126.91639964636148,159.49717427913873],[126.89692056045025,159.4188160974623],[126.90118548867171,159.4660487178136],[126.88939705375279,159.436277800061],[126.87693908218795,159.32366266554325],[126.86620971697326,159.3020727826847],[126.87955407281059,159.45634926879606],[126.91688703926155,159.57987722811515]]],[[[130.28882156445394,161.7832418330969],[130.32057039815376,161.83342436805717],[130.35416780584097,161.85979086197014],[130.28882156445394,161.7832418330969]]],[[[126.48404175143568,159.30946705048348],[126.48273024792942,159.31306829945885],[126.48582074174018,159.33116572144945],[126.48404175143568,159.30946705048348]]],[[[126.46191224671284,159.2142919553352],[126.45573064924376,159.21806909940418],[126.47258997601878,159.35172387552367],[126.47175989409715,159.26316690832917],[126.46191224671284,159.2142919553352]]],[[[126.5367522520625,159.36093765764667],[126.53015940938954,159.30966141318981],[126.53222452799817,159.38092213329622],[126.5367522520625,159.36093765764667]]],[[[131.12424733834214,162.39083686087565],[131.07865950804376,162.3259026713681],[131.09407387120808,162.33191178104852],[131.0346487325659,162.2738202251463],[131.0071455260427,162.25973181149195],[130.89939291035338,162.15189787008657],[130.87279562902165,162.1439360566263],[130.77654212730374,162.05073041388215],[130.79123754175316,162.08446122996386],[130.75729754649188,162.0674373156504],[130.66502675669838,161.97451712118786],[130.71627746020295,162.021007132999],[130.60237938605667,161.88126427156172],[130.4746202986788,161.77237391846816],[130.4933115556665,161.80965767557464],[130.40862131302896,161.71922711754075],[130.41075750956676,161.73504007942748],[130.2794126974029,161.61498032870645],[130.2542217373659,161.6044377571363],[130.29664932645687,161.6521187665353],[130.3265830871481,161.66491094167003],[130.39320845039882,161.77126543255326],[130.43958673470812,161.76735012791147],[130.47763892458798,161.81424332610237],[130.53733184989534,161.85461269228568],[130.59351573207553,161.924307084649],[130.5894282271475,161.93612701230393],[130.61743814945098,161.9506523142764],[130.6877449948895,162.0238241573179],[130.69517302092072,162.04515838080488],[130.8232288208966,162.17471860996784],[130.8137193955273,162.15097211686583],[130.84195771758277,162.17207163692268],[130.80944510179995,162.1302193521707],[130.8929971904527,162.17520641269982],[130.9120966708159,162.20263864179654],[130.86835523605814,162.1763139093943],[130.89097805135293,162.207857193484],[130.9375912012806,162.24619602855452],[130.95104804627098,162.23476215289276],[130.98902276471486,162.25727303778598],[131.05124612996133,162.33209990147847],[131.12424733834214,162.39083686087565]]],[[[130.5105664084429,162.01008461835875],[130.42957789526827,161.92572626585573],[130.48824480273606,161.99648221961363],[130.5105664084429,162.01008461835875]]],[[[126.55206254726315,159.45279966289846],[126.55033440795113,159.4575969801882],[126.55890878772229,159.49955270469286],[126.55206254726315,159.45279966289846]]],[[[131.5044729526467,162.80260944081806],[131.5209579568986,162.8360097628344],[131.5410091259954,162.8549571664402],[131.5044729526467,162.80260944081806]]],[[[126.44149527846722,159.5295503731293],[126.43749543094047,159.50591177980382],[126.4385587826877,159.54539651193747],[126.44149527846722,159.5295503731293]]],[[[131.6621343951728,162.93916695258773],[131.42603338882705,162.66001150578182],[131.33588522696414,162.58179581650282],[131.3349791314601,162.57128504652232],[131.29579824398718,162.54699593517086],[131.12130756583286,162.3740807715038],[131.17901747823083,162.47124590474516],[131.19615689658508,162.46708370946817],[131.2663258618729,162.55992172488004],[131.40216747295716,162.68135656338782],[131.48687677505197,162.7806266874526],[131.53871662226737,162.81764384751278],[131.55333593239317,162.84205420895972],[131.6849603450977,162.9671374033103],[131.6621343951728,162.93916695258773]]],[[[126.98272431056782,159.93344695559213],[126.97092914838171,159.79473058809205],[126.95837617626896,159.79448908856915],[126.95770899704286,159.82053900601534],[126.92197967838821,159.68809196490045],[126.94639436620265,159.85863883184038],[126.95648210543814,159.85791696965583],[126.98256363143732,159.9471202029089],[126.98272431056782,159.93344695559213]]],[[[126.77543963013707,160.01516052788526],[126.77168386813668,159.99212701275525],[126.76993270072126,160.04402276540807],[126.77543963013707,160.01516052788526]]],[[[125.76127141430393,159.74298758896947],[125.78173983718796,159.45146898686775],[125.76316731362084,159.31213837767933],[125.77382556865464,159.23473061412093],[125.78429338863434,159.21912245455886],[125.79554722230847,159.15691012447982],[125.79696980316216,159.1709241957364],[125.80105339013102,159.15285824665065],[125.77328162393502,158.96024066239502],[125.7883211396765,158.9081389570727],[125.80392463773194,158.91235788047032],[125.80561263009652,158.87579867777401],[125.81467661368947,158.87252551352742],[125.8115382166387,158.8263594978379],[125.82219364236016,158.81976473175888],[125.82690710952131,158.7774351121711],[125.78881195266217,158.62075036157745],[125.77766908441957,158.61765881452004],[125.7750133317645,158.63693881141597],[125.73958620765421,158.6091640519723],[125.66846583052104,158.72998719539922],[125.56067209308313,158.60178817391545],[125.50949777771696,158.65746954370957],[125.49066310245938,158.6580003944842],[125.47345273816485,158.77778151652086],[125.49368061454977,158.81671137966387],[125.53088839525027,158.767196757688],[125.52559887639336,158.80616401364784],[125.56188047004233,158.97074756471667],[125.57960777089731,158.95649529968648],[125.59921949260196,158.87458314134284],[125.61641428554142,158.8663906487056],[125.65369619772815,158.98659250362653],[125.66134738514265,158.90594516006598],[125.67112895990063,158.9357926774295],[125.66882721274182,158.99946167269243],[125.6513389800543,158.99809328872328],[125.66637580649345,159.1299704261126],[125.65779399265911,159.1930911175762],[125.6755270140279,159.30358301137306],[125.66861840693855,159.36534921425746],[125.65111422396056,159.35110883516322],[125.65089102102179,159.3834546253485],[125.6737239995289,159.50697422440342],[125.69423433311309,159.5333892767479],[125.7061732686217,159.63263468262915],[125.70528924985409,159.56423126820332],[125.7128070731907,159.6891457252288],[125.72897355415557,159.6903188651737],[125.75955341581243,159.75409543265826],[125.76127141430393,159.74298758896947]]],[[[125.9226242185258,159.74521634448297],[125.91875756313445,159.76033784303226],[125.92121802619155,159.77983155920995],[125.9226242185258,159.74521634448297]]],[[[126.1917528740669,159.74017254075451],[126.18275305111268,159.74686640170577],[126.1943948582831,159.81239648602948],[126.1917528740669,159.74017254075451]]],[[[126.78318197799138,160.30782058548405],[126.7853231878094,160.30773526732833],[126.78093433552881,160.27419369021482],[126.78318197799138,160.30782058548405]]],[[[126.81368180157526,160.57109824010547],[126.79432919863895,160.5081143976174],[126.78799230285898,160.50673757684734],[126.81362169606346,160.5902354753481],[126.81368180157526,160.57109824010547]]],[[[125.79747570990871,160.18538627591184],[125.84909568827146,159.85389535117716],[125.8667692284754,159.86694159076492],[125.87033170461028,159.9061563495041],[125.89030076799945,159.8460403129793],[125.89234960200602,159.7574595662362],[125.87913078650442,159.72051510743344],[125.8820808948153,159.69692775310693],[125.87227381713024,159.70234303637295],[125.8637104641277,159.6018557721356],[125.8747261904455,159.55646311429538],[125.88607653711172,159.59362723013115],[125.89500103574031,159.59107137727162],[125.91785279074868,159.719441098616],[125.91319724711967,159.5600642171279],[125.92868250330297,159.45080995951494],[125.93214820074519,159.46392048152887],[125.92730919185232,159.41981052149043],[125.93549291230264,159.35006268657511],[125.94068729854628,159.3960239357992],[125.96182224689326,159.37374904061173],[125.96455038738233,159.4062480727589],[125.94364909167034,159.51355531467075],[125.93376163285214,159.50341169799202],[125.93820437118491,159.59561064826948],[125.9710732094879,159.62503018577965],[125.97398480957422,159.6457462409046],[126.01446544047243,159.67998401032452],[126.0395914300077,159.8035904450284],[126.08308709309351,159.72399442983001],[126.08314885049606,159.6826963788838],[126.10263954774766,159.6491724162484],[126.1141477826404,159.7172732548083],[126.11105935374063,159.78676865124848],[126.14928038374865,159.89325401126968],[126.15152403114386,159.9528737485005],[126.16988254252949,159.98041157731643],[126.17756144158916,159.93650165129543],[126.17445195115222,159.80392508263202],[126.18325478791495,159.73690302054317],[126.19235573452701,159.72076806922462],[126.20105533676588,159.80460631943018],[126.1926741660677,159.83905158063797],[126.1877880094431,159.82607046132696],[126.19855832166719,160.02369910085247],[126.22012014460559,160.07975803295423],[126.22299872348334,160.15493065111582],[126.23449046959793,160.165199299694],[126.24763109936895,160.06868145536544],[126.23776793145399,159.95217640497538],[126.25039237254101,159.9275553167678],[126.25836555972654,160.02014039202876],[126.27047973930426,159.9849736403939],[126.27066365535813,159.89003400088922],[126.28157671546978,160.0103945469771],[126.29253835094318,160.00763241689373],[126.29128875159657,159.8694178915996],[126.30157288820084,159.8136506254363],[126.30036373041956,159.6370098148828],[126.31275023917645,159.6835493433515],[126.31140097090123,159.6535370306292],[126.31525242193223,159.66897608275636],[126.3142932618014,159.60596611712992],[126.29062548808484,159.4347728894327],[126.28439479040006,159.45115555530384],[126.26447055642403,159.36583271953853],[126.24017842134995,159.13528676865374],[126.22241332244039,159.12631304519468],[126.2236886327372,159.16313164171655],[126.21493754400896,159.15363508637046],[126.1687291273532,158.9603797713932],[126.12697273110123,158.82632535652556],[126.11654792099708,158.83703604000655],[126.06629383195391,158.7119364353859],[126.00946960086026,158.6181540836357],[125.97774604218093,158.51519293569962],[125.9681237465469,158.51416642842915],[125.92152889501104,158.39174457138267],[125.91861791453783,158.41122057986064],[125.91279155206318,158.408610469574],[125.91292459324198,158.4701882309162],[125.89642409340223,158.57731975115203],[125.8742470005972,158.58694396293984],[125.83854440750004,158.6995499532932],[125.84157147083023,158.70955055472731],[125.83989148625604,158.71637053166927],[125.83610341348698,158.70355560316082],[125.84291876469655,158.7583223903615],[125.82912607400684,158.79133954831704],[125.82790513141617,158.84265705374023],[125.81804529135523,158.85504482498203],[125.82004882885226,158.8826091504626],[125.81075904031783,158.88803370575215],[125.8124860917145,158.94980968249197],[125.79946050188624,158.9329142653373],[125.78805387928156,158.9852055527301],[125.81597351938694,159.21632767111925],[125.80366778079119,159.2446627542227],[125.79157892933368,159.32234512358391],[125.79047601798217,159.64530917379008],[125.78155384405275,159.64129452026873],[125.78895827221749,159.7565110905813],[125.79439155333756,159.75710857061352],[125.78815402950501,159.87611283565954],[125.77617531885656,159.94062721400056],[125.78220213479854,160.17185558834055],[125.79747570990871,160.18538627591184]]],[[[126.91470986142218,160.75508178442556],[126.93377563842544,160.76886146514045],[126.920979937829,160.70383790554686],[126.91903104726109,160.7177535449145],[126.90339807873434,160.68206861475278],[126.91470986142218,160.75508178442556]]],[[[133.4141908156948,164.63398074937191],[133.41118083400787,164.61940732034162],[133.381778515037,164.61172808435225],[133.4141908156948,164.63398074937191]]],[[[118.21684951023072,142.18241953297013],[118.42047602777367,142.78410647850814],[118.73113345731532,143.5570182271422],[119.0892240568148,144.33520338860131],[119.27219222597954,144.65209315761393],[120.00260710374819,145.80004475936593],[120.1729567814288,146.095595761417],[120.24490490337607,146.26604696116632],[120.43512052422963,146.6502344337011],[120.6271516012002,147.0960786761538],[120.8815224050762,147.99917601214582],[120.94696997592062,148.30931631940751],[120.98358947596998,148.56271219537155],[121.21160835249026,149.21118223381038],[121.41874643997473,149.79962041018086],[121.58172346954012,150.15498257521867],[122.13270989837221,150.7379454450363],[122.23297972100181,150.95539871507887],[122.39946345614406,151.1989694257619],[122.63756648599691,151.59494514910222],[122.76451228189066,151.88574344876454],[122.81179982051083,151.9708360325974],[122.9175179939289,152.2914715592802],[122.94471880675493,152.28626036752814],[122.95090878391102,152.26870005014376],[122.96271131029579,152.26863453289315],[122.9637113509168,152.27919895160073],[122.97621821454516,152.28303750821394],[123.00535713541021,152.260760357117],[123.009131094478,152.24732260555214],[122.99011545956982,152.20087069548765],[123.00929537314452,152.182754993324],[123.01081686223304,152.15790113670403],[123.02556214419515,152.14589328575534],[123.02029632250552,152.13210405695347],[123.02464926032988,152.1193683047387],[123.03655778188043,152.1150566434141],[123.04171181078958,152.08985582185878],[123.02431216264803,152.07673166753273],[123.03801442928088,152.06921559877026],[123.02700495485216,152.05869102549661],[123.03933934815797,152.0564018980931],[123.0758493151272,152.08541326879902],[123.078550696635,152.1024173234273],[123.0936667234231,152.11366407578677],[123.0909737841068,152.13697921328955],[123.10849928155675,152.1472788199823],[123.11788245498121,152.1653295767024],[123.12741442778974,152.16745140661172],[123.10497347187948,152.1910892939986],[123.11784611122414,152.20590738467064],[123.13141436363604,152.2670061949079],[123.14056934010429,152.26393627074881],[123.16949938088919,152.27851745165896],[123.17628494861609,152.30972490718247],[123.22518886977372,152.3148571277946],[123.25526799042527,152.30121680305783],[123.26087149406729,152.2788273291116],[123.35847745016484,152.25067908731714],[123.38079047669787,152.19493506455552],[123.37699443688346,152.1760199175534],[123.47699807586213,152.20103782127592],[123.48922131765376,152.24494870395893],[123.52787818312017,152.29248445163591],[123.5466655977474,152.34084456331735],[123.58602822192047,152.32596878164082],[123.68453372617877,152.32015293748043],[123.69181349059112,152.32944256054034],[123.67467641249317,152.3420574234529],[123.7383734322138,152.3589921091954],[123.75498088046467,152.37320205651235],[123.76110692902265,152.3953109666065],[123.75492499886174,152.38062515203146],[123.72084819820084,152.35982726099655],[123.66745891805185,152.35844406574387],[123.6089256790594,152.38905343866327],[123.6114424529501,152.4106900264545],[123.64364915328636,152.41774762210497],[123.60668913129768,152.4205730751794],[123.5866409767864,152.4499443038077],[123.63590071690305,152.4596464353349],[123.64906673232062,152.47384995609357],[123.67395829290481,152.47044139952513],[123.70358488357967,152.50456596634191],[123.80041439900033,152.5660192630618],[123.82143702892537,152.61841738760603],[123.85067358461146,152.6396851866211],[123.90406706341751,152.70300633488935],[123.86158051859631,152.6669469560856],[123.7199035632136,152.61394323064187],[123.61092696365732,152.65999274954208],[123.60828913452472,152.68270558651918],[123.57037320270888,152.68393217736147],[123.55636320684901,152.79147560979942],[123.5179222103609,152.7823014050428],[123.53143821317022,152.81216119501747],[123.51353080536106,152.86858945427304],[123.5234789085143,152.8843546224443],[123.50692138957145,152.94019957296968],[123.46711608814641,152.9404650940326],[123.54130802676411,153.06412313274006],[123.54430839692719,153.09251469202263],[123.64386485821365,153.18006634543264],[123.67627743311691,153.27649447393276],[123.69428157702853,153.2807750129388],[123.76394677748856,153.35257717587757],[123.77479948519142,153.3466781590927],[123.83581120109828,153.4249302512175],[123.86013887779073,153.47257488791936],[123.88420593876343,153.44874725318843],[123.90677860135432,153.4429305782413],[123.90471001738527,153.38304385745175],[123.92433658266984,153.42521498424364],[123.95115770603536,153.5394255796303],[123.97100296908866,153.57259403073766],[123.98081982827277,153.53008931432132],[123.99386501991954,153.5312723129052],[124.02840921406191,153.63527234922037],[124.0108937796973,153.68975348161027],[124.03219372765554,153.7388586091784],[124.03280721019686,153.67936033380522],[124.05230333741906,153.65065397950653],[124.08902074104495,153.6505816603396],[124.1969810051532,153.69907499223012],[124.25192396855246,153.7790816423989],[124.27665033571016,153.83007821860951],[124.29868968001169,153.95271345156598],[124.27521119286725,153.9663775566598],[124.31578150796035,154.06608463306077],[124.33852051554958,154.09036416701525],[124.40268525942747,154.20497447965644],[124.40753783908939,154.2024474612293],[124.41409723777068,154.24958861305652],[124.48005991077717,154.47939762632444],[124.57574780754385,154.7238978879607],[124.60071610061536,154.85596001251653],[124.6014299414307,154.83791152480248],[124.6430038931058,154.87165439758238],[124.66894641410258,154.9499382081872],[124.69500400869686,154.9870186077494],[124.6596167342392,154.87253999714895],[124.66025502231709,154.80894161362048],[124.71158920662434,154.80648188479282],[124.76796657156777,154.87699370414822],[124.7689649591494,154.86905253675272],[124.8219392088183,154.96428000229733],[124.82248758956236,154.9514096591787],[124.96389366367708,155.24049438463678],[124.98716969799297,155.3022460775356],[125.02808650802389,155.5015186312343],[125.01626048544945,155.49243825278],[125.0596180381036,155.62739251544653],[125.14671110780061,156.0558859300499],[125.17782150341927,156.12322531213445],[125.17084010781153,156.033389020173],[125.20125112545678,156.08666424440392],[125.24365073675693,156.2029960932737],[125.36779326337593,156.71242459173914],[125.37588471254965,156.68498353252696],[125.4011591539768,156.7520735402259],[125.39704488293265,156.73344175618664],[125.42388358294605,156.80103676023788],[125.41989636765129,156.77783622289064],[125.43006404503338,156.7934829101962],[125.42845335128396,156.73850774662662],[125.43724626005852,156.7404792011024],[125.4081660796519,156.64419680666455],[125.40337281104344,156.60826444343564],[125.41235006048575,156.6289910753324],[125.40724463385914,156.6261875690952],[125.4203737086207,156.66679823069762],[125.4239035716481,156.6497650774489],[125.43513312701621,156.67361939274912],[125.4397440076581,156.66528158509527],[125.42901594709856,156.6096651641017],[125.44365754931252,156.64718815172543],[125.45207719972441,156.63146604219497],[125.42700274454374,156.5467766291152],[125.4553116426593,156.6338398439098],[125.46160628250458,156.67730089309578],[125.45948340362442,156.65762957531751],[125.47258173684489,156.66307197230145],[125.47483713799822,156.62971221952705],[125.46345312462007,156.59042188980513],[125.50494926422637,156.68520655437916],[125.4841196655629,156.65711827298762],[125.48931114486892,156.68381923928507],[125.48238131585518,156.69301140673082],[125.49140165353901,156.71308908741824],[125.47739514251734,156.71819760770273],[125.48068877717381,156.74586540812894],[125.47090014539994,156.74570039400476],[125.46017226890376,156.72307971608427],[125.47060034163259,156.78151016634732],[125.46834758899107,156.81554406310505],[125.47969849474192,156.85453861210644],[125.47767227529131,156.83548275073474],[125.48942888495243,156.8457088018332],[125.48884581703456,156.83173484680546],[125.50913597363112,156.8857039648269],[125.50898091576256,156.8650030628548],[125.51586781904233,156.8769792797231],[125.51026674577759,156.87075441583815],[125.5118602992985,156.92205052290683],[125.49942264741851,156.8989111654332],[125.55638804926247,157.10216742074743],[125.5634836985586,157.10413645391893],[125.58173999154678,157.20436676581406],[125.59837364155804,157.21732845766957],[125.60281408069774,157.25198959820779],[125.59572504873697,157.26234737258534],[125.60290620390806,157.3040728656924],[125.62691380123952,157.347990831588],[125.6395805714548,157.33790087448662],[125.64122923898813,157.2948141926638],[125.65151350592855,157.30212965372357],[125.64911142244097,157.28318284126124],[125.66430053163221,157.26099991453216],[125.60154174386567,157.0684078340347],[125.64739335848338,157.1747101285867],[125.60898276008525,157.02727737353558],[125.57854034240897,156.94692655451234],[125.60541873824516,157.00027361333449],[125.5762722755796,156.88431562289816],[125.61565792873031,157.03013079528554],[125.62930683602472,157.0507827437501],[125.60883313144843,156.9624223531291],[125.6221617102288,157.01297858929522],[125.63434715794865,157.02241100282842],[125.62120168752672,156.928537398996],[125.60951213419325,156.89822381494974],[125.61638969793907,156.9072645557846],[125.60460058135916,156.83241835089808],[125.60989423070875,156.82670004190112],[125.62470942153683,156.92047221766722],[125.64338883455976,156.91683329886308],[125.63447867741361,156.86197905643962],[125.63889039164019,156.86507538765255],[125.64869548738314,156.90208110436913],[125.65100697575626,156.99386691000353],[125.64759831466114,156.98071802259662],[125.64223950165024,156.98707415257996],[125.67232487206711,157.13071376643396],[125.6683637030956,157.09963153226332],[125.69269720574248,157.13040093089074],[125.68027122376239,157.07325727430103],[125.68835388832284,157.0651393486296],[125.70982239165954,157.18579057886134],[125.69344563068054,157.1726033062068],[125.70481245451812,157.21572198950776],[125.69549833435244,157.24446398424536],[125.69785695955507,157.26488612698068],[125.68446055161778,157.2086150492655],[125.67490250147912,157.22077167908716],[125.69953531266549,157.2929263511596],[125.70156487887019,157.33178702653623],[125.71019245058548,157.33102428813692],[125.72138389144823,157.39298606645258],[125.76264722811926,157.51259637657049],[125.76850508800347,157.48388536297338],[125.7940392083014,157.49850817670074],[125.80278595870342,157.46326213352063],[125.81957996698668,157.49786235796188],[125.8117217384572,157.4949378399382],[125.81934288452179,157.54072258571776],[125.82441881673199,157.53659024093457],[125.82279485514141,157.56818798394997],[125.81329045235768,157.54357110117317],[125.85958185027165,157.75275593995832],[125.86505568162976,157.88349073861488],[125.89643149055583,157.94692890508875],[125.89771149914503,157.8914222275452],[125.91217910486833,157.92323872666046],[125.92397678917729,157.91579345246535],[125.91772111571538,157.87451805272687],[125.93169035843914,157.86364744381225],[125.93968029863046,157.89128856244858],[125.94321569178139,157.77179783540146],[125.93281984662828,157.7491632659257],[125.91930830138485,157.69926862230847],[125.91812578156303,157.68815691144906],[125.92488620457323,157.69865675812383],[125.91986517561884,157.6958728673163],[125.93290846349058,157.74389458732347],[125.95907872066812,157.78951333097976],[125.95311666709442,157.799172368003],[125.99008627554996,157.93284624951232],[126.01860043523641,158.10078443424402],[126.04300527562778,158.17546000606353],[126.0377348703818,158.0655684408751],[126.00072103803491,157.8338771415888],[125.99769302523693,157.74944863845917],[126.00814682011712,157.693841383351],[126.07516096728264,157.73645238151886],[126.11168591359328,157.77467882074046],[126.1807350570538,157.90395381244005],[126.16960160063101,157.80505030657454],[126.194634403859,157.7699561043204],[126.28794111924117,158.01501011579808],[126.30246408933822,158.07166088432464],[126.30780723414267,158.0683667629606],[126.29084828557701,157.96134921921836],[126.32384960798929,158.03129154871948],[126.31957760817114,157.9896755552524],[126.31810103190398,157.95672056480785],[126.37193707742435,158.16246285673853],[126.42975678861819,158.31272119160437],[126.42912671063094,158.27803566247678],[126.45248142168565,158.33142177516777],[126.54375474948687,158.75857936060424],[126.56339287807255,158.91980484239008],[126.55603389422218,158.92196523861006],[126.55868425394156,158.95923872572558],[126.60739170304684,159.10023112148917],[126.63327404845691,159.25836912072756],[126.61901372224739,159.24813623793207],[126.60531694642604,159.32789244687768],[126.6078380453969,159.38848030329953],[126.62326472705415,159.46435770807858],[126.61703897721324,159.4861834957295],[126.62906455168967,159.55915429273216],[126.62479271319984,159.5527063521882],[126.63033236018515,159.660233929129],[126.62486269882253,159.65230582877433],[126.62669580714145,159.7229083226319],[126.60710767196156,159.71653537942575],[126.59602898439078,159.74459493583026],[126.56840253235964,159.66221047770995],[126.54702588865545,159.66855397247832],[126.52000770967422,159.56148011240435],[126.50997570797222,159.55059701725045],[126.49059412304277,159.46336235971728],[126.48350105264855,159.46832059268576],[126.47462070690317,159.40307812115236],[126.46246034482138,159.42768245974614],[126.47354856664111,159.61012455779752],[126.4804490267133,159.61161124994197],[126.49382763205182,159.6878986216618],[126.49233993529914,159.72471698272685],[126.47687970030199,159.68635407009495],[126.47161703010838,159.70336225825875],[126.48134208432121,159.76641157971758],[126.46768101983727,159.73111428513673],[126.46681482780188,159.77975884474728],[126.47850360154264,159.81902312459866],[126.48482209740797,159.8161256468792],[126.49697036208308,159.9253735379779],[126.47368126536553,159.85475019261918],[126.49253370575155,160.00129015787027],[126.4830803996161,159.97096583716123],[126.46820471452864,160.04964068337313],[126.46006823819579,159.9869807436151],[126.42982646040643,159.9323407316651],[126.42669762739843,159.99948210494173],[126.43064165577036,159.9768785842976],[126.43551449316985,160.03004957477373],[126.44320280247284,160.0170466134559],[126.44168392975267,160.09006998284818],[126.44879120625185,160.1115855424907],[126.45447754875863,160.0800429522683],[126.46505609082215,160.08009560839312],[126.45642584157417,160.2883759010687],[126.46300386488622,160.23553463081737],[126.47216586971014,160.2921029675874],[126.47003718521147,160.26053809850453],[126.47479161328135,160.26485059263985],[126.47738196951124,160.223075635558],[126.48005052754033,160.3613201404923],[126.48997450666762,160.34344890811224],[126.49005414214116,160.27629014820116],[126.49416126862471,160.28046503747538],[126.4984437190291,160.16580659236016],[126.509348701063,160.21066437445177],[126.51156407460589,160.194845939824],[126.52345720034336,160.30209210083606],[126.51887471508176,160.4355190360088],[126.52356314814966,160.41234175196138],[126.52850301399573,160.43604107734515],[126.52143920402904,160.55989651542455],[126.53523006577915,160.56611412328374],[126.5445490947428,160.40017944731994],[126.55306489345831,160.3710511136478],[126.56154850895675,160.44339643961007],[126.56309853938657,160.29347770181755],[126.56885323494886,160.29641239194987],[126.57419583041575,160.3640514513159],[126.5655041400995,160.17207699527995],[126.57240864099343,160.19461926027606],[126.54832796565427,160.0131235040263],[126.54987530864769,159.96498617539248],[126.57123480887715,160.11734425162766],[126.56918556991914,160.04256055715672],[126.54406354473225,159.8623022159596],[126.54874884430866,159.86521854756532],[126.53859600485384,159.75827757063882],[126.54847497207467,159.81249807438647],[126.55003524883466,159.77439277101874],[126.571856974701,159.96669921418885],[126.57668096538262,159.91925141218874],[126.59195416846957,160.01225285376472],[126.59103515896592,160.11845244591615],[126.57483616664702,160.0447507928747],[126.6016583852472,160.21443433062637],[126.60831216442078,160.40103083990095],[126.59662286006585,160.45424779338688],[126.59815231330091,160.52089884334939],[126.58997858654543,160.53546557062026],[126.5905388226884,160.62414558091956],[126.61145813703098,160.6216416231818],[126.61542548782548,160.48277337911946],[126.62294507288956,160.47718592815787],[126.62477178627533,160.4366879179966],[126.62990992575112,160.4385403004318],[126.6295603531079,160.21514640181553],[126.64210878271047,160.34776981056882],[126.63980230703834,160.50856950523422],[126.65111069806618,160.5451724434437],[126.65730632625893,160.52641071694066],[126.68789277466443,160.68777319725845],[126.67992035655122,160.4841326612896],[126.68639499757666,160.4479752971355],[126.65516868474778,160.18254157040377],[126.6616239947812,160.2097031658127],[126.6589392097678,160.18145388731946],[126.68169739829065,160.28483441981408],[126.70332742668884,160.4437807563637],[126.70983903588449,160.2872443567893],[126.69374408333417,160.20003789283916],[126.70071108336136,160.21957898853145],[126.6900809894057,160.0719164389144],[126.70044773841805,160.09076677073645],[126.69664561965342,159.93935694187584],[126.70384448647988,159.90223480421167],[126.67898016271371,159.62160924680092],[126.69150991645157,159.59735702041175],[126.70125074992109,159.6131061821444],[126.79071825969366,160.01258563842754],[126.7902334018606,159.9100353369418],[126.81358075976449,160.0533178132996],[126.81929041071416,160.2072960426686],[126.82500408451492,160.18328223450987],[126.83479209004469,160.2130346208613],[126.82433673463598,159.96100070088107],[126.8323428846768,159.93089638352296],[126.81884140698911,159.73606311777704],[126.82277613302003,159.69063189898364],[126.7883796880784,159.35237852245473],[126.78751811810814,159.20617020459486],[126.79476421173646,159.17865482447706],[126.81255351418594,159.17389452348164],[126.8356276547402,159.2436876078884],[126.85409407235338,159.27115101622772],[126.84485810241917,159.19725333267107],[126.83848983594318,159.2002463873465],[126.8205077978328,159.10666636607374],[126.83344680877521,159.12205495463587],[126.82871649718999,159.09824493138638],[126.86472761505048,159.19611933368407],[126.84306941366918,159.10089462191155],[126.85489913191788,159.11631033805324],[126.8458359053733,159.06316287049486],[126.89277381431943,159.15820513271254],[126.85865948205452,159.02833747703457],[126.87342014944771,159.06352027120798],[126.88640601223307,159.07035140131998],[126.8705195841879,159.00390927527792],[126.899969765081,159.05986020427406],[126.92834056974256,159.15276675648153],[126.93064754422672,159.1416194806639],[126.94818406338796,159.15786997605977],[126.99415195019168,159.29486333246066],[127.01460187242948,159.31387293951838],[127.00395153701214,159.26941630013317],[127.01839219093057,159.2738868644802],[127.03325484095652,159.29887300782562],[126.9858115881867,159.1472259443428],[126.97893537702153,159.15053967706385],[126.94643659164514,159.0728566641054],[126.92940311457009,158.99374473094446],[126.93626856506178,159.00305093065288],[126.92426063620526,158.94234208049562],[126.93770189703669,158.9571967023016],[126.9311035409008,158.93092553455867],[127.01481089262913,159.10839937470314],[126.98038096240627,158.95411480652263],[127.01938067460938,159.04932172366765],[126.9935744133279,158.91177238681487],[126.99081587577734,158.91717352367613],[126.97833133920173,158.85224532698695],[126.98602149492241,158.87167065790433],[126.91905368773557,158.64754841763897],[126.91315882230083,158.6202183656418],[126.98895365758634,158.8131832018422],[127.01412037793537,158.91188368217541],[127.02917926645907,158.92712952506986],[127.02091627336235,158.82145864787518],[127.026836963491,158.8105970156043],[127.04731311826784,158.81960937190163],[127.04724679066292,158.8054963129095],[127.10529217882008,158.89610491634815],[127.18546044526961,159.09388314267235],[127.21878669160154,159.14225901989505],[127.17536025509297,158.95948368715528],[127.18372133339115,158.94571672497352],[127.16837329025564,158.89605403216217],[127.15307906572615,158.84186055866562],[127.14754515359179,158.80790733357145],[127.1557118679206,158.8102163214275],[127.15276246958966,158.7782196238421],[127.16546723112111,158.80522371657702],[127.17193994720083,158.7785588278181],[127.1434811040271,158.6023011921442],[127.27341162438636,158.74513999331322],[127.26923524597406,158.69767622745684],[127.32680702898169,158.66724972115688],[127.38935485891588,158.75609230554],[127.39048324374505,158.77277176535566],[127.41708312025906,158.8129726137398],[127.43053740305761,158.8393294994364],[127.44066894276295,158.84339037196432],[127.56698627791303,158.94784156490567],[127.64363774124244,159.03757912695667],[127.73840659395184,159.13001157935844],[127.78440464786416,159.14826519044485],[127.85165812206382,159.2201244389693],[127.92084737653289,159.272048079137],[127.97130373346995,159.3243232677812],[128.0257050678238,159.35033162182103],[128.12986114638267,159.4585884601117],[128.19583692393633,159.53977669530028],[128.39487562722198,159.74972311108917],[128.46617104547255,159.80832968425256],[128.57075521956133,159.9440139710946],[128.72489577121698,160.08103056806868],[128.821679669443,160.1854871853122],[129.08895113680748,160.43635491981613],[128.93554822266645,160.26223945431428],[128.94278968641876,160.28573213396248],[128.8387915854718,160.18989751950244],[128.80257609733712,160.13344513057268],[128.68747033334955,159.99154739461173],[128.62912487642404,159.93548800877383],[128.46705898125097,159.72275693596623],[128.44825470717817,159.7112557964762],[128.34215570419204,159.58902046925311],[128.23787623590502,159.48777451772804],[128.19244660016528,159.43142593040608],[128.14387743475692,159.3510174085936],[128.12573894567532,159.28362055606],[128.15031082811294,159.26996259450272],[128.13314413612338,159.22619262214076],[128.06620512059945,159.14950336145054],[128.01928858532426,159.11445003289379],[128.07191719515495,159.1507056176664],[128.25077984219786,159.34634820305575],[128.26665213774783,159.34889220293223],[128.32205731169427,159.43335721928435],[128.4045676172021,159.52435989475364],[128.4265987112037,159.537597070641],[128.4409545800566,159.560087667194],[128.51612188815812,159.62385798599993],[128.53662825702492,159.6550996918109],[128.5394035095918,159.64870570608383],[128.6128793482994,159.7374690265971],[128.5799287898011,159.68002860337504],[128.5954573886915,159.68199604611786],[128.7161994168781,159.83041713696633],[128.70835129781165,159.8103762375796],[128.78538913596924,159.88229671433174],[128.9086742815326,160.0202515383332],[128.95267840438336,160.0954519351285],[129.1041300954006,160.25249383087535],[128.8295364721986,159.91681585392038],[128.77106689843387,159.82993717997672],[128.7463415604103,159.81463924508546],[128.60655824321722,159.64325165858727],[128.59081407492187,159.6099418509952],[128.62347100348137,159.62203211840688],[128.6039201706749,159.57571504288174],[128.69732874091596,159.6618014351118],[128.78586683970153,159.78219554948544],[128.8044008152003,159.78831162792045],[128.85332314054546,159.83674067995977],[128.86409738270015,159.83386332652975],[128.8166173023475,159.76198277897248],[128.7706512763715,159.72139546207325],[128.7025771984899,159.6310456986978],[128.67425449935766,159.61228981926072],[128.65680846435535,159.56013714553828],[128.4266919216707,159.2897430665168],[128.40098423923934,159.24654398001226],[128.49321000066686,159.31908004298512],[128.35860229247328,159.15519246746263],[128.38001407491225,159.14670833167818],[128.32831382690765,159.07605519156272],[128.3955511223087,159.14491909900164],[128.40096962981082,159.14274619516405],[128.54670811207885,159.32169817109144],[128.56802746085995,159.33355218254636],[128.53714508045857,159.28583657616235],[128.60438312436503,159.34089550707228],[128.6377569305671,159.38757308786128],[128.65382051240118,159.38865499933272],[128.74701584247538,159.48689457527118],[128.7216676245833,159.43112421662383],[128.88499236480303,159.56628977540942],[129.0739664475571,159.79026052115006],[129.16159148293514,159.880583213521],[129.14881426192622,159.8783870734472],[129.2891184865215,160.0458690084117],[129.28024923188204,160.04581503060385],[129.38084738842525,160.15754573871277],[129.37345786222951,160.1656149729058],[129.4221216872029,160.2089314675856],[129.45097935413756,160.261876555316],[129.4497221490899,160.29170229242135],[129.22023375914802,160.1216117805211],[129.22668896596466,160.1614649857599],[129.170479939024,160.10821188585962],[129.13620183748878,160.09008116080653],[129.17766248925108,160.14556814053572],[129.16852031102758,160.14612980861386],[129.2927350536447,160.25492624286233],[129.3334003729342,160.32372782538158],[129.35521362583364,160.33783179693629],[129.62049307063822,160.64800250968617],[129.6769049521324,160.69799990402686],[129.7471755801676,160.74394913354956],[129.73712342788312,160.72612665792556],[129.795464512815,160.76316105776965],[129.804180167147,160.75085459232096],[129.93002130415465,160.86031694741735],[129.9519169747365,160.86681023184633],[129.99077034904062,160.91314780638345],[129.9920489748573,160.89942600970875],[130.06558455044436,160.9845451531504],[130.28236134480719,161.1971378704097],[130.3209928124875,161.22546091555003],[130.30189370454124,161.1934803694615],[130.3990933011664,161.2882045318754],[130.42825484330197,161.32747163204448],[130.5626304067608,161.41155488029398],[130.738051358533,161.5793730796208],[130.74064314896304,161.58937172412652],[130.83860339735332,161.6810865557201],[130.83351583326925,161.66760446922765],[130.97963305359198,161.81394414582303],[130.96939842818097,161.8295213308766],[131.00760518774726,161.87267692241625],[131.00447800641575,161.8321904920852],[130.96411417518857,161.7816108433625],[130.8174772475218,161.63436852470699],[130.47104034360603,161.3314207619396],[130.37311786619588,161.2084646593292],[130.36559295254716,161.22844631038808],[130.31783532502175,161.18153645231672],[130.29053759854327,161.13557156155449],[130.34261795697236,161.17479776209305],[130.3511037549965,161.15314093687158],[130.26808107129176,161.06156037857565],[130.41590193072724,161.2112876723707],[130.4154479299061,161.22051183252353],[130.4567223547201,161.2569289569098],[130.52971627813744,161.3350607963103],[130.58389920303856,161.3703404131954],[130.44619511350422,161.13853792145093],[130.51485337413922,161.1869372528801],[130.31234204683443,160.95069798381968],[130.22901029876544,160.80946494191156],[130.2951986506695,160.8108310434644],[130.20394998232285,160.69499977330887],[130.23086666062622,160.69605994827404],[130.33318598942296,160.78100911506706],[130.3491065087867,160.7748336521832],[130.43147346236023,160.8561496157427],[130.5506740403441,160.95412191715513],[130.6615920865608,161.06600950760475],[130.6880389408138,161.12517710745982],[130.56857769552713,161.01959641211405],[130.6233164262262,161.07356699338055],[130.59587136838877,161.09580562223022],[130.52820536447155,161.03817057190756],[130.56981429487192,161.08702161933954],[130.65766264577798,161.14592438648708],[130.7409078005586,161.22769754474265],[130.95914421492947,161.412527541495],[130.91623081116052,161.34237400063327],[130.9349815927338,161.31836682766775],[131.09405485545318,161.4273325771375],[131.07713307352498,161.37394121966528],[131.11136346872007,161.39947544146438],[131.02613628984952,161.29263786378462],[131.0365170372797,161.2903535244757],[131.07918130666567,161.3349520693658],[131.10352956027683,161.34327460726007],[131.02784391056574,161.22603260766613],[130.808616710069,160.99789141404239],[130.85352328599066,161.02938793859536],[130.89055295432618,161.08116018127905],[130.99969242530918,161.15583513732653],[131.0679174026265,161.23219983730118],[131.10410298674722,161.25618991153718],[130.99965478840235,161.1294943415659],[130.95526044138512,161.1027705667375],[130.80139121479718,160.95881951018754],[130.72397606087543,160.8646361882348],[130.6177477333944,160.7594956939145],[130.3812167757266,160.49630517889955],[130.26165299021034,160.38044804576094],[130.14086091416866,160.28832519711418],[130.01470044996987,160.1725342045334],[129.9228846941822,160.12235893694674],[129.72437509427448,159.97134154646025],[129.50253737881818,159.76995057220446],[129.4711306505307,159.72914763607812],[129.50169013151606,159.72689278226704],[129.46743876498707,159.69843628131562],[129.44014333851032,159.68813540922025],[129.37193889576392,159.6375971398239],[129.35195863376146,159.63714140792902],[129.28835657554663,159.5759756109459],[129.2376021537699,159.50600652928935],[129.23926491128455,159.46543351439797],[129.13699119806677,159.33062013038426],[129.1231328752192,159.28796008789567],[129.07430344174713,159.2696584781532],[129.1433170890769,159.37656591592508],[129.15542399662732,159.37910711592798],[129.1626800820391,159.41266982845164],[129.13428377250045,159.39304609016256],[129.13563900408894,159.42380663502894],[129.04452388478498,159.32479108869725],[129.00426607364514,159.24816669376133],[128.93557848373408,159.17165454939067],[128.92620363107295,159.213267162702],[128.87224591119232,159.15753204885826],[128.84243751250312,159.11094393461727],[128.87501645301808,159.1279267405064],[128.79541035349283,159.0258052947675],[128.7839194483773,158.9986893561187],[128.82421517269532,159.02269540652108],[128.80366331148406,158.98674244768057],[128.84748366853947,159.00448474880082],[128.8938444166292,159.05202706102745],[128.83739330201826,158.97597799480292],[128.8252172485993,158.9343963717073],[128.85168603360688,158.96335843463973],[128.97232227179063,159.01178415149],[128.94859766050297,158.93961689911538],[128.97793383289118,158.94644970932498],[128.93854979172684,158.89625995030843],[128.8802650941133,158.84581096989032],[128.9130536716711,158.894468580518],[128.9269655424487,158.95014806610186],[128.790495349169,158.79365423749556],[128.77911366885175,158.76087708789356],[128.74132766609247,158.7334616398053],[128.77034993099215,158.78181890069843],[128.75657596129176,158.79093729792214],[128.770161349797,158.80013280481546],[128.78775872511335,158.84107692429708],[128.68507830688512,158.72704877666928],[128.69093843038746,158.74285175586272],[128.60473190363447,158.65235506987426],[128.56266515582132,158.6440296636732],[128.51868333134973,158.58277624081308],[128.63355292703352,158.6705049454507],[128.6228900674489,158.63294967558693],[128.65494439806827,158.64788772063002],[128.62261835415438,158.58582464278507],[128.68950863856006,158.63165035116623],[128.51633529185236,158.38098517568574],[128.4792948651919,158.33908998417843],[128.45718234632326,158.33965159889513],[128.32638961412817,158.21370071601095],[128.21229413313662,158.05769751920764],[128.12789628597375,157.97204486098778],[128.11720228401106,157.97230751257254],[128.17316377882986,158.0428053402538],[128.1611384127017,158.0438367377026],[128.11239082195004,157.9898816685127],[128.03155556256561,157.9239649721355],[127.84098516068121,157.7269262780543],[127.75501518149157,157.62496301478367],[127.77165827611813,157.6736756893474],[127.82272157618306,157.73973009990104],[127.82359586841375,157.7586486962342],[127.87366673636278,157.80648036441892],[127.88067883106864,157.8012135738368],[128.00140880810767,157.91718989950738],[128.0153956972829,157.95379901980598],[127.99302380160269,157.9493506140878],[128.04953762928682,158.02794666537199],[128.04518018414086,158.04904690219843],[128.0935209749724,158.08963565127024],[128.09963438981,158.1227985560706],[128.139630428997,158.15975619524073],[128.15027927316632,158.18669643988778],[128.20862511404977,158.25325085704984],[128.21207546005104,158.2726892411559],[128.1571546760086,158.2490264718083],[128.04534266687193,158.1405168551972],[128.00397147617014,158.08566934937915],[127.94277377810413,158.02636422365103],[127.99241913534111,158.05919434549492],[127.99889705842861,158.05006876899523],[127.92332277928733,157.96560853168273],[127.92283253278251,157.9466211758263],[127.87560387796744,157.90201834223672],[127.85684132490196,157.89378293487297],[127.86745442013121,157.90888493141915],[127.83283493814068,157.88871221811036],[127.86557984159839,157.95044101713043],[127.82416883380415,157.8935542905824],[127.79598875567414,157.88176961391596],[127.77518016092402,157.8456193617734],[127.7964292357876,157.86164784373753],[127.79719540798138,157.84506404114492],[127.76736079747312,157.80052338248967],[127.75897541316407,157.76857142707925],[127.73609120274064,157.7592903591308],[127.65625114720869,157.64508746374017],[127.63686046682184,157.6469196008044],[127.59236389614519,157.59140253473547],[127.60203194368935,157.57076570696208],[127.58232336857819,157.5477800260342],[127.5711991653428,157.55749735357026],[127.61116773386894,157.6452688591144],[127.60452406540806,157.65431468510945],[127.65241532953488,157.71909488619752],[127.6969459866666,157.79837248963804],[127.7039070641427,157.82856268291795],[127.60740376387987,157.7154805346538],[127.60500224896685,157.6969412161101],[127.5261272225321,157.59331024351815],[127.50624712739642,157.54532273452068],[127.49277576868666,157.54485219197176],[127.45690307292854,157.49140510956428],[127.45301916292412,157.46167453561563],[127.3773819781139,157.32728490115352],[127.431998852027,157.46899579291906],[127.4377379335529,157.51282596451233],[127.38829699624154,157.45411663742732],[127.29558684224332,157.28331814891075],[127.31033051015113,157.3422335617035],[127.25413526365982,157.26981780486616],[127.15117784957205,157.0996844399269],[127.10167056726918,157.0004373156193],[127.1218296741573,156.99749040072874],[127.14197228577589,157.01829952856076],[127.1173348320251,156.94042689775267],[127.17246440852351,157.00180028028888],[127.12541329410249,156.90645845322697],[127.1314810404937,156.92741438247666],[127.09261719342753,156.87297781509693],[127.09688000915345,156.86593974621508],[127.08436531439138,156.84239236051275],[127.07050190166424,156.8864382790065],[127.02257983724736,156.82759165140476],[126.9452556601934,156.63848748468777],[126.9301775268593,156.56702624212375],[126.88058276343426,156.50638156834853],[126.85613449285799,156.4270029534182],[126.87686823869922,156.4337964917428],[126.84945884192248,156.34203933908884],[126.90196034059136,156.4081705606763],[126.89263277650994,156.36518884073507],[126.87822089124334,156.35591498575894],[126.81924058596351,156.27183287837622],[126.7995696717352,156.22905068643317],[126.8120370548973,156.19101776695072],[126.8787842408509,156.26316344901645],[126.96788136832187,156.40101846146328],[126.96957555359661,156.3951858591663],[127.01113665953415,156.46933880779633],[127.04279277701565,156.50737007730064],[127.06378304198617,156.5648133782366],[127.09542370891141,156.6086318785289],[127.1270610112384,156.62372076906757],[127.01292216034523,156.42761935226292],[126.99150889253258,156.37013520646948],[126.96268450798608,156.33309514770494],[126.89883999151502,156.2139487606111],[126.87094064438368,156.1333919777047],[126.8014434096288,156.02162067904897],[126.75368750141307,155.91907718939603],[126.6655307551031,155.78588981135783],[126.60962902843157,155.6635628052494],[126.49921730926395,155.33032105102194],[126.49586433037497,155.2955556972129],[126.49623956583915,155.30982676823982],[126.37215613109706,155.06026192285074],[126.27329027262972,154.78112979722619],[126.2742108920578,154.79420885113063],[126.25817540125583,154.76771644126063],[126.25731872047476,154.7729313655962],[126.06750605212886,154.32428727997367],[125.96736851876132,154.2212999403128],[125.97160927326217,154.22973071671416],[125.89778484668469,154.13085203486202],[125.86567741033856,154.07386434414235],[125.87426667272265,154.05798359693154],[125.90236396798454,154.08008503305282],[125.90103579754658,154.0574261423684],[125.90933693145776,154.06475088181065],[125.92763317741412,154.0580526851844],[125.91895841266904,154.03133154018815],[125.9381919470603,154.02589852002444],[125.93554004887282,154.01717167590087],[125.94808724752204,154.01927796434606],[125.95116417010938,154.01147082409253],[125.96759400855328,154.02488764868815],[125.96289205875378,154.01951721708943],[125.96944215109569,154.02000518648705],[125.90107406184434,153.9121155636286],[125.96590156283452,153.93647669903146],[126.09109024460618,153.93997109839069],[126.10523636799623,153.9469992534022],[126.09165046466259,153.9358258594003],[126.12836979349872,153.9485925783723],[126.12365200164699,153.94149349993847],[126.1674201397214,153.9551250835933],[126.19326987913261,153.968493338138],[126.20102235811535,153.9575285522187],[126.24950658680794,153.97782309217598],[126.2466560803296,153.96933449099345],[126.27548735278668,153.9586796910008],[126.21866104113836,153.91438524810613],[126.21980201326659,153.8982888173447],[126.34102587953316,153.9665930494573],[126.31580515070291,153.94833470958667],[126.45299771885098,154.0115883137079],[126.4675103566886,154.00970684339893],[126.5659249691693,154.05766253539315],[126.53154646174815,154.0485350539923],[126.60383072069108,154.10626798364754],[126.64010404533018,154.118029922212],[126.66744317270691,154.14013265220635],[126.69957908410058,154.13273128508723],[126.79791431698168,154.18863610486142],[126.79074384888023,154.18695394412748],[126.96978537138597,154.2950541463236],[127.00370704629714,154.27737179804384],[127.06123508592003,154.3086956400857],[127.16814505141078,154.34452505765503],[127.21296717785108,154.37091567946518],[127.49410354103267,154.47650283948784],[127.47371524564036,154.47485081600334],[127.81611957194411,154.587614645551],[127.93926261093361,154.63909648444488],[127.94021079123358,154.61947546642864],[127.99293399602001,154.62736003587625],[128.1100505063745,154.58785399980698],[128.36835074509952,154.62318820881788],[128.04935484885067,154.26500408147734],[127.69746311002267,153.89514838481097],[127.459996645984,153.49809562605208],[127.35645276317828,153.3671614481169],[127.25767875405398,153.28196708029125],[126.89255335253424,152.91248776195468],[126.70572282079378,152.75176047442739],[126.49759462742972,152.494614989821],[126.23923431999222,152.06517665970702],[126.11404838547196,151.7740872592123],[125.91652486233113,151.57462239416685],[125.6931566050051,151.39591936293562],[125.51476614057086,151.10897426634602],[125.43158668820982,150.93537646578267],[125.27093980290987,150.537771887891],[125.18667601205212,150.28577346325358],[125.12477970390272,150.17123481766063],[125.06693750258589,150.0171544288106],[124.91154339120997,149.77955171822836],[124.67921643348689,149.10145516597194],[124.29281384552823,148.70961309102807],[124.0703053195249,148.48364979049907],[124.00757247513468,148.3828320258853],[123.8203762281903,147.78921276031403],[123.66027119141955,147.73531233031696],[123.562382418258,147.6916334754682],[123.0399898387642,147.59052854291005],[122.98327885388947,147.55713556485819],[122.91601947498752,147.25954089930778],[122.87465513643204,147.1328101806423],[122.85281149828153,147.0980557452554],[122.57046266361928,146.8959998085023],[122.00049111033839,146.38794839921343],[121.86950630308563,146.24745954252242],[121.53622279910655,145.72023230354554],[121.3643992823311,145.54056115665958],[121.16548049080676,145.31506837842397],[120.98562575447477,145.14418077063903],[120.84863926896531,144.96104803673128],[120.7061027857766,144.8312187456953],[120.397030812451,144.42325703962337],[120.11799622829642,144.00421397203993],[119.39455748371743,143.21151463466975],[119.30838181135275,143.11695797086364],[119.1535317177414,142.917536075885],[118.3786729016474,142.3005890386703],[118.21684951023072,142.18241953297013]]],[[[125.76277684817238,160.30423076437086],[125.75868120729557,160.34896795841757],[125.75933383783709,160.35327138786414],[125.76277684817238,160.30423076437086]]],[[[126.94537135195229,160.93512690637084],[126.94190066681887,160.93109938346686],[126.94504564880786,160.9500580647201],[126.94537135195229,160.93512690637084]]],[[[133.6221843115511,164.88684949121995],[133.6507627854974,164.89945177538203],[133.6347278985553,164.88161759455954],[133.6221843115511,164.88684949121995]]],[[[127.00307347493295,160.9639254814354],[126.9972218215646,160.95096746240776],[126.99664618520193,161.07599231177608],[127.01201213787685,161.01403698269482],[127.00307347493295,160.9639254814354]]],[[[126.94681787096492,161.01198258086853],[126.93761340325158,160.99739217884914],[126.94215901880744,161.03297261549358],[126.95162226249113,161.036240631217],[126.94681787096492,161.01198258086853]]],[[[133.8840871937035,165.15589119778025],[133.8965413161292,165.1554815444525],[133.44172827732163,164.5719870547116],[133.40004360506902,164.5303414555781],[133.36661032462484,164.4731120491306],[133.16147077860634,164.30229990403137],[133.13094726950106,164.2974117929898],[133.00305481740702,164.1941883389057],[133.00700883348497,164.1490773422769],[132.94834477793498,164.12073948845602],[132.8496076935543,164.02641066707918],[132.83105478787843,164.02708545086193],[132.7045755101033,163.90700918493272],[132.60886235676665,163.85058885081244],[132.61052111492302,163.82847626782996],[132.55714146941764,163.78144691630766],[132.55763890788742,163.7681828928648],[132.4787636171198,163.68138422032575],[132.3821463957869,163.5946509023189],[132.26126290903278,163.45559841386307],[132.14833180125652,163.3701190823726],[132.12595968174722,163.3399446558606],[132.00347061334358,163.2500998627134],[131.96934808754557,163.20744952645617],[131.90036724692447,163.1524725619597],[131.94304005095748,163.20312541838874],[131.8406783456796,163.12064590119888],[131.76504061198554,163.0325504356722],[131.7415672138508,163.04043426140066],[131.8986808935539,163.19130953969628],[131.9923339055849,163.31247987863773],[132.03313159899056,163.32561259507594],[132.1539287032705,163.4434057612923],[132.19558123228387,163.46442450969667],[132.2407679287874,163.51851002706252],[132.39165633859307,163.65169628772486],[132.52176346433885,163.81794710218423],[132.66523947052278,163.96212844116002],[132.79040945510891,164.07151834770357],[132.8461854979929,164.14478332312325],[132.94599942715584,164.20122291087844],[133.1291646623676,164.36147182841725],[133.12786971901807,164.3319837376131],[133.25954112647435,164.42723188487614],[133.39114318697133,164.54448501226335],[133.42314046645265,164.58397413256867],[133.49539790634125,164.71041119570572],[133.52416445540018,164.71925586781322],[133.57645866687892,164.78341703879187],[133.57752305193912,164.80995538046102],[133.5273202874194,164.77728673163813],[133.5676680911921,164.82111884351608],[133.61952430911953,164.83730795207444],[133.6994283448057,164.93226107835457],[133.71816819599613,164.97809694526651],[133.6581564101803,164.95253252637968],[133.746343108896,165.03639609787794],[133.7454895738909,165.01692037843236],[133.78996860313467,165.05881242877652],[133.79710233454597,165.0876167790341],[133.8840871937035,165.15589119778025]]],[[[133.907223180825,165.2109705525245],[133.87646679881257,165.1697619418723],[133.83680455694494,165.1511328842884],[133.86728299579752,165.1985238108376],[133.93588792364616,165.24041009287248],[133.907223180825,165.2109705525245]]],[[[126.92649511637804,161.0964021123578],[126.92427674157291,161.09967353343364],[126.92806859489451,161.1559380913275],[126.92649511637804,161.0964021123578]]],[[[126.8260790870987,161.18751971014848],[126.8108142696064,160.7327115531993],[126.80200660727986,160.69231454797503],[126.7961421206131,160.6982048965858],[126.78476436208467,160.59116812893456],[126.80178967053557,160.6121463026349],[126.7968302288489,160.57444623649693],[126.79043367846774,160.57065971527558],[126.755837883919,160.39796493604288],[126.71198247446917,160.06211231780472],[126.7413970773611,160.53390350772472],[126.73792405823035,160.62646472791863],[126.75420986953208,160.64896953951376],[126.7734449858573,160.82815213901551],[126.76289470915574,160.84459516777736],[126.76194144103987,160.9692619677177],[126.77492690303657,160.90781095400433],[126.798472179689,160.96314239994172],[126.80960511170761,161.01655235060804],[126.81428458336134,161.1805857303445],[126.8260790870987,161.18751971014848]]],[[[126.92626213323699,161.2639967778602],[126.93035442183688,161.25506868258293],[126.92680286219874,161.1942967224817],[126.92626213323699,161.2639967778602]]]]}},{"type":"Feature","properties":{"Level":"ADM1","shapeGroup":"AUS","shapeID":"AUS-ADM1-42912490B41692690","shapeISO":"AU-QLD","shapeName":"Queensland","shapeType":"ADM1"},"geometry":{"type":"MultiPolygon","coordinates":[[[[181.99605547511004,133.6935199689295],[181.9806510412501,133.69843064458934],[181.97966408873992,133.71526130489184],[181.99605547511004,133.6935199689295]]],[[[181.9708708316648,133.8642288312688],[181.9645873168324,133.87979018169844],[181.98521208161145,133.88272028931743],[181.9708708316648,133.8642288312688]]],[[[181.97797520658114,133.91239590041417],[181.96393367539713,133.90627652366697],[181.9427439445597,133.92046249127725],[181.97797520658114,133.91239590041417]]],[[[181.9423953840706,133.93551066925036],[181.95545688042728,133.923100958328],[181.89933882118044,133.94213767132618],[181.9423953840706,133.93551066925036]]],[[[181.98391405649897,133.92826397544428],[181.96266091055983,133.9279442500224],[181.93542547706156,133.94582653192884],[181.98391405649897,133.92826397544428]]],[[[182.01627562992144,133.935941788964],[182.07247812666202,133.55024050227382],[182.03986685791895,133.68023912930067],[181.9855400540589,133.73322401887833],[181.96375837969399,133.8109381845405],[181.9976729730773,133.8160293868864],[182.01627562992144,133.935941788964]]],[[[181.98582216749386,133.95650679296426],[181.91484271868717,133.95977341897128],[181.9024555465599,133.97662814887917],[181.98582216749386,133.95650679296426]]],[[[181.81153778405522,133.99500101955553],[181.84968483245206,133.96270464655032],[181.95992230428544,133.90820796564543],[181.81481473217346,133.954779628314],[181.7697116503229,134.03045637609864],[181.81153778405522,133.99500101955553]]],[[[181.86411584674562,134.0134642958471],[181.8949164766275,133.97644564071908],[181.9192906712087,133.95582735871096],[181.8719664942977,133.95876151077692],[181.81338633108282,134.01084894892222],[181.86411584674562,134.0134642958471]]],[[[182.02708572624567,133.94910084577057],[182.01058661505988,133.96028211616323],[182.02495962980086,133.96648903739788],[182.02708572624567,133.94910084577057]]],[[[181.807678585794,134.0420054764043],[181.79481086355742,134.02161699093529],[181.76960659363712,134.0670185126944],[181.807678585794,134.0420054764043]]],[[[181.93620796932748,134.0034145383949],[181.98345121336436,133.97969186811355],[181.91817725188096,133.9985005945404],[181.93620796932748,134.0034145383949]]],[[[181.86843409627437,134.02746925822652],[181.9254620153825,133.98195182772452],[181.893948855831,133.98619929854766],[181.8681966165673,134.0155490103965],[181.83754100431085,134.03532599754777],[181.86843409627437,134.02746925822652]]],[[[181.7804326733592,134.08898210414074],[181.8065026557951,134.07950730573413],[181.8324991123571,134.02944076289606],[181.7804326733592,134.08898210414074]]],[[[181.84164975972735,134.0773455740068],[181.88004542714768,134.0353915235885],[181.84222033471076,134.0423254711126],[181.80729666601331,134.09238762265008],[181.84164975972735,134.0773455740068]]],[[[181.63231946204553,134.2199216777163],[181.66502024381663,134.17908742650488],[181.6086018414327,134.20713634979745],[181.5943866953691,134.23623377327726],[181.63231946204553,134.2199216777163]]],[[[181.8633015146879,134.1965871340932],[181.83234248942006,134.1942100142901],[181.83550987887554,134.2030069101799],[181.8633015146879,134.1965871340932]]],[[[181.7286782556735,134.17647534351647],[181.6897576072641,134.19673869347614],[181.6921039144329,134.254800065233],[181.7286782556735,134.17647534351647]]],[[[181.85657838281813,134.21901273032952],[181.7965199403323,134.20663952801624],[181.84986887219796,134.10696730212075],[181.81777461548663,134.09378598803784],[181.74797792312984,134.14643319419318],[181.77569328272145,134.17420038395323],[181.73591795135565,134.20132181241965],[181.73495935852668,134.2523050811976],[181.85657838281813,134.21901273032952]]],[[[181.71562242729217,134.28086535354902],[181.77993683890102,134.2489351266526],[181.7121942638418,134.27394207565627],[181.71562242729217,134.28086535354902]]],[[[181.6043378223739,134.31933900524976],[181.63998584432068,134.28760793750857],[181.6181558685727,134.24621977938702],[181.58682423807457,134.2960987161826],[181.6043378223739,134.31933900524976]]],[[[181.62155613395248,134.34424580976108],[181.6684506525215,134.3046186154352],[181.6608345043571,134.29515483715215],[181.62155613395248,134.34424580976108]]],[[[181.7564171054391,134.30241680861852],[181.78072291578002,134.28753828980655],[181.7302702776666,134.2849613521271],[181.7564171054391,134.30241680861852]]],[[[181.61207296850432,134.38249223833435],[181.61250441701355,134.34843790065722],[181.5970594337768,134.36754605002912],[181.61207296850432,134.38249223833435]]],[[[181.66817248809164,134.40667117385172],[181.68207807598685,134.33601559509407],[181.7347681445608,134.30899606665076],[181.6996476758009,134.29297833313666],[181.6438648537367,134.33427383791184],[181.66817248809164,134.40667117385172]]],[[[181.56196541902858,134.48408717734281],[181.58464232298388,134.4546857685259],[181.54252866656373,134.4674184495782],[181.56196541902858,134.48408717734281]]],[[[181.60319001838582,134.62278583230477],[181.65637771096593,134.58001455609306],[181.56725063954696,134.58432582545552],[181.53581182709763,134.6249836563893],[181.60319001838582,134.62278583230477]]],[[[181.15090931020666,134.92479428759606],[181.1812779804619,134.89955075801026],[181.17085297918007,134.8981482615651],[181.15090931020666,134.92479428759606]]],[[[180.90663506997058,135.0600451471772],[180.9487941872893,135.01303034807262],[180.8654735270991,135.07540741319485],[180.90663506997058,135.0600451471772]]],[[[180.97106008204872,135.04850007469457],[180.99162373985655,135.0214183141866],[180.9490182478441,135.0519565283181],[180.97106008204872,135.04850007469457]]],[[[181.8545769623564,134.7250800786935],[181.94861457860767,134.63861131041662],[182.1448320383429,134.54601114716417],[182.03107503091923,134.20351723207864],[182.04757375015788,133.96938971797744],[182.01179955323036,133.98283640657078],[182.01572128113713,134.00590050157322],[181.9855540468191,134.0129514661818],[181.98630467393951,133.97969294657076],[181.93115556236572,134.009047094226],[181.9156154227547,134.00136941645144],[181.84161583511695,134.089398851079],[181.86169465095304,134.09141593004534],[181.83310451980276,134.1825099864423],[181.88772494078074,134.19060754688866],[181.82754173133338,134.28877624251177],[181.78399025562624,134.5056306001649],[181.729951094437,134.556402227028],[181.79176717585096,134.5866086869026],[181.79526152989177,134.73867803121107],[181.8545769623564,134.7250800786935]]],[[[181.14976641557638,135.00590506785977],[181.16552675346395,134.96572550570914],[181.12916313436574,134.98597127001733],[181.14976641557638,135.00590506785977]]],[[[180.92790288579954,135.13222131697484],[180.97431693202284,135.1017478240144],[180.9429459608453,135.07772650986797],[180.9668545539417,135.05156726708833],[180.8754069325035,135.07650442225406],[180.92790288579954,135.13222131697484]]],[[[181.65850897857882,134.8964652961352],[181.65781011551312,134.8819532896362],[181.62292910329663,134.90822399590712],[181.64444970470177,134.9308312167226],[181.65850897857882,134.8964652961352]]],[[[180.1972624239121,135.851738564201],[180.23757445736572,135.8265936330128],[180.1983944741594,135.83742711181338],[180.1972624239121,135.851738564201]]],[[[181.6232613258033,135.54928001956117],[181.6646545080967,135.52717873738953],[181.61342430176256,135.25423718416022],[181.6435895044748,135.0638383497874],[181.75819624378954,134.85827080278142],[181.74224266714347,134.8200362306676],[181.70748052101163,134.85033989215322],[181.7009925268454,134.90112869357893],[181.44503423302865,135.25825519266007],[181.45432840701403,135.30522914894718],[181.39248677474575,135.41021368925328],[181.3995018495388,135.4735327593031],[181.3460526583014,135.57815631105865],[181.6232613258033,135.54928001956117]]],[[[180.24834140078838,136.142332231473],[180.26042084069587,136.11763497275092],[180.2394019159032,136.13225921442591],[180.24834140078838,136.142332231473]]],[[[180.2397332003742,136.38443501250742],[180.23425436989368,136.3739325971546],[180.2016730527493,136.37831368378278],[180.2397332003742,136.38443501250742]]],[[[180.28618415090716,136.50321748955542],[180.32711927849516,136.3735777319342],[180.5188951187523,136.08588534299224],[180.78583916255988,135.7764385615201],[180.77397452205128,135.73837377469488],[180.65032664392038,135.78025972986967],[180.49322901104028,135.94095446692953],[180.51442877545122,135.95807595550792],[180.32620656122094,136.08671344154874],[180.26947288919686,136.18033090139852],[180.22570712049,136.21062549897638],[180.23805745257872,136.2617663070118],[180.15660258550787,136.3658008730766],[180.32659907136738,136.37028567991615],[180.28618415090716,136.50321748955542]]],[[[178.76008876362948,139.23850103074759],[178.78438417884243,139.22211059699526],[178.77361526345936,139.21531921734837],[178.76008876362948,139.23850103074759]]],[[[178.86534400267288,139.23274506494016],[178.8865033729037,139.20551229096833],[178.8621929678614,139.21297646203251],[178.86534400267288,139.23274506494016]]],[[[178.78542458720557,139.26725379662923],[178.79552315215733,139.23330843949543],[178.76956009096043,139.28147146562503],[178.78542458720557,139.26725379662923]]],[[[178.63689963706904,139.33602851297582],[178.66461771342293,139.29092945372253],[178.63693683901806,139.3048211051398],[178.63689963706904,139.33602851297582]]],[[[178.73539817643837,139.30985077544938],[178.75378564475795,139.26542470988574],[178.72180915668798,139.3113277687557],[178.73539817643837,139.30985077544938]]],[[[178.5937449962165,139.3730213544249],[178.5860090711882,139.35265388900143],[178.56645744463245,139.36927989865555],[178.5937449962165,139.3730213544249]]],[[[178.64718459831462,139.35998472575758],[178.66723274050503,139.335801337343],[178.6262239539228,139.34396388390897],[178.64718459831462,139.35998472575758]]],[[[178.60973332173307,139.37369755594102],[178.6242775847712,139.36824867776772],[178.60861098727406,139.35954260927147],[178.60973332173307,139.37369755594102]]],[[[178.8182897457215,139.31272064561063],[178.80735533412837,139.2760252744707],[178.79042566626768,139.3225453671978],[178.8182897457215,139.31272064561063]]],[[[178.67781591806883,139.3608773056473],[178.6731524103715,139.34850090470775],[178.66420122508117,139.37495173997758],[178.67781591806883,139.3608773056473]]],[[[178.63689140111262,139.38015204899094],[178.60067893638302,139.37706041398852],[178.60580452774445,139.38741211896647],[178.63689140111262,139.38015204899094]]],[[[178.80944036611845,139.31821531436637],[178.79030895197306,139.33462435217973],[178.81343552044362,139.33597697800764],[178.80944036611845,139.31821531436637]]],[[[178.64943966267006,139.39752960064072],[178.61736319674893,139.39489337618522],[178.62177983519663,139.41062187678025],[178.64943966267006,139.39752960064072]]],[[[178.8454949543841,139.41054044110516],[178.80597346495483,139.39957362114967],[178.82077167051875,139.4162218511131],[178.8454949543841,139.41054044110516]]],[[[178.71506319842888,139.4744091227484],[178.7350254769268,139.41425882264508],[178.75803092335732,139.40580959113316],[178.68446758064124,139.40554183724686],[178.64377332709876,139.45809204300906],[178.71506319842888,139.4744091227484]]],[[[178.75526651050978,139.46555879521517],[178.78636451136737,139.45941350423487],[178.80638084970445,139.4311739094846],[178.77504606615415,139.40417644409774],[178.73715602027374,139.41968510059644],[178.73390697961028,139.47751697704032],[178.75526651050978,139.46555879521517]]],[[[178.8391656558153,139.43096997822687],[178.82290937014736,139.43315914620743],[178.82404596964653,139.46422266085597],[178.8391656558153,139.43096997822687]]],[[[178.68100886474846,139.5070489475789],[178.67088324798397,139.49706454641387],[178.64475953842435,139.51453873088073],[178.68100886474846,139.5070489475789]]],[[[178.81401747366021,139.75577588072272],[178.91986808544377,139.68108244628797],[178.93312239673077,139.6449335455519],[178.77009418007103,139.76790069636084],[178.79061509360872,139.77631119655047],[178.81401747366021,139.75577588072272]]],[[[176.88861504634642,141.07056219715008],[176.87735174846355,141.0770740332703],[176.88495123832942,141.09473894802287],[176.88861504634642,141.07056219715008]]],[[[179.85026099296516,140.4543106582156],[179.8787543070431,140.44951614473732],[179.88366785312652,140.1327699160966],[179.97376351183962,139.97485302070015],[180.09636137744644,139.89293115191492],[180.1777395097481,139.8692050690994],[180.2028503210545,139.79545936717406],[179.48857995880041,139.3307200531218],[179.38623898000276,139.18859282502666],[179.32754453721014,138.97118782310673],[179.41401748090485,138.7977682170944],[179.39071496210508,138.7428584389815],[179.33485292652028,138.75108939704677],[179.22047004371274,138.80318555402616],[179.07443961262777,138.93987369450525],[178.89829233503042,139.21490926227222],[178.81710462469422,139.26854148631787],[178.83134643767593,139.28267552442287],[178.82069246468845,139.32754854255822],[178.92484820745472,139.37637353668106],[178.88728798617385,139.4620621323939],[179.1283304790312,139.57718799957104],[179.0963926941112,139.69009156407512],[179.13857145267596,139.72765699283616],[179.10410282133006,139.76727150656583],[179.02032954987652,139.78170834458237],[178.93962019206822,139.81847753944805],[179.07016188232623,139.85042164359987],[179.15685232059838,139.8419513962611],[179.52329718769704,139.86766505441608],[179.7677068250816,139.95703123668855],[179.77146845999383,140.05462393260945],[179.58875960212464,140.2278562534953],[179.4937350018077,140.28183360726712],[179.41395599492847,140.30228703412405],[179.43126326317656,140.32588590995567],[179.7107689720957,140.4439301080845],[179.85026099296516,140.4543106582156]]],[[[174.08857474770784,142.91442597324564],[174.05936431913128,142.9249843090193],[174.08148758465205,142.9303869030954],[174.08857474770784,142.91442597324564]]],[[[174.49624441065924,142.86419215301441],[174.49432024781586,142.85067234563826],[174.4535386804964,142.87326348668986],[174.49624441065924,142.86419215301441]]],[[[173.79817346360525,143.05302880828253],[173.79433746652205,143.03228144551503],[173.78353613665132,143.04825913381572],[173.79817346360525,143.05302880828253]]],[[[173.81016055828326,143.05606930895004],[173.8480378917212,143.02939254818676],[173.84603136427364,143.02271810690752],[173.81016055828326,143.05606930895004]]],[[[173.7056307041287,143.08481554929276],[173.7106356205671,143.05801332582672],[173.6766293195492,143.08175822821548],[173.7056307041287,143.08481554929276]]],[[[174.48025172227622,142.86918481036994],[174.45766415222764,142.88000942201032],[174.46749077698496,142.88213409625786],[174.48025172227622,142.86918481036994]]],[[[173.72517376346704,143.14418418923816],[173.81965166858865,143.11527154356205],[174.08690709684362,142.99444803409517],[174.0910048488813,142.98238289382553],[173.92497110587985,143.02348097306788],[173.85190718211857,143.0341049436866],[173.73617742826224,143.10334712731873],[173.72517376346704,143.14418418923816]]],[[[173.5221132110805,143.25365229558537],[173.67633952811076,143.16410210028144],[173.67857107824622,143.12755102890048],[173.60825541863525,143.17556140977013],[173.55468659107208,143.20110170924133],[173.58714132600286,143.19031340697623],[173.56349160463222,143.2241677088942],[173.5221132110805,143.25365229558537]]],[[[173.34654606700866,143.3770777655534],[173.4252487553349,143.30490811833886],[173.43309003369637,143.27018916750777],[173.4156190284612,143.2761959277126],[173.38420571971315,143.26684529632806],[173.3491184393239,143.30551325729343],[173.33692402415247,143.30987432089464],[173.2786153111613,143.31556171556537],[173.20652256618817,143.35895377654134],[173.3199973468513,143.4179847823727],[173.34654606700866,143.3770777655534]]],[[[173.25378150873797,143.39998059605688],[173.25599853277015,143.4373185948306],[173.283670028509,143.41308407816584],[173.25378150873797,143.39998059605688]]],[[[173.2796637002439,143.4594293168502],[173.2861035326128,143.41513496784003],[173.25695557351034,143.44349830150557],[173.2796637002439,143.4594293168502]]],[[[173.3650017917805,143.5740809374385],[173.3820892688258,143.53258773332925],[173.49230024379074,143.4650129109882],[173.54590461798728,143.360379262931],[173.49221153577426,143.36641153664576],[173.42365675437472,143.47307463955036],[173.36887241621235,143.47659983020367],[173.32540328845164,143.56435850952684],[173.34219835406518,143.58473333671242],[173.3650017917805,143.5740809374385]]],[[[171.7138384811119,144.35390190659018],[171.6291163161323,144.3956123840417],[171.71194620989198,144.36792734732512],[171.7138384811119,144.35390190659018]]],[[[171.62751591854095,144.38615992359303],[171.59501390335367,144.39998961432568],[171.61416167034523,144.40027648399524],[171.62751591854095,144.38615992359303]]],[[[171.7220487437685,144.37721651393042],[171.67499404617416,144.39992383235577],[171.7414365388206,144.39011256513777],[171.7220487437685,144.37721651393042]]],[[[172.4031575588956,144.29914632844051],[172.47599838126936,144.25261047843162],[172.44459453221205,144.25021485227373],[172.47682280562947,144.22189959525767],[172.49630328134745,144.22678102689227],[172.74508940616053,144.1150785092647],[172.89665883725309,144.07923435769737],[172.86994263439675,144.04625203131303],[172.95868048677482,144.07906853859396],[172.99044914333984,144.1250720237056],[172.98500993899668,143.8905558914279],[173.02700449319866,143.83573336959654],[173.10948098316666,143.778965629706],[173.14114246545327,143.7761544226002],[173.27722693082114,143.59668241119277],[173.19093849125824,143.6056552295423],[173.1852214249121,143.56399269067649],[173.10090706064057,143.61995598177214],[172.97660905332023,143.614966928017],[172.79243431754165,143.74447557411744],[172.86201283132107,143.73022636203336],[173.00405232997196,143.73029857035374],[172.96286325736912,143.73177186475252],[172.9704975820771,143.75794332851657],[172.95842218676478,143.73387628616916],[172.87168624435128,143.73511169438083],[172.76023758847532,143.7772559465655],[172.67193199727987,143.87873032609824],[172.55400335313269,143.95092700701682],[172.52556795593458,143.95408267962603],[172.35572134507498,144.04769693530025],[172.30740282504956,144.13851050743915],[172.2379805935191,144.1827579940798],[172.11988184903717,144.31257062516949],[172.2423995843282,144.3044155161716],[172.25348884668918,144.33422346959117],[172.37384469472912,144.2960204851256],[172.4031575588956,144.29914632844051]]],[[[174.5642360927324,144.20980452374076],[174.52159461031096,144.2182749960277],[174.57831927788195,144.2157197307444],[174.5642360927324,144.20980452374076]]],[[[171.81129336183398,144.74047650515615],[171.78381882278848,144.74887055339386],[171.78502933172396,144.75662575482684],[171.81129336183398,144.74047650515615]]],[[[172.06448066536043,144.8240911800815],[172.04087918622332,144.8302038486163],[172.06511891419424,144.84083924378854],[172.06448066536043,144.8240911800815]]],[[[172.41903969371936,144.87835093082447],[172.37666491400805,144.88315230942771],[172.40673837779696,144.8918655260252],[172.41903969371936,144.87835093082447]]],[[[172.06107915808755,144.96319764080096],[172.0751161120009,144.90859846580062],[172.11482022512757,144.89601500015652],[171.96171271741866,144.88965152827302],[171.9194932317492,144.92784337824645],[172.06107915808755,144.96319764080096]]],[[[171.80141530288893,145.1785228802729],[171.84204102785603,145.1252520360903],[171.80991576172127,145.14673969716682],[171.7614650737386,145.14828102861816],[171.7655603478888,145.20546691070547],[171.80141530288893,145.1785228802729]]],[[[170.35663075804354,146.46050521296573],[170.34078338595435,146.4728617992512],[170.34807391530873,146.4888670014669],[170.35663075804354,146.46050521296573]]],[[[169.74548646041177,146.89437816236568],[169.67906275884843,146.86377823169934],[169.71164567471345,146.89418715800093],[169.74548646041177,146.89437816236568]]],[[[168.49941900343518,147.19122315416465],[168.54231191785493,147.182170989891],[168.50379598387937,147.17714108536342],[168.49941900343518,147.19122315416465]]],[[[168.5704919911954,147.21804314941585],[168.53577643315015,147.20837555631567],[168.52885212466924,147.22072403961192],[168.5704919911954,147.21804314941585]]],[[[168.52444892060467,147.19223019150184],[168.48124093946052,147.1997332481534],[168.50029255232536,147.2276712646269],[168.52444892060467,147.19223019150184]]],[[[169.9121784775628,147.0771474263752],[169.89800066219678,147.06198296169507],[169.83040536475042,147.07104420889613],[169.9121784775628,147.0771474263752]]],[[[168.55801351570247,147.1781713113524],[168.54897539033757,147.19484337833947],[168.61678249624083,147.22879483218628],[168.58725960151597,147.1785867198169],[168.55801351570247,147.1781713113524]]],[[[169.75463142148118,147.10093441728077],[169.72341862813767,147.1114000686636],[169.7663600226829,147.1043565973157],[169.75463142148118,147.10093441728077]]],[[[170.3466333924954,147.0468826936259],[170.31386620149803,147.03861147820663],[170.333615356205,146.99152337197526],[170.21387996694395,146.97117452074397],[170.2102716828826,146.94306048881745],[170.17995090960534,146.9705391346997],[170.26242683733324,146.99974872704817],[170.23550252700073,147.01445147417405],[170.27057527664857,147.0459032001284],[170.3466333924954,147.0468826936259]]],[[[170.44672891155142,147.06549703805715],[170.51802563506234,147.0342155659533],[170.54730188176572,146.94032405580253],[170.59987341994957,146.9266907950859],[170.6199167870402,146.89746576652587],[170.59724973854807,146.8816046746092],[170.5769845902564,146.8980162391658],[170.5548805477139,146.85708407569064],[170.51827087691083,146.86893631482738],[170.47333787995214,146.85402168119117],[170.49080795471787,146.841362967589],[170.36169698929058,146.82689147387285],[170.35879176952488,146.87810024227414],[170.39192050803575,146.88573900071663],[170.34975339790034,146.92546475099675],[170.30784161567286,146.9267013762591],[170.3622381758118,146.95425498999944],[170.34933144148545,146.97600136153065],[170.37388556318322,146.98435721702157],[170.42828108980072,146.96671705655802],[170.40846538054626,147.01157935448765],[170.42638994437786,147.03917680314618],[170.37987856145065,147.03459363839002],[170.36762241691778,147.0558571495198],[170.4035535694603,147.08048645792573],[170.44672891155142,147.06549703805715]]],[[[168.65993545866286,147.27148938556186],[168.67754110989935,147.3108887673194],[168.69833096001358,147.29019208034802],[168.65993545866286,147.27148938556186]]],[[[167.5077768006899,147.4859961732062],[167.4570419451181,147.5153309211693],[167.47532838676403,147.52358798122913],[167.5077768006899,147.4859961732062]]],[[[169.0060925807362,147.40355336870203],[169.07794789266015,147.39486311301167],[169.06637196845955,147.38124692576602],[169.00341086659824,147.3961072021477],[169.0198195376347,147.36383842900221],[168.90099379708735,147.34563547368057],[168.86279416013235,147.32397687155319],[168.74878635859312,147.3120789759314],[168.71709883326497,147.3490182217559],[168.7819917124505,147.37327430350058],[168.85394374978472,147.36777436411444],[168.8708322575209,147.38750884557092],[168.9368915563134,147.39637420751782],[168.96110567463185,147.3781410011091],[168.997009074626,147.41285265883383],[169.0060925807362,147.40355336870203]]],[[[171.02732886427202,147.23759220822362],[171.04711526341362,147.22216060339036],[171.02349259743386,147.21766176307423],[171.02732886427202,147.23759220822362]]],[[[168.66063582865513,147.44861000297092],[168.71000694666878,147.38483444085347],[168.64540137609902,147.26462261466415],[168.57902542962495,147.22527191648936],[168.53554547175622,147.2236236694092],[168.4546527919382,147.25828663165728],[168.50675142597723,147.2800117988022],[168.46409077158984,147.3103438838569],[168.53460214436552,147.4579360478498],[168.56108397710264,147.45549754910368],[168.56746138557622,147.50939499984554],[168.6505932739836,147.53145585194568],[168.66063582865513,147.44861000297092]]],[[[169.90809849228035,147.4603154271308],[169.89136740181215,147.45477312235892],[169.8803178095935,147.4618500224094],[169.90809849228035,147.4603154271308]]],[[[170.1245647654247,147.45831240206655],[170.12922565435744,147.43522351419253],[170.10435675469122,147.45071382679646],[170.1245647654247,147.45831240206655]]],[[[168.58791944936786,147.64418576904515],[168.52518962290497,147.6124690954059],[168.45976059490812,147.63220939153928],[168.58791944936786,147.64418576904515]]],[[[169.42253252820495,147.55392099237002],[169.38367231148627,147.55338486319624],[169.40654312913603,147.57502760502348],[169.42253252820495,147.55392099237002]]],[[[168.33351133207736,147.6828408088714],[168.3591810037005,147.66585602506106],[168.32787225603897,147.67449878265597],[168.33351133207736,147.6828408088714]]],[[[169.56095309435244,147.5917142884187],[169.5744010334006,147.5703196273739],[169.55148238776536,147.569941806952],[169.55312270363922,147.54150632257858],[169.51578800935744,147.5350005462177],[169.49760698333773,147.58476453977235],[169.56095309435244,147.5917142884187]]],[[[167.54802031183652,147.76743122879137],[167.48391566340968,147.7429621665437],[167.45855583128488,147.7530802628168],[167.54802031183652,147.76743122879137]]],[[[167.83468533331515,147.72861352810588],[167.80575229895817,147.7532910327779],[167.82289496605688,147.75623019758004],[167.83468533331515,147.72861352810588]]],[[[169.46309233898114,147.62203011047976],[169.44468321366097,147.58495618659012],[169.4424032287583,147.62482824946173],[169.46309233898114,147.62203011047976]]],[[[171.13624456095664,147.46732660377575],[171.13132331608583,147.43478972225108],[171.09875709245148,147.44418964194065],[171.13624456095664,147.46732660377575]]],[[[167.80506455849007,147.81407043731983],[167.7936220641106,147.82212421907073],[167.81125351382218,147.827562381747],[167.80506455849007,147.81407043731983]]],[[[169.37717821692584,147.68656067488394],[169.36993502048688,147.67595537151962],[169.3574063544412,147.6987107412005],[169.38352174769642,147.69855480838444],[169.37717821692584,147.68656067488394]]],[[[168.37560533742433,147.9563251416711],[168.38618797408338,147.94637152615206],[168.34350587622217,147.94185752938108],[168.37560533742433,147.9563251416711]]],[[[168.45904058828745,147.9366110698172],[168.4398841540765,147.94722923113366],[168.45320159157353,147.95068187451278],[168.45904058828745,147.9366110698172]]],[[[167.30479229669646,148.05507144767648],[167.31190267513622,148.03843107286895],[167.27272148875122,148.03200815264054],[167.2039205342864,148.06400703919485],[167.30479229669646,148.05507144767648]]],[[[170.2129654575227,147.9749805485259],[170.14872551271228,147.941195601883],[170.14904549370812,147.90337236896582],[170.09658199058427,147.89478780491544],[170.00608249260705,147.94975959393983],[170.10058122291184,147.94500674691668],[170.2129654575227,147.9749805485259]]],[[[170.1558105651818,148.0970857455268],[170.18924076573586,148.07377848663617],[170.1227712095616,148.0814316096862],[170.1558105651818,148.0970857455268]]],[[[168.58355718012274,148.24472717531245],[168.55939628982566,148.24147153805683],[168.57042210697543,148.2678909557391],[168.58355718012274,148.24472717531245]]],[[[169.94783037738304,148.14125000793683],[170.00324074737318,148.13727657791728],[170.0404644298312,148.0930026711943],[169.94933007248196,148.0736129650403],[169.86651452372152,148.09931114390838],[169.88818581974695,148.19157052774096],[169.94783037738304,148.14125000793683]]],[[[167.36711237619937,148.45492147325672],[167.38416502668758,148.4400194704304],[167.34784214095237,148.45414444822583],[167.36711237619937,148.45492147325672]]],[[[168.4946506759361,148.35940671931044],[168.52760881158406,148.34390693449092],[168.4027717757462,148.342115540049],[168.4099674389807,148.36456263092248],[168.5082777817577,148.37078909289752],[168.4946506759361,148.35940671931044]]],[[[170.00956498808108,148.36048639593287],[169.92991321180855,148.36099800303978],[169.9983092913261,148.37135291842188],[170.00956498808108,148.36048639593287]]],[[[168.8919588829082,148.51441340086689],[168.9079668756087,148.51287810781125],[168.887268743363,148.50004213806423],[168.8919588829082,148.51441340086689]]],[[[169.99970951118203,148.42770680046382],[170.0292340362641,148.4263158574623],[170.01005606174022,148.41009306067386],[169.99970951118203,148.42770680046382]]],[[[168.70303506903193,148.6255019498816],[168.72019156247643,148.6156771311251],[168.66978070486283,148.62253956290138],[168.70303506903193,148.6255019498816]]],[[[168.21701086462377,148.66944655546342],[168.2237442762344,148.63416198153985],[168.19006825429304,148.65702448739518],[168.21701086462377,148.66944655546342]]],[[[168.64901620523628,148.75968599883214],[168.6845589145346,148.73749049360958],[168.63807779832072,148.75299974426838],[168.64901620523628,148.75968599883214]]],[[[168.13203413116113,148.91290296120377],[168.19602211872458,148.8977142603684],[168.16204049961172,148.8677470731879],[168.0922456278879,148.9183344125936],[168.13182093174976,148.9267304428942],[168.13203413116113,148.91290296120377]]],[[[169.03080240835988,149.38764598346023],[169.0488484760454,149.35752293984322],[169.0004137770823,149.38711377751807],[169.03080240835988,149.38764598346023]]],[[[168.64543190994183,149.45486755291705],[168.61734832133897,149.45150933625533],[168.60496996267705,149.45805829819437],[168.64543190994183,149.45486755291705]]],[[[167.53808997551545,149.6293003699978],[167.5307709442156,149.65012443420622],[167.54914653132903,149.64394452496538],[167.53808997551545,149.6293003699978]]],[[[167.45969279266237,149.6896007064879],[167.52234229092315,149.67053059481538],[167.44514065303963,149.62925490014754],[167.3885204331045,149.62596197419194],[167.39600737418758,149.69349099393017],[167.45969279266237,149.6896007064879]]],[[[167.36295284403673,149.70672541592035],[167.36332462293893,149.66122728092284],[167.2898227008707,149.68756929744396],[167.27507158996013,149.71345625163377],[167.36295284403673,149.70672541592035]]],[[[165.47765423731983,149.9361765884654],[165.46603436130718,149.9431786333757],[165.49025531160828,149.94811951222783],[165.47765423731983,149.9361765884654]]],[[[165.62610860639268,149.92538460492733],[165.6084923050636,149.9416057944278],[165.6423260124045,149.93039995509452],[165.62610860639268,149.92538460492733]]],[[[168.13061814645266,149.70941057671808],[168.09085435614801,149.68072669081053],[168.01168442298314,149.6873206691322],[167.95932689858103,149.7186550157362],[167.98591516089388,149.7308983088355],[168.0397854540307,149.71342984569372],[168.05868006673444,149.75170270812595],[168.13061814645266,149.70941057671808]]],[[[165.56009761214705,149.9761069424442],[165.59715778333722,149.9328265305023],[165.5418681777338,149.93125896442365],[165.52127983374024,149.98083139704352],[165.56009761214705,149.9761069424442]]],[[[166.91176957232125,149.92904559848222],[166.9432600283603,149.89007167277654],[166.9159603280973,149.9063227524955],[166.85942583104801,149.89593379055674],[166.8748746459067,149.91008896284688],[166.8326151945383,149.9303397679541],[166.91176957232125,149.92904559848222]]],[[[166.9829993721393,149.94162774882952],[166.9979230720035,149.92238404991747],[166.90967362968678,149.9384521782672],[166.9049154713188,149.9639750968993],[166.94878558197598,149.97350076859158],[166.9829993721393,149.94162774882952]]],[[[167.38558757467973,149.94595727186106],[167.4036763879925,149.93443798017836],[167.3496901178017,149.92870212707953],[167.33058915634678,149.94986291367863],[167.38558757467973,149.94595727186106]]],[[[168.15750464758707,149.88578068499174],[168.16907791860658,149.8747272714426],[168.12228832790854,149.86830815704218],[168.15750464758707,149.88578068499174]]],[[[167.670843725746,149.96932602490728],[167.62817351708924,149.96440888986615],[167.61969996183498,149.9940700898349],[167.670843725746,149.96932602490728]]],[[[166.69117929387312,150.13918969332715],[166.6715469887769,150.13099981397795],[166.67781414959012,150.14988964085208],[166.69117929387312,150.13918969332715]]],[[[166.61919227413338,150.18934355985297],[166.66137075467753,150.17624732978112],[166.62264338874326,150.15108919186787],[166.5846029379805,150.18111495910154],[166.61919227413338,150.18934355985297]]],[[[166.53427180616802,150.19918495828736],[166.5593665642941,150.16311321588708],[166.46096769558605,150.15815280501678],[166.53427180616802,150.19918495828736]]],[[[166.2008817320213,150.24990776806777],[166.17978014204482,150.2564645844658],[166.17253051252845,150.27599043476513],[166.2008817320213,150.24990776806777]]],[[[166.2088185340286,150.29548079795038],[166.28953699372488,150.22438913125936],[166.18485235066123,150.30921081951857],[166.2088185340286,150.29548079795038]]],[[[166.45130891366603,150.4273328008244],[166.4231389750144,150.40857010326445],[166.3649876623599,150.42768541765366],[166.45130891366603,150.4273328008244]]],[[[166.4935651978437,150.55746894470624],[166.51174675568393,150.5293695850299],[166.47495424176864,150.5549053569951],[166.4935651978437,150.55746894470624]]],[[[166.3389424120026,150.61177990443002],[166.406004731439,150.53402975994453],[166.37965407639538,150.54225730774004],[166.38664615132038,150.52340320625922],[166.34213749787483,150.54105359853656],[166.27883453435174,150.50727160006394],[166.27007812908272,150.47444716371615],[166.25850339965467,150.4874641836988],[166.1789421741616,150.48293584087304],[166.21329692296172,150.5088923789838],[166.25069647645284,150.5076774591123],[166.34103090903537,150.58270836806764],[166.3389424120026,150.61177990443002]]],[[[166.20568082706302,150.62752907780958],[166.2507598814498,150.6285029441975],[166.2542903977337,150.60437067409134],[166.17374047631193,150.59141961074636],[166.1501915453159,150.62469483700346],[166.18729947544725,150.6424544546428],[166.20568082706302,150.62752907780958]]],[[[166.1742672535006,150.65515737514204],[166.2014362242462,150.65275168825738],[166.16920335610408,150.65015746302606],[166.1742672535006,150.65515737514204]]],[[[166.38652521240928,150.6396851247938],[166.35239268221838,150.6374630138208],[166.39407072358534,150.65241768506675],[166.38652521240928,150.6396851247938]]],[[[166.205262968174,150.68669352261847],[166.17059259482144,150.6920224197135],[166.1821028767148,150.70597513246904],[166.205262968174,150.68669352261847]]],[[[166.0989517866857,150.77825568677548],[166.07331604287057,150.77300789039725],[166.08224788157253,150.7843486245342],[166.0989517866857,150.77825568677548]]],[[[166.53440407855572,150.74955543272927],[166.5134304543963,150.75278676348037],[166.52727355821216,150.7738315566881],[166.53440407855572,150.74955543272927]]],[[[165.88906629101123,150.8106037045458],[165.90138541174494,150.74813355450218],[165.8583702152194,150.76146485445395],[165.88906629101123,150.8106037045458]]],[[[165.96171131839853,150.8161632678126],[165.974877086449,150.79324733341463],[166.05343044629524,150.79140613954087],[166.0285944028384,150.76185664388825],[165.9998526789073,150.78269146187034],[165.93878035060396,150.74405904990286],[165.941804782997,150.7742549671899],[165.9191509012335,150.77188021128813],[165.96171131839853,150.8161632678126]]],[[[165.62630041865202,150.8313596559388],[165.6051293775144,150.81064927713822],[165.66523990053315,150.7289965447016],[165.62075175577365,150.73103623675274],[165.58878536964397,150.7713637757797],[165.61304682820614,150.8602199289648],[165.6377321609454,150.86121916557101],[165.62630041865202,150.8313596559388]]],[[[166.3735642590466,150.85129335425492],[166.39091071432642,150.85163295679027],[166.37429880837215,150.83851394051135],[166.3735642590466,150.85129335425492]]],[[[166.53474764798824,150.89039420154734],[166.5076809253304,150.88849174460069],[166.52331655380428,150.90640958468182],[166.53474764798824,150.89039420154734]]],[[[165.60501749955938,150.9564315119645],[165.63885288456927,150.96388127584828],[165.61289166249412,150.93031661341942],[165.56907524108158,150.91993689809075],[165.57864779494986,150.9671971521893],[165.60501749955938,150.9564315119645]]],[[[165.88865553900993,150.95851960773822],[165.87553293443395,150.9264504154374],[165.8408977710184,150.924390307836],[165.85348994112587,150.95237569026847],[165.88865553900993,150.95851960773822]]],[[[166.517793339374,150.92584702360676],[166.45066229911114,150.86961340064954],[166.4584996160291,150.84900506809328],[166.43455115208448,150.86064467687459],[166.4023374518851,150.84974207392247],[166.38328370258017,150.86592664657582],[166.42388584427403,150.90917679325423],[166.46457681468763,150.90049610869295],[166.517793339374,150.92584702360676]]],[[[166.69930208051312,150.93548759454586],[166.6858713633219,150.94328998256387],[166.70925294945394,150.9450295242064],[166.69930208051312,150.93548759454586]]],[[[165.58945583803236,150.9951463342706],[165.57416039265206,150.99380754528482],[165.54202737401556,151.04050408785173],[165.58945583803236,150.9951463342706]]],[[[166.130179068926,151.08744649360395],[166.10661951276137,151.0291754724858],[166.16996532091923,151.03135989451616],[166.150929623776,150.9642968927107],[166.21084833111584,150.9769164733893],[166.17241768156273,150.94018255664673],[166.25757415911323,150.96122241333754],[166.21549437986988,150.91143239262342],[166.24210285607873,150.92718018766388],[166.29348380819496,150.88057436707754],[166.35822470248627,150.86533556147597],[166.29474249635498,150.84226887933286],[166.28673323149212,150.85521753518904],[166.1882811247616,150.83166063350674],[166.10589784392323,150.86647134655834],[166.06300130523172,150.84180543692815],[166.08591015136858,150.83815637973044],[165.99903656008084,150.82399341824242],[166.0091916185302,150.86638500680112],[165.96677592610268,150.86942936372458],[166.00608769827704,150.8930893394152],[165.919401967402,150.86837810269014],[165.85016811727687,150.91062354925532],[165.89997977841108,150.90938311993216],[165.91810865147733,150.92778734361005],[165.9602210602005,150.9290683871034],[166.04223996125052,150.9719220071064],[166.01361197317792,150.99419964459008],[165.97061666592853,150.97086592326443],[166.06132350057914,151.06185502647546],[166.06161492210225,151.11175492757772],[166.13191016367728,151.10440940070504],[166.130179068926,151.08744649360395]]],[[[166.35618008785713,151.09700746894381],[166.33369161593345,151.07356826934102],[166.2877059028397,151.10382218539536],[166.33597811968718,151.09603992112034],[166.33987258391403,151.10877557713155],[166.35618008785713,151.09700746894381]]],[[[164.88978039080757,151.1882334790566],[164.8506723770207,151.18730010038576],[164.89670345521967,151.20130154732013],[164.88978039080757,151.1882334790566]]],[[[164.78839086317623,151.26677038819986],[164.76637269118766,151.26633323580035],[164.78363542115673,151.27833188939348],[164.78839086317623,151.26677038819986]]],[[[165.0507789777333,151.24934064691843],[165.02779475741661,151.25984982689835],[165.06226050459543,151.27156920363103],[165.0507789777333,151.24934064691843]]],[[[166.12507822354033,151.2728467789606],[166.14877497851745,151.26138929059178],[166.0742361454459,151.23805342692162],[166.10539047496889,151.21765094475936],[166.07425261925567,151.1999617053322],[166.05870668173003,151.2156868653998],[166.02545806668206,151.2094396337001],[166.044109459673,151.11804082403563],[165.96767352051322,151.0818801110046],[165.9856772741731,151.15848697389157],[165.9123997161569,151.10023615715295],[165.8835370506315,151.1087059203555],[165.9317764277761,151.17342012453756],[165.85766947712892,151.11949839613132],[165.8055128869686,151.11806157901273],[165.85715033877355,151.20105336441964],[165.90864155312883,151.2011415402739],[165.94634557694803,151.23651356084838],[165.9175771140796,151.25234987543507],[165.9964977545658,151.27825860007994],[165.99943911908878,151.2448116989686],[166.03425561754437,151.26603506076086],[166.12507822354033,151.2728467789606]]],[[[164.70293593013474,151.33923730606605],[164.66923992959178,151.33623544396153],[164.67632496098432,151.34498879537503],[164.70293593013474,151.33923730606605]]],[[[165.88872863703097,151.3156214594369],[165.9181234154885,151.3019195646256],[165.90029492925555,151.28211620257125],[165.85386608619348,151.28552494558798],[165.86922609211922,151.31952986991027],[165.88872863703097,151.3156214594369]]],[[[163.82449565810677,151.42988399114404],[163.85441774256677,151.42276202355518],[163.8172868253509,151.41820644106514],[163.80699653841882,151.43860679995183],[163.82449565810677,151.42988399114404]]],[[[164.46987799943062,151.46594925005218],[164.5050328302995,151.45491951558273],[164.46762688042935,151.372530919234],[164.36685719069828,151.38621816409483],[164.3901954526352,151.49715561453618],[164.42644362223513,151.50695567372833],[164.46987799943062,151.46594925005218]]],[[[163.40489627151078,151.59997930925803],[163.44890459766808,151.5922603197259],[163.4107815210891,151.5912728008252],[163.40489627151078,151.59997930925803]]],[[[159.4090234036958,153.5809287719981],[159.4731799015542,153.55971558698826],[159.39311673830784,153.48579089131573],[159.2722434930965,153.4307257772024],[159.1718875666575,153.47842309558447],[159.10394441114764,153.54533596180892],[159.17392076139197,153.57469644678662],[159.27648720781707,153.56772123207384],[159.3001504788341,153.58471968304147],[159.3734286581963,153.55254590154362],[159.4075058162333,153.55791536196276],[159.4090234036958,153.5809287719981]]],[[[158.66455771580178,153.71452014976052],[158.68125134553142,153.70573829702715],[158.61736740707613,153.69112825095866],[158.61536775260805,153.7043450918354],[158.66455771580178,153.71452014976052]]],[[[158.58165531621196,154.0340603040152],[158.5354183717217,154.05616922320056],[158.5885145740858,154.05126369526624],[158.58165531621196,154.0340603040152]]],[[[158.78340342896826,154.34700996766657],[158.82885748252488,154.34913390413436],[158.832320589741,154.3190597389736],[158.88496265692078,154.30980193841586],[158.93456055775675,154.22982427038554],[159.08665892538983,154.25383479378516],[159.0919560740664,154.2258915361911],[158.92750641799785,154.18053856970985],[158.89758364387342,154.2046500865801],[158.7581460504908,154.2059166862699],[158.7335132682686,154.18070467896166],[158.69942574963468,154.19308345460456],[158.79547665158677,154.29223073900732],[158.76826365676484,154.3545130729973],[158.78340342896826,154.34700996766657]]],[[[158.58021945717582,154.37550879288443],[158.62705749494256,154.36723301182263],[158.58331326344666,154.27815939025402],[158.55465620863393,154.3078787790127],[158.5944290665795,154.33380972309843],[158.58021945717582,154.37550879288443]]],[[[158.71447676837215,154.33308119962092],[158.6737558046401,154.38299586814264],[158.69738663296098,154.39624513560415],[158.75618541365967,154.3654687785541],[158.71447676837215,154.33308119962092]]],[[[158.59096764264706,154.502521028489],[158.6032103045739,154.44611418181367],[158.56613002045262,154.38390970400616],[158.53016018457856,154.36966319472634],[158.51906293385625,154.3925891822562],[158.5709915369637,154.42506164864776],[158.5326329662331,154.45823175766674],[158.57761024829125,154.48851273371966],[158.54850300077004,154.49865584234416],[158.56624405812784,154.54535305591375],[158.59096764264706,154.502521028489]]],[[[158.62053910030505,154.55592763809167],[158.5873551747967,154.56382682402653],[158.6082453518481,154.59997399031414],[158.6409776392438,154.59081419350707],[158.62053910030505,154.55592763809167]]],[[[157.7768607168163,154.70567922582794],[157.7618314351754,154.6826436054067],[157.71235689377914,154.681654995194],[157.7284662359844,154.7027246624739],[157.7768607168163,154.70567922582794]]],[[[157.73294257546013,154.74613551189668],[157.67406284339827,154.7236521825559],[157.69024280283836,154.74081365775905],[157.73294257546013,154.74613551189668]]],[[[157.7131823160768,154.74643930678863],[157.69807217955812,154.74866083792904],[157.7179337397997,154.76295475182997],[157.7131823160768,154.74643930678863]]],[[[157.69829632156546,154.75134799754304],[157.683246530618,154.76608964187045],[157.71218482453108,154.776384440498],[157.69829632156546,154.75134799754304]]],[[[157.70455314061812,154.79259821877875],[157.7269478149968,154.78647843313647],[157.69160256083032,154.77232906466207],[157.68168423018372,154.78923196651314],[157.70455314061812,154.79259821877875]]],[[[157.75399992204564,154.76173340764382],[157.71668378073335,154.77891267004057],[157.73433325019306,154.78998822073555],[157.75058533950858,154.85337678539477],[157.77398838451472,154.82144393319368],[157.75399992204564,154.76173340764382]]],[[[157.69340646199544,154.86757322111583],[157.722995442619,154.87357519478456],[157.71775226223252,154.79314545571583],[157.6819709514615,154.80342011904585],[157.64681217674215,154.8829633915553],[157.69340646199544,154.86757322111583]]],[[[157.98999250063167,155.01892621529944],[157.9520287924155,155.0454451337851],[157.98689676592582,155.03788721661215],[157.98999250063167,155.01892621529944]]],[[[158.00039909103575,155.1987986522778],[158.00929458437827,155.15318804156726],[158.0565542768739,155.12337313527357],[158.2111700299758,155.14075279549863],[158.22536385005975,155.1223192796486],[158.19203749033056,155.10739763923095],[158.08139489769064,154.9782524313916],[158.1465186218637,154.9404321034842],[158.15127380715822,154.91187839480318],[158.19262258681812,154.91670561261844],[158.2394387232984,154.87041954645989],[158.20054206431678,154.86734609648937],[158.17819935779258,154.8321769874151],[158.2492869426361,154.79791614507081],[158.16130188602713,154.74585098758644],[158.13597192711393,154.67866536749676],[158.05677505915202,154.6564276930021],[157.88107521249066,154.65716663355724],[157.8076513382363,154.67568935580675],[157.76848917594918,154.74552052844817],[157.80702040718103,154.84687934298117],[157.69737598135856,154.96785772730976],[157.55720290425396,155.00908562801206],[157.48759296646887,155.07511826707025],[157.67232409531155,155.1089612851857],[157.86000025386048,155.040091564791],[158.0064835546892,155.01415644488253],[157.99186846674576,155.03957240438405],[157.9705777162366,155.05539952942726],[158.00668699689595,155.06389054283545],[157.97066017082827,155.13553862975712],[158.00039909103575,155.1987986522778]]],[[[157.91095737395466,155.2481657952369],[157.86073662291398,155.21640610681632],[157.80316498171558,155.22333200098376],[157.83118424256406,155.26739278988728],[157.91095737395466,155.2481657952369]]],[[[158.2259660029096,155.2980054684244],[158.2051912358653,155.30812677240306],[158.22309761936418,155.3165720080313],[158.2259660029096,155.2980054684244]]],[[[157.90657793995607,155.55024238869117],[157.89340143619006,155.52788607101354],[157.868000461464,155.53735591300392],[157.90657793995607,155.55024238869117]]],[[[158.0098645524091,155.6404496053758],[157.98942338495232,155.62228503152102],[157.89193441639202,155.66438846403008],[157.93656601005625,155.68302713098353],[158.0098645524091,155.6404496053758]]],[[[158.01819100867883,157.09265216242267],[158.03635143080413,157.08734187505507],[158.01302350309967,157.07621226666706],[158.01819100867883,157.09265216242267]]],[[[133.9385627927545,155.27242109396548],[133.950008331824,155.27162084698708],[133.89700785094823,155.25257589787117],[133.9385627927545,155.27242109396548]]],[[[134.30164769606608,155.3872548375969],[134.33767268404364,155.379617527066],[134.16627979931002,155.30895517889317],[134.14222090066764,155.28960790197232],[134.10993288957397,155.2829412608791],[134.10807978482734,155.30631206459793],[134.19421997074525,155.32735353503088],[134.30164769606608,155.3872548375969]]],[[[139.49256262399786,156.33403862811844],[139.45633920739596,156.32076175752186],[139.44161326108346,156.3211528336659],[139.49256262399786,156.33403862811844]]],[[[132.67026248303375,155.14399511065236],[132.81642348297672,155.12493654149225],[132.75469119944523,155.11168692215608],[132.75598951463303,155.12122964680623],[132.69430990723657,155.10931137231194],[132.640927599265,155.11170964119552],[132.64217906882533,155.13864572763015],[132.67026248303375,155.14399511065236]]],[[[132.9223963864916,155.2041499544423],[132.93595641241882,155.20172011823746],[132.8767838528588,155.18510123465765],[132.89773572952956,155.20151106477016],[132.9223963864916,155.2041499544423]]],[[[133.97069303775007,155.365358526663],[134.0488711890402,155.36629123915827],[134.001816507791,155.34535047263444],[134.04730537716108,155.31357550276337],[133.79325323283922,155.25430870681575],[133.76059736540472,155.23751268066738],[133.63610563250003,155.21362236802776],[133.63091814625383,155.23088812610123],[133.46666291872106,155.19949268516055],[133.39120048667866,155.16592092431185],[133.43039407109114,155.15896609982778],[133.34627445661604,155.15451563655188],[133.31721633485833,155.19045192189532],[133.39097539521973,155.20334311756068],[133.58283925475564,155.26262170509997],[133.67851560560752,155.3073650573158],[133.71178068413454,155.30864413039478],[133.7411797445311,155.32384889185158],[133.77804094948397,155.32977330909492],[133.85755726019718,155.38076788328587],[133.97069303775007,155.365358526663]]],[[[158.13892322181673,157.51429497446972],[158.12957153102295,157.48918637705566],[158.08118115065906,157.47416737000407],[158.0743398552497,157.4890314891269],[158.13892322181673,157.51429497446972]]],[[[132.17709170101307,155.1610738586433],[132.23066247793594,155.15536110162907],[132.1472835043458,155.15318278374048],[132.17709170101307,155.1610738586433]]],[[[132.23893498353976,155.1932292059148],[132.22918010883348,155.18356650324455],[132.18871778693023,155.17067022040317],[132.23893498353976,155.1932292059148]]],[[[132.598759346767,155.3158222688382],[132.63227324083974,155.30092249291272],[132.48196819118175,155.2622873375393],[132.44763723760974,155.2443580814932],[132.3808495108969,155.23629075393973],[132.41569293098044,155.26957390470383],[132.598759346767,155.3158222688382]]],[[[132.69763946352427,155.3725406424099],[132.72169675410422,155.376715198689],[132.67553037589383,155.36256826688012],[132.69763946352427,155.3725406424099]]],[[[135.61156591815933,155.9650692809636],[135.62583672028774,155.97491678993833],[135.6521809070117,155.97710081823078],[135.61156591815933,155.9650692809636]]],[[[132.9335306444643,155.49230023399582],[132.9809184713591,155.49344756158536],[132.93027171334415,155.44859780519275],[132.79084146534845,155.40467043854593],[132.78292466176376,155.39492814139822],[132.6890065569824,155.37311525825896],[132.7414455660777,155.40243108701503],[132.734163179118,155.41657037457807],[132.7880296903416,155.44746693893023],[132.9335306444643,155.49230023399582]]],[[[134.1608035462909,155.71783496544595],[134.1831491873192,155.71258349884184],[134.04700260532047,155.66240894902077],[133.99740381817946,155.66373193925816],[134.08489021766215,155.69931961338182],[134.1608035462909,155.71783496544595]]],[[[135.8668589765677,156.08161402922048],[135.8953426141985,156.0840635847237],[135.7480785894659,156.0306358559813],[135.73026291538196,156.03622277238162],[135.82339314644878,156.06513458662258],[135.83870663766618,156.0796633396094],[135.8668589765677,156.08161402922048]]],[[[134.2513784981287,155.79310341041958],[134.28263800230366,155.79848289881141],[134.27583171116646,155.79417366026914],[134.2513784981287,155.79310341041958]]],[[[135.47119232154475,156.19873479694581],[135.51099594482116,156.2036182907461],[135.45729532781942,156.14303587894096],[135.36948309686792,156.1498136650266],[135.47119232154475,156.19873479694581]]],[[[134.8622964721858,156.12703422335193],[135.06755653183305,156.15727019132282],[135.19579010639234,156.13772326924388],[135.299456443292,156.15981486878078],[135.29147229299937,156.14037573490864],[135.3345419716893,156.1495945553452],[135.35821046996344,156.13506526813185],[135.32309870365248,156.10419721924853],[135.34385763091075,156.08410506641718],[135.25202092607512,156.06084173661128],[135.2466528269524,156.07439722409458],[135.13735686158935,156.05321232575056],[134.8369700753815,155.958346947952],[134.80452606166023,155.97920627771526],[134.8303901507498,156.0087529523152],[134.77369848048494,156.0173109093329],[134.69141100426822,155.99579664290687],[134.6071943874868,155.9505149441034],[134.52046464217068,155.93871087460752],[134.3959230478338,155.90189782338305],[134.39928739258073,155.88397703961806],[134.50130730958688,155.90410388984031],[134.50259175259393,155.8910682505609],[134.43385556479976,155.8565019574453],[134.40118634341667,155.8683751398786],[134.31358991962907,155.85234311153818],[134.23718134434085,155.81907661319838],[134.28591506432957,155.83116534338615],[134.19992585288202,155.76233662437102],[134.1113141105406,155.7463181798871],[134.09051932771683,155.70771264686246],[133.93741725284463,155.6747319793772],[133.9349542306366,155.69855864341025],[133.88617336383103,155.6968506481924],[133.80598281535788,155.6776492352289],[133.81958979689688,155.66742528606238],[133.72145969711812,155.6255005269495],[133.74293143184292,155.62633193632],[133.6425803566069,155.60571822802768],[133.4333547016643,155.5302460304897],[133.26922954283384,155.49740117570028],[133.24132360239685,155.5001078066653],[133.0910099609101,155.46680175174671],[133.07947641720415,155.48436655929504],[132.99155725690747,155.47029684341356],[133.00592399812064,155.5108034743081],[132.90322525981495,155.49015931437856],[132.88527155766823,155.51852232420703],[132.95415226386163,155.5517502943963],[133.22481776865328,155.63880774321586],[133.29091276345613,155.680533031217],[133.3928237761613,155.71003691340584],[133.4284234238146,155.7340248983693],[133.76851229975904,155.84315396844016],[133.86485809966285,155.85725845177322],[134.0012464161647,155.89667692791392],[134.39199134679484,155.9776894388733],[134.77343229425432,156.09168872491003],[134.8622964721858,156.12703422335193]]],[[[156.96245184372987,158.57549254931698],[156.94134278826178,158.5778537536303],[156.95692156835193,158.58512876524168],[156.96245184372987,158.57549254931698]]],[[[133.9084883810794,156.06597698759126],[133.86201282721441,156.04968145288157],[133.8580123313025,156.0526325710476],[133.9084883810794,156.06597698759126]]],[[[157.3431519507468,160.73294772220584],[157.32234426711423,160.7407874207088],[157.35352911314965,160.7411743614627],[157.3431519507468,160.73294772220584]]],[[[157.83666420392183,161.49401715104122],[157.81512605956215,161.48671221499],[157.8115310734493,161.49388124640336],[157.83666420392183,161.49401715104122]]],[[[157.89041828997998,161.57853723093947],[157.93668544178735,161.54162406991878],[157.84088667390927,161.5144095661985],[157.83519087870476,161.53820958234067],[157.87113815246786,161.55402516001703],[157.86421358465665,161.5752830801403],[157.89041828997998,161.57853723093947]]],[[[156.44465156227974,161.68109237102215],[156.4330376869926,161.6708387575222],[156.40253428723491,161.67632319831392],[156.44465156227974,161.68109237102215]]],[[[156.24189152041362,161.69697116369016],[156.26246643666235,161.6949157345041],[156.23708657429097,161.68955698453385],[156.24189152041362,161.69697116369016]]],[[[156.4661426606926,161.73283629246794],[156.47897508111245,161.7043184555255],[156.38841112664844,161.71018735644472],[156.4661426606926,161.73283629246794]]],[[[155.98235073988246,161.80152646534935],[155.93914251190438,161.79874561330118],[155.98127916828219,161.81509734257247],[155.98235073988246,161.80152646534935]]],[[[154.366221053653,162.06153613169332],[154.33017454826688,162.02928419809274],[154.26568980299646,162.05192689584743],[154.366221053653,162.06153613169332]]],[[[154.20146458650265,162.05711156047857],[154.17375161114578,162.05585184665784],[154.2185064191924,162.07827836494465],[154.20146458650265,162.05711156047857]]],[[[154.40201994279283,162.1672716561782],[154.40359162672112,162.1086468268493],[154.26612084856148,162.107192823177],[154.25228286327135,162.13415560235177],[154.31355946928045,162.13745097359157],[154.31592377170892,162.15782568665676],[154.40201994279283,162.1672716561782]]],[[[154.29604733611478,162.2219120685691],[154.38933166698905,162.19697554000592],[154.31085968722647,162.1844699845248],[154.2830669162414,162.1576279037687],[154.18104729489534,162.13177772339733],[154.29604733611478,162.2219120685691]]],[[[155.26054549655933,162.32522147258624],[155.26588465288026,162.29789456298272],[155.2460057358533,162.30922050455544],[155.26054549655933,162.32522147258624]]],[[[154.67340039668582,162.35228317546236],[154.62925741987763,162.30902365987959],[154.6180708777789,162.3227938260704],[154.67340039668582,162.35228317546236]]],[[[154.46955432244923,162.40896832159024],[154.45522310890658,162.42131464488602],[154.47472081041255,162.42126838024612],[154.46955432244923,162.40896832159024]]],[[[152.8571786613038,162.74241101947877],[152.8440328485596,162.76030594549837],[152.86325858746054,162.7603949463921],[152.8571786613038,162.74241101947877]]],[[[147.20493203960567,163.48362643260478],[147.23031807863154,163.48777259880106],[147.23860191950615,163.44019182614142],[147.16807588441893,163.41902688715473],[147.20493203960567,163.48362643260478]]],[[[147.282380690835,163.50769341560292],[147.28090049374129,163.4886200256523],[147.25745887288892,163.4694223723489],[147.282380690835,163.50769341560292]]],[[[147.20702541193756,163.58490577771445],[147.28020140345558,163.5609969836285],[147.2591226486589,163.52445155418042],[147.20702541193756,163.58490577771445]]],[[[147.15574642054142,163.58934543698263],[147.16109387043875,163.5534841470769],[147.06036879832214,163.54099793223693],[147.15574642054142,163.58934543698263]]],[[[147.35635865575674,163.6738385802793],[147.35363605852706,163.68834875495065],[147.36546861795102,163.6797201410266],[147.35635865575674,163.6738385802793]]],[[[152.96912988264216,164.29633358059934],[152.97608893736808,164.3284459514027],[152.985175970785,164.3158786758943],[152.96912988264216,164.29633358059934]]],[[[152.57418693348717,164.96380873052357],[152.5533692791915,164.94087240071224],[152.50951944320934,164.95802708142202],[152.57418693348717,164.96380873052357]]],[[[152.63748056810465,164.95585891163182],[152.61669502308212,164.94808921727662],[152.63515848452448,164.99066852357768],[152.63748056810465,164.95585891163182]]],[[[152.60850220199262,164.97647042791453],[152.58426082646335,164.9863108481266],[152.61590546167622,164.98805166478004],[152.60850220199262,164.97647042791453]]],[[[152.61338449320237,164.9946323056337],[152.58577135363507,165.00623063538214],[152.61885560948753,165.01466869693468],[152.61338449320237,164.9946323056337]]],[[[152.6377243200684,165.01829659147546],[152.6617547102039,165.01046139198246],[152.62781405862012,164.99138130889162],[152.6377243200684,165.01829659147546]]],[[[152.74737289917593,165.25412797185913],[152.7338048981261,165.2788682566862],[152.7536461347015,165.27553900676475],[152.74737289917593,165.25412797185913]]],[[[153.00846309184215,165.6070884769638],[152.99484507501725,165.60520170348735],[153.01271262255602,165.62777355812483],[153.00846309184215,165.6070884769638]]],[[[153.10996624157826,165.90465506158534],[153.0692053203519,165.93237660220066],[153.07276854149183,165.93658771773232],[153.10996624157826,165.90465506158534]]],[[[153.16368947175985,166.39477406997523],[153.15241484040536,166.38030085644033],[153.12618500558784,166.3906905305384],[153.16368947175985,166.39477406997523]]],[[[152.928392256855,167.05991748154227],[152.91682107516786,167.09800595768294],[152.9475394205702,167.06776955190475],[152.928392256855,167.05991748154227]]],[[[153.68090011844623,167.28495907691683],[153.6510692172986,167.28025209920972],[153.67766450506423,167.29755027583587],[153.68090011844623,167.28495907691683]]],[[[153.6458382746198,167.31203502459897],[153.62294517582788,167.31483886712874],[153.65272934049435,167.32662404610394],[153.6458382746198,167.31203502459897]]],[[[150.14045122970668,169.2358534036473],[150.09101840321097,169.19490341920994],[150.12684990954529,169.18579689911235],[150.08800522543896,169.17817033685856],[150.09143392137918,169.21441371581102],[150.12756079488423,169.2446137281487],[150.14045122970668,169.2358534036473]]],[[[151.7181778776142,169.45330337715558],[151.66919244929173,169.4492149360789],[151.68414492793232,169.47350407007627],[151.72592234816673,169.4732826521164],[151.7181778776142,169.45330337715558]]],[[[151.8314744428818,169.49005010139487],[151.89341390915348,169.47830058704596],[151.91383730959194,169.39522729128925],[151.86976317212935,169.38625160223285],[151.86945674019023,169.4368327667943],[151.80381525059335,169.43292762360284],[151.7630462770074,169.45917474917889],[151.77578795724958,169.4832973881035],[151.8314744428818,169.49005010139487]]],[[[150.97015034637784,169.75803588153633],[150.97010725530828,169.77150953668644],[150.99427829376378,169.77763297947422],[150.97015034637784,169.75803588153633]]],[[[150.58489662117236,169.78348135427183],[150.57582506948575,169.79162162683002],[150.58939291760925,169.80799000564812],[150.58489662117236,169.78348135427183]]],[[[151.74763643421412,169.9514041103086],[151.81293850315322,169.88593629764887],[151.7921784308668,169.87388324284808],[151.71080656949977,169.94461229059442],[151.74763643421412,169.9514041103086]]],[[[151.139693736161,169.90570513103677],[151.03125767207598,169.8031048426485],[151.09927679798875,169.9045572899156],[151.139693736161,169.90570513103677]]],[[[150.77897376426324,169.8283676668769],[150.76078483985611,169.82250458763633],[150.75477755679702,169.8665424448364],[150.7858604574715,169.89410712844753],[150.81252999669425,169.88513360524337],[150.77897376426324,169.8283676668769]]],[[[182.62164328149095,132.87818930694044],[182.5746176850751,132.86897409869397],[182.38081740139054,132.98236446270045],[182.3329783787123,132.95266807333186],[182.26942716007989,132.9627674964404],[182.15395995765462,132.90928754068665],[182.00663156755536,132.9328082051226],[181.96909470595958,132.97339509192656],[181.80913448686343,133.03950203238435],[181.7623820978009,133.03019210480957],[181.71064042790158,133.05141578617392],[181.6859996547589,133.02504299651918],[181.49821678100727,133.12640308442553],[181.5043583594896,133.06848877050922],[181.4644415458109,133.07345362411567],[181.4965379018157,133.03580730042415],[181.37438066623372,133.02834671442466],[181.39820891352514,132.9958384071501],[181.35186884065533,132.95876627020405],[181.13885959110885,133.07327756675073],[181.0254286600969,133.11085489161277],[180.91072838767872,133.17291089934542],[180.7922132595265,133.20381528525604],[180.61497294305056,133.32408746045004],[180.4940440546818,133.38128917234314],[180.3636526984366,133.35680416685707],[180.25042748540466,133.42130356739105],[180.20498795111885,133.41084695258786],[179.88829809767947,133.618181331931],[179.8278498589968,133.68233537210423],[179.7295012373786,133.72615625509266],[179.5982656637253,133.8694261911427],[179.55685359644266,133.84577060450727],[179.5842973681248,133.80188938261568],[179.52848576940318,133.76446433701338],[179.47580861597683,133.81885896780796],[179.3870565221115,133.86691336822383],[179.3000246907004,133.93924940727436],[179.31081252508014,134.00721657395144],[179.1936918659742,134.09281875051408],[179.03229226372935,134.14358223455224],[179.00173003335647,134.08184386616406],[178.90082269703925,134.13166868942716],[178.88978835996167,134.09877126144474],[178.9329935621843,134.04625452177763],[178.84672576678594,134.01379002411676],[178.73361138539042,134.08015746771568],[178.69018333200117,134.08701832141537],[178.57527026401388,134.1488566493016],[178.51516086459472,134.11593226916926],[178.43640107547682,134.15771599637168],[178.30454079377358,134.10042324780426],[178.1928241777802,134.18117179409015],[178.09927337101644,134.226095587918],[177.9659732307327,134.22697217353536],[177.78476990871798,134.29823803589815],[177.7888143095169,134.26165083005907],[177.640997736247,134.2499446461253],[177.5350031150445,134.29884660244016],[177.49758950757837,134.35791868342324],[177.41198448660305,134.3659041509325],[177.45904181593005,134.25672925077293],[177.6112477524697,134.12620635235658],[177.6341119468387,134.05721100720868],[177.75490126363462,133.92113440253436],[177.84627177836322,133.88059194840076],[177.91684681921126,133.77980983392933],[177.95224534399173,133.77211854297843],[178.03501169193626,133.6222979220894],[177.94058876185574,133.58439427118373],[177.96947447526958,133.53744323673084],[177.94765400590012,133.48721098123042],[178.02636078319972,133.21723851126424],[177.9825211825528,133.12401116993104],[178.06424447372785,133.07767367696323],[178.08428499032124,133.0197890131136],[178.00256081098794,132.89576681535164],[177.97306140833558,132.95435063229223],[177.88987628175826,132.92843246758704],[177.73675354897247,132.9635909594885],[177.47743199938697,133.17457383480001],[177.41314647154508,133.18614321575174],[177.4486127943518,133.0585830245942],[177.42234927951773,132.99580681626202],[177.32913050851022,133.112551293722],[177.20986780565858,133.13229689486602],[177.19767910408126,133.20345334106014],[177.06627543318976,133.3430780347162],[176.94131604462962,133.5980665794934],[176.87342155933246,133.61470768442032],[176.80027728839033,133.51999025016815],[176.67432663587135,133.50288303287348],[176.58006061349226,133.57471666318168],[176.37995562438596,133.56403384885064],[176.38026600830267,133.4652516789099],[176.2915155592021,133.37450550217824],[176.31139237147232,133.21800607711668],[176.36741811507554,133.14087756139867],[176.25750473270182,133.0914720457902],[176.2545158260004,132.9995181667598],[176.13032121010087,132.9570171645798],[176.10022557302725,132.88044882095065],[175.90321938306732,132.98296764384185],[175.7959217921052,133.08122638168524],[175.7663636034423,133.1960223702578],[175.68773376212286,133.32141272645626],[175.5979294260487,133.40832162546718],[175.54204667291287,133.53505066157592],[175.55655492354407,133.63053846271367],[175.46590275493875,133.75007383171302],[175.49143611259967,133.77525159280242],[175.44708610676057,133.94130151187628],[175.39876196100425,133.99415356047498],[175.40351334667204,134.08147274791776],[175.23283126529216,134.25942119601376],[175.18976639060034,134.3420435013969],[175.0731553419741,134.42544673651582],[175.02049785936288,134.5153126521871],[174.91776410593542,134.5838185903496],[174.8524752462075,134.67069062809466],[174.61438138898126,134.87020922340335],[174.59834445694707,134.90766554989125],[174.52189844521814,134.95347838970267],[174.47496577831959,134.93827072989194],[174.3885923858613,134.98207086909716],[174.3216638452418,135.18379944781879],[174.24361713094558,135.2292170105603],[174.2097180639388,135.2774082277632],[174.24882906801724,135.27050762882484],[174.1564501702946,135.3456285601135],[173.85105839323964,135.4347277292852],[173.77998916987417,135.50855041882818],[173.70402999019285,135.54478784674862],[173.615416818273,135.55298730948775],[173.59149264252056,135.5708161817981],[173.56686074853258,135.56723256207107],[173.45013782186896,135.63148407062303],[173.32691861889825,135.67160746335816],[173.3208625610237,135.68956584091848],[173.09527102788053,135.77722907301],[172.93492327919083,135.82112227972587],[172.85854862705366,135.8071741689362],[172.7400671131258,135.81981948222153],[172.7128934045306,135.84421969631774],[172.55299298262466,135.83403759484776],[172.50096395103375,135.86044497909737],[172.42028177802501,135.87495595814445],[172.32855423235512,135.92409999862315],[172.251845323705,135.9305363104518],[172.2123829545035,135.95506191423104],[172.21254795105472,135.92508829903238],[172.1041994605696,135.95709785872222],[172.15913486146928,135.9531608936383],[172.08130957705978,135.98180799035697],[171.83220785461396,136.01226099580575],[171.6417883634663,136.0830329838851],[171.6272432150773,136.1135182430469],[171.55742565214507,136.1414210278319],[171.51908676647187,136.1370757378144],[171.3890333748438,136.21051772814138],[171.40933050051714,136.22164201336423],[171.33015447929532,136.25656581377535],[171.31686748984467,136.281474282134],[171.2144326533242,136.3090725527424],[171.03184227186756,136.4049862321433],[170.7919763042829,136.41994658835551],[170.79106121056353,136.39815636332946],[170.72517419196524,136.40054309619075],[170.52852020935535,136.48119791417523],[170.3094626247425,136.49392842439644],[170.2043441803156,136.51971239297626],[170.2202247525352,136.49967624856055],[170.1633659000854,136.4938465211195],[170.13447098588807,136.51325548043087],[170.02055600447238,136.51763357039744],[169.8955729744657,136.55344427028632],[169.74396074140856,136.52987682325815],[169.62197652917337,136.55489751666795],[169.60180769254762,136.54522758598918],[169.52314289037514,136.5752727437096],[169.38195423379779,136.58338224623793],[169.3078463306107,136.62390345205188],[169.1856287722454,136.6346051489746],[169.12075160529224,136.65835295598677],[169.0812104654424,136.64549528174462],[169.04376065911217,136.66880520948257],[168.83171283334178,136.691554921863],[168.80600167277038,136.7061944776682],[168.7278565309158,136.70651079511958],[168.6601926218895,136.7331301061496],[168.61259165420267,136.73482470468358],[168.60941447407276,136.70135147254035],[168.4624412796357,136.72867406447045],[168.42541666235098,136.7708726997836],[168.35562743844324,136.78427439475567],[168.32526641178112,136.81238869245232],[168.17858890489563,136.84283326157268],[168.1285641823036,136.8834433780485],[167.99689632153954,136.9217494067773],[167.79679697172514,136.9408623840101],[167.72178746227286,136.96543574908395],[167.58577024975727,136.95248123390718],[167.56036606101793,136.96555846583738],[167.4776252622292,136.9444707688276],[167.49704433507685,136.92658480275247],[167.44019463405425,136.92118043966596],[167.44269817960372,136.88381344269766],[167.4054357858205,136.88866589106271],[167.40241323060837,136.86178933435986],[167.32240918074936,136.85784328114647],[167.30656670436844,136.8287566607338],[167.1799616712036,136.8718537817672],[167.0235749199814,136.84795368810367],[166.91927785160865,136.8701021991728],[166.83614491729247,136.8304892644279],[166.80194545699038,136.85278643243726],[166.6862028181734,136.8470253168308],[166.67534092368953,136.8273574336364],[166.51503612934238,136.83219303024742],[166.5198029177384,136.79983989335696],[166.4469106757929,136.78762107059197],[166.3287880676919,136.81064626120317],[166.34945361314817,136.77757168775088],[166.29502053707887,136.76720805840105],[166.25127808466698,136.7851659810231],[166.1062952392523,136.7883529015994],[166.10623396773795,136.76061687436663],[166.01865343538867,136.73169560850664],[166.053263334998,136.7200503329412],[165.962088162726,136.61451016427313],[165.8526182907775,136.62784607422316],[165.8275282031293,136.61070233955974],[165.74075657786125,136.6194568482626],[165.6793244079148,136.59192812515846],[162.99690344890772,137.07803177361887],[159.65353076568508,137.77686456177466],[157.83375354892016,137.82518524315182],[153.4849868004967,137.8928539683748],[151.90793082048415,137.96001887979372],[148.7168050699168,137.84010871250905],[146.4290553758399,137.79112435307488],[144.1461366018704,137.82302829347435],[141.3771574204257,138.31356881119723],[140.9378122015225,138.38307489182336],[139.05124389991005,138.7378420815316],[135.51108418118167,139.66911019870295],[134.76160421871947,139.92483281771317],[132.19358193728817,140.76027436624085],[131.3579351587903,141.08197155705702],[130.84453504888097,141.25261435035532],[130.80425985423278,141.40836468733596],[130.68907618762137,142.3545408832311],[130.6276505096224,142.7060516608179],[130.82829515542804,142.9985857232614],[132.2292407421711,143.8074124899569],[132.84790170070139,144.3951286699343],[131.88731848508047,144.6559792252479],[131.103286567426,144.95139344652995],[129.43866565928448,145.6114041366908],[128.0005190397141,146.17141303541902],[127.70274355553488,146.28735715342583],[126.17999429727399,146.99810462379793],[125.76639620209234,147.17602617496277],[124.6901377407354,147.58385808077287],[124.08211620653894,147.75092242727916],[123.8203762281903,147.78921276031403],[124.00757247513468,148.3828320258853],[124.0703053195249,148.48364979049907],[124.29281384552823,148.70961309102807],[124.67921643348689,149.10145516597194],[124.91154339120997,149.77955171822836],[125.06693750258589,150.0171544288106],[125.12477970390272,150.17123481766063],[125.18667601205212,150.28577346325358],[125.27093980290987,150.537771887891],[125.43158668820982,150.93537646578267],[125.51476614057086,151.10897426634602],[125.6931566050051,151.39591936293562],[125.91652486233113,151.57462239416685],[126.11404838547196,151.7740872592123],[126.23923431999222,152.06517665970702],[126.49759462742972,152.494614989821],[126.70572282079378,152.75176047442739],[126.89255335253424,152.91248776195468],[127.25767875405398,153.28196708029125],[127.35645276317828,153.3671614481169],[127.459996645984,153.49809562605208],[127.69746311002267,153.89514838481097],[128.04935484885067,154.26500408147734],[128.36835074509952,154.62318820881788],[128.51770792243605,154.64045009885513],[128.61983707348224,154.63489002341993],[128.88045157864198,154.6447806489662],[129.18206704142767,154.6738647299761],[129.35617123906238,154.67617642853727],[129.44274498711425,154.70144490595914],[129.53502926768,154.71293678246553],[129.76404189908314,154.72024708729063],[129.97895356875452,154.7683535932371],[130.56657020860348,154.9371493111007],[130.6655655805686,154.9550846207183],[130.6734065680502,154.94714734160934],[130.92018711918763,154.9882561821781],[131.5074383099285,155.04019058238995],[131.57529589030804,155.05923411503372],[131.84421206932086,155.0986059438066],[132.0590572908593,155.11478215855624],[132.02947481756286,155.07517331989195],[132.1277178839511,155.06515794149462],[132.16284891855864,155.0518449581973],[132.4038529112269,155.07175202767098],[132.26817688079657,155.0021807236442],[132.21856462575505,154.91586429657946],[132.31381972846043,154.80707134412052],[132.51362602843963,154.79974287655736],[132.71825574113487,154.8156056916928],[133.02446115068847,154.86822617168636],[133.25706388815186,154.87745241272123],[133.50505562511876,154.85580459946385],[133.47681072991898,154.8449736768069],[133.64200413138795,154.85499471754704],[133.71255964404418,154.82752441739063],[133.8107623636119,154.8240014271164],[134.06944184725404,154.84921461642517],[134.10001114951953,154.85980526009476],[134.23238058073085,154.8615798738145],[134.21330696354988,154.84882297848378],[134.3939611398161,154.87339620284058],[134.51015306357112,154.89966729737915],[134.560169390769,154.88668771200543],[134.5191259875716,154.86432396437806],[134.56685665050466,154.87187814463547],[134.56914086877077,154.88134790138614],[134.92368861889094,154.89529938690106],[134.9183932311707,154.84926923507464],[135.10182527243532,154.83241021237365],[135.46438790578605,154.8766228251534],[136.6510278527799,155.10888394491207],[136.93229485511904,155.1968688665158],[136.97871043146625,155.19793155897403],[137.42820721721145,155.33735336221713],[137.53808794312326,155.36264463724967],[138.08147615742757,155.56439755687353],[138.17683836604334,155.58023587559236],[138.34571755391084,155.65085385387025],[138.58494212030382,155.71053279108372],[138.89148433605328,155.86172294758236],[139.25628512597243,156.12945353231345],[139.33962007510615,156.16538453577894],[139.51292613036208,156.30185587227214],[139.5335875468014,156.36148087486208],[139.71941911847512,156.47517982115477],[139.89796520036936,156.54399114354132],[140.1859203149155,156.68374864648177],[140.33121172420766,156.78964867636438],[140.53702365013922,156.8592181777138],[140.80726478804286,156.9837438850812],[141.01441679364632,157.10079439700414],[141.13434902334632,157.20306131643267],[141.27070147661271,157.27165522203688],[141.3064201317387,157.27397163038785],[141.52171318884243,157.4141276109725],[141.54857535057658,157.45389104210312],[141.51560092453585,157.4671430117714],[141.56463502323493,157.51024225965025],[141.70849448331586,157.59068058953588],[141.98303464324277,157.79953181803688],[142.42385877611812,158.0433965668123],[142.45023004165702,158.08467990483564],[142.41823341465437,158.11156147179258],[142.43735632254135,158.19719390614256],[142.4047313124784,158.22865895436237],[142.50219714333704,158.25770535009127],[142.58865906402866,158.3192204738323],[142.92281599763902,158.63034648172965],[143.26738797062717,158.88207081888848],[143.29251504962858,158.88754968893264],[143.68889226787957,159.13911218417695],[143.67471984601224,159.1443202950858],[143.8837095218725,159.27818198140525],[143.95886977496866,159.35489239678492],[144.04569045509777,159.4028535273725],[144.20880031894052,159.46912909989368],[144.28498128862358,159.52627704359924],[144.27129528806427,159.5482270678073],[144.43205750141118,159.64014028969837],[144.5104126232115,159.7090529769833],[144.5054610991274,159.74453185395947],[144.4403894987607,159.7655545203479],[144.39739310831672,159.8545549369459],[144.505638655821,160.1154873658842],[144.56780193170076,160.1893901918884],[144.58679441147956,160.3094089941652],[144.81887851215689,160.48206127094312],[145.3108700780212,160.9560232933098],[145.4322040314904,161.17071579322388],[145.54067773216943,161.29791375584045],[145.5524736988183,161.46904829882016],[145.46175353351396,161.59223184422592],[145.44685698876873,161.77784793195426],[145.56284044407886,161.9591348576347],[146.3623714151289,162.90730372958274],[146.59535530747794,163.13078296004932],[146.4922758601979,163.0128723023535],[146.48895049201332,162.99124198038595],[146.4070357107529,162.93591653529987],[146.4015652771963,162.89885825728328],[146.56489342305522,162.97115616762272],[146.50073976934212,163.01415259792856],[146.58230148896254,163.1043208017706],[146.8266189269076,163.2941280885349],[146.91285912024426,163.376067220135],[147.04712340777994,163.5428652269639],[147.0716619210868,163.52208281602952],[147.11678381432873,163.52341546350584],[147.0945202106396,163.49834369634064],[147.1928671095735,163.5114861740891],[147.2290190918421,163.53932637724571],[147.15960527550115,163.4149925715397],[147.2370358880301,163.41495381481326],[147.2482697805091,163.45378585185387],[147.2793576713925,163.47288313259412],[147.2925151424575,163.5061771637428],[147.2784994013814,163.51880637166408],[147.31200596071957,163.54675256630313],[147.20484393176062,163.61225580460433],[147.37030633892414,163.6748382289296],[147.3796648282361,163.71948646303605],[147.30733241067853,163.70003659778126],[147.2731338046408,163.65974509134546],[147.17338017121054,163.60422008216364],[147.13321297365286,163.6182568905791],[147.28369727214567,163.76246391865664],[147.31024591763932,163.86009701648533],[147.24970180086058,163.9305732679397],[147.24439591718846,164.01036274980584],[147.21096471787047,164.03297676814265],[147.22376003786704,164.18398402026236],[147.2719198633858,164.32757179972972],[147.21666214092852,164.35313480782648],[147.21806665852853,164.398622057974],[147.40093389379922,164.5923887061347],[147.44001603913557,164.5873081148461],[147.57616594086358,164.67547949816358],[147.64312168213957,164.68919245348636],[147.81268105374113,164.82131421824613],[148.0526588608411,165.16601920867845],[148.1370515305611,165.21081093150244],[148.1325842144933,165.2370561269393],[148.2248703746151,165.2662808777403],[148.3436547114252,165.35348545734576],[148.36439350969704,165.3311516624528],[148.44377334228056,165.3846083685384],[148.51127668894472,165.38184592115698],[148.5443034694947,165.4029956357155],[148.51911093990026,165.4009725023216],[148.49930962526986,165.45295726845305],[148.45097403525426,165.44976534243892],[148.36616104554187,165.37970291078835],[148.31988662409884,165.3932033912717],[148.23691145345913,165.3618667754582],[148.1874866083739,165.36544413393403],[148.15693529713982,165.34501518441942],[148.12734860769532,165.38933148625057],[148.0963705816099,165.38555446340598],[148.04312739668768,165.43594898360612],[148.048324500012,165.47468699019663],[147.8843617232826,165.5262674357985],[147.91990358649758,165.57231494873884],[147.9606473639112,165.57270260217058],[147.99017992635385,165.60461553901058],[148.0588835833674,165.60606784557575],[148.03951072172742,165.6390803505699],[147.95037178177301,165.64098688619322],[147.93174846143478,165.61571374488136],[147.84004114653249,165.65036579290648],[147.77719527659283,165.51345643062746],[147.79294951207157,165.4931563671461],[147.8775497222084,165.48740718884605],[147.8753850133389,165.45830130951379],[147.83304732253063,165.41934146158178],[147.74643161607094,165.4098505617446],[147.65527725933492,165.36007948360447],[147.58140869998977,165.3999458974295],[147.94780777665142,165.86057711030196],[148.1582883687272,166.1800059469968],[148.21148332986374,166.20892421667872],[148.54557797070697,166.62718032459753],[148.697745509566,166.78237228335],[148.81083408040172,166.86206586632477],[148.8707570414722,166.86095974110546],[148.79203318142459,166.7802169189105],[148.8300169264376,166.651271361292],[148.80191133851937,166.5757862722692],[148.8392904663549,166.58189299472747],[148.93386335268616,166.66260233756879],[149.01649467609326,166.62858034189424],[149.07879081948306,166.67898818763786],[149.0170133983965,166.81030282652026],[148.9445570434832,166.8145217637678],[149.11344167756758,167.1785122711981],[149.19608902754538,167.2884111989263],[149.25603252742576,167.32355027097185],[149.37384150888823,167.53259350547893],[149.3988261520266,167.54606396953264],[149.57979980385215,167.8455083506969],[149.62668068917708,167.86722454935352],[149.62255406395525,167.9044315332035],[149.72338806531954,168.05260815452823],[149.74744796620234,168.05269118362764],[149.7735776856251,168.0836074315373],[149.74912740399412,168.07739331577656],[149.870410773545,168.29298246972763],[149.9261789004015,168.4349604174048],[149.96512311067056,168.62444695960102],[150.02605019072126,168.67317559007506],[150.12313429255462,168.86385897754687],[150.10015925690655,168.75698550492277],[150.15479846012317,168.89923134267818],[150.13394804186137,168.9445525821971],[150.15304798181046,168.94780353337484],[150.19288653474104,169.04097359825397],[150.15018549638674,168.96986363908974],[150.161125603621,169.21272426988205],[150.23510462661042,169.31036809728732],[150.38206680134286,169.37892096359832],[150.41512377873286,169.32243379134547],[150.43383367570277,169.35880306048256],[150.5251236913841,169.39812758790777],[150.61136811514132,169.38165079011128],[150.8131390756043,169.47259171066662],[150.88889325108786,169.56552324702508],[150.98678866662272,169.62076144877238],[151.1663086260608,169.83334893011067],[151.175120102844,169.87193705476307],[151.23684854023867,169.91888641474176],[151.25526888609699,169.8991235103031],[151.42733904861896,169.91754687499483],[151.55692744510168,169.99441241784632],[151.6214576217093,169.90563350042532],[151.64774302827323,169.92131909540552],[151.6620217990681,169.8973938873466],[151.69163873704207,169.9186495422054],[151.76481374289557,169.8681530374236],[151.62712615125508,169.7470433588026],[151.587802828191,169.7447877837655],[151.46617879721026,169.62920924737594],[151.38815495507254,169.61443016252093],[151.33241319518302,169.4558951496551],[151.29118663476675,169.42252776672987],[151.3730815602417,169.4294926608375],[151.49372285479487,169.54863384002968],[151.55697474204072,169.56825760436544],[151.56806003457237,169.54350691195611],[151.61064877579764,169.57434854417713],[151.67473585813724,169.52515302483013],[151.66196863650998,169.45921611292908],[151.61793891071082,169.42293473139512],[151.63579160560207,169.40111367181126],[151.7092132261925,169.4228916823155],[151.800841965806,169.4130675841548],[151.8214312923825,169.35170218385437],[151.88145833040755,169.3469542680132],[151.93738402507662,169.38396531110556],[152.02814317496734,169.28578537400531],[152.00205042120422,169.23735409435992],[152.04447251576585,169.19282521446098],[152.03011389705776,169.17155637554998],[152.0847633243618,169.1143683275668],[152.04698462099486,169.00681722322724],[152.06072549066442,168.93650172007403],[151.9554629183293,168.77420265411493],[151.9631393045425,168.6134556258499],[152.01117065968882,168.61802483730725],[152.10840197872608,168.46774782535903],[152.10332468404542,168.40693928350237],[151.94881969340705,168.27872509699841],[151.8922764418624,168.16725370789578],[151.92324308992977,168.13781853843147],[151.85201621173192,167.97433038926084],[151.88861928520538,167.91464110126293],[151.79021069577132,167.52036636022007],[151.70867603582525,167.38678474237187],[151.6977222162532,167.29510418279273],[151.7816012010876,167.23615857278628],[151.8223231671629,167.2440659221972],[151.84408767890872,167.19810000409],[151.94586220560808,167.18898173239768],[152.0297645734159,167.119811613418],[152.14242138767088,167.11930176685155],[152.26760579397052,167.14975040734956],[152.45866408603217,167.24001874831959],[152.58494564629103,167.19734153435158],[152.57037880280438,167.14483162476444],[152.62340414172218,167.07232020861233],[152.8078699445054,167.13517074285483],[152.85760399216224,167.09194305833722],[152.79482347339365,167.05895557917398],[152.76555553812375,167.0840657131289],[152.6527462879813,167.038094766469],[152.22299495579455,166.61865613332975],[152.1756650875298,166.61112576756457],[152.20693424542455,166.56939321546804],[152.17196984772312,166.51444052656083],[152.18911009155147,166.47596065392264],[152.1305463697263,166.39741830350795],[152.15282140527083,166.39142490637812],[152.050783183496,166.24598921130857],[152.04352240886124,166.1661567635358],[152.36107660376086,166.2017867995059],[152.49169636388567,166.1224723458342],[152.54964620206937,166.13372906516977],[152.61333443411726,166.07425715007147],[152.53353777958145,165.81921445370403],[152.56855389924974,165.81138750238455],[152.59473258651522,165.73890733430028],[152.67504726748876,165.71386283864706],[152.75172306726478,165.72297831964713],[152.85136402447375,165.65775916381128],[152.920266914026,165.6685677161173],[152.91720290622018,165.61581660252838],[152.97153313071095,165.6254854962592],[152.97372190011322,165.60320611970857],[152.82805846458305,165.50163597568258],[152.8167163841793,165.46301697461794],[152.86561465376215,165.45977221119824],[152.7902915996047,165.41607503571117],[152.5769885731184,165.16690024227663],[152.48181289258997,164.9531404281451],[152.55492338562857,164.93275028271694],[152.61762707161515,164.97015955842286],[152.6111467523025,164.93949244953023],[152.63742058211258,164.9360834146434],[152.6860315309916,165.01935386635478],[152.83264867108585,165.07042785381918],[152.9041135047598,165.0407106937088],[153.1110699589982,165.1151844041231],[153.14181286569254,165.10880523595188],[152.93293960112356,164.88762981072475],[152.91314122797849,164.82385735895122],[152.9467464265646,164.81638595720796],[152.9002188553606,164.75695950864448],[152.91920675093598,164.70908092469585],[152.79608902299168,164.468403282299],[152.77341300486944,164.36892085139726],[152.8048663401597,164.31709072993817],[152.7130514323231,164.1224847523223],[152.7123681184935,163.91454690770396],[152.83503326713662,163.86536699066883],[152.8459134189919,163.78023158025508],[152.70967007410576,163.5500560399601],[152.7032661340388,163.47077077438468],[152.57995148353226,163.36836398139704],[152.34055881975172,162.97512636804822],[152.34557863650173,162.87195246929573],[152.44460227501216,162.74792068870192],[152.44915071109878,162.49917016293648],[152.58803984890747,162.42014896779722],[152.57370204620688,162.14581887787702],[152.5096598326983,162.02102243188324],[152.55539943388774,161.74255808975363],[152.66692889020433,161.59435365987213],[152.87038934894926,161.51305379347076],[153.06295415858958,161.5162092422849],[153.1069546656734,161.49833206414633],[153.1532083159687,161.52008507594226],[153.38059578374111,161.54198345131064],[153.6201435427823,161.6214235706109],[153.76555780839192,161.706405497001],[153.79892591514158,161.70350261367278],[154.01540201796792,161.83308623179414],[154.0799005715198,161.9474307520201],[154.06342922725273,161.96480467628854],[154.14520305884125,161.98970670200373],[154.18585825655552,161.96645933526972],[154.21774422386773,161.9803558512252],[154.27026738243717,161.9345019723341],[154.33588001369387,161.91683306268263],[154.3562439127037,161.92761196912315],[154.43204537750725,161.91435030484521],[154.51262235112043,161.92380283324724],[154.85439798536456,162.02796235678528],[154.97637892126207,162.09183201509546],[155.10369312955567,162.20798226860924],[155.2061479280073,162.2083542036401],[155.27841156687893,162.11088914095834],[155.33716485571628,162.1034693109314],[155.32537553616459,162.0810927418196],[155.3807038242023,162.06175732648418],[155.30008807948136,161.97706781726927],[155.2816650502295,161.88065413732974],[155.39595982753818,161.88599092788124],[155.4765042312998,161.91526772657738],[155.49217167227906,161.89878655279952],[155.3444831098526,161.7643634394297],[155.3059951572162,161.6825528332491],[155.43211807100062,161.62879953477585],[155.46595369438322,161.5581885247975],[155.56024095581162,161.55016424437952],[155.76354490987669,161.59062330364713],[155.75743825935965,161.50633243444636],[155.90479307382128,161.48265502959651],[156.1581450778344,161.4969628006288],[156.18530639032713,161.45560529880026],[156.16805092969014,161.4119381058925],[156.22889560120583,161.4148916289891],[156.21242561840546,161.28753059430503],[156.37910597106196,161.26187403168612],[156.35455281487862,161.25455726510916],[156.40135512570765,161.19689392203964],[156.5635829785767,161.200305023713],[156.6712886956518,161.16111839090283],[156.86749664707114,161.1437746788829],[157.04372057687033,161.17431232758437],[156.9744380222786,161.08200847706743],[157.14934130984562,160.95510598295635],[157.34183642096588,161.00134559111567],[157.33736882789057,160.93383103990047],[157.08704265700572,160.80900649604962],[156.83946587353688,160.61665557203912],[156.81280608151428,160.5238972784309],[156.8751956971297,160.41854033247628],[157.04950257417588,160.43702284319193],[157.11846149259492,160.48943931249994],[157.14073903823362,160.40812117542654],[157.08441572975076,160.40391593370435],[156.8805633385766,160.3171936347457],[156.86345672584815,160.29499310947625],[156.89952889462202,160.27462388099462],[156.84382051119422,160.2114972655685],[156.68570282664075,160.1298952729531],[156.62848628993933,160.05317000368007],[156.59545618244707,160.04397729004233],[156.70366691881955,160.05512773170034],[156.74768651104873,159.99780902520536],[156.68167346713864,159.91821897204434],[156.72411302792372,159.87985597000488],[156.7754819530735,159.89647474098928],[156.81784646711907,159.87438709548763],[156.810023879478,159.83593370226748],[156.83683645751123,159.82372383993854],[156.79989421954116,159.80839846051697],[156.75312732873118,159.73410875063263],[156.80771275984932,159.70098587896922],[156.8041275314735,159.6670761079546],[156.86382576450714,159.6029825535013],[156.86153091702315,159.526990171799],[156.78034978913004,159.44207075535567],[156.78687831116827,159.40028927666893],[156.83840971042216,159.3808742866687],[156.74452855269598,159.29091941888743],[156.73514616951624,159.25400405216504],[156.86765745003598,159.20927920408198],[156.92872176184497,159.11009231259328],[156.97433731671836,159.09298048501594],[156.9846876055401,158.991706018982],[157.0154082573939,158.97271412526837],[156.84315677694076,158.78920730341855],[156.8387570979,158.74205826006755],[156.91055500029245,158.7287808023747],[156.89879410205594,158.68345690411033],[156.9324652016437,158.67567011994436],[156.9210275031802,158.6159221311217],[156.79304826469948,158.5804960525533],[156.6693352827602,158.4855405448343],[156.62691303622543,158.41508916078786],[156.64561728742592,158.3975097557398],[156.57278065929583,158.30725503267342],[156.5778850392684,158.24902866359605],[156.73229117651195,158.24129758275438],[156.72473916341158,158.17370322469478],[156.84344802740904,158.05075961573064],[156.83689331086583,158.02374461862877],[156.94259024968716,157.95363800216833],[156.96791444728714,157.87545598834754],[157.08513623446174,157.86001522465074],[157.21712194447375,157.7993446075197],[157.23723296733186,157.72593632167235],[157.26931878678732,157.73313040335435],[157.31384948740313,157.68663891890154],[157.3370172639169,157.6919181218906],[157.38145346055947,157.61222382623274],[157.45944608164373,157.5545371955436],[157.41501740990105,157.5385607581357],[157.40382491224676,157.5024821974724],[157.4363475261281,157.4808036709804],[157.5513521716299,157.51051474241416],[157.70203217443202,157.57942717774725],[157.71357308384268,157.52706503711903],[157.7827352106121,157.52536297186424],[157.8570066284297,157.54695620683611],[157.9067998120168,157.60677021590172],[157.94613410607323,157.60797315215638],[158.00997894419655,157.56751324301854],[158.00879288827846,157.53917636963877],[157.9704846171662,157.53547516201078],[157.9091540183003,157.49294979048116],[157.91216530599087,157.45839956834203],[157.78369803893213,157.38977732316772],[157.70237151738556,157.23540603129706],[157.7632678310579,157.19766310675382],[157.78444412761925,157.14395718985878],[157.83929716030576,157.12285473389815],[157.833361719718,157.07356519332075],[157.86299259850796,157.05550158263665],[157.84976075409972,156.96446022707184],[157.79272896403822,156.94501349450954],[157.86744282055434,156.90991659180372],[157.90117314532898,156.77696427876506],[158.0048301035039,156.66630462063793],[158.0569967949529,156.65414275845256],[157.98857562553238,156.53445683860178],[158.01692788877992,156.5006783847183],[157.99653395690052,156.45192183643195],[157.95613698527922,156.444435313559],[158.00663799872763,156.3488848650927],[158.07521828727005,156.31806206737616],[158.12826683900266,156.1966032360369],[157.9869020255686,156.1093600080326],[157.93593559503645,156.04339915252967],[157.9299423263049,155.9638380373419],[157.8451838802897,155.89699200312396],[157.88216437741588,155.88158831198666],[157.85142513889505,155.84815286116213],[157.88231409751828,155.80596769563033],[157.80383393127673,155.7303345594276],[157.74919864929254,155.6325753559583],[157.75375235181525,155.58893597618382],[157.64188227551998,155.5324703933858],[157.37574141900518,155.29948506260325],[157.3194616799342,155.06994474939987],[157.5487717966215,154.87958866132942],[157.6307035554168,154.87115547102277],[157.68499487763017,154.74544775093426],[157.66754116690134,154.72059091471655],[157.7382412143723,154.73042324814912],[157.75725078024868,154.7177398893863],[157.71496929283018,154.70132626822448],[157.7085026532827,154.67588776364335],[157.78296047189275,154.68191818937947],[157.80611118124256,154.6365560341016],[157.9062525619869,154.64726061677283],[158.1367614886382,154.6001604817702],[158.13855042497266,154.54082996892384],[158.0977301725373,154.52545093755452],[158.1192654550995,154.5152382028079],[158.08650615637438,154.45180749667762],[157.9993825540949,154.376356342195],[158.06955048352714,154.40823572113953],[157.8081009685196,154.1526481552082],[157.72583689204095,153.98378592943976],[157.6924690796168,153.97600265510573],[157.73409411257433,153.95709649111004],[157.74357203263605,153.91647556499026],[157.82009437131288,153.86217485048144],[157.84244512441592,153.8055700272322],[157.9227108346608,153.7861551986575],[157.95369608856706,153.73345924016576],[158.00332324989753,153.73420626706402],[158.13957045424823,153.60082316364404],[158.17970202831327,153.60343460610014],[158.23101036000747,153.56842127438284],[158.3092175791342,153.5633688290652],[158.42215669401804,153.49077821468182],[158.5282630578043,153.48502357760677],[158.7796185022632,153.41314464928783],[158.85699663740888,153.41962519733943],[158.8948373318866,153.4404857687682],[159.05283948973621,153.4300294555464],[159.05240878163062,153.36389932559723],[159.09632428271698,153.3176710584039],[159.1342941270745,153.323935072237],[159.19216029366504,153.28696054854052],[159.23445620735419,153.28613283127635],[159.22178319496112,153.2529990498474],[159.36771900104463,153.17641605517903],[159.6244826405408,153.1621726984487],[159.71124271243502,153.19020233228974],[159.91208203935224,153.33274084112767],[159.9161004085178,153.36158100840518],[159.97125004011974,153.33065378958366],[159.97302483338748,153.26733059210827],[160.01780396974462,153.22484110122707],[160.01041634463326,153.18292874197735],[159.96008219126165,153.19083797536834],[159.92841017321751,153.13835383505432],[159.9516759281339,153.13979622975995],[159.98940440770878,153.04812066264557],[160.13577262258457,152.94410422436215],[160.1365775932648,152.89938552544055],[160.32592038527713,152.88691138900452],[160.45807817521157,152.8512591362367],[160.53569764738467,152.85805190473104],[160.57102506047315,152.82733051132055],[160.78089452272525,152.86742949044566],[161.13749954451214,152.80967897818618],[161.2452281646897,152.81371473078423],[161.3073420302789,152.86431169427718],[161.2913760585341,152.92758263057414],[161.2082854837334,153.0121406947224],[161.22847985575646,153.02144666320737],[161.15802970517842,153.0582428042882],[161.2115182420723,153.04028819447694],[161.2706827415289,152.9863735316821],[161.3250997343754,152.90668749950305],[161.38071584315117,152.71391598903654],[161.45075377234048,152.66990010490267],[161.52405211304435,152.5784901078837],[161.55311543439834,152.57612577628115],[161.62161564982932,152.36885166969626],[161.59561980452207,152.36111407113515],[161.6246477612239,152.31946285685734],[161.66947636453665,152.3245889158793],[161.71970661334188,152.24481309373837],[161.65350602956636,152.23768269078252],[161.58960447096095,152.16203038748512],[161.62279536044463,152.09279631141297],[161.80822240938454,151.97358997841468],[161.82724159486227,151.9330754393391],[162.06634605945942,151.8873431615235],[162.17661293628746,151.91751780225158],[162.16013001309193,151.9410851085064],[162.20190729689176,151.93992148957],[162.18097660285164,152.0072168500148],[162.10975684567182,152.041136146239],[162.1867704251111,152.12369356367572],[162.173735196282,152.16438565872625],[162.41080266050704,152.14784900243467],[162.46702505062964,152.10138115619907],[162.4853272288943,152.04428908971468],[162.4486333922753,151.99485526012896],[162.47798908289363,151.84938161202976],[162.6293507638839,151.7210656969932],[162.6947499917515,151.69609417645682],[162.9061135388727,151.6712317733092],[162.9754955627584,151.71235190300916],[163.0840772465672,151.74150169069085],[163.13715117260386,151.7291949187462],[163.19977150723616,151.74329779365854],[163.2464666200068,151.63315855297455],[163.4490709267345,151.57597489767653],[163.53024955328542,151.59585033837465],[163.65092553998457,151.56259564189634],[163.69240781376644,151.51949431198392],[163.7473743453832,151.51450604131117],[163.7678747184203,151.52918929016568],[163.7701162100142,151.44939924104816],[163.73573881430627,151.46693201621548],[163.62892737085147,151.43578536892653],[163.65000142530042,151.40263967431036],[163.78190368155248,151.36335859885966],[163.76771334966824,151.32035470010084],[163.8503866627162,151.29761363183627],[163.89758034121985,151.2521454421199],[163.94624778776995,151.2480599156397],[163.96182485455688,151.22036035302096],[164.27215407260107,151.17957668813864],[164.32944459726963,151.21751582125188],[164.37177597239585,151.21692275533326],[164.4483100195871,151.25956692522047],[164.33121944167112,151.27426134883072],[164.35125253217248,151.34542822239746],[164.3906979752972,151.3584833960781],[164.46554464078315,151.34344299350417],[164.51808550459543,151.304174030467],[164.63475468821574,151.28964832942006],[164.6812154982031,151.31713498080694],[164.76135819294797,151.32966577386335],[164.76465312680753,151.30326467452252],[164.712865531925,151.28522435991258],[164.718154674938,151.24567261089513],[164.75250186371645,151.24144145800847],[164.7424275647649,151.2182244471666],[164.78425417993628,151.2254848040221],[164.7304397895889,151.18939492917787],[164.76568364494068,151.18004725625798],[164.7350957402054,151.15465185309293],[164.80987739742775,151.14191206487774],[164.77207054733645,151.13354293441776],[164.76362575671007,151.10672199025342],[164.81859341977247,151.0979159907282],[164.90000625936335,151.129440478451],[164.82033260509235,151.08140432768656],[164.91490203663056,151.06228237934135],[164.92428971906892,151.11042605446303],[164.9712941367091,151.14233940620718],[164.99507541215465,151.0642190265065],[165.09933205972442,151.12300454390908],[165.0890262654987,151.10134651282863],[165.0202088373007,151.05668638367797],[165.01289770014665,151.01000697843426],[165.07659205433666,151.03506054776105],[165.0923588002225,151.01656459509496],[165.0308456936338,150.94981106861735],[165.17785281325484,150.97487216580254],[165.24228394639272,150.94799210050303],[165.26121156054185,150.98270576512436],[165.31140827000277,150.9719498187544],[165.32527079215768,151.01514371555697],[165.3830892366647,151.0118876638379],[165.39241175509355,150.94646455153105],[165.45924617734605,150.9358560044089],[165.40964266382045,150.9132462312724],[165.34738045803437,150.92681337915212],[165.41736805626607,150.86495271035943],[165.5007787072469,150.86061876133274],[165.51685200008114,150.84646031459846],[165.458097003349,150.8266302423299],[165.50587624619,150.80306182085124],[165.524487606508,150.83176178694822],[165.56858597265827,150.80540577463893],[165.5024565902601,150.74522753162103],[165.5361546149644,150.74527544732575],[165.52154312443287,150.67309033703884],[165.64245571855173,150.59685195323922],[165.71169606586994,150.60703733949964],[165.72999416064016,150.58004543355167],[165.67659007200854,150.58706704789637],[165.64765055874182,150.5696145221035],[165.75616222224193,150.52082886352198],[165.7814352770697,150.48526774042517],[165.6655338827658,150.47435536711194],[165.63210685899315,150.51054540129905],[165.53434839833852,150.50730476146367],[165.52859192642813,150.53626024591526],[165.50101348211533,150.53581395648166],[165.50627875023898,150.55079179647254],[165.43674791981442,150.55796371734834],[165.46190469681122,150.6012407891957],[165.4345150372165,150.62918874773715],[165.48323788297517,150.67454620970807],[165.46501157662183,150.6862322513531],[165.44758669332867,150.6587905133178],[165.44142894202395,150.69421375222635],[165.36622000211568,150.70736605098978],[165.36243783945002,150.6519483018552],[165.3415654911874,150.6827267975764],[165.28205793360212,150.69398204331523],[165.31421194975766,150.6756300395606],[165.31352541009164,150.62760032991693],[165.24041500162642,150.60761637929178],[165.1997675995118,150.61628359411466],[165.0671500456025,150.58611857688624],[164.8403016944449,150.44205271548364],[164.94239006562483,150.34522795915734],[165.00279082337246,150.3376206905162],[165.019452669673,150.35369203073162],[165.04538243350177,150.3320208192348],[164.9485351595224,150.2921936470109],[165.0290742790486,150.25800880786863],[165.0087834554319,150.2109550120862],[165.16149788245792,150.17727889682942],[165.15604195979665,150.12581653830983],[165.22370764104988,150.09969867702512],[165.31952293272204,150.09130397297636],[165.3359352869349,150.07224815690412],[165.19637693779254,150.03609818608948],[165.2668666889702,150.0063492932712],[165.33499343367635,150.003758147226],[165.36464241724883,149.96181554537353],[165.3311161383164,149.9114055834763],[165.49021726546283,149.9325059279721],[165.49871512309994,149.8950146918226],[165.5824178360723,149.86319139778624],[165.63139958750622,149.8741426381776],[165.66735999677198,149.863274950964],[165.73195055265475,149.87766222957444],[165.73954527461058,149.85243317522023],[165.81089864084038,149.82927253178528],[165.82443608051574,149.84440104633674],[165.87642522282297,149.83368853475997],[165.89751670059457,149.80211188288558],[165.94045511292842,149.7990332308712],[165.98737284827553,149.8215141823959],[166.04640074228212,149.80736521262583],[166.0516911034024,149.76944462284482],[166.0893279486222,149.76203300533442],[165.97495068813285,149.77625015656622],[165.9168709011715,149.7612279619899],[165.96568455506198,149.7119113198288],[165.9432387397582,149.7187165079153],[165.89960720997647,149.65860852964065],[165.99824816949257,149.6556193013766],[166.03251810809405,149.67185770908793],[166.08094635830244,149.65684964632328],[166.08667674776868,149.67480071290055],[166.17211948049982,149.66624269290912],[166.3176420639059,149.57718586765776],[166.32791295525527,149.6196326756227],[166.4127618369721,149.59944055188924],[166.43987702827502,149.53534869988357],[166.49925338163726,149.53593342340483],[166.56029746660911,149.45665513753843],[166.63220011710177,149.4737513654564],[166.58491032534045,149.32443112771747],[166.51374961097085,149.31724071790524],[166.46567338064818,149.2196241948242],[166.40829657519808,149.25042976382463],[166.3686717433906,149.2290288836873],[166.4172286632813,149.2408085201059],[166.51860139602326,149.16048037748064],[166.45588492190709,149.11745240529268],[166.39104215852473,149.1111841208665],[166.37373727873742,149.09238106496048],[166.4610335695114,149.09977813898354],[166.4162531692295,149.07429104084758],[166.44918992097752,149.03924333680675],[166.43943483566397,149.06623952237314],[166.55203758873793,149.1190828943828],[166.670515770497,149.14268633716006],[166.68024476892393,149.07241651174445],[166.69160646954185,149.0941162826793],[166.7521366755999,149.07248658699407],[166.80778969127797,149.08069931864122],[166.76426187507977,149.00346606293502],[166.81868365856675,148.90014165255184],[166.77864474629376,148.90028586275156],[166.8114091870823,148.8943810653731],[166.84218193528,148.90447573380948],[166.81082994037064,148.8600382107464],[166.80419842062508,148.86950705664353],[166.77210235931759,148.85504167332616],[166.72830915246521,148.87766749811598],[166.67769668356232,148.86419140614905],[166.741986944322,148.82904759878758],[166.87173379050472,148.82881972847576],[166.89014098202128,148.79734946394882],[166.83581618313085,148.81710745127475],[166.74721918484255,148.80974734224006],[166.70184232469933,148.74684741639214],[166.73206976438607,148.7305401553427],[166.64044741722964,148.73602711051177],[166.72398644708417,148.6585104873115],[166.73292446744924,148.67680005608108],[166.85504064321967,148.69261556419116],[166.8768794683353,148.71252989767464],[166.94390810190245,148.6541997354223],[167.06952650700887,148.66403682962408],[166.9956321463415,148.59375737592512],[167.0627288432019,148.57893653037672],[167.06626534801057,148.56201781772674],[167.19555201525344,148.54473681350763],[167.23991962532756,148.49096334865257],[167.3182290942197,148.57210297888156],[167.37019441858013,148.5708369589611],[167.36087900187027,148.50136323221818],[167.3305420961659,148.50201384092284],[167.30787614442048,148.47179997155334],[167.23229679018976,148.4532921367334],[167.16540832103726,148.3916252488706],[167.21153644278476,148.31653225608278],[167.19533461486833,148.25593533651167],[167.2526086536903,148.26138113861327],[167.26806674471138,148.204485959895],[167.20951055652978,148.2269911411444],[167.0780697251779,148.21187727491795],[167.1092628683681,148.19404740995728],[167.08300268032494,148.1180688171271],[167.1828233198168,148.0651315932463],[167.08086134868574,148.03649748783042],[167.16255706579966,148.0468634933406],[167.20711141119398,148.03463262743537],[167.16006025744088,147.97428368823842],[167.1542935146197,147.88540549423809],[167.21066964802804,147.82662738407038],[167.21624525541048,147.77244201703905],[167.31957649241411,147.6927928979275],[167.27956807160328,147.617956891459],[167.41947155485812,147.43362777757793],[167.33680758258694,147.40943341599234],[167.39570695971466,147.40593456782403],[167.42191990300807,147.33119325215964],[167.5010391221267,147.2878964900008],[167.4854747932805,147.24166214429306],[167.59241215958426,147.20438267972014],[167.67258664596466,147.1295292607687],[167.67255106337052,147.09689880972945],[167.79470306399853,147.09826157156309],[167.8505926547376,147.0543789856902],[167.87127526048846,147.07766669949788],[167.93113965571783,147.08481781099334],[168.04746370046536,147.03064980132538],[168.1995396531488,147.00009799153918],[168.57666909735946,147.03420907467688],[168.6696731745799,147.02753482199063],[168.64636055513694,147.04454259811723],[168.7326336296763,147.0490525478097],[168.59541028540062,147.064707780118],[168.6166113113048,147.14715135910487],[168.66682692550853,147.15988482425524],[168.72825596486976,147.24503480466728],[168.8170399493434,147.30164863287],[168.96661846414727,147.3406258894798],[169.02581805823039,147.32699291812443],[169.0885363503481,147.35832972451416],[169.1417058964825,147.3310899199506],[169.14893395984996,147.30387235357495],[169.20087558462666,147.28895976205865],[169.2369932147992,147.17223712657267],[169.37778305740383,147.0911005401489],[169.38107801837083,147.01265065820704],[169.4810559667022,146.96600728400458],[169.42445125966842,146.91157112841677],[169.50850740606936,146.88694923805346],[169.53955013772753,146.8449453412388],[169.72537395644756,146.81132527509988],[169.79034972439854,146.78080305299568],[169.78244047378683,146.76478145934897],[170.07397587107891,146.627174953785],[170.07839020589623,146.60125463599198],[170.10639150769,146.60079419214412],[170.19272987021978,146.54191652793037],[170.2696004194392,146.5265369941511],[170.36131481387673,146.45172508155716],[170.36189064185692,146.48455107430829],[170.3150734646989,146.52961829812887],[170.51286324202636,146.41835999356695],[170.49304767758179,146.36361401597614],[170.55520543419186,146.4083804470049],[170.61084010348816,146.36941761405075],[170.67365174189578,146.36357145959266],[170.67127871186597,146.39605763713033],[170.57777375500734,146.49173591321158],[170.58418576654583,146.52040432208446],[170.52963555444555,146.56923145581308],[170.59796566718796,146.5637074700908],[170.7052433319197,146.5137148301866],[170.60657394641837,146.56741064352218],[170.5436002808392,146.5796421448073],[170.4878577259073,146.641277495456],[170.64326013120166,146.59295417653868],[170.50108528860395,146.6445576568777],[170.51898888434914,146.70256411895207],[170.497690713088,146.72050918778564],[170.54987461095277,146.81473190568278],[170.62877865094777,146.85824684982617],[170.7388005688917,146.81274578908122],[170.80686037887682,146.8114672847901],[170.90218261769616,146.7647006420639],[170.9337433384628,146.77042797334752],[170.97410353653135,146.71132384344682],[170.99122936367783,146.6061441378866],[171.18383355471002,146.53783807594704],[171.20469084487195,146.47699253330003],[171.1589183235871,146.48887566781346],[171.11763758172975,146.4096663414295],[171.0124334697657,146.45015478239088],[170.95996925095892,146.49730076383253],[170.93673418531503,146.48598577162358],[170.8661393210547,146.5095805223192],[170.93954565062532,146.4555858813017],[170.90843528150702,146.45590085395142],[170.9946215220936,146.3712196806535],[170.97415543955643,146.32552729351045],[171.0063638473235,146.3486598443688],[171.1019153599245,146.32869663687868],[171.12604278033112,146.29841021670782],[171.10957188682124,146.2300342070185],[171.15388037954892,146.18212412382184],[171.1922110626957,146.18780542404988],[171.18451984497827,146.24851308774396],[171.26866953697194,146.31497723534298],[171.22056028977494,146.34075545199406],[171.21253691460268,146.3741473988428],[171.26331228828215,146.3700731513167],[171.3226970931096,146.32439281303158],[171.29706382074235,146.1731668344431],[171.32321065407592,146.10617415066207],[171.3909021836767,146.0964146616704],[171.40592456537604,146.04107251493735],[171.49791687924122,145.9985557898233],[171.43167999303398,145.79505131411858],[171.4524749446275,145.7377712247159],[171.40721632169186,145.73062278696864],[171.39045318020018,145.53792790950698],[171.4245331750789,145.5095421973942],[171.41043396474927,145.49045744728608],[171.36185357496035,145.5496498657903],[171.21950118882546,145.5547379228221],[171.29621324027207,145.50164565940412],[171.34325867834184,145.5003393334909],[171.36158208872573,145.2731389121855],[171.3059736703382,145.1219237100897],[171.39149047907227,145.04713657130966],[171.4430144017167,145.04740034297683],[171.47858553863205,144.99635979302224],[171.45060999118687,144.9451329602262],[171.48221907777392,144.905014523171],[171.5503099230375,144.90590101923874],[171.58318456411317,144.79291934062016],[171.45882322345324,144.7657266902624],[171.46677047851435,144.6855904349137],[171.56112706530004,144.5665402063043],[171.74593010152662,144.4263431884246],[171.70938885438852,144.40363982053952],[171.46656715275955,144.4680037577236],[171.4620576232475,144.4571756647855],[171.76968108433073,144.31028765306147],[171.72571666465214,144.2874304655435],[171.74759062493834,144.27174594824447],[171.97723841705692,144.2680888008115],[172.2865467049587,144.14162014436664],[172.3567310119863,144.033672772072],[172.5750435682885,143.92738586310494],[172.61980418652996,143.8914007522513],[172.56467075343528,143.91304855627004],[172.55022007814213,143.90409589239107],[172.5989476923164,143.87631171538823],[172.6127570840847,143.88306792365955],[172.66068813737448,143.85409131401946],[172.61264348344935,143.8527402586293],[172.66019650601865,143.83321131232904],[172.62587175660806,143.8205385927231],[172.68066336384942,143.81370689295923],[172.7482975490089,143.75209418637633],[172.69528588297177,143.7320916231686],[172.79483803536027,143.63707432706173],[172.87313044039988,143.60017488949075],[173.01285683005742,143.57447595619342],[173.00015148541246,143.56404733429494],[173.13692748587718,143.51857151737164],[173.1596087887313,143.48833229603392],[173.23555953226543,143.46058761368903],[173.2019980169196,143.35959618531828],[173.2819821484955,143.31276683699326],[173.343469448902,143.3063952263087],[173.3671362942732,143.27096782555344],[173.3913757093252,143.2620057246862],[173.292574747583,143.273888841762],[173.37516723361938,143.21843788919927],[173.3635351932895,143.17789209205026],[173.37813189728675,143.21662420989685],[173.2967210449392,143.27247634016908],[173.3942009881056,143.2595482378889],[173.44795047609543,143.27027375452738],[173.43372337397545,143.29954191724784],[173.46489507727395,143.29215229673756],[173.57928222648388,143.19733323660418],[173.54664255496613,143.20649921053135],[173.57575127866448,143.1792413261129],[173.6064372103153,143.1750076369784],[173.6051070940333,143.16251333339804],[173.70642938981345,143.1001877727244],[173.6716000800589,143.0801035944865],[173.73343137326555,143.0053696726375],[173.73516946144935,143.09219632615827],[173.77944481121347,143.0497556657965],[173.78585871080807,143.02858586308687],[173.83390609113724,142.9982310677545],[173.83087419063673,143.01136432698164],[173.87848970660136,142.98897986599349],[173.8567553385371,143.02758051767853],[173.90744079687954,143.02530491601402],[174.0288255065647,142.9597993999618],[173.99510504024454,142.96156930965515],[174.0217422139459,142.9243492624646],[174.09365499101605,142.9083235333093],[174.11370799056778,142.89168723642047],[174.11051634940645,142.9077634899834],[174.1254060821871,142.8684418595513],[174.15506025047887,142.85727121446394],[174.1443670442573,142.91496578976864],[174.2129080555172,142.8772393886541],[174.1263731607304,142.92499390866195],[174.1603040151438,142.96394060300122],[174.22242825075566,142.9287395247513],[174.3194632381156,142.91372297849819],[174.40975018535076,142.86857435957896],[174.45093846088693,142.81966438842727],[174.46820457523623,142.82620186648185],[174.47599847315323,142.80613614802147],[174.55396521927912,142.7791423790026],[174.57202503129093,142.75730458183517],[174.5082057267539,142.8354164600016],[174.5631473919193,142.81433965105583],[174.4645202287712,142.88879292223558],[174.41461034810624,142.90205544482342],[174.44673853597396,142.90058684764574],[174.39847926812268,142.9379157781205],[174.41704274769353,142.95346697456654],[174.3890316416456,142.9379444317201],[174.29875317908733,142.96803286610395],[174.32076459286276,143.00512483594858],[174.43851927721545,142.97573059608493],[174.72034625988135,142.83383371907442],[174.72096943018892,142.81941491834402],[174.64691462684584,142.82596264834768],[174.7029250938308,142.76775628324515],[174.68429401275534,142.75489581043655],[174.74236801865285,142.7668110931038],[174.718775500462,142.79106478162933],[174.7640652260402,142.7825690857062],[174.78766183304734,142.80988189591324],[174.76491172274578,142.84543923766137],[174.83218200932515,142.80351652497308],[174.84744991638678,142.80543935889517],[174.85883983007133,142.7767216845777],[174.80955878911197,142.79275676043093],[174.81526000780693,142.76643396562474],[174.86319125913545,142.76378160182466],[174.93079042068678,142.63236900783832],[174.834930667101,142.64170533770488],[174.95277427436815,142.6136436410599],[174.99281006283957,142.57390193460188],[175.11672583191583,142.50254485627934],[175.0570452930234,142.5200503679035],[175.11400239303413,142.49316785039963],[175.23731644089054,142.4647881187023],[175.1582604001324,142.4351918292854],[175.21757099094106,142.43680250832014],[175.2702479950043,142.47865416411702],[175.33944468901643,142.37932162292626],[175.39532182299945,142.35226554302687],[175.46410784633332,142.291745697177],[175.67522480550335,141.90929922935226],[175.83770887818167,141.77004219818087],[175.79178329070731,141.76556939206057],[175.86725495160968,141.73882300829933],[176.12185481316192,141.5149899051451],[176.23456619385425,141.44206139900464],[176.28069016744132,141.42682005032913],[176.6533900325323,141.1968884892145],[176.8973165694136,141.10550472429728],[176.8689280071357,141.08735869055013],[176.87511686379315,141.0776843725081],[176.8909527498787,141.06651323425382],[176.90768782076339,141.10960242623042],[177.1920988084573,140.9101903366081],[177.27443930838444,140.73534945955942],[177.24778657076212,140.72072834125572],[177.27650677338553,140.61901884759615],[177.48472428942975,140.39603906684064],[177.725808351979,140.2542236032915],[177.6688530431778,140.21951547911706],[177.8221814772143,140.08773345339065],[178.04004849215562,139.9931522600476],[178.29636095290067,139.92823084038736],[178.30040402210858,139.95233179168576],[178.37871922351934,139.93023176389775],[178.3974985795894,139.88191713005023],[178.64921833147667,139.7954918145267],[178.63059385640406,139.73599994154958],[178.6745446592966,139.67375069825266],[178.64903835837538,139.65954496590737],[178.69008192618963,139.5667231673225],[178.78887235325217,139.53730941066618],[178.7470598726864,139.51910883990809],[178.76275177384736,139.50052540770477],[178.6345712005675,139.51700636288732],[178.60055018901636,139.50447528404635],[178.6512038337656,139.48982427956213],[178.59842933616747,139.47739581983078],[178.62645191124815,139.47193301126498],[178.6628370861321,139.40356527249813],[178.61593759302667,139.41775593639164],[178.55107338792078,139.39081393843492],[178.58929022926606,139.28561295463683],[178.65239650320711,139.25914828452855],[178.74207181421434,139.12691124760133],[178.6914041458202,139.15194075893783],[178.64102723678513,139.14516957439523],[178.80907333905395,139.0499611160545],[178.7619992346476,139.03510415476973],[178.8854064850821,138.96618831394574],[178.8904972959107,138.92824753603463],[178.95336253299214,138.92914463544932],[179.01534804236792,138.89651193857907],[179.00533825080265,138.83806371603083],[178.9204037858145,138.87343404354837],[178.87373084874008,138.85746040246838],[178.79853684231108,138.87783328784843],[178.85455795694025,138.85428212366793],[178.8954131820614,138.79241387987202],[178.87315263710892,138.84812997437933],[178.91971116143122,138.85212430869632],[178.97152136686708,138.79125219844713],[178.95938133822227,138.82142327825727],[178.99353925824295,138.82205006399795],[179.00450768555913,138.80177897532158],[179.0291285957113,138.79976679578476],[179.00653627533524,138.81799907369458],[179.0575956658334,138.80822151125017],[179.06401176101463,138.78952500172494],[179.08873313550401,138.80800388288367],[179.20777362867392,138.735235203316],[179.24578270054053,138.68148922033959],[179.20862235331424,138.68782561159384],[179.1772907480204,138.65653993500885],[179.1347159215969,138.6768650578091],[179.12652531763345,138.69990231616072],[179.08603881899052,138.71051609170252],[179.0940531512765,138.6857550877026],[179.10215546728702,138.6937885346999],[179.14715222777335,138.65785509074908],[179.21054467882817,138.6451463826994],[179.23930171356778,138.65721956102115],[179.27989917158465,138.62583900014363],[179.2703174774283,138.59529606639236],[179.2106724996183,138.60315335580378],[179.25309469390112,138.53979880918953],[179.23188541446595,138.53847780973894],[179.27828526970438,138.53124998207625],[179.2889674848957,138.51195857243064],[179.21603725295722,138.51563685068575],[179.2542373245766,138.45528513501276],[179.30006762626786,138.43966337157764],[179.28128746831294,138.4543184752485],[179.32838269769684,138.44264988128396],[179.29737506775734,138.47792623953748],[179.34653218902477,138.44840761310599],[179.35646633628932,138.47527985459053],[179.32445450656027,138.49517902798007],[179.3773080269214,138.48417056329578],[179.2715551830991,138.5752505777248],[179.38521458771078,138.55307717405418],[179.4005161896203,138.5837744776521],[179.32507610061919,138.64067261054527],[179.34954802438477,138.70163762632964],[179.3890368064561,138.68542769204538],[179.33428659003567,138.72375929329473],[179.38414314589704,138.71195539408265],[179.4735882641336,138.55161216666346],[179.6159005734088,138.43277064158875],[179.7706382665259,138.36058926879954],[179.81887969202336,138.35390866880408],[179.82928771112682,138.38168899218772],[179.86670219161272,138.36307441658616],[179.76735759186803,138.26230719125186],[179.6454188558545,138.00474347316725],[179.6153892286889,137.83930627967112],[179.6462576868144,137.69869956506744],[179.71163347066363,137.62335086187696],[179.7729624554684,137.58927026890638],[179.85179838448488,137.57779575294478],[179.89441398714087,137.24512900801966],[179.94563792276512,137.1927564232372],[180.0118246489009,136.97007288488226],[180.07419078157142,136.8874040267775],[180.17742999451548,136.82151357530395],[180.3031936114492,136.5526376358839],[180.34696430567766,136.50873874117514],[180.25238421477442,136.53898615679472],[180.25506006539575,136.408630873745],[180.20040567063865,136.37830347837493],[180.11210373254085,136.38772605511414],[180.0629278856277,136.32551465787134],[180.1592093268763,136.2542565773649],[180.15236994077162,136.22801286433955],[180.07715043252657,136.2770482517674],[180.09948296058536,136.23437604559575],[180.04761663535368,136.2433180790917],[180.15842944085261,136.20464658878922],[180.44224737260723,135.93823050864134],[180.55049845804,135.86874727720735],[180.50691730609938,135.86323122991138],[180.45295121351543,135.88853176768845],[180.27701173945945,135.9000803337617],[180.23860797737944,135.84813525250559],[180.1817029658825,135.86786527766998],[180.2484558440727,135.74426410725815],[180.4463748238515,135.6447783892363],[180.52698772430261,135.64402557094203],[180.57015126007641,135.5822311965689],[180.56977503200034,135.48129213983663],[180.50844777515144,135.51789752472982],[180.4624273212495,135.52167176913918],[180.41521085052483,135.56712688733825],[180.3931427277896,135.54876721142085],[180.4612564260559,135.42438147070078],[180.55104756983394,135.35106627863564],[180.53726748561667,135.3476398751469],[180.83818554662918,135.16507270637635],[180.86672748823284,135.12375389053855],[180.7950144315369,135.11601351281735],[180.9366231147336,135.01680986410906],[180.9759494277567,134.95203485293376],[181.0255663254933,134.91949086655097],[181.07023872551025,134.8407824609249],[181.0941050539698,134.83959228451874],[181.11702972555216,134.81291442061453],[181.22352600759595,134.7867205590458],[181.27878725396414,134.75310165632897],[181.30991042318593,134.67210692186563],[181.3862565480145,134.64488934952908],[181.37639705645978,134.59785720088624],[181.43050116289123,134.52845929343863],[181.48594133906505,134.50830534885222],[181.5010408975264,134.4704794071817],[181.485644459298,134.44796428755225],[181.55456993830376,134.33251454710384],[181.5430932938856,134.30235370880175],[181.61699255097943,134.18637059453982],[181.69290766052353,134.1687391142618],[181.75115930291884,134.06709148026383],[181.73587660025674,134.0412306186953],[181.78328451954667,133.9743974684293],[181.8410750478781,133.92868712304187],[181.9498969363391,133.88448559011897],[181.91513841932607,133.8368602869076],[181.96191937725396,133.68360050619],[182.0940659899867,133.4566025844316],[182.09702322603732,133.5288314491578],[182.18644312531887,133.2896588069834],[182.26638530266666,133.1628792475664],[182.50068382733002,132.9298743272896],[182.62164328149095,132.87818930694044]]],[[[151.97722927807166,170.18362231193112],[152.04880750979777,170.17002424741236],[151.96296007995346,170.10117995450923],[151.93646814846252,170.1069247517362],[151.98919723482987,170.14731250132746],[151.9410803561812,170.17240692393324],[151.97722927807166,170.18362231193112]]],[[[150.6236416254287,170.1471045715886],[150.70991653111855,170.0252602582259],[150.7437918816783,169.90931078022638],[150.70673202952486,169.838005182507],[150.66332908080557,169.86785073055896],[150.6037300947778,169.80299558610193],[150.59717158112184,169.84142481563865],[150.4910000960617,169.7824972409689],[150.47237410439826,169.73495074160292],[150.3851572814521,169.73320187343225],[150.37189103581608,169.79907117890872],[150.32035172034233,169.84213927865716],[150.34125765731602,169.8599048715503],[150.35373544648007,169.97412358112962],[150.4233869738921,170.0322319109813],[150.42860524411086,170.0199270521299],[150.4906691019119,170.0739262691249],[150.52812386708467,170.07294381470075],[150.6236416254287,170.1471045715886]]],[[[151.91277554101526,170.25175634833283],[151.93770000666154,170.23243385041235],[151.88534686025184,170.23596410841947],[151.91277554101526,170.25175634833283]]],[[[150.57761531807745,170.1578527409085],[150.54516155810074,170.1161219998601],[150.4952353056582,170.13978575405847],[150.57761531807745,170.1578527409085]]],[[[150.9233362319285,170.21367987554459],[150.94555790063802,170.11668584020342],[150.84564831129947,170.0531302116572],[150.77036285990172,170.03940921448992],[150.71431023920655,170.1161756296304],[150.76830551277266,170.17675125897318],[150.9233362319285,170.21367987554459]]],[[[150.72958700799796,170.19556253231966],[150.66094015936693,170.16183740773369],[150.66223636840962,170.1891042706938],[150.70558364992337,170.20815072640164],[150.72958700799796,170.19556253231966]]],[[[150.57642683683278,170.2282986832596],[150.54273379975507,170.20084340917302],[150.52685274836847,170.21506718095557],[150.5884269699074,170.24157999349416],[150.57642683683278,170.2282986832596]]],[[[150.72177573129872,170.3235269407969],[150.75220792775218,170.28967162131966],[150.7035854389219,170.2258967601853],[150.6340892590983,170.1931954455152],[150.60632756215955,170.22637619782657],[150.651681641538,170.26787123620892],[150.6685652752751,170.25982434251574],[150.72177573129872,170.3235269407969]]],[[[150.99305912213714,170.33135536460225],[150.9837843201912,170.29568578966004],[150.92451413972208,170.2828794606075],[150.8960804088888,170.31470892254404],[150.95299916132535,170.33429260266712],[150.98431534180668,170.37114837825084],[150.99305912213714,170.33135536460225]]],[[[150.61814313423483,170.71539167126315],[150.64262286239153,170.66930869559056],[150.61655649392932,170.636417195852],[150.59565421317404,170.6445414577425],[150.61814313423483,170.71539167126315]]],[[[150.43864328555338,170.70838701845054],[150.4465600742926,170.69249025198948],[150.41121210541752,170.67757759129802],[150.43864328555338,170.70838701845054]]],[[[150.5976127458262,170.85703194453455],[150.6071156857259,170.87610994289275],[150.61307826012376,170.87105114884923],[150.5976127458262,170.85703194453455]]],[[[150.55603577732194,170.93456490655916],[150.55667562812212,170.91940589159935],[150.53231231569632,170.92097678181773],[150.55603577732194,170.93456490655916]]],[[[151.73960742917947,171.00763553085062],[151.716121559589,171.03013246782012],[151.75946374343056,171.04344929702287],[151.73960742917947,171.00763553085062]]],[[[150.8317056424729,171.02514397271355],[150.81211764531236,171.02407524126863],[150.84658027765317,171.06848941874165],[150.8317056424729,171.02514397271355]]],[[[152.91606192069491,171.2381933109075],[152.88167207273685,171.22030487412226],[152.88541682167053,171.2337940626516],[152.91606192069491,171.2381933109075]]],[[[150.7793834434708,171.05722485478395],[150.76807766275036,171.0713781891098],[150.78832499016448,171.07443242756392],[150.7793834434708,171.05722485478395]]],[[[151.88092032058339,171.19788569515015],[151.90568832898174,171.18229531164087],[151.8850863070536,171.17633996056003],[151.88092032058339,171.19788569515015]]],[[[151.92261630136522,171.26530837750383],[151.90115670912684,171.24898519106193],[151.88227182436992,171.2613845205992],[151.92261630136522,171.26530837750383]]],[[[151.1747072361129,171.28357030121742],[151.2432682412486,171.28420813996928],[151.27113368146536,171.25268541723958],[151.31812552100965,171.26478535160737],[151.31611054773674,171.2108259057735],[151.35192038419905,171.19054739350946],[151.28777187562352,171.11260325347564],[151.0947811431673,170.96146517595318],[151.06766928878403,170.95867144659547],[151.04981947696382,170.992253750918],[150.95942060657057,171.0178291687962],[150.94421348796988,171.00090855491146],[150.89219731985503,171.11073721457075],[151.03562974689567,171.26943556313262],[151.15097831423282,171.29770192163875],[151.1747072361129,171.28357030121742]]],[[[150.96874645634725,171.42330848664625],[150.97013904482958,171.3136712180002],[150.921489701464,171.20498997504382],[150.8771973025872,171.18732364526682],[150.84099612009192,171.1313629736321],[150.83718303436825,171.14745241879706],[150.79021938808256,171.13815493124298],[150.7579276160384,171.2054228832131],[150.72468980481804,171.20234321965484],[150.68378449310663,171.2439168883011],[150.70056312958502,171.29311608272477],[150.78327315246722,171.36097133181096],[150.79734256202804,171.39461494350542],[150.9351327158604,171.39918231048293],[150.96874645634725,171.42330848664625]]],[[[153.13191192373944,171.69303465527378],[153.17877806185635,171.64647479933598],[153.13442813390128,171.6098222414562],[153.04970734564415,171.6566820654355],[153.08087169693107,171.6867088803894],[153.13191192373944,171.69303465527378]]],[[[151.08178409535412,171.70030209158102],[151.10600794574893,171.679434257447],[151.02668513226945,171.63337559119444],[151.01566812881904,171.68133830309563],[151.08178409535412,171.70030209158102]]],[[[151.01921286936928,171.68890324328203],[150.9979723565057,171.6940130699346],[151.00970869292843,171.7030344394265],[151.01921286936928,171.68890324328203]]],[[[157.01288414175076,172.17122740162148],[157.03704509221703,172.15732768262188],[157.01037622982517,172.15798499693818],[157.01288414175076,172.17122740162148]]],[[[157.09945965896082,172.20825574032472],[157.08221049148008,172.22895828766053],[157.13750019817098,172.25746370378013],[157.16743686797992,172.24573200690196],[157.09945965896082,172.20825574032472]]],[[[152.96021316745066,171.96140331073832],[153.00879068044253,171.96644450668722],[153.0084927097775,171.94642497220894],[152.95971621173572,171.94174093088412],[152.96021316745066,171.96140331073832]]],[[[153.5383556855714,172.12595950199074],[153.59187224101169,172.10884728615622],[153.43720771515444,172.07318534689927],[153.4425762175406,172.11924408108473],[153.5383556855714,172.12595950199074]]],[[[152.6359079861349,172.25057350242832],[152.67743998616538,172.24502099254946],[152.66942647518562,172.22630218975894],[152.58317313013293,172.21605536502858],[152.61117736189803,172.25400159246982],[152.6359079861349,172.25057350242832]]],[[[155.15837492944564,172.46287403598924],[155.13529963753902,172.45842399191997],[155.15087224473706,172.47963494146873],[155.21508084348972,172.48102968129513],[155.15837492944564,172.46287403598924]]],[[[154.9187443686421,172.76792417735822],[154.91103116363652,172.77374456170787],[154.941412525703,172.77667889213575],[154.9187443686421,172.76792417735822]]],[[[156.52095616303234,172.97383050644444],[156.47702258991438,172.92919419600182],[156.43492682743377,172.92390559326822],[156.4391321988573,172.96880756173215],[156.50640831785728,172.9960840793678],[156.52095616303234,172.97383050644444]]],[[[151.6220337579812,172.65279579261642],[151.74594983362888,172.63979611763762],[151.73535787909248,172.60535544260944],[151.5756978113292,172.6197973702308],[151.5683593674712,172.63664932304553],[151.6220337579812,172.65279579261642]]],[[[152.58184991018294,173.05785588618946],[152.6416361767411,173.03898386649706],[152.5645630580978,172.99641358285464],[152.58184991018294,173.05785588618946]]],[[[153.0627155058744,173.17838022757232],[153.1766382131823,173.17406230327052],[153.30365378400802,173.2188457228141],[153.47594022696597,173.22093271124209],[153.4785134133674,173.19844902471408],[153.296826307255,173.1324422773133],[153.25868532915518,173.0929898809734],[152.95923401069302,173.04931048157107],[152.8011365788937,173.0831416642385],[152.8271368965435,173.13567923726944],[152.98627953046628,173.1965062208318],[153.0627155058744,173.17838022757232]]],[[[153.24373239026932,173.2078582825684],[153.06107515989655,173.18424527688012],[153.13508409865574,173.22485762712165],[153.24373239026932,173.2078582825684]]],[[[151.7292892082345,173.39182817426342],[151.76464862163013,173.3365719062755],[151.84427726426634,173.36263837955778],[151.92648285920137,173.34820576651367],[151.8388059833011,173.2721630912753],[151.5943456682229,173.2606452432926],[151.46718670611475,173.2855303412768],[151.45921827223452,173.31050785358343],[151.71948080535876,173.3992781464458],[151.7292892082345,173.39182817426342]]],[[[151.59590051291812,173.40796294288532],[151.62610878020578,173.39114354284214],[151.54541937949853,173.3522867262762],[151.5672619830188,173.40450542684175],[151.59590051291812,173.40796294288532]]],[[[151.80397023307418,173.39577702911726],[151.77200496312406,173.39571373858217],[151.76844303550538,173.42699790042002],[151.80397023307418,173.39577702911726]]]]}},{"type":"Feature","properties":{"Level":"ADM1","shapeGroup":"AUS","shapeID":"AUS-ADM1-42912490B62969644","shapeISO":"AU-SA","shapeName":"South Australia","shapeType":"ADM1"},"geometry":{"type":"MultiPolygon","coordinates":[[[[125.52627535627579,122.41838035562459],[125.5486615856705,122.2822038582088],[125.53359580593161,122.23323892131614],[125.53624344975029,122.06869721166461],[125.56212951092499,121.98694732273006],[125.57246800738375,122.04539846834366],[125.5889993017776,122.036438326163],[125.600364826383,121.97845092262186],[125.60244217463952,121.65058007875508],[125.62173462263407,121.53939793190276],[125.66777199240704,121.56623535598237],[125.71774470679306,121.71479151397145],[125.75433675992474,121.53738404035036],[125.75404725633126,121.26235238155314],[125.78853998362038,121.02993256615558],[125.78393795326907,121.1533549816815],[125.80531880154729,121.1016027531032],[125.80642117028808,121.18033611047714],[125.78903754258289,121.23818764798946],[125.77682110908962,121.20154869230787],[125.76105455636925,121.28780583566382],[125.76806828541433,121.30626318467172],[125.7611546784013,121.37286114082059],[125.79989383229773,121.31186871833668],[125.80745854045684,121.35294022613458],[125.80305992283624,121.5830283463732],[125.78244083873957,121.75148089047649],[125.78161163655791,121.82229294374125],[125.83837440878573,121.82323494325624],[125.89984931129938,121.66541041379062],[125.9139879751423,121.54889712665079],[125.94370791932472,121.42510966327609],[125.96262504168456,121.42755375059578],[125.99571361850808,121.22784101051565],[125.9863996320864,121.18847888030798],[125.98797973352315,120.83684595186308],[125.90394860557686,121.00424373655437],[125.88323630934438,121.00867117697294],[125.87336681014908,120.93859134892782],[125.82053099539863,121.0131092471504],[125.78742931206776,120.95019550130122],[125.79726156473902,120.82455328889203],[125.76469616590101,120.72174723842821],[125.76126475942145,120.5581042613796],[125.77538653736336,120.38183870345755],[125.81623911348319,120.16144299841747],[125.8260842007132,119.86360784153611],[125.80187864063672,119.79242399984014],[125.80503873062463,119.57018287008236],[125.79144087250401,119.42664008478859],[125.68917853541987,119.88664657016582],[125.63189174100194,119.87511147676996],[125.61382426876655,119.93270393854068],[125.5700616052645,119.93351793601269],[125.57254157254572,119.81138169801162],[125.56054024860069,119.65300338106263],[125.54519667000937,119.67399622852857],[125.5323150823128,119.59676777265022],[125.49808822258586,119.67834890313426],[125.41926100620847,119.6149019089249],[125.38358826697934,119.65834679059688],[125.32581347132846,119.59317719210263],[125.30053649661853,119.49268641905851],[125.24291029738023,119.61621011535703],[125.20439423400448,119.605283760052],[125.19948897235486,119.53844963376324],[125.15287220559856,119.52830290068383],[125.13105245674613,119.420372374724],[125.10340457060627,119.44948001039285],[125.07700520574821,119.32757048601891],[125.06673244080483,119.35839875934619],[125.07445569647231,119.47959444392053],[124.99199703967565,119.86076229409366],[124.95463997395439,119.91024177780065],[124.92640016791876,119.86819406325777],[124.90534047230982,119.91734498807722],[124.89067093244503,120.02128602082115],[124.82839820980135,120.16473831238689],[124.83128954539775,120.24162832570636],[124.81633646269364,120.22694511986582],[124.80847113650431,120.36848642679323],[124.82708965120005,120.40249852694802],[124.80751677777741,120.6155847772979],[124.8126378527287,120.70437115954599],[124.79169320767025,120.83361060656465],[124.79542583347205,120.92171387084268],[124.90663021137607,120.99915588624361],[124.91820925570474,121.10053507335238],[124.96112133240032,121.09925479151804],[124.97243254520198,121.21754854131422],[125.13596942773137,121.39330396022257],[125.25810753356187,121.4494905408699],[125.30224994078793,121.54972869750252],[125.30000700934013,121.61188308104167],[125.3184172588501,121.74312268406065],[125.33221551472204,121.7507620548075],[125.3380328526261,121.8837681452107],[125.35402444538585,121.91185704418163],[125.36904412523458,122.0878672565159],[125.4490918001697,122.10036962585926],[125.46237223295843,122.2197469293956],[125.48138782091402,122.16304548344645],[125.49531006081475,122.19206477417352],[125.50813901175125,122.38316184275807],[125.52105058294387,122.35775946817196],[125.52627535627579,122.41838035562459]]],[[[124.00223308258902,122.84019472407248],[124.02053634517213,122.81097655646367],[124.01157448081366,122.80974179526403],[124.00223308258902,122.84019472407248]]],[[[123.87566924470364,123.37356794632821],[123.8916717651828,123.30496810363337],[123.87114056867927,123.31436001395367],[123.87566924470364,123.37356794632821]]],[[[124.23364753882417,123.92047998200673],[124.29053607173554,123.8120488387945],[124.29974142952452,123.73294780412635],[124.26059099559866,123.79079553639554],[124.25176560964367,123.76934330438976],[124.22745990618144,123.85211811800605],[124.23364753882417,123.92047998200673]]],[[[124.23898348326017,124.01882672915652],[124.2486869960666,123.99815220350735],[124.23079602099753,124.00849126514262],[124.23898348326017,124.01882672915652]]],[[[123.64490580527698,124.33851437568757],[123.64794569950101,124.26452066839799],[123.62808541549809,124.33831655919832],[123.64490580527698,124.33851437568757]]],[[[123.26953338859784,124.3441898477989],[123.27556801580832,124.28851987318893],[123.26975598913361,124.28228015550155],[123.26953338859784,124.3441898477989]]],[[[123.68647625416541,124.67822581148894],[123.69960998446422,124.65376082687843],[123.68568296839821,124.61327924449401],[123.68647625416541,124.67822581148894]]],[[[123.72971243259377,124.77292351345044],[123.80313815311148,124.56296358307739],[123.87031879686687,124.43799470729994],[123.91288764676645,124.20162947404788],[123.88984690539861,124.25589737235902],[123.88200054934387,124.20630987850872],[123.82630728431377,124.3705778953919],[123.83566762962647,124.4042201644173],[123.8250205385066,124.46621950193386],[123.74651957243188,124.64042218598087],[123.71749521595441,124.64154860159579],[123.70127439823267,124.70838241767046],[123.71524131055716,124.80799435547164],[123.72971243259377,124.77292351345044]]],[[[123.62068585099537,124.91415958815634],[123.62837395495468,124.85499993213976],[123.62175012892958,124.85704409685573],[123.62068585099537,124.91415958815634]]],[[[123.58723469059575,125.03996806463522],[123.59269061602438,124.96416960629321],[123.57719157241601,125.01837106942472],[123.58723469059575,125.03996806463522]]],[[[125.61296618025268,126.72283884128439],[125.61191225553532,126.68456436680147],[125.60652937160185,126.71229331467266],[125.61296618025268,126.72283884128439]]],[[[125.59794432963253,126.84109730573707],[125.61660814275662,126.7415644812184],[125.60340194836346,126.74975331316605],[125.60173701658937,126.6879369080895],[125.59794432963253,126.84109730573707]]],[[[123.43509363160653,125.2684939523374],[123.43594685735596,125.29820876699887],[123.44041640387216,125.28416167483215],[123.43509363160653,125.2684939523374]]],[[[122.7911105555968,124.97710737445996],[122.78894314492823,124.92709471665913],[122.78268923595829,124.92327365310315],[122.7911105555968,124.97710737445996]]],[[[122.89740341301483,125.1267939454658],[122.90069781971482,125.11708109499119],[122.89305303970781,125.10573265309999],[122.89740341301483,125.1267939454658]]],[[[123.44829867682364,125.69411590056302],[123.45558266890072,125.65852781009275],[123.4625493326345,125.6741266110891],[123.4900099452626,125.53511190802556],[123.47607718919555,125.51184956773113],[123.44874654513902,125.60660673556362],[123.44829867682364,125.69411590056302]]],[[[123.81970760618728,126.0768585457192],[123.83881070894756,126.0418356661178],[123.82496975135231,125.99774674132806],[123.81218460832555,126.02470434146491],[123.81970760618728,126.0768585457192]]],[[[123.6772788559983,125.99865250279942],[123.68024641771284,125.97486567548219],[123.67492382639671,125.97442495303157],[123.6772788559983,125.99865250279942]]],[[[122.96475571830874,125.43046678314029],[122.95964457164256,125.40850142369139],[122.95862890081249,125.4288847602586],[122.96475571830874,125.43046678314029]]],[[[123.77851179263716,126.28532432694507],[123.78863325969144,126.2686296701226],[123.7779404499978,126.26701258841481],[123.77851179263716,126.28532432694507]]],[[[123.4517391643174,126.10387088062743],[123.45793432586045,126.01041683612317],[123.44455180686582,126.09710683344042],[123.4517391643174,126.10387088062743]]],[[[123.71017073464887,126.47634571506518],[123.7052564073403,126.47012367552878],[123.70702244708029,126.5011654112366],[123.71017073464887,126.47634571506518]]],[[[123.74409983613197,126.59681823918248],[123.73145609867775,126.52883767211475],[123.74053555496296,126.4142035533232],[123.726698610669,126.42658805258641],[123.72459275648576,126.57404609160898],[123.74409983613197,126.59681823918248]]],[[[124.64714458243068,127.44091442435972],[124.65687778618192,127.42154286234143],[124.66569558406263,127.30991699407615],[124.65701241494054,127.17297638485948],[124.64617140340987,127.14279299852586],[124.63694132180406,127.1682558442142],[124.6303762126674,127.32040853325307],[124.64714458243068,127.44091442435972]]],[[[121.77727345753235,127.1279564928202],[121.78607750852757,127.0899161132192],[121.77643082518378,127.10121694008534],[121.77727345753235,127.1279564928202]]],[[[121.77570430101864,127.17914935630907],[121.78744742421338,127.15727404139193],[121.77816663930213,127.14167512924442],[121.77570430101864,127.17914935630907]]],[[[124.3676035500536,129.61567187765098],[124.37145480272514,129.66005704525892],[124.37547649961357,129.64461100813804],[124.3676035500536,129.61567187765098]]],[[[121.94181968598969,128.33324806592447],[121.96704800733599,128.22640624124486],[121.94082186764342,128.2078532498873],[121.89461282287142,127.94741980545743],[121.89124279095617,128.07480279859539],[121.90138376863305,128.11201359597285],[121.889930416445,128.25807042972832],[121.93630879477573,128.3651431303336],[121.94181968598969,128.33324806592447]]],[[[122.15659858444599,128.88071319404168],[122.1556801400636,128.83957358909936],[122.12495649561998,128.85430955868236],[122.15659858444599,128.88071319404168]]],[[[122.00240009412224,130.07166116418762],[122.00964769044779,130.05292098666496],[121.9995675873251,130.02252593551646],[122.00240009412224,130.07166116418762]]],[[[121.65364203073261,131.28048514367794],[121.65657041837567,131.272156830917],[121.6363211092249,131.26565488845006],[121.65364203073261,131.28048514367794]]],[[[120.64509145274192,131.0365789424709],[120.6290780763286,131.02947119607794],[120.64096890609687,131.0468463842672],[120.64509145274192,131.0365789424709]]],[[[120.6512091355375,131.10752889272166],[120.66600978532327,131.10460182861888],[120.65475231986082,131.0765305000878],[120.63357703242866,131.08507916255365],[120.6512091355375,131.10752889272166]]],[[[120.66862909495563,131.2568840085969],[120.68279207069332,131.22985183238194],[120.69308943529006,131.2438821832019],[120.6795095414108,131.182499711963],[120.65561283196347,131.17680386303692],[120.64212207051757,131.24090196669948],[120.66862909495563,131.2568840085969]]],[[[121.05244753523331,131.50831842156418],[121.06716722676418,131.50359214849948],[121.04621472002745,131.4791033095164],[121.0415622339759,131.4993694892471],[121.05244753523331,131.50831842156418]]],[[[121.09800563874347,131.5652733677548],[121.1015726142393,131.55489333895383],[121.07510120357836,131.50792255975378],[121.07824849133638,131.53462738554708],[121.09800563874347,131.5652733677548]]],[[[120.80279700678939,131.5185895822042],[120.78542976065265,131.4893787575206],[120.78867752220067,131.5123167296675],[120.80279700678939,131.5185895822042]]],[[[120.91579082226096,131.63091667795925],[120.9081352655924,131.5905043682062],[120.90595990658139,131.61905415580628],[120.91579082226096,131.63091667795925]]],[[[121.25263782669583,131.81424287763818],[121.28459855214379,131.76269481634148],[121.22759900928048,131.79625284537366],[121.25263782669583,131.81424287763818]]],[[[121.27465295715902,131.830281191847],[121.26486085783532,131.81348202489332],[121.26120591906187,131.82001271257894],[121.27465295715902,131.830281191847]]],[[[120.96652670364806,131.80498641238182],[120.9722291262947,131.788815766967],[120.94818791359893,131.75485581427168],[120.94913330774543,131.78274307203802],[120.96652670364806,131.80498641238182]]],[[[121.11867694441227,132.0199185064286],[121.069048688704,131.9440565794624],[121.07379860017431,131.91660175418434],[121.04683594839759,131.8266265014387],[121.02664460906391,131.82016784651333],[121.00674249952739,131.78713635933735],[120.99491346001567,131.80183983230225],[120.9918662733399,131.8659998452807],[121.00630015108023,131.90726691530233],[121.0223485975479,131.90766432741992],[121.04419648935635,131.9464127042174],[121.03089691241885,131.90947505077926],[121.08681398952724,132.00010672345363],[121.13989198932865,132.04030978238202],[121.11867694441227,132.0199185064286]]],[[[130.84453504888097,141.25261435035532],[130.9517536113878,140.82926117643024],[131.4295451646817,139.5447180621406],[131.49490778259602,138.84412182130268],[131.7546483918328,137.62458347753676],[131.65695603307014,136.8246960745877],[131.59439246426606,135.87536123758082],[130.53413841449182,132.4927491811331],[130.42178598449004,131.9803566873134],[130.201323999044,131.0991337668033],[130.103427030287,130.40380072364815],[130.05949956859587,129.40086521595137],[130.06011966199742,128.7004165430866],[130.00893147820258,128.6882952422821],[129.97538797762692,128.7984472341488],[129.92540829015536,128.8364210525898],[129.91537963068365,128.89012184839353],[129.9072905385177,128.8934771235193],[129.90288891623004,128.5939515411431],[129.88654070439364,128.42067531919758],[129.89473643305877,128.05684691983637],[129.89731820057483,127.75364031654519],[129.85645681845094,126.62127229965976],[129.90566438444776,125.98451097673403],[129.89096892690762,125.51032388618017],[129.92453495463397,124.61972145613124],[129.9587924967911,124.07091098148119],[129.93455887283773,122.477471737641],[129.94454723189753,121.50392692025214],[129.92914227725024,120.42468852185706],[129.95480326260918,119.80732600895894],[130.13351139689235,117.39311237442325],[130.20706862716534,116.03619832025718],[130.35693427738602,114.64458231912366],[130.51332156415205,113.45749175324912],[130.56912864650803,112.82988028443444],[130.66142080274557,111.56027555918803],[130.77617639398557,110.50829407489536],[130.8710696651984,109.60902129000556],[130.88410078043705,109.49756886062124],[130.98430833380365,108.2752040757794],[131.0479594133029,106.97260368184587],[131.2362467464757,104.8100046337363],[131.2589108647538,104.44144724750433],[131.32926677474234,103.19154578554057],[130.94133344046125,103.71535553864268],[130.77990045812038,103.86277373016794],[130.74343805700488,103.82541384268812],[130.58484527304125,104.03938947196686],[130.42303258433006,104.15030433563919],[130.3473991083038,104.3432466033372],[130.23917998541683,104.52416447425651],[130.19174073136273,104.6223632963725],[130.17220856776697,104.60801007872206],[130.13162851593296,104.78668291550093],[129.98837969363183,105.10779118993275],[129.83673280518303,105.5868679989066],[129.76181108682843,105.70912465643059],[129.63960230733622,106.04447087933474],[129.39504030995775,107.07271384144201],[129.30390816667636,107.51430735166548],[129.01816572496313,108.4955456951979],[128.84591383668834,108.92241579777574],[128.86948026239642,108.9832771255506],[128.85975765047257,109.13235104855275],[128.75522053393004,109.45885691434046],[128.7033853136498,109.67016561071617],[128.66356304703848,109.77237546975893],[128.6516536633703,109.66178281123129],[128.54213518186046,110.10640350115568],[128.3621292714807,110.97131056933326],[128.33496514815062,111.0493517542718],[128.20862000599615,111.66976162473827],[128.10978308074235,112.25154770071107],[128.10649838574616,112.42806486736146],[128.14881588784243,112.33669145192717],[128.1510809694096,112.5166441601519],[128.11383255525004,112.81388337450953],[128.06013612751772,112.98769843267127],[128.03662281664205,113.28730021920451],[127.92008975635717,113.82908201022376],[127.91845520039884,113.92747660320616],[127.94180384952296,113.9229308924141],[127.99291895868303,114.08637112439847],[128.00798822559582,114.17527384187154],[128.01870383945894,114.49156060790226],[127.97915680412102,115.09395490444469],[127.91706601636088,115.67053617798202],[127.70857372255348,117.13166803491752],[127.59655570314132,117.82504874688779],[127.46996328426401,118.52828509320383],[127.13800988660111,120.12978097958555],[126.88825588803094,121.15542226962417],[126.58579366064731,122.21215262001289],[126.20419690268074,123.2257492759172],[126.1306117745996,123.34895978818126],[126.07797604288717,123.38551268055741],[126.08102893389687,123.23403938002573],[126.05595140927615,123.17433294838982],[126.06697815627807,122.92222671179263],[126.07470863985033,122.8996753994136],[126.06585977938617,122.5599095054082],[126.00613018444147,122.59041180566572],[126.00254775153618,122.51580978846657],[125.92822247427283,122.45326032403793],[125.9216394282615,122.34587515872315],[125.9000686168727,122.2641451023394],[125.87631357932246,122.28516536454802],[125.81980366475227,122.43913000214039],[125.80314224154462,122.56101235718914],[125.78291609406807,123.07264109081311],[125.80148409460807,123.0633819824553],[125.81737447351684,123.42877100648984],[125.79334660378245,123.85727955099027],[125.81764810508984,124.15259738478979],[125.77243687148562,124.54410982264271],[125.77236153041973,124.69436708268843],[125.69404501258023,125.27761228393527],[125.66091809679926,125.73675797968916],[125.60647443547177,126.05556177174581],[125.56957505293607,126.46774831325065],[125.57081348009052,126.7664446180073],[125.56301688307201,126.76861866337276],[125.57540580227533,126.85363020555035],[125.58935865791155,126.85501969897561],[125.59327715589706,126.64744737209739],[125.59611520944524,126.67657321499033],[125.63067830672244,126.65420425920438],[125.62887714407285,126.70680640033916],[125.6428844252337,126.78326383280067],[125.607141596996,126.9600426705097],[125.56982126851722,127.03026525227214],[125.51887311510112,127.2649614450612],[125.48650832635808,127.47803791495863],[125.45067171171155,127.53909678684059],[125.41666994172898,127.76412976257848],[125.36225112552395,127.89213577672275],[125.32046555363495,128.29990046540297],[125.32374701541941,128.4762194604432],[125.30440286837819,128.58690570044027],[125.26936873123091,128.58118149751988],[125.28295718766893,128.62190662971489],[125.28911318749736,128.69506272517776],[125.24338109128162,128.9471944364144],[125.22236310884375,128.95820493378903],[125.19805518157655,128.83108449100618],[125.18380815225295,128.6585557381738],[125.16504161742591,128.58909441403648],[125.15434699922031,128.39190226939797],[125.16939420344812,128.42709588521558],[125.15337418427536,128.2258692682666],[125.09823708185313,128.00395872573074],[125.08084918564263,127.89854492973772],[125.06624634397092,127.55941933001665],[125.06729694743026,127.18549669519273],[125.09452090788133,127.12963489086546],[125.07618823626805,126.89855610693292],[125.07813440437312,126.64654086697777],[125.10961366902492,126.41605791114446],[125.11555353237303,126.22695129656981],[125.15318512542046,125.81757438977965],[125.17142151334758,125.74095228167262],[125.20463151997444,125.30888051074933],[125.23983368535983,125.10852460735094],[125.22428792243801,125.04711235920824],[125.26282735832086,124.88911227735451],[125.27257640449652,124.80116048663045],[125.28972391145618,124.75803492984984],[125.27325357238452,124.53766362725989],[125.2811266823545,124.43224142551621],[125.25853633637195,124.39576358753706],[125.17631838952195,124.57877906187562],[125.15239273383446,124.53345583944316],[125.11218640910374,124.59251123613456],[125.08872166226277,124.56525814390432],[125.07306615738395,124.32363232429576],[125.08687544510305,124.13969853023568],[125.03767661152908,124.11767229683255],[125.02712862108069,123.99734543437795],[125.03385539703065,123.81079819765142],[125.04808202433135,123.7100872117081],[125.01299969948269,123.57331713812589],[124.96521379107311,123.64506203759214],[124.88181521332436,123.64025408711863],[124.87031127515532,123.57469205069039],[124.87948564706038,123.50456823766726],[124.86723451737683,123.48849119955017],[124.87423107302364,123.41359301569086],[124.8524841475209,123.39625213027391],[124.85792014113386,123.32625675387878],[124.81459659788408,123.30209001811042],[124.80611561764931,123.22528072329438],[124.78379727638699,123.28869333992742],[124.76949072779166,123.28155480542642],[124.71483187784341,123.45957376806876],[124.71845030018993,123.56982550416853],[124.69143599826471,123.76159201355752],[124.71243989453912,123.74825029783213],[124.73575783418087,123.83434976927514],[124.72350522760401,123.91942050382832],[124.75302201937382,124.09030990099791],[124.73785503256076,124.20671350822542],[124.74630624986698,124.29418795786424],[124.6734829891862,124.58357430011509],[124.6941830899817,124.75132075617407],[124.66230780987217,125.00522353887311],[124.68697872776897,125.11102553900584],[124.66664436562489,125.2182031561847],[124.75893729789517,125.13398566068955],[124.77529660247002,125.14074434082654],[124.80783284674595,125.20104199533634],[124.81843361089786,125.30370078658609],[124.83787691948461,125.31189105921203],[124.85960663906943,125.40334804856711],[124.91126856358761,125.263940385556],[124.92297232960141,125.29392535085275],[124.95801133415478,125.20334863334438],[124.9700156022715,125.30628589637018],[124.96859811555593,125.46547070442033],[124.90124678663776,125.95381707644022],[124.81353622466472,126.73266511007373],[124.775625984916,126.98491415218781],[124.74015399166836,127.31850529343114],[124.74665000160977,127.4342206527282],[124.73603312864776,127.6177729461015],[124.72164923863359,127.6441818292403],[124.7092933302111,127.5927018626653],[124.70710908821985,127.50346924221861],[124.6945452123297,127.44170960910404],[124.68575533836173,127.52714803829599],[124.71129736201287,127.73107376146699],[124.73053179398016,127.74576445005711],[124.76161579813912,128.01713197817853],[124.77303815331722,128.3230514361604],[124.74311674007947,128.577261189119],[124.74805298759651,128.60763119685794],[124.78781486631395,128.6197237227796],[124.80069253551468,128.6566380665126],[124.83694320253804,128.95818302931917],[124.82599627253674,129.0425758175623],[124.81055134505561,129.05852008900618],[124.8160268973665,129.1003990058085],[124.82553649959847,129.1041674296356],[124.8637736844088,129.29750641053855],[124.88712041391786,129.35580825102352],[124.8836518664777,129.43177276570066],[124.86488357986146,129.47306688772088],[124.89873988509713,129.6320597959666],[124.9619982475323,129.85238998322927],[124.97093200801842,129.9526639838929],[125.00210340704305,130.09956555845946],[125.02078999894135,130.14690439797465],[125.0926779121887,130.47480988327962],[125.12010956017372,130.49019244017305],[125.10535106495146,130.39969611053283],[125.09894959112033,130.44227416765065],[125.09252813470965,130.36386652469892],[125.11476600885598,130.39284886898128],[125.15058354529242,130.59796039322055],[125.15713199349885,130.55080459896132],[125.17151895887258,130.551185680451],[125.19037474073238,130.60315207885236],[125.18798240143735,130.64145028488915],[125.1593187904547,130.6109808151875],[125.17248106719003,130.7295561902681],[125.16419677887762,130.90655578955972],[125.14058583566396,131.02739814093738],[125.15850223057024,131.13054491526182],[125.17291307465673,131.15649984683222],[125.17437443720905,131.26625864782474],[125.15679543429229,131.2447251751064],[125.16044448546621,131.22479520718343],[125.14153117841923,131.24907138340507],[125.14811042825906,131.28753005083962],[125.12422003547502,131.35082087600256],[125.18037678807202,131.56486093382708],[125.1959924918753,131.55574940941105],[125.20196454691916,131.59453198541846],[125.28188188698816,131.68634278243132],[125.28008846941603,131.65747441328193],[125.32391493127362,131.73179021452972],[125.34278392349788,131.725800078962],[125.34291713287101,131.74721201237338],[125.41505604875474,131.82328651754628],[125.4021399420125,131.7931979578037],[125.40638292564894,131.7594418381176],[125.45954508856553,131.83250509319225],[125.47932870958218,131.88931798685917],[125.46684177027986,131.91438664890978],[125.45157038610199,131.9023941452541],[125.48712447262103,131.9605660796161],[125.48775206250448,132.08414312040142],[125.43083713487779,132.1362627599312],[125.44795842895374,132.18213483867314],[125.49013066147033,132.59371514423054],[125.50885556005707,132.68479597523435],[125.52794312850423,132.72633962492074],[125.55829125530138,132.73078922097608],[125.56422529026024,132.74796409483997],[125.52698116081747,132.82002680172485],[125.48028436002441,132.8537992565682],[125.50741926231686,132.87712748826476],[125.52821683034232,132.93958991473886],[125.52302055170335,132.9878200294779],[125.48672446676746,133.046494585662],[125.51841342880444,133.11171876521757],[125.52261400103069,133.09522361986592],[125.53887820062432,133.13581638019252],[125.53224444565137,133.16482025965246],[125.49349826312212,133.17361988178334],[125.50675651440426,133.21581379286624],[125.49242154887662,133.2301855388033],[125.50548591421676,133.2752345470492],[125.49790782590927,133.30276948091742],[125.51756716762637,133.33953670631996],[125.51409412436375,133.38235583423534],[125.52690249695583,133.409161008855],[125.53185347669847,133.43277213515992],[125.53159605946043,133.46526565935585],[125.52063119714452,133.4388864911789],[125.52762893671449,133.4172243854067],[125.5087659947536,133.37892258128784],[125.51188848927285,133.34334032162963],[125.48835651300544,133.28624501195648],[125.49180406986616,133.2595823290024],[125.46799306439843,133.20552609756905],[125.4550648277926,133.07822556725534],[125.3776184551783,132.76292329656033],[125.411389340076,132.7909625409831],[125.4241327083719,132.719813778265],[125.39117147589549,132.64029800025787],[125.36891417672047,132.47474731359407],[125.33734393266042,132.42476900058648],[125.33019160867427,132.37114090846075],[125.30502167032388,132.31126270759046],[125.2751734969022,132.3197927445869],[125.25542829744484,132.27953942878605],[125.24805746776327,132.10530848983018],[125.18071866397227,132.08792816163617],[125.16864049501595,132.15526494828453],[125.13602064933664,132.16851282431188],[125.06721847022877,132.0877342084598],[125.02680549003813,131.99952579223356],[125.02678753781007,131.9686223417325],[125.0190700516126,131.97895769077485],[125.00316855622508,131.90506334360845],[124.96266227340939,131.86107345437688],[124.90924008352953,131.74249503279674],[124.84370052188578,131.6327583133698],[124.81728167434031,131.60856636314898],[124.7921392021965,131.54683144855],[124.76083836435049,131.33785785604135],[124.74474661925112,131.28887816686236],[124.705427294322,131.04972976600345],[124.70956458585061,130.85096884294774],[124.68990716642861,130.71211793125173],[124.6893558638897,130.64021220989457],[124.66220751906363,130.56198181284373],[124.62506205172903,130.22642318746009],[124.57072201010156,129.8996497178255],[124.54970102609772,129.85708401526531],[124.53910269029961,129.7994518817958],[124.50529325699623,129.74555667129823],[124.45828371927448,129.71407669115985],[124.42503033863412,129.63954203586985],[124.38671334442739,129.60833248296262],[124.38833344002468,129.62927178774632],[124.39942509876713,129.62421234057965],[124.41026349044039,129.69685617922684],[124.39902607359608,129.71626459781882],[124.36696080638748,129.66799375858525],[124.36391966694168,129.68850097810355],[124.37453046626018,129.69266306344838],[124.37695677199918,129.73715055759007],[124.33886772310422,129.72945822894297],[124.33185532913565,129.75087629096953],[124.32483297238579,129.66779092504984],[124.26187096520724,129.5142911451956],[124.27045727245553,129.4006228909816],[124.36700380678087,129.5494482407692],[124.24866545383304,129.333844587029],[124.19036317623312,129.29186621738404],[124.16782373278366,129.1923941733673],[124.11823228401845,129.15498153440637],[124.06030633533632,128.9984037484677],[123.97463972651406,128.87718019948912],[123.95850500014441,128.81988451473867],[123.95507641354672,128.72754018266372],[123.879458730207,128.54411106497054],[123.81807417667224,128.45981067442057],[123.7229202439852,128.20347557988734],[123.7025313092316,128.09573078384827],[123.70738904068733,128.0318853312155],[123.67949464062569,127.92742348936541],[123.67929673679546,127.79901766594207],[123.6471396723212,127.61867563819732],[123.64240486974388,127.42533479113055],[123.59838316780814,127.14117371619867],[123.55370172717602,127.07275376519098],[123.53522685876501,126.98680971392734],[123.53402680251807,126.89557749275546],[123.55686305174244,126.81905326472645],[123.54021925910442,126.70474412905335],[123.55743775896862,126.74569326666534],[123.57343024556289,126.5958839557083],[123.56632485381175,126.56588708513807],[123.57847704005515,126.41116746995112],[123.56501053215658,126.29113825544532],[123.56299126398629,126.35260340959027],[123.54353336634392,126.42267119658797],[123.54839514368308,126.44678555856058],[123.52356018376342,126.50758903084346],[123.4916708403559,126.46563393960943],[123.48729076149243,126.4037565318604],[123.49885406352749,126.35150958408462],[123.49023955609192,126.36746390405715],[123.4621204353877,126.3250876207504],[123.45977937619772,126.3520406936889],[123.43811771875778,126.318861168508],[123.42026589670404,126.19751212338849],[123.42776292256063,126.18063548919227],[123.41205716927543,125.97834651142121],[123.42771473528123,125.91792047115118],[123.44470933120404,125.93735244747546],[123.45582042008749,125.80717604168302],[123.43216369941142,125.8428070563661],[123.43122130175233,125.87879679467059],[123.40867436376328,125.88533396216917],[123.38744136451974,125.79864240627123],[123.40299689419595,125.49187807937129],[123.43529273526954,125.46934227653166],[123.42981590751906,125.40181457540834],[123.44621653699949,125.41323644663768],[123.4258799983414,125.3015043140026],[123.42251987393817,125.35386881046563],[123.40677478579121,125.34893576827821],[123.36848497877523,125.09793332920327],[123.41441385657411,125.09726921786026],[123.46682595936109,125.19864836055584],[123.48460080854038,125.3494268861768],[123.50433297647983,125.38962421801273],[123.51718104745548,125.31715749210326],[123.53496132457185,125.328303231673],[123.53370889627695,125.4736125049928],[123.51882717564423,125.52631741203618],[123.5315073981369,125.55666500678856],[123.55773393938307,125.43269648385461],[123.5546617966085,125.33379540079109],[123.56224826162054,125.3105978276455],[123.55835571143426,125.17879435476476],[123.53424492856284,125.07833870206184],[123.56454896355112,124.87751046324328],[123.59340381779926,124.78699752319478],[123.61481889799501,124.63443863308429],[123.61928290785993,124.65227692534279],[123.6430064130522,124.52904179280921],[123.62946619994469,124.5547098820982],[123.6210256472129,124.47746310786277],[123.60155643408402,124.4860951743576],[123.61113216047019,124.42255375770893],[123.59098215253005,124.42618080464933],[123.57558467174475,124.56237962463607],[123.56115895912332,124.56749850152912],[123.54424952151834,124.6627077693355],[123.46729624390507,124.74600823817131],[123.46367556045944,124.71487731553219],[123.45884744679535,124.81986497476503],[123.44197749981599,124.87993415819386],[123.35135826365683,124.90151449157855],[123.31908355074265,124.84049463822143],[123.32304585763815,124.72627216059803],[123.30288563585827,124.63784307427164],[123.31374484106301,124.60916942664217],[123.31671163967205,124.5235860359873],[123.27472884107729,124.52357195355384],[123.26508310087868,124.47667897758785],[123.25191965606626,124.62506733881615],[123.2308350473065,124.66521796852997],[123.22678601681318,124.71267806636531],[123.10339554094197,124.98704378296654],[123.07866385559322,125.09950235949908],[123.00803557958645,125.22053588478585],[122.94548240226649,125.25642819530671],[122.92919170015907,125.20893893913217],[122.92192343549428,125.25938250214075],[122.93856571097366,125.3070773398628],[122.92320786126247,125.43869950029492],[122.82201378258551,125.65723171332874],[122.79548022547351,125.66763475993278],[122.78068348384801,125.63068593905389],[122.7850894245004,125.60041956341661],[122.75283762604506,125.58802473286518],[122.73379467170878,125.50230067647814],[122.73635129372923,125.43051772020064],[122.70481213512267,125.41854866917916],[122.71419636256329,125.50774917018919],[122.7060998463666,125.65573986792052],[122.71605477925704,125.69531222554491],[122.7079304900995,125.74276843941598],[122.73741087862271,125.94674986333564],[122.73758237192428,126.04798999605953],[122.75734509333039,126.06703382289395],[122.77268228688462,125.84303196566404],[122.81816277631219,125.81728019816664],[122.89643138416554,125.8439879220058],[122.87004759927814,125.81860958040147],[122.86233670460079,125.68871404681835],[122.91528333396472,125.6418131153649],[122.9385939468342,125.484005828502],[122.97340996204096,125.48713457754178],[122.97337686863396,125.46060233548789],[122.95214327385624,125.46356362734139],[122.95973515600828,125.40705690955446],[123.01672545418862,125.50822448891526],[123.02033056582073,125.56893847129484],[123.03921211921507,125.55819194307335],[123.05434078573552,125.60772857576791],[123.0710967857066,125.59145970336613],[123.06170306201201,125.68516978326679],[123.0524317440611,125.65924486658497],[123.01481790696573,125.68027026766288],[123.00548159062683,125.61752757922737],[123.02184903160264,125.59241136085814],[122.99610139682383,125.59863558889325],[122.99771626872672,125.73037808515087],[122.98353253966755,125.83461477260629],[122.9900695414228,125.85234731596455],[122.97205688522982,125.8758985237406],[122.9589680122238,125.82049250365756],[122.94540871315576,125.93279729435127],[122.94077958658139,125.82438597541648],[122.97232789571659,125.7922823066703],[122.95998948202191,125.75800996261152],[122.97565593194511,125.64273971072588],[122.96396438579505,125.62987745069151],[122.98109123162092,125.60510453989495],[122.95595764002748,125.59845881070228],[122.95697592351911,125.70854529268776],[122.93374361337558,125.8667889149884],[122.92273258287099,125.87997365659508],[122.93431229817628,125.96168807130935],[122.9127059165032,126.15744586947824],[122.88292181955842,126.20682343015292],[122.87586002343825,126.35333677896728],[122.85721517964103,126.40203693659899],[122.86322111703574,126.41656025968256],[122.82553500608843,126.77096998109502],[122.76529455421962,127.04960852475],[122.70109253863475,127.13085977285978],[122.72776610339969,127.27298209213346],[122.71373976482883,127.39301971588908],[122.7169231402022,127.4596282661613],[122.69278648207171,127.59038266978413],[122.69573615590178,127.6424577056861],[122.6688346920271,127.77153163584774],[122.60133659518598,127.9591524267098],[122.57907417991314,128.10770931791362],[122.56092443560746,128.0935736195615],[122.53549925068674,128.1831138867052],[122.47307667233378,128.29866492367296],[122.41524230569814,128.4609887841083],[122.24739925186996,128.70101009468883],[122.24011132968559,128.76062875444674],[122.22297172632739,128.77695550859562],[122.2185071071572,128.73870853856158],[122.1844274935577,128.79839896555924],[122.19252237292669,128.79744691011743],[122.18026992157101,128.96952204225403],[122.196560633234,129.0782041028739],[122.15984497768825,129.58405740613728],[122.13488768314342,129.73974074751254],[122.09220564745891,129.77972574201496],[122.06770045731028,129.87881110213056],[122.0261720166692,129.8894920918245],[121.99268138314986,129.96765510876628],[122.02840812572032,130.02359310131567],[122.04969874783242,130.00906263817436],[122.05324373191758,130.04674798531886],[122.04000377166959,130.0523377609304],[122.0494116777606,130.0936225741353],[122.03253570351774,130.17642258745454],[121.995826126385,130.20025716454904],[121.96031170017497,130.17724312867244],[121.92181119729267,130.23116567702127],[121.8835042014071,130.13836716318647],[121.90201237747408,130.05908069013486],[121.9332731032148,130.0502155425809],[121.94048977423178,130.08062672902392],[121.95296116583114,130.06815337133355],[121.96881803590873,130.11630800069207],[121.97262920691418,130.0792008966269],[121.9504628912706,130.05789876007458],[121.96975052995397,129.99319152604645],[121.99075869436706,130.01187639687706],[121.98858897139564,129.985302326938],[121.97479274374847,129.99138285476798],[121.95620473917471,129.92725330740979],[121.92203520836179,130.0248944120824],[121.77213668517363,130.13116192452964],[121.7353761450376,130.09770522411154],[121.68695424226479,129.98494516003484],[121.67636310092738,130.14062680960222],[121.63839299812949,130.23464619406306],[121.62313917900595,130.2276559496592],[121.60557712210777,130.29858403600667],[121.61501193104431,130.33542984293405],[121.59596359050732,130.41762547680383],[121.57865975023026,130.3849213292391],[121.59372490554625,130.38006221133833],[121.58643939914873,130.3566075450687],[121.59473710059301,130.32599924360431],[121.57693109325137,130.2949118996318],[121.57727742215256,130.22046623838997],[121.60824216685911,130.12855376907117],[121.62881379221224,130.15720929937194],[121.63286599383865,130.11712631028794],[121.67626505816983,130.0672541748089],[121.66207134063993,130.01505417738036],[121.66869652522819,129.92898179266575],[121.64485075776545,129.886646722112],[121.5743518300275,129.9976547762236],[121.57610204481311,130.172447717548],[121.56104339723598,130.19911278405803],[121.55061554125902,130.30965305706212],[121.50391958556888,130.33419409520118],[121.48026131153674,130.27269916148532],[121.44839100265712,130.3582168265452],[121.4782777551566,130.40278916088647],[121.50079976652638,130.394603214345],[121.5138239143144,130.43373636489434],[121.51453383467268,130.56731099428617],[121.49777106525542,130.63355845326282],[121.47608771894292,130.64062652095583],[121.45589728683558,130.58192865019979],[121.43958018457316,130.64479250595002],[121.4268537194274,130.64305630377834],[121.40813967788785,130.59880519922038],[121.39010907438521,130.62973969574512],[121.40263359418333,130.67050553122826],[121.3968491023362,130.69361546618865],[121.42343782374603,130.7178338781266],[121.42919654996376,130.74612658946313],[121.44719334200096,130.75266881091335],[121.47572939792822,130.82963950165498],[121.46764527965131,130.9516203472679],[121.42128899674853,131.06661125129028],[121.44502925449935,131.1067304301972],[121.46931731438917,131.09155970483027],[121.53926401006166,131.1318757870555],[121.57162477316078,131.1239517593573],[121.51719286861221,131.0981886603946],[121.55295938059061,131.06869583497075],[121.54558284303211,130.96201402048138],[121.562460243592,130.9705432832712],[121.58545710665318,131.0159475562403],[121.58872923665021,131.0559889249061],[121.66015573803843,131.22861066624986],[121.67578708225875,131.32163594047785],[121.66522915313158,131.33501439393217],[121.6618223773296,131.5435136312666],[121.60411665243072,131.69202655965177],[121.5439707575713,131.7291296057283],[121.50964419744474,131.70508611219375],[121.5062454341598,131.67290364786734],[121.46966268515247,131.68247280059467],[121.40565484906094,131.58531548886717],[121.40189597215043,131.5471547472979],[121.33184517798841,131.53717313011634],[121.30007705623055,131.45930515105738],[121.29335360337244,131.41587680325978],[121.26211745432902,131.4223188364919],[121.25031904417733,131.39269971602573],[121.25834034300267,131.42746904914725],[121.25365120686907,131.47263994421942],[121.27477199204758,131.53726460559315],[121.26785491200205,131.58390957954296],[121.2989450075232,131.73869484454733],[121.32267416942817,131.7526949854918],[121.31963081513445,131.68146063346035],[121.35084457260243,131.70057682073445],[121.37813321025149,131.74757808973246],[121.38778342075929,131.8040708600221],[121.3709702665844,131.81573143029777],[121.35388059687544,131.94684595026246],[121.33423967929801,131.96487040711685],[121.32921302347066,132.02041895573484],[121.29404572288601,132.06401428013032],[121.29084719893919,132.10749638811632],[121.27758468431205,132.10382881940095],[121.2753111513219,132.07962700273072],[121.2308765372976,132.01218160040403],[121.22273585091375,132.07265159193506],[121.23098698751771,132.14298648439217],[121.19059093334053,132.14858211995357],[121.15203868539385,132.1132870596341],[121.17751360271004,132.21826029469824],[121.16249577382243,132.25274573543203],[121.13199977956253,132.21806871813646],[121.12853262446242,132.23289211636103],[121.16062585773088,132.26873556112747],[121.17005020225092,132.33468820717746],[121.1021347885563,132.3532678067233],[121.07960386953886,132.3177674088256],[121.06354499250477,132.26291227869902],[121.06927705816592,132.21349969995606],[121.03060825021973,132.13086828038524],[121.00168158670783,132.1494658468082],[121.00306634326152,132.19424660343225],[120.98896987610262,132.1717265411291],[120.99721079926456,132.1657674305665],[120.98257624338552,132.14112702956464],[120.97505859241753,132.15820875967657],[120.98753732981771,132.19740744114148],[120.96751409409876,132.22203572300157],[120.9782726214001,132.23377651375142],[120.95965731781624,132.25369998897656],[120.93844082304042,132.2158283510375],[120.93350423911984,132.16085672995086],[120.92207152054863,132.18048437721512],[120.90266855583755,132.1641391249603],[120.87119100695728,132.1034504641296],[120.88304301499275,132.04744148049156],[120.90137826723844,132.0491750048467],[120.9140946682491,132.0732367665023],[120.94642221451407,132.0743328401771],[120.96012387020866,132.02980936470945],[120.91840417055224,132.05789689922062],[120.89579803581218,132.033330150643],[120.89057829295119,132.00092008209984],[120.855439956862,131.97929902217112],[120.80672014183715,132.0016015425897],[120.7243871003762,131.97941425496668],[120.69017363120224,131.9211555821676],[120.56693718954247,131.9881434978313],[120.53251429910864,131.94959414205823],[120.54311791791997,131.94316171407775],[120.52994589441896,131.91858750975825],[120.51084668470511,131.93187056094055],[120.52974110957997,131.95971159457267],[120.50100779118425,132.03011648272744],[120.42485012139382,132.12090107910518],[120.36317609237818,132.16013578817433],[120.32084487076571,132.11065757662584],[120.32804264800703,132.15826485600658],[120.28574185223702,132.21656711416082],[120.26808161899015,132.2133564650578],[120.16356683958165,132.33517847362464],[120.03245645103026,132.41678836750495],[119.93224182633855,132.37984342882157],[119.82440923430872,132.4136966589527],[119.657306038105,132.35554619546897],[119.62033440178342,132.3155471562729],[119.58756497913541,132.23980127164398],[119.59180782782394,132.20045547545567],[119.61591606733899,132.19979164060555],[119.62790631841432,132.15678638989243],[119.56159681281774,132.21486239931642],[119.4500190392261,132.15974605471524],[119.43574714399583,132.1231419440307],[119.36805881284826,132.12576754496703],[119.34256136315665,132.09945434418944],[119.21719057547833,132.10812728468971],[119.18144965471471,132.14611700736344],[119.1484060334431,132.23991658927446],[119.09686691069652,132.31658785172914],[118.7691256533069,132.65819782443796],[118.41902050388038,132.92730001562768],[118.05735547908026,133.10412749467866],[117.98490270723478,133.10311177020418],[117.91260464114757,133.04026917577264],[117.86908854710563,132.97226823022086],[117.55703943454097,132.77508670849426],[117.40363351031702,132.7368407290061],[117.18599334806639,132.7472052989674],[117.07674267642274,132.71685241795046],[116.75751735594864,132.70986705566762],[116.62802207937955,132.68542850059396],[116.58175176737943,132.6586746053028],[116.33512877248053,132.61795201231809],[116.20005667011175,132.55926748306587],[115.99759523144834,132.51835249147166],[115.80289789691949,132.39041924692737],[115.38402237381055,132.07712627099178],[115.2862243704755,131.9860888821753],[115.20071571215061,131.8894764484584],[115.21538051911017,132.0714590818988],[115.44878328825733,133.2892581488654],[115.83225864198525,135.6633149962935],[115.925184831235,136.2385801901792],[116.24753482116935,137.12146312660943],[116.71701762790802,138.677158551092],[116.8774348537493,139.1204798518871],[117.61900600191174,140.59606127736495],[118.21684951023072,142.18241953297013],[118.3786729016474,142.3005890386703],[119.1535317177414,142.917536075885],[119.30838181135275,143.11695797086364],[119.39455748371743,143.21151463466975],[120.11799622829642,144.00421397203993],[120.397030812451,144.42325703962337],[120.7061027857766,144.8312187456953],[120.84863926896531,144.96104803673128],[120.98562575447477,145.14418077063903],[121.16548049080676,145.31506837842397],[121.3643992823311,145.54056115665958],[121.53622279910655,145.72023230354554],[121.86950630308563,146.24745954252242],[122.00049111033839,146.38794839921343],[122.57046266361928,146.8959998085023],[122.85281149828153,147.0980557452554],[122.87465513643204,147.1328101806423],[122.91601947498752,147.25954089930778],[122.98327885388947,147.55713556485819],[123.0399898387642,147.59052854291005],[123.562382418258,147.6916334754682],[123.66027119141955,147.73531233031696],[123.8203762281903,147.78921276031403],[124.08211620653894,147.75092242727916],[124.6901377407354,147.58385808077287],[125.76639620209234,147.17602617496277],[126.17999429727399,146.99810462379793],[127.70274355553488,146.28735715342583],[128.0005190397141,146.17141303541902],[129.43866565928448,145.6114041366908],[131.103286567426,144.95139344652995],[131.88731848508047,144.6559792252479],[132.84790170070139,144.3951286699343],[132.2292407421711,143.8074124899569],[130.82829515542804,142.9985857232614],[130.6276505096224,142.7060516608179],[130.68907618762137,142.3545408832311],[130.80425985423278,141.40836468733596],[130.84453504888097,141.25261435035532]]]]}},{"type":"Feature","properties":{"Level":"ADM1","shapeGroup":"AUS","shapeID":"AUS-ADM1-42912490B92024026","shapeISO":"AU-TAS","shapeName":"Tasmania","shapeType":"ADM1"},"geometry":{"type":"MultiPolygon","coordinates":[[[[155.962471769811,74.03658500243603],[156.01743139283138,73.99898708951605],[155.915810653227,73.9893309671307],[155.962471769811,74.03658500243603]]],[[[156.0551635349505,74.08356496342878],[156.06120609080907,74.05996585310145],[156.0142775763098,74.06798263116741],[156.0551635349505,74.08356496342878]]],[[[156.37610652911346,74.12210394733783],[156.53461018428249,74.11106924025962],[156.53227249116784,74.08547266206945],[156.4347119423588,74.0730203379419],[156.30840675521878,74.11556526021936],[156.37610652911346,74.12210394733783]]],[[[159.54990335927826,74.28437795988455],[159.52123535081932,74.25123572214878],[159.51160006070194,74.27781382031725],[159.54990335927826,74.28437795988455]]],[[[163.03436003163654,74.37982265679018],[163.0399482573888,74.3555640430897],[163.00241189070994,74.34965038420967],[163.03436003163654,74.37982265679018]]],[[[159.56429025984875,74.04760236205398],[159.5869972245071,74.13077927195687],[159.47715197522544,74.20842451028685],[159.51171697649818,74.24227174307867],[159.57018924795537,74.24405425878759],[159.67590066982595,74.10900064947789],[159.74387913190506,74.12938024902945],[159.74316916443874,74.17003364924105],[159.80592970302644,74.18002060010355],[159.80322148552867,74.21319240688067],[159.75956441684758,74.20325759712998],[159.85003670069946,74.28828402857344],[159.866930417136,74.36265070748681],[159.914703697979,74.3385267308134],[159.9022196982753,74.29683532844619],[159.94891245731299,74.28631190886416],[160.00801819303493,74.32404998078499],[160.05001425664219,74.32166125088625],[160.03778690837638,74.37964283066049],[160.11778189419715,74.3980474326549],[160.2039634220877,74.46078038168163],[160.2744393496691,74.46398820470523],[160.30207812016874,74.50752324013283],[160.36854452948094,74.52567589821948],[160.4178720498476,74.5783892116487],[160.41774567509682,74.45364807595504],[160.52160923448668,74.47029283543777],[160.64472755165588,74.52603658801496],[160.64595705189174,74.61361701395636],[160.72665262980996,74.64091272703105],[160.76154090615324,74.62001378080913],[160.8224362311048,74.66533745005958],[160.81357998876268,74.72183907340558],[160.6342925155685,74.71517150268622],[160.67339666543342,74.75505926179906],[160.52054790869033,74.73870132436483],[160.5403833615743,74.77145510749854],[160.4507615327643,74.78558283536748],[160.52645319099872,74.80049919370579],[160.54183993692868,74.84835835890907],[160.6319431799082,74.84236445578395],[160.66333626006912,74.80469915684243],[160.67789226099725,74.83328134816698],[160.80655158075143,74.85121504392541],[160.80521194188665,74.88646190625192],[160.77997055706206,74.86101092031468],[160.7353462745997,74.88955210896206],[160.68513588932467,74.86208937780955],[160.70989636077448,74.90331749242822],[160.64883265945957,74.89940068303392],[160.72839116380123,74.9820392579582],[160.8693967496627,75.03256782413865],[160.89870819758704,75.00648828537652],[160.8627768926544,74.9680381678564],[160.9559840538402,74.8464356618143],[160.88690741675572,74.74819154881874],[160.9303760473598,74.73782175962147],[160.92139080672194,74.62953494165893],[160.96044586471348,74.61662064534208],[160.8979819774215,74.50986344979407],[160.88337244011387,74.53983909819176],[160.68311454461627,74.52106139040396],[160.43490884877494,74.41502550986347],[160.39825352755605,74.30115383918512],[160.46434950881462,74.27625266891991],[160.55524131835648,74.31073243579482],[160.58448101009418,74.28263433424604],[160.54357100585048,74.21786769493205],[160.51455604901156,74.22342542711667],[160.34996852714485,74.15678850111355],[160.35085456724966,74.12777478112719],[160.22601930216467,74.05834617333942],[160.19341590358547,73.98314571400373],[160.06936218668278,73.96206995694267],[159.99269238313676,74.03466925123597],[159.93188039313264,74.02572129447314],[159.954595101055,74.09136414234273],[160.00555166464292,74.10512903805184],[159.99140085590744,74.14678358474798],[159.8340326430405,74.16315440210775],[159.8262866020634,74.12816369172644],[159.71701223481077,74.08502368844802],[159.7000999353236,74.04809737315016],[159.63986587544673,74.06714302557519],[159.56429025984875,74.04760236205398]]],[[[161.3627944392976,75.0321792874294],[161.35161306603007,74.97638743599107],[161.33198822105265,75.03610124130319],[161.3627944392976,75.0321792874294]]],[[[162.06246343650344,75.24014865331972],[162.05940434242848,75.19638502486463],[162.0306586802116,75.2268773705563],[162.06246343650344,75.24014865331972]]],[[[162.59325173983996,75.17119563639213],[162.56725578387838,75.1956522467101],[162.58638951098675,75.19870181512734],[162.59325173983996,75.17119563639213]]],[[[164.3321961059317,75.81277404508988],[164.2548874616974,75.77108258574731],[164.21743971168826,75.79201888302302],[164.14465556054415,75.78015783821061],[164.13980260750165,75.8013316037451],[164.03201847669453,75.81002991027471],[163.97283997415843,75.78789862650488],[163.96239778478287,75.7472349198561],[163.99494124485193,75.74891775373568],[163.99447366741566,75.6498591774494],[163.89622636502344,75.67026914924293],[163.8961166242396,75.65378456966073],[163.84196437517974,75.66381873003746],[163.67561357211497,75.62653844487674],[163.8386703828285,75.76744171724522],[163.93085942161218,75.7607761975029],[163.95659765989365,75.79438759360661],[163.8907137810715,75.84227555800375],[163.85466130131377,75.81501169040807],[163.76983637174789,75.8373309719306],[163.87739895972626,75.86009514705732],[163.86605306792814,75.92061854616634],[164.10090573728726,76.06097308978818],[164.14527461181297,76.01140875565524],[164.25528631859603,75.99970373987836],[164.27537207067553,75.86803421719624],[164.3321961059317,75.81277404508988]]],[[[165.40586286493584,76.63018546835346],[165.40042092122965,76.56538281750683],[165.45798546913062,76.55962590046944],[165.42638608478427,76.51246028601543],[165.35334460397948,76.51839648505793],[165.2353849236365,76.58411720706205],[165.1295139543842,76.58775607998497],[165.0838456172473,76.62296854023602],[165.19284053732895,76.67247001633758],[165.30869613727054,76.64083778184204],[165.35854173613427,76.65443327827889],[165.40586286493584,76.63018546835346]]],[[[165.28940118616563,80.46948002749434],[165.201040531023,80.4332194154257],[165.10578048062732,80.4364755807847],[165.28940118616563,80.46948002749434]]],[[[167.64738252319557,80.05355780718786],[167.64603561376836,80.03516750402379],[167.49507005989312,80.0513490920234],[167.5178572693381,80.06931849046167],[167.64738252319557,80.05355780718786]]],[[[148.23802019095316,81.78223669913771],[148.2559792974439,81.76161875638255],[148.2001344370543,81.78251917201027],[148.23802019095316,81.78223669913771]]],[[[165.81529533768943,77.14180526702083],[165.81478136187562,77.08731915927348],[165.84698489160965,77.09107491817636],[165.79037528935652,77.01766799838497],[165.71688003099908,77.02902783707256],[165.70810582056336,76.98546216418062],[165.58743503222075,76.96886355603985],[165.59506691879645,76.93089555196795],[165.6405491014554,76.94183568912389],[165.78223211674535,76.89374348988532],[165.6762071026745,76.79213489525402],[165.55721190533876,76.7668821362912],[165.50682828850867,76.70734710378777],[165.45324799459928,76.70840580468163],[165.46456589241996,76.68225708335603],[165.36425771075594,76.683235296909],[165.38528980242867,76.73531540562405],[165.28617235006305,76.76355677371836],[165.2976214118638,76.83079873622637],[165.3367480187302,76.8244980874361],[165.510265388018,76.90321051571489],[165.42029666613874,76.98072018576383],[165.64500413137065,77.03435259404068],[165.62828823301038,77.06183776198726],[165.5782859279367,77.05929483989866],[165.54045516330257,77.10591619557964],[165.4699908761329,77.10983411881816],[165.45461908642534,77.13757521813491],[165.03357933598753,77.24058929488942],[164.7488327000806,77.22880486823732],[164.7774903030755,77.18887351835613],[164.73141880988584,77.17670172544717],[164.70638464500632,77.0867488013915],[164.496614279322,77.00864706512532],[164.28688985270006,76.93054726149697],[164.3299206165028,76.89359298317993],[164.26356647706825,76.88344832584627],[164.13529266935745,76.79082561079204],[164.20006957719423,76.76013810444461],[164.1884482121642,76.69335741007083],[163.95042901132558,76.54190900924395],[164.01893841392797,76.43229634749123],[163.899016198224,76.2755649142641],[163.94096811213785,76.24783360620482],[163.86135648199308,76.20915546543216],[163.83080573382216,76.2424491683239],[163.7191672991717,76.20989752870082],[163.68447920771013,76.15850649060448],[163.6021885393605,76.17126830077353],[163.617129825753,76.22455350160054],[163.5582962322158,76.277091086025],[163.50932034438446,76.2623135603481],[163.5536273745043,76.21081161318881],[163.5270324491794,76.18388384437651],[163.44465446113557,76.20289246229298],[163.39269954411458,76.14840510941706],[163.47265416264696,76.1411486304649],[163.48478266308064,76.09623946395354],[163.58505575246454,76.01422776790196],[163.50398658542971,75.9518869406557],[163.58060185020895,75.9004275990881],[163.57571236647067,75.83871330111516],[163.44863776721215,75.76440215342346],[163.44538870382854,75.69537314828047],[163.25279811905466,75.66758984648634],[163.14401341496045,75.6082454153912],[163.0503256533765,75.43630575323297],[163.00815105979922,75.4666190430676],[162.86829154820595,75.37862123671871],[162.87995028240914,75.34565585108884],[162.8655986872629,75.37730577255925],[162.7507683586015,75.32280514873393],[162.9898038886265,75.30029467818088],[163.05830362352407,75.2574294377487],[163.099168177379,75.30571478969514],[162.99387494365462,75.34792000443977],[163.05492012181207,75.36643237773082],[163.0442607795634,75.39019708118076],[163.10226051519933,75.41417731934936],[163.1935337972006,75.38865664195659],[163.23798665230504,75.30481741865873],[163.37191632185142,75.30931488022343],[163.30590383277433,75.29538946242042],[163.3533647936704,75.27560706309313],[163.4103186481704,75.18398476895813],[163.32088248352437,75.12078456585735],[163.35227331200116,75.0547129925269],[163.02501271387712,74.95364179782638],[163.0138343176231,74.91247282110756],[163.08800690298193,74.87266089114273],[163.03815682230805,74.82355527545883],[163.11131018392453,74.68736625724637],[163.09072493454744,74.64504892235878],[162.9925988597422,74.64732050430811],[163.004579081625,74.59897285464416],[163.04649514734677,74.6170727269153],[163.14126987656238,74.59215742318878],[162.9516022914893,74.49336444895124],[162.96119000469469,74.4513108079843],[163.07606002709858,74.4041381534257],[163.03776439279773,74.38802265837012],[162.8618504736108,74.4387560005512],[162.87194256140629,74.47800449413198],[162.70066656693314,74.49996027129869],[162.7461585412998,74.67670023848359],[162.68215233385234,74.66097239557675],[162.66131587242646,74.71326587275158],[162.61332432181115,74.68652170839206],[162.64473533455222,74.66652592420749],[162.5599182988085,74.6073764248158],[162.6053513983374,74.57379895831056],[162.65351164368363,74.60579751722332],[162.55721565397715,74.53791262095473],[162.61226503747696,74.50851757068268],[162.57042197542927,74.47011499995881],[162.51584255064654,74.5225309979431],[162.30484536331053,74.46281332480032],[162.2880900716299,74.42160359480818],[162.22432208011398,74.43883256218277],[162.2462105760348,74.46636016611711],[162.12615383936335,74.51241820090661],[162.1438259140294,74.52802231732946],[162.03556988420857,74.53572791405414],[162.0555083849729,74.58765348325885],[161.9915173841822,74.62554674757347],[162.02543358600107,74.64152947118362],[162.00398825347315,74.6993743278818],[162.07742143023867,74.74139259892442],[162.15685279612512,74.72202726733043],[162.20037595538273,74.73962012253723],[162.15777202271298,74.78655324991243],[162.23819487701843,74.77632566465519],[162.24451027254284,74.79689951051849],[162.02995274301162,74.80121028412202],[162.0163356396696,74.83329319247474],[161.9219417466872,74.84887079655957],[161.85378804045914,74.90038193004602],[161.89887685962555,75.07673378245059],[162.04457116465036,75.10448444033571],[162.09439586598995,75.07994779822994],[162.17894919134633,75.14144447168584],[162.13784574795284,75.17700187605259],[162.15640034283382,75.24309135718816],[162.20861968004635,75.2500635225496],[162.26307621151165,75.1927186429981],[162.3637665446288,75.19437064563743],[162.35286118458816,75.13582425441614],[162.22882615691972,75.04748295199175],[162.2827341255813,74.99041850429415],[162.3412156422809,75.01637371841592],[162.33881985463148,74.93575959800883],[162.38864404170954,74.94742730539919],[162.41473036218423,74.89674545440583],[162.54510019987555,74.90854842619552],[162.54038363107676,74.88621792163562],[162.64803054800456,74.85895338250816],[162.65842393452675,74.91297795048573],[162.71575183867756,74.92249368576327],[162.74795175772587,74.86966134071892],[162.81315772045104,74.94820133481932],[162.94896795334768,74.94733701472165],[162.73163982701936,74.98428546183106],[162.71241485763505,75.01516648288785],[162.78402357818476,75.06190138136841],[162.72056129539936,75.10356513611931],[162.6957668363177,75.08976075171523],[162.6837986840498,75.1218367224383],[162.81959370428675,75.1289300698954],[162.80850189046595,75.14789501949477],[162.88003902490647,75.15266902326115],[162.83361228016818,75.1793200155826],[162.77278891241,75.16184693936067],[162.77087855357604,75.19734552290545],[162.70343400066804,75.21560769301429],[162.7553803490057,75.24280614554553],[162.7490887802717,75.29820934436357],[162.67793470302797,75.32512686090305],[162.65515333239176,75.29701887691402],[162.5940028540045,75.31463756890138],[162.5636541300338,75.29489460875281],[162.4232605876353,75.36406912498624],[162.2111231027793,75.34061106866174],[162.17574358024527,75.38701468888529],[162.1494795787995,75.3705526814886],[162.14290475981426,75.42033141920822],[162.0504899265872,75.45101041848363],[162.0379457314385,75.48589845030196],[162.08076343306374,75.49486028769124],[161.99170337075458,75.5397538182836],[161.80208029215754,75.5455620803221],[161.64074054975887,75.50036999848038],[161.65851805429838,75.46991490000548],[161.5574922013106,75.38274343174564],[161.67497358356337,75.28602452685628],[161.6420279770737,75.24297079437319],[161.5783819699319,75.26487814785159],[161.54584094834019,75.23599777441444],[161.5737860257789,75.17720494940413],[161.6458767418468,75.19653319288791],[161.618816357626,75.21415385925016],[161.6738194550793,75.23686229690284],[161.68658233342126,75.16110479443441],[161.56778130048468,75.15530431854714],[161.523210231347,75.08119491706083],[161.13659203721025,75.06059796599021],[161.11315172171373,75.04314481197592],[161.07502076357446,75.08578381451535],[161.13241562575354,75.14109851231113],[161.0837108067718,75.16791592256618],[161.13567414867697,75.22389832284495],[161.10142463965934,75.25207772171316],[161.17826849711867,75.27971686531482],[161.14269533180837,75.24249588046592],[161.18681884431234,75.21895092634286],[161.18117403215294,75.09954727121642],[161.2569004010153,75.07746223068146],[161.34364456074238,75.0940225052398],[161.4026060244142,75.22351863922135],[161.3196432185628,75.24431859826925],[161.43217176639655,75.36249243866321],[161.50651998233172,75.36519693585389],[161.50443241793397,75.40223106379985],[161.34464539014286,75.41378426867738],[161.24991795633753,75.33477785826621],[161.20835434315987,75.35330904891308],[161.2735608907615,75.41963637487846],[161.2557573699032,75.48986353745819],[161.10853058293145,75.52109679118398],[161.1280888790385,75.54257936377661],[161.08564493359324,75.53177437908975],[161.1021889584959,75.58064252570203],[161.05454270677868,75.62018594527751],[161.08977634008284,75.63703257416674],[161.04343876950813,75.63298163175352],[161.02175120846417,75.70250889231511],[160.90052099679485,75.76706056137203],[160.95168616768976,75.78239295839322],[160.86437200402696,75.82268725840052],[160.83681617725404,75.91915128659542],[160.67591548015693,75.99952122844024],[160.5207289066356,75.95552785040964],[160.6978191688343,75.94945013999155],[160.83495561713306,75.86529845560918],[160.8280323180443,75.81711350222155],[160.9167798521185,75.78746031465528],[160.8074671459897,75.76724008716371],[160.78623707003686,75.73243154057218],[160.8605509935447,75.69356876677251],[160.95799045314166,75.69866178028252],[161.0103671495653,75.64457215602464],[160.96634661061927,75.62461197802757],[161.0182611035308,75.62520244048585],[160.9756583739093,75.60044255097301],[161.027883175223,75.56864166570459],[160.96928140922944,75.47578399268328],[161.0461888648368,75.4442734710461],[160.99671193966893,75.33133935625318],[160.8415752821655,75.25801562313814],[160.84268903033342,75.07723063433993],[160.7156442113579,75.05928877937284],[160.66771062783263,75.20312484009563],[160.59506217466406,75.17799127831691],[160.62792929464334,75.15947681852084],[160.49244551724598,75.04631702383816],[160.6361871382328,74.99629068753161],[160.54961789291946,74.93134710201733],[160.51669228006327,74.95286529840725],[160.46639840731663,74.93655204604006],[160.4943490068786,74.92609382906966],[160.43522960949903,74.90778993446557],[160.4433647146103,74.88577210217238],[160.3270469105761,74.83154105192247],[160.34942949781464,74.7962036696697],[160.30375462233621,74.77053084814867],[160.34965004553504,74.73443898578948],[160.3291651483354,74.63815719710571],[160.20611759526264,74.53440936975188],[160.09667630094978,74.51265511959136],[159.97370262357856,74.53314136066317],[159.82079915546223,74.50282584268],[159.602392535722,74.52731523040336],[159.48775247082824,74.43680460958582],[159.4503006473721,74.48656779195386],[159.32259943235525,74.48997907967149],[159.28078844007115,74.44965635573502],[159.439819915982,74.38001280760655],[159.23901042076574,74.28929033300926],[159.20291529694757,74.24814899510527],[159.23566501191257,74.2116104717136],[159.18193414084493,74.19891311130618],[159.1568151300623,74.22458017150194],[159.10288689108944,74.21589460758337],[159.055126659747,74.24065502320033],[158.9589304482577,74.21419841989913],[158.89917588310374,74.29405507528467],[158.86898790242512,74.24095845875827],[159.1020503278758,74.16369265983262],[159.10026747964469,74.12125936017286],[158.88935647522695,74.05979799028249],[158.86981805411364,74.01845893334249],[158.69496834185216,74.01669615605158],[158.7128469516266,74.06385835039838],[158.62229134448103,74.00527857841392],[158.66900404517943,73.97508219652498],[158.58898378988107,73.93983214570099],[158.67179910094885,73.94443353936879],[158.71476407876162,73.92001513336564],[158.68623077798733,73.87977503485261],[158.4911826009909,73.8428771784422],[158.46450509896005,73.81818042595238],[158.3756947856381,73.83144984481966],[158.29862860779514,73.81532429619068],[158.35586822012206,73.83887132536505],[158.34536247675695,73.87705861956047],[158.19260602153435,73.92746682989676],[158.03976828876523,73.91976709317247],[157.93360502465006,73.87861442017642],[157.87182534276144,73.89138166845396],[157.83441958098697,73.97254423016221],[157.77882819535793,73.98378224353897],[157.73892518167602,73.95888995019463],[157.7376646095668,74.01498043488675],[157.62634158209664,74.07585773750895],[157.57989031713953,74.06459214189846],[157.55395802520803,74.08425746569016],[157.59246312759169,74.10545728882032],[157.38598692176714,74.19343023240688],[157.33857397726362,74.17915855237935],[157.26238191306877,74.20441553834645],[157.1695045830752,74.17338701854595],[157.01472080895974,74.18000434307672],[156.9705664887531,74.20208227981233],[156.4919132209697,74.24334943712387],[156.48975546063434,74.26613719461233],[156.3236660048048,74.28466890737253],[156.07800117488,74.23800955163166],[155.92293853650378,74.29382530110674],[155.95456757993847,74.34857561428394],[155.8255437591302,74.3771847115423],[155.62208161881807,74.37935451964944],[155.6020466005527,74.29352167405393],[155.48950828976427,74.29099569815769],[155.4067892418027,74.36061109762178],[155.3208466416998,74.35373503835388],[155.3037495280824,74.38400515806126],[155.2123772205659,74.38915968105992],[155.2297635067611,74.33308822189228],[155.178506695532,74.35982024084521],[155.04651726119366,74.3569487073799],[155.02433477073612,74.28336211210392],[154.88986152034707,74.33074600569344],[154.79761067394656,74.30103769301633],[154.654225149773,74.31910130648136],[154.58152004427052,74.28320923396988],[154.6475623919897,74.42031217386176],[154.56180655361356,74.47211491974713],[154.58934394364448,74.51510279734627],[154.44840666581467,74.53721614364059],[154.51322443880596,74.55014477553043],[154.4053905944627,74.66396026709238],[154.26085883140317,74.68645282983185],[154.2433458817347,74.72911285185435],[154.13065320244982,74.74521879651695],[154.05448894583174,74.73043825219355],[153.88627799052898,74.79658748452886],[153.82669464258728,74.82682227303938],[153.53737223951293,74.97357549026965],[153.6160244509505,74.99852064938923],[153.41371261658074,75.08199440897828],[153.3819470826313,75.21627569418183],[153.31763093102074,75.24941003529011],[153.35863279179839,75.26276159145667],[153.24398489642422,75.34152299871221],[153.13345746095996,75.33186345766016],[153.1071487050374,75.41001317461738],[152.9989753221051,75.46080520911615],[152.90608966806292,75.50442902747517],[152.96836291191408,75.54185214784091],[152.91823500238365,75.56858056494596],[152.79600219285535,75.55290010762948],[152.6140971776305,75.62672246010217],[152.66323325483404,75.64070245594772],[152.6248844790885,75.67066450796744],[152.71360609974087,75.70315507903247],[152.68912159805862,75.74231627928786],[152.50442585712372,75.76555631202928],[152.4480917413387,75.8323994953911],[152.29968943134057,75.8882735184337],[152.20378248234115,75.98774266915343],[152.10363276767998,76.00391603486757],[152.06348373114056,76.02379326315203],[151.96033378079093,76.03805622613164],[151.8514950031016,76.0531162005558],[151.87689329428767,76.08151985522689],[151.84439257327375,76.1001793322317],[151.84080066227264,76.1907691035395],[151.76000564183897,76.30661278893842],[151.72124461030208,76.32239608520631],[151.64457800844303,76.43396467400945],[151.64454512778508,76.48109088045594],[151.5905507728327,76.54773485672642],[151.5361928689302,76.723729473499],[151.46125994626607,76.7713624062598],[151.47903575475743,76.86278567321482],[151.43450970538112,76.88303931019729],[151.37597280748216,77.04778843234033],[151.2641799009475,77.09822668722977],[151.2705943394913,77.13238134109554],[151.18918743501945,77.18253368680519],[151.1181874533799,77.19799961883042],[151.10527843108002,77.17883287102309],[151.02545619904302,77.24264779279216],[151.08570896335644,77.22343140867503],[151.15098476947279,77.24304368693666],[151.14637390396368,77.30612451779592],[151.0664834156543,77.34479104684114],[150.96400475695583,77.53570182754993],[150.89571841399078,77.59034521690643],[150.94690972935985,77.62201100481599],[150.8331036708046,77.83979422694048],[150.79777381297313,77.84969051928803],[150.82125919895716,77.86786212494309],[150.72755459592673,77.95457428959007],[150.77079474016446,78.00642403315317],[150.74116726304834,78.11974886341135],[150.6830081029643,78.16138285987654],[150.67872853829363,78.24264741506387],[150.60070715326495,78.28573281791967],[150.6973250357949,78.26337588970885],[150.76254566367732,78.2124298012991],[150.78896691442802,78.13672231438652],[150.83073192117303,78.12522693631456],[150.8469068473804,78.07306938792526],[150.91102695124383,78.04809381610487],[150.90685223641103,78.00016491787527],[151.02589888410222,77.98375814252329],[151.03882229189838,77.95064366313848],[151.10248157893162,77.92783186061367],[151.10277373122992,77.87896511443978],[151.39716647009442,77.68815891795913],[151.46060627937956,77.67879314156687],[151.60329666262123,77.56671731481748],[151.5891489958471,77.49421117882623],[151.67184391726647,77.2827435533507],[151.72491690127555,77.25259107790951],[151.6880993645786,77.31992679015823],[151.70825978118745,77.37297446731071],[151.6474456693939,77.46636478837235],[151.6087227003847,77.47960138037347],[151.73777017112218,77.48690204920123],[151.77571330200004,77.45844459017025],[151.92908187748404,77.41100194310161],[152.06516777311998,77.43377604656132],[152.27594477281306,77.39539684524743],[152.39728226640793,77.38934169298854],[152.4361974917413,77.40956963574597],[152.37273266170806,77.42983005392593],[152.4111118485783,77.40310488056518],[152.3095809232755,77.40743831780271],[152.195377495079,77.43154260499642],[152.0722413177248,77.44478769705864],[151.9347633008321,77.4162007379744],[151.83270192219862,77.44531901787087],[151.96293247368226,77.56606828788487],[152.04099896885816,77.56406232121373],[152.00736456014388,77.60841032043984],[152.08735782107462,77.64104833275385],[152.01065225592237,77.64695222840382],[151.92924570396417,77.60206838834702],[151.81204230404273,77.61474015151711],[151.91065644948796,77.63195390485352],[151.8540934146477,77.68607100487183],[151.72816673674023,77.7207829184144],[151.74763958001893,77.67772020779275],[151.7015120412762,77.68472692544341],[151.68436329279984,77.63667162828749],[151.61757030876564,77.74944687331967],[151.51148608228948,77.7953008821843],[151.47314684999787,77.85900059460155],[151.31199181895653,77.98532458526445],[151.26992620199437,77.9958856409446],[151.25258045780268,78.03795885830854],[151.28572141040993,78.04816124388718],[151.23491204894168,78.11958226536811],[151.21805511609446,78.1037227904225],[151.23917505900607,78.17280014615677],[151.13426189529736,78.22530779405957],[151.14610000810262,78.25793570750548],[151.08042095117622,78.26815180152781],[151.0987917682751,78.21292109425612],[151.01810672154733,78.22590265030263],[150.93765514005986,78.19195424011862],[151.01527290782857,78.11940684103512],[150.94370039192998,78.1215884821687],[150.7933105304637,78.18815112647735],[150.8852037677803,78.24540220984923],[150.91202720159205,78.33157929502545],[150.85333232901976,78.5425185654945],[150.65582821405422,78.81910179345076],[150.56620533293446,78.87497756191746],[150.11494576515287,79.05852508528702],[149.83917065057287,79.17070493619576],[149.78814610621245,79.21666442055016],[149.58218790617764,79.30784025483183],[149.43264689644295,79.42877671535061],[149.18325873927628,79.60326033942366],[149.1153708719263,79.6049031324923],[149.0435504794217,79.63786978138332],[148.99172338539452,79.71212777699496],[149.04711440922773,79.71797635418652],[148.91066428707464,79.81765141392454],[148.93874926088432,79.82907183098561],[148.82721408974234,79.94477895686325],[148.3522809996287,80.31660151317304],[148.17466474273218,80.40520704217658],[148.31447323050045,80.41530577831381],[148.19115900322834,80.55849967754678],[148.1006272108361,80.60519009580003],[148.10824935904614,80.63075370983846],[148.01714734129558,80.66954773276382],[147.94980143290593,80.76454001872378],[147.83203713711728,80.84082773072664],[147.86526273498615,80.89650993437063],[147.75682255917644,80.99830505249005],[147.77190311311662,81.03698724797906],[147.70413440223103,81.09163965802168],[147.7393630614531,81.08987285251646],[147.67088289795345,81.22725274458527],[147.566876089601,81.27133392645749],[147.42129381109956,81.37965469825717],[147.51362397997804,81.37080486196773],[147.51532170641835,81.43356790121852],[147.41137578319524,81.5171887725607],[147.4901471160402,81.52988815666936],[147.55521010144332,81.51339256614833],[147.58733585889172,81.53515221790926],[147.66694897467067,81.5034695349724],[147.74726403771547,81.522953296776],[147.7847166677419,81.61399329027374],[147.70824110568526,81.68471579073059],[147.7328224469378,81.7817600097895],[147.6388183109374,81.82033790301664],[147.5918686423518,81.89174847173875],[147.655817999404,81.91582454123306],[147.57042846924548,81.96656660050263],[147.72946608483045,81.99750559230932],[147.7979509247477,81.94911860705811],[147.8735579529011,81.87140460011116],[147.82968889374717,81.89046741564385],[147.8544632921985,81.86066809318064],[147.95879641027776,81.83177577728014],[147.97890658576384,81.75326434244303],[148.03762117268312,81.79635161964919],[148.11500878785816,81.77048586161868],[148.13761152406346,81.74324435838983],[148.25785029530846,81.72660243036806],[148.27899558397974,81.6694731490499],[148.3239653760384,81.67204994691252],[148.62465939663068,81.57069721597188],[148.6493098636923,81.54618998756735],[148.88101575683274,81.53493188033083],[148.98526851721556,81.44977448001146],[149.0841543154337,81.43573373721978],[149.10095339699294,81.39092740548605],[149.15995528764628,81.40387007715937],[149.16697426358914,81.45457259460622],[149.43698972826115,81.30940348684506],[149.7170918055583,81.22578318163706],[149.96919907183204,81.19858953338516],[150.1693414245253,81.20107590131356],[150.17195679784217,81.27371288186923],[150.07951268317157,81.3186615941247],[150.11803128682502,81.34741145692432],[150.23129970662026,81.28189404686334],[150.2831611473258,81.28295827089393],[150.40882187122253,81.2294832189119],[150.2866448833421,81.2234593008879],[150.22088314256038,81.18961525583089],[150.35586517337325,81.10908126551217],[150.45191563849636,81.0775332914127],[150.66607052140031,81.05893449025045],[150.94386262054152,81.07466163132315],[151.4265417826344,81.0450466911998],[151.68420898402962,81.06577256215694],[151.7780169200371,81.09982573291224],[151.92172129549218,81.02980933503986],[152.20018271348917,80.97888674209912],[152.35778318405576,80.9893593684126],[152.85161327737507,80.94996926285636],[152.99950538699048,80.95043145375654],[153.40562716440917,80.9516832765562],[153.35285060071084,80.9062606831502],[153.4439139262321,80.87038489323604],[153.66513854325396,80.85805887868095],[153.84970299691807,80.80005467818894],[154.06184666604722,80.77301041534132],[154.27038188807796,80.77538264793502],[154.45825606844667,80.74755075847072],[154.52236089535745,80.70943170338194],[154.71612002152506,80.71353402032898],[155.2979597585567,80.6172173348711],[155.36655313339787,80.58932753341182],[155.64818942000102,80.56204295904169],[155.63103114111584,80.54809113000607],[155.82981242606286,80.5246370453377],[155.8611182032135,80.49331280097493],[155.60603879555586,80.49776779072715],[155.7541110555053,80.47658128004335],[155.86554830771388,80.4907812516966],[155.8719402583415,80.50525850908056],[156.19877145120552,80.47703145296103],[156.36333344331553,80.48952357529176],[156.63221189260713,80.46679726386282],[156.7503628352159,80.47522751423536],[156.99206009495143,80.44646929477922],[156.91604814922965,80.3701862673714],[157.04843314951944,80.31007117330503],[157.08145239008118,80.3169917691216],[156.95243060865192,80.37565318302286],[156.99706639086327,80.38851372970763],[157.00071790921635,80.43211883816282],[157.5403729766528,80.44232424753918],[157.92288942193852,80.49287597442826],[157.9576794626739,80.51598103541947],[158.01713959882312,80.49845750610291],[157.99393320535611,80.44139770877257],[158.15770206881675,80.36815234604595],[158.10237448557174,80.36230590827985],[158.15892620203647,80.3061795433861],[158.08780794931286,80.27286378077878],[158.1538411552391,80.26593386282627],[158.22176846207088,80.31116972022464],[158.28961304032714,80.27522627205724],[158.3163460133307,80.29794038196619],[158.20311245542695,80.34981052562176],[158.23026362130514,80.40823504745667],[158.3333569188492,80.42398339466627],[158.20730978473563,80.43567881648619],[158.13296377104206,80.4201224664215],[158.1315446482876,80.45227271005987],[158.30102373773735,80.45411767907302],[158.61852419422107,80.51617035746415],[158.5899242934978,80.54180316680826],[158.77084494648025,80.52969476755247],[159.0076631978845,80.5769269761291],[158.97066104581097,80.59727201204458],[159.22089039816066,80.55209691792493],[159.43415673255316,80.60182085540907],[159.51787370251526,80.57803970114155],[159.9530032694285,80.64215115190231],[160.05737382467436,80.613783868437],[160.39950532107895,80.59416918430472],[160.78944669267048,80.64738796110586],[160.9669531711042,80.63997293125276],[161.03205331957062,80.61570613999703],[161.18104476736826,80.61242061084928],[161.304722369141,80.57370545946324],[161.6266297727261,80.55793501581542],[161.83000012337277,80.50173150954211],[162.4147552572505,80.50439769937954],[162.64574554271468,80.56134555834815],[162.8814286270359,80.56700178770394],[163.01985074121743,80.52143912906182],[163.31119688074742,80.51457718513265],[163.35161805938122,80.42709581079191],[163.52141276626045,80.37935355077951],[163.53053354034319,80.33758670998742],[163.797956329951,80.28901035263796],[164.369097671435,80.29283415756551],[164.84643879353092,80.36627103247244],[164.82955976123824,80.38858707710436],[164.96695014432999,80.39521612869356],[165.21775832524156,80.36247946505493],[165.39010599545827,80.36334645360961],[165.55151991907675,80.24350806754391],[165.81208198360812,80.19150472765376],[165.8625661853807,80.12839821055786],[166.08259726197136,80.05938243319315],[166.32702562159818,80.04503400797255],[166.76719897238306,80.11891579288091],[166.7814961237719,80.15237650183727],[166.82606716373874,80.14214040259529],[166.8907966877103,80.17590804631539],[166.83680046248685,80.21332025296913],[166.99467544853093,80.1873444332847],[167.21811394448557,80.10390108062126],[167.22073824109626,80.07087407295782],[167.38229045535763,80.02003047362018],[167.4560528947426,79.8954961193999],[167.56571622669742,79.81590257798676],[167.70173462376468,79.81536110055335],[167.70996664183554,79.78940187216055],[167.84066942115302,79.72007076636697],[167.8073070355982,79.64098149993745],[167.91182954294422,79.5910483684824],[167.92450140499784,79.49736642529975],[167.97816925174743,79.45984476462041],[167.94871249631666,79.41058448889044],[168.0036002808671,79.33654822378475],[168.0592178004579,79.32849836171897],[167.75972152367726,79.28530106129557],[167.68936065638417,79.24999756953176],[167.74486545051636,79.29329881666811],[167.64885749196836,79.29581408935672],[167.57481370131518,79.2977694541955],[167.63508969136058,79.26826704502241],[167.70727350583252,79.23294899549838],[167.5977657170183,79.19358807448594],[167.45626193242174,79.14275702522929],[167.4275858497555,79.0473156376668],[167.34407367803095,79.03527672241177],[167.29495193997246,78.88259616707336],[167.4209534767026,78.83981663621594],[167.4538250705469,78.8286624597607],[167.40516877261553,78.80823410857197],[167.37395759045182,78.7951367491726],[167.25904042652047,78.79019710757177],[167.24630934395225,78.76736420519467],[167.14361223051338,78.77893367269192],[167.21186429017104,78.81540640420229],[167.16277727840273,78.8291354654373],[167.06138068119844,78.77123878119681],[166.89216266765146,78.77855121357949],[166.94463963284636,78.73740323750067],[167.1930541972086,78.7356879910157],[167.36278159695075,78.77947470585931],[167.38959290871043,78.7770694348697],[167.49153029267865,78.76794560902061],[167.3766698596804,78.75121259580686],[167.29175979440538,78.73886099386809],[166.74325258354472,78.5160919062382],[166.65853651269566,78.48167474206085],[166.5906611313493,78.32068696133624],[166.67653052964698,78.23362232403898],[166.60662102329138,78.12905840912849],[166.42781218247086,78.08184057155263],[166.2826743459311,77.97267917716218],[166.31574056411097,77.89341773159717],[166.26144423022214,77.9021023179458],[166.03763476677898,77.81549877152966],[166.00384600955755,77.70477447322851],[166.11455246130913,77.63715948957918],[166.05255594231136,77.60752850101193],[166.08785300201177,77.53739790208994],[165.99025151074625,77.5251608708429],[165.95410927495996,77.45122325150618],[165.80790639713146,77.38752825974301],[165.72687489356377,77.25890397220981],[165.79862765659632,77.21822769675363],[165.81529533768943,77.14180526702083]]],[[[147.46682429134637,82.08266091106111],[147.56656358790585,82.04902094342661],[147.50981741413528,82.05281702071227],[147.46682429134637,82.08266091106111]]],[[[148.6203955290751,81.82659821210564],[148.67774738082986,81.75904156134803],[148.7979695063002,81.72330259805605],[148.72953464723759,81.78917520382069],[148.8494762711124,81.70099155282534],[149.0603255008068,81.60604307445155],[149.13534534425912,81.59324627961836],[149.24693027035067,81.50422426760078],[149.10827768315704,81.5470442576352],[148.80254674549155,81.61299650436564],[148.7211897278686,81.59485057700746],[148.5805863556706,81.62651105353847],[148.55844553585766,81.61583540079626],[148.39259602044757,81.68841500937614],[148.42770215271804,81.70208661686368],[148.39477581256278,81.77161353924937],[148.6203955290751,81.82659821210564]]],[[[147.63036673796137,82.09483305106077],[147.65596632876301,82.07759325696995],[147.61327052092008,82.08933245625366],[147.63036673796137,82.09483305106077]]],[[[148.59395685618995,81.92062874980527],[148.7058540536578,81.81076005883781],[148.65166102962917,81.80719663788351],[148.57295160323702,81.85833719089014],[148.59395685618995,81.92062874980527]]],[[[168.92519216884907,80.30226640646616],[168.88775369308274,80.25417891790265],[168.84534839323564,80.26251148612343],[168.92519216884907,80.30226640646616]]],[[[169.04503367825967,80.27282427232707],[169.01115558816247,80.22598309092916],[168.97590200023245,80.28173969075739],[169.04503367825967,80.27282427232707]]],[[[168.13233993147557,80.2924149816098],[168.10780118990797,80.32565819962942],[167.95354205949764,80.36413020009375],[168.04613608990277,80.40741848711318],[167.94582584665136,80.44527277760201],[168.15298841068264,80.46324201210413],[168.45173611284653,80.42178707853523],[168.48496598219285,80.38078876907086],[168.69795315788417,80.38673037008337],[168.52955251198665,80.31928960795904],[168.5418709723247,80.29783342617436],[168.2767002824676,80.2638022510626],[168.28849417271095,80.23895038595418],[168.1743052790083,80.24111879858413],[168.13233993147557,80.2924149816098]]],[[[167.91674450850948,80.60331635043778],[167.94522498212424,80.56617920165687],[167.86674710979048,80.59897928069975],[167.91674450850948,80.60331635043778]]],[[[147.654029015634,82.45211026210255],[147.85906125058997,82.21178461951797],[147.79874198193562,82.18390593223273],[147.89878344455764,82.0698868999164],[147.83888817241095,82.0371470968874],[147.61807172209734,82.14202650278371],[147.6177370863888,82.18644655522797],[147.42762486439324,82.30162131315365],[147.45880733519408,82.31197654510139],[147.3936957901812,82.36066785177307],[147.5923729371147,82.30031758827116],[147.6902051135376,82.32512584011657],[147.63272806027203,82.35840509752563],[147.654029015634,82.45211026210255]]],[[[148.21808471865077,82.35169007131346],[148.35079007244582,82.30788083013402],[148.5642667142302,82.27458192985233],[148.70449598797214,82.18314097414228],[148.61805793898012,82.18366584830116],[148.6470907271887,82.13252051399832],[148.39867464088903,82.14177983110633],[148.16244428048623,82.21807976746977],[148.00118547112817,82.29431021866941],[148.00485371119305,82.32124677666648],[148.14193728021144,82.28897299951112],[148.21438030826425,82.3163440908276],[148.1411177498,82.34455255622304],[148.21808471865077,82.35169007131346]]],[[[168.00809908250483,80.85986571242884],[167.8399407660934,80.85544777566784],[167.92259846054665,80.87733143797627],[168.00809908250483,80.85986571242884]]],[[[168.49721228976478,80.8713253936451],[168.44077461080812,80.84347482298799],[168.41349948644984,80.86419122929425],[168.49721228976478,80.8713253936451]]],[[[166.84829058173537,81.23454825184919],[166.81637854089223,81.20758280092315],[166.77678750535497,81.23460810137362],[166.84829058173537,81.23454825184919]]],[[[167.47504351626978,81.11576861387803],[167.42830578273552,81.06456966603228],[167.10028078965635,81.12611502159073],[167.1594414268532,81.14952127386461],[167.06944342550995,81.17568615769494],[167.1530584981782,81.17768098821256],[167.26572435565856,81.13101308133072],[167.47504351626978,81.11576861387803]]],[[[169.4174994251916,80.66347675415125],[169.5533194878565,80.4728998984539],[169.69728713881122,80.44454101968972],[169.63264206196462,80.38724792716712],[169.69874103319674,80.31136686187199],[169.65398789816524,80.29959057758364],[169.5824609301806,80.32307815954857],[169.48478872482352,80.30918302794787],[169.45529300805606,80.27552924125568],[169.41249465601598,80.29346789194828],[169.28937441873308,80.25652072139809],[169.2238274086789,80.29308468309334],[169.08668456195466,80.28121853582402],[169.0484300125358,80.43899176817547],[168.95189308324794,80.4579852736528],[168.63936128251288,80.4331559090939],[168.57884335292403,80.51577265069383],[168.31177960298226,80.53900535454036],[168.24800522068995,80.58814370510014],[168.02153057521454,80.60736819135572],[167.88878300259137,80.67300977078594],[167.92186980186398,80.67387615767291],[167.84434292141663,80.71099633369],[167.8839503342869,80.71735702012619],[167.84985629659934,80.74662648934368],[167.72116323686816,80.75674892321284],[167.75718658988922,80.82430579407982],[168.11786662139139,80.82103667270081],[168.283133422027,80.80573228102683],[168.5502128174291,80.76179129045923],[168.54928896467635,80.7439582292848],[168.69946908417586,80.70673861347652],[168.72835461120494,80.67903946568947],[168.8646198192336,80.7340069276386],[168.94274124486898,80.68672162125586],[168.98161289486524,80.6927919029981],[169.05766268536257,80.65290323475543],[169.14731722310248,80.67475651695098],[169.21435632298133,80.65707005183474],[169.40313466995653,80.67681294820832],[169.4174994251916,80.66347675415125]]],[[[168.68410997125045,80.839695649821],[168.7318048706307,80.82376017301496],[168.57749345944916,80.8377312295328],[168.68410997125045,80.839695649821]]],[[[167.69607198914434,81.14252023141873],[167.70240702638267,81.1140327000146],[167.58585924413018,81.11160756707936],[167.59198335337834,81.14873943954328],[167.69607198914434,81.14252023141873]]],[[[169.35140987488768,80.77043327985076],[169.37381540729106,80.71417345365462],[169.29493959090289,80.70952609525668],[169.2009208325961,80.74198770153035],[169.3186002264824,80.78770494692641],[169.35140987488768,80.77043327985076]]],[[[168.9864490234488,80.87450951518328],[169.004123256116,80.85436907646636],[168.95751855957735,80.87408091133115],[168.9864490234488,80.87450951518328]]],[[[169.1022023197596,80.86942815371647],[169.21880391639704,80.82452900523667],[169.16657271536315,80.81645258560357],[169.1022023197596,80.86942815371647]]],[[[169.23674358357675,80.88628327126168],[169.23662094088954,80.87522722249429],[169.17864113155872,80.88293257811299],[169.23674358357675,80.88628327126168]]],[[[167.64625188323888,81.3369012387255],[167.69398516494388,81.31114182581808],[167.52918137130797,81.3330932305499],[167.64625188323888,81.3369012387255]]],[[[168.05579611228882,81.25286335361989],[168.105613740281,81.21703141529517],[168.05540526668776,81.21834030759513],[168.05579611228882,81.25286335361989]]],[[[167.07687968959226,81.78940015892229],[167.09498905431698,81.74192734659374],[166.82160657638656,81.66781446382386],[166.68332473801394,81.68646694894085],[166.6955144738767,81.71055371159707],[166.836294232314,81.70817352564632],[167.07687968959226,81.78940015892229]]],[[[170.0954503794204,81.47946303374866],[170.12819198217778,81.43205833506059],[170.02069131959558,81.41600470813495],[170.01532262468677,81.44846727698395],[170.0954503794204,81.47946303374866]]],[[[168.69013810279566,82.23036949003176],[168.7542365571196,82.1974891090619],[168.70547498506505,82.1167570807427],[168.80832950072156,82.07755671581168],[168.77064038027433,82.17924405324557],[168.98303772329365,81.96541856514742],[169.3567529721202,81.589085833041],[169.50104836340964,81.4899809994821],[169.56727948880263,81.49265325742304],[169.79456993371346,81.4147237593438],[169.88014584050208,81.4142747740452],[169.73234838381092,81.30478942826586],[169.61866018519163,81.12499612055484],[169.5714083475819,80.85642973602174],[169.2785889931377,80.85751047045405],[169.3063045483816,80.88451691935119],[169.07050981549096,80.94572932310005],[168.9541693853829,80.93201897133874],[168.8939788645514,80.88890446584678],[168.58274622195643,80.90150919360259],[168.30861868840867,81.02497895667302],[168.30257153579424,81.07934471978744],[168.2669933529833,81.09116930507237],[168.3660143112332,81.10499466005027],[168.35802037398116,81.14508432961709],[168.30898074814687,81.20829899052679],[168.31148043607126,81.36202241942162],[168.13601829347942,81.46055503943776],[168.0600503345478,81.46230561220425],[168.1054316271022,81.43770835683938],[168.04208134447586,81.43486461922282],[168.02155050458381,81.57023583608483],[167.90442991017179,81.6151988516154],[167.80253484911955,81.61986000056301],[167.66136499781123,81.68412820096032],[167.56983351968827,81.69608364791489],[167.81708768580597,81.70120798255537],[167.91310845380775,81.73390714818589],[167.8956708649756,81.78464570509468],[167.90332219570547,81.87848874542884],[167.8175238451973,81.94730681874243],[167.44218517330094,81.97320596618071],[167.40915101851823,82.01910435449452],[167.22681704016142,82.0823130718814],[167.24085210995128,82.12458764859481],[167.354843035837,82.11985309010356],[167.4056508572451,82.14414737569976],[167.50752084110997,82.1294237744392],[167.61293834802143,82.14672930786017],[167.83959380029614,82.1041786713192],[167.92815384756724,82.12228150039289],[167.90257610127162,82.16238829041845],[168.05411995904026,82.16130732838711],[168.14083942172826,82.20468569916696],[168.07885411475934,82.2771580060541],[168.22986598954927,82.21883458419258],[168.50417087977857,82.2056431935564],[168.69013810279566,82.23036949003176]]],[[[142.49514018104497,85.80053139295],[142.5297474931535,85.76950853923029],[142.50476797336182,85.77249079718649],[142.49514018104497,85.80053139295]]],[[[168.53859145324807,82.35815034065597],[168.6933428016136,82.3155006695628],[168.68035058933162,82.27260389587082],[168.4387338921945,82.33428877586339],[168.46698873600542,82.36696408741867],[168.53859145324807,82.35815034065597]]],[[[142.4656043517995,85.85801947757545],[142.51852787969835,85.81868748262065],[142.43915619018853,85.84421023666182],[142.4656043517995,85.85801947757545]]],[[[169.1095536212382,82.3560113085605],[169.2324475397739,82.30819895338453],[169.0889930636942,82.2980240783159],[168.94700121878924,82.33209921442207],[169.07914524643215,82.32806100564844],[169.1095536212382,82.3560113085605]]],[[[143.00052484092117,85.81657608082057],[143.18947229110427,85.66977684096622],[143.28522913199384,85.63033497791575],[143.7888550221099,85.21540971798302],[143.78194651883237,84.98545159089329],[143.91463329027275,84.78311373897445],[143.83324443786339,84.71092123169916],[143.8685485000198,84.57761847676713],[143.97890819621963,84.50251059078244],[143.96543061959107,84.33884134720445],[143.83212957726096,84.25296210489948],[143.72810266000818,84.30303635588261],[143.64865892637724,84.28393874901492],[143.44940390586282,84.31401711376206],[143.38701662529266,84.34677265005729],[143.31102862300202,84.33678810160862],[143.2716671554898,84.37388806831595],[143.0966924238833,84.39437015118253],[143.12348288979896,84.32336202592387],[143.00961415896717,84.42205054790341],[143.01994768434656,84.46149789316547],[142.89064188788262,84.53336976017673],[142.80716139257876,84.7107358802658],[142.8946671743315,84.6646596146239],[142.9363584815323,84.66669779073591],[142.92513290446112,84.82079548764],[142.81497794172856,84.95966957456133],[142.6696937266978,85.08851987784882],[142.6498107438757,85.17460044522649],[142.69933117820645,85.17014242075209],[142.67375903751844,85.20580856181901],[142.76907086413385,85.28833306811444],[142.69528213977378,85.48058241327824],[142.59562362767036,85.66777102597402],[142.83342324497897,85.60265057574641],[142.97507999572093,85.64982042306374],[142.89736515180786,85.8343892284856],[143.00052484092117,85.81657608082057]]],[[[160.6488052857438,83.96972352831463],[160.5392488584751,83.93642727877221],[160.52472945011348,83.95348134036811],[160.6488052857438,83.96972352831463]]],[[[165.35070178821317,83.5070817810187],[165.37540181022055,83.4828368725154],[165.27774386482477,83.47364594875935],[165.11773078156287,83.50618412788697],[165.35070178821317,83.5070817810187]]],[[[165.72794867277713,83.47986359708453],[165.82351941908195,83.42137367764172],[165.7206025862053,83.42883283220345],[165.7874636322006,83.39660164726237],[165.6631481628879,83.38130714034585],[165.5782180411774,83.40606152866648],[165.5658586140579,83.38326661444393],[165.47335242701718,83.39308342865664],[165.46058152996676,83.44821501656659],[165.42169665272633,83.44407841248746],[165.58386118900378,83.49534560593247],[165.61922452408993,83.47619286518582],[165.72794867277713,83.47986359708453]]],[[[165.47834957079382,83.54291748103626],[165.47392387426987,83.51424981109189],[165.37440929895143,83.51064401538181],[165.3713644668142,83.55917253458749],[165.47834957079382,83.54291748103626]]],[[[159.00944838613736,84.63224138925057],[159.0496668666185,84.61103026744817],[158.93324772326878,84.6042846894567],[159.00944838613736,84.63224138925057]]],[[[163.6633434971549,84.37391469577457],[163.7130258079581,84.32295929808299],[163.57094037884775,84.29824468483183],[163.6633434971549,84.37391469577457]]]]}},{"type":"Feature","properties":{"Level":"ADM1","shapeGroup":"AUS","shapeID":"AUS-ADM1-42912490B33360360","shapeISO":"AU-VIC","shapeName":"Victoria","shapeType":"ADM1"},"geometry":{"type":"MultiPolygon","coordinates":[[[[158.60770419377766,84.91518521297739],[158.71041372746032,84.89125536109921],[158.67307131866667,84.87772270908269],[158.60770419377766,84.91518521297739]]],[[[158.0278315942662,85.11696287229641],[158.12791370258262,85.06104170571733],[158.07177798927165,85.03147373295177],[158.0278315942662,85.11696287229641]]],[[[158.27955530701325,85.29825953286391],[158.3038964925198,85.27351958834356],[158.22980710979598,85.27908972873283],[158.27955530701325,85.29825953286391]]],[[[158.3204190103859,85.46164174903987],[158.23751680351083,85.44372819742452],[158.25092207460128,85.46136036900171],[158.3204190103859,85.46164174903987]]],[[[159.11411754432902,85.94272971356395],[159.0646466620327,85.89093611934348],[159.0622703943322,85.92827795751495],[159.11411754432902,85.94272971356395]]],[[[158.87770705362374,86.44522536259504],[158.82619927466328,86.42204915626164],[158.84108876525838,86.46482740404568],[158.87770705362374,86.44522536259504]]],[[[161.12259877091589,86.41449718738032],[161.07561337063913,86.39058041776906],[161.34200868376718,86.35046255569544],[161.02587790748646,86.2720998647005],[161.00239076713058,86.22922087054576],[161.62150162823366,86.29350018470481],[161.8275326928328,86.17842503964712],[161.22421571945281,86.08389634928052],[160.8700422488107,86.1856031453487],[160.72502555820495,86.34816237315385],[160.80284045184175,86.39425762371198],[161.00389065801483,86.38306485529853],[161.12259877091589,86.41449718738032]]],[[[162.33878290292006,86.29651317707365],[162.19189565390116,86.27285449241464],[162.0230149090484,86.3005989715901],[162.33878290292006,86.29651317707365]]],[[[160.7159920492335,86.47781486710068],[161.01924549115336,86.42843557659931],[160.9786018378019,86.3973842961625],[160.9230874368065,86.43313473240502],[160.55597385471947,86.41125642705865],[160.7159920492335,86.47781486710068]]],[[[162.00830320933272,86.4214483046634],[162.1247663067936,86.37188626286384],[162.1673813640636,86.39807535266254],[162.42888028023575,86.33381715660578],[161.85956121804537,86.31982387271937],[161.70725145233854,86.36703674484687],[162.00830320933272,86.4214483046634]]],[[[162.87001165723436,86.34450494331804],[162.44581100434505,86.24604218789415],[162.5707181162261,86.293801212407],[162.87001165723436,86.34450494331804]]],[[[162.52334645002136,86.4646813361571],[162.48406007954804,86.41137195179218],[162.42041776516868,86.44366166284742],[162.52334645002136,86.4646813361571]]],[[[162.7480281283885,86.44242132161258],[162.7712261429844,86.39384968751722],[162.6232677927463,86.382688925531],[162.7480281283885,86.44242132161258]]],[[[163.4449842676548,86.37339419494822],[163.49058049314402,86.3478624987128],[163.06278737191985,86.3517991889446],[163.38476537494265,86.37892485844102],[163.4449842676548,86.37339419494822]]],[[[162.93202036663908,86.48067503199603],[162.9827083989351,86.43650013748095],[162.77494118371195,86.40918486729197],[162.93202036663908,86.48067503199603]]],[[[163.49437510496924,86.46378108020615],[163.50765185872658,86.44315987647406],[163.38110962725239,86.43175846757646],[163.49437510496924,86.46378108020615]]],[[[163.17738329173164,86.50386450614201],[163.235499389942,86.46233872549757],[163.1422714219703,86.48469475305629],[163.17738329173164,86.50386450614201]]],[[[164.08308896736148,86.47413942372266],[163.66604652280512,86.338035895942],[163.84915827613173,86.42308177216057],[163.78599777322577,86.4406019336262],[164.08308896736148,86.47413942372266]]],[[[163.73445203752516,86.62482244544374],[163.8705782828705,86.59094012447072],[164.14257040638518,86.57376596385097],[164.11385732536633,86.52813608579758],[163.59119698879132,86.47980373673848],[163.44719018346524,86.50962497415891],[163.45171139249473,86.5681020678124],[163.5208893863446,86.55780185929783],[163.5655567385149,86.60994895168358],[163.73445203752516,86.62482244544374]]],[[[152.77922375748707,88.27561290962083],[153.1647660582071,88.1203660893614],[152.9475440322048,87.99569041598781],[152.99647776533268,87.89445900347978],[152.87823488185472,87.81748224670883],[153.2669251677855,87.75825270148444],[153.25806092991263,87.69978341221135],[153.04016069184237,87.60063314539366],[153.1140533034647,87.46168127552882],[153.03330553349292,87.38146385774598],[152.9860420689023,87.46157972932063],[152.89440332345242,87.73429492640057],[152.71060608565418,87.85449469599986],[152.49617797567328,87.86800978038664],[152.2989275539294,87.76041984235908],[151.9133021412536,87.92361289501773],[151.62595085606398,87.89697543397462],[151.75632681346355,87.97112577680771],[151.86422175370006,87.95613195122414],[152.0770177302854,88.15129397134946],[152.4786420016535,88.29126104224632],[152.77922375748707,88.27561290962083]]],[[[135.63317313334085,97.06738508319216],[135.54660597353038,97.04482463817402],[135.53892073999313,97.11948685069268],[135.63317313334085,97.06738508319216]]],[[[153.89744802223078,89.47518051655342],[154.0680191891946,89.38775520453686],[154.1058248673064,89.2409040847101],[154.32809943212635,89.20657816902991],[154.59120501795883,89.27250927874182],[154.87971981179,89.24412059238092],[155.02357816094525,88.86189613942051],[154.7632173537057,88.7612044303059],[154.29962527580187,88.74608208831287],[154.05249170206352,88.631180315099],[153.91711671456468,88.45997196590464],[153.70967623333334,88.4511028701737],[153.62151112941936,88.37425717042048],[153.43506144700606,88.45960983596947],[153.43674849254242,88.53721572290284],[153.23094733008605,88.62205111693893],[153.12450497034152,88.53520761974474],[153.82020991643319,89.46633420016411],[153.89744802223078,89.47518051655342]]],[[[150.26880601251617,90.52988039041685],[150.42367612893202,90.53972932052238],[150.38034387523226,90.5104100879935],[150.17046797020978,90.52491349493003],[150.32696373641403,90.62049613258725],[150.26880601251617,90.52988039041685]]],[[[154.15129043502793,89.7579485797947],[154.19612504964687,89.87464450062235],[154.2302293667135,89.84982192568533],[154.15129043502793,89.7579485797947]]],[[[180.546736339829,91.53336652325595],[180.54373634361897,91.43571314533307],[180.5115796959065,91.43311545125741],[180.546736339829,91.53336652325595]]],[[[171.98301424130665,97.37688369641018],[171.9150626963251,97.25873972602066],[172.11801746870955,97.07847304490616],[172.34187494295415,97.04167082677402],[172.6033565587564,96.83094711798819],[172.67224613707924,96.84435961186031],[172.78337807629418,96.77598531455621],[173.3249176212766,96.40091054496317],[174.01426021270584,95.9536832162084],[174.69903644378556,95.5253390445836],[175.06911682675684,95.31312045570098],[175.3684814821533,95.09089110608654],[175.99977401279202,94.71207058323627],[176.3052029802005,94.52877766348855],[177.15693256310684,94.03402181778328],[177.3631944480142,93.90221130112391],[177.70157769469296,93.70263514961671],[178.48078815332792,93.24307999133694],[179.0902586432064,92.83482043621203],[179.93872023972833,92.35232259910788],[180.27893769505295,92.14999230523797],[180.41256419818092,92.05286161158166],[180.87891241776492,91.76691035730009],[180.56498657722105,91.56115854972127],[180.29489293355294,91.45432344262305],[180.11129352424598,91.28591445278254],[180.28587310097785,91.51943257373378],[180.26037647369262,91.53475038847786],[180.34147810942528,91.64513421007518],[180.34713665406446,91.69932868056611],[180.30093270017562,91.66099024818912],[180.30113813144774,91.70977992849122],[180.24218006327777,91.56468830198389],[180.18475014344523,91.5305999540164],[180.19392252299286,91.57233010041409],[180.13182682775334,91.48028927087312],[180.11465248170595,91.50659116149939],[180.21079418818096,91.62683026005045],[180.20753051757347,91.67613466118033],[180.11280733385098,91.5857828809233],[180.02635367027625,91.74941779766607],[180.05744396787804,91.68388668532424],[179.97161842974828,91.63692418475472],[180.056212831733,91.64923325007443],[180.06982153978603,91.59009198837364],[180.02928709536295,91.55984084019391],[180.08263717399203,91.50354076456239],[180.00183633844586,91.48097244391326],[180.08077797573648,91.49874132237213],[180.11120067151688,91.51619684798145],[180.14422822521436,91.39956254529535],[180.10142824831718,91.28259978943045],[180.10329868975373,91.24316790723802],[180.00501594891975,91.14983156112652],[179.9610004205066,91.07237683137062],[179.75884276192173,90.80816474755457],[179.61810905439813,90.68616824019732],[179.54973521499113,90.57301255853308],[179.27811835764678,90.4633657057661],[179.15048442606798,90.29983140444108],[179.1342018992197,90.31916824883339],[178.85541385189674,90.17351510959244],[178.8203854365252,90.11232425614392],[178.78328769199283,90.23015670020087],[178.71077090054965,89.98268860641168],[178.65993536696206,89.93212787552936],[178.6276145926477,89.9550117333687],[177.9725774211705,89.73196970470269],[177.88678730760793,89.62431489127123],[177.80212042396352,89.75955020824121],[177.37933333273492,89.74973850450816],[177.39813838354172,89.96264446508064],[177.32531227189548,89.97244956219315],[177.289750267298,89.89580001274206],[177.3645042826628,89.74918884940068],[177.16379329747548,89.72548462541141],[176.83157856073777,89.70451835169514],[176.84046648034288,89.82436277161777],[176.80120989431802,89.81387892709122],[176.7963574551109,89.89355133277995],[176.73405749933153,89.7944329256076],[176.65028020003018,89.76119909994887],[176.63362716521004,89.67364657552167],[176.82714786140085,89.72626817682706],[176.83096126107029,89.68800884125216],[176.89338176380244,89.67621005309678],[176.35953153549775,89.57325548771504],[176.23448225576223,89.59836476926537],[176.00724804745684,89.5347498386986],[175.77693341602478,89.50888872054543],[175.6692695155474,89.4006776042691],[175.5773763229062,89.49480572300368],[175.3056234784067,89.50948061302107],[174.00103891610595,89.51969714383655],[173.7495637343869,89.46678976903075],[173.02516739068682,89.40897289864856],[172.00017609725398,89.17801343137516],[171.83129560139062,89.13996484680993],[171.29243158684,88.96357051684367],[170.93452811366024,88.89366417243133],[170.24720464564234,88.60749073514026],[170.04850157601663,88.55041760867199],[169.779152753223,88.4434663649292],[169.22348109624585,88.22284478623355],[168.95914614494106,88.12680495984087],[168.26760660259265,87.83960993096888],[167.29923889852327,87.47446607295726],[165.87653913517147,86.98198156324978],[164.90485297461746,86.72873090224203],[164.12972010003466,86.48851463901619],[164.18894929871053,86.54617842410177],[164.32080680905165,86.55991753349167],[164.18670984998172,86.61514216684844],[163.92579393337934,86.6336930138355],[163.8616399597649,86.59680261257115],[163.7511749332961,86.6375165645984],[163.54021074578986,86.6103731080978],[163.41572826731698,86.57073666821286],[163.38302353993714,86.51378659070403],[163.1657309339223,86.51516168748078],[163.08057245456,86.47890285063313],[162.83707272230134,86.56275412521684],[162.8361152728341,86.50486856683875],[162.62595133595573,86.45979931116756],[162.42734784947604,86.50416123825671],[162.4860346668273,86.53418247486078],[162.39900951942232,86.62802040319653],[162.24393442152407,86.52759494171718],[161.54761382494547,86.52950048088395],[161.60893029965425,86.47607322162713],[161.47284663690746,86.44707982688207],[161.42150107029028,86.51169917045024],[161.13259931487534,86.53494412961027],[161.06639337528173,86.57089265412677],[161.0469857937801,86.51923365813411],[160.8294472748633,86.50954782087526],[160.6233418094239,86.55466203863794],[160.31577272261893,86.4508402617453],[160.1767252625733,86.46631201272668],[160.2145058148639,86.6184818558946],[159.91395330253937,86.68537730635828],[159.82280802831275,86.63278003657281],[159.50607475186587,86.60325092495982],[159.44437463049218,86.63670683460755],[159.1353987183649,86.61238070986909],[159.04904452426896,86.63888561056586],[159.00886983920788,86.58934672616594],[158.7686772516692,86.53545507830773],[158.8177320618625,86.52022519787984],[158.70524877287437,86.51095570600668],[158.69725419300164,86.44882020998281],[158.78931176936578,86.46906684370278],[158.7209694017234,86.42636840392294],[158.64557251176257,86.46740548000078],[158.5490127634048,86.4027743459315],[158.73014194624363,86.27853926516764],[158.74148188116425,86.1150294985222],[159.0310897198096,86.12026483730801],[158.8926242336641,85.8914786632869],[159.00251133437013,85.86606434493794],[158.94493925321416,85.6967572555109],[159.18957354217383,85.69625369896397],[159.35759851587096,85.7922699124988],[159.8970266780526,85.90794560551116],[160.06478021716276,85.89475480438836],[160.23486622949446,86.09727567301951],[160.3677650251891,86.1238355927481],[160.40776634076175,86.1871355046276],[160.64377310946753,86.17281690162167],[160.7061331212024,86.12116786704476],[160.4268963693988,85.76357211142586],[160.5210511947978,85.68259022835173],[160.4142131067747,85.62697127826065],[159.91407640413985,85.40981163423467],[159.95803787274,85.35343408729662],[159.8240128202639,85.32135188167936],[159.8792325918626,85.275986333493],[160.0871779269372,85.26690144310179],[160.07247003722563,85.22659719805733],[159.9872788604122,85.22562109211324],[160.0969420688494,85.1396893222623],[159.90875485254023,85.17078348776528],[159.68798288235865,85.13665420998586],[159.60511382377857,85.0800432343633],[159.6762017616972,85.05773928639533],[159.4932152385419,84.95475062999577],[159.20790664807902,84.92260518317032],[158.87921063335702,84.95110580403828],[158.78756236975235,85.10484188289777],[158.9431561748937,85.11033520741853],[158.91454037870514,85.19868618721415],[158.8078280110425,85.18901014339653],[158.90678492761188,85.22702602205314],[158.73810614239304,85.23997723616259],[158.78161687329413,85.26767081155383],[158.60333132740234,85.27593374158842],[158.69211553436583,85.31565226465659],[158.51757743986994,85.3714703401788],[158.60066836391155,85.44574494027461],[158.41962122600097,85.58487436698547],[158.23612351013585,85.81565157451686],[158.29953776267664,85.87062332819436],[158.15942012005442,85.97100733260368],[158.2074087896973,86.14557655611162],[158.01236308396184,86.20170557697642],[157.87409021939402,86.17814311184306],[157.9592359459109,86.14188333906368],[157.8644802212658,86.09348570538026],[158.06543384674484,86.07096881684257],[158.0110886384921,85.95974712789499],[158.24024063947266,85.88600886950957],[158.16365831434047,85.86838033868462],[157.61683787125477,86.06744138566022],[157.21879942263868,86.10027243714177],[156.9553898880926,86.04229826952688],[156.7643936031714,85.89638127100469],[156.77756690000177,85.80892424834029],[156.53043360641487,85.73326400872928],[156.2306461770329,85.72919008424365],[156.04745230785448,85.67115118096922],[156.01771266611402,85.74436081384007],[156.10103451702207,85.79969182685076],[156.04031755699216,86.25370436844764],[155.7201103862556,86.64174267006277],[155.3663194934094,86.84203171214273],[155.85804584500994,86.76131625879707],[155.83770477048478,86.66304191012287],[156.0973684392876,86.61499159531157],[156.02942800132905,86.82026243540983],[155.69641346655652,86.88486038915451],[155.44003499093478,86.88189635041287],[154.69603089957215,86.6873121843163],[154.3641985470368,86.68552901472951],[154.09877794009955,86.80782984975642],[154.0436013770218,86.98631442759445],[153.98632619909398,87.04335342428533],[153.89495459924748,87.34704097752014],[153.58098508405214,87.52083810110172],[153.23998157113215,87.56584845284713],[153.2505676329614,87.67228279208818],[153.6536409106651,87.67533053558907],[153.89450645369578,87.87604259673404],[153.8318517687463,87.9511200397771],[153.96535799958778,88.06128430341936],[154.10338362482025,88.19190898447371],[154.1583218100166,88.40486522295598],[154.60226532152225,88.43431035552578],[154.80812788803573,88.35957153044242],[155.26257150861383,88.70246486117551],[155.39818542929865,88.90170174537731],[155.37212680903454,88.98299339402456],[155.18444185749087,88.98173139557332],[155.42208114337936,89.29139524622532],[155.35800888166034,89.48336946275874],[155.49910885097088,89.82327867145531],[155.108560257959,89.9749164967877],[154.97153226755637,89.88585293672287],[154.76599529051404,89.94791762901667],[154.7878112763838,90.0232967986768],[154.70842986120974,89.93686699535964],[154.57043928508418,90.01550241836196],[154.2545045765175,89.78797069340816],[154.27899472516708,90.0162843062445],[154.17999313412562,90.00418140678686],[154.10538956126646,89.75995299261274],[153.89664771179758,89.7961082738254],[153.9743734333798,89.86375300216784],[153.85658454480438,89.95986225498513],[153.81327702560924,89.80313799348383],[153.42471818018103,89.5925241194985],[153.25862878349295,89.34220798729885],[153.09443451756022,89.41953793948771],[152.97962154449712,89.23715073759267],[153.0508935359431,89.04068712670613],[152.94014185314896,88.81339505219128],[152.80217850133948,88.92390710163454],[152.88407483855752,88.56453179078213],[152.2738372047163,88.80754989065196],[152.0045406996376,88.75131858257801],[151.76775939979723,88.59883982346757],[151.5750643140493,88.589759455162],[151.18976204378248,88.21692881966827],[151.0857844408617,88.21689270229015],[150.50317210868218,88.29565739378722],[150.4932254252978,88.36583165373733],[150.33456037989978,88.35433232497164],[150.40438516691032,88.49750415177247],[150.33187321817923,88.7712559091804],[150.15319762234284,89.65695605896335],[149.93182457380232,90.09672342592457],[150.03756889729902,90.12265575511245],[150.26629580622878,89.87617108126884],[150.2751287670374,89.60052720252298],[150.58682685968125,89.36871300305292],[151.151549166113,89.37059576735433],[151.66059616444576,89.49313573199206],[151.74727261351302,89.57325236541816],[151.71455258863537,89.65186465189649],[152.17910607643734,89.9258332285912],[152.29529146991473,90.12546403094416],[152.64608147649506,90.27901987705411],[152.9791546057234,90.52908820031186],[153.19627145008826,90.59552229781626],[153.3912787814254,90.79322435848982],[153.6446532166079,91.31651522082424],[153.67267344084047,91.6651190731356],[153.52441901474086,91.90019213524454],[153.3802651883238,91.82557146259862],[153.3162045420896,92.0540317819387],[153.36222411080738,92.39977085237156],[153.5194976562136,92.66315591371708],[153.52981839913826,92.9246544710951],[153.38358967992585,93.13858154718],[153.2569357161643,93.16619799512753],[153.2332759019707,93.08888027569591],[153.2181489492919,93.19182440218223],[153.13942464227057,93.13044617513904],[153.21042914819992,92.9397117886097],[153.12402229369664,92.90469929026933],[152.9672628159338,93.09482941308403],[152.56997503205673,93.01637027664219],[152.3375612011107,92.71832917378761],[151.90890595302884,92.68388694351849],[151.20571774464736,92.40110748240528],[150.8823510932779,92.48351684960885],[150.55282659015612,92.30123397960732],[150.2881795042855,92.31757756352596],[150.07570568268432,92.01731016166084],[149.9556763121592,92.15409596305989],[149.88415099797083,92.11757950486194],[149.84656353625195,92.18520527599398],[149.70984399217917,92.10437584080097],[149.5553698479664,92.27834895627767],[149.68547194669637,92.38938319268907],[149.2437256585725,92.15437914108975],[149.04207008532907,91.94089681377798],[149.28336913445804,91.69517081277931],[149.46875226338761,91.90917287811332],[149.44926525709948,91.69049200407179],[149.57228563800123,91.5154952861228],[150.03931932206007,91.44101128962986],[150.63748090129306,91.66034256533086],[150.9074041478528,91.46073006277254],[150.94057724477025,91.21567022502218],[150.54006986618114,90.76142512316675],[150.5901618478269,90.9128715355321],[150.37640545003023,90.84550577838712],[149.95557649594315,90.5741865605655],[149.99014566489657,90.4494141476539],[150.1721830300311,90.42439166456737],[149.8450359801016,90.44328521000249],[149.74049274243833,90.33448274628984],[149.36244738459868,90.65266496033615],[149.2565318614005,90.65992154808721],[149.14236881897608,90.56351286467233],[148.79443318450797,90.77054491953147],[148.03490411958964,90.64511484513831],[147.9824783446218,90.56138472912181],[147.77179314432163,90.4984789320943],[147.3819683221084,90.42166668427154],[147.36437484300478,90.3692424027101],[146.89532512085722,90.40859042221314],[146.87119423219346,90.33580147152146],[146.5829481762313,90.42801394549774],[146.30111896187734,90.27874851082375],[145.93032601859989,90.41589594164864],[145.35596138063613,90.16395234963923],[145.37918914326443,90.09637440929001],[144.8426547306027,89.9865287905651],[144.66501055814865,89.83386677017869],[144.38156721546005,89.76935658960025],[144.26558187368678,89.66438902583377],[144.1167481586298,89.68988305803738],[144.06101377245002,89.61932679451284],[143.57805368854497,89.76835712685966],[143.07891702805176,89.79745281555148],[142.97251076151164,89.73095521716513],[143.0021307214616,89.6929676048482],[142.7442292923571,89.64781314003375],[142.62533824292095,89.71243777487084],[142.13720709264572,89.61920564117484],[141.93152196824383,89.73466739910704],[141.87569769477574,89.90346851797011],[141.6948736319153,90.30678907307968],[141.59039645418608,90.3712562368401],[141.39457425878655,90.65613049070814],[141.1322868711735,90.83578420325023],[140.89908597958146,90.85537189902658],[140.7428277767618,90.97131829519734],[140.47405722506818,91.78497396229592],[140.30839765347417,92.11462755271728],[140.23498487696958,92.1588895234129],[140.1199907975896,92.4152760069287],[139.72450809030124,92.70033095432186],[139.56000557997436,92.96266941023349],[139.63371167516954,92.94816476153893],[139.56872141055553,93.12485284764527],[139.57290976765495,92.97978258369395],[139.49589323877467,92.97689987168859],[139.42444882142468,93.16207645641674],[139.33897599569343,93.32100720474062],[139.22434547288884,93.40861911262196],[138.36946187076217,94.94186313672354],[138.04848890567962,95.42520336687284],[137.9293864533469,95.46365019399626],[137.5586496879736,96.12263600524535],[136.96950767772333,96.43994831419514],[136.82617197207634,96.364743878665],[136.87072350850033,96.30916472171215],[136.33078416018498,96.71213176530718],[136.04929521277853,97.12049960615249],[135.7420477991146,97.72801476601597],[135.36757766927914,98.3707128553384],[135.12335569912986,98.63149603481565],[134.6006174293198,99.12124008175637],[134.39890798590216,99.2358465433015],[133.80834276142838,99.28775793198376],[133.8227006907238,99.03527986439303],[133.88520441378103,98.99190846175466],[133.93597268009944,98.85723722028166],[134.01510068746026,98.59358343619914],[133.88789864136024,98.67823505408164],[133.88274885202605,98.60487300385708],[133.83545877114517,98.73697915226913],[133.6804468451408,98.89771094757667],[133.58688106240265,98.85915016290261],[133.56954733260187,98.73671825525975],[133.51327070853685,98.7402917208463],[133.43490600222566,98.95377832805514],[133.46716961037777,98.96728972723835],[133.43598928220763,99.09288554342122],[133.20941775915747,99.46972527947943],[133.0351579261881,99.60591942966934],[132.97357515308917,99.59155207475838],[132.9988197035307,99.42073389309213],[132.84276646404646,99.6127837065334],[132.8150730061651,99.77612475889762],[132.95859886340207,99.83352758711624],[132.8505493562875,100.24375041927712],[132.80447201202273,100.36881345735345],[132.69979394325892,100.55480444382543],[132.26321904770452,101.50938938115675],[131.7483634589406,102.40488339750654],[131.52307353686098,102.8798777848589],[131.32942457142084,103.19131378394118],[131.2589108647538,104.44144724750433],[131.2362467464757,104.8100046337363],[131.0479594133029,106.97260368184587],[130.98430833380365,108.2752040757794],[130.88410078043705,109.49756886062124],[130.77617639398557,110.50829407489536],[130.66142080274557,111.56027555918803],[130.56912864650803,112.82988028443444],[130.51332156415205,113.45749175324912],[130.35693427738602,114.64458231912366],[130.20706862716534,116.03619832025718],[130.13351139689235,117.39311237442325],[129.95480326260918,119.80732600895894],[129.92914227725024,120.42468852185706],[129.94454723189753,121.50392692025214],[129.93455887283773,122.477471737641],[129.9587924967911,124.07091098148119],[129.92453495463397,124.61972145613124],[129.89096892690762,125.51032388618017],[129.90566438444776,125.98451097673403],[129.85645681845094,126.62127229965976],[129.89731820057483,127.75364031654519],[129.89473643305877,128.05684691983637],[129.88980926991246,128.4221291118909],[129.90769203804717,128.5937204181771],[129.91537963068365,128.89012184839353],[129.92540829015536,128.8364210525898],[129.97538797762692,128.7984472341488],[130.00893147820258,128.6882952422821],[130.06011966199742,128.7004165430866],[130.05818573331695,128.6375519050978],[130.1285505056466,128.53748842654662],[130.17513456511992,128.60479854294624],[130.21072622956746,128.48697760956622],[130.30581139590703,128.48262749316427],[130.31908907912384,128.43558701471125],[130.38775465825734,128.38710589118935],[130.40743171082377,128.3157384403414],[130.44150916396214,128.32558780429213],[130.39805220230454,128.41223448732],[130.45370657359513,128.39854509455293],[130.53569795589442,128.296905546334],[130.60555165327793,128.29027834951634],[130.6298693066253,128.25202316229368],[130.6710574359687,128.26797273142918],[130.6379839849733,128.23591644749047],[130.6766248180184,128.1485012466026],[130.74863905822616,128.1423930109078],[130.7926199956415,128.04701969842654],[130.8388815021668,128.0233391599653],[130.8919227432976,128.11905409048043],[130.95913101725907,128.0824869170223],[130.9858906237323,128.0154528928454],[131.05069395003218,128.02261300838987],[131.04399008782002,127.92236614221149],[131.11390146661444,127.92373716846018],[131.17890458257685,127.79837633887365],[131.35593041426267,127.61811597923611],[131.33586346614325,127.59155155428614],[131.39434651384812,127.53753576775867],[131.38299115091135,127.5096947672709],[131.5457562418909,127.53910882393001],[131.5757037809908,127.47730001099504],[131.65903492707668,127.42754310460244],[131.71548018483753,127.343425988158],[131.78974865899625,127.33151410486852],[131.792392857042,127.2487742509177],[131.93636761502677,127.16121097532897],[131.93475771253932,127.1076900981577],[132.00311166093687,127.03256214710521],[132.26226397002375,126.9443987882277],[132.4077840245919,126.74370570088888],[132.35038431012828,126.73312964869696],[132.422781905769,126.6357156310211],[132.36384191977254,126.62170202413968],[132.49590211697281,126.55260987182265],[132.49417621630755,126.64729352265877],[132.5586111262651,126.57130023370883],[132.62611484804088,126.5696085473983],[132.7678539538315,126.45781528203608],[132.78345146074756,126.49564808417716],[132.8656406250114,126.43578418685226],[132.78170332805638,126.54579313873313],[132.84585411212097,126.54734373974968],[132.81963673770258,126.6191310235011],[132.7394590647201,126.66793405155367],[132.8426435179669,126.63711540307614],[132.8905307940845,126.57548141435976],[132.96478287105737,126.58376087318825],[132.97272307214172,126.68616110017598],[133.22356044884086,126.61784398501587],[133.35347755060803,126.5989042138039],[133.4289108652058,126.48397504062763],[133.47895350339263,126.57358013040975],[133.56755243438434,126.48259001939076],[133.6268494186391,126.48975855892819],[133.62596696276964,126.4216739490036],[133.74499880528353,126.4097515568516],[133.72693766955527,126.37325917063863],[134.1080567464036,126.14758108435956],[134.14834432980172,126.1693217726096],[134.30665443348425,126.05969366187091],[134.33077662993017,126.14799040525358],[134.54310956720067,126.07826965778311],[134.57845971156337,125.98138018077441],[134.65076041104362,125.9474317396678],[134.67377258678903,126.01316214749235],[134.81667377223562,125.88994830482818],[134.83154364381133,125.98325207884614],[135.1285825387156,125.85593411336205],[135.04542435807497,125.95095389806141],[135.1750448615414,125.9364845124231],[135.21108013169595,125.89929510936128],[135.14800746503732,125.86327117040264],[135.20557582485895,125.8005485524193],[135.4319625492631,125.72385046499288],[135.38855807629074,125.65855551655255],[135.51119840775573,125.52548801752317],[135.72334275579715,125.45685613817429],[135.7082213635159,125.53732707254792],[135.81381679142,125.49234333132205],[135.84233085224557,125.52707105752384],[135.9706690417577,125.47532475519901],[135.99756431476487,125.34171942914082],[136.090211951277,125.3447232119072],[136.29845252551712,125.25995489335804],[136.38981398169,125.10749507762344],[136.42392355766992,125.11954705253955],[136.48469350501512,125.03350348778487],[136.44695312752958,125.00708059897752],[136.52720164078139,124.86615454592732],[136.47660560352838,124.83178765338472],[136.5870719892552,124.74596552256688],[136.61596537885904,124.63198059067572],[136.53945854128014,124.5936653895748],[136.59089320109268,124.51939707932208],[136.7374908652676,124.54004884347049],[136.80732811484842,124.47695327268625],[136.84731686620125,124.49941245564494],[136.92269243260233,124.41753329783764],[136.8741710952511,124.43880150383583],[136.8694247667906,124.3289878558014],[137.08824360383971,124.19775784140397],[137.33694685234354,124.16778603194884],[137.50208499565474,124.04446190386274],[137.4417270751027,124.01474613957132],[137.49146495006624,123.92064034263784],[137.33963553246136,123.96257322385341],[137.41922077832984,123.90487007556146],[137.37162072626933,123.9020344892075],[137.39648624236133,123.81998613771664],[137.2996728676273,123.77697870349223],[137.3657733872708,123.66584815812038],[137.34228592049791,123.60293823484048],[137.39606133048989,123.59175436442781],[137.39480114211088,123.48209034583834],[137.4235539347547,123.30130724332173],[137.5641823614806,123.28809808361328],[137.61981825404192,123.20656089347803],[137.55485682085384,123.23324131608246],[137.49893362553917,123.12879195597925],[137.57646738562633,123.07596593196699],[137.60424301078916,123.13686368425675],[137.72099224828239,123.08831204626202],[137.63448106340974,122.99337358785618],[137.80654583954214,122.89098452272381],[137.61733273220605,122.91376595683306],[137.80473241150662,122.74993821971496],[137.8770752989388,122.76699836303683],[137.9600891723993,122.59548087162607],[138.074821762458,122.59197516652944],[138.11911950828858,122.52239711428973],[138.35356993396857,122.40287296649142],[138.22767427565694,122.56182846769462],[138.37440395124463,122.49126149902202],[138.4394038073264,122.40350114253036],[138.36417891349276,122.37601699300548],[138.47013030295636,122.30633661233438],[138.50591910849852,122.10852655368298],[138.44283602405594,122.10743300766202],[138.67529540512095,121.99314093064146],[138.6317157205438,121.98273198145182],[138.70480648911314,121.79603604012809],[138.83261805345498,121.78713629458841],[138.77422790680123,121.80676885685486],[138.8761108576393,121.83072666646834],[138.96484325178218,121.76699735317072],[138.86202311232228,121.74980965437508],[139.0223221279171,121.59277682307525],[138.94106312757026,121.57935542058136],[139.08679252896212,121.51438140736046],[139.05614638953185,121.31648804704895],[139.13881367762355,121.28611970917679],[139.12055268016826,121.26124526185941],[139.2757661256727,121.14508806042903],[139.31725438989176,121.16943568914954],[139.53686590724084,120.98071161567394],[139.58851103649346,121.01153438912476],[139.98135920138884,120.78621743942627],[140.14683869552417,120.78808632302336],[140.12945804858435,120.8586267276975],[139.9343706170564,120.9553287803648],[139.84676433909635,121.13761584620694],[139.9946831935276,121.0556171431017],[140.12758779415833,121.0849502314654],[140.20542838025628,120.98270729551376],[140.33334419137074,120.95113515118346],[140.24872264345316,121.04226491510724],[140.391845094308,120.98226535481882],[140.2675105993553,121.08029287588482],[140.2798547437228,121.1428157463717],[140.13513576162467,121.34635962168899],[140.3083531055905,121.258313553303],[140.27716236412016,121.36453377995225],[140.1417425473153,121.45167056100766],[140.15463910475214,121.64054909276764],[140.05045695179422,121.68318794183992],[140.12072541957036,121.6790888656704],[140.07993738868407,121.77962326739998],[140.17509230894225,121.78700213177991],[140.36918370137943,121.68213701955713],[140.39525204334603,121.74490668689066],[140.27654282697313,121.80858831305513],[140.27317092846408,121.8520096929594],[140.48005308949035,121.78932332703232],[140.37807794039617,121.88860060951906],[140.42962890034485,121.96008788890612],[140.58047528831815,121.8690792967532],[140.5327492077252,121.81731617914896],[140.57962364156788,121.76573231730973],[140.50490734140703,121.75694094429386],[140.61892834701848,121.65118072809042],[140.65676753524636,121.68996869123194],[140.67855359420793,121.57478396828499],[140.76555180446826,121.53142045516756],[140.775378773497,121.58853118432589],[140.95358493114216,121.40580791912143],[140.9989392566814,121.42802277660805],[141.16862462637027,121.21881067634408],[141.17001235861738,121.12273710855172],[141.20710835794418,121.13086032464308],[141.2466865323949,121.06541874325987],[141.30925372222978,121.06100625322382],[141.334854276067,121.00984785871621],[141.38518945765983,121.0463172468047],[141.3307063595934,121.09232816269336],[141.46570597234742,121.15149828708147],[141.47022487297738,121.1111860235961],[141.75162061776751,120.93427891054024],[141.8594012803881,120.80259323849869],[141.88091602106027,120.86634572881242],[141.80841846534904,120.94806874747262],[141.86632560157025,120.98128597914578],[141.92629550090587,120.90778488759857],[142.0241099251112,120.9112307152631],[142.04698765892957,120.80395064115906],[142.12816088827464,120.78570639547948],[142.11848571311546,120.8429206507266],[142.24733936390527,120.72187983272245],[142.2065559481193,120.81077064764037],[142.30737302628265,120.73296651951065],[142.36521148965815,120.8334112644783],[142.43102393911525,120.74091908355587],[142.5248513736535,120.70146982108476],[142.58830815876553,120.74255097550618],[142.61278077510414,120.69387129510423],[142.75848455734172,120.68288361226558],[142.8670543262691,120.59675670182332],[142.91278050297814,120.68030191381834],[142.97891553487662,120.56768712318721],[143.16599378912466,120.55522100007776],[143.2134093961538,120.46309552185508],[143.3247570685653,120.46127954244749],[143.2973408873096,120.42795515087207],[143.4302552354796,120.31216302654438],[143.40327699513563,120.3679963107913],[143.48335198932276,120.359735703505],[143.5397876262041,120.30091049045512],[143.5961800225619,120.33567846989237],[143.65455724963184,120.29416363403304],[143.58827140692298,120.2529596073667],[143.6317906913485,120.19151399227763],[143.6998486134948,120.2059721749034],[143.7313453408187,120.13986126532168],[143.80827583100637,120.1118806675138],[143.77397037166514,120.16224741604483],[143.8341738296118,120.13525099364462],[143.89913969875758,120.1918933613017],[143.96540632502686,120.14052644826928],[144.11558486724385,120.12854197291148],[144.11787176418937,120.07458353531922],[144.20500946557308,120.01430980940916],[144.18413620236572,119.85630567381787],[144.26612168067206,119.79924275089758],[144.2405620599041,119.64725933483203],[144.1869073521201,119.65384245474395],[144.426189965942,119.35354977384338],[144.36153088967387,119.24350142027765],[144.49951474772217,118.94826569812719],[144.65209800957996,118.8385960930945],[144.7259438194465,118.66357312094885],[144.68767487179178,118.65645650704637],[145.00191831167638,118.2211886247801],[145.04727608203916,118.22871178348547],[145.2392432168757,118.06247192666268],[145.34271004488113,117.98814944661012],[145.33805085605442,117.9119277555315],[145.53177440123085,117.69757929634142],[145.7965540258166,117.76466067870962],[146.01325942453246,117.59644523294128],[146.2279507250887,117.68160683345673],[146.31214804220764,117.63918665947287],[146.43170559551496,117.77361672776354],[146.5569236281575,117.7123069747053],[146.54922367199302,117.56786530985178],[146.67793967579075,117.38909451161337],[146.79650219359695,117.34868578513289],[146.7567937682258,117.09706474810203],[146.83201992864454,116.86071375999202],[146.88960902910412,116.89714871068475],[146.95522856443293,116.83860841408395],[147.18357710064177,116.6760686554558],[147.33547952594594,116.62524398082576],[147.40626198062202,116.52541447625629],[147.48333453351842,116.75770707603026],[147.60712952406888,116.77616108281212],[147.7803236969594,116.64744293635414],[148.02934430252202,116.71575550028464],[148.11023038354634,116.4896623121142],[148.23142731120748,116.52783601366077],[148.40056133116906,116.4516100368892],[148.4031375706838,116.38128439899715],[148.6391116181798,116.31926701411962],[148.65193283878216,116.26629216163607],[148.82830311259258,116.17706456190373],[148.99095906644206,116.11721877424164],[149.3443499252445,116.15901352725791],[149.30276493947272,116.15358181461319],[149.42890605505764,116.00300057850384],[149.5470475619429,116.01554371814655],[149.56731256309013,115.88576046714721],[149.6580963319707,115.85331163398796],[149.7095519844265,115.93371224869279],[149.8611721433261,115.95779084149164],[149.99720281607443,115.83914544970557],[150.24991792603726,115.81147756512415],[150.34278374187664,115.71404680076063],[150.45336021509397,115.47160601838507],[150.55893302841943,115.46174593311443],[150.6195938131217,115.27452242064884],[150.92688897624066,115.2087829078467],[150.96719695752319,115.05198094773847],[151.16827740636293,114.96973070098724],[151.3381898021453,114.72852321743028],[151.3620190229586,114.84313206807889],[151.45993356619596,114.8922799860842],[151.46933442324362,114.78101583006793],[151.54694509320638,114.74147912868978],[151.55474740820574,114.79942287603646],[151.63756004950946,114.80187945381276],[151.66061500783064,114.66664826028773],[151.76013524238343,114.71019982302887],[151.81478030947753,114.56462698053588],[151.94574153327082,114.50945662580592],[151.9558429429417,114.28626719191622],[152.09113326227597,114.05054661729808],[152.22005284096355,114.01220094430482],[152.25732684584784,113.89858137098695],[152.30854921050246,113.6636840720656],[152.6019576547241,113.43682193675795],[152.65039887762794,113.48623311333579],[152.80591304368778,113.24509744334804],[152.93859461709533,113.18677828805986],[152.9448988002622,113.24097478363777],[152.9990958314936,113.00517383705555],[153.16967771359435,112.98883742668912],[153.2103915411474,112.89466506124067],[153.23529429406497,112.93494565595638],[153.28867598195097,112.8241972614356],[153.36002893930393,112.81795456177707],[153.36689023803848,112.71412703136491],[153.47069784342386,112.70444449024053],[153.4921022905769,112.8192717940943],[153.53097442138576,112.52179703775337],[153.5939854816126,112.41670218702235],[153.57628212948146,112.65050663403463],[153.61919728076148,112.70825986899479],[153.6612142921498,112.63583284452169],[153.6977667114634,112.67809735923127],[153.79633959110976,112.48532601673283],[153.86653832673423,112.65503225306173],[153.91601874846623,112.34504598204694],[154.0300383990579,112.46847739142424],[154.100077370583,112.36871848214652],[154.0913517538786,112.24548908578498],[154.17413659723385,112.2087226022897],[154.18750663214092,112.29627826446256],[154.24903565753354,112.17049734215705],[154.34837891766313,112.22557718992323],[154.40630450272562,112.10006688456268],[154.535004826149,112.16665936487325],[154.50562263714318,112.28629732701036],[154.6440377503103,112.37932990871707],[154.60781321515395,112.62271450241457],[154.65208367287718,112.7451020844081],[155.02002949245028,112.66198528305132],[155.0971923517462,112.55079745823313],[155.2274120747847,112.6433431983508],[155.17765086644803,112.8582193967792],[155.07754515087197,112.95003942687032],[155.0183709818622,113.11769806835031],[154.77754005134548,113.36747181018222],[154.7669153463358,113.54748495246291],[154.86450914757813,113.59946795221674],[154.74851130153957,113.9660104433583],[154.77559418671302,114.23142425335723],[154.70383293778625,114.41314169255261],[154.8924839246509,114.44622757648007],[155.00648875485325,114.64330578304865],[155.0650040425475,114.61552690919984],[155.10366738534293,114.70220204379196],[155.20972101971307,114.63200980030113],[155.27047065961318,114.7451799459722],[155.49941473167547,114.66606631915428],[155.52153865422764,114.58365364658567],[155.62919205925937,114.58158408876281],[155.6192007688913,114.63111186157884],[155.82020132666986,114.57463779481195],[155.89641461523354,114.66122220140764],[156.00666897747806,114.5767664798733],[155.9936045363923,114.53480041876647],[156.19641247115518,114.45446695198444],[156.2966046968163,114.5295735971817],[156.45866712257728,114.42891314151423],[156.6762729254703,114.56129982161754],[156.66717366177795,114.7068731874289],[156.78354483549927,114.65852964240068],[156.78804437839094,114.7604241156675],[156.8545029674732,114.72439702001256],[156.8455270868168,114.81855689205877],[156.95803193059012,114.85642559402199],[157.09847547067196,114.79361432342981],[157.09296908750568,114.87596168398969],[157.16491241286934,114.86607929532025],[157.19865101768153,114.77653085848547],[157.19641926070486,114.83894417267743],[157.27685183454605,114.8191018090427],[157.27543320134174,114.75027165471417],[157.49319376879822,114.59328391567155],[157.5060900542629,114.49756244470255],[157.5450720479546,114.50711761440664],[157.55390655600166,114.44863778971614],[157.67254619883363,114.50509853625701],[157.64758296227154,114.43213142944496],[157.71387941641672,114.41465840544444],[157.71525082268226,114.34961254547201],[157.73183506032547,114.38190549248205],[157.88715978501045,114.24553363774467],[158.12879526542858,114.00263123633064],[158.15613352883156,114.04801606251209],[158.2123139617916,113.93266966821632],[158.30902990435675,113.92033703339965],[158.36652594497312,113.83863064939085],[158.32212208599003,113.82093989303796],[158.42553001107277,113.73407536720958],[158.65374481933205,113.67792821337062],[158.67610628575756,113.59422421770145],[158.75306821680908,113.57406430227333],[158.88971819148364,113.41115554889885],[158.92812440012767,113.51391159499894],[159.0277292277973,113.43869252455971],[159.07393449882773,113.50521407520924],[159.01244564792063,113.5396838206785],[159.02251238601977,113.59709390402878],[159.27314110809056,113.57882252641969],[159.33444553469562,113.45600193798701],[159.39727217473765,113.46191556889876],[159.415384260453,113.40650131452021],[159.46316753693498,113.44541544725493],[159.5106526987717,113.33622678061455],[159.63766886209936,113.19762480111014],[159.64752811934366,113.1100006460823],[159.68446352154876,113.0688205089581],[159.87660759147602,113.06546043111072],[159.92323291751052,113.14740160876241],[160.03800396260488,113.08254583673306],[160.0745565061044,112.94918732676524],[160.22523472427295,112.8521938084983],[160.20382763334732,112.95334578403666],[160.3330303026196,112.84743462611235],[160.37731135255098,112.95934687348665],[160.40122325050055,112.81323463221766],[160.4419765316866,112.85026146705293],[160.49658584302526,112.74252938128515],[160.56565345243848,112.76977495839775],[160.65353061001304,112.55968696965826],[160.6867137004014,112.64823441470301],[160.69985469269557,112.5871081608021],[160.87405906272144,112.60215352835425],[160.91821420750398,112.70176073956235],[160.99670761108013,112.58331401092535],[161.03427675847445,112.67077467819435],[161.03213975448605,112.60256965483197],[161.0728663363253,112.57669929203901],[161.10386315135344,112.40217796540539],[161.25775610115807,112.37054860114726],[161.2415503434906,112.50936615234042],[161.43549867900626,112.25108483323365],[161.490752938668,112.35598981609097],[161.42665274684217,112.55773939696856],[161.48879677028592,112.57479638049752],[161.4833311373186,112.73021931065938],[161.55217508511623,112.83282210961094],[161.5265819936543,112.8977363216304],[161.61362725782232,112.8032036627015],[161.6959918337706,112.84794391820641],[161.7459094295636,112.68294750658914],[161.90546375048328,112.60067819675257],[161.85195141820222,112.64323201482541],[161.85347254012947,112.85413330017191],[161.92860046198456,112.81157624160535],[162.01738953679285,112.59633652136654],[162.10209956983704,112.50502645267125],[162.10900372009485,112.67068717141058],[162.24209757136998,112.54673671369287],[162.22016162613357,112.60535944555063],[162.3631411002844,112.54763598604274],[162.33339609343827,112.48074773253174],[162.51674432262442,112.22562721016753],[162.59093501757528,112.04265058911626],[162.66278627318377,112.03467137000584],[162.753817334117,111.84155445717236],[162.90435876389364,111.85458658093134],[162.93596622461413,111.70290854160464],[163.02561447961938,111.67585792840993],[163.02993048416369,111.53483622199863],[163.2061543222463,111.37781971630767],[163.2183211145154,111.42045830354778],[163.36186328693265,111.1473993434679],[163.36403466704286,111.0547727751017],[163.48615843403667,110.99376057896623],[163.50343180236302,111.07823442169055],[163.5809120066749,110.9012068822139],[163.65129752427623,110.86489220103002],[163.71318162884836,110.60859158269051],[163.77405608392263,110.58679734931783],[163.77298643889236,110.67800954986707],[163.85843991677768,110.46016308525948],[163.9005823197105,110.71730945888177],[163.98999204906667,110.541718489604],[164.05238656003291,110.57498073914559],[164.20099310244794,110.2086515096781],[164.22134154267897,110.2831408034516],[164.2654463950059,110.22210908323541],[164.27526173113273,110.59827428787236],[164.3615141123827,110.59553241664021],[164.39568612896232,111.01178168179561],[164.50365750502357,110.68681039323359],[164.78953717470273,110.29296025331033],[164.91495806482087,110.27886262321087],[165.13438052156323,109.99572828673992],[165.1870115365855,109.78867932923808],[165.3187848001038,109.9323230692571],[165.28854162764475,110.03159605704344],[165.30572693917279,110.32938875898016],[165.41796648999414,110.3843987435164],[165.38873480044282,110.62479732738245],[165.43746922941514,110.64168748906349],[165.62290214953694,110.29317560342348],[165.65891352439627,110.41424732009142],[165.74605408994532,110.31255399575936],[165.86458093364283,109.9839840791795],[165.8412929134684,109.89135930362214],[165.9677652502055,109.47608818406371],[166.06849035277133,109.52486082548666],[165.974789426954,109.76146618951385],[165.9440287153783,109.74095514012032],[165.938894924696,109.8803992721173],[166.0293713142194,109.66640619800603],[166.04476241094085,109.71351482032651],[166.12381533055537,109.50441406671382],[166.23419178755904,109.52079083006157],[166.25152547058428,109.65111218526911],[166.36452892782194,109.51693413015539],[166.44978397606823,109.56073201106096],[166.50053838426146,109.32809248224825],[166.7393625536027,108.84255962938396],[166.86622953168464,108.71735570624554],[166.89984696201802,108.55433663972426],[167.08622974084426,108.23076004664085],[167.21991403779973,107.9000301248649],[167.26870056808016,107.85723897000949],[167.3289737005012,107.46196802329892],[167.39949369262592,107.30009840824468],[167.41038476344846,107.18273758333834],[167.5245180497618,106.95993830271105],[167.71530531098023,106.54232374027104],[167.7413872020333,106.11195924023781],[167.80711961157456,105.91854980447171],[167.8653497599466,105.5024218212834],[167.97821326186624,105.08444315918354],[168.1317817344814,104.80928237243427],[168.23270077936382,104.23033474269276],[168.3143786575135,104.0011110207388],[168.43169865640346,103.67189870201686],[168.44185081583854,103.51329763935287],[168.67836825567468,102.83683971923243],[168.75039914188,102.60999611389512],[168.88935525422653,102.27137091055938],[168.8740466297853,102.24562323023916],[168.97663211911913,102.06447459818195],[169.11254852518357,101.85676013885718],[169.2543147168081,101.46336514736414],[169.4047783042602,101.10605365232935],[169.64776845052393,100.7918158496735],[169.76765682694304,100.59572566943717],[169.91212666121444,100.45033430249984],[170.04614387965552,100.24971266364804],[170.16329670307275,99.99142680298554],[170.24643185865006,99.89562537206076],[170.4858209343625,99.7240734107117],[170.5838919793077,99.49294014828136],[170.71651690345848,99.35255760037572],[170.90069230992708,99.1249099715183],[170.90677136825872,98.99171979936054],[171.0624560268859,98.80283959577523],[171.17823387767524,98.75134233351066],[171.27015292311106,98.6361785705686],[171.5591142550311,98.4119460748736],[171.7162196497441,98.27720140476943],[171.960330058744,98.08635571463222],[171.9208214800396,98.06245061836917],[172.13630615137953,97.88879910907922],[172.15715066022244,97.54611805921466],[171.92309544034322,97.5295256823877],[171.97297800969943,97.41386740587352],[171.92557828835646,97.41721604725741],[171.98301424130665,97.37688369641018]]]]}},{"type":"Feature","properties":{"Level":"ADM1","shapeGroup":"AUS","shapeID":"AUS-ADM1-42912490B59551795","shapeISO":"AU-WA","shapeName":"Western Australia","shapeType":"ADM1"},"geometry":{"type":"MultiPolygon","coordinates":[[[[102.44383817853173,116.92251326197965],[102.46632485918613,116.92177528266566],[102.45281245694021,116.90659727960963],[102.44383817853173,116.92251326197965]]],[[[102.44011146969459,116.98594197327517],[102.45068031467702,116.98443366225283],[102.43222899885538,116.95433867443204],[102.44011146969459,116.98594197327517]]],[[[100.24719394475557,116.07977601998114],[100.23991349841708,116.04353826572685],[100.23225961901824,116.05146611227968],[100.24719394475557,116.07977601998114]]],[[[102.82753463613075,117.81020917019353],[102.87175804193967,117.7881843767972],[102.86454294845603,117.72629344868172],[102.82196232465651,117.77943567867817],[102.82753463613075,117.81020917019353]]],[[[106.37787965535074,122.19790601398365],[106.37030308655898,122.18352536453125],[106.3737946541587,122.20621417785826],[106.37787965535074,122.19790601398365]]],[[[104.03261726920219,120.56008041881213],[104.02462505517633,120.53526389659393],[104.01927539371346,120.53939603401834],[104.03261726920219,120.56008041881213]]],[[[108.26331605798228,123.14358180841165],[108.23480703125782,123.10199685172464],[108.2743264852775,123.2117080289004],[108.26331605798228,123.14358180841165]]],[[[108.37360090051655,123.6238567493825],[108.35313405542475,123.5788711129627],[108.3650615352257,123.6205089013109],[108.37360090051655,123.6238567493825]]],[[[106.5608099001359,123.18826741993236],[106.5597150495405,123.17372039486418],[106.5543818199886,123.18362327834555],[106.5608099001359,123.18826741993236]]],[[[106.51968170459924,123.33088887036487],[106.52443935947458,123.30977376769721],[106.51163065584555,123.31751529647752],[106.51968170459924,123.33088887036487]]],[[[106.45643264981007,123.35524818738381],[106.45701255451331,123.32957619058391],[106.4480981141871,123.32502645471718],[106.45643264981007,123.35524818738381]]],[[[106.71375862247724,123.55697943958168],[106.73799361417576,123.5217885462259],[106.72247275629474,123.41152805207545],[106.70856332565069,123.38763108305028],[106.71650357339756,123.50104984151156],[106.70676500975551,123.49792003713728],[106.71375862247724,123.55697943958168]]],[[[107.78980701473449,123.9104705900674],[107.78282687195059,123.87854922675831],[107.77832781472526,123.89208336182509],[107.78980701473449,123.9104705900674]]],[[[107.91994360980362,123.94432201887864],[107.90797879250036,123.9000903438515],[107.91599223625411,123.89008511919332],[107.90305549025061,123.84817378257898],[107.88616310688207,123.85038358350714],[107.88937885069222,123.87986305903362],[107.87372019542636,123.87908271091172],[107.8656345681374,123.84102256892197],[107.84449137984579,123.86229732209351],[107.86509959695402,123.93261624654625],[107.91281017973881,123.94467474640709],[107.92238345030077,123.97870790824103],[107.91994360980362,123.94432201887864]]],[[[107.88457913688907,123.97953870019059],[107.89034320462866,123.97625507107676],[107.88167560598895,123.94756700196353],[107.88457913688907,123.97953870019059]]],[[[107.62367620075436,123.92014143955896],[107.62112563757431,123.8968492541102],[107.61333179412199,123.90047401121122],[107.62367620075436,123.92014143955896]]],[[[106.4957634603681,123.54115853675845],[106.49071286315449,123.52084325167559],[106.48582929646983,123.5245407562407],[106.4957634603681,123.54115853675845]]],[[[106.47870161986042,123.53617576824178],[106.48390137705641,123.52629760031704],[106.46396900263431,123.51192033417325],[106.47870161986042,123.53617576824178]]],[[[106.59349708261027,123.62941035437711],[106.59432800918614,123.61239029541792],[106.5839981558822,123.60724699752619],[106.59349708261027,123.62941035437711]]],[[[106.46155133139226,123.57405706554854],[106.47145107416154,123.56361731500802],[106.44596345800375,123.54374208280107],[106.46155133139226,123.57405706554854]]],[[[106.63699337017069,123.76499412812545],[106.64150278455591,123.74003992385462],[106.63065958227057,123.74347596952197],[106.63699337017069,123.76499412812545]]],[[[106.50530701021555,123.66427665734275],[106.4830412072167,123.59469145772688],[106.47767108576392,123.6087539324614],[106.50530701021555,123.66427665734275]]],[[[107.9903253917495,124.19571238647681],[107.97404777216195,124.15879589162415],[107.96974871504432,124.17493718750647],[107.9903253917495,124.19571238647681]]],[[[108.03052607434773,124.19445511999666],[108.0243436994323,124.19650062315083],[108.03309098234192,124.22191543299064],[108.03052607434773,124.19445511999666]]],[[[106.12274240305752,123.3933826537731],[106.10380509926705,123.29804052533837],[106.1144849088295,123.38521797879874],[106.12274240305752,123.3933826537731]]],[[[106.75639147308371,123.90537011989416],[106.74529427033688,123.88206245398123],[106.74425730727589,123.89259339009126],[106.75639147308371,123.90537011989416]]],[[[107.4451602562352,124.10395776543693],[107.44699753099363,124.08172272563914],[107.43088387648535,124.09529176174668],[107.4451602562352,124.10395776543693]]],[[[106.19241383698967,123.49165854417075],[106.19286647161098,123.46275919929315],[106.18016065808521,123.49662236330941],[106.19241383698967,123.49165854417075]]],[[[106.19880375677229,123.54080569666985],[106.19246538543581,123.51468803116146],[106.19184836545676,123.53184109476446],[106.19880375677229,123.54080569666985]]],[[[107.50612193919224,124.18820549097414],[107.46633139082002,124.12360226121712],[107.46401627315058,124.1412852774431],[107.50612193919224,124.18820549097414]]],[[[106.51241302042729,123.78832675165403],[106.49450185732299,123.76895768697906],[106.50209342931524,123.79503404152172],[106.51241302042729,123.78832675165403]]],[[[106.52817630161744,123.89734550935749],[106.53781658564145,123.89149613530932],[106.5223862982275,123.85644542057534],[106.51745099873438,123.88193150267698],[106.52817630161744,123.89734550935749]]],[[[106.32269540938344,123.81771140778605],[106.3190017212365,123.84454860040276],[106.32602125628696,123.84805277262939],[106.32269540938344,123.81771140778605]]],[[[106.40220841788421,123.88757616256021],[106.39456490077876,123.89191341829591],[106.4102096172821,123.9094901414244],[106.40220841788421,123.88757616256021]]],[[[106.52256214885222,124.0168079662798],[106.52130858877061,123.99504134538475],[106.51067865099748,123.99319043771246],[106.52256214885222,124.0168079662798]]],[[[109.1097874529645,125.07175148493697],[109.12260816102628,125.06139761896904],[109.10437812782516,124.98740393666978],[109.1097874529645,125.07175148493697]]],[[[100.60431996492268,124.25536824613572],[100.62105483888979,124.05846805738877],[100.60652507263019,124.03448667657855],[100.60697417239588,123.98678911488467],[100.59575872811538,123.99141468804409],[100.59665057083576,124.2464613519323],[100.60431996492268,124.25536824613572]]],[[[100.49879734378761,124.55923421019352],[100.51190429544516,124.57205673831345],[100.5271215318285,124.55910030582564],[100.49693263576117,124.5170496857177],[100.48961783807471,124.49082289118503],[100.47292192544035,124.50165267265098],[100.41463530098191,124.43693761845225],[100.42055127123987,124.45652398119145],[100.44179014112618,124.47620138410106],[100.48500361478649,124.55247337584248],[100.49879734378761,124.55923421019352]]],[[[97.56767151409416,129.34067262996246],[97.5793397512827,129.34473322126013],[97.57507523682175,129.31979004674756],[97.56767151409416,129.34067262996246]]],[[[97.38757783619286,129.73708449965716],[97.39886620220172,129.72092355553542],[97.33966206244287,129.66956243203174],[97.33237590847212,129.72164435884105],[97.380884757867,129.75845318991847],[97.38757783619286,129.73708449965716]]],[[[97.48811594409455,129.8034018285294],[97.43295867716103,129.7600107640024],[97.42050089196974,129.7803216162833],[97.48811594409455,129.8034018285294]]],[[[97.12806344062278,129.93648329844817],[97.0992047908623,129.928712972636],[97.11334110488177,129.95815747528263],[97.12806344062278,129.93648329844817]]],[[[97.5120515622271,132.74977992504694],[97.50514912976627,132.7222645937638],[97.47678556947636,132.73696828364498],[97.5120515622271,132.74977992504694]]],[[[96.35346986550033,132.8154261413492],[96.33133909143969,132.82007336368298],[96.34406743258988,132.83346922707145],[96.35346986550033,132.8154261413492]]],[[[97.75026885765703,133.50083987171902],[97.76573964301178,133.49840890726978],[97.74769684342942,133.4899837154201],[97.75026885765703,133.50083987171902]]],[[[97.68093959170724,133.5709764604259],[97.77111061302296,133.55633944573032],[97.6554169308954,133.57378199495062],[97.68093959170724,133.5709764604259]]],[[[97.78547320963904,133.89170881085647],[97.83760144568953,133.88929938470568],[97.87117340441314,133.77816441893634],[97.8374712549202,133.76828451194984],[97.70443156950356,133.78487669248767],[97.72232596848352,133.797825721607],[97.6844904065485,133.8587062695805],[97.76055096913352,133.8978820840572],[97.78547320963904,133.89170881085647]]],[[[95.32951215847586,133.85169033847595],[95.38115355501336,133.86774999678698],[95.36203216316848,133.7997700176203],[95.4922568687847,133.69167422777306],[95.55614463662506,133.57159490154746],[95.59240245230002,133.55770738215142],[95.57306816082628,133.5418292680738],[95.59933631836489,133.50472438400638],[95.66732706132456,133.47058934189494],[95.7177935859329,133.40710925025246],[95.70630647568684,133.36073951991972],[95.7572890603772,133.3492593792703],[95.8318393955236,133.35758642803938],[95.78668469932558,133.3285268570711],[95.79690631293668,133.31647109552543],[95.75502920707687,133.28945358740006],[95.78607910346354,133.21361277803857],[95.82518569770403,133.22264442132305],[95.82129408122886,133.2752423171509],[95.86376949629687,133.27534970185354],[95.867523626578,133.22727802749785],[95.96822046204933,133.21341865068032],[95.98908380771289,133.1655639022787],[96.01280180455883,133.17273906461247],[96.06028188171703,133.08567502166113],[96.03843410636532,133.07534118533212],[96.0599608165534,133.05263788532451],[96.02760652400065,133.04280164514776],[96.04478567386171,133.01936143865794],[96.01175092394178,132.98402940872936],[95.98928713885422,133.02072647661012],[95.9142283848675,133.02318650868312],[95.7872329386947,133.14655663507662],[95.54667149120247,133.23233244107632],[95.47296170868515,133.32257821417744],[95.31543503810639,133.40915667475736],[95.34317121715786,133.42577962369546],[95.34861617006152,133.46242017702195],[95.20709845080628,133.59158922363864],[95.16688012389213,133.67004169792688],[95.1543778249267,133.7663803598308],[95.24126477344133,133.8655305393733],[95.32951215847586,133.85169033847595]]],[[[95.39477666469995,134.68541859494454],[95.43954825791027,134.60732102452775],[95.43215222861951,134.40805478550934],[95.40744635572744,134.38790845032102],[95.41174323135695,134.24712713919445],[95.37471165668578,134.29788658984214],[95.39968827124336,134.37931037592307],[95.38260866636509,134.49335937221144],[95.3373587407433,134.56854725682635],[95.38588108555572,134.6683365169845],[95.37582801775953,134.7050641831128],[95.39477666469995,134.68541859494454]]],[[[96.73993148125786,135.17893619666046],[96.71834299537477,135.16735315142392],[96.71471991290801,135.18359035896276],[96.73993148125786,135.17893619666046]]],[[[96.66379835895866,135.1997376929109],[96.64348707482952,135.18750604597682],[96.63633804627278,135.19433418217096],[96.66379835895866,135.1997376929109]]],[[[95.36787568788644,135.09773860006814],[95.4041452834512,134.99628226063638],[95.36741148248643,134.90520077740157],[95.40176543857234,134.82956637925165],[95.42926107769122,134.82400155851795],[95.37738214437098,134.7151376136934],[95.3718624230853,134.83066618234255],[95.34053590428863,134.87193105268005],[95.3347451586121,135.0421003002604],[95.36787568788644,135.09773860006814]]],[[[96.74166919094114,139.48356798301558],[96.75396615622186,139.46826245759524],[96.74871479683256,139.4396961816613],[96.7096777417031,139.42645323888723],[96.74166919094114,139.48356798301558]]],[[[96.77332224246155,139.5242109891322],[96.76008860265861,139.52279774040917],[96.76762754519967,139.53974794309872],[96.77332224246155,139.5242109891322]]],[[[97.423866782793,140.02896798168385],[97.40401422785735,140.03101564614585],[97.42157129665729,140.0380038341839],[97.423866782793,140.02896798168385]]],[[[97.45842293524898,140.10848832462872],[97.44070921306583,140.10831386221622],[97.45752199234084,140.12927693467785],[97.45842293524898,140.10848832462872]]],[[[97.52625824444935,140.19144888676612],[97.5043387934078,140.18905311724595],[97.51516563222333,140.20704976026528],[97.52625824444935,140.19144888676612]]],[[[97.41587061404627,140.28111712330602],[97.47671261656556,140.27164830749877],[97.51087173103309,140.21422905663036],[97.49979768708668,140.18678172796947],[97.37223722848746,140.253815498099],[97.38711254767362,140.28569168683498],[97.41587061404627,140.28111712330602]]],[[[97.54492842615426,140.31814344599113],[97.57999181153733,140.30496422600362],[97.54900129669687,140.2903710872246],[97.54492842615426,140.31814344599113]]],[[[96.67824664812409,140.68301295110635],[96.66645980388535,140.68670136457354],[96.75972479519338,140.77409864188618],[96.77038184890179,140.76346291115794],[96.67824664812409,140.68301295110635]]],[[[96.85412043692008,140.83758555576355],[96.8107359220979,140.79142673790471],[96.77955171412196,140.79681886925675],[96.8117436694944,140.83049578131394],[96.85412043692008,140.83758555576355]]],[[[97.66617492406453,140.9149088944883],[97.5755615900849,140.96129890867797],[97.63806110146444,140.94109809301062],[97.66617492406453,140.9149088944883]]],[[[99.05951661926355,141.10312366721132],[99.03747259102941,141.0867329333063],[99.06916660648874,141.14986103258596],[99.10084657279059,141.14932504904056],[99.05951661926355,141.10312366721132]]],[[[97.80358948517272,141.08970858853965],[97.78224500104285,141.0838386078469],[97.79471087719875,141.09737787239294],[97.80358948517272,141.08970858853965]]],[[[99.45862994133778,141.34068209454034],[99.43075434074665,141.31789028303757],[99.42628150761458,141.32514981467665],[99.45862994133778,141.34068209454034]]],[[[99.29818090071788,141.33270073851233],[99.28338727950539,141.33544909526975],[99.28913990021388,141.35310227983132],[99.29818090071788,141.33270073851233]]],[[[98.45673010218788,141.25493521218223],[98.3188369305967,141.24541947745746],[98.40224077040934,141.2670287248719],[98.45673010218788,141.25493521218223]]],[[[99.32332909175285,141.3972191697867],[99.30730212248027,141.37209142951497],[99.30100501903073,141.38814666867626],[99.32332909175285,141.3972191697867]]],[[[99.65851347438125,141.5687091755704],[99.65094741938432,141.58551462335876],[99.6632973994049,141.58211512195552],[99.65851347438125,141.5687091755704]]],[[[100.1775930246962,142.29630139016382],[100.15849952114456,142.30774528739292],[100.1719452674138,142.30924809638708],[100.1775930246962,142.29630139016382]]],[[[99.01396912119995,142.11253664721076],[98.99730061788802,142.10859034367053],[98.96076594195472,142.1387859110323],[99.01396912119995,142.11253664721076]]],[[[100.9471587254267,142.54674896462603],[100.93770789092646,142.56046602792918],[100.94875835340596,142.56330032790686],[100.9471587254267,142.54674896462603]]],[[[100.267760024237,142.43000382851545],[100.27139366926434,142.41667073139837],[100.2218138024712,142.41690278413367],[100.23978935774161,142.44433533700445],[100.267760024237,142.43000382851545]]],[[[100.89304647762376,142.5485039461614],[100.86754802931328,142.55816200690373],[100.87657135091132,142.57108429195873],[100.89304647762376,142.5485039461614]]],[[[100.5955261546847,142.5473945379565],[100.57992969778883,142.55646843568394],[100.59042690807716,142.55903083484776],[100.5955261546847,142.5473945379565]]],[[[98.9492821525453,142.2246693369671],[98.98981238030467,142.20945294219152],[98.95493676242353,142.15447555298067],[98.9492821525453,142.2246693369671]]],[[[101.07926294107051,142.7874267274542],[101.06057942284579,142.79963304215818],[101.0736700947188,142.80676765210927],[101.07926294107051,142.7874267274542]]],[[[101.99282159154671,143.18689081826403],[102.0218596016008,143.17631702716875],[101.920779177057,143.08893571768652],[101.85670095737098,143.07148634405644],[101.87842592162337,143.09429935874778],[101.8457257455928,143.1062953067476],[101.8540610643462,143.13328327044152],[101.89661604102734,143.1451826430236],[101.89215639996326,143.11877169973067],[101.92026798312425,143.15380350338214],[101.99282159154671,143.18689081826403]]],[[[102.03822486480718,143.19684947723695],[102.0531437491978,143.19704248825767],[102.04265217911768,143.18687487460113],[102.03822486480718,143.19684947723695]]],[[[99.09797878539445,142.62888116384903],[99.17512260055024,142.6231120702068],[99.15782445278674,142.6051136225333],[99.21773946255139,142.54341346423672],[99.22830019422764,142.49956710352066],[99.1961073359393,142.38503528182846],[99.15189303491438,142.36129905770852],[99.15388284183504,142.3182077997977],[99.10822988586959,142.27030690935777],[99.05520595241038,142.25647978807652],[99.04581544049381,142.27677771588557],[98.99603476041695,142.27922123191354],[98.93506696088882,142.25877042611543],[98.96658532285379,142.2570204402085],[98.9440967851263,142.22880671181036],[98.89211318869373,142.2624273404918],[98.90561846552194,142.37685073074977],[98.96772267909682,142.45767526460048],[99.00131456864061,142.4728031839038],[99.09797878539445,142.62888116384903]]],[[[102.07636530030521,143.21393549346556],[102.0522157665558,143.20627933022797],[102.06715685042496,143.21713095128115],[102.07636530030521,143.21393549346556]]],[[[101.52505936100098,143.13010559256173],[101.53040180546888,143.11125513971888],[101.48752829819526,143.1216615127766],[101.52505936100098,143.13010559256173]]],[[[102.12723342906666,143.2529798431576],[102.08201578707843,143.2238954005186],[102.07679154924068,143.23871593039237],[102.12723342906666,143.2529798431576]]],[[[99.38376081360985,142.72612636608795],[99.40244823260014,142.72698358474267],[99.40406267800122,142.7166581657927],[99.38376081360985,142.72612636608795]]],[[[99.35280846518002,142.73881241342934],[99.35699530836233,142.72724452257125],[99.3439980663914,142.73656340067393],[99.35280846518002,142.73881241342934]]],[[[102.68356177078175,143.50118528841347],[102.64852417725263,143.44846783171084],[102.62053818555609,143.44262285582502],[102.67782390814546,143.50503012397368],[102.68356177078175,143.50118528841347]]],[[[103.53426382622706,143.82871529180534],[103.55645093679819,143.81790104182699],[103.55015607847483,143.7687219280439],[103.51687473811515,143.77515820665053],[103.51385386660877,143.83596047346458],[103.53426382622706,143.82871529180534]]],[[[102.04978381780522,143.32047093721826],[102.06862985005498,143.3194722090002],[102.04862098798613,143.2684199736251],[102.02336248953344,143.27449176582508],[101.97528291570569,143.25434898321072],[102.01955433545845,143.32016798848454],[102.04978381780522,143.32047093721826]]],[[[103.5857881915692,143.90959093622436],[103.59367182696127,143.90530422416225],[103.5775365183099,143.90349373875412],[103.5857881915692,143.90959093622436]]],[[[101.75452728813401,143.30284519789546],[101.76501859340766,143.2840916438667],[101.83268154996333,143.31270323627933],[101.8105326842713,143.2789748842952],[101.78275590596485,143.28572069386632],[101.75706011877345,143.25221315601038],[101.78310202245001,143.2600041169769],[101.76875105113565,143.22908171655854],[101.55669760163511,143.1977728928855],[101.5743252996285,143.24393743311305],[101.65958778948763,143.26847580187274],[101.66265737832393,143.2502494306258],[101.71199187880137,143.25279217463347],[101.72907708404352,143.29405149929045],[101.75452728813401,143.30284519789546]]],[[[101.98342761609888,143.38715463805423],[101.97448988845288,143.37133022000936],[101.97500996233408,143.39282448324758],[101.98342761609888,143.38715463805423]]],[[[102.0458648869591,143.3957076654296],[102.0229939447508,143.38032126131168],[102.03664344362775,143.3694328951546],[101.98622102971719,143.3275236486092],[101.96429458409548,143.28471787393556],[101.89475572573711,143.26552384637426],[101.87252459406274,143.27722067517385],[101.92908455705215,143.33705266639888],[102.03083204543292,143.4052336838985],[102.0458648869591,143.3957076654296]]],[[[102.01240407566826,143.45187125800769],[102.00001614748507,143.43178699719144],[101.98249723114431,143.44506734471082],[102.01240407566826,143.45187125800769]]],[[[103.69570663500744,144.073020757751],[103.68478043116653,144.03984674846367],[103.66351750259582,144.02190659838772],[103.69570663500744,144.073020757751]]],[[[102.04132846115775,143.47330680156585],[102.04089768293805,143.44511104038784],[102.02303459067687,143.45451023945566],[102.04132846115775,143.47330680156585]]],[[[102.29221879852147,143.61633570917343],[102.26671828235112,143.51196745883323],[102.25273605396578,143.5140425890574],[102.26634204652336,143.5915080731561],[102.29221879852147,143.61633570917343]]],[[[101.83738378117818,143.52112935950743],[101.87385500232091,143.4994978552442],[101.80652698339466,143.43703091954998],[101.75032366397988,143.45287501064013],[101.83738378117818,143.52112935950743]]],[[[101.9041038075848,143.53316090578306],[101.8887031835531,143.52653320504012],[101.8910385927573,143.53839642774037],[101.9041038075848,143.53316090578306]]],[[[102.31162970298855,143.63838594501766],[102.30334466816112,143.63610075001355],[102.30890611767137,143.64982031981165],[102.31162970298855,143.63838594501766]]],[[[102.60997088659687,143.8067481278788],[102.62867725793237,143.78353956810656],[102.62240778777205,143.74746944761935],[102.60997088659687,143.8067481278788]]],[[[102.48127878905922,143.7290812438198],[102.458181099642,143.74692647442362],[102.46156263624445,143.75473815329912],[102.48127878905922,143.7290812438198]]],[[[102.29198849999099,143.6749625269881],[102.28690443304212,143.62995498067346],[102.25548343334604,143.5922305713878],[102.25447913563184,143.63218764183304],[102.26239617510328,143.62888851610415],[102.29071528140281,143.69262098371365],[102.29198849999099,143.6749625269881]]],[[[102.35941567846278,143.69131474861467],[102.34188853644523,143.6338846998122],[102.34976596100509,143.63943648491443],[102.34344391518582,143.59655455761722],[102.35498440381724,143.59105539771437],[102.3756953190782,143.6229051389597],[102.35707793364028,143.54870228324967],[102.34345343806169,143.5568704970809],[102.29969530058716,143.52162540881852],[102.29730999418751,143.5620475885163],[102.33163915787182,143.6790368095848],[102.35157409079437,143.7113954393902],[102.35941567846278,143.69131474861467]]],[[[102.28012834743032,143.70234546419886],[102.26496082952221,143.65272339520453],[102.26516650198188,143.69457776297307],[102.28012834743032,143.70234546419886]]],[[[99.21131836126868,143.04452900578616],[99.21354759388785,143.01870741275076],[99.24163814735053,143.0115299214103],[99.21402931891038,142.96762781309712],[99.22458238603906,143.0110840105367],[99.20760291075835,142.94861839728603],[99.22574464570118,142.9522939181525],[99.20368603311515,142.92962636783068],[99.18056824872518,143.00407450460222],[99.21131836126868,143.04452900578616]]],[[[99.20379666443887,143.08281359512245],[99.18207523519487,143.05734539819724],[99.17015296055501,143.07083244891172],[99.18388397184052,143.0635446179903],[99.20379666443887,143.08281359512245]]],[[[99.17314807117424,143.09659845918745],[99.1808637983111,143.07923016577328],[99.16147674421256,143.09381543294757],[99.17314807117424,143.09659845918745]]],[[[102.27068028422386,143.73530761905687],[102.27655381468753,143.76064401146323],[102.27906876144144,143.75034368670933],[102.27068028422386,143.73530761905687]]],[[[99.26253268147633,143.123425664872],[99.31669755079949,143.1085020646854],[99.30593097424153,143.07573124845916],[99.2893884891334,143.09825888815323],[99.22271600045869,143.11751473971364],[99.26253268147633,143.123425664872]]],[[[99.16355832802614,143.14051563895134],[99.1851071738742,143.13686700036618],[99.1471698220345,143.12777994908316],[99.16355832802614,143.14051563895134]]],[[[102.29177652655974,143.8004080078349],[102.43652139735104,143.7595075556984],[102.41470268163607,143.7510359204247],[102.29620773138706,143.77553855299226],[102.26623326824784,143.79719064798155],[102.27406452736273,143.8147373120549],[102.29177652655974,143.8004080078349]]],[[[104.48939915303154,144.75172477870024],[104.50434467337925,144.7492971927574],[104.48493822027082,144.72299235602128],[104.4686615485872,144.72608748414308],[104.48939915303154,144.75172477870024]]],[[[104.8819547904987,145.65136914612356],[104.8686986033338,145.6571473995678],[104.87429821062412,145.66313388939113],[104.8819547904987,145.65136914612356]]],[[[112.32794864680199,150.91973433512436],[112.33454912834968,150.92523311607562],[112.33756114786527,150.921088372996],[112.32794864680199,150.91973433512436]]],[[[112.30693018984323,150.94809628551386],[112.28670460453341,150.9569885249636],[112.29786747699046,150.95718218703973],[112.30693018984323,150.94809628551386]]],[[[112.3485927860786,151.00381642061816],[112.36680855849971,150.9945220062187],[112.3636735770775,150.98402345009387],[112.3485927860786,151.00381642061816]]],[[[112.23271235318623,151.01005373926685],[112.2143429673292,151.01492050269857],[112.2123065886079,151.02784355902358],[112.23271235318623,151.01005373926685]]],[[[112.38972001757342,151.00959230651037],[112.37682394778983,151.0051319524135],[112.38013733842166,151.02650629791214],[112.38972001757342,151.00959230651037]]],[[[112.41473016983169,151.01355239449992],[112.40969057355395,151.0266817709081],[112.42087641476317,151.02859437286907],[112.41473016983169,151.01355239449992]]],[[[112.173073487789,151.03237144981938],[112.13440168986004,151.03957404657802],[112.1348782511379,151.05699139309178],[112.173073487789,151.03237144981938]]],[[[112.411797266088,151.0289933366396],[112.4014796185179,151.0379069742119],[112.41616606662046,151.03492268652434],[112.411797266088,151.0289933366396]]],[[[112.18637083358915,151.05084113065539],[112.16830317436907,151.0591046549079],[112.17301228679196,151.06620704517601],[112.18637083358915,151.05084113065539]]],[[[112.42615635852997,151.03755061300103],[112.41312464036882,151.0405782854011],[112.42880211678415,151.08828147303532],[112.4427489051495,151.07810228040958],[112.42615635852997,151.03755061300103]]],[[[112.02364151561974,151.26038171620425],[112.03627591627155,151.25685246362704],[112.02792931982378,151.25498920026075],[112.02364151561974,151.26038171620425]]],[[[112.7438671573695,151.2467125231527],[112.7493744247453,151.23378211558088],[112.71294898056851,151.23737605225818],[112.72685403011626,151.24821471326493],[112.7438671573695,151.2467125231527]]],[[[113.23410153308926,151.32893450032756],[113.22066959498952,151.33006948510655],[113.24766166349127,151.3356541874536],[113.23410153308926,151.32893450032756]]],[[[109.82257448005141,151.56222728856426],[109.83782775230856,151.56279382359745],[109.83464449579273,151.55561858456184],[109.82257448005141,151.56222728856426]]],[[[112.87169652363048,151.46826234579012],[112.85772636826906,151.47450412107497],[112.87027540174245,151.47425513170202],[112.87169652363048,151.46826234579012]]],[[[112.54254598564194,151.6341540102511],[112.55905938961666,151.63227497051545],[112.52170551110977,151.6094411620001],[112.47572052938786,151.61500197770044],[112.4156430026544,151.6405359851409],[112.4850573104335,151.6273192234155],[112.54254598564194,151.6341540102511]]],[[[112.47562274954586,151.64872539403837],[112.47231197493736,151.64106625145033],[112.4571875961434,151.6411351635934],[112.47562274954586,151.64872539403837]]],[[[112.61478924630013,151.6319087724062],[112.59770462015155,151.63000432875748],[112.60210656083332,151.63732971749872],[112.61478924630013,151.6319087724062]]],[[[112.56226616379831,151.6478071989874],[112.54704288305021,151.6366879060243],[112.54053519783214,151.6609108137929],[112.55818178405778,151.65974268522896],[112.56226616379831,151.6478071989874]]],[[[112.22867666496558,151.73828442680846],[112.28926598482495,151.68718498579557],[112.26870991968636,151.6684702381184],[112.22700620261473,151.6997574271633],[112.21688365639774,151.73243461559176],[112.22867666496558,151.73828442680846]]],[[[114.2553550207279,151.56118072745826],[114.26933013403418,151.55921655727732],[114.2592912462326,151.55588257924484],[114.2553550207279,151.56118072745826]]],[[[112.39129933313467,151.73009175770716],[112.41692132346222,151.7209928200142],[112.37845100176774,151.72814076024855],[112.39129933313467,151.73009175770716]]],[[[112.31242373727557,151.74598279928495],[112.31506900000556,151.73079445068598],[112.2835956505163,151.74525425814886],[112.31242373727557,151.74598279928495]]],[[[111.75671973064038,151.8825367480835],[111.8041729608737,151.87144335795034],[111.76008538440911,151.87164820496596],[111.75671973064038,151.8825367480835]]],[[[112.24348272421028,151.8413213857068],[112.2615545393531,151.83054355602567],[112.24376478193415,151.8158718150628],[112.22932544300058,151.82864413021315],[112.24348272421028,151.8413213857068]]],[[[112.78108739513212,151.78528279406098],[112.77762727554044,151.7753762428364],[112.75157921547734,151.78789493889144],[112.78108739513212,151.78528279406098]]],[[[112.50248348002204,151.82447210224754],[112.54441656819992,151.81196979556486],[112.50181853433551,151.82037720934719],[112.50248348002204,151.82447210224754]]],[[[111.88520939055894,151.89056810962498],[111.88977766229424,151.88486333791676],[111.85941037941208,151.8740209133479],[111.88520939055894,151.89056810962498]]],[[[112.80123770182654,151.79735141578195],[112.86515043237341,151.77807891506598],[112.83271857305957,151.77890491894686],[112.80123770182654,151.79735141578195]]],[[[111.81748355540012,151.9018316950991],[111.81206313321258,151.88384598910613],[111.79365782447351,151.89414710047006],[111.81748355540012,151.9018316950991]]],[[[111.98605180606263,151.8898461020389],[112.00097097453673,151.88147364565427],[111.99181215513406,151.8679618152848],[111.95075175769757,151.86368190028494],[111.98605180606263,151.8898461020389]]],[[[111.87371306065427,151.8985684774208],[111.84795447176296,151.9070366930721],[111.8666462536284,151.90724343850002],[111.87371306065427,151.8985684774208]]],[[[111.93508872673803,151.9002781716658],[111.98057251817083,151.89053136734617],[111.93439645533738,151.85833035767325],[111.88488149759398,151.87225034380916],[111.91183589587601,151.88012116500545],[111.89520220289134,151.9020097313345],[111.93508872673803,151.9002781716658]]],[[[113.2461522066481,151.77240404345804],[113.24122331714523,151.7658188106663],[113.23318838615762,151.77291139087097],[113.2461522066481,151.77240404345804]]],[[[114.2303863640484,151.71014483928593],[114.23897848624706,151.70606107121415],[114.22022018550422,151.69956015755236],[114.2303863640484,151.71014483928593]]],[[[112.91683261166716,151.8179515049924],[112.89807580582146,151.82032662806017],[112.90516013086823,151.82384867735794],[112.91683261166716,151.8179515049924]]],[[[111.95791556955025,151.924012486059],[111.96187513455007,151.91869188342775],[111.92457668657552,151.92381121025423],[111.95791556955025,151.924012486059]]],[[[112.74890462396192,151.84113210370734],[112.77682433228716,151.82683955531684],[112.77094065351987,151.82604951011132],[112.74890462396192,151.84113210370734]]],[[[114.19699000455446,151.7194799103761],[114.20865255222535,151.7104901671293],[114.19855445084409,151.71227297619168],[114.19699000455446,151.7194799103761]]],[[[112.87139669960044,151.8371179160712],[112.88888859759447,151.8362766012728],[112.89475774065991,151.82937505938298],[112.87139669960044,151.8371179160712]]],[[[113.97239442841726,151.7389398285083],[114.00278751846484,151.6982877202795],[114.00974687028847,151.70692025878594],[114.01764437053394,151.68892057049857],[113.98888649111277,151.68744917803994],[113.95774967023175,151.72960580500822],[113.97239442841726,151.7389398285083]]],[[[112.93743743897642,151.82612968772025],[112.90911389867395,151.83766873365153],[112.92268587013524,151.83598611190416],[112.93743743897642,151.82612968772025]]],[[[114.22687219462787,151.72559252282633],[114.21920705374916,151.71686959283753],[114.20568977162125,151.7238776714203],[114.22245032920924,151.73115746725307],[114.22687219462787,151.72559252282633]]],[[[112.83970281418351,151.85402413149666],[112.86882796663497,151.84229743746678],[112.82115756939217,151.85789215448972],[112.83970281418351,151.85402413149666]]],[[[112.25418324468887,151.91318257620122],[112.27451525880593,151.8894767527177],[112.23289771281509,151.89621763516146],[112.2290236244597,151.91556059713528],[112.25418324468887,151.91318257620122]]],[[[112.40282085221786,151.90009535866903],[112.4014486091841,151.89384129949377],[112.39133466071182,151.89389810855766],[112.40282085221786,151.90009535866903]]],[[[112.76883721291274,151.8686151766322],[112.80969952450897,151.8396463007474],[112.75998783449437,151.86140477766094],[112.76883721291274,151.8686151766322]]],[[[113.44485054199644,151.78821174551635],[113.38590973483392,151.81214626921332],[113.39326836489224,151.8116488669577],[113.44485054199644,151.78821174551635]]],[[[114.29874385266436,151.75056439114095],[114.30258711110312,151.74531607959824],[114.28439729256883,151.74728314732369],[114.29874385266436,151.75056439114095]]],[[[112.19160660883409,151.94795864136245],[112.20374594551603,151.94218569792793],[112.19303186032278,151.93428940730473],[112.19160660883409,151.94795864136245]]],[[[112.17407930375717,151.95046142839527],[112.18502272933594,151.94211047535973],[112.17122171947001,151.94442442051178],[112.17407930375717,151.95046142839527]]],[[[113.29874115088734,151.85281062888714],[113.30471702484556,151.83693698856766],[113.28434880311558,151.85242873950136],[113.29874115088734,151.85281062888714]]],[[[112.61534318467044,151.9305850987424],[112.61031273656056,151.91594411680572],[112.59478592438664,151.9239592421083],[112.61534318467044,151.9305850987424]]],[[[112.43497330960469,151.944436021444],[112.4160449382037,151.94105436010858],[112.40643658196285,151.9473892765423],[112.43497330960469,151.944436021444]]],[[[113.11423938024414,151.88251143979488],[113.12484120744148,151.87702373097144],[113.0981661881994,151.8844332330214],[113.11423938024414,151.88251143979488]]],[[[113.26285264552178,151.86895051902513],[113.26964178834726,151.86238876920356],[113.2531555218277,151.86700529010335],[113.26285264552178,151.86895051902513]]],[[[113.22171364347165,151.87822737974403],[113.20331763302629,151.87373082301895],[113.2078216516606,151.87963889085296],[113.22171364347165,151.87822737974403]]],[[[112.45841609798573,151.9614634720153],[112.48483325363304,151.9534353693575],[112.45242337566884,151.94755575019263],[112.45841609798573,151.9614634720153]]],[[[113.06174486324642,151.90122906705182],[113.0921178343906,151.8935778808273],[113.08505976044435,151.8878098066676],[113.06174486324642,151.90122906705182]]],[[[112.72456861987465,151.93753765883423],[112.72015882569018,151.9264255886152],[112.71309741641511,151.93502423909018],[112.72456861987465,151.93753765883423]]],[[[112.65159301786719,151.94852597791217],[112.67079894248985,151.93679428374168],[112.665511301621,151.929700489269],[112.61624638941593,151.93465390042292],[112.59620746753419,151.95114534463323],[112.65872119050451,151.94180556796965],[112.65159301786719,151.94852597791217]]],[[[113.28227450296589,151.88601119998913],[113.3283015475437,151.8542970155399],[113.3014174286742,151.8580721609588],[113.28227450296589,151.88601119998913]]],[[[112.71233410310619,151.9475820979809],[112.72380085451914,151.94544852266444],[112.70721952029629,151.93599699549543],[112.71233410310619,151.9475820979809]]],[[[113.6939744867223,151.8618141905954],[113.71614597324145,151.85094370129292],[113.70230657762626,151.8468395673942],[113.67934957665632,151.85900870743535],[113.6939744867223,151.8618141905954]]],[[[113.34688361927604,151.8915625868895],[113.43491997557305,151.8514221289761],[113.36818231283553,151.85802080673483],[113.35595036311278,151.87662780988887],[113.2894021861478,151.89942170898306],[113.34688361927604,151.8915625868895]]],[[[113.7868102602664,151.85958445862607],[113.79253639496002,151.85098344946385],[113.82909150505739,151.84854632821586],[113.81625311796066,151.8462933305354],[113.83945401647793,151.83899704422777],[113.77298935638467,151.84496695977714],[113.77040959634806,151.837658523401],[113.76072112561243,151.85765902423913],[113.78207732346374,151.85288866262505],[113.7868102602664,151.85958445862607]]],[[[113.75051506738305,151.8629064107103],[113.71887262919952,151.862831768143],[113.74389688882283,151.86833063449035],[113.75051506738305,151.8629064107103]]],[[[113.25929384995902,151.90470447652214],[113.24947713081562,151.90247247067862],[113.247513291719,151.9159215183236],[113.25929384995902,151.90470447652214]]],[[[113.23927894791859,151.9133295164892],[113.23777737820873,151.8959088404717],[113.22219643981664,151.89788860019365],[113.19849039360813,151.87979806477574],[113.17837914047391,151.90445369819088],[113.22444648642193,151.90410850151423],[113.2194254893944,151.91601183196389],[113.23927894791859,151.9133295164892]]],[[[112.68492479781297,151.9782339816503],[112.73828753456303,151.95420039394762],[112.73573607541209,151.94929810619644],[112.68492479781297,151.9782339816503]]],[[[112.71150483945993,151.96835978132066],[112.69610871658111,151.97592907536156],[112.70520808405716,151.97635005633902],[112.71150483945993,151.96835978132066]]],[[[112.5749019188797,151.99377181984306],[112.59286252775036,151.97999649375524],[112.58786058575095,151.9775818951475],[112.5749019188797,151.99377181984306]]],[[[112.51871038437784,152.0021005571959],[112.5620315742529,151.9857931808907],[112.54816352001305,151.98613846443817],[112.56356238003721,151.96827332829378],[112.6404424916696,151.9452120755744],[112.57462971038231,151.96126210090807],[112.56123117697021,151.95397101668937],[112.58797205910618,151.94454394982117],[112.56103855955675,151.93028762843244],[112.54059264824224,151.9385047856465],[112.55377058361854,151.9425028103334],[112.54195037345852,151.96975661436045],[112.48012556991945,151.99105115615254],[112.49496382520171,152.0044608638383],[112.51871038437784,152.0021005571959]]],[[[113.20838042090435,151.9387891248189],[113.21194412362685,151.9242672706747],[113.20090923926743,151.93642536894689],[113.20838042090435,151.9387891248189]]],[[[113.5121171405656,151.91621989359476],[113.51441051592951,151.91191503145762],[113.48041644091626,151.91430596447526],[113.5121171405656,151.91621989359476]]],[[[113.26511010571514,151.9462079148567],[113.25112615131648,151.92446231051917],[113.23929001386782,151.93221032555982],[113.26511010571514,151.9462079148567]]],[[[113.32246406821596,151.9419367442219],[113.3464721147778,151.9390635819515],[113.35612740631669,151.92539492610666],[113.32223217521157,151.91419900932044],[113.32246406821596,151.9419367442219]]],[[[113.18094038979697,151.95585874602398],[113.19784424120877,151.95274158707488],[113.21160053251405,151.9434861293488],[113.18094038979697,151.95585874602398]]],[[[113.14399765949176,151.98012590927905],[113.19617927326001,151.9419773236867],[113.16291741921277,151.94531141445998],[113.14399765949176,151.98012590927905]]],[[[113.73009973163784,151.91801008306956],[113.7115454484769,151.9259856437398],[113.73630871383367,151.92814261648496],[113.73009973163784,151.91801008306956]]],[[[112.51562873425003,152.0532574808547],[112.51987797475334,152.0393191688172],[112.46894344855005,152.0523350084169],[112.51562873425003,152.0532574808547]]],[[[112.261317092273,152.08925614123552],[112.29670528353542,152.08262222688276],[112.30709420634484,152.06686181802428],[112.28855519205752,152.07095498942485],[112.29540088612538,152.0639482378735],[112.25578102396992,152.07939767522328],[112.261317092273,152.08925614123552]]],[[[112.78288445947895,152.03521678085184],[112.78423682265154,152.02106221383377],[112.7654563618685,152.02163032362228],[112.75330763849911,152.0369067573784],[112.78288445947895,152.03521678085184]]],[[[112.64831257212512,152.0516863186679],[112.64579009325989,152.03377458040845],[112.61702255065285,152.03509690670188],[112.62682801553134,152.05192038938813],[112.64831257212512,152.0516863186679]]],[[[112.50360287785364,152.06480390195802],[112.52138896608034,152.0535847483281],[112.49616090807548,152.06268278398886],[112.50360287785364,152.06480390195802]]],[[[112.2617463226116,152.09872636211622],[112.26445191948046,152.09122378124056],[112.25134357692161,152.09702773908282],[112.2617463226116,152.09872636211622]]],[[[113.74899402020296,151.9485805526114],[113.76884380910067,151.9426240304798],[113.75699622899003,151.93486656062078],[113.77154670184537,151.92359314277275],[113.71164379430058,151.93771407598925],[113.72616053734794,151.9522650068096],[113.74899402020296,151.9485805526114]]],[[[112.20548483125413,152.11305037148134],[112.24558289347644,152.1010947824042],[112.21315901465331,152.10291206412313],[112.20548483125413,152.11305037148134]]],[[[112.41845922086958,152.0990357909874],[112.45463486089744,152.0824266335096],[112.42736633598457,152.09017987173107],[112.41018653216476,152.08450122339806],[112.39009053802681,152.0941992684018],[112.41454650674879,152.10044714853058],[112.40142668281587,152.107086913157],[112.41807408531034,152.10737987202484],[112.41845922086958,152.0990357909874]]],[[[113.01890015743857,152.04550789171572],[113.15220770871392,152.0136633742622],[113.16400494079348,152.02476606393395],[113.18270491009125,152.0187827605302],[113.1654189800565,152.0064588650031],[113.18058520036833,152.0012178271716],[113.15794089938797,151.99006748335773],[113.16788135164177,151.9813217026397],[113.11210757433244,151.9961127170319],[113.1287878485844,151.99056508253653],[113.10807895312557,151.99271566823938],[113.04147867151936,152.02777189317422],[112.9815340461063,152.04209181499775],[113.01890015743857,152.04550789171572]]],[[[112.7939835317532,152.08883137512052],[112.87987461757845,152.06732637722243],[112.86357578911364,152.06218328317806],[112.7939835317532,152.08883137512052]]],[[[113.75629185760768,151.99574996999564],[113.79154560330231,151.98150329909618],[113.77935535880692,151.96928619448835],[113.76525334259316,151.98171580264813],[113.75793527029883,151.96650876394995],[113.71795609453655,151.9782462201484],[113.74514126122736,151.98835375435826],[113.73371925715519,152.00060419020485],[113.75629185760768,151.99574996999564]]],[[[112.48878475120327,152.12776722132242],[112.51086130162466,152.11837900719124],[112.48787463592873,152.1113460123134],[112.49733139852697,152.09475612793494],[112.46840296675258,152.12160942621603],[112.48878475120327,152.12776722132242]]],[[[112.45120981191346,152.13161768775024],[112.43561284025274,152.12566591864615],[112.41552053045231,152.14319536827546],[112.45120981191346,152.13161768775024]]],[[[112.70819795989408,152.1211902900904],[112.73328692855884,152.10568019848924],[112.71848333237133,152.10517237442357],[112.72749169389377,152.08617161243956],[112.70405498366232,152.09908111191754],[112.68602398662581,152.09455787434646],[112.66791320253375,152.10184713819243],[112.67340925388447,152.12462983214334],[112.70819795989408,152.1211902900904]]],[[[112.3884263873203,152.15772450361558],[112.44031210114119,152.14199013282567],[112.40206923179716,152.15039487725232],[112.3884263873203,152.15772450361558]]],[[[112.35884305027852,152.1673923378348],[112.36823265825062,152.16010578345848],[112.35282788405844,152.16092986365538],[112.35884305027852,152.1673923378348]]],[[[112.25617000756856,152.192362254259],[112.19315275469543,152.18806675955315],[112.19080424192856,152.19417275197105],[112.25617000756856,152.192362254259]]],[[[112.67662379434881,152.16502254113948],[112.6895265214655,152.15769663029215],[112.67427902795927,152.15640528465238],[112.72874532932808,152.13232594842074],[112.69932379905985,152.13118774422196],[112.66230759220869,152.15504970517614],[112.67662379434881,152.16502254113948]]],[[[114.50939018376508,152.0264518454169],[114.49106059753022,152.0058337551154],[114.50160404972559,152.02950730402915],[114.50939018376508,152.0264518454169]]],[[[114.5221464530379,152.04413240920564],[114.53279297337426,152.03898369496915],[114.52042176522649,152.03444326161403],[114.5221464530379,152.04413240920564]]],[[[114.5496950683641,152.053755396009],[114.53397828516312,152.04840901116472],[114.53042752552437,152.05177837862848],[114.5496950683641,152.053755396009]]],[[[113.99209520363503,152.08936741028572],[113.97201783950845,152.09937644663884],[113.98001845678492,152.10131392956893],[113.99209520363503,152.08936741028572]]],[[[114.05025225816892,152.08890166572212],[114.04177584660835,152.10124247170685],[114.06091472421429,152.0935021223207],[114.05025225816892,152.08890166572212]]],[[[113.03337366761289,152.2082550777503],[113.04970969564918,152.1952984639847],[113.01814744079127,152.17863159589453],[113.03337366761289,152.2082550777503]]],[[[114.07053911163946,152.09733240090648],[114.05612569874177,152.10158602607424],[114.05269973563256,152.11889307490569],[114.07768652898174,152.11023122581742],[114.07053911163946,152.09733240090648]]],[[[114.01251467386173,152.12366665253296],[114.02891674537196,152.11986646913311],[114.03906505173846,152.09001743597025],[114.05667877482188,152.08810402310132],[114.08383910119878,152.0867701019088],[114.0810452282946,152.07004316087767],[114.01935942543918,152.07992707256096],[113.99822616203079,152.11857322880215],[114.01251467386173,152.12366665253296]]],[[[114.77168839735893,152.10413922133614],[114.7592685443353,152.09264017129357],[114.77186328492351,152.09100032566536],[114.73843218758086,152.0645920108115],[114.7302128071997,152.06910027112974],[114.69521056272008,152.05769115564266],[114.64030364808136,152.05773559927735],[114.67289818838181,152.0818161861314],[114.7339614688144,152.09459681433134],[114.73118198053267,152.10361766580138],[114.77168839735893,152.10413922133614]]],[[[114.52454064409676,152.12259321254254],[114.522870827808,152.08063828189026],[114.48085721713052,152.04479007023122],[114.50604146440317,152.11373384443303],[114.52454064409676,152.12259321254254]]],[[[114.51064889204049,152.14842292442307],[114.50163132687562,152.13344827120878],[114.49673420292837,152.1475388500695],[114.51064889204049,152.14842292442307]]],[[[114.52271777097249,152.17861249260662],[114.5227090138738,152.15626859825485],[114.51237550752441,152.17781037225777],[114.52271777097249,152.17861249260662]]],[[[114.91315295102338,152.20875184978462],[114.89796311784836,152.1994046240091],[114.85996549244848,152.19572894352314],[114.91315295102338,152.20875184978462]]],[[[114.51425741995477,152.44647255016696],[114.51391778708248,152.44065125186552],[114.50732549464948,152.44427879610043],[114.51425741995477,152.44647255016696]]],[[[112.07127062907014,152.69616707838333],[112.06433298933038,152.6872683572958],[112.0808168729862,152.68424034483002],[112.06044250543987,152.67523585290093],[112.05652113670402,152.70080912493995],[112.07127062907014,152.69616707838333]]],[[[114.79495449738928,152.47795230602105],[114.79584002173064,152.4840725086523],[114.80435275650227,152.4819465292408],[114.79495449738928,152.47795230602105]]],[[[114.69052811454881,152.51271348212083],[114.67290321627942,152.51018792471683],[114.69304772332676,152.5219527330524],[114.69052811454881,152.51271348212083]]],[[[114.67733505404412,152.53257689922611],[114.66329984712965,152.52942410843386],[114.65925711048145,152.53272303291783],[114.67733505404412,152.53257689922611]]],[[[114.93196395308595,152.53084118095975],[114.89687766170098,152.51549665963856],[114.88015296784683,152.52434808641],[114.93196395308595,152.53084118095975]]],[[[115.67952067806527,152.47336239929712],[115.68827750028215,152.47186810397426],[115.66865339743302,152.46765618576092],[115.67952067806527,152.47336239929712]]],[[[114.96789991070428,152.5883676042257],[114.97359634567877,152.58131119494269],[114.96160610792998,152.58621304862615],[114.96789991070428,152.5883676042257]]],[[[114.34417649485206,152.6139734371523],[114.35790413694535,152.60781610559425],[114.341752427839,152.61086141755612],[114.34417649485206,152.6139734371523]]],[[[114.45231679523914,152.60717608899523],[114.4695357073194,152.6062317092815],[114.47352705333333,152.57766212176574],[114.42919873549621,152.59048078077737],[114.42245715389768,152.60440818100074],[114.44447214778444,152.61211941239148],[114.45231679523914,152.60717608899523]]],[[[114.44347404200474,152.61430048498542],[114.42347398293587,152.61031270830597],[114.42770887089124,152.61581286178753],[114.44347404200474,152.61430048498542]]],[[[115.63995298013334,152.55355420079482],[115.65074139634785,152.54411868311465],[115.58339905437894,152.5387245383769],[115.58960129633385,152.5474450534401],[115.63995298013334,152.55355420079482]]],[[[114.52361546986276,152.63015783443203],[114.53253207439087,152.62599418427197],[114.5202462678733,152.62279078059765],[114.52361546986276,152.63015783443203]]],[[[115.4029448839396,152.5774355717628],[115.4100850436499,152.57165166195938],[115.38208497311996,152.57711668381347],[115.4029448839396,152.5774355717628]]],[[[114.17286739564058,152.6430505172937],[114.14029519684959,152.6439522318041],[114.17924116030208,152.64827431922123],[114.17286739564058,152.6430505172937]]],[[[115.74045604763093,152.55835272788354],[115.75917497626759,152.55097450868004],[115.70244499426764,152.51777872551682],[115.66666238087461,152.52089284703243],[115.65903173993576,152.52936591425163],[115.74045604763093,152.55835272788354]]],[[[115.72827693891011,152.56367538689],[115.72966402211006,152.55949176176864],[115.70931545650498,152.5607179393645],[115.72827693891011,152.56367538689]]],[[[114.22008328207882,152.65840528866568],[114.21160992305778,152.65179965270417],[114.20644248331726,152.65769402836338],[114.22008328207882,152.65840528866568]]],[[[114.44428009776999,152.6498959352829],[114.44592701067289,152.63858533835017],[114.38004250266086,152.6177375729805],[114.35372129482823,152.62319819247392],[114.43950242272675,152.65556287615627],[114.44428009776999,152.6498959352829]]],[[[114.69391640949526,152.64066342288038],[114.67476940372129,152.64453419428378],[114.68955062107018,152.64980060220074],[114.69391640949526,152.64066342288038]]],[[[115.79499235175503,152.5644550362672],[115.78430209234277,152.55286826936802],[115.77877804830369,152.56546239921641],[115.79499235175503,152.5644550362672]]],[[[115.42899032494185,152.61445420471924],[115.4231790826814,152.59731463078853],[115.38577242030611,152.6025647110896],[115.41338720776488,152.60627854920395],[115.4063231984484,152.61298814442958],[115.4285812601878,152.62155778986846],[115.42899032494185,152.61445420471924]]],[[[114.32536132154195,152.68383869088026],[114.3337215615083,152.66843262648834],[114.31530601046018,152.66009390524266],[114.28007858176082,152.66782299204596],[114.22621751016248,152.65729206656368],[114.23245796256644,152.67633991456253],[114.31730442514716,152.6897095740493],[114.32536132154195,152.68383869088026]]],[[[114.97718890367949,152.6721526088271],[115.00184895313365,152.6709316749612],[114.97298615806969,152.66010140913835],[114.95597451225905,152.66444529859672],[114.96978035857191,152.6812041233785],[114.97718890367949,152.6721526088271]]],[[[115.49191018299757,152.6260207265259],[115.51056701756231,152.63220782048705],[115.51288785089793,152.62802589064557],[115.49191018299757,152.6260207265259]]],[[[114.87465305072391,152.69302621723665],[114.88315260110944,152.68742092035114],[114.87489992014244,152.68534059835576],[114.87465305072391,152.69302621723665]]],[[[114.64076627741792,152.70002370660524],[114.65156939389976,152.67942818859404],[114.63855687772812,152.68126309817217],[114.64450676552723,152.66099887866412],[114.66243007038071,152.65811279114757],[114.60137097415306,152.64352464681593],[114.6050466068837,152.65036501858089],[114.58228110554727,152.64851398524468],[114.56881955266917,152.66826203263966],[114.52443506303877,152.63513468018],[114.51176143303078,152.6465722314228],[114.49111174735023,152.6390370615439],[114.43734618454704,152.65849744711414],[114.47285143287904,152.67429352809154],[114.48326928088629,152.65831874954057],[114.492091148734,152.6761560049843],[114.54906449130061,152.67327138761064],[114.60328594780998,152.7004628130917],[114.63615846408098,152.70640210240413],[114.64076627741792,152.70002370660524]]],[[[114.88307625508257,152.70176276761802],[114.85526883194852,152.69417243711172],[114.87185704819655,152.68298513823981],[114.8659932469367,152.657464735673],[114.83802626507037,152.64122248058072],[114.85656733415632,152.63524527646487],[114.88293794691982,152.64247489919063],[114.90135544703429,152.63756997908985],[114.89409052956844,152.6099456515632],[114.92345985548211,152.6133838761383],[114.95400457556839,152.57816299507846],[114.94284394825155,152.57167433864086],[115.00440086607762,152.55919643097025],[114.91902800791287,152.5363916280753],[114.7473816201707,152.52264811908296],[114.74895215400463,152.5341404446152],[114.73587774023937,152.52957904290133],[114.72454002993307,152.53620469852194],[114.74344889683336,152.53845905009527],[114.7320596003849,152.54312760705358],[114.75238174955982,152.55179118523043],[114.76739757858313,152.54310200073297],[114.8169960216785,152.5651419663475],[114.87779618497304,152.5782129269415],[114.87489418106978,152.58589076267793],[114.80613891598296,152.57625913853371],[114.80375920344817,152.59805453581254],[114.76555581741843,152.5905965453416],[114.78023405765833,152.58468601294916],[114.76771886645591,152.57812966735463],[114.75702359063516,152.58380851087298],[114.7352049330568,152.56761522532673],[114.71921335203544,152.57336087100234],[114.73159153787718,152.58894367393896],[114.68465095625922,152.58178950217695],[114.68329369543386,152.56822471841843],[114.65935748605456,152.56701440569395],[114.69074501509225,152.60326563054687],[114.66842679111507,152.59386027213995],[114.64594548777396,152.59890215468474],[114.65580040623,152.61246522352832],[114.6787030574613,152.61125329696716],[114.67981833782221,152.61756245584704],[114.7074418002897,152.61404420523405],[114.69177224694299,152.6266025886023],[114.71323932448576,152.63924269379208],[114.7386000517414,152.63326096024878],[114.72753737820163,152.62468184232483],[114.74600396977625,152.62811023740232],[114.73068748487404,152.65078319466502],[114.77312607365232,152.65129320023956],[114.76701857314866,152.65764168755737],[114.74276013529483,152.65341777048988],[114.72286243135086,152.66115844303914],[114.74837274405624,152.67381675603875],[114.81672424082393,152.67833802539815],[114.84319838256928,152.6928266182548],[114.88307625508257,152.70176276761802]]],[[[115.36237245715547,152.66719321773286],[115.38857491581578,152.66463538941974],[115.43236527945399,152.64379039861598],[115.41063484355806,152.63055824750919],[115.32418134807841,152.61629192315138],[115.2945469445585,152.63141871067208],[115.34567095728497,152.67437485586336],[115.36237245715547,152.66719321773286]]],[[[114.83897324039266,152.71867193464055],[114.81655919327304,152.70967715463095],[114.82683513614754,152.7187599826782],[114.83897324039266,152.71867193464055]]],[[[114.5415800081654,152.72886298047217],[114.5527784987924,152.725042669122],[114.54286718488848,152.70907442667166],[114.54841459273817,152.72343705347447],[114.5330883423373,152.71960856772807],[114.5415800081654,152.72886298047217]]],[[[114.59716861416926,152.74096406660036],[114.58341855318119,152.73810916778982],[114.59559685796135,152.7443866984325],[114.59716861416926,152.74096406660036]]],[[[114.78569910688213,152.73250184709872],[114.77113473657319,152.72570928543698],[114.75237472484804,152.7365735287325],[114.7746190443497,152.7419781824682],[114.78569910688213,152.73250184709872]]],[[[115.34401270713414,152.68951129284386],[115.33025137738235,152.681904753632],[115.29944142331007,152.68669771210665],[115.33558619159763,152.69701886029048],[115.34401270713414,152.68951129284386]]],[[[114.74441369666883,152.73569613321203],[114.73552063802528,152.7426157848617],[114.74365710272586,152.7451276991048],[114.74441369666883,152.73569613321203]]],[[[115.75059582740451,152.65693933618857],[115.74255725595214,152.6483977652653],[115.7339883063517,152.6568576195342],[115.75059582740451,152.65693933618857]]],[[[115.67239739287268,152.6732902490201],[115.6613747470123,152.67247339128892],[115.67575942210965,152.67908947989963],[115.67239739287268,152.6732902490201]]],[[[115.68328147686205,152.6751547593561],[115.68135867395347,152.6801813849813],[115.69184952709983,152.67837302842977],[115.68328147686205,152.6751547593561]]],[[[115.05015474234483,152.75975357416633],[115.0508792396269,152.7507235351864],[115.03935904315068,152.752601815573],[115.05015474234483,152.75975357416633]]],[[[116.62483563826564,152.62134515014424],[116.67566216780175,152.61235519336597],[116.67155284374367,152.6052398215366],[116.62483563826564,152.62134515014424]]],[[[116.40806488552039,152.67048394127502],[116.3946523481471,152.6804062934583],[116.40849891569367,152.6792710023152],[116.40806488552039,152.67048394127502]]],[[[116.24123832978813,152.71008457350723],[116.24545938643371,152.69780993747662],[116.19817952797035,152.69756343314174],[116.21039488047815,152.70937843381688],[116.24123832978813,152.71008457350723]]],[[[116.46027220992409,152.6925854827771],[116.47079497857268,152.68511966200435],[116.43204171403812,152.6852322065209],[116.46027220992409,152.6925854827771]]],[[[116.35067433659253,152.70275954769997],[116.34499580188336,152.7114162161286],[116.35607549805223,152.70492715484355],[116.35067433659253,152.70275954769997]]],[[[115.6846508997539,152.7865145062683],[115.65271766009133,152.77285641942257],[115.67785298443191,152.79677854894277],[115.69511900418536,152.79393701077498],[115.6846508997539,152.7865145062683]]],[[[115.72706558170113,152.7740150216645],[115.66903858764786,152.7542262170926],[115.69045056710976,152.7664602391494],[115.67566397978081,152.77448472166571],[115.71132622267584,152.7955919578018],[115.73624774948512,152.78095543424263],[115.72706558170113,152.7740150216645]]],[[[116.10112670420395,152.76844824988058],[116.10516926805603,152.73411848086414],[116.13083431686566,152.7384546922665],[116.20420998757459,152.72476083520226],[116.197329453143,152.69681108033524],[116.10989297353416,152.6860876894848],[116.07955266331663,152.69228986496034],[116.07319039028934,152.70994563413421],[116.09393100007688,152.70913467635393],[116.05769890629423,152.74121262955578],[116.05566541403637,152.76124527980227],[116.07162992760652,152.7525756781722],[116.07749216297412,152.77039116022922],[116.10112670420395,152.76844824988058]]],[[[115.50741301648785,152.8400030900751],[115.48951486451006,152.82574730584363],[115.47186172709755,152.8329289366979],[115.50741301648785,152.8400030900751]]],[[[115.36603379393557,152.85034058004743],[115.3335990465823,152.83756902866364],[115.34137556180187,152.8550663909053],[115.36603379393557,152.85034058004743]]],[[[116.47464067162433,152.72625309845853],[116.46749715002233,152.73948230190558],[116.49043330165489,152.73957791450164],[116.47464067162433,152.72625309845853]]],[[[115.45634506152908,152.88049797125868],[115.45011916969528,152.87557185942373],[115.43830662914289,152.8772276836112],[115.45634506152908,152.88049797125868]]],[[[116.27667923311168,152.79532617790255],[116.2497602302225,152.77473504103708],[116.22800014564936,152.78391922016874],[116.27667923311168,152.79532617790255]]],[[[116.18897093664873,152.8298215344801],[116.19475204822601,152.81421322436717],[116.17434559026468,152.8094845383291],[116.16303042094371,152.8203844493782],[116.18897093664873,152.8298215344801]]],[[[115.57192050095733,152.88635028369714],[115.57824344879955,152.87976302783585],[115.55740513296504,152.892799489994],[115.57192050095733,152.88635028369714]]],[[[115.31277693384806,152.915971990005],[115.32430316080871,152.9174463374128],[115.33224916274897,152.90506199065837],[115.29855369339406,152.9115649841541],[115.30546636954338,152.92038059278963],[115.31277693384806,152.915971990005]]],[[[115.19943470415498,152.91769504206133],[115.18385759664855,152.923221563273],[115.18397479121288,152.93394559732764],[115.19943470415498,152.91769504206133]]],[[[115.36672387053765,152.90526063263502],[115.35413714361738,152.9047418177598],[115.36299595756091,152.91504728404345],[115.36672387053765,152.90526063263502]]],[[[115.1398722914933,152.93819618826532],[115.15857976434283,152.92642592676108],[115.13152050031397,152.9351756523763],[115.1398722914933,152.93819618826532]]],[[[115.21274257314408,152.93000630555258],[115.20139815108345,152.93491759044556],[115.21104855584858,152.9357360105834],[115.21274257314408,152.93000630555258]]],[[[115.54308396869948,152.9004558940265],[115.55056623722975,152.89592864696934],[115.54475333930205,152.894068518792],[115.54308396869948,152.9004558940265]]],[[[116.14432933259474,152.8463164966563],[116.13991535388102,152.83803978023013],[116.13647481933147,152.84723931249817],[116.14432933259474,152.8463164966563]]],[[[115.65636997772333,152.88496011722947],[115.67577387031798,152.87663357679403],[115.66817923474177,152.84246738557522],[115.64707020705328,152.83403170927028],[115.6586781304076,152.82208809581567],[115.67301350093831,152.83064430287038],[115.69915554363104,152.825752921005],[115.66972199959355,152.81818479044767],[115.69359011417205,152.8059318227127],[115.6501369660993,152.79485239173323],[115.63949699478013,152.80962794069276],[115.62743669338823,152.8063785406196],[115.60220850208178,152.8228527691368],[115.61675792508646,152.8306673496343],[115.5808354688289,152.83829616385907],[115.63319268347425,152.85374859843077],[115.57617230752494,152.8461801965334],[115.57342909177618,152.8535171010227],[115.55525010925896,152.8478198466915],[115.5598886260897,152.8659000769162],[115.5929557198161,152.873310286747],[115.5901033845969,152.86276462585107],[115.63396409209949,152.86234044174054],[115.65968391233298,152.87794353157852],[115.63639688879249,152.88609424077475],[115.6418939280118,152.90132363134734],[115.65636997772333,152.88496011722947]]],[[[115.31704015129074,152.9435039482418],[115.2895557907076,152.9197208539865],[115.29033132116194,152.94666248841995],[115.31704015129074,152.9435039482418]]],[[[115.62271140871127,152.91110397578473],[115.61178210081576,152.91775155153007],[115.62122563466153,152.91737418699256],[115.62271140871127,152.91110397578473]]],[[[116.24828217502514,152.85574740670467],[116.25320639734169,152.84996193689256],[116.24186466392666,152.85031670433185],[116.24828217502514,152.85574740670467]]],[[[115.66372363507864,152.91764844544986],[115.65626981876105,152.92359795532732],[115.66323238492433,152.9272861908771],[115.66372363507864,152.91764844544986]]],[[[115.26944232430424,152.98821177139038],[115.2871434620075,152.985390361504],[115.26812119729345,152.97996473728293],[115.26944232430424,152.98821177139038]]],[[[116.17575774785357,152.90567888617605],[116.17861499315569,152.88518070071163],[116.16575095273889,152.90137769525927],[116.17575774785357,152.90567888617605]]],[[[116.1128980709961,152.94810391449187],[116.1100641174842,152.95385216525975],[116.12235626341055,152.95799969491074],[116.1128980709961,152.94810391449187]]],[[[115.89587027955393,152.99913564665505],[115.89880853108771,152.98559169064492],[115.88276140737798,152.98622045968347],[115.8802428452096,153.00189100741778],[115.89713444684037,153.00585609511938],[115.89587027955393,152.99913564665505]]],[[[116.10694581831979,152.99560462647344],[116.10863452844191,152.99049146133214],[116.09192419878417,152.99230536500585],[116.10694581831979,152.99560462647344]]],[[[116.12498814769674,152.98909648357616],[116.11608533423394,152.98656038736655],[116.1130997578283,152.99251466408384],[116.12498814769674,152.98909648357616]]],[[[121.96549671183399,152.46176629173507],[122.01178075259291,152.44280990177083],[121.97645582550219,152.43800048308947],[121.96549671183399,152.46176629173507]]],[[[116.1494236348187,153.06409470508788],[116.15611712229408,153.0605753116296],[116.13224847376034,153.0639375260622],[116.1494236348187,153.06409470508788]]],[[[116.47645023733766,153.0430986628199],[116.4670068806202,153.0403415557746],[116.46444189715035,153.0481229001925],[116.47645023733766,153.0430986628199]]],[[[116.42058624983723,153.05003628229954],[116.4076460306747,153.05187302865835],[116.41922702307036,153.05468276028716],[116.42058624983723,153.05003628229954]]],[[[116.3670729309521,153.07887390702302],[116.40215111844788,153.0554535317642],[116.37720053822326,153.0513325050066],[116.3443222064254,153.06614553889517],[116.33138863691059,153.0530690023784],[116.29399292043959,153.052789477021],[116.27669478774564,153.06062813704145],[116.3670729309521,153.07887390702302]]],[[[116.75116227861295,153.06637063415735],[116.7423231211144,153.07055630347224],[116.76283258904532,153.07815894714284],[116.75116227861295,153.06637063415735]]],[[[116.42568504953698,153.118684998891],[116.4350287418597,153.09929800222],[116.39493931108234,153.10897749517284],[116.4200305831884,153.10896071631254],[116.42568504953698,153.118684998891]]],[[[116.73826435810562,153.09733207072068],[116.75524455890016,153.089604253718],[116.72001099526338,153.0855989639279],[116.73826435810562,153.09733207072068]]],[[[116.76928390449036,153.0976378649784],[116.739735291177,153.10006064693158],[116.7590284841344,153.1088493199149],[116.76928390449036,153.0976378649784]]],[[[115.78336144459655,153.2251544917898],[115.78276302738024,153.22024067094804],[115.77032710926728,153.22670002080542],[115.78336144459655,153.2251544917898]]],[[[116.89375794010249,153.1346137957545],[116.8950759518609,153.1134517938796],[116.876749739247,153.12420102341724],[116.89375794010249,153.1346137957545]]],[[[115.9130561320037,153.22701071477968],[115.9159746546947,153.20981016238215],[115.89703893516462,153.20221171263492],[115.88246082636677,153.20795439289975],[115.9126054928779,153.23732762010698],[115.9130561320037,153.22701071477968]]],[[[116.80289771905146,153.18442301029074],[116.84371770658863,153.14607825220517],[116.8559199742868,153.1674378279519],[116.88085546449497,153.13936273628758],[116.84064946181859,153.11551536362947],[116.78693474523898,153.18515302945661],[116.80289771905146,153.18442301029074]]],[[[116.42260490225291,153.20659615154295],[116.41100716182854,153.21699838235878],[116.42047013993724,153.223726525649],[116.42260490225291,153.20659615154295]]],[[[115.93244537983432,153.2447888728377],[115.92781165217784,153.26114220437583],[115.93897332545762,153.2581938680354],[115.93244537983432,153.2447888728377]]],[[[116.3109389369974,153.2419164271925],[116.30707296580465,153.2472151764062],[116.31950248905437,153.25516605953106],[116.3109389369974,153.2419164271925]]],[[[116.43389848042716,153.25481280986293],[116.44971909266923,153.20668137651882],[116.43928666833835,153.2340947588215],[116.40598580623114,153.23506535379826],[116.43389848042716,153.25481280986293]]],[[[116.25128906062636,153.29738921463883],[116.34338040231279,153.18767199534125],[116.32335326255645,153.18036732497137],[116.32127816159436,153.16050294320772],[116.29726934444261,153.14548151508512],[116.2564335266143,153.13965734270784],[116.27694600433611,153.1296022618768],[116.28477727508343,153.13563611763018],[116.30455704552475,153.11523593221506],[116.29167719687877,153.1114377678111],[116.30880598506337,153.09470120443024],[116.27899345283285,153.0931095096317],[116.26636604339498,153.1005862973297],[116.2360070876064,153.0796610864075],[116.21908973342192,153.09374861834505],[116.17504213677546,153.08355513734426],[116.16156938404868,153.06911103620956],[116.14184819722381,153.07485273688567],[116.14485431243294,153.08504596431845],[116.11635138730091,153.0976294844636],[116.08710939369779,153.09010275198793],[116.09341972786973,153.1629510486157],[116.16450249345401,153.15583306400782],[116.18679787069507,153.14427684371861],[116.17572927079891,153.1624047777251],[116.18938087044094,153.15785074563038],[116.2032526063004,153.17145864707012],[116.18796101846101,153.17841814166712],[116.17175606606659,153.17384064123758],[116.17464783773698,153.18761354669294],[116.15402937417088,153.19673492161334],[116.17011073221356,153.20333421183065],[116.19938645265646,153.24610888424738],[116.22766338745126,153.23665214611677],[116.22475717069055,153.28470771337723],[116.24230888639335,153.27770704485857],[116.25128906062636,153.29738921463883]]],[[[117.85091671438576,153.19242353715208],[117.87398666235745,153.18413731294532],[117.83212307561928,153.16863857927842],[117.85091671438576,153.19242353715208]]],[[[116.3818771492318,153.29563285989303],[116.37625762206869,153.30272603401812],[116.38685143005742,153.31678960666912],[116.3818771492318,153.29563285989303]]],[[[121.32874028642436,153.01050026749462],[121.34015387770516,152.95987420694047],[121.30205768108007,152.92041127361247],[121.28062851629862,152.96887998107266],[121.30488014174784,152.97907194469727],[121.3101281806514,153.01329584956085],[121.32874028642436,153.01050026749462]]],[[[115.90179360417945,153.35504720073675],[115.91735337354909,153.32117555270622],[115.88324777361211,153.30445409756274],[115.87458365203491,153.342598325302],[115.90179360417945,153.35504720073675]]],[[[116.93158596511118,153.29327160044315],[116.90617550600524,153.27429960852186],[116.90663584057327,153.29456226733578],[116.93158596511118,153.29327160044315]]],[[[116.95809817581913,153.27126338090983],[116.97057846964472,153.24743427324034],[116.95528709594427,153.24189224801268],[116.98280867258939,153.21024415266808],[116.96862086099009,153.18355915696193],[117.01537494336,153.15468893801892],[117.00829161653138,153.1383704192652],[116.94799188877799,153.15338726462903],[116.92664965362653,153.26048774762427],[116.94708341943911,153.28492994796028],[116.95809817581913,153.27126338090983]]],[[[116.39003854477284,153.35839624049748],[116.39957547584066,153.32662336308766],[116.38786375886906,153.3267603030425],[116.39003854477284,153.35839624049748]]],[[[116.44110374750025,153.35639557296304],[116.45113448505515,153.33294899129305],[116.4134609697709,153.32443263556223],[116.40719401396368,153.35238489472096],[116.44110374750025,153.35639557296304]]],[[[117.34796937338115,153.29078062277316],[117.3911457937094,153.26918362400062],[117.36056105888197,153.24497025004456],[117.39011565628164,153.17773217643213],[117.32126678157425,153.1421295854612],[117.31881102525836,153.19669019634762],[117.33288885908138,153.19950472368092],[117.32995989430958,153.2780748456074],[117.34796937338115,153.29078062277316]]],[[[116.76184064391674,153.34852306066523],[116.76161829818818,153.33562926728067],[116.75144020160084,153.3408510473605],[116.76184064391674,153.34852306066523]]],[[[115.88635931358759,153.44503763138783],[115.89637628241309,153.368566124665],[115.87587838386601,153.39680373946294],[115.8850791927575,153.41623765980626],[115.8677568143986,153.432194522839],[115.88635931358759,153.44503763138783]]],[[[117.24050326739362,153.38786147297293],[117.24604846364826,153.35909404797536],[117.23045176371176,153.36433040775051],[117.24050326739362,153.38786147297293]]],[[[117.85961917758553,153.33318077788022],[117.85759516374631,153.31014003407972],[117.83614811761659,153.31274613971323],[117.84269579309763,153.2963462886064],[117.81305160902821,153.29352587917617],[117.82514924477158,153.32992277954577],[117.85770645789631,153.34776321058513],[117.85961917758553,153.33318077788022]]],[[[121.24631974006186,153.18298857326084],[121.25656252247713,153.14313660390602],[121.24081674492017,153.13607349064148],[121.232833999012,153.17841065403428],[121.24631974006186,153.18298857326084]]],[[[117.06427781101632,153.4258178532859],[117.04144178662847,153.43296590326327],[117.04982733011191,153.45602638375038],[117.06427781101632,153.4258178532859]]],[[[117.32038660450502,153.4172687214613],[117.30988392718001,153.41207757449862],[117.30462912683325,153.43443478114546],[117.32038660450502,153.4172687214613]]],[[[116.71997304718806,153.4994886693778],[116.7093676921769,153.52897878755732],[116.721073667682,153.5241781238944],[116.71997304718806,153.4994886693778]]],[[[117.73086394346129,153.45109582091507],[117.71893737856507,153.44294188589004],[117.71766524500862,153.45421842287436],[117.73086394346129,153.45109582091507]]],[[[117.79929743478006,153.43288837426326],[117.81318978870948,153.3825037829808],[117.79374557679066,153.3761105906499],[117.78636236310817,153.32481101921962],[117.75958563842087,153.29511838690243],[117.74131897598465,153.3214105214189],[117.7690973309787,153.40801942088632],[117.78812511619776,153.41659757302017],[117.77597558987351,153.44165619062164],[117.79929743478006,153.43288837426326]]],[[[117.84393705968229,153.41907436826014],[117.81833189609648,153.41645905499124],[117.84599863655774,153.4508077945246],[117.84393705968229,153.41907436826014]]],[[[117.41372094568462,153.49663594934356],[117.42088306344243,153.4887312873343],[117.40610520121871,153.48157041401828],[117.41372094568462,153.49663594934356]]],[[[116.531099747703,153.6409237370757],[116.54159111394247,153.63436626825109],[116.52059637480272,153.62358036656306],[116.531099747703,153.6409237370757]]],[[[116.33327831062066,153.61186029444795],[116.33792994072593,153.67397931478175],[116.36067747257582,153.63676686222303],[116.33327831062066,153.61186029444795]]],[[[117.8794419640924,153.5441982885045],[117.87278376713348,153.49556644884646],[117.90981143674925,153.49812547815282],[117.94694745149371,153.45582932639013],[117.94667392748666,153.3992249408438],[117.9129458078043,153.42490737573323],[117.91144178540691,153.36301577285352],[117.85675147288327,153.40734365743032],[117.85746785254474,153.45805366490873],[117.83704027243591,153.47104931258585],[117.84958188589445,153.4996541515181],[117.83645760220338,153.53460994748082],[117.8794419640924,153.5441982885045]]],[[[116.48764787252549,153.7074052567906],[116.51579725587786,153.7023372263023],[116.50168065611908,153.6565875137284],[116.4804566578153,153.66645735015132],[116.48764787252549,153.7074052567906]]],[[[116.52869946265375,153.7051277241795],[116.520376779402,153.7375300793163],[116.53001672105817,153.734326586404],[116.52869946265375,153.7051277241795]]],[[[121.08093347285052,153.4570634671912],[121.06691297665671,153.42702453534957],[121.05800054606716,153.4418200856694],[121.08093347285052,153.4570634671912]]],[[[117.89489299669464,153.69829385483348],[117.93645769924228,153.67597916337905],[117.86925104485726,153.63708931034245],[117.84363917567381,153.66063974773556],[117.89489299669464,153.69829385483348]]],[[[118.96574294428274,153.61086769546569],[118.95573087814144,153.63682259536182],[118.97904524432167,153.61792490085494],[118.96574294428274,153.61086769546569]]],[[[118.96342083115269,153.6867896631339],[118.98605417444318,153.61889839295208],[118.95901079631662,153.6388955805863],[118.96342083115269,153.6867896631339]]],[[[117.32316115090686,153.88915111912468],[117.33668353264889,153.84651054328586],[117.30604044120142,153.86941182746386],[117.32316115090686,153.88915111912468]]],[[[118.41670040480832,153.81921142339363],[118.42624910221647,153.8087484859056],[118.40778869580271,153.80243510318698],[118.41670040480832,153.81921142339363]]],[[[117.22040888487575,153.93268379362925],[117.2273235603575,153.89222499931952],[117.19982799099924,153.92286676565504],[117.22040888487575,153.93268379362925]]],[[[117.44282107216367,153.91044465235413],[117.43124841599291,153.8877448750979],[117.41429042782516,153.93163779249],[117.44282107216367,153.91044465235413]]],[[[117.38752528273244,153.91561462172928],[117.39352223487498,153.9376915759862],[117.39727800571112,153.92206300414682],[117.38752528273244,153.91561462172928]]],[[[118.30938175828612,153.86291686321397],[118.30834154260921,153.82569865563667],[118.29059210933747,153.8583937515056],[118.30938175828612,153.86291686321397]]],[[[117.25156595233756,154.0504372909134],[117.26076930054717,154.050382777692],[117.26002490055811,153.97697835421087],[117.25156595233756,154.0504372909134]]],[[[116.96835833976404,154.1239791346116],[116.9795405681738,154.10402466258574],[116.96290043176288,154.10035443175352],[116.96835833976404,154.1239791346116]]],[[[118.58473410281252,154.26176679185312],[118.60336003849716,154.257560436078],[118.58912519204168,154.2020263596159],[118.57031146679655,154.19782932000888],[118.52373040578485,154.27846655513997],[118.5498631662999,154.29707295726763],[118.58473410281252,154.26176679185312]]],[[[119.47391199792646,154.22205395662263],[119.46143750901672,154.21667442389509],[119.45881300158354,154.2316146602504],[119.47391199792646,154.22205395662263]]],[[[119.19292129394671,154.28691189255542],[119.17915073580409,154.31704615901015],[119.19161933203253,154.31822503460882],[119.19292129394671,154.28691189255542]]],[[[119.41088911510073,154.27947477003585],[119.40509337183454,154.2953419731147],[119.41850229405847,154.287733514294],[119.41088911510073,154.27947477003585]]],[[[118.99263702193561,154.31112444326396],[118.97200889190212,154.33921058680355],[118.98015610683385,154.35760065158038],[118.99263702193561,154.31112444326396]]],[[[119.16248490641124,154.33844221062208],[119.17657618197049,154.31878750335812],[119.13462954153965,154.279678943285],[119.16248490641124,154.33844221062208]]],[[[117.09823659808389,154.51682156063757],[117.11909142478618,154.50084378188734],[117.08740165511945,154.4879064473883],[117.07937000712491,154.5575965360261],[117.09554782685066,154.5540198976185],[117.09823659808389,154.51682156063757]]],[[[118.35693626161347,154.41946761017275],[118.38663310160777,154.3997835606196],[118.36532385960356,154.39175186494091],[118.35693626161347,154.41946761017275]]],[[[118.17204957521632,154.4597464890215],[118.19038951398521,154.4349174613869],[118.12633480721638,154.36691427293744],[118.11653361220365,154.38700944780354],[118.17204957521632,154.4597464890215]]],[[[118.43732528657128,154.3941071707426],[118.40413032185148,154.33080848313529],[118.40216082694326,154.41135631239524],[118.41969799433485,154.43560694995273],[118.43732528657128,154.3941071707426]]],[[[118.41747695815707,154.44807735675238],[118.40352359787484,154.44079627086165],[118.39628472596871,154.49768000076438],[118.42026328750887,154.50187048241628],[118.41747695815707,154.44807735675238]]],[[[120.08540265714059,154.35369728012014],[120.08803503934128,154.3385013161864],[120.06129001484165,154.3521770369733],[120.06378189007557,154.394494745914],[120.08540265714059,154.35369728012014]]],[[[118.39719660075252,154.59680029595143],[118.4254243965122,154.5432551526946],[118.41791584512833,154.5212034008654],[118.39106258757715,154.55414105013784],[118.39719660075252,154.59680029595143]]],[[[118.82425912786046,154.5524830873893],[118.97304487121855,154.4604970381848],[118.99788895243447,154.4650120185749],[119.0104819603826,154.42810990165268],[118.99354825172945,154.41475233755563],[118.96218453223835,154.45856289211224],[118.9077130173923,154.4590096538634],[118.90298580190195,154.4831424362963],[118.86751318316935,154.48058005641164],[118.85135426250952,154.44497243614444],[118.8077450676281,154.45154983065038],[118.78329490212138,154.50787555058014],[118.78475931826233,154.55358814265605],[118.82425912786046,154.5524830873893]]],[[[119.01802475090292,154.57217978089963],[119.0385355117178,154.52282033318102],[119.00876289956551,154.49873206113472],[118.99822751701355,154.55039921926303],[119.01802475090292,154.57217978089963]]],[[[120.27839952180747,154.54214988067997],[120.26363701209786,154.53503543142395],[120.25962508414358,154.5485504948969],[120.27839952180747,154.54214988067997]]],[[[118.08254766634096,154.91695791769985],[118.06728476554588,154.9418536672115],[118.0739799622017,154.95022663603993],[118.08254766634096,154.91695791769985]]],[[[118.21684951023072,142.18241953297013],[117.61900600191174,140.59606127736495],[116.8774348537493,139.1204798518871],[116.71701762790802,138.677158551092],[116.24753482116935,137.12146312660943],[115.925184831235,136.2385801901792],[115.83225864198525,135.6633149962935],[115.44878328825733,133.2892581488654],[115.21538051911017,132.0714590818988],[115.20071571215061,131.8894764484584],[115.1588101845391,131.84383081623346],[114.97668779423465,131.57175125615805],[114.79006304083043,131.23320742480817],[114.67712157998953,131.08227986214274],[114.60876214298123,130.95797999451855],[113.98715992301989,130.62233774681508],[113.57844387100147,130.46753923094047],[113.36767433304294,130.35231145293508],[113.3231209825752,130.30866331674738],[112.94717363926756,130.1615475601825],[112.5733516922307,130.0931449788904],[112.33149945009207,130.07967520671153],[112.27387185821568,130.05359676066334],[112.07377243610368,130.03962720885247],[111.85276705111785,130.0481669144064],[111.62066944996148,130.09530996271937],[111.56325717236953,130.08029287167935],[111.43333538277336,130.0055026690936],[111.38901750060583,130.01262747430076],[111.26756176532743,129.96468863366752],[111.18807344502682,129.91598554165503],[111.10615188499887,129.84880304495655],[110.89360386649275,129.64790919432687],[110.68814870594093,129.43638977614515],[110.54821376974274,129.3425909459188],[110.51467394273924,129.33241223864354],[110.39866268823926,129.26189589111024],[110.14767446330862,129.0473280096741],[110.0584353355475,129.00413136162666],[110.02761388296362,128.9595839357731],[109.9210990261405,128.8666123563543],[109.89521869836098,128.75020303948236],[109.73046400142977,128.45062849722513],[109.43245963535884,128.22088062144746],[109.32444485410214,128.09663807224968],[109.20796075506072,127.85385337020239],[109.12775222372898,127.55123897518949],[109.0811560173874,127.25525449486942],[109.06680831893561,126.99558475638945],[109.00283385827474,126.35538103699774],[109.00044926612685,126.23071997108738],[108.96561894433108,125.92250208880562],[108.90654062051935,125.82089331820467],[108.83759130703643,125.76639274008336],[108.82874098897383,125.65478246602662],[108.74891724713365,125.53934473794575],[108.67540453632382,125.33915184755688],[108.6506510311069,125.16633432369208],[108.66089633242349,125.09982036111963],[108.5212884673631,124.89693297286557],[108.49567389820572,124.79717324327913],[108.40935843505541,124.7351812531273],[108.36482321794037,124.56973057380094],[108.3204632306909,124.53367992161562],[108.32060469204893,124.60020699056821],[108.21043598873297,124.6634869102651],[108.13765029635354,124.62107905623438],[108.0578443000754,124.42854277189657],[108.0353082444449,124.33735293271594],[108.02225915915353,124.34695790544149],[107.99304499004276,124.27430731457343],[107.96001470345581,124.28798475817557],[107.9392798211604,124.2404100265969],[107.87191774212215,124.18765910233236],[107.8923684101288,124.26803878586524],[107.87554540797429,124.32705410893224],[107.88566937571419,124.33449982225697],[107.87201631763321,124.5165280259585],[107.81244598944554,124.63074553141084],[107.73444007919613,124.65442886792276],[107.70984706994923,124.55774107784114],[107.68093103975721,124.54378029216704],[107.6733834899062,124.4932600176575],[107.66918723899003,124.53205676602866],[107.59058291856849,124.51344699051964],[107.49187693856354,124.41924644773803],[107.47640573154263,124.48202747830437],[107.42377139104428,124.50552878040074],[107.39521321063651,124.43894665253694],[107.28112205493167,124.42887822821889],[107.2099308942482,124.3666182636629],[107.18251761562055,124.28679328831177],[107.19784979276898,124.23566643999797],[107.17155259186862,124.16678913163138],[107.15914765557113,124.1706820078685],[107.17068958367545,124.20651720257737],[107.12602403711679,124.23667912883289],[107.08929778951288,124.16749154712568],[107.08239680162792,124.2205654981434],[106.93451218008238,124.26037834887069],[106.90017252420961,124.2175174363437],[106.90007474287475,124.18705524053101],[106.88940445785167,124.19915838132032],[106.8182448992134,124.10618826468792],[106.78972180812158,124.0359885960743],[106.79541831866914,123.93600879909567],[106.77805940771857,123.94257101450211],[106.75800308932128,123.90858638800101],[106.73445834873691,123.9558769759571],[106.71057934701281,123.88175419430549],[106.69922972055345,123.89847583185096],[106.68787505882693,123.83880848306455],[106.66666704695552,123.86582873316084],[106.65517256307969,123.82250969685336],[106.63744919783788,123.82962281506343],[106.61187571001375,123.77658504580099],[106.61519803445415,123.83085316713985],[106.59781643578135,123.83663045502155],[106.61459809773956,123.85443913100218],[106.62682943942296,123.90256035144981],[106.61369087906857,124.12881949654643],[106.58182808012916,124.25550611098004],[106.5494176836507,124.30248833019277],[106.46231290799554,124.20477000395516],[106.43496237444138,124.10523758467113],[106.4374091400604,124.05975465555562],[106.41235475945973,124.0461373845962],[106.39169816607823,123.9879340076279],[106.37143976458353,123.98123942557527],[106.32570247026382,123.87823322923249],[106.23921865416699,123.95383290149017],[106.22056495420202,123.93284246882158],[106.18373565183198,123.79955982795192],[106.17058932668424,123.87326380832361],[106.08678580412895,123.93860812796751],[106.0568264069042,123.87168218719549],[106.02441716813667,123.89653307940219],[105.98296163032246,123.85102621121206],[105.9235856858374,123.83673219923114],[105.90517769955906,123.78369310188936],[105.857255909377,123.75295575001294],[105.85084021570856,123.7012549573765],[105.81797356474071,123.64331322516144],[105.76529229813374,123.62445371467356],[105.74764766126724,123.59301545930798],[105.7256003827446,123.50390601917135],[105.6775470190625,123.52680939840889],[105.63792151350094,123.49260664099134],[105.63113630543901,123.45279889463527],[105.59503565276859,123.43754889466484],[105.56068096401461,123.38882073862322],[105.55918748297802,123.36720801468957],[105.46951544436311,123.30798073700453],[105.42433103677078,123.30029139411681],[105.35852662960502,123.14390019269075],[105.14521898261029,122.97636860513569],[105.10147243289624,122.888054541271],[105.10075885358262,122.81633568375699],[105.00734601174321,122.6453336849924],[104.99967011318542,122.60614182163681],[104.98190809101376,122.60333978010777],[104.9694084266157,122.5673781855804],[104.86748909544077,122.56504334107333],[104.77593236414086,122.52571019415454],[104.72165095046476,122.47260661217456],[104.66053086841214,122.36696216472703],[104.59184569819831,122.39834499623704],[104.53555581899741,122.30634377748996],[104.52662933961014,122.2474717228022],[104.4817641731015,122.13828509001736],[104.46842688030844,122.14720848538369],[104.39892394281648,122.09278155439179],[104.3392508611198,121.97773326661127],[104.30945286636695,121.84276333271455],[104.27520211420129,121.77056263298184],[104.25412028867446,121.69177823956025],[104.16983792042129,121.54443481658504],[104.14607606377753,121.47285426095604],[104.1494827863303,121.44410837580251],[104.08363140900482,121.27078599774005],[104.07584324147997,121.21478548521651],[104.08404385417683,121.21046126312558],[104.00262388960894,120.92507151627512],[103.96333498470433,120.68925999643727],[103.95673002836457,120.53238646384614],[103.98479714223724,120.48442871038391],[104.01492214983536,120.52767667051799],[104.01122570836304,120.48513835019997],[103.9885283317713,120.4670927791581],[103.95129122377855,120.37548174588234],[103.9159543885199,120.37707628434416],[103.93197676698519,120.41058286482604],[103.92695007223779,120.45978563518315],[103.893398514228,120.42868112597229],[103.88838193908005,120.45434919424224],[103.8470973653842,120.38050923093488],[103.82175185701466,120.241108139197],[103.83229357889687,120.22870366852224],[103.82406079573894,120.14421139577063],[103.83989548057264,120.14360999967043],[103.81334841688188,120.11802381206007],[103.79412076693527,120.02154605097637],[103.77042110200289,120.03396704468202],[103.78357374302948,120.09855828736286],[103.76909650731366,120.11793731615676],[103.73744839633935,120.09598319387268],[103.68803259990624,119.99224541739781],[103.68767199726986,119.85150691016135],[103.65895106380677,119.81122111462457],[103.6492838732491,119.76399119508235],[103.61908218395247,119.74070009839062],[103.64072685244771,119.8037275485314],[103.62415844546292,119.84449416252994],[103.58993581931773,119.85239200810075],[103.58024489538188,119.81893708240048],[103.55453669492655,119.80129820208349],[103.5546745641093,119.83004477867416],[103.48452384795527,119.84639062342283],[103.34927761941013,119.74579847805276],[103.31530122684445,119.67885067143759],[103.30362899667573,119.56918465543204],[103.24476952968975,119.5183723114777],[103.20046716995016,119.44457578201761],[103.15355731396446,119.33711670548583],[103.11835594274152,119.2009105269416],[103.12045179236097,119.13385778190178],[103.15104492434708,119.12238244904584],[103.11717788838098,119.05417281553873],[103.08085526811777,118.90541682786142],[103.03077773155812,118.82579930056764],[103.01180640676418,118.72618825755879],[102.98658047126348,118.72070109959111],[102.82927452926607,118.36771360287312],[102.79276545207692,118.18589021867741],[102.77941017262538,118.05305215123093],[102.78009196864755,117.86627251835912],[102.80550059285774,117.8713681265848],[102.8120852928224,117.81577072104609],[102.78771378517693,117.7717253816952],[102.783005132596,117.7210966399763],[102.76382633726546,117.75926229302553],[102.69196487249621,117.69632078587648],[102.68650836714386,117.65947573368297],[102.6469005993029,117.6365161315953],[102.60112148480555,117.5291762929809],[102.59973509972913,117.48078825777506],[102.56497773038892,117.44896570550739],[102.56490159743552,117.35589013637065],[102.60369683077815,117.34964090203441],[102.5922876985637,117.18430125503805],[102.5731605137292,117.19828321629959],[102.56230736510047,117.25470499227933],[102.49975554299171,117.23280524154389],[102.4677680641481,117.1762429319004],[102.44237648958787,117.07286814956701],[102.40126189752549,117.0312523077184],[102.39698165654404,117.05671533820839],[102.368767374188,117.01251016118844],[102.3462154997621,117.05233732407748],[102.31425258878978,116.93615994946833],[102.32277673708307,116.92946186811838],[102.29726661036086,116.88506141913473],[102.22954600326857,116.8948156378112],[102.20575485908404,116.81351887233825],[102.25276798530217,116.74957724848468],[102.29582541231373,116.75135872777844],[102.31630500993879,116.82057824749893],[102.29415255735844,116.84009177566912],[102.33349814638851,116.8380705160746],[102.32276516518685,116.74597499750212],[102.37833006684347,116.74323209243583],[102.40517398691827,116.78961178851665],[102.42274148998901,116.7586790523161],[102.36075944557876,116.72086691048366],[102.35898099424848,116.68716555273959],[102.31756833272681,116.62274907124304],[102.32198953929412,116.64373276217034],[102.26869540068441,116.64501305329405],[102.25089331681707,116.60943250671704],[102.22348348445173,116.64783972115596],[102.20833889586737,116.63548725595021],[102.19286096174238,116.67307295907315],[102.07791859112383,116.74946608741755],[102.00468920422111,116.74922796050868],[101.98817438425532,116.72115199796647],[101.95586040526592,116.73097833815575],[101.90387442323728,116.65567682584086],[101.90566463093631,116.59048817199997],[101.88313696024886,116.5665992743655],[101.86135078469025,116.48396213291187],[101.8759598706576,116.45111282147263],[101.8666386226726,116.420231921997],[101.85718832305838,116.4368941535092],[101.82868656086538,116.40828069232282],[101.82832602993187,116.46029210383736],[101.77420256899777,116.52371721176954],[101.70748286213234,116.53560933907531],[101.70279879912235,116.50928046974045],[101.66041296812817,116.48206140058005],[101.6658332149292,116.50548930663618],[101.50772511597319,116.62366317612371],[101.4644534748928,116.59164790932311],[101.46541042060213,116.55787008378215],[101.4443687151782,116.52338913023831],[101.37635900579556,116.56487150810656],[101.33756584499662,116.52379951012514],[101.28040656942736,116.53761984130522],[101.21309659059003,116.47189519428892],[101.18415175574003,116.3626842986917],[101.11823591961647,116.42380615610108],[101.08028136227233,116.40565640002765],[101.02695786186666,116.40841805562414],[101.00358262401589,116.37180196708309],[100.91825505750373,116.37955704205775],[100.87879776594379,116.31672979559167],[100.84890617464376,116.21497930332006],[100.80143871750195,116.2455219691374],[100.76601386538175,116.21315211483513],[100.74554142436267,116.24509081384059],[100.72530770511017,116.22888622067231],[100.67634594347314,116.28250454361505],[100.61349843458427,116.25667250334229],[100.59304672108651,116.21138840145738],[100.60379321498155,116.21182249065231],[100.57319257595523,116.16970717029214],[100.54955981225376,116.19764249497965],[100.42156572971888,116.05410649844048],[100.43046490131917,116.09496220650851],[100.40064288832653,116.12844793611308],[100.37875618912047,116.1114087972822],[100.30393252591276,116.16901928650313],[100.26700247588349,116.1500827127666],[100.2497471354703,116.11270860128704],[100.22991737940058,116.11871526603666],[100.09869714356392,116.28486988923349],[99.90622359769621,116.41311943210995],[99.78226547302506,116.43356789727841],[99.7222917763599,116.39700488686657],[99.62838871853882,116.39215208932504],[99.58576785574675,116.35732894913917],[99.59781054140385,116.43611908761332],[99.55474241598617,116.5872947250364],[99.55513824819077,116.69183264103378],[99.30606937782724,117.23724614693444],[99.18893352504251,117.35876129490613],[99.15729055256583,117.32621819147212],[99.1450546302961,117.38704014058709],[99.01201844565387,117.49267758318875],[98.94228844466636,117.50967580260493],[98.8318477825177,117.48240929627215],[98.69230686170398,117.37814910060526],[98.63964731891497,117.22628171991548],[98.61546914871624,117.21638549559262],[98.52119541549372,117.48136798725781],[98.54437429620543,117.53390312590571],[98.54130770492816,117.57098042846408],[98.57817892079385,117.65371683827495],[98.58689094190618,117.81502116011643],[98.57145818798232,117.90793835442689],[98.6017015098547,117.97565376923487],[98.63876888067995,118.16892265727708],[98.63968977492928,118.29191287003447],[98.66514450880263,118.3460475880702],[98.69873254121391,118.59985749568912],[98.71488861864827,118.60841526951995],[98.77815673638185,118.8235519970948],[98.80287330372437,119.09133453325236],[98.81903658298452,119.09431322182479],[98.84966183707255,119.18962541400205],[98.89356815879302,119.24448365966057],[98.92064026665071,119.31669754539466],[98.9505943717314,119.60602613511475],[98.98918398357158,119.6165333383846],[98.98593851092264,119.58922201045559],[99.02017563035983,119.59942337209263],[99.05045781397067,119.55288513241888],[99.06490852675083,119.41152787256613],[99.18210396454698,119.38774829940799],[99.33249291779485,119.46084798166777],[99.42269362860591,119.54340185352473],[99.51645456788971,119.66221117498387],[99.82094911354767,120.20558555239148],[100.01129141211169,120.69042069492185],[100.02447843945106,120.66664447906508],[100.08801298809641,120.78311660853015],[100.20259384684995,121.25121231959015],[100.26623289747654,121.63647911093781],[100.37360438178116,122.53700806443928],[100.4502876187643,122.7605449502661],[100.4592246967837,122.81549569621964],[100.54803934563859,123.11587142072219],[100.57674879750883,123.15102082098807],[100.59372526234034,123.22064770348928],[100.62314261899566,123.5154766825436],[100.5983662186183,123.60849194610702],[100.62838266492217,123.66923713557088],[100.63948280423907,123.77228382467956],[100.6314416472124,123.81744820183032],[100.60271699123992,123.80629578929833],[100.6008963745462,123.9039522589634],[100.63383416522444,123.91941344823425],[100.67298898106233,124.03391229481284],[100.67915866387796,124.11820932000323],[100.70455848206423,124.23234120727477],[100.7063803779445,124.39776536636418],[100.6917552955244,124.40659945043404],[100.70711209430348,124.46835904132796],[100.70558638521989,124.59916847098857],[100.68753208785803,124.60176724459471],[100.71834541438251,124.67659115492117],[100.76456383900337,125.00611956024227],[100.74999624403695,125.05176588598796],[100.7608358890341,125.09197600691367],[100.7465151715396,125.29623289875009],[100.69507906098329,125.47955481255589],[100.6814182312828,125.49093361224608],[100.6658503297729,125.60098531346094],[100.59186743407031,125.78629169639254],[100.5721529356374,126.02477620366214],[100.5374619517148,126.14962859040908],[100.53729707763823,126.23829352254197],[100.5001034797514,126.34994479200648],[100.4351914281323,126.42644072805001],[100.37646346521254,126.42158016127901],[100.38079247582257,126.48057208886092],[100.22961823809624,126.7966045298258],[100.19933647654102,126.81065318445894],[100.21568117548128,126.86954876286738],[100.16534564234624,126.92244623303651],[100.14721562863042,126.91714300982125],[100.17674063204439,126.98507225992631],[100.14116922163853,127.0708612086022],[100.13278106767709,127.22494937401703],[100.0920216980247,127.2487219235651],[100.13905834090629,127.3150047610179],[100.11511556770608,127.40117407004703],[100.05327840693668,127.39661985028265],[100.04765504657048,127.43330711112986],[100.07937368914264,127.53125901105973],[100.04313049795317,127.66477493539698],[100.01186454008284,127.6621218529582],[99.99217779915118,127.71657164287468],[100.02125554354295,127.78728807942453],[100.0112385596423,127.8450458805255],[100.05715175857564,127.97405559631612],[100.06020509766967,128.09397827341903],[100.03164194301009,128.15104694404744],[100.0304868821146,128.3770930038679],[100.08500950528904,128.61432581200944],[100.13425205093901,128.74092576525277],[100.06346708847875,128.88618402865458],[100.07202745881132,128.94469227005266],[99.99418221492273,129.07344117317243],[100.01046178901859,129.0911431547614],[99.92890675291991,129.3328231781552],[99.8542457688972,129.39773440521185],[99.47806694541148,129.6146096000561],[99.44291860327118,129.7397820450774],[99.37118966862803,129.73582452122704],[99.44328002488146,129.78327810827452],[99.46559855167686,129.8784879222423],[99.44254308956795,129.92747050533413],[99.45884262707878,129.97256919661646],[99.40893867366651,130.09275188485466],[99.2362514493403,130.27733518283912],[99.12544936591424,130.3312775338988],[99.0808014042695,130.40604035828954],[98.97929193451665,130.47314850221426],[98.91756239003581,130.539952208174],[98.75201704027867,130.56804707651042],[98.65636012942599,130.64414674786104],[98.61759725547839,130.6474543960647],[98.43528239192636,130.98734733575031],[98.48186121723644,131.11266943551175],[98.57950808681808,131.23370070979507],[98.42433961921787,131.49607375817908],[98.1914747751666,131.7129172426026],[97.64990658313627,132.10814679646674],[97.38523529569275,132.25814208972233],[96.92831643355439,132.47272052757003],[96.24234645716288,132.67643836165382],[96.26786893367094,132.68789887186168],[96.22783611980185,132.74117763555972],[96.24614036932101,132.75636305894625],[96.18424767140255,132.82331824982043],[96.07035452236534,132.89000171323966],[95.85038088183632,132.96612033627346],[95.8666172300297,132.98171150255217],[95.96156216663313,132.9562220205353],[96.13307355465486,132.96657167299708],[96.15443116481211,132.8995471772768],[96.17627586807879,132.91005549165456],[96.20834461539357,133.14095145547836],[96.18682058646976,133.20439048853393],[96.22453313577485,133.24847973960877],[96.26957874517366,133.1472114643899],[96.30646660912527,132.9477154611558],[96.2903873119093,132.9279354554646],[96.33500637470242,132.82895269020642],[96.31102117238672,132.81258856109457],[96.3185208885608,132.78677375239207],[96.37481872576267,132.7891391713103],[96.38946089027482,132.81081803296036],[96.42268753570912,132.7834776749586],[96.40212394702675,132.75007836399658],[96.43688648817027,132.74218232576197],[96.44026347014822,132.7177017636846],[96.47295998406845,132.74401635440873],[96.491565388662,132.72712938245095],[96.46933127223113,132.7829651535301],[96.43739119535459,132.78138621818894],[96.39097234720538,132.85660404958185],[96.34592107155501,132.85136268470973],[96.41823626584085,132.9571709352303],[96.4118962524291,132.99607278155247],[96.45627390040846,133.00978455394275],[96.44887016195807,133.14041326645713],[96.46647106339549,133.15628324439905],[96.42841974589777,133.1697677366257],[96.43934753021455,133.19977386062905],[96.38694488834054,133.2090532662457],[96.4100548051039,133.23030945620457],[96.3805863743465,133.27365031560967],[96.39746269186463,133.28261101906048],[96.46624256728464,133.21912867772733],[96.4549998635936,133.1971472255214],[96.49185711693576,133.15790577424144],[96.58028185189956,133.13963179044134],[96.5611462458682,133.11244297664786],[96.63078719607287,133.1013767944187],[96.63560215263462,133.04055057088257],[96.66598398203934,133.03320468201224],[96.67486420609671,132.98778638749383],[96.72268120216046,132.97149887659666],[96.73330451393056,132.89940531382507],[96.77665868253962,132.88572258549829],[96.74876578973615,132.84829171749342],[96.79888253999422,132.84873580391522],[96.78948467102187,132.79229640062184],[96.7728949576317,132.82185889609127],[96.74208159503515,132.80713359243398],[96.79072157937466,132.7624712115994],[96.7450901153885,132.73375001432666],[96.72438344359222,132.66743752236152],[96.75286762129411,132.65767330335595],[96.77420667367667,132.66731132931187],[96.79792939526607,132.74879055773508],[96.85345649769641,132.8714261232714],[96.81280589661652,132.89279409335393],[96.82122269415552,132.91623539524596],[96.76217460293576,132.92114692149528],[96.81404603264396,132.9446080563214],[96.8068710101077,132.9809394093397],[96.87328040974933,132.9840303394712],[96.89825601214658,132.96167085470765],[96.88151631595403,132.94064289709485],[96.9382076653045,132.8942017258044],[96.91129623781575,132.84733729463807],[96.96286791395607,132.779807932715],[96.9259347076506,132.7183011236711],[96.9556146873256,132.68747586563524],[96.98886385278779,132.69174406781661],[96.94970583303518,132.56283655475406],[96.9836156911242,132.5672316471263],[97.05510662622945,132.5285348855325],[97.07846436803044,132.54550366858876],[97.02747580714536,132.5654969742728],[97.05415099368383,132.63256723474979],[97.03692055925586,132.67788448669376],[97.10742805336324,132.6947014078247],[97.10065735590462,132.6807412262387],[97.11277665080726,132.65394674680888],[97.11079480455106,132.6944172401184],[97.10085382561141,132.72489919375928],[97.13238329919608,132.7712168018018],[97.15467637376636,132.71666998420443],[97.12888866808038,132.60365486810636],[97.15450788029055,132.55016350109594],[97.18768036067453,132.556099417731],[97.20137572317134,132.58913247163082],[97.23222682022801,132.5788493749211],[97.21299924912623,132.56643969736473],[97.23245032045746,132.47614157737252],[97.3128897423592,132.51960723454152],[97.32439516655964,132.50821767238355],[97.33796250310489,132.51974561584328],[97.29683561264444,132.52798881384382],[97.32539043778678,132.5486513900754],[97.30066071279325,132.54046397318422],[97.31424174159554,132.57634588513875],[97.28862824723134,132.59720660208126],[97.34036769097122,132.5908997450918],[97.46050533164995,132.6210931904995],[97.5008470566462,132.66422368190092],[97.60404364780408,132.65021393203062],[97.62515096733333,132.66572533894384],[97.61656619663555,132.70377050685966],[97.67230036030423,132.75459064735634],[97.75225804149318,132.79338930137487],[97.80750284446245,132.85645607446043],[97.79555618633374,132.9774155928714],[97.76362345569503,132.99777102517473],[97.80156154666093,133.0515339558965],[97.79506377896635,133.0957633660082],[97.74383886558951,133.131073568114],[97.56337598153077,133.1793916028979],[97.27096905209993,133.169050007853],[97.26774683624794,133.2153377712475],[97.14608512465816,133.26395304046946],[97.13692913879419,133.2836183906952],[97.07085877946567,133.28939283566723],[97.08630464444252,133.30436811652564],[96.978676537652,133.28686254547125],[96.94103629317686,133.35805953394734],[96.96079504069229,133.4069118457194],[96.92071298632963,133.4220072374859],[96.9055547708355,133.50532616204544],[96.80206791972805,133.515232331136],[96.82042809947775,133.57220865192022],[96.78563338464461,133.61279326054174],[96.65382620084831,133.64978393212118],[96.6906092661092,133.69548736944682],[96.64355848892886,133.77166055073553],[96.67297270895082,133.77083467260493],[96.6354219159457,133.78513875441553],[96.67171269710977,133.79693474171813],[96.61787234679286,133.8003290964842],[96.59566626802456,133.78580215128744],[96.62832865914251,133.78734856095264],[96.604148805984,133.77273888763204],[96.63899394097697,133.74973543075095],[96.61169218013485,133.718902384852],[96.65050093742536,133.73512180495723],[96.62438106400418,133.70893266498558],[96.6658736368568,133.68700845235364],[96.51438263530954,133.74772594483164],[96.53579070737717,133.91712441250348],[96.55732195780607,133.9275767451026],[96.60336508646785,134.0346994464262],[96.63445131529869,134.05372406557353],[96.67572894394746,134.1420070728845],[96.72350375679605,134.03686464796274],[96.80664670303432,133.96778859173696],[96.89888562422033,133.96811842982135],[96.91765846142098,134.00069818995468],[97.02696748333553,133.87090354388604],[97.16819830506547,133.8497770473473],[97.27987246144947,133.80580128406243],[97.3375062353536,133.81840354691474],[97.33688847927914,133.7310858003653],[97.36263222343977,133.7100296318764],[97.44858962865985,133.7148220793892],[97.41359863418296,133.63690607288174],[97.38705500788981,133.62262781186368],[97.38266261829202,133.4983882013633],[97.29306257388058,133.43235897428656],[97.31925396764535,133.28080282987503],[97.32347973657807,133.29168434381643],[97.37476496902796,133.24724881401636],[97.35718945878976,133.21863920790852],[97.39433359822638,133.2095435507935],[97.44145441939915,133.23485006892167],[97.44267783678133,133.2543806637982],[97.46716792540019,133.2189069561121],[97.540459194237,133.2417275281176],[97.77219895589263,133.4954083864365],[97.78396045926515,133.56045245248177],[97.72719151838201,133.65825919099404],[97.75843057766883,133.68115021174563],[97.76182701127044,133.67003636267836],[97.83671047952834,133.67534626041845],[97.85907734017397,133.64666126261443],[97.811077913579,133.55105921695449],[97.84679223728844,133.53607679787973],[97.85648510179175,133.43643003987404],[97.90885682354886,133.4302614000776],[97.93116568521745,133.44111779476455],[97.95481600727342,133.42642680919147],[97.92083072341873,133.3493463420943],[97.94516942145162,133.30101331642607],[97.99138000426268,133.28253065204018],[97.96859574661602,133.2426708258924],[98.01426711580775,133.2129254195824],[98.05301813011155,133.13084806880136],[98.30761375714661,133.04472552282562],[98.31211991730481,133.0174361309713],[98.34592260722485,133.0230603859011],[98.52025443770438,133.14617261200533],[98.5455384121205,133.18163042897731],[98.6609118515937,133.23303478200728],[98.67452070430133,133.28159290587865],[98.73079589385193,133.336749495146],[98.73053117703006,133.37987936056987],[98.63903124498495,133.41904387425362],[98.64212519502323,133.45077419931414],[98.60511655834873,133.47353366779652],[98.60172322650519,133.52574219336984],[98.65296400304331,133.55239206309955],[98.6853454365904,133.6173858539174],[98.70461861332464,133.6130922757419],[98.68577059269951,133.60514007745516],[98.6921552484435,133.54984850720896],[98.76727315216891,133.58026316652027],[98.71846677260336,133.62626470211868],[98.72523225884547,133.69526815576867],[98.64356166126498,133.73954463062893],[98.60308591941372,133.80296810122445],[98.66560030273084,133.83822696027266],[98.68007839885738,133.81355246779134],[98.76860227850779,133.82892457750773],[98.74244604388204,133.9224873836004],[98.79075452090615,133.98637907253138],[98.69794258195442,133.98480472013256],[98.6839499605291,134.0023275731524],[98.64605452050193,134.00078385601932],[98.36633107854155,134.1173592388302],[98.38531974077522,134.13120895993137],[98.28350302188827,134.17679060413263],[98.12176907296697,134.1973578621431],[98.06074856785065,134.24765626760552],[98.02026145826018,134.25101262610542],[98.04895985292188,134.25108148443923],[97.99871329421416,134.27035917050176],[98.04692747467362,134.2566247028674],[97.99001498508261,134.2736863121636],[97.94670352219305,134.32569320657583],[97.78320548883787,134.4368772371929],[97.80396814685295,134.4349192959669],[97.78380372990412,134.4611567318339],[97.64987103129533,134.51223595555302],[97.67580665005586,134.5299451411661],[97.6136587132896,134.56488322028179],[97.58587947667641,134.61939331392801],[97.49089807651929,134.66373346209653],[97.51094362686861,134.68032828899564],[97.41400435685243,134.71113282573043],[97.43348164423045,134.71862524761616],[97.38093438037097,134.78451493914037],[97.26402181425343,134.84647216611273],[97.09563596142645,134.85627476997524],[96.95536608293132,134.89554190422757],[96.83470791347754,134.9823481495911],[96.80258282659895,135.0607025775055],[96.84738978071496,135.13274012075902],[96.78884594740096,135.16459609941165],[96.72891251353042,135.15642047347313],[96.74532491572342,135.18051198258115],[96.73748499572736,135.18449847238844],[96.71047778402544,135.18376253704747],[96.7070832162234,135.15397527379537],[96.6601753653751,135.17905806948127],[96.66444106374439,135.2030656771455],[96.63169986141983,135.20210021580584],[96.62753949343724,135.34351737790132],[96.59036433953494,135.37983961948868],[96.15052183800323,135.56640673046996],[95.95288787553477,135.62917532495092],[95.87928445285732,135.6763332328436],[95.81715470736945,135.80530580276803],[95.76512262233213,136.02176640774906],[95.68348010046942,136.14195768635295],[95.73410794735481,136.1522310487159],[95.80192945544894,136.2453505183241],[95.7852999650745,136.3103996531644],[95.68484385594176,136.39997054946357],[95.70269956502908,136.42177030731037],[95.66479832233145,136.48767947389814],[95.67995737041105,136.51029290487747],[95.7252954614245,136.51956398924185],[95.75190442055907,136.65117390260963],[95.71114108331305,136.774565930536],[95.79891565343407,136.88946143610428],[95.78744250643622,136.98313922138033],[95.8222547191759,137.0541031187817],[95.86280910519115,137.05880936851463],[95.92370673318845,137.1983776263409],[95.91657890413144,137.26563935516407],[95.94846795875239,137.29308796281245],[95.94280363555485,137.33297853166684],[96.02660659567044,137.40863934719013],[96.14680768480207,137.4774730321173],[96.28342384376141,137.62085835741289],[96.29793312810904,137.6790064633902],[96.2449389272141,137.88342162178165],[96.26229786265972,137.89236567940955],[96.22832206959879,138.0536164715089],[96.13215933315806,138.162389959914],[96.11635555032726,138.21295539755408],[96.09368868883632,138.22033141200797],[96.07171742225646,138.30775119217603],[96.04725182805464,138.31290788350367],[96.16335072675298,138.3869199434075],[96.17952172881431,138.45478516481907],[96.06836877559803,138.6665590432068],[96.0146690521388,138.69459683746356],[95.87345120246194,138.8478972103771],[95.76232943089242,138.9140666153189],[95.66451722250241,138.94299683612243],[95.58252949482277,138.9225272603612],[95.56113602804001,138.93020014220917],[95.57197992967883,139.01770057413722],[95.50152774141613,139.0695846256686],[95.49659479116517,139.1213737260698],[95.43571741353219,139.1377109266339],[95.44590434353778,139.1932400350821],[95.51521626224239,139.21482864616425],[95.55940829272122,139.26932716921655],[95.5282160315155,139.28862077419657],[95.56845414984888,139.2932195402032],[95.60193921622404,139.38018202666527],[95.58644806274667,139.43886288831996],[95.65065321629763,139.4968124301524],[95.73083943993154,139.67182538159227],[95.71879113975928,139.72453810902107],[95.76865925897496,139.96425831973588],[95.83605991919042,140.13344882309812],[95.82161389224544,140.1741348100572],[95.88258867053015,140.23751929959667],[95.92940727641917,140.3443162097922],[96.19226424599326,140.48673438132457],[96.25746975581347,140.48893902271638],[96.33685076160754,140.52862820604085],[96.42394469038761,140.48939737027982],[96.34071558458527,140.39654441229231],[96.36420170064324,140.27360778889604],[96.32644425397066,139.9244116409804],[96.36074826424299,139.86671467544613],[96.45817696980288,139.820236740086],[96.47678876801535,139.79105990480645],[96.53298996758821,139.7673060285404],[96.53607864684258,139.66042308874648],[96.60126456724186,139.70821661503666],[96.67738152852749,139.71244160832623],[96.71411431566372,139.64989253525286],[96.63245093281162,139.54640540544938],[96.6511596895442,139.55664604288071],[96.59547804411491,139.5203417158064],[96.63051124197541,139.42759851983865],[96.7383591063629,139.36019161357893],[96.83563974886754,139.37088938867552],[96.90125694381716,139.4157834132497],[96.89657898155777,139.48058561763924],[96.93912956288032,139.48158094887873],[97.03417115916102,139.53216935461123],[97.13178855967006,139.5301468596437],[97.18654055157401,139.4548329813409],[97.23613531183415,139.45943382405676],[97.26673597976605,139.44452866944363],[97.31001975420233,139.46905673787126],[97.33992637647673,139.5228469416487],[97.30000373256365,139.54482860174767],[97.32146870401931,139.56862138754167],[97.30756857819607,139.67876051739472],[97.3331323510196,139.7057695853284],[97.31159124483244,139.72625373388587],[97.36346918884954,139.7996174523274],[97.33532183198346,139.81973516832784],[97.34583166301523,139.83678167602778],[97.41051301402845,139.83687146826696],[97.38125776659642,139.84986261652506],[97.41193925263667,139.85216686472165],[97.35627641223894,139.86768886196643],[97.3586931426129,139.93238872547605],[97.39142064054252,139.93006973860778],[97.39189340958465,139.94157474540413],[97.44023814035236,139.94416156462074],[97.33707619816616,140.00964865942714],[97.42643020462381,140.02108661075687],[97.43225889752921,140.0374926731407],[97.46565211193538,140.03118716168456],[97.44783665151176,140.0788713563672],[97.48654543937515,140.08301340066376],[97.49208134741743,140.14838373563245],[97.44807876898632,140.17236521637514],[97.49678251157533,140.1776302369696],[97.53236428088509,140.19406174929583],[97.53284587844568,140.25579644939123],[97.5741888274306,140.2701716138848],[97.55325084147674,140.28799948090528],[97.65543526633863,140.3251106855428],[97.64151690908007,140.38479528467144],[97.69449313245583,140.4503044735778],[97.66060705435717,140.54805586386578],[97.83915502175924,140.64655690553738],[97.96749253420836,140.66441719545296],[98.13735443603902,140.75193130347338],[98.30201852974831,140.8655565991164],[98.35559762578299,140.87054303069795],[98.43881793610954,140.91265611605763],[98.4968581206296,140.89995501064496],[98.65391403229525,140.91198328326894],[98.78917689597367,141.00622453270753],[98.85684575690989,140.99109352844553],[98.9992014473537,141.0630546259574],[99.03366657851205,141.08913979827102],[99.03594396864077,141.08265568593592],[99.05238136545086,141.08272721810565],[99.09148591795778,141.13708022034174],[99.11883749103318,141.1206910629549],[99.23776005331497,141.14758496744503],[99.44332521095319,141.30592577652357],[99.47353518121743,141.3475915139427],[99.53425363763877,141.37788585834917],[99.52741688908165,141.35923071832593],[99.57122532982211,141.35733798950287],[99.60926118408742,141.44156287082265],[99.85856121167089,141.74468902432974],[99.91567468954692,141.76050497452908],[99.95170404301439,141.82565121703306],[100.00053252274819,141.8238694680528],[100.04572088343625,141.859063315362],[100.0552648253155,141.89169936641747],[100.19121642139899,141.9348282424169],[100.22347898131265,141.98309214709872],[100.20152778148106,142.00733855751005],[100.22422456237027,142.0199766980829],[100.27057571671708,142.1498307405105],[100.36103561390752,142.24473376260124],[100.51304015778281,142.33064197538536],[100.76453098839102,142.44122520413805],[100.86297243908312,142.46796781284195],[100.92003113423662,142.52083779550418],[100.96128845253017,142.51634210899823],[100.97834161323377,142.54092514803557],[100.9633628438155,142.63624490287316],[100.99016392340928,142.65186651089593],[100.96080689027644,142.65492583712998],[100.97764250697537,142.74410607842162],[101.06347161311294,142.71869260911484],[101.11122267875476,142.7318242055774],[101.2088432969303,142.71946898924864],[101.28971822379881,142.74743127553663],[101.3242140817778,142.8021856360452],[101.36132643036447,142.80309804110078],[101.45075837758733,142.85240718734053],[101.45595297530852,142.84062909927093],[101.60850081552192,142.8831270416893],[101.71924948137502,142.97196712705733],[101.74147338287537,143.0165241150164],[101.87574668518641,143.058933830658],[102.10929949691874,143.19997627050958],[102.13971272575407,143.2014566121976],[102.12744801206657,143.20775324250872],[102.20141656146731,143.27803110871542],[102.24718935381503,143.3014011609172],[102.22780303151086,143.31842502353413],[102.25234973185871,143.3834992794924],[102.270843945615,143.38986642170917],[102.28127952305199,143.4267103093166],[102.26183752572537,143.4046709621452],[102.29706771324129,143.4888889723934],[102.28364454223188,143.48011419781852],[102.28539063708457,143.4989730179537],[102.36281292583513,143.53845790712361],[102.31548986502972,143.42093894097457],[102.32361372112058,143.4106447642592],[102.2994623876381,143.3296337763535],[102.29814724878406,143.27434036194512],[102.3522340860766,143.2248429265543],[102.4469553975241,143.23448119596736],[102.51112609648729,143.28920079944598],[102.52544697830709,143.3266510149472],[102.56368656217452,143.38096050842654],[102.62190165022595,143.42133599217263],[102.61584703661131,143.40106103453905],[102.6308602313332,143.39023144909171],[102.65942310060287,143.4513566684051],[102.70341976393836,143.4852656525028],[102.70395216117618,143.4537865305762],[102.73421555712119,143.45280241398467],[102.75623588451296,143.49719127785585],[102.75025345064381,143.50738765074018],[102.78575864872198,143.5823693455608],[102.79767511701786,143.58212436589247],[102.79521680644112,143.56362924159941],[102.81765785559668,143.55940428995666],[102.83354224256908,143.5327253294478],[102.81154595472728,143.50324591287898],[102.8146274070588,143.46937830744932],[102.84521221911203,143.4700529499109],[102.83337424150417,143.4497505384531],[102.86922563126825,143.429517116891],[102.88326616798977,143.43876246715547],[102.95877741192848,143.4179061392182],[103.06844912921585,143.4307518789301],[103.14516423066212,143.4788902238112],[103.17097116292837,143.47976463618983],[103.32530536895726,143.5807520268887],[103.31693292542835,143.53427758850404],[103.32872289370104,143.57763710628387],[103.32303895771035,143.59217581255265],[103.37254595006632,143.63866542675436],[103.36590967025357,143.65182310015638],[103.43042746134613,143.7028734354792],[103.42540274044015,143.68184814784763],[103.45894844800954,143.64453187362807],[103.45870026249543,143.69320467141262],[103.47661242355932,143.69566157946917],[103.48237136997565,143.7198540159716],[103.50508108260951,143.69392539097743],[103.60494901112796,143.75977857402074],[103.60974473214249,143.78561016145045],[103.70282005858655,143.91664080820328],[103.70315627417386,143.95221993167377],[103.72506086981736,143.96938431284886],[103.70585188779718,143.99547082109547],[103.7265425677393,144.02443186342583],[103.76304910552392,144.01473462466996],[103.75789426060231,144.04100227339273],[103.77575006943643,144.0595332142581],[103.82315273677362,144.06057019965579],[103.82589897135087,144.07864986945253],[103.79260768145619,144.07300163413703],[103.79595854037089,144.10013988991653],[103.79103452035855,144.08386732808964],[103.7747662751499,144.08467501699045],[103.78178824051096,144.1398739941323],[103.77174233206622,144.16503023822543],[103.83927400744321,144.20821307731612],[103.87818194137787,144.25690853793492],[103.90122263566613,144.32252507159177],[104.06584925669155,144.5412907164938],[104.08247464131207,144.5040118655641],[104.05774353215787,144.5207559632838],[104.04359428436028,144.50564256752523],[104.04801950798466,144.4920105470281],[104.05665314380738,144.51827705976768],[104.05622872354257,144.49378999087764],[104.07614949434961,144.48499020845733],[104.03892334426737,144.46088992513114],[104.04445825001547,144.4440268768806],[104.09422164643797,144.4789353307045],[104.09134127143422,144.4538865435231],[104.11766643039178,144.50504352583584],[104.15461402644061,144.51431303749524],[104.15809226787334,144.53510125689303],[104.18800577665161,144.5563415535255],[104.2075212944583,144.55167409958008],[104.21668636646882,144.57453660904605],[104.19692132194325,144.56840565282255],[104.26778238937524,144.62931355758326],[104.26959034557542,144.60752897971003],[104.30906524310522,144.57935347550995],[104.30400905600578,144.60417022728467],[104.34571529180974,144.6250916140748],[104.36394622062198,144.6095379219342],[104.36468040696963,144.64872239075638],[104.39460039126715,144.66210669919894],[104.3958223758575,144.65134504590944],[104.41525683354865,144.67606792595387],[104.45840592737093,144.67212391559042],[104.44488358350006,144.69802589109185],[104.47458924415263,144.700175959971],[104.51988318221763,144.76601640203685],[104.50100923021925,144.76353960116677],[104.5537654792769,144.80238867545054],[104.55832632076495,144.74802186195274],[104.54611845723585,144.75655109891397],[104.56561309739602,144.72605631589983],[104.57432819084642,144.7400778158824],[104.62658722417393,144.7670946756977],[104.5945706848625,144.75385369547314],[104.56576586053473,144.76731094969682],[104.59032222491251,144.7984364964151],[104.65032224825171,144.83128995503574],[104.6563858647071,144.80740948071343],[104.7128560808971,144.788644998425],[104.70664836937377,144.8019977023368],[104.81537002089297,144.92504142236737],[104.86398457552187,144.93678556862238],[104.89318856473734,144.974010625529],[104.89857728875867,145.04912886368024],[104.92126803933027,145.06721024640143],[104.95522032066509,145.18784882616603],[105.00545979571888,145.24514054373472],[105.03878516002388,145.34677889587786],[105.04511768227226,145.45701409031327],[105.13845665578984,145.5294181921974],[105.16461175977429,145.58799952102808],[105.15395672572558,145.59944790500842],[105.1606507022435,145.6368277778871],[105.19036194154876,145.64605512957417],[105.23286230200853,145.63178594707009],[105.27146551957537,145.58041876345698],[105.33174736168581,145.59249273198918],[105.27434925192622,145.59492306099122],[105.262321926185,145.68063974591806],[105.32047821316544,145.71081574720435],[105.46586008252524,145.70190259032594],[105.54936315485321,145.71945545219594],[105.54894705696509,145.70737312248315],[105.60043241111866,145.74142792516764],[105.63145232999953,145.7149249277686],[105.67435816450906,145.74198017954018],[105.70043713515918,145.73753790003383],[105.6999612366971,145.72473140568792],[105.76463969392631,145.69112317454335],[105.83553202664667,145.68484755553104],[105.92806399012812,145.77166489150338],[105.94761945993261,145.80520321430984],[105.94963813494692,145.85679718406956],[105.97435275877282,145.88176773549344],[105.99879058476674,145.83689641450866],[106.04060171900358,145.87445924350362],[106.02566454106369,145.93107675075245],[106.01349517624135,145.93441918455355],[106.03900049232712,145.95790174441896],[106.06131441915892,145.95554070103523],[106.05188356110983,145.9782463997982],[106.11767136072037,145.97702071949192],[106.27386281545691,146.08672314475245],[106.60220908722866,146.21100507780363],[106.70227979308731,146.23607364104055],[107.38217805774616,146.66071619696595],[107.8973268406981,147.02914710424406],[108.13279818126756,147.24737884267785],[108.28050922645099,147.406799370254],[108.46708405357181,147.66334995141975],[108.72605510419933,148.13116193427507],[108.74926119200624,148.22489721798826],[108.80781526045028,148.37136073906322],[108.79412484661349,148.413929800336],[108.83090447855616,148.4033352437071],[108.84883464139662,148.41636330522763],[108.82712118367814,148.40796326312582],[108.87274333022243,148.47733824124907],[108.88372252136003,148.5314162356675],[108.89207252046792,148.52714303487195],[108.9616324096221,148.61416268983265],[108.97111868947277,148.60725993767116],[108.96134465954111,148.7054924159865],[108.91415071946034,148.7153650993855],[108.91298660095254,148.76686760724476],[108.93209847017998,148.77790023596708],[108.92637668557666,148.76416301611545],[108.9344518862613,148.74681422404618],[108.9326645094589,148.7655602836345],[108.98180050863245,148.77387815761006],[109.00264936333764,148.75914054820097],[109.05411875728478,148.79061446105678],[109.07094982840363,148.7850422353696],[109.12951749412818,148.80621746144607],[109.14994324900505,148.84044075176186],[109.22225250682801,148.87301159402188],[109.21482087152421,148.92787548738121],[109.18958269783484,148.95892120278867],[109.1157772134282,148.9747030027901],[109.17883371864085,149.02023718939986],[109.2308327560253,149.09732485249944],[109.2403030713545,149.08959355993744],[109.22548782071769,149.07171766703283],[109.27409311946039,149.11964490139837],[109.24529151094022,149.0950808333884],[109.23096874307713,149.12804141443115],[109.27299890461767,149.1783129505077],[109.31706829770407,149.1942036146],[109.37209822205543,149.16025134917388],[109.50548122035013,149.22272116219418],[109.57067155532503,149.28000954651688],[109.60212225110087,149.28656586039907],[109.68634211327768,149.35764580743881],[109.71973425657916,149.40458401479867],[109.7549078374391,149.40533567080286],[109.83922836929807,149.44129200866115],[109.90652688449407,149.50424903764497],[109.9191715557175,149.50212682737873],[109.93837008035814,149.5450610370539],[109.9661366160234,149.55974351228917],[109.967473217044,149.5334645903524],[109.99047782762239,149.57314713036635],[109.97888000887312,149.57945610707532],[109.99710433781749,149.5996887172474],[110.04644037834223,149.61070006036974],[110.07419980584979,149.63118264735712],[110.17809168708327,149.6604651286997],[110.28052042841314,149.7475468277009],[110.30300307960383,149.81323906085527],[110.29085973801368,149.92584936499924],[110.25840995020448,149.94178615041002],[110.22966453883954,149.9326711862767],[110.07969899374982,149.95714379424462],[110.02112595966572,149.91320047623145],[109.99805394512154,149.87103305136532],[109.95400310368859,149.91540493744046],[109.9987538998712,149.95946860712633],[110.01832536463195,150.08954903085964],[110.00009355989408,150.19707089908053],[110.00830059761783,150.32210096326298],[109.98878556426303,150.35143047176172],[109.98168830925616,150.3434883941227],[109.9448497301018,150.45949947190923],[109.90472845632986,150.49836093208256],[109.89426534998351,150.60577994763182],[109.90656707982669,150.6187195840503],[109.89740058992408,150.80852542738882],[109.91241438349189,150.82157438583818],[109.93133469818561,150.9511992636163],[109.95449113416184,150.98873589116266],[109.98033673189003,150.98305225650574],[110.01955500395471,151.0772463920741],[110.04897375334032,151.07535124698694],[110.04422815279136,151.10585867898067],[110.10232468319761,151.14034616375676],[110.11203141386979,151.13073454041367],[110.11501558043416,151.1497129939238],[110.17779152877523,151.1468344386718],[110.12957803840469,151.15551276593638],[110.17097563064682,151.1649737390122],[110.13260718547784,151.17399472338295],[110.14616521266753,151.19492053946038],[110.08696048210618,151.16186357875287],[110.06014331050719,151.169864851131],[110.12003064553095,151.25830676785816],[110.21826263972187,151.31442510054785],[110.26028746503015,151.37223348738235],[110.24868196075298,151.381985328892],[110.41213106374134,151.48613996207902],[110.41757320384748,151.4658357998793],[110.37358514436222,151.42140317481818],[110.38946233363521,151.41824682466358],[110.43100905078406,151.44908448136022],[110.43105224082748,151.43197189115932],[110.45974940233441,151.49279408816628],[110.44396596107147,151.55925620769648],[110.52100786616003,151.51145230319122],[110.51013733876333,151.4867083878067],[110.53584250193941,151.49176424373607],[110.55241657860441,151.4792787577925],[110.64307731781956,151.48814467191406],[110.65506293078899,151.4748421080334],[110.6104914175093,151.52703965950636],[110.60180678338813,151.56714730579787],[110.58960623271842,151.56539175864293],[110.58401060314432,151.59702319484143],[110.55589788044652,151.62424524280718],[110.59004902439673,151.63651195086894],[110.5809431341579,151.6285475205857],[110.62617532494215,151.61907569939422],[110.63509734269547,151.62537008563442],[110.60086292453668,151.64877716938128],[110.65364826102545,151.66682042048282],[110.6398466735491,151.6761912866314],[110.72021952694668,151.67352506084654],[110.73391253799059,151.64542257124495],[110.76638401905245,151.6366252201926],[110.88118462321793,151.64681556277515],[110.90452683733682,151.63505725371755],[110.96119173651782,151.6384548681672],[111.01300798421077,151.66240741345106],[111.02822702667378,151.65914407815873],[111.00639850112017,151.6450468681552],[111.04861750408213,151.65391594206037],[111.07765252632267,151.64253174143076],[111.05996323335455,151.65426530683655],[111.15465917779281,151.61300244152065],[111.13913615565525,151.62618968436936],[111.15085226022802,151.6351381185036],[111.13686587512296,151.64567470462325],[111.11440346055359,151.64600671931072],[111.08100330751616,151.66697441815856],[111.0510385413135,151.668357745429],[111.06374588077686,151.7028123849374],[111.03996723816391,151.7025448245085],[111.03451756471507,151.6932922292651],[110.99648235214198,151.70639256994545],[110.9960716471871,151.721843114566],[111.0610718345161,151.76197776770775],[111.09374320821087,151.8085138682769],[111.14461225441465,151.82421873019914],[111.13463990682908,151.81167317776178],[111.23343076731769,151.8242406108844],[111.27312974651349,151.84437003141113],[111.29102414435401,151.83346304552975],[111.26151695990495,151.85601876434336],[111.31314454618546,151.85167800497547],[111.36383562910682,151.871553105574],[111.34493391561556,151.8851691281644],[111.36350121552539,151.91236604705304],[111.37902401055568,151.90937899107237],[111.36338289428957,151.91393457271997],[111.42003107775815,151.950177269427],[111.4531237988352,151.93579748985508],[111.55128988358908,151.9424668023076],[111.53290718719249,151.93418730796935],[111.55332774909449,151.93311557288408],[111.55223673511142,151.94549365639037],[111.63578824938821,151.95711056536584],[111.64113654305626,151.9465319600921],[111.60883416665892,151.94151987220084],[111.63551516237719,151.92346496824666],[111.59809967350134,151.91439927648162],[111.62641691630681,151.9005536647994],[111.61825947610095,151.89234932313815],[111.6646471808501,151.87563714063222],[111.70564830317433,151.87451701690705],[111.6428972228099,151.86000692128368],[111.59232013989728,151.86746783025933],[111.5957066689649,151.8737775908527],[111.53582338058229,151.87651637889059],[111.51375582516613,151.86139263632595],[111.54030839338019,151.84931126608475],[111.49305909678516,151.8341891523754],[111.5514956495499,151.80891660174032],[111.51485279586811,151.80884922049609],[111.49969623478412,151.78619756990452],[111.46711247645743,151.78659468081744],[111.4410541528516,151.76485332013408],[111.48782330592678,151.75656895279698],[111.4920260966316,151.7424242937707],[111.51265162280309,151.74517531121305],[111.49135005413916,151.72542402914996],[111.50284406122168,151.71336269686475],[111.56267956095397,151.73523788549886],[111.59087163232988,151.71930617460282],[111.57628554126879,151.69195625691728],[111.58904483141202,151.68684425700513],[111.574863580179,151.67467918538344],[111.59881776399317,151.65450698722015],[111.65329239445705,151.64673671203144],[111.66880078118184,151.66115441749184],[111.6641997543436,151.64098889203171],[111.71982681969796,151.621091640118],[111.76556743935056,151.62791229616715],[111.771951465598,151.6391311088595],[111.77965009516149,151.61994934746144],[111.75589213329042,151.60067477251258],[111.72288067838814,151.6045894370483],[111.6897038122059,151.59560445273482],[111.69498366459126,151.55117042620498],[111.71155601094597,151.55602167465503],[111.77259909695307,151.53730655856899],[111.77964519796899,151.49641573941778],[111.79682815395603,151.4924235286586],[111.7949745936963,151.481006673433],[111.7791265095445,151.48546493401255],[111.74676499465548,151.46297044418594],[111.73530952946031,151.43116807961167],[111.7733268650236,151.42722042418657],[111.89140006227896,151.3754478601343],[111.95980405472996,151.31017989703574],[111.96632653702822,151.24513988253435],[112.05793690308369,151.18689598989016],[112.1258371053996,151.0749611458035],[112.11387833339444,151.04435259764753],[112.23499080570272,151.0018479388956],[112.25529423316898,150.97115235527843],[112.32514990211118,150.93243277224917],[112.31843491421434,150.92179146493226],[112.3301004062319,150.91900552529847],[112.33401404101622,150.9013469446328],[112.35602307893579,150.90156665179],[112.37309421101638,150.8816099889063],[112.3744314228325,150.8406001137797],[112.40610633886703,150.83221974680072],[112.43396424334242,150.799828511008],[112.44298957511307,150.72182833145274],[112.46344992352232,150.73021729146168],[112.45830497587474,150.7984734038524],[112.47306769822364,150.8209037935685],[112.43610045213396,150.8633501183825],[112.45689182044151,150.91389797360392],[112.42605577714914,150.9338503994774],[112.47211874876714,150.9790333762896],[112.49704555861265,150.970067473511],[112.59350585371638,151.1023794542019],[112.64090968594651,151.1108503956724],[112.57771395424666,151.15684979444652],[112.54943088882054,151.20116661615384],[112.55639098523797,151.2536541204812],[112.59553817900984,151.27001323309366],[112.68106379188569,151.2736154943726],[112.70975065557852,151.260421328165],[112.70377407607383,151.23457173039526],[112.73945929195224,151.22707160063547],[112.73807192283545,151.2145393576601],[112.78905296752552,151.22549919124864],[112.88762186323669,151.17790008554016],[112.9102156043488,151.13469134161144],[112.9564999126319,151.10006250035667],[112.99803925186671,151.08869658329508],[113.00272416233621,151.07855513923369],[113.03641435496638,151.07056254688945],[113.05142754637086,151.05055244729442],[113.10082351128132,151.04211924197182],[113.1554929857368,151.05218724290592],[113.10374499483319,151.05900063623037],[113.10355389711192,151.07321019287986],[113.00843334518416,151.12683773709946],[113.02159646248195,151.14059672546068],[112.97708035371116,151.24556600566868],[113.02864536398204,151.25148881983034],[112.99335098337902,151.2599968860893],[113.21573929326834,151.32852780151558],[113.247341807995,151.32863356258682],[113.25186680327886,151.33486911397247],[113.31201146173399,151.3366119481788],[113.33200803451946,151.35511678213865],[113.31557726459944,151.3636293010806],[113.32433986443749,151.37893569761593],[113.30532685930055,151.37649768929813],[113.29772910213387,151.3514467608543],[113.20180294071606,151.3490943571084],[113.12034809956042,151.3315997855541],[112.99957569840471,151.3252464437664],[112.95225122276055,151.34975631165344],[112.94486302683464,151.3951694296669],[112.87106547231778,151.4609649052519],[112.87525894220344,151.47598754880727],[112.82805357420567,151.47761609300096],[112.71136927935801,151.55465591812717],[112.55941814198164,151.5842451433966],[112.52919611771769,151.5821640644382],[112.50091185949161,151.59397023085089],[112.52517186156888,151.59898866778997],[112.5030533568204,151.60696904306616],[112.63913655083401,151.60938976571853],[112.6063110043163,151.62439749913884],[112.63230014316143,151.62514237643504],[112.62709095219682,151.64464440931235],[112.66048341435194,151.63542281643473],[112.70825319444666,151.6441773498531],[112.68746020576305,151.6551515374261],[112.72836801244699,151.65066896724562],[112.73620608797334,151.66423963406822],[112.67461153312227,151.6843057154193],[112.66583541160128,151.67591423365994],[112.57147574717955,151.68797055387662],[112.58927498801681,151.66347537237633],[112.54263081909627,151.6737059102569],[112.52331409580735,151.646621719731],[112.49775146539221,151.66529501722096],[112.4947720386584,151.69714134783095],[112.45698609374357,151.70504381801294],[112.43959294928283,151.72251072340538],[112.45613183118964,151.72667285583148],[112.3730876706856,151.7462971869462],[112.51631838236842,151.72697013859613],[112.5087639579246,151.73641835306495],[112.52326803394016,151.72986750722686],[112.51480473048844,151.74284674329826],[112.45185660514372,151.76582449434497],[112.4777646159155,151.7687724646436],[112.7024937257785,151.6939191365637],[112.8002944369353,151.68540192973248],[112.7242395283614,151.7100766791761],[112.69418873412823,151.70901267261513],[112.68612751295562,151.72084278520634],[112.84407484361842,151.71163234623572],[112.82530921540359,151.72789103151808],[112.56581045905045,151.80197000199598],[112.5572474395366,151.81796263094225],[112.7009661948348,151.7843748014582],[112.63800682254063,151.80877370761144],[112.66233135828605,151.8068565981168],[112.58470708684857,151.83072759794433],[112.59211621866075,151.8352292677509],[112.61559979214482,151.82345857810319],[112.75054141018717,151.79519581558355],[112.72626745550063,151.7895229183349],[112.7771559590285,151.77393970264376],[112.79478105015038,151.77842572916657],[112.89193645786318,151.75953158552988],[112.92874087475093,151.7728218383172],[112.89847175289756,151.7766860986555],[112.91368325757153,151.78322095980732],[112.87386296328872,151.7921677177761],[112.80800985171271,151.8344276525163],[112.8674871455784,151.82394502256915],[112.85294502393037,151.8243432083699],[112.85709729810827,151.81212477208845],[112.88902242994328,151.8050436539994],[112.87288099870352,151.82042241008432],[112.90717309209886,151.81038491873852],[112.96480571294782,151.8096673011085],[112.94648128262614,151.8260455894554],[112.9636359889015,151.8227485796745],[112.94728694735899,151.84092509986192],[112.91374213641447,151.8457289976291],[112.91117579533115,151.85433596050495],[112.79455351763059,151.89896229623068],[112.8091208195693,151.87402198106562],[112.76113127833094,151.88594203240353],[112.74561502291043,151.8819507912078],[112.67144966985278,151.9204081663657],[112.67137848577323,151.93465482005956],[112.70411739105154,151.92314337661333],[112.7631317597307,151.9304936528206],[112.7308470468255,151.94870236698358],[112.80659525273606,151.9252535329914],[112.7401627526394,151.9532605876218],[112.771951683044,151.9562072665001],[112.74117361495561,151.9603245240327],[112.71327758050126,151.97730590876114],[112.7748774707417,151.9692898019967],[112.7221684066601,151.9880462081448],[112.72842477367033,152.0029425034134],[112.7083277122369,152.01329989272566],[112.73512870973788,152.00752320755694],[112.76943195200505,152.01971505376903],[112.86751773142886,151.99962603742355],[112.84439919742604,152.01450813958604],[112.87508695619432,152.0030538909657],[112.91632466843222,152.0128880345359],[112.98276720964526,152.00770127375776],[112.98279388733765,151.98727950380265],[113.01863219149925,151.98861197893802],[113.0011466195952,152.00309096352066],[113.03654926629892,151.9875181395841],[113.02729289966587,151.99927175441516],[113.04270843552283,151.99856253722152],[113.00687483833502,152.02576153649954],[113.12927347261666,151.9751069351653],[113.17139948319067,151.93644352670296],[113.19718480916795,151.93484100667015],[113.20370665281075,151.92411991435924],[113.15719334145722,151.93267677355428],[113.15290897373892,151.92511665499777],[113.12505784856523,151.93661962703226],[113.12556468265319,151.9228979269963],[113.14638633730115,151.92114175156797],[113.16923821657784,151.8954107548549],[113.15897348650155,151.88903143593592],[113.12298241528964,151.90241789221065],[113.06153306110883,151.90298036861435],[113.04907040493298,151.8987465603817],[113.12444598132927,151.86502308899108],[113.12718304232895,151.87293225448198],[113.14811936233836,151.85687273972434],[113.12514000545605,151.85597334782847],[113.14587835059032,151.84575111606063],[113.1543629282457,151.85250909924042],[113.20029243805661,151.8313419890539],[113.23120841693344,151.8280269579713],[113.2202835921483,151.83242793379858],[113.23833503592985,151.83491625927132],[113.27085355122381,151.8217437915191],[113.26207686751441,151.81399343166933],[113.29667952425912,151.79338222539164],[113.27250060743023,151.78585552834917],[113.29308372857113,151.77922257115358],[113.2807973534466,151.77394623040908],[113.2193214947819,151.7967326659773],[113.24451243835291,151.72425074546845],[113.26411598742868,151.71995487267156],[113.26020226073153,151.74463779547193],[113.29049086134015,151.73841431079424],[113.30258665512669,151.7438066826375],[113.32203287471238,151.73003600087011],[113.30972507371385,151.75805339149355],[113.32281971437507,151.75640410491204],[113.31200568969905,151.79377825871381],[113.3538235641567,151.78122598059906],[113.31326673884138,151.8030499902996],[113.35345363871544,151.79539359689528],[113.31873338890904,151.83756003993662],[113.33141819677775,151.83769000817483],[113.35424463846239,151.8062422128483],[113.49582812836957,151.75334109750807],[113.5047497061822,151.76906491981458],[113.44281154064883,151.81617709364178],[113.44647148892898,151.8256359167922],[113.41733707863449,151.83429629641327],[113.47505358056722,151.8451984557189],[113.5131369033407,151.83997169021615],[113.46401415766618,151.86134516761413],[113.47524976898532,151.86783917251893],[113.40845887159236,151.89138266311633],[113.40110569741758,151.9098339124966],[113.55037789341466,151.8553481866084],[113.55094816318595,151.8614233551187],[113.56972793626713,151.85260944945767],[113.61703119783756,151.8509019760379],[113.63515089730431,151.83572035082682],[113.79379085711814,151.8155451085476],[113.89356597887536,151.78059276295468],[113.88092763294364,151.7644301018828],[113.9160750594979,151.7482493827665],[113.90068703925724,151.74040894013837],[113.94546086945384,151.68225916739226],[113.9692813598896,151.6738838132135],[114.02038047173147,151.67814015102488],[114.08964694678433,151.66048056792727],[114.11653289066436,151.6685398796796],[114.16238234876516,151.65396031355016],[114.11068199480327,151.6308272998989],[114.12905316765531,151.61894426467506],[114.22070986702789,151.63741493563458],[114.25943370894768,151.6371830778542],[114.2869411476307,151.60464050234043],[114.27049882239824,151.58837109635795],[114.29326944546207,151.57895175757506],[114.27315552496584,151.5624584364495],[114.25293712025211,151.562654047201],[114.24555870014035,151.55783881068328],[114.27660568744153,151.54785712095756],[114.30921255246717,151.55696148007797],[114.32414001604639,151.58565116998489],[114.33695542013552,151.57963884108972],[114.35060293025771,151.58792319756697],[114.39541570467128,151.58301932964733],[114.34284639262874,151.60431892907928],[114.30739817533156,151.59799618856545],[114.28061169170127,151.61293729295198],[114.28378347601206,151.6555662981451],[114.25341432116917,151.66437483619882],[114.17517780752337,151.65719613207227],[114.20265114457659,151.68924273412588],[114.2931686809809,151.72532132701167],[114.32120889795715,151.76663497846062],[114.3043559928072,151.78652754204222],[114.31942741607581,151.78845642140618],[114.33763486749693,151.8179516583172],[114.30067851165852,151.83129834904548],[114.3386401888443,151.85315449292997],[114.32096985597694,151.86848026073469],[114.3517030055527,151.8824242123415],[114.40327234169594,151.86880544309287],[114.44180320203392,151.907856254008],[114.44708957132153,151.96352333330321],[114.48439384639269,151.95874893549467],[114.4851857481218,151.96484469312475],[114.50769927993065,151.96160244259178],[114.5131779933768,151.94456369590844],[114.47090484393075,151.9383884377615],[114.51900153700034,151.91903284261213],[114.56429122822198,151.87345425340055],[114.54661868861322,151.85529669978115],[114.56588540473548,151.86634729470933],[114.57624979167723,151.851606101923],[114.57760585937366,151.8638094732814],[114.59797496673525,151.86038842732103],[114.58072560317429,151.87276558318902],[114.65825044388669,151.91689643724604],[114.72844879711695,151.90738635026236],[114.81720985603249,151.9310946835232],[114.77939698251909,151.930691087933],[114.78007584510476,151.93964524443533],[114.7384046581521,151.91795496293707],[114.71266783040909,151.92059321537945],[114.71789460375993,151.99527891308486],[114.73558217057656,152.00275252959509],[114.73085824949594,152.02707482564767],[114.77505967910486,152.0664508945389],[114.76485842180278,152.06783812530387],[114.81946991391776,152.0960115797635],[114.79432034548469,152.11325106679965],[114.89923064729172,152.14910173439205],[114.94247216317022,152.11906802688173],[114.93426674885052,152.14026168798458],[114.95911291189255,152.15544835147935],[115.0009817115801,152.1604292831977],[114.99952789534456,152.18232721783195],[115.05915872148246,152.17564861563707],[115.01718341427012,152.19477565416432],[115.0268770339305,152.20007568045517],[114.99956109537524,152.20919411321657],[115.0155598924197,152.2328743795028],[114.99733109065701,152.2323494751382],[114.98634602740745,152.2109683309551],[114.95180454800656,152.210559426032],[114.98320851608936,152.2375314738262],[114.92452120533211,152.21432361367187],[114.87259255969471,152.20803270776545],[114.80163298496463,152.1833819509524],[114.6623748185154,152.0794882054172],[114.57173594100453,152.02968867697757],[114.55742813922933,152.03966521553565],[114.58038047885344,152.07908515062198],[114.60426432089677,152.08544793498154],[114.5702959034183,152.09307932899134],[114.54272032630973,152.08185158087593],[114.55231482962898,152.1322977120024],[114.57397240204281,152.1369642471632],[114.55561998212531,152.14305732906547],[114.56938472977951,152.14724091943714],[114.53751978021452,152.15724947046664],[114.53840752246184,152.20016385148148],[114.50264308262237,152.1768789665547],[114.48870748805399,152.14830327405213],[114.46212288804101,152.1660769478258],[114.43784047177681,152.14309757962158],[114.44595320030658,152.199473926344],[114.4262771893214,152.27965148388517],[114.44001706187527,152.27625975445852],[114.4646009175155,152.28554356824367],[114.47828560447371,152.28112715754176],[114.4692666914913,152.29361233975104],[114.44387169203476,152.28080704184256],[114.45587926451228,152.30302786670643],[114.44367868635489,152.32829282180194],[114.41436074740267,152.323456385238],[114.402813306578,152.33129361419594],[114.42512878155898,152.3411603213938],[114.46292027363785,152.31725238203188],[114.48293611696994,152.31999684533847],[114.49634783092483,152.35966189625702],[114.50280582589795,152.3321100676112],[114.54387978457139,152.32859544460138],[114.54915524845512,152.34195085485726],[114.5722748309855,152.33958961623182],[114.54612587064629,152.34666046893727],[114.54129500933252,152.3789677279987],[114.58269035475149,152.3891316880818],[114.5388783173815,152.38437317047138],[114.53539428471434,152.3988134566408],[114.49376887661752,152.38494309580386],[114.50342702899353,152.3749074565566],[114.48343139445768,152.38157158271235],[114.54029864720047,152.41515360296864],[114.52727662286783,152.4393133464995],[114.53950910481855,152.44590386690933],[114.55845942993861,152.43948256632962],[114.58087837632006,152.45522395846018],[114.5949676589489,152.44693023022603],[114.61899417694664,152.4717505640993],[114.66436084250579,152.48106769049753],[114.68574358733434,152.4629969022534],[114.69902334393295,152.47373944548224],[114.6850323773916,152.47264439047976],[114.67823761576352,152.49067469528393],[114.60404706597336,152.47289816189567],[114.5859466421328,152.47652583667346],[114.66308095625023,152.50086406600235],[114.7098647599422,152.4942582694675],[114.71211542151414,152.50392421470923],[114.72870049751259,152.50491410830645],[114.73292788490244,152.48980819675975],[114.78838195565339,152.48280703762714],[114.79118828806811,152.47183757600607],[114.83943472639841,152.47311611456416],[114.835389527935,152.45470202654934],[114.85197437967054,152.45117847706368],[114.87376921612434,152.4657321619655],[114.91497593410412,152.4635662398349],[114.89961140840563,152.4529797209112],[114.92509764674405,152.4465967677225],[114.91985266573053,152.45848522460813],[114.94558291109017,152.46583685152373],[114.91738375403152,152.46953578053348],[114.93309644506716,152.49462287029036],[114.9185410164317,152.50085458999948],[114.93879056894099,152.50315677907935],[114.97864939821604,152.53627796695537],[114.99334792353243,152.52636734679464],[114.96446319238788,152.50879450889295],[115.00778377899589,152.48183291686053],[115.04708217972953,152.4981631208379],[115.02277542916876,152.50930897373436],[115.03221684582743,152.5384032196466],[115.05368810466723,152.54026066483556],[115.03875212094133,152.55099689891625],[115.05994234403742,152.5638189589162],[115.16298097376564,152.58292031540185],[115.10755358779538,152.5893488713049],[115.11642006206725,152.6017550996947],[115.03044065534104,152.59358250751674],[115.03452182277978,152.6249985565543],[115.04090536522037,152.61628692274917],[115.05822044850781,152.62363523839318],[115.09044842437339,152.61333511226735],[115.12422636479485,152.62502891760965],[115.0978515561732,152.63258793945226],[115.10988738988311,152.64196222581393],[115.06180332751885,152.6467382704477],[115.07792733990925,152.65166802189538],[115.07825423120914,152.67960636200604],[115.13408720218827,152.65703657036858],[115.1376147016231,152.6751482923752],[115.25125657276507,152.62339773661566],[115.22754027773246,152.60564307650486],[115.17304832506801,152.5968167895817],[115.20788298051147,152.58562747402578],[115.22085176429805,152.60036358058937],[115.27428160281683,152.6129427420243],[115.28742564797538,152.62693344462838],[115.34269716660476,152.59517851166325],[115.37142119807571,152.59388095054842],[115.3499286317654,152.60276344531036],[115.40422294192004,152.60952605216025],[115.37487657032659,152.59929450025058],[115.39496000480133,152.5814177402165],[115.3761528405139,152.57891949893067],[115.39012217185848,152.56639034382366],[115.4347931000916,152.56264851889256],[115.43771330384837,152.5713098064544],[115.53866088753114,152.53678621220212],[115.54890677044148,152.5160933663155],[115.55805154444883,152.52509938017891],[115.58053373185827,152.5206386787346],[115.6071586076477,152.48911064838944],[115.62490870104159,152.49680546023706],[115.62361058678266,152.4867550458117],[115.66461266161954,152.46738929228925],[115.64783526629165,152.4530144398065],[115.5653935356874,152.44701969392918],[115.60668395098836,152.4381821297692],[115.57707965969142,152.43542301550548],[115.63964032492738,152.4391138011892],[115.62466388908115,152.42041058419423],[115.6365769361013,152.41150141925795],[115.65586503311926,152.43819044570043],[115.68101382495433,152.4401610835822],[115.69450841482255,152.42838225073118],[115.6524098482941,152.38537616304012],[115.68915363224592,152.40572015726065],[115.69759706556101,152.3969865389057],[115.71031695515994,152.4138356798271],[115.7431976657112,152.41042936039486],[115.73309617709967,152.43016898069413],[115.79399054111212,152.43866899027446],[115.79542846030168,152.4613165159745],[115.85732815246382,152.5192598105051],[116.00107288637125,152.53153948713353],[115.97679056679375,152.54103156655617],[115.98043695848799,152.53400237907866],[115.85887142772839,152.53273543932232],[115.89690006055756,152.56895684748855],[115.86474483887602,152.5986184931722],[115.88695072985186,152.57607335012295],[115.86763629800122,152.55705348983605],[115.81901757926133,152.55547730016477],[115.7678180321092,152.57783272831512],[115.78021656904662,152.5813405991355],[115.52716153551462,152.55100313347464],[115.48592642090992,152.5732039142946],[115.50330677520103,152.5831882001065],[115.47853071973915,152.5795727617164],[115.46551574209758,152.5907331170331],[115.4920830966283,152.5969074685054],[115.46134928682861,152.59566482818877],[115.48197148376114,152.61870508767873],[115.52240934393757,152.62719335539677],[115.52420158922166,152.63530583569508],[115.54686792080813,152.62367567394685],[115.57475376777822,152.63648673910978],[115.55843510835028,152.63855087999283],[115.5758495908608,152.65211302592408],[115.65611847278629,152.6583023354496],[115.72401083918362,152.62686867255076],[115.72680883362118,152.6411660431973],[115.77133961347016,152.64515524205797],[115.7880651939164,152.66004147987155],[115.81883198693487,152.66165147596672],[115.81136397910595,152.67084876119884],[115.84127452528094,152.6688578727477],[115.84357899523332,152.67932609527065],[115.82869684153795,152.67924463805937],[115.83234531501559,152.68518003197875],[115.77255484062303,152.6823807711286],[115.78139041901656,152.69257949149815],[115.75271690262413,152.68794860305692],[115.75930261903275,152.67845183478045],[115.7115340850322,152.66487479645212],[115.69518011773077,152.66759454578443],[115.72186798299518,152.68386569111837],[115.67858539687347,152.69020383192412],[115.65354909094526,152.6706967691917],[115.66644987944375,152.6605893718005],[115.61469629122053,152.67788595202032],[115.6120825817002,152.6619444766025],[115.54493708399227,152.65451919721892],[115.53343430951654,152.6425984718801],[115.4658533522737,152.64136885243784],[115.4916907384112,152.65571060226236],[115.46002643622319,152.65107447594738],[115.46167758140598,152.66974650609575],[115.49184441599563,152.67774923129787],[115.46287123511266,152.6918554152398],[115.52084794126037,152.70182934253177],[115.44709678250308,152.70525826665659],[115.45842404956115,152.7132194919208],[115.41048166951734,152.70873643534102],[115.42753596562524,152.72467667570845],[115.48876558383272,152.7325396229461],[115.48727901258896,152.7433221818403],[115.58630471898357,152.7504182062213],[115.645191995619,152.7334752245493],[115.6554252062495,152.74095716593467],[115.64822355952654,152.73306868589376],[115.67289077748083,152.7346446759601],[115.67958096220386,152.72305450656893],[115.70893448230814,152.72465159124232],[115.71459391555766,152.7184156072802],[115.72085088247879,152.73158070244298],[115.76839716286443,152.7367446487047],[115.77641451568206,152.74523596007992],[115.80719311369538,152.72562483827068],[115.85200684496093,152.75113412521185],[115.81956065563773,152.7635274440447],[115.83541516718225,152.77376077281932],[115.81593209826012,152.77413337601666],[115.82313359462302,152.79217468109127],[115.79873544895264,152.79156063415508],[115.8320883033364,152.82367843203915],[115.81712808665043,152.83539191909296],[115.85076701209468,152.81966103979238],[115.86355849506586,152.82658659378052],[115.88571314483983,152.8165801234106],[115.93220540857445,152.82723855849207],[115.96473372557256,152.81359466601538],[115.8865037848228,152.78136482633283],[115.93175156447663,152.77333147789852],[115.90334607419476,152.75603224940937],[115.95867043181636,152.75071559624223],[115.97206251910315,152.77095103137736],[116.01288811918943,152.76259922487571],[116.02354854121077,152.74864579913856],[116.0084143853336,152.75017719261535],[115.99224959417714,152.72465772348045],[116.0209289895202,152.71231612564583],[116.02464610864314,152.68547992294742],[116.05528451203047,152.66844468867822],[116.08278099660069,152.6833150816483],[116.10818784031707,152.67881475845715],[116.18961343617545,152.69439982065558],[116.26929739940218,152.68898823124266],[116.26381863634596,152.67899492006632],[116.3154278269659,152.68446280278044],[116.28848724483746,152.65066350702375],[116.39338324889403,152.62560882954244],[116.38328586262894,152.63843420253687],[116.4121783840725,152.6382112031152],[116.45162906498854,152.6234720839696],[116.4750191385437,152.6320631407311],[116.54643028981356,152.6120743706157],[116.59894710367752,152.61402798957528],[116.67135288314088,152.60087700797175],[116.68141472499016,152.61247690393165],[116.62111619800865,152.62820393498643],[116.508690829597,152.63962194635576],[116.44476282304723,152.66372668811204],[116.4816459816506,152.66155232935103],[116.5374723587004,152.6737882229076],[116.53754899604574,152.68824816803527],[116.47985247436796,152.6883283023907],[116.49531276305143,152.70478601249442],[116.50813385332869,152.69924422357076],[116.54817129078852,152.70764882310493],[116.56670934355898,152.7017084301099],[116.59862170195166,152.7136638581002],[116.59256219371557,152.72048148800678],[116.52139872998796,152.71884298663366],[116.50197380734967,152.7514230343316],[116.46407859131207,152.74452435984],[116.43556943711413,152.7526984189601],[116.44432703389711,152.76495048643],[116.39855771596574,152.75385854907944],[116.37184557889547,152.76460482787533],[116.3660849602777,152.759337995647],[116.34169880853887,152.766095877586],[116.32729702783952,152.78378758801605],[116.36269510084571,152.7819254464991],[116.38375747049761,152.7903920145411],[116.3193903459227,152.8006106019128],[116.28361437261368,152.78801526636562],[116.2958649432108,152.81397334730792],[116.26603235059531,152.81825623894247],[116.25282429782868,152.80566005239257],[116.20410315190597,152.8044898150058],[116.20178238508316,152.818083978874],[116.2241429286148,152.8196719351531],[116.2261691434926,152.8355258903506],[116.25281008354942,152.8307533438198],[116.25221811092368,152.84125516628484],[116.29278239691351,152.83573296009453],[116.31536875368009,152.85139449480482],[116.31060214828389,152.83188335832855],[116.35929565782513,152.82213412328736],[116.36478009083136,152.81403389850854],[116.39746613690264,152.821396278292],[116.3802554388161,152.83721486718875],[116.42680704090633,152.84182543422997],[116.42842127036629,152.84913593333394],[116.46373615450385,152.85070494413782],[116.40742573340123,152.85642218827115],[116.41201500074726,152.86580978675806],[116.39518124147276,152.86269657032867],[116.37984149499707,152.8830170898117],[116.36315705999166,152.87436468347306],[116.33240803695149,152.87759697475977],[116.31698415288565,152.88993051837144],[116.30489259139836,152.87476814812112],[116.27830361081098,152.88734657420054],[116.30067101197815,152.90500018412],[116.24590552164915,152.88381746607223],[116.22472364039075,152.8908411996837],[116.22823044803533,152.9055971475239],[116.18883018448372,152.91585743088834],[116.19339400547113,152.927117823074],[116.20930620733733,152.92187405310747],[116.21675858391359,152.9449499181742],[116.23716108719984,152.94429555101027],[116.19339471673106,152.9645113212572],[116.16439851311003,152.9573415502863],[116.17337665173305,152.9661469734481],[116.13481037020051,152.9767883604165],[116.1271653997016,152.9968186488598],[116.167322088662,153.00558382375593],[116.21989904516644,152.98773503134584],[116.22008862067008,153.02048719738917],[116.25136835261233,153.0181305890262],[116.25747838011492,153.02462036864284],[116.26825173752778,153.005263184556],[116.28707739638776,153.01511286090408],[116.27781625136558,153.03280807080858],[116.29998970467456,153.04605745988522],[116.29660088226404,153.04059098880717],[116.33261038476809,153.0473980336962],[116.36722600751483,153.01820559169028],[116.3901073902286,153.016632165175],[116.3724197981341,153.0292036811233],[116.38512932622498,153.04476438288833],[116.46682244349441,153.0385735978618],[116.48004789180325,153.04140230715117],[116.44595555009539,153.06237390829503],[116.42814840974111,153.05489315255295],[116.37335139915541,153.08131287251905],[116.40259877022207,153.08113054891857],[116.38545875683769,153.08708499239236],[116.40993159090303,153.0986678201928],[116.43192382402638,153.09465144767472],[116.49058248492676,153.1165260235295],[116.52906276750807,153.09658717114286],[116.56000541200756,153.11133742362682],[116.58067734701487,153.10173617591937],[116.58222250078106,153.13743098417171],[116.62673581682134,153.13853829119967],[116.60527045764414,153.12795702074436],[116.60825198552101,153.10276679447503],[116.62360818440357,153.10048311694277],[116.59596291223143,153.08322127741053],[116.65420281438898,153.0908008584524],[116.6631741386837,153.08312764523936],[116.66718633248905,153.09106392014388],[116.68225110160367,153.0887467352741],[116.699451165968,153.1047382718962],[116.72521758052036,153.0670332068686],[116.69873043626545,153.05856217618953],[116.72552300127921,153.0550716710997],[116.74316879262979,153.04210848835743],[116.71910326140588,153.02202204755775],[116.76327866464295,153.03136909192733],[116.74676682602092,153.05761657565955],[116.79043266755178,153.0461317793779],[116.783345774628,153.06728077131925],[116.80931819341095,153.0653909328921],[116.82510395841547,153.0992000995004],[116.84884417732829,153.09701642678033],[116.86322120464837,153.07394021793885],[116.86844739205415,153.10538855434694],[116.88506858875576,153.11076957687442],[116.90303162810523,153.1025256813609],[116.93241220253978,153.13232315272367],[116.94863074037136,153.12559340551982],[116.9380404303744,153.11245681893195],[116.95727663284798,153.0928329201214],[116.97257695082808,153.10838078802396],[117.00948984716294,153.0947499090778],[116.99990512941737,153.0797853347367],[116.97071780836762,153.0768238788939],[116.98086612254711,153.0717195992691],[116.93406814750239,153.06830034208872],[117.0500907827655,153.05144687850088],[117.02377604704438,153.06070224261913],[117.05285212237857,153.0774679605774],[117.0627510288417,153.06658369705917],[117.09756184032369,153.07720555728343],[117.11260204407307,153.09448781478295],[117.09149464018141,153.12245972217443],[117.06631044919277,153.1099157185628],[117.08308017834969,153.12656810620751],[117.06984503302326,153.1342113214041],[117.08372135826325,153.13870679571932],[117.08788789456625,153.240368685343],[117.13156439038224,153.29877991952384],[117.13066730097727,153.35789844554785],[117.11437791587241,153.3488571658704],[117.07277262321838,153.397448837764],[117.09210085987596,153.47944222356483],[117.05072035639881,153.54292837420184],[117.0793988902494,153.64278256201197],[117.03739446357609,153.70875179987115],[117.05664059113747,153.73119791774144],[117.09501659395414,153.68012787677733],[117.08756917001502,153.73219340376704],[117.13961162864818,153.74534132411523],[117.16269049768707,153.68437425445242],[117.19200740071435,153.67775279839844],[117.18695983933858,153.6591658147018],[117.20582726657672,153.66706999417633],[117.21283700064862,153.59997291617037],[117.2691976963341,153.58307572184327],[117.28646012121442,153.55050770426558],[117.31865390900307,153.61500336104984],[117.33190657583467,153.59838350228966],[117.31295577253312,153.56687624574505],[117.32758766238103,153.52471759240888],[117.30644695182005,153.5191163071417],[117.29342244036215,153.47145665511397],[117.32882081123927,153.49349858149043],[117.33153340419776,153.44748119040128],[117.29075353128152,153.43379210224705],[117.22799124261421,153.48524651479022],[117.21338086228303,153.47450344455484],[117.2388422849479,153.43078102380818],[117.22283865559456,153.35321466908533],[117.20376846474181,153.36104339832303],[117.19556881496871,153.33238936667254],[117.2266574400148,153.26741702076282],[117.21392288731909,153.27026089191435],[117.20982148076143,153.2235609324003],[117.24034638841019,153.20739200217997],[117.23408918199326,153.16973240353045],[117.2485086405863,153.16985007130342],[117.25669538781062,153.12309962114102],[117.2443218446568,153.0561798451182],[117.23020722884345,153.0386969191531],[117.16281980030695,153.00068310484147],[117.14713066182273,152.9627573844806],[117.26881076975656,153.05270610803836],[117.29428601969556,153.12353140208137],[117.3519392435924,153.14202869516242],[117.36040900911566,153.12576838163628],[117.41352500909241,153.14990777969285],[117.42623633442355,153.13255851319514],[117.4401186848155,153.1565946257142],[117.46630259916529,153.15714598779374],[117.47430911947372,153.2010180659256],[117.50947576198861,153.18730558139356],[117.48090454694972,153.12913040381085],[117.5784823389051,153.16790149595585],[117.59090225680497,153.12817755540692],[117.53022482203751,153.12093910117295],[117.51425621785344,153.0951666892148],[117.56786636740176,153.00682590610165],[117.52448146457861,153.00636626069019],[117.55846132928448,152.98278538274303],[117.5191788800089,152.97939292494289],[117.52071851286479,152.9689163156246],[117.53791905233768,152.9688006523744],[117.54372599654664,152.948362249487],[117.59864694520738,152.9447758980765],[117.61094971603814,152.92637194208893],[117.6259302345751,152.92791511347394],[117.64509403154509,152.89384098201327],[117.67663043124824,152.90752742764326],[117.68853300772011,152.8970065483447],[117.7039422600219,152.89882806089378],[117.70846505211254,152.92903867844927],[117.68915759236751,152.95329975233432],[117.65975612662524,152.96564879111725],[117.7194543710797,152.98878262502114],[117.72624432302459,152.99843124648515],[117.7535890561685,152.98245962133183],[117.76641694927736,153.0107875240413],[117.77356039068192,152.99400580144479],[117.78367810792895,153.01949927170176],[117.80670855006073,152.9961212448726],[117.8060339905549,152.97098651676748],[117.82269923494587,152.97431589022997],[117.85383707822328,152.95924656670684],[117.88472810950518,152.98076438797676],[117.8716112927984,152.9940080557098],[117.89857603782875,153.01091141722708],[117.93815760619214,152.97191894389294],[117.95665011338562,152.98744386906105],[117.94332198043051,153.041946113677],[117.9623039025637,153.04576022508405],[117.94304832834773,153.06105243724522],[117.9512033244234,153.1072708681333],[117.92296426817654,153.11262835650686],[117.8976507171756,153.22890352707958],[117.84289139975573,153.22416305914444],[117.83003241275539,153.27027020158698],[117.89129674313128,153.2731789143121],[117.88739899516537,153.2896417730553],[117.92203524166416,153.299963209947],[117.95616480330943,153.34777271460604],[118.00068508178359,153.33857289889755],[118.03697086086873,153.36066151138905],[118.00098543171237,153.4061314413619],[118.03574612625525,153.41286927856777],[118.01975876201939,153.48953799522383],[117.9611657115652,153.61548565186416],[118.01060330120049,153.65571193934136],[118.09121558841701,153.64407499516997],[118.12419152212644,153.69088331607247],[118.11285145928784,153.71310180248304],[118.13139369117835,153.70990213788036],[118.15224059355168,153.79721839541665],[118.11804417716658,153.85530003976095],[118.16129067498463,153.86711163764252],[118.13463128604255,153.93848998584167],[118.09251494567218,153.97014270496112],[118.05378500710546,154.06024351396368],[118.02679367489444,154.08313720913458],[118.00369293716167,154.05572263317833],[117.96367357158013,154.09568389518964],[117.89748093922816,154.0424337602878],[117.81692548931571,154.12142628083606],[117.81234376266835,154.16964907287723],[117.78003779210539,154.20061791189164],[117.7841226140772,154.2877251992689],[117.7676893663087,154.31024432237263],[117.78768047488484,154.33176102925867],[117.79914048156797,154.29132836291194],[117.85216610078024,154.2312219336929],[117.83940783189063,154.1582671787669],[117.85984052206638,154.12274838828185],[117.85188710058165,154.1511018922506],[117.87419969123658,154.1804092371305],[117.88109883245971,154.25419226144422],[117.9020646969932,154.2271197926769],[117.89371445279977,154.1931533025557],[117.93331983241592,154.22026650393775],[117.91271872500893,154.27334901841868],[117.86267583156548,154.30584195566462],[117.89223474955244,154.3435394987638],[117.94606573509321,154.3205942149315],[117.97938945273856,154.17310802816652],[117.98713149185858,154.19365819044046],[118.02606027240222,154.17352087450433],[118.00054499663293,154.21420872235967],[118.00842965479404,154.28708953237367],[117.9877065091821,154.31227131456546],[118.02608493647213,154.3359579993435],[118.01820167069958,154.35377118342114],[117.98120438788925,154.33354757453145],[117.95685347862347,154.38762855251943],[117.90461249666097,154.41431133255767],[117.91350772038157,154.42389725110758],[117.8717933991415,154.47611039998063],[117.85297373137035,154.45915194650203],[117.83801665401914,154.49229820262073],[117.88461823794174,154.50441757176432],[117.91728956818514,154.44144217790694],[117.94494917890043,154.46438482606476],[117.93681445486698,154.4827991887927],[117.9819379993025,154.5613623445754],[118.0023185087274,154.54831061617296],[117.98037254271387,154.49762508856793],[117.9984879879703,154.48955683667572],[117.98556495795086,154.45020836341808],[118.03564932206586,154.47300643483018],[118.02953270129667,154.45299568355117],[118.07024929321489,154.42415733739853],[118.07027263480305,154.49167356939552],[118.1063942211761,154.50301647877774],[118.10758123067534,154.46795160916426],[118.12098324721525,154.47708228991158],[118.10237641311022,154.41798333256835],[118.06104604222435,154.37341250819418],[118.08019063211586,154.38404812672698],[118.12581234949559,154.35561446437828],[118.07350436973371,154.3115142057952],[118.08236461075978,154.2960103632442],[118.0419828601714,154.25035340803893],[118.03818493035058,154.2055492246541],[118.1800311612808,154.3507988565235],[118.23599270191147,154.3467183533045],[118.2541982179709,154.29858541348835],[118.19407730621238,154.31773831233454],[118.1272351175821,154.27749274993107],[118.10349629460777,154.2343377580293],[118.18284161848734,154.22435167465045],[118.21133335097187,154.2473905202595],[118.26252438874587,154.18301567482888],[118.24979231489482,154.14595621793762],[118.14054859184597,154.11807764831033],[118.1266332571985,154.07812989349222],[118.20324379517258,154.08878832936117],[118.16718325727356,154.05663871588962],[118.1547093759246,153.9718486291308],[118.18018017078616,154.02470159509488],[118.24116689762678,154.0638031507574],[118.24895576978733,154.0371256958238],[118.23438836046543,154.03353614854967],[118.26774847227563,153.96583864188452],[118.24964632684768,153.95321841473157],[118.26184201128864,153.94728921376145],[118.18826582769779,153.92098671901914],[118.24735039566983,153.89045410969305],[118.21276554853799,153.83219160657728],[118.23829520796966,153.78475393261908],[118.31916681545127,153.78857302215596],[118.31060081578963,153.76161697986095],[118.32987806148384,153.76133774134155],[118.32570974830836,153.69187380402866],[118.30396398345147,153.7162704245518],[118.2732806130405,153.64449580453558],[118.30333503181015,153.62827774849688],[118.31158852843913,153.66034751010943],[118.35411084984071,153.6229620491766],[118.38432596396615,153.68133564290727],[118.38356090789048,153.61997450488693],[118.40040266630763,153.6728219847457],[118.43538770721986,153.6349379911586],[118.46706102798089,153.70990648926895],[118.47925323441575,153.69076775937975],[118.54176760800655,153.73803988503755],[118.48786445134968,153.7967494909064],[118.46005408501091,153.86918338205635],[118.4372432223907,153.83250450058637],[118.4195481725161,153.8762435438512],[118.44992062525168,153.94590964641154],[118.44649722725745,153.983237177964],[118.50553269788347,153.98130182103728],[118.49822855360233,154.07986628256768],[118.47845022206704,154.10497812795165],[118.60004440282515,154.09480887938122],[118.58054954914519,154.12705628399732],[118.58995072659016,154.17929736565597],[118.64512087475711,154.19501155212532],[118.6716586610344,154.2636843787249],[118.71468718500256,154.19714334455387],[118.75257550585866,154.21426905026885],[118.7829491419719,154.2673394143057],[118.77906288895889,154.31926603884477],[118.81168053125711,154.29731392096897],[118.85697356116286,154.3730864020892],[118.89337383594572,154.32341120755063],[118.924555223265,154.35038437942995],[118.93290208538654,154.3216998279988],[118.86571736901169,154.2928574839357],[118.81293946072937,154.1807469704901],[118.7779552047826,154.18493530908216],[118.77369234365258,154.13283190605154],[118.79518454520337,154.0848470819853],[118.76880108975702,154.08345321435803],[118.71664090720968,154.01375022333406],[118.71846541367444,153.9610832524269],[118.75101845344324,153.93174932188714],[118.82938972619239,153.9753751663312],[118.83794145172061,154.00504306506417],[118.85953535076013,153.96331860605287],[118.80725854872736,153.94019052000988],[118.81384456016536,153.85207175989524],[118.84484831022863,153.81693005984533],[118.84167774130128,153.79176653534563],[118.88397243530719,153.81451549792317],[118.91818329173968,153.802551926348],[118.94285476284864,153.83088297395867],[118.95203429585567,153.78467630308808],[118.93157937174433,153.75439126010428],[118.94710776520341,153.6920256089825],[118.93866048592508,153.63280953091797],[118.96431262068336,153.60221268798705],[119.0073697193141,153.58517199868137],[119.01464688401225,153.7157418865294],[119.03894595469099,153.72239896808654],[119.06692503956285,153.6923573724806],[119.10029462252,153.734362605868],[119.09164271364965,153.82446138786918],[119.1170620902228,153.8795098107389],[119.0849329361614,153.96824608804684],[119.09812299581084,153.98489487732013],[119.15358797915096,153.90991457793334],[119.16911417016067,153.91458486076584],[119.16687869643775,153.84964008635365],[119.20090693948998,153.83457324320364],[119.22867921423975,153.8573159106509],[119.2102745294701,153.90919727863195],[119.24717790611885,153.92687178191125],[119.25289382616404,153.99525635380792],[119.293700919695,154.03410664941916],[119.27888135320583,154.0764136546347],[119.29077238976072,154.12618735039382],[119.24241042082585,154.0902884425649],[119.19062594371242,154.1101431818782],[119.17594884710222,154.17037502276244],[119.1950480750968,154.2369366518105],[119.22689723355624,154.1759656844276],[119.28607691864644,154.18340546493124],[119.27867939318196,154.23149317063098],[119.32200463336713,154.1978971310813],[119.3536303811752,154.22149023981555],[119.38958272707387,154.19519858198575],[119.37448374753716,154.18468769941765],[119.40001122749678,154.17708725822848],[119.4437881000896,154.21568892357658],[119.48318320566193,154.21244209372657],[119.48220075007244,154.22567795440744],[119.43851433223833,154.23808736648706],[119.41285670075428,154.2322241403356],[119.42302470901696,154.27499249189242],[119.50083931231953,154.23351309636382],[119.50841038557871,154.26244811859263],[119.44770313942652,154.3064558679136],[119.44839882893501,154.32589357580122],[119.37775394005095,154.33937554712531],[119.3851189747331,154.36775289773294],[119.35758985103394,154.45827132513068],[119.30544689168684,154.5245141667166],[119.27640031640126,154.64935803465153],[119.23776535328575,154.71425131800504],[119.30426176885683,154.73476374439397],[119.32710588205562,154.70653700326523],[119.3343679761056,154.7453113043036],[119.37849726946749,154.7614009967995],[119.37890046518707,154.726607675499],[119.4089577309147,154.71017228972664],[119.40186738030853,154.6533164360179],[119.43445914434317,154.6276522731877],[119.4414898992702,154.67793503177998],[119.4914952796546,154.66967430999821],[119.43951751219237,154.776123393084],[119.48038313936232,154.7745288523788],[119.49988480472322,154.80229568363256],[119.53251222906653,154.75624393869586],[119.5928706257096,154.72307885895833],[119.62161709858336,154.7421247480983],[119.57507820804508,154.8042415244876],[119.65933488685296,154.80467766419562],[119.70155931812647,154.76725301204326],[119.69069315857092,154.74912903435012],[119.73072978976887,154.66698366593954],[119.72776606674495,154.7197256443036],[119.74247017223612,154.65742899044687],[119.76278505269536,154.65063088922315],[119.76349293370265,154.67814485572563],[119.79497513150196,154.62019990671473],[119.77433189803216,154.6288123352496],[119.75457463704089,154.5771677251279],[119.80300411958575,154.58521044010635],[119.79384439903455,154.56452837337025],[119.81534370642319,154.548931108065],[119.81824982334605,154.59691130581453],[119.8396955806056,154.6100988958109],[119.82805665851633,154.52189406379924],[119.84208327943946,154.49562266802943],[119.88868544053204,154.53150252830832],[119.90373943960262,154.51891679535652],[119.8954305431966,154.46307797311226],[119.87649538515086,154.44905412274179],[119.89872507982282,154.4402668990518],[119.87668072216664,154.368323445461],[119.95001169906962,154.3988890099944],[119.94255652825173,154.35180360644117],[119.96048691370723,154.32038039459118],[119.93416665290425,154.29205019525824],[119.95452229382364,154.2958145412818],[119.96092016677709,154.24697675338683],[119.98715108540097,154.2393000718298],[119.98028124824812,154.18056107034573],[120.03687083544101,154.1507692692746],[120.03243901691037,154.18619847636637],[120.04781504965518,154.18460837775456],[120.03821257268191,154.21270608670284],[120.05845301091651,154.27224336674084],[120.0915025108475,154.27826638445205],[120.07135631891504,154.30620938436834],[120.10759810028794,154.32940567422236],[120.12614555751321,154.29158352203382],[120.10950038197825,154.25113211963657],[120.11954447267343,154.1984903100485],[120.1390634367522,154.21529205784003],[120.13991965114771,154.19852497165058],[120.1618179129018,154.24380537616648],[120.18374618411926,154.23752831334767],[120.20999437737377,154.33832511209104],[120.25419222883198,154.33508381326885],[120.28619283374627,154.28975689775032],[120.27385522536754,154.2435958140614],[120.30111177769038,154.25238365742376],[120.32894396333333,154.20040445864436],[120.37588608909095,154.17936693930886],[120.3998055075289,154.23417235775787],[120.36551282668972,154.2607438297217],[120.36582581939876,154.28537804244002],[120.4272960633931,154.30776297486472],[120.46240221009987,154.24912641592908],[120.45219931461477,154.23407588331992],[120.49368048784056,154.22640894813446],[120.52603374626847,154.1678985392309],[120.55706526618725,154.21378971368307],[120.55078250823259,154.1563088172037],[120.60462349703977,154.11737142211348],[120.6268069166631,154.06434326423175],[120.59279186366142,154.00628609488226],[120.61286534280826,153.97927502500684],[120.5945549656628,153.93274928216178],[120.64734934365937,153.90913798805073],[120.64844037478613,153.86513130813546],[120.66707604125585,153.8648601311055],[120.67665992622484,153.9115153001324],[120.69500589407885,153.88030672176782],[120.73289986209859,153.8869423093086],[120.70523497829106,153.84194004096764],[120.75901539027231,153.8427513164369],[120.7344998549126,153.76014603173417],[120.77356129824938,153.79646311927792],[120.81371946886107,153.77177413804117],[120.81490472463801,153.74193145134117],[120.87086091223458,153.6867371571382],[120.90458637294277,153.6908530884658],[120.9264572413825,153.64137572365007],[120.96302475532676,153.62269288233688],[120.95669479872612,153.6058104641565],[121.00143907683979,153.5681954960283],[120.99279232928467,153.52063949289794],[121.0261336792029,153.51230818610645],[121.04440991200038,153.4218462045005],[121.07334700074833,153.40947585509045],[121.09275351936435,153.3487450969508],[121.12038856424125,153.34333673255804],[121.18926786732118,153.23137352527036],[121.19818843497791,153.11510571189567],[121.23180247091847,153.12606643248358],[121.24035221313108,153.08938604589997],[121.26882731042635,153.08255898350478],[121.24848940794607,153.00363682737893],[121.30442354712042,152.90453084206405],[121.34713116155537,152.9341118717041],[121.37789903514003,152.85977431441032],[121.4122511313805,152.8648339797189],[121.45546529618133,152.80242280546764],[121.42901715052409,152.79260170720494],[121.41903446864775,152.74783843219782],[121.45333059766615,152.71279463695598],[121.44667454837902,152.68913259744426],[121.4643115003725,152.6735936773604],[121.5092750522759,152.70367817406586],[121.5135631004296,152.74037034287318],[121.5487008342581,152.71000137436616],[121.6305889980415,152.59639901817107],[121.62831686924864,152.56749063462556],[121.65475764818632,152.57496562369013],[121.67301668459403,152.55892058412402],[121.71713696739948,152.54771286565912],[121.71119941865838,152.52936799410625],[121.73796638945716,152.52923615532518],[121.75298162899611,152.5075532470295],[121.78649315386411,152.4984393179471],[121.8110924439729,152.50246607159772],[121.8460615506925,152.48579223980624],[121.83225348505974,152.47195366302734],[122.07504175687936,152.38520426880987],[122.13422082499265,152.39312713339245],[122.15974430641077,152.37835355186516],[122.22774019918758,152.39304496360026],[122.24165695944038,152.38731496298914],[122.27815079076228,152.3922010276531],[122.30490353558258,152.38245178032102],[122.32137659976223,152.3853397169656],[122.31254823167413,152.38962951581013],[122.35531184547246,152.39622058686405],[122.36342732570827,152.38427507719223],[122.43167834875761,152.35873600765558],[122.47617165092726,152.35993988108066],[122.45607902483334,152.3713747185307],[122.56464758653055,152.3587902313836],[122.6245090037179,152.3237995370252],[122.6696698224018,152.32560510409772],[122.70710325431516,152.30509619544722],[122.83787792887661,152.3090852037021],[122.88373648856421,152.2862806377548],[122.89049984773837,152.293262095902],[122.9175179939289,152.2914715592802],[122.81179982051083,151.9708360325974],[122.76451228189066,151.88574344876454],[122.63756648599691,151.59494514910222],[122.39946345614406,151.1989694257619],[122.23297972100181,150.95539871507887],[122.13270989837221,150.7379454450363],[121.58172346954012,150.15498257521867],[121.41874643997473,149.79962041018086],[121.21160835249026,149.21118223381038],[120.98358947596998,148.56271219537155],[120.94696997592062,148.30931631940751],[120.8815224050762,147.99917601214582],[120.6271516012002,147.0960786761538],[120.43512052422963,146.6502344337011],[120.24490490337607,146.26604696116632],[120.1729567814288,146.095595761417],[120.00260710374819,145.80004475936593],[119.27219222597954,144.65209315761393],[119.0892240568148,144.33520338860131],[118.73113345731532,143.5570182271422],[118.42047602777367,142.78410647850814],[118.21684951023072,142.18241953297013]]]]}}]}
