{"type":"FeatureCollection","bbox":[54.87030669508201,43.23616124791157,202.58792455975936,212.67442421521116],"crs":{"type":"name","properties":{"name":"EPSG:cartesian"}},"properties":{"note":"Created using cartogram-cpp / go-cart.io with custom projection, not in EPSG:4326"},"features":[{"type":"Feature","properties":{"BNG_E":417314,"BNG_N":600356,"FID":1,"GlobalID":"88801045-97c5-48a6-bd25-cb2bf6ed16ca","LAT":55.29701,"LONG":-1.72888,"RGN23CD":"E12000001","RGN23NM":"North East"},"geometry":{"type":"MultiPolygon","coordinates":[[[[148.96700005518943,179.11165938033093],[148.93934725669988,179.10710283715642],[148.95868897370303,179.122999852668],[148.96700005518943,179.11165938033093]]],[[[149.92014456491657,179.20498674894182],[149.906407376257,179.28681416941293],[149.92411528482413,179.28013442867487],[149.92014456491657,179.20498674894182]]],[[[145.00173183650077,191.51029642911655],[144.9974695815664,191.48647722893068],[144.98713959418063,191.51108374808493],[145.00173183650077,191.51029642911655]]],[[[145.00326500577177,191.52319190114446],[145.01281228725338,191.50428918967012],[144.9977477357827,191.5199595590807],[145.00326500577177,191.52319190114446]]],[[[143.20775291617173,198.93646934501788],[143.20752178206743,198.8572211025409],[143.17167294235608,198.95955388897366],[143.20775291617173,198.93646934501788]]],[[[142.16200988123626,200.37446311630822],[142.14992385968446,200.36011936429162],[142.13892724605074,200.4054216623534],[142.16200988123626,200.37446311630822]]],[[[141.63245551209286,205.92826817316083],[141.68595370376826,205.89557351331982],[141.6674288323784,205.87629168649784],[141.63245551209286,205.92826817316083]]],[[[141.6427630014306,206.79474467102335],[141.63798196174494,206.7780446942917],[141.5995496498174,206.81896872110644],[141.6427630014306,206.79474467102335]]],[[[141.5597264696844,206.83289722431994],[141.59171102832508,206.787194994382],[141.53857903055138,206.81997847378133],[141.5597264696844,206.83289722431994]]],[[[141.4723164379376,206.82442001761967],[141.5117592540687,206.78896597670476],[141.4261144387549,206.8178341781783],[141.4723164379376,206.82442001761967]]],[[[141.5310806504746,206.9020264223272],[141.5308566048065,206.88106633528713],[141.505799838868,206.90308863023162],[141.5310806504746,206.9020264223272]]],[[[141.20989865240904,207.15633703709386],[141.19544629569725,207.15618589013513],[141.1915090871267,207.1744530742881],[141.20989865240904,207.15633703709386]]],[[[141.8488809942395,207.22508916457042],[141.87968237657358,207.20825701061477],[141.840575805046,207.1526877928859],[141.8488809942395,207.22508916457042]]],[[[141.80059496228407,207.32156046432883],[141.91049730477957,207.25130089507235],[141.8595306332874,207.243919324656],[141.80059496228407,207.32156046432883]]],[[[141.84302887664535,207.35643036866443],[141.83247367566966,207.35594599603374],[141.84058536354289,207.3702682509122],[141.84302887664535,207.35643036866443]]],[[[141.81087455551628,207.39625932153476],[141.8155275516215,207.37353124675388],[141.7827544513216,207.38471016111438],[141.81087455551628,207.39625932153476]]],[[[141.90328205082005,207.4318491892145],[141.8619471450068,207.43589128852625],[141.90037910671504,207.46404422515403],[141.90328205082005,207.4318491892145]]],[[[141.79378373967924,207.42021650604653],[141.75786189714492,207.43927304752125],[141.76001920965976,207.47326481996427],[141.79378373967924,207.42021650604653]]],[[[142.0621533610613,207.4974951223292],[142.0613908321562,207.48870435064833],[142.02663558851864,207.52943384309538],[142.0621533610613,207.4974951223292]]],[[[142.01363930966164,207.57230744557376],[142.0285718010448,207.55953056033945],[142.00658223664914,207.57287729221025],[142.01363930966164,207.57230744557376]]],[[[142.06205115566274,207.57767340743712],[142.03392437840586,207.56100475717244],[142.02923664974918,207.587918941871],[142.06205115566274,207.57767340743712]]],[[[142.01601044929367,207.6418715485049],[142.02180975613646,207.62280393734403],[141.99434312942748,207.628415590402],[142.01601044929367,207.6418715485049]]],[[[141.99137028899867,207.62854345902923],[141.98221596407373,207.62771189742543],[141.98190064017413,207.64700326577957],[141.99137028899867,207.62854345902923]]],[[[138.679358427928,208.50402357957196],[138.68303507517174,208.48424013116323],[138.65839003418395,208.50540949561739],[138.679358427928,208.50402357957196]]],[[[138.9607242067439,209.0716369812939],[139.32833298390634,208.88769410520985],[139.66232605025363,208.95333670967187],[139.65974740630662,208.86448200315505],[139.82971454409576,208.82807737895834],[139.8430503680175,208.31334442681396],[139.64680158670126,208.40153391376214],[139.5307028000205,208.33676111440627],[139.4322216856986,208.6956148849165],[139.147503366414,208.78680866776799],[138.9723229445729,208.6188442983431],[138.86150819532637,208.70232972790262],[138.73892104708423,209.22817735202915],[138.9607242067439,209.0716369812939]]],[[[135.14181805697558,210.6462357664024],[135.13080902169776,210.65560112924481],[135.12770014439874,210.68732715556436],[135.14181805697558,210.6462357664024]]],[[[135.27617267918237,211.04864011130525],[135.27837734666105,211.025797540885],[135.24868374505058,211.1065666890435],[135.27617267918237,211.04864011130525]]],[[[135.74325574473139,211.21345148175683],[135.88135552708985,211.17884358567957],[135.77871303273326,211.19425775909482],[135.74325574473139,211.21345148175683]]],[[[135.71159700734648,211.21327423254706],[135.7180785916866,211.20226418861176],[135.66424667937835,211.21955604491473],[135.71159700734648,211.21327423254706]]],[[[136.36312338359159,211.4144171731897],[136.56232895963734,211.48962855068146],[136.7719579668162,211.1624312767093],[136.90416987405627,211.16559556909655],[137.4078944932803,210.3123823889334],[138.11570716543918,209.5619375785127],[138.58743130160346,209.2616108725939],[138.5138125028622,209.25072534454617],[138.66155037416237,209.17552873814776],[138.55408338144332,209.08928134741845],[138.6042238686817,208.81966685808177],[138.54684694016055,208.91167487142158],[138.45693031142844,208.84827383802553],[138.61676361740882,208.7883772564022],[138.63438364764485,208.54549607464367],[138.72942957735896,208.30092880859186],[138.66391492941983,208.3053684773356],[138.94208729756167,207.90104202492543],[139.0210194352365,207.63851052945947],[138.9734252419893,207.71343803478862],[139.04086155552156,207.60612886061114],[139.4201367558307,207.33398392790733],[139.5723648099554,207.43940537441927],[139.6894012107392,207.8118822028329],[139.63228342520586,208.06642665481743],[139.79345877995843,207.74522661770968],[140.17682119202448,207.0137890978582],[140.16807639735163,206.8728887795923],[140.13388133773228,206.93533680537163],[139.77955548355885,206.8182003957835],[139.88675404615503,206.77735084938996],[140.01058358154376,206.47500916176656],[140.28776016629496,206.87571401944246],[140.60715353634174,206.81493055413452],[141.0185136699571,206.52941949856697],[141.41331361297753,205.98178096108305],[141.75702082413602,205.72653392653368],[141.60673131864567,205.58422852201863],[141.6620709497473,205.6130723724969],[142.06679277637875,205.05472961175113],[141.95798202115958,205.04076512103455],[141.79418880742958,204.65844313251972],[141.83783513659475,204.71790249392853],[142.0202901728781,204.34140026452928],[142.18185094017855,204.19386714302124],[142.09194030441327,203.99675168551101],[142.15412648106587,203.86032907017656],[142.11579496935073,203.65774374546896],[142.1927565122236,203.45330559982176],[142.43386017527547,203.3540484557643],[142.42742732604546,202.39413104925913],[142.5164836220954,202.06364926184148],[142.43438270597503,201.8936587846891],[142.5110981193174,201.71726329304417],[142.6394282585939,201.66800151163585],[142.61004505288622,200.93894300672713],[142.51640356725005,200.91959739826402],[142.2357287688383,200.35155850803977],[142.15194385564246,200.6344198834447],[142.25496874040687,200.6132448379436],[142.1495735723393,200.77221255004355],[142.0992937631123,200.72680718046112],[142.15234103649397,200.76556302607963],[142.24540099240332,200.619772560153],[142.17841917134123,200.6553281424219],[142.13922069639463,200.62896686769858],[142.14071778180198,200.4949777991531],[142.09042714478105,200.49388417253562],[142.16224480321011,200.327198728007],[142.22281100872118,200.21255528440696],[142.27077710800611,200.3306123093783],[142.38069280815614,199.79915533447777],[142.4657382290731,199.42205056354788],[142.6714822821282,199.06878737730443],[142.7833989084445,199.066053457652],[142.6639366024265,199.01596722348128],[142.53221171341357,199.12002513443974],[142.43821965004003,199.38472883539586],[142.51773900746863,199.08326463004408],[142.31503159133342,199.22383446094818],[142.28733614600944,199.37216633275506],[142.21159221596344,199.21945879597436],[142.07641194100603,199.35128458564162],[142.19959576453223,199.21332335438234],[142.23752680889703,199.22370589684243],[142.28441258337966,199.35993485389048],[142.30535908484833,199.21410943970687],[142.59670439543257,198.9792461303051],[142.78235809598533,199.04235678462112],[143.09485185490902,198.57021546579693],[143.10773873036524,198.2759222517043],[142.91365932154997,197.74992676219918],[142.94325697727876,197.30219530697687],[143.11444643956992,196.67736816127405],[143.58422655805163,195.87872027318906],[143.57255814692783,195.61648463910365],[143.82729356846363,195.07288950931556],[143.9326577724374,194.99771605388645],[144.01762827004956,194.6922095461646],[143.88819625785163,194.69227269101555],[143.7200113555778,194.0793660533035],[143.54007197007058,194.0837941584436],[143.66954278704856,194.0622428767205],[143.96460737259434,193.48513007597296],[144.3186929016882,192.82497723170883],[144.1585603169399,193.10357150021082],[143.96574240101663,193.32650151316471],[143.7916170897087,193.53876547020502],[143.8317569091886,193.405659751603],[143.79494866999707,193.49154590377125],[143.65641271049026,193.44091501879265],[143.35697893043954,193.68421266323895],[143.6675272734141,193.39084718482738],[143.279840634133,193.32292122921422],[143.2644744829342,193.25046124773993],[143.28328216352932,193.31731698777187],[143.57433472873035,193.30005972069173],[143.74369939571415,193.37041031105016],[144.13324282672843,193.08885285091026],[144.22482382089137,192.81730304426168],[144.21659390530053,192.924206607203],[144.29377374065535,192.76549583095377],[144.24666474056687,192.82616126742423],[144.21749501230477,192.53582694320926],[144.57848863133864,191.86015521053793],[144.57124541594564,191.6977543679107],[144.58226427579132,191.8490228610274],[144.67106660095007,191.87191302541527],[144.97264476111337,191.45351655106094],[144.93974947084453,191.24196827966347],[145.17405033084034,190.76055568547096],[145.37829137288395,190.56771866477067],[145.3300114190784,190.47284326735146],[145.53450462694656,190.06581139026423],[145.7874284597907,189.9262170674914],[145.589679572016,189.98490744172028],[145.18794174827295,189.6148939884933],[145.21638354933916,189.49248071889764],[145.0911184181211,189.49181005241974],[145.1788270792986,189.38406421175407],[145.2057286174296,189.43553689175002],[145.19376830742618,189.35983104987938],[145.09206864144863,189.24145446411265],[144.8968189608108,189.31068547095705],[144.43884277448336,189.26348371913286],[144.23776744645843,189.47043117167942],[144.42825286228017,189.26292184970663],[144.0385437759451,189.22148265537152],[144.0024869167476,188.63797798624682],[143.81445462823532,188.54252996079936],[143.64478303209395,188.70238652465423],[143.4815109161562,188.74911453776932],[143.3283957660322,189.00001617681542],[143.37819880814226,188.88378375737557],[143.27682362186533,188.9069817939312],[142.97437780466595,188.68102942470136],[142.240032669224,188.9053241601664],[142.11674614000896,189.0221706476061],[141.94702188072583,189.1572759539476],[141.90943899117616,189.17772515355983],[142.00045375966175,189.11227588492886],[141.91045552754457,188.99338094059536],[141.72397203612846,189.11384416502426],[141.71120595338348,189.22664341728088],[141.36950449683522,189.4883029327586],[141.20975429025788,189.4472151078228],[140.98060411062932,189.5719791222575],[141.1402707389621,189.43896507897992],[141.36758385450588,189.4487458680007],[141.68332721690837,189.22047229568352],[141.71479193802983,189.07330377036004],[141.92865637718688,188.9526581909166],[142.01929715395227,189.0509307227909],[142.29437115642082,188.8354169951388],[142.09351424974014,188.46217207573804],[142.33652751089815,188.8400081744125],[142.8124293636445,188.56714167351691],[142.95529972843462,188.32732353618883],[142.81491795633198,188.5742161416627],[143.34866019379325,188.86794673083375],[143.4887218821509,188.69654082476026],[143.83804106781616,188.4865153131601],[144.0212876524984,188.55034223605284],[144.09671132065154,189.1361810165935],[144.86883278655603,189.18473584264518],[144.9224536794135,189.03800795406622],[144.83206204065812,188.98668428319039],[144.77836196145034,188.882492522909],[144.8295823557265,188.98115004047975],[145.1107565464096,188.97382019187853],[144.9287256943898,189.03999656337788],[144.87614087442896,189.1816454730628],[145.20167344252695,189.12342132117473],[145.30800256066146,189.66685338531406],[145.51762927458782,189.75662262524025],[145.60394764534553,189.6207627631772],[145.83979123838344,189.8311995717221],[145.6630794947095,189.63756896139023],[145.78248156806944,189.41168136059235],[146.19183703883985,189.12527079123805],[146.2035278993363,188.98013504938186],[146.5089953607482,188.71245560737094],[146.64267789107325,188.34021819457425],[146.4788795086111,187.784229100619],[146.60942782984677,187.39949145416728],[146.72664148731548,187.3452242051752],[146.56450658733945,187.39125755006657],[146.59050734283397,187.27328703743902],[146.5121941330012,187.31173007757238],[146.447445681844,187.06977930642478],[146.2512643917979,187.0674641775498],[146.11051366762132,187.27680090595805],[145.917473330071,187.18784741131424],[145.85264081251947,187.2736418842013],[145.66386923523282,187.26977454895814],[145.3662395111074,187.10091113723993],[145.21229153950352,186.7897097038351],[145.12880451321857,186.9315437386466],[145.03288872479678,186.93340835031728],[144.45411373696035,186.2924748404592],[144.45688177474045,186.1162096152312],[144.16563308032127,185.96400764630536],[144.25922344384756,185.95827960995535],[144.45943761491674,186.10499190670697],[144.456882762133,186.27063291684027],[144.61964887965067,186.3311874024692],[145.0498067147399,186.92327971362803],[145.17836962313515,186.79619259656374],[145.22574692821712,186.78033034621458],[145.36595255417953,187.0689615636717],[145.8144511721446,187.2440921518866],[145.95322201236195,187.14441642069488],[146.1453045554233,187.22056775048287],[146.24744915574325,187.04583001132443],[146.4670506944577,187.03487720631128],[146.60577641401937,187.1053343801022],[146.60618231470556,187.23747121503376],[146.6524909375838,187.1397641921679],[146.72343326962744,187.22917997407143],[146.69203563867265,187.16025245918075],[146.78039006626392,186.92178739075263],[146.64555975014628,186.76103558153955],[146.89920519209056,185.60138509671432],[147.24769845925366,185.0162315598693],[147.15775840540516,185.01585594113158],[147.4071586616622,184.25162852136788],[147.48776885578962,183.42122389527304],[147.6553834851765,183.0574000173999],[148.44772273284724,181.8996654547486],[148.87684818486824,181.4459465540647],[149.4383685431922,181.04267893962725],[149.4954305977099,180.8529931595079],[149.27961585856906,180.99004915868784],[149.33586204850764,181.00493048899148],[149.1963433551408,181.04510887365015],[149.31418245827365,180.897331644841],[149.21456550426507,180.8829770876547],[149.2346957914727,180.79046214834028],[149.18666769896012,180.865246117685],[149.18641791762374,180.71342913854392],[149.24035851149048,180.74291567558728],[149.18870021983406,180.56652093266877],[149.4167437435354,180.00376009703524],[149.7108943039397,179.62710086925745],[149.79515686357027,179.64450687575078],[149.66686108096334,179.60296166224413],[149.61446819555476,179.2640085133207],[149.78054500606106,179.29553198723954],[149.69277911202977,179.23397205018296],[149.41552823935854,179.25616600502266],[149.26733883913639,179.00878233003075],[148.91098354207347,179.14824245214905],[148.87667012143547,179.12241294288384],[148.78039961309818,179.3359869605226],[148.73141956657116,179.10077163574522],[148.5540453853216,179.18807994418773],[148.73337899678754,179.09830924591418],[148.8120637415671,179.20303511717862],[148.84480021146422,179.11323928705616],[149.071256658034,178.99544443405642],[149.63958403228474,178.9414142941278],[149.7214536563701,179.10835000578834],[149.6524135476789,179.1600714691174],[149.72746991709352,179.1080728477273],[149.64808818300364,178.9508705404391],[149.7181618645262,178.88696275004824],[149.78060869789152,178.95851013257217],[149.82190328150065,178.62702859508966],[149.32181613229636,177.94137997233074],[148.9307303804945,178.03722934268242],[148.70987486988145,178.26881712915343],[148.56891997081667,178.18730295416543],[148.53738802950502,177.73155459995291],[148.5011860580489,177.81899507926556],[148.0336749183576,178.21059166931977],[148.05603732104882,178.13431795640022],[148.23742530653996,178.03226799483065],[148.5378469111054,177.7058972194685],[148.24660031252648,177.52537785670037],[148.46337355738,177.30953805952868],[148.39896846029092,177.09106919898255],[148.46477796122596,177.31208088753397],[148.29680010026775,177.55057898326783],[148.54134569325555,177.6382716496626],[148.64560162074048,178.19373437377578],[149.14398856537693,177.895414476611],[149.09181625779684,177.8412049720039],[149.28464531357378,177.8564792520135],[149.3077173796512,177.77322495808198],[149.29340409859606,177.85090591139925],[149.43607156089627,177.689752058302],[149.3162030168913,177.86211529607917],[149.8365525441676,178.46780556290528],[150.02451940629086,178.30729419406728],[149.87025649902853,178.4897143911808],[149.93104203137466,178.7295527229335],[150.19943159993954,178.54641772237323],[149.94241824562434,178.7448709623256],[149.87648094409303,179.12768704173794],[150.12168575114623,179.11928181704354],[150.0339388933086,179.32711024223323],[150.06775516577477,179.6036443804951],[150.09438762596255,179.40625385737295],[150.42617778474144,179.04388702842962],[150.7557838107095,178.84128243995792],[150.9888666723929,178.82536700372043],[151.2640083280454,178.66027088604096],[151.4347162096554,178.41778998809934],[151.96040816156673,178.00723890917342],[152.583544432696,177.7626062733421],[152.8487282920909,177.87241100802453],[153.20287075305623,177.75313297602852],[153.56747767871605,177.4141494972645],[153.94192380496253,177.3231192017202],[154.21624129026785,177.37136020124174],[154.87092830217125,176.95991740348933],[155.1636016846215,177.00478651967643],[155.09591454135006,176.9616913455687],[155.0888677468766,176.95600353406144],[155.0881515926139,176.9497824815773],[155.08782434399836,176.9469397217611],[154.99994351507493,176.7377774021461],[154.77764246875753,176.7931133076491],[154.48234672632785,176.53075749102138],[154.28893820426964,176.08165050022168],[154.27368429676827,175.41088530382638],[154.42577698905356,175.0243045930645],[153.9639393410917,175.09809320936745],[153.94988599014508,175.2201002742384],[153.68884217394339,175.26383948876577],[152.84750165553712,175.07573527588147],[152.61863353421694,175.35450506880747],[152.1024406329949,175.5506577764819],[151.8317260278917,175.54375380577181],[151.67171869707227,175.32275535834643],[151.35693865686937,175.53901394843305],[151.2966983768395,175.4903937788754],[150.89230419318997,175.7725721210012],[150.67152854574232,175.72564843343386],[150.64544334529134,175.56793917792498],[149.85101101532612,175.76367135909175],[149.70457807903415,175.90848339639405],[149.09601031513864,176.08973591096594],[148.9601678939727,175.81698659375758],[148.77229061172432,175.81979731102774],[148.78070454275004,175.41048802340285],[148.55239100535096,175.54482585880507],[148.35676343271558,175.47348565997453],[148.40144454727272,175.31331079476672],[148.19415873807168,175.13300035915884],[148.06135175963584,175.18652866936208],[147.67154471909706,174.83930209000698],[147.64949413942122,175.0847599219459],[147.49662718304717,175.11593208450097],[147.40126091603338,174.91923075054274],[147.26043737572797,175.1740875844509],[147.29829329554656,175.52795078208453],[147.14749784898476,175.77738909552053],[147.138973037266,175.59755098348938],[146.97351008163972,175.54818812605288],[146.8664217182695,175.81380620424554],[146.80538364221064,175.7982960400252],[146.78656293863943,175.35007231320006],[146.47787474092533,175.45969106097965],[146.55782392949752,175.5418856802852],[146.09517735580863,176.18572488715793],[145.93023656621398,176.12477142006802],[145.9370999811381,175.96336819372448],[146.0770631535885,175.95671600458041],[146.15663963145175,175.50599707856014],[146.08381996757691,175.28842131137884],[146.22029851724145,175.02607943567978],[146.11404821564597,174.91070023215434],[146.22889919346977,174.67600555388216],[146.15776956247754,174.6120973995912],[145.9984609512999,174.75952720946458],[146.04266842386997,174.97854136819436],[145.8815216865871,175.35615895038555],[145.6286112302654,175.3732052677106],[145.6886528362652,175.70463010966685],[145.5169612322211,175.57986966089842],[145.45780975743008,175.39196249158294],[145.38564659041072,175.68286401065546],[145.21578445247025,175.7081119990759],[145.20955615212569,175.44032015014488],[145.35273072423476,175.28772045420877],[145.18425370477786,175.24698031509374],[144.94021845507362,175.4265520431866],[144.87509576236093,175.74277129947168],[144.63567890218903,175.9185095735308],[144.4956317023443,176.16557331169562],[144.53999360674956,176.3682168905607],[144.3821839807607,176.34946441860558],[144.49973137192111,176.5736063599706],[144.22663969434473,176.53905812574516],[144.23913920244797,176.7102042681382],[144.05869861779993,176.79005890355245],[143.89228292056578,176.65337299908404],[143.72800426341055,176.7571240393192],[143.82172550306717,176.7887102562782],[143.79666914035914,176.96572488496],[143.50733101307225,176.99546629134875],[143.46742168910373,177.23668159104693],[143.14067738892464,177.23629414720412],[142.62241757313876,177.47884018812465],[142.51920411207817,177.14058637563068],[141.92746605433945,177.3122861417411],[142.01180183591424,176.63453499203135],[141.9337393645628,176.64899780156134],[141.82421127615294,176.01005570932037],[141.43721468592204,176.3517602050507],[141.22580386124056,176.74897604875034],[141.00286807533152,176.6274563391108],[140.97876757143177,175.98518899000499],[140.87891340945222,176.0004547044275],[140.54425538636232,175.5573860379765],[139.91864925896763,175.18286804005209],[139.57947923206265,175.14654934477167],[139.51540164696564,175.40291228597945],[139.40041937785978,175.41622771247268],[139.27172863145347,175.6389314153818],[138.69520978327395,175.93052210924213],[138.72272798309137,176.1845508162272],[138.52479408876906,176.12373839274687],[138.15601951539054,175.7444384632771],[137.30768602943368,175.50717685341672],[137.18048448244355,175.3722641073318],[137.03392008609475,175.4557265886354],[137.2067044190618,175.88021975296797],[137.1260103680219,176.42227945890198],[137.18289715821714,176.82900339890548],[137.03550899623633,177.3589525628834],[137.07014536871552,177.6746056711717],[136.94873222246133,177.78662573053577],[136.7543109017971,177.70966989903323],[136.58313124603177,178.04230628966963],[136.59894099838624,178.2809024821358],[136.0746075935937,178.6942907989647],[135.72527571035977,179.20733822007412],[135.24610412545428,179.6326240274033],[135.20089783040956,180.0937806355419],[134.97745995861817,180.67273028383423],[135.47844948340406,181.17855516586178],[135.4007652389746,181.56770990764699],[135.25988315800453,181.72535130252157],[134.91406480275688,181.80013025614994],[134.54669417804402,182.25635496436928],[134.47349662070178,182.61084116328257],[134.6782937599561,182.82424544279704],[134.66883127814,183.1306687554322],[134.88397698688922,183.39731578607208],[134.78823883339217,183.5582580599779],[134.90015471096993,184.52563161391348],[135.02656816134407,184.66295537824556],[134.96360500289617,185.20728527549127],[134.81515123318044,185.34100752066684],[134.7450188084131,185.6407911354318],[134.44048105614849,185.72326528581272],[134.04527983690855,186.33124234918415],[133.7763721466502,186.5362635246123],[133.62229521531,187.05012940474356],[133.47272269342366,187.19921318189438],[133.3424153715089,186.856520580622],[132.87453681027534,186.59128951137774],[132.80177028782924,186.6733991088659],[132.15178740742078,185.99054299879862],[131.52594937950423,185.8700644712838],[130.86636965648407,186.37307968237388],[130.63974977283476,187.00277276560712],[130.8141386888417,187.20788928822202],[130.21290211500076,188.0217728864159],[130.8058853472445,188.35786497486885],[130.98553140174187,188.95792509889225],[131.13710356480772,189.01745832515815],[131.08180507510195,189.08216106757646],[131.29503276526492,189.14224373229393],[131.30271698651597,189.26473598389896],[131.23604633805334,189.22764406786715],[130.8629789778572,189.74756010067637],[130.89957416462047,190.01531076223876],[130.31619565357107,190.206239751618],[130.27119851392814,190.43503245007642],[130.45421632215425,190.4500286802666],[130.5626381659038,190.67560603429212],[130.77233725665113,190.81455904089586],[130.84509962076658,191.22457343711116],[130.73343381009477,191.25298661301417],[130.7317715795915,191.5912196115103],[131.37549281267712,191.9378271845253],[131.44804606247348,191.89895080044337],[131.45009939786297,192.00035751942715],[131.708831565831,192.0717221105465],[131.80751494024284,191.98128687829194],[131.77964941483606,192.07721095126857],[132.13206090512145,192.1382113102319],[131.9235933969624,192.4347891634879],[131.95313091020586,192.54459598765067],[131.90005206648493,192.50542043900595],[131.7569377330777,192.77431200601444],[131.9070577382903,192.8378426505459],[131.7742605636796,193.09161541573656],[131.86225626654266,193.26044224263944],[131.9933127245634,193.23195078239044],[131.74681618404816,193.49296042953543],[131.49814116760507,193.4842464793516],[131.48278011003185,193.37391430283657],[130.8758294530645,193.31818397986677],[130.78738846025718,193.39041897637094],[130.83499663775459,193.53002442917062],[130.5881551535086,193.78683327718494],[130.40250592889,193.78834960859962],[130.4016765666079,193.90944567166224],[130.1912161075935,194.00985544400962],[130.17249116209453,194.2143468157978],[130.04082391895344,194.2937485969789],[130.0298450600066,194.5277865524214],[129.0480830547461,194.73312955073976],[128.70827076820694,195.16892673287913],[128.5946298280021,195.184061091978],[128.2920946985505,195.71943677110787],[128.41851095404547,195.88627526188785],[128.13735862178248,196.32439736622237],[128.47332593473283,197.11342899913978],[128.8336013452405,197.0510303444397],[129.13452476736998,197.1275264098328],[129.02979075530027,197.28172440972884],[129.08116529083264,197.6459179136769],[129.42727989398287,197.6835580085035],[128.7141680807334,198.0394141616818],[129.08600668998216,198.0714823697389],[129.0365270267983,198.2138360440013],[129.33763216467,198.57138649358166],[129.9600277977005,198.87085204447686],[130.16053839196593,199.22558608231083],[130.10893223951126,199.3776639507195],[130.24970413049715,199.32161101540333],[130.69178616702516,199.48111408935821],[131.11106497819293,200.2165642843742],[131.43422423800368,200.22833937557488],[131.81785067477975,200.38197476849965],[131.95839867867218,200.2881948281266],[132.142540991061,200.3388431764953],[132.34192681842674,200.1748043254211],[132.37113790417467,200.03184048550395],[132.6379689720938,200.03384536314303],[132.7060322362992,200.18669142754],[133.1401252589143,200.47973790885104],[133.01592934115953,200.64469136610688],[133.2102022720513,200.8487501403704],[132.98335219040075,201.35607014282488],[133.11863094981342,201.41573340993983],[133.1235887282919,201.62554373723725],[133.37861849011222,201.52088191757804],[133.5870096022966,201.7226571588992],[133.59483390086746,201.87076504602487],[133.88578486071356,202.09283180495248],[133.99632465681043,202.05641992352886],[134.00903431924826,202.17283672624092],[134.39653291196984,202.02177977975484],[134.8427412503159,202.4388277063871],[134.8711185930156,202.86350036448195],[135.1683592774206,203.0343114040985],[134.6984316786779,203.24844209356667],[134.61598000332884,203.43039893803837],[134.65625306480655,203.60660700677747],[134.26770756406947,204.20908197979793],[134.29035921308625,204.56823635481277],[134.14492121026115,204.770576321041],[134.10756017739462,205.19141049074528],[133.96101809260023,205.50269045640542],[133.14626882318984,206.4156066866743],[133.19924354408244,206.7043187717113],[133.03314159397073,207.05285573240246],[132.85836113723957,207.1394542131701],[132.71277422420937,207.42001072820383],[132.80558282826928,207.4674479531733],[132.79329375703196,207.6506830904887],[132.62239350176546,207.59307349999426],[132.41021899680692,207.78257344117992],[132.53924103681072,208.08771028800214],[132.88216706171954,208.1640854539671],[133.02439689254447,208.04097110540812],[133.47509447319635,208.02497481965972],[133.58673287402203,207.88224773308983],[133.77380949964387,207.8859428897689],[133.80309687833312,208.00732200326553],[133.5729148097688,208.18873558861642],[133.7892677410652,208.5058877783053],[133.94248170446622,208.54174834687365],[133.9124415724958,208.87974920108073],[134.3680052591653,209.61749035796288],[134.54394716286845,209.678050241733],[134.3816534802071,210.0500849736929],[134.71634857507027,210.13311027164474],[134.71276991946758,210.4874358579639],[134.85731539944018,210.63632944634153],[135.16168089318697,210.56179281965075],[135.19648293377574,210.84903744906808],[135.28375625209895,210.81938906075354],[135.28077075152032,211.19845967650997],[135.3969802394582,211.25357877811854],[136.0121614880882,211.08320676392816],[136.25286568429556,211.15840213708617],[136.32930659772484,211.44205308531645],[136.4479587121949,211.49589518991868],[136.36312338359159,211.4144171731897]]],[[[136.3527742118376,212.41835852623822],[136.83857301223927,211.7149201031897],[136.9130538734814,211.3024301655189],[137.0163623132937,211.26524249345772],[136.72821021031544,211.29834059232095],[136.5628948972552,211.5733441855374],[136.29331151346327,211.4896985405759],[136.2395645639702,211.19442922252537],[135.86425573699975,211.26765402809372],[136.14870345976593,211.1354395660161],[135.56940542755171,211.2660635822049],[135.5101365632155,212.16802577163497],[135.83358355037356,212.4417650858511],[135.97099592395168,212.4293463620607],[136.21544343969026,212.67442421521116],[136.3527742118376,212.41835852623822]]]]}},{"type":"Feature","properties":{"BNG_E":350014,"BNG_N":506279,"FID":2,"GlobalID":"fde097f8-6ee2-42ed-be9f-308dcf84b60c","LAT":54.44944,"LONG":-2.77239,"RGN23CD":"E12000002","RGN23NM":"North West"},"geometry":{"type":"MultiPolygon","coordinates":[[[[117.46240037378973,138.1757178000893],[117.41941774715458,138.19777874150316],[117.45303345165364,138.21051327184318],[117.46240037378973,138.1757178000893]]],[[[115.39436799860583,141.7182917665812],[115.40343266484979,141.66490448467005],[115.36363275885546,141.71221759815595],[115.39436799860583,141.7182917665812]]],[[[115.10958087436946,141.9368646365609],[115.16960404993227,141.850206921446],[115.08395842063544,141.94079110779393],[115.10958087436946,141.9368646365609]]],[[[115.04388740327303,141.96476197497145],[114.96904126593739,142.05316207308027],[114.97378246391446,142.1104464524549],[115.04388740327303,141.96476197497145]]],[[[122.13912576414646,152.5808742860692],[122.12085751264988,152.57817709788296],[122.1260196094785,152.59047038849718],[122.13912576414646,152.5808742860692]]],[[[122.02900273002194,152.91768987009215],[122.1580233836617,152.75628005535168],[122.01187036773695,152.89566816056063],[122.09994525253023,152.81519366291107],[122.02900273002194,152.91768987009215]]],[[[122.37059669025635,152.9385239785894],[122.3864227048503,152.9197981377813],[122.36247159691959,152.90859604159846],[122.37059669025635,152.9385239785894]]],[[[122.02204385148487,152.92151923370457],[121.96305560655827,152.91196036018997],[122.12062727749685,152.7197322608797],[121.86336299839593,152.9099487849552],[122.02204385148487,152.92151923370457]]],[[[122.045500619238,152.9397469845772],[121.96721427036562,152.95298721828004],[122.03045002528413,152.97952192908804],[122.045500619238,152.9397469845772]]],[[[122.22842883918585,153.00933094258286],[122.09600365694556,152.89823804250716],[122.06233724388318,152.98335954746838],[122.22842883918585,153.00933094258286]]],[[[122.38724723881316,152.99715510292108],[122.37704581713238,152.9313250464932],[122.38436058925413,153.01760446339938],[122.38724723881316,152.99715510292108]]],[[[122.34154524452545,153.04150897117012],[122.3006256425588,152.88328547556716],[122.11934912061724,152.90882424183093],[122.34154524452545,153.04150897117012]]],[[[122.37747429899895,153.01606244860974],[122.309987800631,152.87464394366927],[122.35616196203839,153.0429762661472],[122.37747429899895,153.01606244860974]]],[[[121.35289558317552,156.72872092220612],[121.3161939516687,156.73624555313086],[121.44592736850672,156.83387970784372],[121.35289558317552,156.72872092220612]]],[[[120.41269315360815,158.54313493890692],[120.42227803290479,158.5314154130063],[120.39858196265475,158.54735657843506],[120.41269315360815,158.54313493890692]]],[[[122.24541058422469,159.5020342846958],[122.23164084100068,159.49814090911178],[122.24855821102173,159.5257727861469],[122.24541058422469,159.5020342846958]]],[[[122.38186965518221,159.52924904102065],[122.37504158793709,159.52703738493858],[122.37381666517082,159.53697778020734],[122.38186965518221,159.52924904102065]]],[[[122.41159432832114,159.5429952578041],[122.38266773673217,159.52988783840416],[122.37443815245607,159.56373066752198],[122.41159432832114,159.5429952578041]]],[[[122.2379164877525,159.5685151228758],[122.23283038848672,159.56066483179342],[122.2165106049388,159.57519406725666],[122.2379164877525,159.5685151228758]]],[[[122.50003873145977,159.59434119493073],[122.43237988877472,159.58667620818824],[122.45415400487838,159.60963365064052],[122.50003873145977,159.59434119493073]]],[[[122.53346352169129,159.60772352535832],[122.53956525693539,159.59195575781658],[122.51531753746353,159.62872110058856],[122.53346352169129,159.60772352535832]]],[[[122.25873674866295,159.666219128918],[122.20197596150311,159.65735889632893],[122.26031019431684,159.69885415302096],[122.25873674866295,159.666219128918]]],[[[122.74305151683906,159.6980018215669],[122.56023500611292,159.66951159659294],[122.73759306071317,159.7574633727255],[122.74305151683906,159.6980018215669]]],[[[122.66602251295497,159.73965461182607],[122.62484269728344,159.7955583325582],[122.70877248024678,159.82547441219413],[122.66602251295497,159.73965461182607]]],[[[122.6769494029088,161.011573817859],[122.5307278514765,160.97150944468004],[122.54285771768059,161.05395548473848],[122.6769494029088,161.011573817859]]],[[[123.27261373815841,161.48944494378003],[123.25713321137057,161.47674000094563],[123.21926807472624,161.47464213637545],[123.27261373815841,161.48944494378003]]],[[[123.17849817977662,161.49438313783395],[123.18641228540028,161.46222070022145],[123.11805621488301,161.5034040893246],[123.17849817977662,161.49438313783395]]],[[[123.16068415334614,161.51651786716465],[123.16478982641723,161.50836532050943],[123.14975288388489,161.50981046290866],[123.16068415334614,161.51651786716465]]],[[[123.1687333943074,161.5454339345594],[123.14779864241368,161.51741072724133],[123.14502939346993,161.53701798698313],[123.1687333943074,161.5454339345594]]],[[[123.07145743304469,161.54356417906277],[123.07730384556349,161.53137413255496],[123.06611823608546,161.53778336496242],[123.07145743304469,161.54356417906277]]],[[[123.18606336973372,161.55933134551537],[123.18039092529442,161.54345267921232],[123.16981097275533,161.55220490246302],[123.18606336973372,161.55933134551537]]],[[[123.30089925521696,161.69003436800133],[123.28012715239981,161.68552703390344],[123.28703410564623,161.69541998393723],[123.30089925521696,161.69003436800133]]],[[[123.27313621494058,161.6871636783893],[123.24775869557479,161.667213903967],[123.26627843839137,161.699429946491],[123.27313621494058,161.6871636783893]]],[[[123.97465654418272,162.06290588485868],[124.00368512466463,161.96810241686825],[123.8927410730162,162.06369865499983],[123.97465654418272,162.06290588485868]]],[[[125.04761067787001,163.2903897203533],[125.03938143064755,163.25209291727126],[125.01268267071927,163.2816530315216],[125.04761067787001,163.2903897203533]]],[[[116.6280965279776,163.0009335270126],[116.57227085950097,163.02475627210487],[116.60697121697076,163.0367590572024],[116.6280965279776,163.0009335270126]]],[[[117.18110451032027,162.95657799455802],[117.10046103420845,162.99138489417746],[117.16535740659377,163.08309654812183],[117.18110451032027,162.95657799455802]]],[[[115.86777560257305,165.54636399084558],[115.61214784778332,165.45525699640524],[115.62924661772234,165.13482970840022],[115.74686304307437,164.98776947919058],[115.63720656420368,165.02883637152522],[115.81481687465484,164.80815747020645],[115.88675329869983,164.0064825413377],[115.68200675217662,163.99585766666567],[115.78908342733307,163.9769948048153],[115.71644483422878,163.91590294315102],[115.86763832910363,163.93763433965623],[115.7648479313863,163.8552602039831],[115.87788974899537,163.89773256235947],[115.77166857100212,163.82797945291045],[115.92709984400739,163.63221871330416],[116.11502325807729,163.7008471600304],[116.04226453227642,163.55604309602157],[116.26912935408795,163.469004630178],[116.08460115040592,163.38787843824252],[116.1772674325984,163.06210598062472],[116.43493342027256,163.01767782619038],[116.49462481056717,162.62559117835866],[116.67000241637615,162.5342984893299],[117.0401284491316,162.74268866968387],[117.10815129527273,162.53686505127325],[117.19098884950581,162.73379385591412],[117.12317510415073,162.50103541104096],[116.67371263799026,162.39922814332024],[116.40596279681198,162.48951577787324],[115.39493611146031,164.27368687492105],[115.34895314023625,165.27490986364305],[115.47355912959746,165.46060089576414],[115.8128916456046,165.6151129829534],[115.86777560257305,165.54636399084558]]],[[[120.15052968521628,166.37048933593096],[120.14863424237797,166.32669445115542],[120.12460567555419,166.4188119780648],[120.15052968521628,166.37048933593096]]],[[[120.35106963387611,167.37406141303808],[120.24144081582095,167.28320628739402],[120.35950715941684,167.45687572982519],[120.35106963387611,167.37406141303808]]],[[[115.97388021832771,167.47648814551223],[115.98198337626923,167.4983511133412],[115.98331244263517,167.47870520396788],[115.97388021832771,167.47648814551223]]],[[[116.03952320836426,167.54330926624831],[116.02842250568763,167.533974428278],[116.02112985009812,167.53810943332653],[116.03952320836426,167.54330926624831]]],[[[116.06669252919089,167.59366024309406],[116.0347102032423,167.54399428307386],[116.039880653289,167.61472295065602],[116.06669252919089,167.59366024309406]]],[[[116.41509099883888,167.9532049003518],[116.4257039265574,167.90738555161096],[116.37752577314852,167.9306742427764],[116.41509099883888,167.9532049003518]]],[[[116.48856551337273,168.84037968174587],[116.46541637194971,168.85027690674744],[116.48005961687389,168.86603941298026],[116.48856551337273,168.84037968174587]]],[[[116.24394076565628,187.65290591448561],[116.25937424238182,187.6105939347882],[116.2033606170355,187.69165566041428],[116.24394076565628,187.65290591448561]]],[[[121.90642901545408,189.34805554148124],[121.8911147551519,189.33835876109148],[121.89378060378014,189.36632221722957],[121.90642901545408,189.34805554148124]]],[[[121.89162436338401,189.37850497783595],[121.90935587085568,189.44206599411356],[121.93463998668514,189.41582490739302],[121.89162436338401,189.37850497783595]]],[[[120.79126749638615,191.00910050294087],[120.79369716408507,190.98742094848876],[120.78566039617678,191.03095338147085],[120.79126749638615,191.00910050294087]]],[[[128.41851095404547,195.88627526188785],[128.2920946985505,195.71943677110787],[128.5946298280021,195.184061091978],[128.70827076820694,195.16892673287913],[129.0480830547461,194.73312955073976],[130.0298450600066,194.5277865524214],[130.04082391895344,194.2937485969789],[130.17249116209453,194.2143468157978],[130.1912161075935,194.00985544400962],[130.4016765666079,193.90944567166224],[130.40250592889,193.78834960859962],[130.5881551535086,193.78683327718494],[130.83499663775459,193.53002442917062],[130.78738846025718,193.39041897637094],[130.8758294530645,193.31818397986677],[131.48278011003185,193.37391430283657],[131.49814116760507,193.4842464793516],[131.74681618404816,193.49296042953543],[131.9933127245634,193.23195078239044],[131.86225626654266,193.26044224263944],[131.7742605636796,193.09161541573656],[131.9070577382903,192.8378426505459],[131.7569377330777,192.77431200601444],[131.90005206648493,192.50542043900595],[131.95313091020586,192.54459598765067],[131.9235933969624,192.4347891634879],[132.13206090512145,192.1382113102319],[131.77964941483606,192.07721095126857],[131.80751494024284,191.98128687829194],[131.708831565831,192.0717221105465],[131.45009939786297,192.00035751942715],[131.44804606247348,191.89895080044337],[131.37549281267712,191.9378271845253],[130.7317715795915,191.5912196115103],[130.73343381009477,191.25298661301417],[130.84509962076658,191.22457343711116],[130.77233725665113,190.81455904089586],[130.5626381659038,190.67560603429212],[130.45421632215425,190.4500286802666],[130.27119851392814,190.43503245007642],[130.31619565357107,190.206239751618],[130.89957416462047,190.01531076223876],[130.8629789778572,189.74756010067637],[131.23604633805334,189.22764406786715],[131.30271698651597,189.26473598389896],[131.29503276526492,189.14224373229393],[131.08180507510195,189.08216106757646],[131.13710356480772,189.01745832515815],[130.98553140174187,188.95792509889225],[130.8058853472445,188.35786497486885],[130.21290211500076,188.0217728864159],[130.8141386888417,187.20788928822202],[130.63974977283476,187.00277276560712],[130.86636965648407,186.37307968237388],[131.52594937950423,185.8700644712838],[132.15178740742078,185.99054299879862],[132.80177028782924,186.6733991088659],[132.87453681027534,186.59128951137774],[133.3424153715089,186.856520580622],[133.47272269342366,187.19921318189438],[133.62229521531,187.05012940474356],[133.7763721466502,186.5362635246123],[134.04527983690855,186.33124234918415],[134.44048105614849,185.72326528581272],[134.7450188084131,185.6407911354318],[134.81515123318044,185.34100752066684],[134.96360500289617,185.20728527549127],[135.02656816134407,184.66295537824556],[134.90015471096993,184.52563161391348],[134.78823883339217,183.5582580599779],[134.88397698688922,183.39731578607208],[134.66883127814,183.1306687554322],[134.6782937599561,182.82424544279704],[134.47349662070178,182.61084116328257],[134.54669417804402,182.25635496436928],[134.91406480275688,181.80013025614994],[135.25988315800453,181.72535130252157],[135.4007652389746,181.56770990764699],[135.47844948340406,181.17855516586178],[134.97745995861817,180.67273028383423],[135.20089783040956,180.0937806355419],[135.24610412545428,179.6326240274033],[135.72527571035977,179.20733822007412],[136.0746075935937,178.6942907989647],[136.59894099838624,178.2809024821358],[136.58313124603177,178.04230628966963],[136.7543109017971,177.70966989903323],[136.94873222246133,177.78662573053577],[137.07014536871552,177.6746056711717],[137.03550899623633,177.3589525628834],[137.18289715821714,176.82900339890548],[137.1260103680219,176.42227945890198],[137.2067044190618,175.88021975296797],[137.03392008609475,175.4557265886354],[136.93953388202522,175.5616371354559],[136.74971414714128,175.16756237484594],[136.0839192505877,175.13884345277398],[135.92741549425045,175.24805360950785],[135.583298018576,175.1042482985651],[135.6176181144983,174.97047038341714],[135.18345825168808,174.85514320198286],[135.1898189768975,174.61111586821087],[134.9262759870491,174.27854028313783],[134.93561554072022,173.54009076677],[135.13570769552956,173.36780740753167],[135.02706967997014,172.91286568086744],[134.72882906567293,172.8925041381225],[134.57709134758247,172.63606096908717],[134.04944811562822,172.2586976306908],[133.85769433034775,172.2645022318174],[134.38439426822896,171.7873958772292],[134.39602698625018,171.62180641367866],[134.7666218879845,171.29862489580142],[134.68017279860442,170.975828356683],[134.55900890018756,170.90126175734554],[134.52453541914065,170.3746163582651],[134.62088823168733,170.179755165315],[134.48510738236936,169.95549393087666],[134.6285804032271,169.67078239069156],[134.44998743263648,168.8024589728098],[134.06775368534653,168.69568881104237],[133.8367437191075,169.05752802376514],[133.66429508008179,169.0130542712634],[133.64382921214417,168.76793111197293],[133.2399632027675,168.74974752274358],[133.0790586216387,168.31563257611674],[132.57310458742975,168.2590260997178],[132.12651966266557,168.37311421066818],[131.7250569050336,167.6364503707655],[130.70910473840365,166.65664527487763],[130.53107326319335,166.27714890232124],[130.39530854067473,166.30388391931044],[130.31657207676867,166.17811052343995],[130.054958163972,166.16184239975723],[130.07982762656897,165.8700899171893],[129.97353636305988,165.79435657178806],[129.9423323753714,165.2828161970334],[130.30269193014044,165.13417740568846],[130.43839581448816,164.7629469618314],[130.6876001945544,164.71462067907478],[130.67580173713785,164.49770912347137],[130.96663513338865,164.53081655384895],[130.97657276120123,164.44454730250465],[131.2953687386407,164.3820829020423],[131.8328395332739,163.9797414415243],[131.67528655916374,163.13456132313325],[131.8781361405361,162.97333871815465],[132.3376789517078,163.00108712365525],[132.44838183983828,162.89715810062188],[133.34667282543668,163.20058941105282],[133.498841025858,162.93614436599728],[133.57893128058976,162.32842828480707],[133.8103858809396,162.27545020482586],[133.84155776469078,161.99219564298932],[133.68787470619844,162.12820823537757],[133.62479385789723,161.62303249726676],[133.82427001672326,161.47400449154878],[134.18786416728395,161.59677696832273],[134.54684063485706,161.21380619475158],[134.50455212888394,161.09790048194893],[134.74601653174497,161.02009460656788],[135.68153290234778,161.23519457780847],[135.83361187872,161.1291897439022],[135.63931291740138,160.94422322045716],[135.7360368996644,160.66771361998087],[135.9317039876884,160.77542256397686],[136.01029722091212,160.71474600397212],[136.17152928112517,160.91157542748317],[136.5014574048674,160.24877026527034],[136.39589988562054,160.13744985359276],[136.54715852938133,159.92691665974843],[136.6220258328054,160.01899589497359],[136.78273871134658,159.85734905127234],[136.76156032134583,159.72689032943555],[136.94540193811113,159.78640315128115],[136.9853162842531,159.6871470787489],[137.1408107551878,159.74960763326152],[137.40314550763162,159.5985333118637],[137.449681753973,159.43035912731705],[137.5946113700188,159.37370626539217],[137.69246442274502,159.16106998746514],[137.59978124829945,159.06502182419243],[138.1442836883298,158.23032345279842],[138.00505121658597,158.0271054990989],[138.15206012853636,158.06747499064764],[138.26211700448616,157.84873244051425],[138.69966439913287,157.47860261418566],[138.70076454164482,156.89095668618194],[138.1208140434793,156.60167648350355],[137.3869219606324,156.05286984239285],[137.4502028569624,155.73817047726854],[137.25520940025658,155.51305731689635],[137.34235997909252,155.34910901304704],[137.34893146216538,154.69020255394733],[137.04950641543115,154.1930762298372],[136.93118735526372,154.23611214249757],[136.63870967012514,153.88743739114537],[136.85312928301704,153.15981664507362],[137.12551402173088,153.0029028407844],[137.07708878167267,152.82686191487483],[137.18037154356972,152.59351047840408],[137.3174742533517,152.812932575017],[137.5956412462432,152.39520610271728],[138.1372667042387,152.38076907740145],[138.1754903354091,152.5712269739827],[138.69432621065891,152.72718805114422],[138.684016207107,152.3204212644261],[138.90482756259001,152.1035707148884],[138.85519074988517,151.4937188269874],[139.02272812754467,151.35224077179706],[139.1340631278352,150.76482303118166],[139.33379320296464,150.7812822920444],[139.80698592883337,149.89803026601197],[140.28362004822526,149.4359421230245],[140.34212801006868,149.1505260067837],[140.691823405909,148.82456196542066],[140.78730419868134,148.84161277855557],[140.8413822742314,148.45943578608038],[140.65518169466614,148.25197562608008],[140.5953947362105,147.97253357461588],[140.74628679331434,147.7801071905975],[140.4730288414189,147.54466628929544],[140.17526418227118,147.52180847216033],[140.05891076962507,147.68158236653693],[139.9239652623866,147.47835785699357],[139.87265527878026,147.01814030331164],[139.7155237844454,146.89047049018333],[139.7035684187807,146.56037216780658],[139.82388558557852,146.35898184997166],[139.71294920359324,146.2899737114857],[139.75344824669048,146.14933318782383],[139.40949375084338,145.73921777595027],[139.47526534478155,145.58625513465128],[139.337327363354,145.67971161477368],[139.06261906881596,145.40092905504775],[139.1718427264446,145.23949067254057],[139.10475486488733,145.03661988148951],[139.27096138549305,144.9169730421361],[139.6418902633117,144.95393599421533],[139.37707680836903,144.00821543005418],[139.10437524486457,143.7855806566633],[139.1453895106728,143.70557417554076],[138.9800915692947,143.54877240979866],[138.85127064278092,143.58829585894796],[138.93365711714927,143.45195527470457],[138.8337157451008,143.34506075009003],[138.95041752693112,143.23687420457532],[139.01616717566986,143.33056115923708],[139.2601602926901,143.2394091978228],[139.31016887299495,142.76311815941182],[139.12919662579458,142.5627340800786],[139.16039095064497,142.07388940990694],[139.3065775932781,141.98614920532663],[139.1043805673296,141.45317329959522],[139.06207863686228,140.4595986366559],[138.9542299658138,140.18813587742812],[139.10278673653713,140.06424493180444],[139.0777690871322,139.75182804171664],[139.38304688159056,139.6231814600313],[139.4548053834675,139.31315396637007],[139.1740424622276,139.12042281596916],[139.19351421902024,138.84563051883617],[138.8550874088729,138.1651260052102],[138.57204118692468,137.9986369247872],[138.36149215458425,138.07646825727704],[137.99382793606557,138.000633653452],[137.78199743365616,137.79281810262714],[137.8242488676014,137.7123246721326],[137.65388500210702,137.5697441003935],[137.70325527930743,137.5091847949099],[137.0175845321599,137.17535748205532],[136.91527106082225,137.2517650341236],[136.70582974980408,137.1018979066726],[136.4145408908954,137.07759436659444],[136.45718103581171,137.15409607751428],[136.16609034186848,137.19280558937555],[136.0748432099693,137.42853674430845],[135.9394455086299,137.43405079404903],[135.824113653967,137.21003219894348],[135.8122562452529,136.60033721984473],[135.53457102570783,136.58034125203008],[135.15409344011115,136.20758268876213],[134.00010314987992,134.61962534673333],[133.77343316393905,134.55006557875373],[133.43519243289924,134.10936460580112],[133.33691314047894,134.21086741370465],[132.80439725867058,133.8809219152385],[132.8240667469044,133.77731440531787],[132.40616340946042,133.58678402030264],[132.24148134136115,133.69042914475915],[131.6776339021744,133.40102916070123],[131.17227922844972,132.70836642012483],[131.07913769538132,132.77813250239564],[130.980053227677,132.64025558488072],[130.4979943759584,132.4706909730564],[130.3334702840972,131.8713465368828],[130.44085977170403,131.71754608843412],[130.34680622448067,131.65477249044238],[130.58273287371097,131.36228280922222],[130.30681853197234,131.10060073545725],[130.3155168499343,130.8168711487673],[129.77169902834763,130.62430045383095],[129.820632174537,130.51583263292403],[129.6794298929684,130.3744290387289],[129.12293589794263,130.18333521103537],[129.13733302331045,129.71132099611552],[128.97462325334035,129.71281719357373],[128.20441941465515,129.3069089308143],[128.03570441257295,129.56952367977397],[127.73971466414287,129.47845972652405],[127.50028166462955,129.75704154627957],[127.25191217752678,128.9308853462202],[126.71517336758667,129.4543137817595],[126.46978998368672,129.36903666685808],[126.52685426516356,129.2925736934275],[126.21151127634334,129.1513550564649],[126.02178322108972,129.37887244601],[126.0380291941855,129.642120535162],[126.15381367255135,129.71884512822024],[126.02871446509104,129.75397566284488],[126.13261679941257,129.88239871519525],[125.92858997065534,129.87113622988272],[125.92124865955861,130.14151310072896],[125.6479985478981,130.0861749150357],[125.56287543984403,130.33843031611758],[125.10411316837224,130.3224711937088],[124.65116439537816,130.03047814638683],[124.42143564869019,130.06048330070809],[124.22185751039532,130.3157360189369],[123.85610587620499,129.9639700295145],[123.65995551022272,129.9360618396613],[123.02045107960392,130.04729453584852],[122.91395373893432,130.26817856796077],[122.69008954733934,130.29073072291328],[122.24417300937657,130.09621940058457],[121.65420433946048,130.31192064472975],[121.61229540918308,130.71158085926356],[121.49812942972034,130.97345741605702],[121.41946982433862,130.9095333686865],[121.2501483480006,131.0870586350321],[121.38263147575249,131.53068564863403],[121.17783350793576,131.62942128467697],[121.29182349652493,131.69953382662118],[121.12204776000593,131.77585559855305],[121.26504294933312,131.9851751215008],[121.17796341742711,131.90746067377094],[121.27711364100983,132.0225273138843],[121.20389237179992,132.12596421738556],[121.3245997303759,132.1454678959534],[121.10268259595922,132.1849888323927],[121.31967467241203,132.2511925680625],[121.1550472006578,132.3538645206735],[121.25363978198777,132.411252564316],[121.1872787644239,132.5245819994728],[121.02592373505487,132.49721891042643],[121.07910047079933,132.63228140298602],[120.95885974089336,132.6703945534269],[121.08926161631538,132.8845520345344],[120.7666693599845,133.1880738683146],[120.62344860264668,133.1642139787332],[120.75754789771912,133.41069594523327],[120.77817004953098,133.3320534798128],[120.91725731944433,133.61391928314114],[120.79678125636478,133.57566205975832],[120.83965055224752,133.73625320460488],[120.99439641902694,133.79800205747478],[121.07172196196491,134.10666641564686],[120.62017769648209,133.8071830292113],[119.84269318407429,134.11910134020457],[119.8162167674137,134.2719228321275],[119.5028961762156,134.43651710346316],[119.21798564104351,134.9853381150263],[119.1355473387957,134.892374018641],[118.9461543224057,135.08585933772292],[119.15634485793917,135.22341258364466],[119.21221501001756,135.15379187780124],[120.28589435695362,135.6426356510039],[120.75178103001602,136.300842589578],[120.74316008722181,136.07922460634458],[120.83085557137923,135.99238960161878],[121.05871495238932,136.09193138647382],[120.82053093575297,136.01735617752053],[120.81547647239468,136.2872945307694],[120.74507488039801,136.31879824020658],[120.44248890602952,135.9870776723065],[119.9401522299546,136.84602670043347],[118.36038270193814,138.06265780955738],[117.72766005140183,138.09071787730875],[117.2616932680666,138.34124393069513],[117.0359056876097,138.66164210302824],[117.19325132402247,138.54979707438463],[117.1410535136221,138.62140209128216],[117.261230066838,138.6684101698133],[117.37778798235514,138.54637263904513],[117.30086234550747,138.64036730325813],[117.47698456650768,138.6452179507121],[117.25597845783348,138.68016196769256],[117.11194471981042,138.6600247117679],[117.19451310075071,138.70663404828306],[116.9910449070383,138.80652045703528],[117.27473393257897,138.7926556596074],[117.0388886221356,138.81962617467408],[117.37214168619539,138.78980227001458],[117.30080293212256,138.82886021811353],[117.6218486475263,138.90198166449386],[117.34024782861175,138.8481377499095],[117.0267276358662,138.9031464507808],[117.28480167214708,138.89757691894525],[117.29138370700487,139.00488726238447],[117.41787922343053,138.99957668518672],[117.4012671308941,139.07228318476314],[117.30344533987189,139.0235252530086],[117.2770957035216,138.99380104650066],[117.2412603998932,138.91248981463792],[117.05288236893519,138.96588847135195],[117.23370184057342,139.03816451397864],[117.2648268168577,139.18743517300345],[117.03627881976308,139.0734917082113],[117.13825720858661,139.20521273055863],[117.03684871784664,139.1485301920505],[117.03408086971498,139.00174916963263],[116.99546655165646,139.1035700796884],[116.99864310479254,139.02636987518113],[116.93020985190637,139.01584097724984],[116.98427545138745,139.12803961720613],[116.9125382595967,139.0141540126901],[116.86424631775286,139.08268459434595],[116.97075727620518,139.15663857568683],[116.8293085346837,139.11974949561912],[117.11645030183864,139.2641634564519],[116.7699130130045,139.15753260173688],[116.7370822789202,139.2270513066359],[116.80461533833241,139.23432214489452],[116.74161171027134,139.25100532739276],[116.99132512365331,139.294080887619],[116.81322688014049,139.3033476319024],[117.03542067309907,139.3122599744477],[116.86360408597025,139.36199476644953],[117.12268482321403,139.31323232209581],[117.29191408389383,139.33720711870018],[117.11938905697997,139.3157854868815],[117.26458626095524,139.37397088693766],[117.17467490741457,139.37086952893296],[117.30767612401476,139.4438945846896],[117.05556724421017,139.3625826405301],[117.16623315578558,139.43051491479235],[117.07838416403605,139.42912696505374],[117.16201884063635,139.49949082051774],[116.95994232002933,139.3764361939166],[117.02837533722341,139.46345541238045],[116.958475431577,139.39833755233906],[117.01695687672162,139.47850959191288],[116.76687077336132,139.39536249096167],[116.92258165482377,139.51717356292647],[116.75980480166477,139.40829989450992],[116.76852044557413,139.4863134263388],[116.69568089101853,139.34190343729878],[116.51666672946831,139.44739733589125],[116.474710379064,139.71113744620789],[116.56276991146234,139.62299102183957],[116.59080714711308,139.75834671965455],[116.59968978726276,139.5044786316521],[116.6591877967693,139.62909099361414],[116.71182978152285,139.52084697614612],[116.65952852498917,139.73649187007916],[116.72259251341637,139.53749204521384],[116.6960510225299,139.70396730667676],[116.79209439113484,139.58495560888895],[117.06592550421615,139.58323757226987],[116.98644825762351,139.66186966902933],[117.08186037136845,139.68463432824072],[116.94384743913044,139.6748104595605],[117.01846233541292,139.7304770567735],[116.74885208211299,139.6943584888174],[116.86632668133709,139.735175844609],[116.72942003564474,139.76283192279257],[116.79529665940953,139.79055013707682],[116.71025321437003,139.7922566454769],[117.01085258071767,139.79675195395913],[116.75833110936836,139.94063211750554],[116.90253974159438,140.0131835471139],[116.70434937815497,139.96141626187585],[116.84397283600657,140.02993241185877],[116.71801663284069,139.98371721266992],[116.83563366486393,140.04917228388888],[116.66808177900285,139.9566082625425],[116.76705581146331,140.07054641399878],[116.5836720295757,139.99586750605818],[116.61930489859111,140.41085046053968],[116.85924296784194,140.1578914898083],[116.85247970418281,140.2374582557739],[117.18201008151976,139.83096319746423],[117.13595573414254,139.9518471323856],[116.15089262843415,140.99855776282072],[115.44453142047718,142.01067126567895],[115.9862890433589,142.5855320746373],[117.56257892367469,143.3233145629563],[118.13420892612686,143.7730805193432],[118.79592206318051,144.02355792632417],[119.18965481817065,142.87782186537027],[119.27103039437378,142.14713460915647],[119.58186165760246,141.49911945585],[119.6576591604309,141.52286976992588],[120.50008506563607,139.9258518585931],[120.8368338364301,139.7819366423635],[121.06732794382563,139.50166091668478],[121.37061548947129,139.26797680443386],[121.08229732846617,139.51492636255523],[121.48651543788986,139.33824652656756],[121.95999889823233,139.37054093597047],[121.90307265939695,139.22484829020854],[122.02188258117472,139.42088944043857],[121.96377959634584,139.44349910627122],[122.27830508861511,139.60558400295463],[122.12167015655949,139.70014774211492],[122.14123447182128,139.83728232238306],[122.6489652673184,139.88406331137062],[123.25351935393742,139.53092386688604],[124.01940483373217,140.18232243273556],[123.84037722070532,140.5541566646437],[124.10989450842582,140.98490424915573],[123.93862758909464,140.8215368379436],[124.07122918510227,141.0591995314048],[124.75719722685919,141.12634478605116],[125.16147198534476,141.50688851538763],[125.62737492026999,141.4513574259722],[125.81224553045364,141.55875950714827],[126.0809383360842,142.0909670002397],[126.31498059119929,142.03701268100198],[126.40928379965924,142.20147976914555],[126.69287711816614,142.10930782858074],[126.99178222806488,142.49473886335147],[127.00789695047756,142.14133579563975],[127.2860025629823,142.08412158768033],[127.17066088075765,142.1289227385657],[127.405925918227,142.46171881986882],[127.59237411195939,142.42077386652159],[127.36665067723021,142.49941075543217],[127.15257990829257,142.1279685695091],[127.03057003640168,142.1405104633063],[127.02476390178467,142.51846003209246],[126.97716494506135,142.49952744278525],[126.69409208124647,142.13910444987678],[126.389703944739,142.23939250555327],[126.49845313350231,142.25536670190047],[126.87767933246226,142.6071575880926],[126.49954320486538,142.25929572113327],[126.4544667209919,142.31512542177535],[126.3778929818601,142.24429640283188],[126.25607227878515,142.0822730893435],[126.09179584191816,142.13516477368358],[125.87465132668306,141.94672733455815],[125.64761463682738,141.5243389560296],[125.16536303988275,141.68386468084478],[124.59342332074822,141.4218739119453],[124.49239466369495,141.21689446234487],[123.99374520593697,141.24806260813594],[123.8947226823561,141.42190011466582],[123.98429266459448,141.2496535852054],[123.78181047780208,141.1167542564283],[123.5650467463422,140.70467290423318],[123.45900750924322,140.8211901671389],[123.57440494474042,140.6330034340345],[123.21776819853942,140.36946941599084],[122.77403375595195,140.69298814746432],[122.42012734696772,140.4959796929396],[122.06082693424256,140.49991527705689],[121.14304770058042,141.04495221455295],[119.73811270754196,142.23001813942835],[119.44779283334624,143.02415765503855],[119.39690428174427,143.92513939193293],[118.83998452240093,144.73309313560083],[118.91976630496174,144.82115439143664],[118.523574312388,145.97444557718967],[118.57211484740719,146.54180927964762],[118.56556842464681,146.7725542151307],[118.56565980865874,146.54381929072343],[118.46532726950235,146.53684110862102],[118.48537937135845,146.4362275014658],[118.14045770509918,146.56947588916745],[117.85542306874078,146.89708817489162],[117.7971925558054,147.2254494342947],[118.02823977931178,148.06097979401915],[118.93161891584363,149.69574509625625],[119.93487063600863,150.915884510675],[119.98307623971789,151.13859639512356],[119.84238737689411,150.98384161200875],[119.77328727942898,151.35574884468704],[120.06170374813956,151.33036555342395],[120.30686177586807,151.54216471215608],[120.36291386075172,151.45270463522823],[120.34013757028225,151.69740357985216],[120.51707984645381,151.583673222026],[120.43064047141863,151.69438855600146],[120.53363039778495,151.9163730345611],[120.77691725037138,151.97918354083754],[120.78842072895432,151.83252994860112],[120.68197980704758,151.8146506531421],[120.88079267172878,151.78402303548208],[120.86132736460215,151.59871685191095],[121.04372638453687,151.75565637867072],[120.93046578701296,151.610092855836],[121.04019227902508,151.74087143290762],[120.98764778404359,151.49575904400035],[121.13926847878507,151.38876915777513],[120.99901910591862,151.4919577833711],[121.09499316864047,151.67441491673497],[121.03270513235277,151.77650242271554],[121.32720070575172,151.83780455208102],[120.9560272988918,151.81078242948416],[120.83256676435664,151.90345254101493],[121.00774459732396,151.84457831469126],[120.92979256281114,151.9450445861213],[121.1898801118438,151.84896298692743],[120.99308605843348,151.94163318400504],[121.12873920851318,151.89178529178758],[121.0395942703191,151.93920085216803],[121.12270287090561,151.9281543036837],[120.94562530448061,151.96040725482052],[121.05671780164602,151.96212698248016],[121.16558803212166,151.91540500803944],[121.0329510558244,152.0367891457022],[121.23289704414711,151.89330284827312],[121.17362593475147,151.95885583205614],[121.34800801922759,151.94790347754255],[121.0666971869629,152.03761736467553],[121.38887454263784,152.00547055189548],[121.23687129101508,152.0491910945142],[121.34654639624509,152.09291581537087],[121.16226927986474,152.0645452536456],[121.3620450977935,152.1149092041827],[121.17622472996734,152.07620447666218],[121.25820752449249,152.11899069066118],[121.01723496709269,152.1165696512163],[121.23003342043285,152.2014910029592],[121.00578395355728,152.1500330541567],[121.22156641945644,152.3023223774182],[121.35606128098804,152.19408563477248],[121.44904031500599,152.21235806292339],[121.45923394527605,152.05972316136058],[121.45840426376894,152.21595797874568],[121.54496347441992,152.14862563573635],[121.5991656290548,152.26916600300734],[121.380114917161,152.20865868986806],[121.54498543176358,152.3236362885382],[121.36818978730419,152.20857150476283],[121.25140277663361,152.39559548220694],[121.40276819112046,152.4054098268333],[121.30136806644937,152.4019446291133],[121.406965872128,152.43033831130776],[121.24239951464969,152.40681860666086],[121.16519868476308,152.36482338743258],[121.26689652467243,152.46087693959993],[121.14415039944208,152.39239751507358],[121.31291678005485,152.80125501092766],[121.45323305917492,152.83663646011286],[121.46407440524627,152.64398005626208],[121.45555243542016,152.81772335075618],[121.53097716992923,152.469083355301],[121.58334248568386,152.64693710905973],[121.67708489449919,152.53627731620765],[121.65798257262313,152.63644641824158],[121.70362563687806,152.44175199733894],[121.71315366512384,152.51860922940767],[121.73492504706522,152.40496022089627],[121.75132124015848,152.49340565660742],[121.69022292392508,152.60178457397032],[121.8536124730754,152.45247228683866],[121.5577753266835,152.76789805499146],[121.64661514564767,152.74074617667327],[121.53722773328886,152.8404957197756],[121.80486545889418,152.88409467976172],[121.90352162753831,152.48305262155657],[121.90965935556089,152.64249839734782],[121.94801827039687,152.54317387558774],[121.90523261743185,152.6934022025607],[122.01391605252067,152.3501569175832],[122.00839294652431,152.51258743055425],[122.0567973307815,152.44472164389464],[121.95046781124051,152.69563055531006],[122.04964616435174,152.609802484335],[121.8535232136658,152.80065938390453],[122.05329655788942,152.69319600794609],[122.20045108832547,152.4080279900697],[122.13998585558662,152.66563047733183],[122.19024251721706,152.83473378178167],[122.29232695644905,152.86201282880737],[122.55419080142752,153.0173208490623],[122.44386691324506,153.01961372200728],[122.8881944081774,153.1570070024365],[123.4066471064268,152.83216665291673],[123.54609564584501,152.6008885975195],[123.55918681483882,152.17347618454608],[123.4644454313023,152.2043163789956],[123.40960899252806,152.13807406376225],[123.39787130328773,151.98472017995974],[123.53645719970757,151.74343429194306],[123.66056469276738,151.72982338535448],[123.54305562027433,151.55516913794386],[123.80332785866145,150.92363511430432],[123.7752726950024,149.93738159228423],[123.87374902896644,149.8933601335266],[123.80876330612051,149.93603851188854],[123.81031913343728,150.97601310161716],[124.5029824177362,150.9568736518603],[124.13547773748141,151.01226586301323],[124.40332828375861,151.27397458065616],[124.72443762089807,151.29387440655773],[124.47101977858637,151.31277392679476],[124.53465876912912,151.50224911377617],[124.11154288147998,151.02003088459864],[123.81277652179413,150.97770782543762],[123.6624713029894,151.49305535764424],[123.55175626735236,151.5473173193088],[123.66794918890378,151.6780509520988],[123.66114163290516,151.7631999508096],[123.53145710462138,151.7604246656589],[123.44179950050867,152.16149224224898],[123.54957634909869,152.15830626601672],[123.581487048036,152.17855769524311],[123.60032619069496,152.67366695063956],[123.42115994507805,152.8705199568831],[123.50776263757281,152.83911281748436],[123.44338562754791,152.89057774361908],[123.64294496550495,153.10055948750085],[123.39514802852617,152.90089035788736],[123.26767799834751,153.03308722259783],[123.37943390167578,153.0588603617822],[123.31363278393694,153.130796067229],[123.26667032826765,153.05269353148506],[123.31631909800683,153.2349610017081],[123.40030133430699,153.1805351668353],[123.39080992024711,153.28792112876934],[123.20512266839053,153.20513096125248],[123.2795304441785,153.11409316238417],[123.03598052305867,153.2052040700514],[123.49622720239068,153.41139516439557],[123.44019274787502,153.34711638617773],[123.61159781236293,153.46695778039827],[123.50970632966512,153.3598539688894],[123.73227837455877,153.5168866713893],[123.77584834381813,153.37673458233505],[123.66518047423078,153.33262820396888],[123.78257229252532,153.37863086996617],[123.75108247590605,153.5343518777001],[124.64685991071873,153.83311317519536],[124.65653632602624,153.67047342094756],[124.65750665016887,153.83378725798465],[125.09476940968094,153.9654255299722],[125.70584382126538,153.96570812650646],[125.77983770508177,153.76244068861163],[125.8962966100536,153.7090866638398],[126.18582512460603,153.8433404910892],[126.52122742241633,153.67411839114135],[126.63052292545528,153.69162183208337],[126.40851483434221,153.772249992461],[126.52671119974825,153.88819660789176],[126.74149625494525,153.7673279933545],[126.88295933928406,153.83220589805038],[126.72661077854109,153.78512375528447],[126.56504286938265,153.9178522995697],[126.33182489243245,153.7772194388007],[126.20127720641057,153.86523241307162],[125.922994696398,153.73413604846834],[125.7439037400746,153.98272018249705],[125.14242909876225,154.0140366279272],[124.3927102035932,153.82011386625035],[124.37975536825451,153.93231094319114],[124.48746457508676,153.93602424888428],[124.38143887744607,153.93586047435514],[124.49475998413936,153.97680416113502],[124.26346734472372,154.08705413570965],[124.4204901334454,154.2001806371382],[124.25830213969955,154.09228867524362],[124.38177894611698,153.81337413783368],[123.03668769729873,153.3058070929248],[122.95869555383749,153.6470892578064],[123.01431713506402,153.30498291449948],[121.91116291948714,153.07499699413657],[121.91529421462238,153.1588553351134],[121.88086641447096,153.0660599525439],[121.87427692552811,153.1625955142773],[121.84199593586337,153.06008933444775],[121.82612387097774,153.15161201908575],[121.80784382690976,153.0626288762407],[121.7938488520879,153.1578273184829],[121.74095648034367,153.04763926566176],[121.71694176025959,153.14612187804252],[121.70102570292894,153.04400567025812],[121.50329871233359,153.03995999825014],[121.63146355492526,153.10974475125107],[121.43898549467316,153.03909735810402],[121.53698038030463,153.09636819383488],[121.38045956715968,153.0494924196165],[121.69106530500727,153.1589580741375],[121.44338833067027,153.13067343768392],[121.50471476350623,153.2283612426805],[121.33048488611328,153.07397513834457],[121.39180577513875,153.18290139497753],[121.26800219003951,153.04469033266892],[121.05031588757652,153.06345509075456],[121.32721622018448,153.1376737830813],[121.41985099894097,153.3192180827062],[121.68467653796144,153.21358707544482],[122.00994711188974,153.21098492565335],[121.79964541747029,153.23827874495123],[121.79943021102193,153.39589953494811],[121.78025985688383,153.2973257072317],[121.60538614670422,153.24848571779114],[121.70600779342305,153.3026923403842],[121.60642755145162,153.2516758614631],[121.51701045522564,153.32199120488445],[121.62114122197717,153.3017332787619],[121.38950811123004,153.43607851364385],[121.41376940890581,153.33373763600414],[121.22336713535708,153.33251205555132],[121.40376234346968,153.33066148290612],[120.99511606862374,153.08362503766176],[119.95871722687392,153.1501393302829],[119.33293091885771,153.43278077743534],[118.99914691295669,153.88636894456315],[119.02294633336695,156.24946431519749],[119.25396604330535,157.693417637583],[119.23462364129685,158.71132533434212],[119.35670392294742,158.8757766288345],[120.04890893857747,159.08673148116864],[120.11689454906536,158.855470823755],[119.97541971090092,158.79889232437543],[120.11436091713277,158.74345592820555],[120.06549214966854,158.3324587278387],[120.10104060497348,158.57490324996706],[120.09085490099277,158.16177311119756],[120.09333755394833,158.25637779293908],[120.35376703253792,157.73888551947056],[120.82019490892449,157.45361140330152],[120.62175036739603,157.3420820104136],[120.62400498416795,157.02977632041188],[120.55299667682237,156.91477612235127],[120.65379181070348,156.993313649822],[120.94076948180128,157.0319704247438],[121.3173791820349,156.69316676889412],[121.53431037262591,156.8897890731725],[121.76919077313676,156.89819065640384],[121.95643624899134,157.0128742669085],[121.99509143463203,157.13917256934423],[122.28973911299462,157.05164970734293],[122.52428538296621,157.13996995007784],[122.63927052673299,157.06205765920524],[122.90238398301705,157.22184498998985],[122.93021730704794,157.03827591602706],[123.3126443188957,157.00589744681864],[123.54812928322676,157.25301736145428],[123.79182151822295,157.21019614544892],[123.54794638248964,157.2575386873818],[123.31333252973295,157.18489078081012],[123.31925731386573,157.01464897749105],[122.93216248707625,157.04734356781304],[122.91195128800948,157.2220774302734],[122.77033700342099,157.23193000580315],[122.63704570577919,157.06806705775824],[122.54298507243911,157.13898303486548],[122.4893859917608,157.15211661409532],[122.2925796174296,157.0596002058505],[122.19308696763036,157.17481310787264],[122.02342780542963,157.1780713645422],[121.70694172484158,156.90948417023628],[121.45834295954347,156.91924368793033],[121.29857720584752,156.7614635007065],[121.16386514286384,156.99403974958472],[120.75159831697802,157.12170866340733],[120.94244272024473,157.52504655749746],[120.50072204342624,157.90381430432072],[120.54545129681799,158.13320635418188],[120.49107404068855,157.9757941936444],[120.48244718814311,158.10144274059206],[120.44355625197,158.04051869036985],[120.32274961719473,158.2655145766991],[120.39916417336057,158.21284486489785],[120.31372213674524,158.37427748630876],[120.40169590061751,158.3140956718114],[120.38770935096034,158.4150595700251],[120.4806381836865,158.25592069941885],[120.42212853575737,158.55922968645214],[120.34472359508935,158.53167456851043],[120.33902940992218,158.43185124529208],[120.24632696729032,159.08342273181776],[121.90020274600022,159.81798712030823],[122.17297341959357,159.72182392868308],[121.7534815592436,159.65076954166585],[122.0661014201308,159.65511125691907],[121.92633421110264,159.61903958050905],[122.13315448647882,159.64784498085828],[122.16286820696806,159.54441395905357],[122.0519434794607,159.56456337673882],[122.24663110197517,159.4879672099002],[122.66469153494324,159.60434529273934],[122.787913346187,159.6596938157133],[122.771142486313,159.76086383707818],[122.97213492479165,159.77646499699307],[122.95624303609328,159.90249930274538],[123.18177886725542,159.97884129092347],[122.95382990185448,159.93086597552454],[122.71701779274734,160.10497875595064],[123.04177797763782,160.06670712205855],[123.08140724093256,160.1643194901038],[123.25229664205365,160.03307070796498],[123.09097363287057,160.16508231726993],[123.3082845529815,160.23477798341685],[123.28797574263037,160.09936254199548],[123.31385559410519,160.23902441711138],[123.19982637964848,160.27507130706013],[123.38897475426343,160.2618499524383],[123.42902533437646,160.34157148429225],[123.77511885056084,160.04727222470572],[123.43609950473363,160.34492063465765],[123.6872989863364,160.33943882121488],[123.59510467301475,160.2996210449092],[123.81505870695275,160.32037195372018],[123.61702854693932,160.3647241646322],[123.7072778365199,160.37956770940144],[123.45573079664999,160.39205779429324],[123.58023449515649,160.44304638597583],[123.07153307790054,160.47820875794358],[122.94580824019076,160.7323718530717],[123.15394011970017,160.8484123745689],[123.2317854837981,161.1686498696772],[123.4115872413577,161.16807615218985],[123.48872395665589,161.2384165653004],[123.40586430117158,161.17116470215183],[123.46619394600972,161.24337638952971],[123.35813888358608,161.2367372215317],[123.62353257180528,161.40379880743802],[124.03665205366786,161.32982381473747],[123.99148340945334,161.25275365154843],[124.18330508319468,161.26233836349437],[123.99595008013915,161.36104269876236],[124.22008732130021,162.3495850929918],[124.17918954218769,162.24048928458356],[124.1824526099796,162.53612940864167],[124.10398019626354,162.395390053521],[124.10327343191666,162.56102272073517],[124.02015348829019,162.50361589220563],[124.12167362401159,162.59333780379143],[124.03500288708116,162.56486925113506],[124.12034757185671,162.5969420255391],[123.98564827412596,162.55295574986124],[124.03749892202138,162.64074251933533],[123.96939548762018,162.57330770376694],[123.96257394595142,162.76271090868246],[124.67456540195198,163.06959029146893],[124.87195819131033,162.99711581183692],[125.04392726941313,163.17974033997538],[125.07677586511885,163.31402281241535],[124.98609008961103,163.27679518049266],[124.82644686344094,163.0172972209732],[124.73910036288763,163.0939133358101],[124.03390269664183,162.88803745640436],[123.83097998982291,162.646693789214],[123.89999514853028,162.3420141755053],[123.95438199392714,162.46327074725664],[124.02815296291845,162.363569508078],[123.91289378432509,162.2557106324213],[124.0333647686472,162.35453959627884],[124.05141731611815,162.09563178266023],[123.89977797966007,162.162232333552],[123.85374513378852,162.10482560212085],[123.9705914297202,161.77653535589695],[123.84533411426335,161.6539385527975],[123.58373751464529,161.55265132074555],[123.67948028084191,161.67689137248524],[123.65367528638689,161.6028319338663],[123.78999467550688,161.78242586498405],[123.42587123486307,161.49381317480476],[123.26017277399417,161.80043415490383],[123.22620282116523,161.66632760765498],[123.33018721017994,161.51661941164667],[123.19157644687272,161.5241598659134],[123.24703597761318,161.5682606284465],[123.06463683408658,161.54758521727956],[123.06444701932827,161.5139389598889],[123.18059777395597,161.44890696403692],[122.94300554332526,161.0416081555575],[122.89764991882784,161.29368417713556],[122.82622881005426,161.39417695216287],[122.89346892892277,161.28192636826338],[122.76411223077692,161.32648279973128],[122.89884349756925,161.19565802032056],[122.7939051439952,161.22935605326643],[122.89468002315836,161.1618207582173],[122.81314437404878,161.0677733374108],[122.54493200480456,161.09815741140588],[122.49102717948297,161.28507414764715],[122.61469595658774,161.32682326341788],[122.46015274460186,161.50661414981536],[122.5644222506707,161.99563080177424],[122.45271304318014,161.96211647493004],[122.16258233081362,162.24539145674993],[122.43146759503213,162.37818312095825],[122.19128807545225,162.30770631739944],[122.57436473589277,162.50778124490088],[122.61035526683551,162.76152780706062],[122.80093320994531,162.81287226315658],[123.07603822338741,163.36547312594416],[123.10583382595871,163.3085512658518],[123.31728075567668,163.54011967203417],[123.24784772404672,163.6090836173438],[123.50623985785487,163.5617869062241],[123.75496855521226,163.7031481211017],[124.07633597421143,163.76306789771252],[124.56660700424399,164.07098456519677],[124.64230375676493,164.24190330691104],[124.56396730216052,164.0719867796867],[124.54186956489008,164.2242832407481],[124.40830790913722,164.2289016511017],[124.47536568264994,164.43678489884263],[124.87448808413038,164.66511762205675],[125.20879711677526,165.3027649453764],[125.44811135122762,165.4765134377215],[125.04237596828472,165.21287002391392],[124.91349561639473,165.42886569547022],[124.99291795045542,165.3584909431022],[124.97854928321779,165.5382517803665],[125.05553388778617,165.4746690798714],[125.03615436210112,165.62384604516177],[124.89883383828564,165.58186363623625],[124.84627242387283,165.33629033209226],[124.49446196629523,165.63158868952468],[124.51952818504219,165.77042069613708],[124.71960963131896,165.82032586408405],[124.66015142903477,165.92400140586147],[124.88224518262484,165.99167559032102],[124.51115104885906,165.92767386048976],[124.38452353863585,166.159114653969],[124.42848849171595,166.46179136681752],[123.83405112921571,166.74577813688433],[123.83869336880099,167.01940189991103],[124.03691035822928,167.0725163659145],[124.48978852624066,167.38477278533142],[124.61672219893549,167.3687695168896],[124.5113217652195,167.42338956052325],[124.61689880874326,167.37396207557794],[124.72748647488793,167.37513839273223],[124.60977220766067,167.3976122171129],[125.3892623768741,168.07108373354117],[125.49560208733513,168.08990583062027],[125.45359370678591,168.19116546885283],[125.09922792739519,167.8941695818362],[125.29235342520637,168.5386989469669],[125.16746151764451,168.69799644669274],[124.94166395902555,168.64145478178062],[124.9598728422658,168.7746848125229],[125.18887965245028,168.77763633271888],[125.36189718292512,168.8721208566907],[125.17611900092017,168.78943193313316],[125.01876078392962,168.93738921521265],[124.97571703396046,169.10039826926197],[124.92216413339669,168.95721949769768],[125.04800925604,168.85452524995878],[124.91438507918862,168.73756071286368],[124.92725730524882,168.61387583207946],[125.15483710264125,168.68068740293992],[125.19016285386478,168.55512291284796],[125.11221742469205,168.12004755730896],[124.84903947166876,167.73271059013183],[124.42593755888177,167.58911622457128],[124.5964203231149,167.8632718139611],[124.77025546637607,167.89057492270445],[124.58507420189943,167.86337057715247],[124.3350865020438,167.4774860415465],[124.38394511584902,167.60523292033028],[124.46196736341224,167.83875156513312],[124.3118491360369,167.43191813078053],[123.75626899933827,167.3400859356743],[123.76125341803927,167.22568151229467],[123.70556663581809,167.36464516336545],[123.74944302498223,167.23838336325522],[123.69959633738031,167.31240736532845],[123.37512766169588,167.17191974641338],[123.04451181204554,166.897765723125],[123.08548871225561,166.67330407709562],[122.86159373061753,166.60050879121786],[123.09133798059854,166.54926348012216],[122.58292113024856,166.18916398535958],[122.86454646490631,166.24982875862034],[122.44828755975442,165.74901532049103],[121.26300185368575,165.79824528185958],[121.09554825380079,165.89056453205447],[121.20499663700143,165.91534641342622],[121.09426913868667,165.89273332050215],[120.94760598433162,165.83984428840247],[120.96107201984813,166.230060989779],[121.04077587395082,166.14171453866007],[121.0380838239274,166.36974558824804],[121.12077517164415,166.28959864288947],[121.12738313235494,166.48499247775263],[121.21472878475011,166.5556525410969],[121.06835564322601,166.5000927870184],[121.11138087477242,166.34617359730643],[121.07714338379368,166.4298563414001],[120.84467001176529,166.33800412109747],[120.78621991071182,166.46700827484486],[120.88360399165852,166.51198489565718],[120.77500453308126,166.4694791041009],[120.75523352215635,166.59444507858362],[120.58450361256583,166.68163193716123],[120.57603665034594,166.84414324162464],[120.57576770169271,166.70861579953478],[120.24409800779264,167.0434758029872],[120.54378780580078,166.88551749790543],[120.31377886789821,167.01307382475852],[120.7408462878186,167.24172441878153],[120.47653438780642,167.87684207238857],[120.46949733152161,167.74504465287407],[120.38883131606585,167.99173377189263],[120.13068808570561,167.90754807795298],[120.09123520838985,168.10544586552862],[120.39452694317026,168.30733726341788],[120.42248589510828,168.43571601827804],[120.46965641645076,168.2259576116116],[120.80011276281314,168.32646442975692],[120.82395661620747,168.43241555419075],[120.49377500766437,168.2425512724908],[120.49256102038612,168.71371867942153],[120.86922673704942,169.01332783658887],[120.96825554288192,169.2197145021669],[120.48768743181562,168.717540356539],[120.33868229310426,168.31922519375811],[120.11764677666979,168.38086736615412],[120.03654775025245,167.62900006128191],[120.1481592906959,167.67674072742932],[120.37590687025511,167.48473988025626],[120.10484925968765,167.09073080644907],[120.02482980769042,167.13020076294242],[119.7450525829622,166.54684578407267],[119.72589689134553,166.71075214438375],[119.73009556851264,166.0190361883444],[119.53321861574845,165.93141775543597],[119.13035280231435,165.24842099042817],[118.1312395790313,164.1813484755935],[117.25425030584441,163.5525081775175],[117.61938729266643,163.12384353707262],[117.62621129209168,163.21112269083642],[117.6303371386928,163.04934438194354],[117.24672788551463,163.48345777577606],[117.18904663304289,163.287004778913],[117.22798328304572,163.58786880920564],[116.97195611992846,163.85556951050316],[117.03536876772938,163.91760248590805],[116.88249973259106,164.20029794803492],[116.33220734924211,163.89823505921063],[116.31172646085872,163.75057523949954],[115.97721530486795,164.16302315290494],[115.90569202704988,164.54359904349064],[116.12364181697997,165.78397094901135],[115.95958832712664,165.67092592700772],[115.80644162488672,166.00556093772084],[115.8821387487271,166.13656484346143],[116.41030532485931,166.18899713511095],[116.6563517922122,166.38103000818637],[116.71951915369252,166.6016142251533],[116.57070156620715,166.68538062950253],[116.73826881378176,166.66028046019457],[116.65120196255371,166.68052826535154],[116.83846460373277,167.29860373737156],[116.97068842324643,167.30352077657216],[116.87983247335666,167.30227306501445],[116.99118812246263,167.4910280553746],[117.03312935973659,167.37789642245113],[117.03049107387031,167.59930477197366],[117.50814381080912,168.22166768617052],[117.15810760464174,167.90415662909385],[116.84681184345696,168.74455806815587],[116.55166354214097,168.84466742986842],[116.64820652528289,168.86141874738786],[116.68445473702444,168.93022171954902],[116.57709091632591,168.85806896772323],[116.70740696448155,169.46576177824477],[116.59104872186921,169.3820984571164],[116.65492406662119,169.3211479930233],[116.49179119951731,168.8421611449518],[116.52135949690111,168.9989095562167],[116.46159158779125,168.85093083568825],[116.6512973332741,168.69104485733772],[116.6040921026056,168.5569034036816],[116.27803856159986,168.49343318577405],[116.64434963331911,168.45530031296965],[116.49857936355167,168.16672764786915],[116.52977461454594,168.2743628110116],[116.49879577734256,168.1765282490851],[116.47776228868015,168.03772273808983],[116.29706548440831,168.111852258814],[116.3796324852642,167.99361436675696],[116.24277136072567,168.05889297670006],[116.36056829496624,167.91713779108466],[116.41860151817957,167.9003573082784],[116.35608597863151,167.79885785038465],[116.3656414682838,167.8842011504734],[116.27153035352885,167.99043525035376],[116.31279474079898,167.92322200093741],[116.1765154183934,167.96556086931272],[116.32155816598052,167.85913826908603],[116.24105083459213,167.78824274690544],[116.14506214235855,167.91392481452408],[116.20906519091332,167.81545837303295],[116.18071776972766,167.73135548933658],[116.16539562230295,167.84054303342975],[116.08779279259406,167.6217684013015],[116.11026134201944,167.85812459175713],[116.07590598816117,167.78413663950266],[116.08479855312964,167.87329980830424],[116.00495781436855,167.53564906939113],[116.01635679529667,167.6946670448639],[115.96264121124696,167.44976007737552],[115.79912177699458,167.40446734807423],[116.01649458398202,167.33385818248922],[115.96459404602511,167.44261006602673],[116.07452796975156,167.5001156876511],[116.29521287514406,167.13266327563852],[115.95827932203038,166.77619021404894],[115.65998809062745,166.72523628439853],[115.30289561263609,166.91768936100493],[115.26851429889793,166.76475953971817],[115.02555930942643,166.64682199100696],[114.55457339345031,166.72515624495028],[112.78582403823602,169.51626407807112],[112.9041437039069,170.26786917534224],[112.79017882126455,171.17060132454264],[113.06059945711459,171.5141577219354],[113.02539905806277,171.12641618737118],[113.20995554384177,170.99329906173458],[113.40433309976757,171.19038804331376],[113.40532321957032,171.10169541992795],[113.63964707932129,171.5364345019086],[113.75594070957045,171.49758225611987],[113.77688604506143,171.68124318964252],[113.82673356781886,171.61701976785096],[114.16999286254836,171.98994372990015],[113.83251499134418,171.62428991325248],[113.78034191785059,171.6957379192122],[113.76769219277632,171.67423634067035],[113.74048390360755,171.52052071352068],[113.64414940942197,171.55349290269965],[113.45773502925982,171.28318919830812],[113.15854740053722,171.14027736000594],[113.12816540511912,171.53683661253604],[113.03040849432584,171.59282455567728],[113.24774149652919,171.979420262894],[113.18470719240398,171.8695089825817],[112.95115880241113,171.9164861535022],[113.03080286457775,171.7395665067501],[112.82225126472302,171.7930162748408],[112.7039016216776,171.67982123855086],[112.51988948596384,171.8120120698174],[112.57197273917858,171.95072760114593],[112.43882251844276,172.0847234553012],[112.6470589644039,172.19484660726067],[112.6773216093612,172.3102226183255],[112.41911778201495,172.0677449071507],[112.43316214064855,171.8405365902224],[112.62845949708681,171.62939862466982],[112.91650754282925,171.6008018475169],[112.91344328404554,171.46527984842444],[112.65163845296225,171.25423550202376],[111.84012927305551,172.25527065208644],[111.79088494420415,172.58263943174452],[111.17017510508926,173.53422910367894],[111.27394192128065,173.33803130066738],[110.31878833555935,174.56170881295088],[109.58471473701809,175.73774651574772],[109.38708664258938,175.73592823705454],[109.16624496701262,176.1682600053147],[109.09867509137098,176.5682614446422],[109.54308997610732,176.7970802910322],[109.82839958387393,177.6526498580768],[109.88062514216448,177.5525352313404],[110.1741516399193,178.24638424811374],[110.15552139023362,178.82661847901764],[110.4374060519889,179.49462193090397],[110.29210983348986,180.7310580127149],[110.50348399613824,180.58135595466817],[110.67583020982525,180.54509308381003],[110.5521575759236,180.5990021892719],[110.89558201838643,180.57428607442228],[110.78126321704111,180.6699494470446],[110.56980228328462,180.6030200462],[110.43103680069642,180.68809761851227],[110.62028208265039,181.02437764002107],[111.25843288075345,181.7709055247178],[111.53670911385525,182.40678163055387],[111.5679105920457,182.76163431666373],[111.6895227754412,182.700429448368],[111.67175382965402,182.55303381824152],[111.71789280576543,182.51827772945134],[111.86928158505395,182.61307824236837],[111.71790678759118,182.52580807313615],[111.72984804382294,182.68590159266768],[111.61914983302046,182.7548317755847],[111.73104657817163,182.74265494409588],[111.84220498049908,182.96378049901153],[112.555932249643,183.48575476814793],[113.11760857576826,184.156304020649],[113.20096386921395,184.72531860686578],[113.0937391035383,185.2669688184447],[114.05265098550112,187.2702933738604],[114.7269902842676,187.94210148844942],[115.16147557446283,188.18456731915714],[115.35049266035774,188.1609794637036],[114.89907443465536,187.95633491224748],[114.8353008390084,187.88568199299823],[114.84490047953506,187.79320246312182],[114.89751152150842,187.95396507842827],[115.00685527932382,187.88305250114746],[114.96297788534892,187.9580259315362],[115.1207338376042,187.9801022355477],[115.05554712426908,187.89656985381063],[115.09008385037009,187.86637855115873],[115.20816302371759,187.78641060687647],[115.17893897579488,187.7264429012443],[115.47600998120978,187.7826668375923],[115.06501211086228,187.8893189294658],[115.14034510682502,187.97709683731733],[115.25253628299464,187.86811422336388],[115.1078710743308,188.01493063039942],[115.25775436813413,187.93036887993773],[115.15980890418074,188.05200098857483],[115.33970633299538,187.8651730412647],[115.6483553841143,187.8830686813859],[116.0621627520664,187.72184230750076],[115.95021135531884,187.7152218826616],[116.01621954067593,187.64542554355842],[116.03421108240943,187.71789587579258],[116.15868125185175,187.51848436169087],[116.11102222125416,187.66511992185494],[116.19676870488621,187.5870569158797],[116.14121332880498,187.64464258522645],[116.31593763139963,187.54713843258745],[116.17505223616436,187.28355522728208],[116.2070577122659,187.06342554605493],[116.07455017505777,187.0922794008879],[115.97182934677704,187.00720399630217],[116.15723800838764,186.89709400051578],[115.98116684501004,187.00623579886852],[116.23003179335471,187.0627824138174],[116.25275788556979,187.33171581585952],[116.393486569169,187.32052119644194],[116.31684081054794,187.3782202841265],[116.39978474761455,187.60125078253625],[116.31205615242008,187.87862570092148],[116.34787282575019,187.79123456463392],[116.32556620268421,187.9169096580685],[116.24935645865712,187.92833885695438],[116.36750772544444,188.01666940890973],[116.53785442109424,187.9955889746391],[116.43116016409503,187.9870114558715],[116.46751494418103,187.90655249782492],[116.74516298775805,188.1068930137923],[116.65394263113839,187.94556390760684],[116.9651086475679,188.31523866911283],[116.94105887434493,188.18441986052974],[117.0005353271242,188.38087980136496],[116.9269860030685,188.52977315883757],[117.07390598468365,188.5835262338658],[117.12642322460773,188.4883080695012],[117.09683989752486,188.5522963232675],[117.34338726962326,188.5309463650847],[117.58192139794991,188.32657066907353],[118.0661911506361,188.55570475561433],[118.17998210758213,188.55125764896218],[118.15249549546783,188.2561818979391],[118.23495302524276,188.1964327771441],[118.13830987626183,188.08698563868853],[118.18573515614506,188.02188748473384],[118.273884069668,188.0714659612338],[118.16695414399854,188.06401056121285],[118.23763396757163,188.19740879456162],[118.18054941812103,188.4541687993201],[118.24227297059946,188.55340727346433],[118.16001953959676,188.62852251781504],[117.56810382878139,188.33987017591048],[117.49042041987714,188.486964879069],[117.10041714058029,188.6464863861655],[116.82166142603901,188.54807297708547],[116.56634397582293,188.22797191329866],[115.99511930691028,188.48366535200535],[115.78756936032885,188.73699573900555],[116.42822913946867,189.42126284842618],[116.81511739302782,189.47664911210774],[116.72425922936672,189.30590390028232],[116.81863934789452,189.47892087593365],[117.24428932782097,189.55139916088032],[117.47696985764651,189.78662633574987],[117.51197612404414,189.70604863053822],[117.87463841230431,189.83603561170443],[118.35524801939681,189.71818249079348],[118.47335543060247,189.50460261480302],[118.8995182344966,189.31380854792215],[118.92967501717412,189.2384076700097],[118.9065672150221,189.3038050443259],[119.18360396639943,189.1274500876187],[119.59959711898506,189.0875866730976],[120.23847430796847,189.3456631590629],[120.25694946004992,189.224326473406],[120.24788714307313,189.3557001795235],[120.60979696845246,189.52686551962825],[120.67059703126773,189.67833751118621],[121.19882825781,189.66348580907086],[121.1473481641774,189.5603988328413],[121.20322665782935,189.66404378175932],[121.77140624838886,189.69893311073167],[121.80635674628803,189.26041886640058],[121.90735488864564,189.34265390197345],[121.95890242619633,189.41098461329244],[121.76281692501436,189.73798210259469],[121.10912704843723,189.71308438139002],[120.86921160930633,189.98634638611588],[120.98320475837878,189.8054223940914],[120.84809154007161,189.9132894149148],[120.8639564030187,189.8564449386858],[120.59888690439016,189.8551495415722],[120.64895153086405,189.7884283136651],[120.41831791421555,189.71754130465777],[120.30976593074257,189.79430489213422],[120.42519285964843,189.85612302018978],[120.25232810177779,189.79326399961565],[120.49004424824392,189.68333842476972],[120.27206049415182,189.51776809922876],[119.93790104222794,189.5532737247678],[119.99113961380917,189.47876284157635],[119.78166807531687,189.28119547542573],[119.6231086137081,189.3057376580448],[119.4960379517506,189.60363277274615],[119.7053930013001,189.51575214631515],[119.55715370701154,189.6205212871004],[119.70389983094213,189.70389414653988],[119.5357451314057,189.65912029967984],[119.46541860880924,189.8014756321789],[119.60776553734374,189.90631975166988],[119.66379930772945,189.82871519477607],[119.80223392886589,189.66883717092134],[120.05273785149336,189.7088222730971],[119.66809023869222,189.82931514137812],[119.68864037767368,189.9867475368718],[119.90641716281962,189.78190591606767],[119.75892046998437,190.00872599606868],[120.26033369365064,190.26533577797653],[120.28617452279562,190.43293996172088],[120.55161961940773,190.5240095894536],[120.7411374127586,190.84072706040803],[120.97162092292837,190.8014051365908],[120.92899239756508,190.61346742818472],[121.0926532107646,190.54264612183312],[121.0765999471424,190.39766069452463],[121.185348305069,190.3061343833959],[121.767960220749,190.5266947114686],[121.12164735247786,190.3771771135892],[121.19139470380827,190.48642326273358],[120.99666909063114,190.83821266902322],[120.80317685161597,190.95007222703816],[121.06543089772498,191.25230494029063],[120.97782322877194,191.47984909136602],[121.17301822891392,191.7700257581279],[121.11347983646675,191.84956049088078],[121.36493555328114,191.99298680730686],[121.28533436675086,192.14595705852386],[121.46336482180115,192.33114595075435],[121.17558097656557,192.468150817102],[121.1146307179573,192.64714045887382],[120.9164202295164,192.64322060982158],[121.12736617600022,192.8799054642378],[122.84886025783548,192.67693162228528],[122.91849698998564,192.82637688780665],[123.31609903090393,192.96217738574506],[123.21303079151676,193.17923333954752],[123.51358653378233,193.235482282134],[123.72441882793717,193.43988020050782],[124.13892275424197,193.43208493544145],[124.2105063551147,193.69688745790242],[124.40456557608306,193.68662808886592],[124.35251297433965,193.88198346717172],[124.5417709330911,193.89238046341572],[124.65511571008449,194.1958820657627],[125.17535644904953,194.34696979493742],[125.29875041241908,194.48774905165956],[125.23186814450972,194.63658224149907],[125.40571311449158,194.60884219979414],[125.5186906391834,194.7585146628682],[125.38720715641891,194.90782649857877],[125.53328478806877,195.0677176431019],[125.78932731767934,195.0081113482915],[126.33127458481904,195.13879038426788],[126.51778843745132,195.3321988928953],[127.06940801120292,195.54805974343697],[127.38812341713145,195.80466296944792],[127.89013486390539,195.91348878646866],[128.13735862178248,196.32439736622237],[128.41851095404547,195.88627526188785]]]]}},{"type":"Feature","properties":{"BNG_E":446902,"BNG_N":448736,"FID":3,"GlobalID":"9669810b-d6bb-46c0-a9fa-e4aaa2361848","LAT":53.93264,"LONG":-1.28714,"RGN23CD":"E12000003","RGN23NM":"Yorkshire and The Humber"},"geometry":{"type":"MultiPolygon","coordinates":[[[[167.72175584326232,149.84602005124842],[167.69985488175683,149.81977336176175],[167.70452568805916,149.82845720564703],[167.72175584326232,149.84602005124842]]],[[[159.77558486000015,152.54283604079848],[160.30140783431463,152.39422771424478],[160.0645282338507,152.31598485363094],[159.77558486000015,152.54283604079848]]],[[[163.79231632855033,153.1631337268775],[163.96430795414884,153.13690290322907],[164.3946296580145,152.57755879030753],[164.32709061062633,152.53679348077182],[164.40735542126114,152.55257149672133],[165.29414959278483,151.33196640494452],[165.3836734413705,151.33875346450787],[165.44681883398917,151.1761569464421],[166.51004032268747,150.4224357342339],[167.25805791168344,149.75742713489518],[167.47878235710613,149.6564038051572],[167.61053145359728,149.84761195987448],[168.18860541167075,149.42653208162884],[168.67452023521912,148.9062403051953],[168.5862684048539,149.12867297627218],[168.7679558963937,148.7297361209953],[168.7138573913942,148.78689619414223],[169.00328775027975,148.34584942389552],[168.44594763773028,148.04936223627422],[168.41292776474717,148.12529546521674],[168.0941777308411,147.985418945623],[167.98439778303847,148.1666904769848],[167.69201309641548,148.1205997712546],[167.52395298819926,147.33545780069807],[167.20245283469717,147.2358095179702],[167.29083450544175,147.01862937460788],[167.00329472404104,146.80162806190293],[167.40569627534936,146.31928028453544],[166.79640716792335,145.83253598947076],[166.7584798595426,145.9314845529078],[166.61431183611978,145.8890157304295],[166.57726496633464,146.01535197844512],[166.4145259862006,146.01431163958665],[166.22322169072586,146.53983493026755],[166.2746769683931,146.66636551284648],[165.80597726006405,146.7490008638545],[165.71346284476058,147.15437679762954],[165.38026580662628,147.1875457169125],[165.4866691547993,147.86225754771004],[165.3235670249009,148.27250136661291],[165.37099219780478,148.3858263798743],[165.2189776652695,148.40444159387536],[165.7314157800535,149.24236737241543],[165.6004886356613,149.44952811714006],[165.15370807291634,149.33874324747265],[164.86782611374272,149.86160941852114],[164.65802753786238,149.77097661593703],[164.71144101532795,150.00173044453646],[164.61384667521793,149.96731274040303],[164.13754443939013,150.26869331936254],[164.0665935145854,150.4594233545717],[163.8831568879514,150.47338898889396],[163.83655683009118,150.57300658527396],[163.71502240954834,150.5169901817308],[163.82232233991587,149.90762646099466],[163.70546715925613,149.89256089752197],[163.34436564244822,149.08229690168747],[163.1423478926898,149.1076288374496],[163.1576011498063,149.01821627160183],[162.01543374454565,149.23190076039845],[161.85643576958793,149.51175344974402],[161.50302148311206,149.12683599501753],[161.29659319750883,149.04134501873827],[161.2827713602813,148.8590857787231],[160.90829874858167,148.78454688512815],[160.75345147475804,148.56942485070618],[161.86032130351998,148.78351910291673],[162.0122567754772,148.4743772843084],[162.12877147759298,148.50885374205276],[162.23171646140054,148.41108575300393],[162.29592893603467,148.03587030858822],[161.5950983531783,147.81407827159936],[161.14292752483246,147.8130642944454],[160.99157254709044,147.7232482623744],[161.12212858162644,147.49950959361408],[161.0078774857953,147.2128808939555],[161.0526338375568,147.07842823639322],[161.28615142603257,146.94511596442143],[160.0610698818041,146.57009643220277],[158.9261120827735,146.51269012006802],[158.965185689978,146.6163801198296],[158.84634967978812,146.79726004773298],[158.8421066848083,147.20688041539472],[158.9470662764205,147.4817927230784],[158.9481528386868,147.92850254914296],[158.2462108618269,147.84408970716083],[158.08302470844635,147.9264008402439],[157.8899901573649,147.84846604763837],[157.3777946503207,147.94080179967378],[157.3940807498969,148.13094353526486],[157.31881374132792,148.36368048579436],[157.35649219396862,148.7009346337952],[157.25507974893597,148.89077649414807],[157.24283001258087,149.25367186037505],[157.44811635647926,149.62432711775313],[157.33320892043128,149.8280290562213],[157.46868982191404,150.21447579276798],[157.74992657704894,150.2321010827237],[157.8480461503177,150.4316406997287],[157.67095442214094,150.70904303660419],[157.63912126115153,151.09947114806815],[157.85520797085178,151.43860547023775],[157.9651522203654,152.1419766706304],[157.81710715278192,152.48643006048522],[158.94107769197873,153.14865359539627],[159.34306249861314,152.67876303503533],[159.81129745757755,152.29466105274903],[160.26839538263965,152.18249151296124],[160.56991833071692,152.2762314913736],[161.06896296329109,152.7179173807712],[161.49778160096878,152.68957750732795],[161.51539077687096,152.4807967691173],[161.51112384886068,152.68880818747323],[162.26740785286825,152.75594621386426],[162.31428564517338,152.50671409031332],[162.28982154117395,152.76166967829863],[163.79231632855033,153.1631337268775]]],[[[155.5113611362766,153.12719451608655],[155.46127955377588,153.12150375809566],[155.49412212579267,153.19563419568587],[155.5113611362766,153.12719451608655]]],[[[155.09591454135006,176.9616913455687],[155.0881515926139,176.9497824815773],[155.0888677468766,176.95600353406144],[155.09591454135006,176.9616913455687]]],[[[155.11266882070603,176.9705616416562],[155.371063443742,176.89671587286986],[155.47785575487273,176.6158011687407],[155.7221358026361,176.44016401630535],[155.82661896374356,176.05547849686081],[155.97239499032526,176.0163661235424],[156.23132635155744,176.19439205460043],[156.59207795953853,175.77426076396483],[156.7367503230555,175.75288225103523],[156.88447788364215,175.5395615179709],[156.8756689308811,175.27823177553387],[157.76346839980334,174.87127284554063],[157.77117548605574,174.96509311582665],[157.76620800700192,174.40018297031168],[157.65893529689333,174.41268706043456],[157.51507975933208,174.2352880095018],[157.7015244451133,174.29251467882258],[157.66241212957402,174.4030645682834],[157.77011342041743,174.38122007782272],[157.8203902197271,174.5837555288319],[157.79146794009498,174.95004404151695],[157.83302561779595,174.85799816993946],[158.13718674429654,174.80438227030805],[158.14916098041502,174.70073682332583],[158.4366701809161,174.51498976038124],[158.64073319085662,174.0833829159888],[159.25283909772625,173.53022139248196],[159.0985250480526,173.25803184833055],[159.14673000690092,172.86274109966502],[159.58372555143566,172.41602386041444],[159.78753986409563,172.42109138197495],[160.1317906258849,172.10917588718377],[160.5381674106153,171.41526890523454],[160.62075443677824,171.01703367297722],[160.74210778037713,170.96794350662708],[160.87943116428573,170.49647065584747],[161.03614614277956,170.47216681564242],[161.15393830139988,170.2568614636891],[161.0867392302776,170.09273505486692],[161.1919182858509,169.6358540948576],[161.35486091812305,169.50987458976954],[161.3781389879706,169.17419641468342],[161.59774485323194,169.02595794258724],[161.73278758664327,169.09210448491217],[161.7526488786005,168.88424314566845],[161.7018692330682,168.83506896301702],[161.73267454780014,168.90639705160737],[161.56943465343667,168.71999897251456],[161.68883341306852,168.48099762789138],[162.13511580600485,168.0632995416379],[162.08642775511115,167.9291593346643],[162.4129358616712,167.69367569510263],[162.6085289181649,167.7493340159931],[163.07363480321237,167.36185754507062],[163.8908288204794,167.04308927637902],[163.6873265241095,167.05619701920813],[163.5784966516391,166.63955324809928],[163.84963609298828,166.02499619678122],[164.31445829214377,165.62129322551235],[164.77698287758292,165.39136531324684],[165.59635092796046,165.2185394683505],[166.56674508569176,164.6815405412082],[166.72952996109305,164.69353418462927],[167.17125895676506,164.28037461718344],[167.13197799399387,164.16479865538562],[166.71798991428454,163.91354227129654],[166.13996475661952,163.89787069082857],[165.74645802632125,163.7463520141845],[165.3595926381906,163.18611100123982],[165.287984430317,163.1706299817544],[165.0570190589057,162.6957164503762],[164.958585092142,161.65506277621046],[165.01601274512961,161.12620257958466],[165.4952941532044,159.72120885098354],[166.05450591214907,158.10594207639906],[167.91107020897965,155.4394459255107],[169.64014955250306,153.24678487296438],[170.60626692672074,151.9999896501075],[171.05777514411284,150.6225517564291],[171.05792891625873,150.40668069911933],[170.90622450749333,150.1211658011376],[170.46414386767367,149.61426869176503],[170.4166139807569,149.68526200545637],[170.94503521448607,150.22065891236764],[171.04236304610333,150.60013659995886],[170.7180606741174,150.99938421247302],[169.86976168552155,151.49218603618607],[169.2996351606616,151.63363993021255],[167.87389917831024,151.05036045418407],[167.06054469653554,151.18501319825273],[166.5855727220995,151.57607625065938],[165.93457742856694,152.33790174465204],[165.94797285948167,152.23719911916618],[165.39648006163415,152.7706178374097],[165.46899055920386,152.7598054512484],[165.0362845686391,153.1634683037116],[164.98057562911345,153.07422750280404],[165.06365774145138,153.01125199243958],[164.9845388178317,153.04764848721425],[164.81246939978686,153.5203625935202],[164.89313493879408,153.58155697792347],[164.91746666301532,153.7079222612333],[164.85090254241123,153.56268700245633],[164.71010537554542,153.59268365721894],[164.7053990084265,153.8470231100882],[164.63320694137298,153.89960732557884],[164.70508648903575,153.84000709692089],[164.56191663287692,153.67506211415105],[164.2104447280446,153.8779826994174],[163.67374656063083,153.8902393364588],[163.26347691833598,153.777897704005],[163.3286510381072,153.9467175275388],[163.27818264023122,154.25540701639216],[163.16976895871358,154.3451846734642],[163.30242973582546,154.48449300511197],[163.2565014860674,154.6019782617467],[162.964009360768,154.75347845900032],[162.96222075363306,155.05391430476416],[162.74957710926827,155.26796000379704],[162.66806411103184,155.47842261054484],[162.8530095559637,155.62092872715328],[162.8413014997402,155.77658021215385],[162.57610256057018,156.0411115810777],[162.38956898864478,156.10261076727443],[162.32941848541742,156.4109550007265],[162.08238690910653,156.52489020076945],[162.18329812593822,156.79844310175628],[162.06871958988717,157.42756440380606],[161.93605459097557,157.6020745319052],[162.0347957813063,157.56589134028172],[162.13209935201047,157.6278546830826],[162.16775092954828,157.99995859073903],[162.32508224427744,158.06134175142003],[162.34178855831004,158.12667909023725],[162.2926698226999,158.26322778866694],[162.57198635964627,158.3829052760774],[162.58386986933172,158.5917423052485],[162.73779977392442,158.7098348412243],[162.72929525952034,158.93054800975867],[162.73349016878976,158.71276032807918],[162.57665650135684,158.59211748827937],[162.57119812338271,158.3890026549745],[162.2358245791398,158.34344428791593],[162.1372387602463,158.5189281513156],[161.67522330673683,158.72500827677683],[162.13681488665145,158.51510024003298],[162.32397603640442,158.0712356028535],[162.1650033060438,158.0038742517509],[162.05372545925985,157.91706120096723],[161.44326611129446,158.15044062800254],[161.9837397456436,157.89263714499404],[162.11178253960298,157.89838297606806],[162.12530721529964,157.62595188090077],[161.9320904244538,157.60519126606545],[161.920564340439,157.53738923087815],[161.82502413991313,157.54790005575924],[162.06435549110637,157.426067228753],[162.06033848856413,157.12764924947663],[162.18020649697576,156.80708086373548],[162.07925968564746,156.57545390016807],[162.0803106696452,156.51775609046297],[162.16433857111622,156.42538432652947],[162.29641441426006,156.42338445600143],[162.38357081303732,156.10195118406568],[162.83503418054653,155.77943490540332],[162.85082618508028,155.6330209563466],[162.6602331813685,155.47803093458757],[162.76545001037329,155.18217974703956],[162.95716220199324,155.0542941574109],[162.95939667970097,154.74981976382682],[163.2964916909985,154.48595188766973],[163.2258695701415,154.4686694780101],[163.16202523634092,154.32997012683705],[163.2899704116879,154.17484334500588],[163.2355999943473,154.1493939794909],[163.24033275665423,153.77658780614405],[162.21472162085,153.32228524693056],[161.41363443221866,153.11837230544407],[161.16507835132265,153.19985272863727],[159.95292276326552,153.01166583498016],[159.7398711357589,153.056364570683],[159.34028981648805,153.47233493133578],[158.66599381892797,153.60210349882144],[158.57557889037338,153.4785589834828],[158.83014234961558,153.5554557918018],[158.12709027539626,153.25426699587825],[157.85139553672852,152.79589192405314],[157.2884042703419,152.78342558936652],[156.64499571495284,152.45948172366403],[156.45631806740948,152.6379480435096],[156.19419058024855,152.65259482286032],[155.66673887620027,152.10915196385974],[155.49449423372798,152.4957692033838],[155.7792795930635,152.7042895901585],[155.77633477995204,153.11623506318523],[155.56755721762687,153.36298139921212],[155.34949872967596,153.13677659668716],[155.13707058597447,153.25678280759948],[154.80454890970904,153.26731972939191],[154.8149927344816,153.38598705503728],[154.0964135750971,153.5052973174789],[154.04872148326214,153.8043508972512],[153.81416283201781,153.95136722886116],[153.71481019938346,154.29362125038506],[153.5338625078115,154.32898536828966],[153.49371355130197,154.42089009194086],[153.19079635513597,154.16722298608343],[153.05749650008977,154.3171950857119],[153.2150408122087,154.4592213346696],[153.2154614291662,154.53392170689528],[153.13531523694976,154.64293165641615],[152.57898483119362,154.91080642877236],[152.83013021792678,154.9754792077816],[152.8540787057234,155.02120115846367],[152.87736471721814,155.57905591915167],[152.27896623217964,155.9433399828551],[152.38542273182577,156.22986881250478],[152.36601964338996,156.3234630450366],[152.20215501807195,156.2113889751389],[152.0336487543242,156.36519567259955],[151.78023992050552,156.37192630994102],[151.6714798763139,156.27050525728748],[151.55593719861955,156.5429564195137],[151.66565864827248,156.57432450496992],[151.74916812722887,156.95135401758193],[151.6124252395904,157.1162320097736],[151.96243514760522,157.46428778137897],[152.05884473027007,157.82568709421747],[152.0549617368281,157.8871998326726],[151.9794693516512,157.97157080462426],[152.054877982793,157.84408323975913],[151.9742571333255,157.59077452145848],[151.60519775558728,157.125396795072],[151.74382336488793,156.94394952204007],[151.6533143720871,156.57800093974652],[151.56829992435186,156.6284974845076],[151.42894899936178,156.471516455766],[151.39884067846356,156.7582590704745],[151.2058951053686,156.81664550714567],[151.09821602977672,156.68714680682996],[151.01255162349239,156.93291141489973],[150.92138611599722,156.95677399818913],[150.85246643861208,156.78081331641843],[150.5219544442668,156.93153507849246],[150.85344331601968,156.77303429027563],[150.9259595606231,156.95241534228182],[151.09424239043892,156.68181913447825],[151.24225511956638,156.76534943308945],[151.39649758649057,156.75184465110726],[151.4256114745491,156.46622728854868],[151.56614197611702,156.6228363597051],[151.5443425070985,156.5447095522877],[151.63742954639295,156.2765083107755],[151.68758116864325,156.26030696683162],[151.80814720860454,156.36605597619513],[152.05015113984328,156.34311129505238],[152.1862236678168,156.20003874294596],[152.36307418118653,156.30890870936008],[152.26115185693158,155.94614671841614],[152.58353795049845,155.6862386873858],[152.86463543881723,155.56906723910305],[152.80066448208123,155.384073112212],[152.83682780544257,154.99976988957013],[152.54832255084705,154.9024457785769],[153.04263122206987,154.6225052933445],[153.1424285674393,154.62343537530535],[153.21118938143678,154.48165706226473],[153.10195355223192,154.46099872876104],[153.0474650020635,154.2959450606807],[153.18581858282826,154.14982675836035],[153.49766987134632,154.39083069090972],[153.52785350923793,154.30907532320356],[153.70456142988823,154.26638166379996],[153.81839216573,153.92292048316523],[154.04603113482648,153.77453115129936],[154.09104108050482,153.47672416286764],[154.44747581760976,153.35237757630412],[154.79040137402663,153.3735902747929],[154.78180080007832,153.27962973552167],[154.90872735268357,152.97977647366838],[154.63941438733252,153.0093197422794],[154.35850383388316,152.84628422404072],[154.1521950684751,152.89931719276322],[154.11132779491686,152.53094508387215],[154.01469262047596,152.56844166436062],[154.0574180303168,152.66790010732078],[153.8266953447099,152.6261127466944],[153.87095573639226,152.43050361057988],[153.55016110867098,152.47782206503715],[153.29612000752329,152.47227603170256],[153.02413917531237,152.42288817000062],[152.95739173944503,152.4918158590934],[152.84880407756853,152.44764173303614],[152.8378344300352,152.57355899019248],[152.72643899455622,152.7221810655127],[152.62921735407718,152.65229806727348],[152.57885968081172,152.78229753586857],[152.47077958004334,152.7611743328705],[152.38971980237912,153.0171559002954],[152.29139913022146,152.93871614652332],[152.1170896973966,152.95806713749272],[152.19815940116635,153.07544281223352],[152.04009338616572,153.18845469407273],[151.96596524827987,153.09859463476167],[151.87621603558122,153.28292580292276],[151.96893215959037,153.08068854797602],[152.04387563389582,153.17862502465064],[152.108107053159,153.0578092653566],[152.19115269985502,153.0679787734677],[152.11169583751234,152.9504167273939],[152.26476216570165,152.8930081279001],[152.39061205664794,153.00392499376488],[152.46957723898956,152.75341036158605],[152.5730581283018,152.77717118972555],[152.62520934539376,152.64418804684306],[152.72718852874382,152.7110952723272],[152.84253449249525,152.4426049524333],[152.95209342783176,152.4868415973532],[153.05428072656298,152.35278881823308],[153.28588318976168,152.4623089821664],[153.5024335666803,152.38270056344993],[153.55897792157913,152.47082670361198],[153.86738964059168,152.41941951628465],[153.87992336737872,152.43970788960357],[153.83513237787494,152.619106317962],[154.0520273603973,152.6601133397048],[154.00341428447922,152.56565735158472],[154.11526107178875,152.5192993045932],[154.16061228344975,152.89610693447526],[154.35818436029444,152.8363308153523],[154.63902934465355,152.99787591406456],[154.9177131117243,152.9774514182158],[154.8874111665317,153.2285941985868],[155.5125937465303,153.08353138374832],[155.59401901297701,153.31529158865104],[155.7010684452017,153.1664649107011],[155.7565563092405,152.79480580014362],[155.449520873555,152.51826885440744],[155.46236563934377,152.38915643579494],[153.7377755887606,151.802621124716],[153.74788016998286,151.32850287389311],[153.91253983404775,150.4873520874797],[153.86585298021737,150.24879111493556],[153.14017401249882,149.85514333861707],[152.97629410875822,149.8488226228992],[152.43243080812366,149.5998833699084],[152.5558243132383,149.35909403106422],[152.57576359280839,148.91540360069493],[152.45788116346122,148.81971698975667],[152.44739562414247,148.5465713915729],[152.46160399132887,148.81578962576748],[152.5805777288106,148.91183779901843],[152.56022789540827,149.36043359073986],[152.43640125331964,149.59614548538266],[152.80936494834117,149.70172919604545],[152.9757639008582,149.84110561267488],[153.23005431518177,149.83580638336943],[153.74563387170122,150.10854537261596],[153.8718754796693,150.2458101312652],[153.92555581912845,150.3768328300198],[153.8808237080814,150.8189430165512],[153.7531251708392,151.3043763841376],[153.74660128579586,151.79146520042042],[155.457774842224,152.37837561850566],[155.66305478709162,152.06357997377498],[156.21420485051553,152.58948156245583],[156.77154410572558,152.4034408703261],[157.11097249821086,152.65868699277254],[157.37985640569482,152.70920991179872],[157.76799749541354,152.58268261742515],[157.6128466344925,152.5196458061159],[157.75298362011017,152.53033260741182],[157.73778713183242,152.2880560654068],[157.9086521446152,152.0673605388361],[157.77755048046447,151.40597303025464],[157.63339716074353,151.24518664762616],[157.60969985395704,150.7534050376023],[157.80908893956567,150.4510820296162],[157.71079237623397,150.26092116314052],[157.4827475354241,150.26463040452393],[157.3154434336664,149.98162320802876],[157.30423404828366,149.79023546532173],[157.40795780075985,149.65835575057443],[157.22482581834194,149.2930525825421],[157.22803380410932,148.8663307345749],[157.33178987188273,148.692197185703],[157.29482888293046,148.3812237076265],[157.3720969287201,148.10389583961413],[157.19808578328042,147.42879918206953],[156.9875397920065,147.3701104788463],[156.8883672915441,147.08251243897996],[156.95364855867876,146.84862312670217],[156.808461704752,146.7971573756194],[156.78879911431295,146.41453752357137],[156.61726001951627,146.18677680841466],[155.5945133454623,146.3651901820761],[155.57362998199937,146.23796142329758],[154.9909265100615,146.14625056651312],[154.931742358394,146.27491530849537],[155.19522168755736,146.55211435766748],[154.69113846974167,147.20733530981528],[154.4631477242582,146.7154865544282],[154.02378276334443,146.3366159061086],[154.06322723383892,146.24521494319976],[153.87451914170884,145.4505158957331],[153.91461177884295,145.40453305796447],[153.6862076301342,145.26826890571832],[153.6645232183573,145.0938044227629],[153.4426536888316,145.03849761974948],[153.4326992182597,145.19033428838918],[153.07690372795392,144.99985961867011],[152.74694200808563,145.03911022908846],[152.76930743052623,144.9257894066219],[152.6551112749846,145.00293987053684],[152.37502486991497,144.45712524642443],[152.26352238376415,144.4989776340632],[152.27947098465995,144.21551920770605],[152.17647658728993,144.24780777275177],[152.01685877297797,144.01108747100884],[152.08841363932208,143.61514982962655],[151.8891928115016,143.49770514542357],[151.89201439987573,143.28060963558474],[151.95669063985636,143.2987097699974],[151.99189422597283,143.07348397638282],[151.8074548824107,143.03589538618962],[151.65990298972088,143.131691874768],[151.7426363370586,142.77394798084032],[151.97504274969197,142.8148465768378],[152.00046456434882,142.6759916013005],[151.49251093666496,142.27103325569846],[151.53771207510232,142.1960533374904],[151.25056391530507,142.09891954867572],[151.10294551228247,141.71540613283108],[150.86794352371848,141.71385190351424],[150.7171881614446,141.83208831848202],[150.53747499898267,141.65378392950777],[150.38253971548318,141.65810089579043],[150.09969892533832,141.88960307583125],[149.98843458845136,141.86308278794715],[149.79358773385752,142.0104554621966],[149.8900644968857,142.30110495776444],[149.5527606904481,142.5116319302535],[149.6029509479714,142.4591063008843],[149.4228760022891,142.28690354075772],[149.3284986313107,142.37884805474977],[149.16379604162222,142.03043647587137],[148.85900316938432,142.11089343057506],[148.8481050201015,142.02110440879787],[148.46138087156368,142.11634228570801],[148.50401439987755,142.54256701613667],[148.1566745649656,142.7321204497468],[148.0199855449348,142.54033796898077],[147.7189483371745,142.61762085524924],[147.44515609694037,142.3883306545892],[147.55068809511192,142.2782890133593],[147.36112926334337,142.09519720128355],[147.1948533069763,142.15403359515835],[146.4680453544276,141.93802817433522],[146.41530543573404,141.7983332734723],[146.0351660124058,141.8396155234886],[146.12123965181885,141.96647266760434],[146.0395746342501,142.07979050435208],[145.76508555967214,141.98008115154022],[145.7000039978277,142.23841039408995],[145.49846449108648,141.9757330012321],[145.35063056703214,142.27513640766176],[145.0774703227479,142.11723363345803],[145.01253893891197,142.23513973544695],[145.30027883453275,142.8160025739848],[145.61091064471,142.8825336615866],[145.10323489112983,143.06503267752794],[144.54262024784333,143.4888110767283],[144.6560138395397,144.21316003733375],[144.46404218876287,144.2203315179154],[144.25941458785897,144.4705207350446],[143.92097324141213,144.57235783142195],[143.93079279666077,144.84839060780612],[143.78139517021367,144.9693385215924],[143.54740796904758,144.888685752571],[143.29565700395648,145.180937335653],[143.24597725214142,145.54591088337799],[143.33292295418596,145.70915045825822],[143.30071564470467,146.1860769380788],[142.8436991279244,146.3763638026478],[142.79913807841183,146.5430462847797],[142.46606797201662,146.74195648025017],[142.53319417759914,147.36638439845103],[142.32297613939738,147.46792623663055],[142.4628335465083,147.60533690442114],[142.18467238885947,147.6776617211131],[142.06714592629515,147.97205490215663],[141.85195438930427,147.87964238410711],[141.37437037713815,148.49097216785182],[141.0727532879079,148.3109147307964],[141.00813108430415,148.43396741196597],[140.8413822742314,148.45943578608038],[140.78730419868134,148.84161277855557],[140.691823405909,148.82456196542066],[140.34212801006868,149.1505260067837],[140.28362004822526,149.4359421230245],[139.80698592883337,149.89803026601197],[139.33379320296464,150.7812822920444],[139.1340631278352,150.76482303118166],[139.02272812754467,151.35224077179706],[138.85519074988517,151.4937188269874],[138.90482756259001,152.1035707148884],[138.684016207107,152.3204212644261],[138.69432621065891,152.72718805114422],[138.1754903354091,152.5712269739827],[138.1372667042387,152.38076907740145],[137.5956412462432,152.39520610271728],[137.3174742533517,152.812932575017],[137.18037154356972,152.59351047840408],[137.07708878167267,152.82686191487483],[137.12551402173088,153.0029028407844],[136.85312928301704,153.15981664507362],[136.63870967012514,153.88743739114537],[136.93118735526372,154.23611214249757],[137.04950641543115,154.1930762298372],[137.34893146216538,154.69020255394733],[137.34235997909252,155.34910901304704],[137.25520940025658,155.51305731689635],[137.4502028569624,155.73817047726854],[137.3869219606324,156.05286984239285],[138.1208140434793,156.60167648350355],[138.70076454164482,156.89095668618194],[138.69966439913287,157.47860261418566],[138.26211700448616,157.84873244051425],[138.15206012853636,158.06747499064764],[138.00505121658597,158.0271054990989],[138.1442836883298,158.23032345279842],[137.59978124829945,159.06502182419243],[137.69246442274502,159.16106998746514],[137.5946113700188,159.37370626539217],[137.449681753973,159.43035912731705],[137.40314550763162,159.5985333118637],[137.1408107551878,159.74960763326152],[136.9853162842531,159.6871470787489],[136.94540193811113,159.78640315128115],[136.76156032134583,159.72689032943555],[136.78273871134658,159.85734905127234],[136.6220258328054,160.01899589497359],[136.54715852938133,159.92691665974843],[136.39589988562054,160.13744985359276],[136.5014574048674,160.24877026527034],[136.17152928112517,160.91157542748317],[136.01029722091212,160.71474600397212],[135.9317039876884,160.77542256397686],[135.7360368996644,160.66771361998087],[135.63931291740138,160.94422322045716],[135.83361187872,161.1291897439022],[135.68153290234778,161.23519457780847],[134.74601653174497,161.02009460656788],[134.50455212888394,161.09790048194893],[134.54684063485706,161.21380619475158],[134.18786416728395,161.59677696832273],[133.82427001672326,161.47400449154878],[133.62479385789723,161.62303249726676],[133.68787470619844,162.12820823537757],[133.84155776469078,161.99219564298932],[133.8103858809396,162.27545020482586],[133.57893128058976,162.32842828480707],[133.498841025858,162.93614436599728],[133.34667282543668,163.20058941105282],[132.44838183983828,162.89715810062188],[132.3376789517078,163.00108712365525],[131.8781361405361,162.97333871815465],[131.67528655916374,163.13456132313325],[131.8328395332739,163.9797414415243],[131.2953687386407,164.3820829020423],[130.97657276120123,164.44454730250465],[130.96663513338865,164.53081655384895],[130.67580173713785,164.49770912347137],[130.6876001945544,164.71462067907478],[130.43839581448816,164.7629469618314],[130.30269193014044,165.13417740568846],[129.9423323753714,165.2828161970334],[129.97353636305988,165.79435657178806],[130.07982762656897,165.8700899171893],[130.054958163972,166.16184239975723],[130.31657207676867,166.17811052343995],[130.39530854067473,166.30388391931044],[130.53107326319335,166.27714890232124],[130.70910473840365,166.65664527487763],[131.7250569050336,167.6364503707655],[132.12651966266557,168.37311421066818],[132.57310458742975,168.2590260997178],[133.0790586216387,168.31563257611674],[133.2399632027675,168.74974752274358],[133.64382921214417,168.76793111197293],[133.66429508008179,169.0130542712634],[133.8367437191075,169.05752802376514],[134.06775368534653,168.69568881104237],[134.44998743263648,168.8024589728098],[134.6285804032271,169.67078239069156],[134.48510738236936,169.95549393087666],[134.62088823168733,170.179755165315],[134.52453541914065,170.3746163582651],[134.55900890018756,170.90126175734554],[134.68017279860442,170.975828356683],[134.7666218879845,171.29862489580142],[134.39602698625018,171.62180641367866],[134.38439426822896,171.7873958772292],[133.85769433034775,172.2645022318174],[134.04944811562822,172.2586976306908],[134.57709134758247,172.63606096908717],[134.72882906567293,172.8925041381225],[135.02706967997014,172.91286568086744],[135.13570769552956,173.36780740753167],[134.93561554072022,173.54009076677],[134.9262759870491,174.27854028313783],[135.1898189768975,174.61111586821087],[135.18345825168808,174.85514320198286],[135.6176181144983,174.97047038341714],[135.583298018576,175.1042482985651],[135.92741549425045,175.24805360950785],[136.0839192505877,175.13884345277398],[136.74971414714128,175.16756237484594],[136.93953388202522,175.5616371354559],[137.03392008609475,175.4557265886354],[137.18048448244355,175.3722641073318],[137.30768602943368,175.50717685341672],[138.15601951539054,175.7444384632771],[138.52479408876906,176.12373839274687],[138.72272798309137,176.1845508162272],[138.69520978327395,175.93052210924213],[139.27172863145347,175.6389314153818],[139.40041937785978,175.41622771247268],[139.51540164696564,175.40291228597945],[139.57947923206265,175.14654934477167],[139.91864925896763,175.18286804005209],[140.54425538636232,175.5573860379765],[140.87891340945222,176.0004547044275],[140.97876757143177,175.98518899000499],[141.00286807533152,176.6274563391108],[141.22580386124056,176.74897604875034],[141.43721468592204,176.3517602050507],[141.82421127615294,176.01005570932037],[141.9337393645628,176.64899780156134],[142.01180183591424,176.63453499203135],[141.92746605433945,177.3122861417411],[142.51920411207817,177.14058637563068],[142.62241757313876,177.47884018812465],[143.14067738892464,177.23629414720412],[143.46742168910373,177.23668159104693],[143.50733101307225,176.99546629134875],[143.79666914035914,176.96572488496],[143.82172550306717,176.7887102562782],[143.72800426341055,176.7571240393192],[143.89228292056578,176.65337299908404],[144.05869861779993,176.79005890355245],[144.23913920244797,176.7102042681382],[144.22663969434473,176.53905812574516],[144.49973137192111,176.5736063599706],[144.3821839807607,176.34946441860558],[144.53999360674956,176.3682168905607],[144.4956317023443,176.16557331169562],[144.63567890218903,175.9185095735308],[144.87509576236093,175.74277129947168],[144.94021845507362,175.4265520431866],[145.18425370477786,175.24698031509374],[145.35273072423476,175.28772045420877],[145.20955615212569,175.44032015014488],[145.21578445247025,175.7081119990759],[145.38564659041072,175.68286401065546],[145.45780975743008,175.39196249158294],[145.5169612322211,175.57986966089842],[145.6886528362652,175.70463010966685],[145.6286112302654,175.3732052677106],[145.8815216865871,175.35615895038555],[146.04266842386997,174.97854136819436],[145.9984609512999,174.75952720946458],[146.15776956247754,174.6120973995912],[146.22889919346977,174.67600555388216],[146.11404821564597,174.91070023215434],[146.22029851724145,175.02607943567978],[146.08381996757691,175.28842131137884],[146.15663963145175,175.50599707856014],[146.0770631535885,175.95671600458041],[145.9370999811381,175.96336819372448],[145.93023656621398,176.12477142006802],[146.09517735580863,176.18572488715793],[146.55782392949752,175.5418856802852],[146.47787474092533,175.45969106097965],[146.78656293863943,175.35007231320006],[146.80538364221064,175.7982960400252],[146.8664217182695,175.81380620424554],[146.97351008163972,175.54818812605288],[147.138973037266,175.59755098348938],[147.14749784898476,175.77738909552053],[147.29829329554656,175.52795078208453],[147.26043737572797,175.1740875844509],[147.40126091603338,174.91923075054274],[147.49662718304717,175.11593208450097],[147.64949413942122,175.0847599219459],[147.67154471909706,174.83930209000698],[148.06135175963584,175.18652866936208],[148.19415873807168,175.13300035915884],[148.40144454727272,175.31331079476672],[148.35676343271558,175.47348565997453],[148.55239100535096,175.54482585880507],[148.78070454275004,175.41048802340285],[148.77229061172432,175.81979731102774],[148.9601678939727,175.81698659375758],[149.09601031513864,176.08973591096594],[149.70457807903415,175.90848339639405],[149.85101101532612,175.76367135909175],[150.64544334529134,175.56793917792498],[150.67152854574232,175.72564843343386],[150.89230419318997,175.7725721210012],[151.2966983768395,175.4903937788754],[151.35693865686937,175.53901394843305],[151.67171869707227,175.32275535834643],[151.8317260278917,175.54375380577181],[152.1024406329949,175.5506577764819],[152.61863353421694,175.35450506880747],[152.84750165553712,175.07573527588147],[153.68884217394339,175.26383948876577],[153.94988599014508,175.2201002742384],[153.9639393410917,175.09809320936745],[154.42577698905356,175.0243045930645],[154.27368429676827,175.41088530382638],[154.28893820426964,176.08165050022168],[154.48234672632785,176.53075749102138],[154.77764246875753,176.7931133076491],[154.99994351507493,176.7377774021461],[155.08782434399836,176.9469397217611],[155.11266882070603,176.9705616416562]]],[[[155.17961584698918,176.9571569850641],[155.15907398636799,176.9826539606556],[155.16897070016347,176.98769384344388],[155.17961584698918,176.9571569850641]]]]}},{"type":"Feature","properties":{"BNG_E":477658,"BNG_N":322635,"FID":4,"GlobalID":"e334c852-b31f-4418-9f38-9f76ec482fa9","LAT":52.79572,"LONG":-0.8497,"RGN23CD":"E12000004","RGN23NM":"East Midlands"},"geometry":{"type":"MultiPolygon","coordinates":[[[[173.4772484498865,130.9056280081198],[173.46220177655854,130.856238940002],[173.39280457553872,130.90667877870723],[173.4772484498865,130.9056280081198]]],[[[172.88332830720705,131.05739907901673],[173.04741620534918,131.03010475205565],[173.01907578474572,130.94317327524573],[173.0554117988583,131.03007632943934],[173.1884721463938,130.96058237645317],[173.14749650305885,130.8490508633375],[173.18554764934206,130.9256842122481],[173.20978855311495,130.85837919459536],[173.2002729867518,130.95194627673516],[173.24238632683287,130.81113600052214],[173.25578491245543,130.93174312236061],[173.3360109933081,130.79572674848208],[173.34722646902688,130.8429806758056],[173.40369086477742,130.79788801649966],[173.33714552055656,130.9045731782931],[173.46195718228427,130.8554360685796],[173.2448725165106,130.5572193792465],[173.40500206418204,130.5284030191608],[173.1389461679417,130.3117716387626],[173.72341987200306,130.0763136136315],[173.00449894318342,129.85117295222386],[172.1823040482348,129.3916958546827],[171.94822795688668,129.44471817152134],[172.30051032344525,129.96695661729927],[172.4784295912164,130.3888764240304],[172.58648655563405,130.9550437648725],[172.68457284360187,131.03825830565228],[172.6604944533645,130.97024283089775],[172.69003681509093,131.02078987990086],[172.74611381401246,130.95923976229142],[172.67663716704186,130.94177783043608],[172.8062890611376,130.92966416331674],[172.6906963355896,131.05404386232027],[172.88332830720705,131.05739907901673]]],[[[172.48355208819058,131.13268275423013],[172.41705422596317,131.0945825218176],[172.3997620425734,131.11509096446926],[172.48355208819058,131.13268275423013]]],[[[172.54197223311309,131.12581613947071],[172.49265940862892,131.11560792402145],[172.499738869683,131.12621676519177],[172.54197223311309,131.12581613947071]]],[[[172.5720297417156,131.1208920005483],[172.5410468704418,131.1207402835223],[172.5699976183692,131.1453448473207],[172.5720297417156,131.1208920005483]]],[[[172.56779157913934,131.16108587416653],[172.5358880656632,131.1374135432418],[172.4782130899233,131.13850587266725],[172.56779157913934,131.16108587416653]]],[[[172.52658617901446,131.16190530183636],[172.4531800703844,131.1603766653428],[172.5389420691136,131.16606878410693],[172.52658617901446,131.16190530183636]]],[[[170.9101198906355,132.5853345675577],[170.8795650298455,132.52218440500516],[170.87382872585835,132.3774485974051],[170.86995550385515,132.5974194507204],[170.9101198906355,132.5853345675577]]],[[[170.90294169279093,132.632219520925],[170.86374644297538,132.598277284994],[170.81801773785872,132.52990549671082],[170.83904647997286,132.461289988312],[170.8540999500261,132.54520951812205],[170.8310544719417,132.3907712624823],[170.69786557529508,132.41480334163907],[170.6515945509408,132.51912536472256],[170.65252098736866,132.65578071630176],[170.6657016935507,132.53878163450224],[170.68621722558132,132.64538373691707],[170.68042726480087,132.50614077532657],[170.70864898710118,132.65415622190602],[170.70139928711166,132.50102006713973],[170.71863899864417,132.6467319773131],[170.78679784027537,132.5178346252397],[170.73263022530196,132.65445701980616],[170.90294169279093,132.632219520925]]],[[[169.5786558061518,132.75680670721198],[169.52887236015377,132.74569637626067],[169.58779691439196,132.80037675885856],[169.5786558061518,132.75680670721198]]],[[[169.79344848321415,133.14933538297063],[169.74555595567318,133.05432828235047],[169.75550796998348,133.15015381230631],[169.79344848321415,133.14933538297063]]],[[[169.89213515821672,133.1816664671451],[169.84252105410746,133.12654131471743],[169.79685514736946,133.1540792677287],[169.89213515821672,133.1816664671451]]],[[[170.04340535859282,133.19454635696675],[170.03217306126035,133.13354719537514],[170.12206896526953,133.15118124939625],[169.91432193251788,133.0641020515052],[170.10842404174107,133.07882403167517],[170.0267655596582,133.01077788710782],[170.13009999569104,132.97400244281064],[170.0173874031624,132.99986753099444],[169.9938276960559,132.99827412343305],[169.83079097594114,132.90783720269562],[170.0061524235458,132.9988831923669],[170.04827775174573,132.96997964900052],[169.9671443677226,132.9599302255379],[170.07238614564858,132.94938645979303],[169.73074039615796,132.82484984773777],[169.9425707490395,132.87203032234254],[169.7081605042464,132.81431666602785],[169.78247225669412,132.808882869607],[169.58071267166298,132.7589782981853],[170.04340535859282,133.19454635696675]]],[[[170.1366756693806,133.22986444699035],[170.14206636312232,133.1961454525045],[170.04778676861667,133.16409810965715],[170.1366756693806,133.22986444699035]]],[[[169.98842584630185,133.36736438736494],[170.00765442447167,133.35929794351443],[170.00160133230767,133.3563173345088],[169.98842584630185,133.36736438736494]]],[[[170.00124938315213,133.3839516435126],[169.96471154108303,133.37574483639244],[170.01627001924243,133.3444839295257],[169.92853184960236,133.3745327364114],[170.00124938315213,133.3839516435126]]],[[[170.53459920705654,134.27577664865592],[170.46981891920032,134.2456326186375],[170.5108351565032,134.3080820714457],[170.53459920705654,134.27577664865592]]],[[[170.57552091274144,134.39817556048004],[170.53913920134855,134.27890963976128],[170.51600935762713,134.31853526132065],[170.57552091274144,134.39817556048004]]],[[[171.02039588840705,135.02533546617744],[171.0814996443516,135.00597705211078],[171.04086114530617,134.9744966429445],[171.02039588840705,135.02533546617744]]],[[[156.98943515067486,144.2512969354428],[156.98809717858458,144.24307901015328],[156.9192510647398,144.3264130576133],[156.98943515067486,144.2512969354428]]],[[[169.2868336084095,148.2146518503729],[169.2200315883117,148.1394252596461],[169.2778004081901,148.23377620281119],[169.2868336084095,148.2146518503729]]],[[[171.02039588840705,135.02533546617744],[170.9814610000922,134.9144540852803],[170.9864056477429,134.97822364639526],[170.9542067383669,134.8798843495162],[170.8995739772754,134.93093097777827],[170.85551606136994,134.69966001545015],[170.87124974188617,134.81493391256421],[170.8021217417888,134.64674866337867],[170.74024443212045,134.67620818422256],[170.74876914924414,134.54278820440004],[170.73333696443538,134.68043200503914],[170.74585149212044,134.54420924395157],[170.6719228362704,134.5383037998905],[170.74985074921375,134.52878596593038],[170.66181515141488,134.5218062386021],[170.73272017924413,134.48687394106855],[170.6392447136124,134.51834927937435],[170.70314677243775,134.43190007426207],[170.611790596635,134.4476224968458],[170.6433495935322,134.3859548690225],[170.60436768006736,134.41659435191477],[170.62292814769373,134.34346482070276],[170.52168311293036,134.46156576712593],[170.54677031370494,134.4007322966969],[170.4298281048792,134.3256030766969],[170.48784400157396,134.2839018062547],[170.39790650401798,134.27195230014092],[170.4458088722126,134.22951214061342],[170.35439643128387,134.26365619589052],[170.4458643465779,134.22826268485872],[170.3582208671971,134.24585908707056],[170.43268479583136,134.21595142467046],[170.37445749254445,134.19393239762047],[170.50382915605118,134.21910173117288],[170.40770842988368,134.16224165373885],[170.45298059484702,134.13142898033465],[170.33331360866293,134.1051177877894],[170.45859449122767,134.12677373758982],[170.37100514733845,134.02183146894353],[170.32778878396505,134.07514837699773],[170.35397910173361,133.98173493859971],[170.32773846879934,134.0454447486388],[170.3248624380937,133.89340705337236],[170.28872608245013,133.94677602328977],[170.24767652376505,133.7635814088585],[170.1597623740284,133.6718424173451],[170.22528202531566,133.65861315704922],[170.17733574570218,133.66619951745335],[170.2616110463368,133.62488693042974],[169.8489310871474,133.5460216490803],[169.44098274298307,133.74009602133674],[168.88361091792368,134.3983012245302],[168.63711811964956,134.40515148816002],[168.67612461218374,134.54793459782556],[168.54817529972019,134.75434899844885],[168.66894524332105,134.54706555811308],[168.6149735457617,134.39393529873303],[168.86498944613498,134.39473566606208],[169.40889053463104,133.69840653722397],[169.58386921127777,133.63040110299067],[169.47642864022697,133.64639633577693],[169.91297615207662,133.51187417596205],[170.26144831518644,133.55160975323523],[169.95483054102638,133.4247883701426],[170.0590837298969,133.4528982869884],[169.91623606836978,133.40470408070547],[169.99254264950585,133.40271529983403],[170.08322376616,133.38479326794422],[169.99826343752324,133.3950903671145],[169.9179584467728,133.37615048775183],[170.00853278665912,133.34192105880888],[169.92537280904995,133.3574844581472],[169.98478480386416,133.32817522675367],[169.93920056869064,133.33434944137628],[169.95456988768134,133.27246907938573],[169.87566005749844,133.3399102448854],[169.90099720458971,133.46659870359142],[169.8764057570947,133.38618562435312],[169.87500022408517,133.48098035953905],[169.83210009387125,133.41157394929218],[169.89877155064153,133.301126532894],[169.89371956953866,133.23527617869306],[169.8174265014751,133.26031512233905],[169.84027413110022,133.3957595950138],[169.79866607646306,133.2979680000137],[169.84123515956034,133.44280047023295],[169.74284370625276,133.45296501670134],[169.82071882171778,133.4832269200611],[169.65750759285672,133.5512959329776],[169.60037482621993,133.47760940411763],[169.7111618156029,133.46497858376904],[169.82788823587828,133.22402875154282],[169.75499688348492,133.233287560279],[169.8328471070261,133.18861576715796],[169.73607478923645,133.23112728151807],[169.73322617563338,133.3936327935601],[169.6201828459658,133.42741832027423],[169.71750023362193,133.34313444356263],[169.6065601361753,133.40737122857155],[169.60053442951454,133.30594448640355],[169.50505873600255,133.3842021763274],[169.51867302182688,133.25244630807765],[169.63272066676754,133.28540542848188],[169.65992795260976,133.3472356927819],[169.72277999023981,133.30723637576892],[169.66861794801588,133.30571248716944],[169.79316703778673,133.15868171203584],[169.68828484086237,133.15995097563675],[169.58796795595873,133.2516229445376],[169.62614646158875,133.15626784407462],[169.75336887955663,133.15081451111593],[169.73757650727302,133.0717640370549],[169.67179419253935,133.11208321050572],[169.7152419727688,133.05807433949875],[169.6657885893459,133.09660143170674],[169.70087373027914,133.04152664785872],[169.7707311955513,133.054156703624],[169.6723898472682,132.9369584815369],[169.6286263435983,133.12103213179148],[169.49533335334365,133.23706644259548],[169.39555520893103,133.15773275424436],[169.26716384702686,133.19363873584604],[169.37067451079363,133.07391907646874],[169.4798456652857,133.19097466035385],[169.64000151419316,133.07103503347125],[169.58548911300258,133.10327961242484],[169.63806076309942,132.91459757704501],[169.51106074540368,133.12384360253094],[169.5549893404888,132.9562292244575],[169.46388046090095,133.071083672959],[169.47689318094052,133.00142666023453],[169.41550780996516,133.02436286126297],[169.6472517516572,132.89712646340877],[169.52864105492324,132.93342516921552],[169.36851515475087,133.0598864799754],[169.3275206968839,132.9960770124423],[169.52636719066518,132.93010932181562],[169.39423669570536,132.94301614758564],[169.36751617731983,132.85878116953458],[169.31190998900638,132.98989879501693],[169.28698750590775,132.87987208060224],[169.37144018189264,132.85739025297607],[169.6487731175178,132.87468236813112],[169.42987491072654,132.82164883490776],[169.21989389364265,132.87235666983992],[169.23018898713542,132.79950825401312],[169.54845106402237,132.79934732636718],[169.34403312158486,132.75524915454687],[169.466503595221,132.75271107111377],[169.32116679008357,132.7220118414685],[169.38818423437152,132.7111564940172],[169.1203917735664,132.70164116187914],[169.18317594800982,132.82338360521825],[169.0235793842594,132.69302692084943],[169.25011480479753,132.6555922181546],[169.07449912270312,132.56080173076973],[169.15351574771614,132.58256182358065],[168.93470905949633,132.41483101249938],[168.967686740196,132.4675182540464],[168.8442389123922,132.37210113660961],[168.93548285532236,132.43358525161415],[168.72237258926538,132.2656791717205],[168.80644833226606,132.34416056441543],[168.04678424584418,131.96430590810257],[167.57545947243563,131.56922776100703],[167.63508331106908,131.59418743781566],[167.06433770962303,130.69926630256919],[167.74787681444332,131.70763111474432],[168.05977170432422,131.9595176653801],[168.69092042096875,132.20787102614736],[168.6266585925804,132.1951114385526],[169.54807634705597,132.77421695998407],[169.450392612421,132.7077647372828],[169.52169287012077,132.7139924821654],[169.4315797607018,132.6505539316217],[169.5893478170176,132.72675647095434],[169.52674000346514,132.7373465890274],[169.8024900518559,132.8123209446872],[169.71546932704433,132.7292375517532],[170.02530665772252,132.88945088969837],[169.96863184869477,132.84980233864812],[170.02440032393758,132.79467875747747],[169.95450986104737,132.7995758741498],[170.04889099839957,132.77381965402503],[169.97229660077926,132.8521663992559],[170.0879309361223,132.90113951818492],[170.12275482047315,132.77025204477903],[170.10877547445133,132.86159551678898],[170.2166216612314,132.9364079434987],[170.1665633299847,132.86854008446397],[170.22963907819937,132.91434419858547],[170.17779201032099,132.84262493254545],[170.23290621236308,132.876095304287],[170.19044409600028,132.8143424150758],[170.2833696838871,132.86990668415558],[170.2223830527103,132.7924150873369],[170.2925698691365,132.8483549807863],[170.24768713980677,132.80395437725602],[170.32863295894097,132.8339308581684],[170.2709078780214,132.77907151672088],[170.34339004351273,132.81121049616408],[170.2878643268442,132.7823432117145],[170.36554917266358,132.78035172570438],[170.09697109100435,132.74230732431832],[170.2332287706211,132.68757307014837],[170.1701277125944,132.71147850156729],[170.23510766034536,132.6820308917338],[170.4174761075147,132.78448296921619],[170.33747750894986,132.72383037071256],[170.4076986826952,132.71528680122825],[170.24340414327372,132.68229509803552],[170.41562851145935,132.71260296420104],[170.41578258171256,132.63937878047756],[170.41627676816367,132.70757594937126],[170.44675766971412,132.604043967891],[170.3612318062663,132.65129629939847],[170.43130842359142,132.61183127402563],[170.3187195814192,132.64928498704091],[170.5009165361985,132.58114996149922],[170.46781259700936,132.7288006094332],[170.5321754546114,132.44698967829115],[170.64110455263364,132.42167668474312],[170.53374787714495,132.44789150976885],[170.54443511619894,132.66509928059168],[170.63244989062235,132.6571997971248],[170.57035264532033,132.57530164886003],[170.56058696406694,132.51560183529944],[170.58004538031548,132.57843552732965],[170.59279669098174,132.50904224799172],[170.58115209463023,132.57928744566212],[170.61233014213377,132.4844980150321],[170.6331968179663,132.64821515201356],[170.64798443184827,132.52615054941833],[170.67718961954506,132.408697079006],[170.89827663581275,132.36515223079303],[170.8987586244428,132.5301090513588],[170.90165250772793,132.40743501910347],[170.93331966953025,132.34458910475635],[170.90253405880304,132.40656788793706],[170.92247379294992,132.6112678172471],[170.9166387161544,132.41889386738075],[170.92909167762446,132.52003908533453],[170.93471961833814,132.46132945865816],[170.94951740020537,132.55617159496268],[170.94240330535612,132.34679835138382],[170.9719644625586,132.57975331528615],[170.96579346332027,132.40371542909028],[170.98064031265704,132.52755409939704],[170.99164052789683,132.45777177285035],[170.98168741998802,132.56474127941226],[171.020612958183,132.4418438656911],[170.99787250800733,132.56601950717254],[171.02664129717692,132.4903437970633],[171.00615651125088,132.57551833440638],[171.11506093139263,132.54171428599145],[171.07256381786425,132.48826711934427],[171.12508610471076,132.5346906917379],[171.11871410568313,132.45739101078135],[171.12592577844825,132.53252623803775],[171.2459489064458,132.4767444787139],[171.21860740082366,132.38059956178773],[171.29180116907543,132.44657615653705],[171.26948290424133,132.39245182406304],[171.2925584751793,132.44578281864227],[171.27396786611405,132.33542034249038],[171.29735570132874,132.43178501026637],[171.40707093626662,132.35505632115533],[171.25763743326013,132.19812210424013],[171.08441749207833,132.4036151442286],[171.24411142741758,132.17970327569142],[171.40422303074638,132.31133473836297],[171.46787081955773,132.3516698532431],[171.39872316168095,132.30124099260783],[171.4597326969448,132.34010644844835],[171.4093714075713,132.26692779841682],[171.47896241772264,132.30616274932714],[171.37380531726615,132.24569878013892],[171.4686791018421,132.23737299262558],[171.39318613837008,132.1204130508961],[171.52867607384022,132.2321514483806],[171.48116321947072,132.3410937671113],[171.75377498283459,132.24640889581002],[171.64178144629705,132.21550104084312],[171.77010761419749,132.2358145923709],[171.75894298375795,132.16709443813642],[171.79739321348114,132.2325521386525],[171.81509152395506,132.1253880275819],[171.8304768075095,132.19340352901065],[171.83839826880245,132.08609188486614],[171.89179105004683,132.15825338497876],[171.95554176933786,131.96605110036523],[171.8875095849337,131.9764070947223],[171.95726456435756,131.96374681234585],[171.8821832710213,131.94382217028485],[171.966191503697,131.92120766134323],[171.81070520880542,131.89956510844775],[171.90363579094492,131.8707114916335],[171.97388901117097,131.92410323291642],[172.02616627054942,131.8004615303603],[171.91688712737687,131.83102890816963],[171.9913568865938,131.7896667667882],[171.83968351335955,131.81191750531315],[171.97922612877,131.78059493913926],[171.8532616800884,131.77090895346132],[172.00585028016351,131.75346907503376],[172.0182224904271,131.6705531101096],[171.86201923721276,131.7356135551507],[171.70905499918723,131.88806317860033],[171.87694716963,131.6923767589804],[171.94354816959958,131.69837059626977],[171.8600249321148,131.63881984523303],[171.9447445494855,131.5963755589921],[171.94489001038795,131.69478581452196],[171.97313277642598,131.60963807581652],[172.0966376943182,131.69035697337068],[172.10335200060933,131.62002810463432],[171.97556819846218,131.58602389769194],[172.050598065202,131.56199021313066],[172.1569837897084,131.66019529112793],[172.23947038859455,131.54614970704398],[172.1451796001207,131.5264001262629],[172.2300138903408,131.54368035789577],[172.15625843865604,131.50731875356263],[172.25200150987195,131.51960880594697],[172.07479926158862,131.46783857239825],[172.25939043412953,131.49942362411963],[172.29584889342286,131.40945287328958],[172.21262541376086,131.40356576829305],[172.32884191688706,131.39491565655786],[172.24535158379874,131.3439920833065],[172.37574460650228,131.32227040628217],[172.269496649424,131.28104287934286],[172.4034170297689,131.28559682289165],[172.32337867771935,131.27568147599305],[172.401077390161,131.26456185345222],[172.33939120247663,131.2582857031698],[172.44732948591226,131.2549713537784],[172.34873940621992,131.21933311711445],[172.46226577682907,131.24050152661712],[172.38815435406306,131.2156806119936],[172.5308573382518,131.17076803882503],[172.40400331762396,131.1812928459915],[172.47893114860258,131.1742591054108],[172.4119683362943,131.1507187671537],[172.4966051423135,131.15861162879148],[172.39873659924027,131.11569949178366],[172.41543203492776,131.08950087520878],[172.53868946451234,131.1124116319785],[172.470011121578,131.0973106326449],[172.53393550480007,131.10868450765167],[172.44291674491348,131.0780910313486],[172.5398227653339,131.09754412637528],[172.4527372895934,131.04237558526833],[172.5738068235716,131.11448549664797],[172.49077978050832,131.00643771744006],[172.56025415725802,131.04066124580442],[172.341192950084,130.09210993601175],[171.93435541747817,129.45098776289174],[171.2562934286209,129.46448363612524],[171.01596833266916,129.30725733051997],[170.7764191594121,129.31762842072976],[170.62437806217474,129.19216925093215],[170.21819322529578,129.2710650114629],[169.91038001692158,129.0273134800692],[170.0055149561756,128.39752850098614],[169.5821756629664,128.089782383353],[168.7355470029791,128.03989685195097],[168.7194674534291,128.11308507122504],[168.21702329713628,128.30925809382043],[167.8003964238382,128.15180729184533],[167.6129271467409,128.25925219429712],[167.00015319253436,127.87041464830463],[166.38102301702187,128.05030202430729],[166.1784570546827,127.8974393380241],[165.9674909222374,128.19857654040078],[165.7792992898939,128.18262991923777],[165.13512159464494,127.89463792488229],[164.64411647461912,128.2579319127106],[163.9219063461841,128.35349267722938],[163.9033268290342,128.2347678535863],[163.57827287636084,128.06480070277857],[163.40974311862232,128.07732185630738],[162.6211526091751,127.83491471848393],[162.0557598546152,127.98539209910551],[162.05149652872956,127.88987988232638],[161.6509897999119,127.84826479993606],[161.65495446535706,127.77335267771713],[161.49076961569622,127.77777982776172],[161.28822041714227,127.64200757030922],[161.39031987676802,127.5105552023936],[161.64704616315922,127.4572020166829],[161.60788397778285,127.2025679326217],[161.49928808384485,127.19259356769153],[161.44323634530193,126.97234355451619],[161.08963409703912,126.62354569999007],[161.4163919450731,126.50008967334638],[161.40589468337487,126.42572326989301],[162.42292239120442,126.69772050738598],[162.59123001210588,126.64700381190906],[162.5631731535771,126.48546771225749],[162.7059092642061,126.42127996295856],[162.46195899349544,126.26874258378781],[162.52114977666486,126.13795430266889],[162.75803724474736,126.1031401795117],[162.66796016381207,125.79747217555304],[162.49740352150695,125.70779942375216],[162.56745231822794,125.60584762172937],[162.89167526770606,125.58309077348683],[163.10589739792215,125.44328838781765],[163.531229316886,125.41126351013773],[163.3943803732112,125.08859931194274],[163.58467963977407,124.88961028709811],[163.52968614678062,124.78960019206725],[163.66474848019342,124.69395671819127],[163.2170256920779,124.34454736433662],[163.0259156817699,124.06974461028022],[163.19254429492943,124.02611253778763],[162.1071805442016,123.44839501352493],[162.02812096117123,123.30972939899289],[162.10652708657403,123.29923302370139],[161.76422745155696,123.09584776306208],[161.47614473705625,122.79603882154878],[161.31863672438868,122.81631855647278],[161.27324135755077,122.74394413507682],[161.05844618699126,122.71751303616816],[161.01969818185162,122.65347288995993],[160.74378259747957,122.63887628746103],[160.69899394601728,122.58139878737512],[160.56465865885028,122.60049531346554],[160.65099264783362,122.47732039062012],[160.42602143529643,122.31033296758048],[160.42106803058027,122.17753744101785],[160.78884549362033,122.0113310415471],[160.65534674134835,121.84466585667701],[160.96363730698323,121.86027740412962],[160.94239453014666,121.5511051351152],[160.72235055723328,121.41948037639696],[160.6238001261218,121.4540244606547],[159.9069541622863,121.3018140695152],[160.00612352633573,121.25629806169918],[159.35357809682023,120.71418891594968],[159.4431124500923,120.4090691823105],[159.2622758325488,120.31005698463531],[159.13244328782332,120.12832846466414],[158.92108891593995,120.12661108911654],[158.68417900254443,120.0116008664979],[158.4123802141038,120.26966630910042],[157.9932967346405,120.30252964967299],[157.507799632557,119.98476326885162],[157.3491128811002,119.96252454245801],[157.0505764017841,119.77510878490955],[157.04325427738658,119.054752464512],[156.75410128704158,118.82756623974814],[156.18715715649338,118.14633124688265],[155.91446682035428,118.0752161702421],[155.51800920980668,117.84485778729491],[154.2960187583184,116.88171866401905],[154.30923939759535,117.03141030575165],[153.95940337093012,116.79258643684341],[153.9852932656562,116.75360502585067],[153.68057290124773,116.38245273509055],[153.57943128131325,116.48124985145499],[153.23411595104926,116.00518085484515],[152.91797899130657,115.8609445068544],[152.8482696050611,115.5766734426889],[152.35823104502515,115.21815276530003],[152.3443153077639,115.26125480984462],[151.74157297665536,114.84170728015012],[151.4623303299816,114.45135214190958],[151.71523001423668,114.5262087429228],[151.74052323380258,114.32143425353296],[151.61928951949278,114.1991250090997],[151.81382694244996,114.23553378853194],[151.80819363820316,114.11816349354064],[151.95758776345687,114.16003930047879],[152.00321336129292,113.75835671746778],[151.73400634588796,113.44730463188532],[151.34664803258173,113.2588134198177],[151.20712410609542,112.98907560735431],[151.31413747722658,112.94206008141481],[151.0987241448583,112.6582906613138],[151.00327288632505,112.64952829459341],[150.38514801884097,111.89472488874996],[150.29834945858846,111.91003686866883],[149.81259664081335,111.43964855663828],[149.67965557405822,111.78898376461517],[149.78849471154598,112.2457265483196],[149.88698459962882,112.34237130671875],[149.77287634662838,112.25942597361328],[149.77497199567557,112.45349700537992],[149.93314060580133,112.69454401120777],[149.77677834619874,112.7362645090208],[149.33236747486782,112.19865388559379],[148.57449102991072,111.76737011494501],[148.32776304417246,111.70435967956669],[147.89188879454537,111.43553682938236],[148.08788808983476,111.47179137847029],[148.06867913100746,111.34056848445096],[147.8570887309994,111.2583046239357],[147.4633170678125,110.90590478925236],[147.32708658763278,110.89473678645012],[146.7439514333713,110.35390302247937],[145.8400730111489,109.63814918990508],[145.05112897991074,108.47921241195316],[145.32840927336272,108.57510908639874],[144.6367152352883,107.60333155863472],[143.98175259600026,107.05178211137815],[143.5139205889397,106.43891775773827],[143.0163545979655,105.9954084691154],[142.4034953453095,105.74685020112044],[142.25814242371686,105.79411484239736],[141.74657857833435,105.35675656128436],[141.35287607522264,105.16499334761886],[141.26000147323884,105.03198640555394],[141.3499917760103,105.36304202738722],[141.9171520267738,106.10489405659752],[141.87564417255814,106.22632359394365],[142.00903822375685,106.31762193817164],[142.18321634968004,106.81983971939619],[142.0290511782297,106.77258294245556],[142.26858497871459,107.37110266481307],[142.11289478913747,107.43022891275226],[142.70312505242856,108.20542039836396],[142.57897344431365,108.15725207846282],[142.91218702983457,108.58701265990322],[142.49772639895963,108.36495385051347],[142.6028671868849,108.59123789960346],[142.95382859504696,108.90759368309872],[143.38921968034623,109.16566483287001],[143.85041555395415,109.56183093530618],[144.23875060382994,109.76860979831743],[144.282582043881,109.99155932741994],[144.0781718870874,110.10019160764972],[143.83075400233398,111.27840273097945],[144.2177492815442,111.86807199149821],[144.2992394539706,111.89959221514013],[144.50700488195073,112.24705544129523],[145.09492735783428,112.6301642088993],[145.14543521771043,112.75532532776391],[145.63776160012844,113.09656968264868],[145.76697162345562,113.62624462798031],[145.6004937835427,113.75580279288391],[145.70889911078953,113.87991087217009],[145.63576063147363,114.11104621520212],[145.91061465348037,114.19124438377231],[146.29010066355673,114.72224865553916],[146.73071743433388,115.07320187564878],[147.12551455307843,115.56976507371708],[147.34029638398488,116.2678946191952],[147.21104653054624,116.33209189885959],[147.4412636112576,116.6374924550633],[147.9756556134297,117.31990568719476],[147.10821249960986,117.22499373971718],[147.3147376367233,117.54356214977227],[148.07886093206,118.17488889464347],[148.61588362738556,118.4482958040889],[148.96535815064442,118.72702125070026],[149.0610048782105,118.88904884608999],[148.48414034920467,120.55548464856686],[147.71585924144978,121.57542773435051],[146.09538404463146,121.91155518921806],[144.46719448380878,122.02085151080973],[144.48822809016644,122.33927700931608],[143.95139770305207,122.52241002020274],[144.22432167142392,123.09050794262937],[144.02816434352113,123.20524825470798],[144.15817868688723,123.52315282791115],[144.07232656731912,123.63622696927851],[144.5895531476669,123.92108042060232],[144.76761489654572,124.27066767888962],[144.68537975569174,124.65456667369912],[144.40431023657285,124.79024676022895],[144.49489767308845,124.85876999584735],[144.29862978092928,124.83471934810883],[144.1203462341606,125.03620644216082],[144.2446060788682,125.26087693805243],[144.08309431064725,125.38605351795795],[143.85784052417748,125.23696674213754],[143.7232485577871,125.31167569184184],[143.50541193478801,125.17302524068558],[143.33018143808246,125.26923206624465],[143.27674393397936,125.18837583850431],[142.92798130033475,125.09886021671646],[143.08964631987934,125.74071252990055],[142.76307347240024,125.80611861294295],[142.26970604644725,125.73803170788354],[142.2288213879403,125.80015470613132],[142.39374726445334,125.95493877589122],[142.4682342005998,126.19975848801883],[142.57425104166603,126.23386341001034],[142.55035006867743,126.44438023494875],[142.7675232420665,126.6394650005632],[142.98547420555172,127.0335424029127],[143.24358672140696,127.17928897971365],[143.2947875351785,127.40106243625686],[143.46192987500993,127.55980937724651],[143.71941179550532,127.4637172236584],[143.97497947204576,127.70999849794964],[144.13912068234666,127.5567251667879],[144.3319706175384,127.74823343355297],[144.43383931184266,127.66315583211806],[144.45216749060455,127.86066955550781],[145.01155136384043,128.30068300713305],[145.0198815364362,128.558207686857],[144.7210810405621,128.6662029188167],[144.91884594412545,128.99383092403514],[145.27084530330626,129.21367767837856],[145.15712090891466,129.2080238327488],[145.19260449688463,129.32331333410093],[145.00684466174562,129.3109709163758],[144.9510389832478,129.45874859120727],[144.7692940818061,129.4643588839491],[144.66654093126255,129.70282059650637],[144.4718740148996,129.63234009779322],[143.55805652747847,129.7443383546221],[143.2824267166144,129.59627227205118],[143.32013778949238,129.7450465303483],[143.03176328314368,129.62959939267864],[143.01741448731366,129.51563064863603],[142.9323057149914,129.56644783761342],[142.84599540470734,129.4542217454722],[142.62308831556302,129.62451693582634],[142.42975411014237,129.55520958924814],[142.52398961915384,129.6424866056251],[142.39292240792238,129.60268570949714],[142.4613772564705,129.7525594379763],[141.99520568362573,129.84210407709395],[141.98935965344066,129.93348405972966],[141.7615793210869,129.77405898720662],[141.5305396566198,129.8972446908361],[141.30688912148014,129.7241241037426],[141.0853093688943,129.70334880737306],[141.12949272725947,129.80317967260817],[141.00073802913198,129.73301805131953],[140.93193159774947,130.0284637614547],[141.01987999753794,130.0743548837336],[140.72314602734872,130.39347232666694],[140.8297587543644,130.51544964861802],[140.7417182070801,130.47994473082127],[140.77700861695024,130.68852113221897],[140.6451686916189,130.6578836546313],[140.6919085665778,130.975229662907],[141.25664627553107,131.58854862897596],[141.17345771393352,131.7716624513414],[141.35867111261223,132.00465408335958],[141.30075211135448,132.26042887135114],[141.44355053606654,132.4973131421056],[141.86438176529813,132.70703379187898],[141.81126578583516,132.76466965958423],[141.96147703613826,132.78527210346215],[142.15494741657642,132.99841185062726],[142.63563930236762,133.33872625507445],[142.5948693801218,133.59333635913026],[142.77174756497692,133.8521717019076],[142.67298865501323,133.9517190054612],[142.82556274689136,134.26279043853629],[142.65544363653086,134.58241704804905],[142.4579498999218,134.5124365377576],[142.4085504269858,134.82311244811316],[142.5653919521062,135.00204282894936],[142.3951296018396,135.0756765461262],[142.36881803672873,135.90649750135069],[142.54756350291706,135.99846804122336],[142.54190742501473,136.40694881917625],[142.29102537633102,136.58535532513633],[142.13360457494502,137.07096236912506],[142.00807286988243,137.07745084302343],[142.00741315137094,137.29772897403856],[142.2007999540248,137.64148279894442],[141.9164508081336,138.2023414904206],[141.2202283501706,138.7232975472104],[140.9290376124172,138.78206974980375],[140.6293800122114,138.6897653608991],[140.07729116711295,138.9818953040801],[139.8617761122666,138.9341689133048],[139.69960537709295,139.32350885827967],[139.19351421902024,138.84563051883617],[139.1740424622276,139.12042281596916],[139.4548053834675,139.31315396637007],[139.38304688159056,139.6231814600313],[139.0777690871322,139.75182804171664],[139.10278673653713,140.06424493180444],[138.9542299658138,140.18813587742812],[139.06207863686228,140.4595986366559],[139.1043805673296,141.45317329959522],[139.3065775932781,141.98614920532663],[139.16039095064497,142.07388940990694],[139.12919662579458,142.5627340800786],[139.31016887299495,142.76311815941182],[139.2601602926901,143.2394091978228],[139.01616717566986,143.33056115923708],[138.95041752693112,143.23687420457532],[138.8337157451008,143.34506075009003],[138.93365711714927,143.45195527470457],[138.85127064278092,143.58829585894796],[138.9800915692947,143.54877240979866],[139.1453895106728,143.70557417554076],[139.10437524486457,143.7855806566633],[139.37707680836903,144.00821543005418],[139.6418902633117,144.95393599421533],[139.27096138549305,144.9169730421361],[139.10475486488733,145.03661988148951],[139.1718427264446,145.23949067254057],[139.06261906881596,145.40092905504775],[139.337327363354,145.67971161477368],[139.47526534478155,145.58625513465128],[139.40949375084338,145.73921777595027],[139.75344824669048,146.14933318782383],[139.71294920359324,146.2899737114857],[139.82388558557852,146.35898184997166],[139.7035684187807,146.56037216780658],[139.7155237844454,146.89047049018333],[139.87265527878026,147.01814030331164],[139.9239652623866,147.47835785699357],[140.05891076962507,147.68158236653693],[140.17526418227118,147.52180847216033],[140.4730288414189,147.54466628929544],[140.74628679331434,147.7801071905975],[140.5953947362105,147.97253357461588],[140.65518169466614,148.25197562608008],[140.8413822742314,148.45943578608038],[141.00813108430415,148.43396741196597],[141.0727532879079,148.3109147307964],[141.37437037713815,148.49097216785182],[141.85195438930427,147.87964238410711],[142.06714592629515,147.97205490215663],[142.18467238885947,147.6776617211131],[142.4628335465083,147.60533690442114],[142.32297613939738,147.46792623663055],[142.53319417759914,147.36638439845103],[142.46606797201662,146.74195648025017],[142.79913807841183,146.5430462847797],[142.8436991279244,146.3763638026478],[143.30071564470467,146.1860769380788],[143.33292295418596,145.70915045825822],[143.24597725214142,145.54591088337799],[143.29565700395648,145.180937335653],[143.54740796904758,144.888685752571],[143.78139517021367,144.9693385215924],[143.93079279666077,144.84839060780612],[143.92097324141213,144.57235783142195],[144.25941458785897,144.4705207350446],[144.46404218876287,144.2203315179154],[144.6560138395397,144.21316003733375],[144.54262024784333,143.4888110767283],[145.10323489112983,143.06503267752794],[145.61091064471,142.8825336615866],[145.30027883453275,142.8160025739848],[145.01253893891197,142.23513973544695],[145.0774703227479,142.11723363345803],[145.35063056703214,142.27513640766176],[145.49846449108648,141.9757330012321],[145.7000039978277,142.23841039408995],[145.76508555967214,141.98008115154022],[146.0395746342501,142.07979050435208],[146.12123965181885,141.96647266760434],[146.0351660124058,141.8396155234886],[146.41530543573404,141.7983332734723],[146.4680453544276,141.93802817433522],[147.1948533069763,142.15403359515835],[147.36112926334337,142.09519720128355],[147.55068809511192,142.2782890133593],[147.44515609694037,142.3883306545892],[147.7189483371745,142.61762085524924],[148.0199855449348,142.54033796898077],[148.1566745649656,142.7321204497468],[148.50401439987755,142.54256701613667],[148.46138087156368,142.11634228570801],[148.8481050201015,142.02110440879787],[148.85900316938432,142.11089343057506],[149.16379604162222,142.03043647587137],[149.3284986313107,142.37884805474977],[149.4228760022891,142.28690354075772],[149.6029509479714,142.4591063008843],[149.5527606904481,142.5116319302535],[149.8900644968857,142.30110495776444],[149.79358773385752,142.0104554621966],[149.98843458845136,141.86308278794715],[150.09969892533832,141.88960307583125],[150.38253971548318,141.65810089579043],[150.53747499898267,141.65378392950777],[150.7171881614446,141.83208831848202],[150.86794352371848,141.71385190351424],[151.10294551228247,141.71540613283108],[151.25056391530507,142.09891954867572],[151.53771207510232,142.1960533374904],[151.49251093666496,142.27103325569846],[152.00046456434882,142.6759916013005],[151.97504274969197,142.8148465768378],[151.7426363370586,142.77394798084032],[151.65990298972088,143.131691874768],[151.8074548824107,143.03589538618962],[151.99189422597283,143.07348397638282],[151.95669063985636,143.2987097699974],[151.89201439987573,143.28060963558474],[151.8891928115016,143.49770514542357],[152.08841363932208,143.61514982962655],[152.01685877297797,144.01108747100884],[152.17647658728993,144.24780777275177],[152.27947098465995,144.21551920770605],[152.26352238376415,144.4989776340632],[152.37502486991497,144.45712524642443],[152.6551112749846,145.00293987053684],[152.76930743052623,144.9257894066219],[152.74694200808563,145.03911022908846],[153.07690372795392,144.99985961867011],[153.4326992182597,145.19033428838918],[153.4426536888316,145.03849761974948],[153.6645232183573,145.0938044227629],[153.6862076301342,145.26826890571832],[153.91461177884295,145.40453305796447],[153.87451914170884,145.4505158957331],[154.06322723383892,146.24521494319976],[154.02378276334443,146.3366159061086],[154.4631477242582,146.7154865544282],[154.69113846974167,147.20733530981528],[155.19522168755736,146.55211435766748],[154.931742358394,146.27491530849537],[154.9909265100615,146.14625056651312],[155.57362998199937,146.23796142329758],[155.5945133454623,146.3651901820761],[156.61726001951627,146.18677680841466],[156.46568662617588,145.8753515436387],[156.3142786419219,145.76806549738566],[156.3651186295394,145.4030632853676],[156.56761095303503,145.19174432197843],[156.77658943378026,145.1586269297344],[156.73260665708074,145.06875191727713],[156.94844383460236,144.70966084933076],[156.94619606792202,144.51738597856877],[156.77619326454806,144.40385315710944],[156.88590351163901,144.31692122777974],[156.98781108394655,144.21032086841456],[156.88482297794846,144.30963490183169],[156.98376250885133,144.2058440987309],[156.84296015340678,144.1088420575406],[156.78291539624325,143.80695864096379],[156.9309813222946,143.75569995859453],[157.01830480682253,143.85101949102722],[157.23680388386035,143.60152144958738],[157.15840733481159,143.38922708783014],[157.2723848316885,143.26366796734396],[157.14522970934976,142.97317353581255],[157.2346054537453,142.83346359366269],[157.37702887537907,142.8465358628944],[157.3323642061621,142.49137072699594],[157.42006994874475,142.35857359844826],[157.3053819945757,142.05829714127398],[157.25222611468695,142.2205983315999],[157.201489027656,142.22153268504096],[156.99420135521126,141.79257430651776],[157.1921671479684,141.55150057240812],[157.06377452808195,141.21920306198464],[157.11559322469265,141.06207493259828],[157.00492361263576,141.02574321549278],[156.9466603099795,140.73410418992702],[157.00526871303654,140.7611411752713],[156.93122291051776,140.3349171369992],[157.04666412015922,139.9580249252587],[156.97865690610283,139.85176668067487],[156.96749436145723,139.55375812944678],[156.83945407183214,139.51308403582567],[156.77323237666647,139.28427310891243],[156.9238843594534,139.17466498748223],[156.79287075534893,139.29543752907784],[156.84885103461863,139.49954735335103],[156.99318502729676,139.5530041999182],[157.05932722260616,139.93676901744365],[157.05963748771916,140.13382955639682],[156.96130249454998,140.32796393086392],[157.0247282487694,140.59964870635287],[157.0171518531772,141.02116376220812],[157.12940794111674,141.04822218637355],[157.09109180865292,141.25183188634622],[157.20886661878686,141.53020512324701],[157.1931448222755,141.59071240171116],[157.02017202401757,141.7618262336327],[157.2428928873238,142.2054055934643],[157.28071436673505,142.04889566784902],[157.45978931040435,142.07932283932584],[157.39208301282454,142.09112492925632],[157.44310534532653,142.3375268954897],[157.34785459827708,142.5259540091531],[157.40508736855747,142.81087682031978],[157.3618748339087,142.87980766398144],[157.24604036565415,142.85317455272113],[157.1593003882008,142.97607614779415],[157.28759142750863,143.2351057041467],[157.26475230834046,143.30238018896895],[157.17083241676153,143.40207457383062],[157.25124088349492,143.60895348565282],[157.01544467520242,143.87264015670974],[156.93453128277116,143.7764570994336],[156.79804897861356,143.8074354420682],[156.8620196390692,144.1092683460942],[156.99784548075795,144.1918698666606],[157.00727858111003,144.23061292662453],[156.91187942962975,144.34553163972717],[156.79056990576333,144.39778705812031],[156.96006351038682,144.51050747937433],[156.9646976021429,144.70150536803226],[156.75362618171215,145.05352889799389],[156.79327411489635,145.1459527823952],[156.7759493828409,145.18088389464424],[156.5650643518086,145.21290740578766],[156.3796016799144,145.41425474023936],[156.32964353303265,145.7786136570549],[156.4775112181949,145.86887749533884],[156.78840684346227,146.37840613708204],[156.81138910685547,146.7777034114734],[156.9733817463715,146.85713608202667],[156.90543485076296,147.08502943708123],[157.0030758014629,147.3579168496604],[157.22354030392597,147.42374901415107],[157.3777946503207,147.94080179967378],[157.8899901573649,147.84846604763837],[158.08302470844635,147.9264008402439],[158.2462108618269,147.84408970716083],[158.9481528386868,147.92850254914296],[158.9470662764205,147.4817927230784],[158.8421066848083,147.20688041539472],[158.84634967978812,146.79726004773298],[158.965185689978,146.6163801198296],[158.9261120827735,146.51269012006802],[160.0610698818041,146.57009643220277],[161.28615142603257,146.94511596442143],[161.0526338375568,147.07842823639322],[161.0078774857953,147.2128808939555],[161.12212858162644,147.49950959361408],[160.99157254709044,147.7232482623744],[161.14292752483246,147.8130642944454],[161.5950983531783,147.81407827159936],[162.29592893603467,148.03587030858822],[162.23171646140054,148.41108575300393],[162.12877147759298,148.50885374205276],[162.0122567754772,148.4743772843084],[161.86032130351998,148.78351910291673],[160.75345147475804,148.56942485070618],[160.90829874858167,148.78454688512815],[161.2827713602813,148.8590857787231],[161.29659319750883,149.04134501873827],[161.50302148311206,149.12683599501753],[161.85643576958793,149.51175344974402],[162.01543374454565,149.23190076039845],[163.1576011498063,149.01821627160183],[163.1423478926898,149.1076288374496],[163.34436564244822,149.08229690168747],[163.70546715925613,149.89256089752197],[163.82232233991587,149.90762646099466],[163.71502240954834,150.5169901817308],[163.83655683009118,150.57300658527396],[163.8831568879514,150.47338898889396],[164.0665935145854,150.4594233545717],[164.13754443939013,150.26869331936254],[164.61384667521793,149.96731274040303],[164.71144101532795,150.00173044453646],[164.65802753786238,149.77097661593703],[164.86782611374272,149.86160941852114],[165.15370807291634,149.33874324747265],[165.6004886356613,149.44952811714006],[165.7314157800535,149.24236737241543],[165.2189776652695,148.40444159387536],[165.37099219780478,148.3858263798743],[165.3235670249009,148.27250136661291],[165.4866691547993,147.86225754771004],[165.38026580662628,147.1875457169125],[165.71346284476058,147.15437679762954],[165.80597726006405,146.7490008638545],[166.2746769683931,146.66636551284648],[166.22322169072586,146.53983493026755],[166.4145259862006,146.01431163958665],[166.57726496633464,146.01535197844512],[166.61431183611978,145.8890157304295],[166.7584798595426,145.9314845529078],[166.79640716792335,145.83253598947076],[167.40569627534936,146.31928028453544],[167.00329472404104,146.80162806190293],[167.29083450544175,147.01862937460788],[167.20245283469717,147.2358095179702],[167.52395298819926,147.33545780069807],[167.69201309641548,148.1205997712546],[167.98439778303847,148.1666904769848],[168.0941777308411,147.985418945623],[168.41292776474717,148.12529546521674],[168.44594763773028,148.04936223627422],[169.00328775027975,148.34584942389552],[169.17484574366014,148.2669751708178],[169.1186286370107,148.21057709600979],[169.18021373771637,148.27016576428713],[169.2178738337974,148.22181793383635],[169.0686925982826,148.15145694906371],[169.2215108540621,148.13497914271323],[169.13181176671685,148.10642066917228],[169.1945673265611,148.07969625219067],[169.28274068352152,148.1879620730664],[169.25755688593608,148.0655814950487],[169.28691210698653,148.1594220424788],[169.31425263136455,148.06759210457415],[169.3528362929535,147.95788965944567],[169.3170208979129,148.06662797269985],[169.3880730069803,148.0663893644772],[169.29957086662458,148.1467439283909],[169.29466115907687,148.25268558849336],[169.31013212506042,148.137239095616],[169.42132173309713,148.0551129055737],[169.3371524906522,148.02995205677064],[169.36511419705562,147.96276092969828],[169.36609903892614,147.89389796748875],[169.3721499867362,147.96333498766253],[169.3435310792892,148.02657962018404],[169.6900456200833,148.02213282398282],[169.33758483529255,148.18756777426603],[169.40010575073086,148.18391139356032],[169.14989875771042,148.4622509434338],[169.60124420907428,148.2057662278973],[169.87188563318026,148.17704590635782],[169.8421876475791,148.10212642279555],[169.98362457007087,148.06211397245906],[169.95510372327644,148.17609432081352],[170.15715458610669,147.991347967556],[170.07019422765194,148.04629795459937],[170.07192344756044,147.66354337387727],[170.19824261166843,147.5855386878107],[170.15691981148507,147.49670251674706],[170.32014954562726,147.57201828719593],[170.2168862249207,147.42063623348736],[170.33428768316853,147.50400287471598],[170.37557056856764,147.43163476516995],[170.3497981203679,147.51165830711858],[170.3810759759153,147.42487487041262],[170.33288277103915,147.30923348386398],[170.38742842940474,147.26172295813123],[170.39385460959852,147.3992857307227],[170.52235994304584,147.30586750586255],[170.36517837519668,147.50551405415897],[170.64045544429354,147.29829964976543],[170.3669234588554,147.5092099787345],[170.42415197609185,147.4894182127237],[170.34673540428673,147.56889825260268],[170.44892821011706,147.51370339383737],[170.36936889509082,147.59620049906582],[170.50849934780706,147.58137740702492],[170.39510004978808,147.8413651034519],[170.77294622013633,147.64785453203262],[170.68416556643626,147.6270184066883],[170.84642855945495,147.34455074198428],[170.992241517018,147.37615010718332],[170.91715844458832,147.60382755225677],[171.46822654253288,146.98236206010176],[171.33770153417382,147.06066795460353],[171.55720772677856,146.26385826372342],[171.72865679041973,146.16050149027132],[171.55572026030856,146.01445013728124],[171.7086058504433,146.11600464407417],[171.6389624781762,146.06087429970316],[171.7443962211342,146.11150910857543],[171.68830070644583,146.03209022317503],[171.77985701654467,146.04530808566022],[171.69989812968782,145.9862339245164],[171.80461318946692,145.94884098409835],[171.7845336980298,145.8390725127925],[171.86690510119215,145.85427793548467],[172.0573094319883,145.59245518256216],[171.75596495949435,145.6046044810463],[172.0137708634881,145.5830770741451],[171.95091019341154,145.54552829183348],[172.03908509167533,145.58066449254096],[171.95197003950634,145.52437258042295],[172.00393639132523,145.42500448058385],[172.04596945289038,145.50923254200018],[172.10925089977638,145.3621674657192],[172.053989208285,145.51029470645514],[172.11282961094471,145.54662826640197],[172.07506045472238,145.47048068021905],[172.24008514097363,145.34859760525617],[172.1955078682644,145.4303810827472],[172.32950915051893,145.26056006662813],[172.25892993632647,145.31423243251515],[172.4179386474649,145.06880328360631],[172.31949449332328,145.10430355162674],[172.9229997265464,143.59304303572452],[173.2951038960724,142.68696014270537],[173.8005426855551,141.86993171018943],[174.44298419223017,139.95071070875193],[174.40414999411624,139.11578957540013],[174.40209759942204,139.17931470054288],[174.43036105626635,138.00097471201582],[174.3671295043386,137.82734688758705],[174.2507812888229,137.73234011999227],[174.37136354402207,137.88593776604193],[174.29922959767975,137.79761993526756],[174.31232447840966,138.17283788864657],[174.24022655232642,137.7263939338007],[174.207797392979,137.3695110891706],[174.16010104256924,137.49988072880544],[174.20019971078372,137.53191021664605],[174.03261847524237,137.47476439399668],[174.04348168608846,137.5394434978086],[173.94441758874407,137.4991840864236],[174.00342917601947,137.533771893698],[174.01812914797893,137.6098494763075],[173.9831472182788,137.52599776250474],[173.90881477170024,137.53986161789248],[173.9737435578453,137.57477217072002],[173.9509684937383,137.70975313325664],[173.68740265547868,137.9520963494535],[173.96756716421794,137.5732835070341],[173.9109915211169,137.55029042032834],[173.90013644308235,137.49936017670626],[173.8216050913356,137.5460704514663],[173.86951916733716,137.48398963447895],[173.79179816529071,137.50914493569357],[173.64895035483985,137.4646019422486],[173.5450655063756,137.38180882130973],[173.6663487382119,137.46972041076845],[173.9224592321232,137.45462239751464],[173.7937442907187,137.44340375971944],[173.8792474740535,137.39979356702162],[173.70168560256099,137.36911828797813],[173.7290975919797,137.3068644188562],[173.6038043349779,137.19484067587103],[173.51230983613942,137.25235107448987],[173.57556746152443,137.17703805925825],[173.46789622637908,137.07771876074978],[173.41659919566428,137.18223237913617],[173.45299511242985,137.0564317832482],[173.3553560548781,137.10072954593733],[173.4427883350901,137.0565811905846],[173.3667497876495,137.08630320059302],[173.43620908543815,137.05381565797282],[173.2096550034881,136.8652372434685],[173.18733329056806,136.937650736259],[173.13856259808136,136.78259470955197],[173.06494872313604,136.83890547617307],[173.13086190911417,136.786685690421],[172.96740577007867,136.69941974200853],[173.1274369951519,136.78256561499066],[172.81832678434046,136.48313439933625],[172.83678756170278,136.56628180343841],[172.7355812563109,136.59943281541223],[172.8024341999767,136.47378258041797],[172.7098251048114,136.52455298466413],[172.7607856065456,136.47672463851228],[172.65576110585795,136.52828493568413],[172.67418899633196,136.43030677060915],[172.82983977032757,136.45278897285166],[172.53547684970556,136.27165886770464],[172.48843581467193,136.32811723241764],[172.4604056598845,136.19260782858402],[172.44836450338346,136.2563537482629],[172.4026778185636,136.1348539134497],[172.39351847615953,136.20611474104098],[172.33045646665167,136.10028268171223],[171.99165831282681,135.94785222621724],[171.87696234568415,136.03343806806703],[171.98934082952616,135.94890051716607],[171.9427900625889,135.8615370107666],[171.878220114371,135.9088736972541],[171.91121037846824,135.8487959595863],[171.83241585676745,135.9054610098849],[171.79946400677443,135.7406489928695],[171.76485422348287,135.81858633534924],[171.76873737651954,135.71236742499366],[171.75523157027223,135.7871180844314],[171.75247895850066,135.71736048956512],[171.72071132475264,135.81495646803276],[171.7443008781578,135.70054519241464],[171.67411677684044,135.83401463422842],[171.6432083901004,135.77392907675605],[171.73225059947904,135.68361817203277],[171.6619230255653,135.71786986443854],[171.70321189841792,135.6597633306801],[171.59716342998342,135.67360999407867],[171.61736340352093,135.58777198601695],[171.55611179316077,135.6400060885598],[171.5986885272654,135.5732184795533],[171.5047056020082,135.4991417327573],[171.4480090113966,135.56613907841017],[171.5054942687165,135.49775229907792],[171.42844689033262,135.4417952340833],[171.41763933593415,135.50212006007297],[171.41900309618416,135.41549869738085],[171.38065479546947,135.50544756913376],[171.41844337797204,135.4143464562041],[171.29844046652948,135.44234777165966],[171.36338531888077,135.38538378684976],[171.23880809759444,135.395101611039],[171.24931112810256,135.23464183982713],[171.20091677461983,135.28655727800265],[171.1945675353837,135.1650402376445],[171.10132828659368,135.26620566535902],[171.1518929282006,135.09429739615445],[171.12367447592572,135.17022802551446],[171.11140078416378,135.07597456765103],[171.02039588840705,135.02533546617744]]]]}},{"type":"Feature","properties":{"BNG_E":386293,"BNG_N":295477,"FID":5,"GlobalID":"5e09411c-f9c6-4c45-a530-2ab9ed6899cc","LAT":52.55697,"LONG":-2.2036,"RGN23CD":"E12000005","RGN23NM":"West Midlands"},"geometry":{"type":"MultiPolygon","coordinates":[[[[139.8617761122666,138.9341689133048],[140.07729116711295,138.9818953040801],[140.6293800122114,138.6897653608991],[140.9290376124172,138.78206974980375],[141.2202283501706,138.7232975472104],[141.9164508081336,138.2023414904206],[142.2007999540248,137.64148279894442],[142.00741315137094,137.29772897403856],[142.00807286988243,137.07745084302343],[142.13360457494502,137.07096236912506],[142.29102537633102,136.58535532513633],[142.54190742501473,136.40694881917625],[142.54756350291706,135.99846804122336],[142.36881803672873,135.90649750135069],[142.3951296018396,135.0756765461262],[142.5653919521062,135.00204282894936],[142.4085504269858,134.82311244811316],[142.4579498999218,134.5124365377576],[142.65544363653086,134.58241704804905],[142.82556274689136,134.26279043853629],[142.67298865501323,133.9517190054612],[142.77174756497692,133.8521717019076],[142.5948693801218,133.59333635913026],[142.63563930236762,133.33872625507445],[142.15494741657642,132.99841185062726],[141.96147703613826,132.78527210346215],[141.81126578583516,132.76466965958423],[141.86438176529813,132.70703379187898],[141.44355053606654,132.4973131421056],[141.30075211135448,132.26042887135114],[141.35867111261223,132.00465408335958],[141.17345771393352,131.7716624513414],[141.25664627553107,131.58854862897596],[140.6919085665778,130.975229662907],[140.6451686916189,130.6578836546313],[140.77700861695024,130.68852113221897],[140.7417182070801,130.47994473082127],[140.8297587543644,130.51544964861802],[140.72314602734872,130.39347232666694],[141.01987999753794,130.0743548837336],[140.93193159774947,130.0284637614547],[141.00073802913198,129.73301805131953],[141.12949272725947,129.80317967260817],[141.0853093688943,129.70334880737306],[141.30688912148014,129.7241241037426],[141.5305396566198,129.8972446908361],[141.7615793210869,129.77405898720662],[141.98935965344066,129.93348405972966],[141.99520568362573,129.84210407709395],[142.4613772564705,129.7525594379763],[142.39292240792238,129.60268570949714],[142.52398961915384,129.6424866056251],[142.42975411014237,129.55520958924814],[142.62308831556302,129.62451693582634],[142.84599540470734,129.4542217454722],[142.9323057149914,129.56644783761342],[143.01741448731366,129.51563064863603],[143.03176328314368,129.62959939267864],[143.32013778949238,129.7450465303483],[143.2824267166144,129.59627227205118],[143.55805652747847,129.7443383546221],[144.4718740148996,129.63234009779322],[144.66654093126255,129.70282059650637],[144.7692940818061,129.4643588839491],[144.9510389832478,129.45874859120727],[145.00684466174562,129.3109709163758],[145.19260449688463,129.32331333410093],[145.15712090891466,129.2080238327488],[145.27084530330626,129.21367767837856],[144.91884594412545,128.99383092403514],[144.7210810405621,128.6662029188167],[145.0198815364362,128.558207686857],[145.01155136384043,128.30068300713305],[144.45216749060455,127.86066955550781],[144.43383931184266,127.66315583211806],[144.3319706175384,127.74823343355297],[144.13912068234666,127.5567251667879],[143.97497947204576,127.70999849794964],[143.71941179550532,127.4637172236584],[143.46192987500993,127.55980937724651],[143.2947875351785,127.40106243625686],[143.24358672140696,127.17928897971365],[142.98547420555172,127.0335424029127],[142.7675232420665,126.6394650005632],[142.55035006867743,126.44438023494875],[142.57425104166603,126.23386341001034],[142.4682342005998,126.19975848801883],[142.39374726445334,125.95493877589122],[142.2288213879403,125.80015470613132],[142.26970604644725,125.73803170788354],[142.76307347240024,125.80611861294295],[143.08964631987934,125.74071252990055],[142.92798130033475,125.09886021671646],[143.27674393397936,125.18837583850431],[143.33018143808246,125.26923206624465],[143.50541193478801,125.17302524068558],[143.7232485577871,125.31167569184184],[143.85784052417748,125.23696674213754],[144.08309431064725,125.38605351795795],[144.2446060788682,125.26087693805243],[144.1203462341606,125.03620644216082],[144.29862978092928,124.83471934810883],[144.49489767308845,124.85876999584735],[144.40431023657285,124.79024676022895],[144.68537975569174,124.65456667369912],[144.76761489654572,124.27066767888962],[144.5895531476669,123.92108042060232],[144.07232656731912,123.63622696927851],[144.15817868688723,123.52315282791115],[144.02816434352113,123.20524825470798],[144.22432167142392,123.09050794262937],[143.95139770305207,122.52241002020274],[144.48822809016644,122.33927700931608],[144.46719448380878,122.02085151080973],[146.09538404463146,121.91155518921806],[147.71585924144978,121.57542773435051],[148.48414034920467,120.55548464856686],[149.0610048782105,118.88904884608999],[148.96535815064442,118.72702125070026],[148.61588362738556,118.4482958040889],[148.07886093206,118.17488889464347],[147.3147376367233,117.54356214977227],[147.10821249960986,117.22499373971718],[147.9756556134297,117.31990568719476],[147.4412636112576,116.6374924550633],[147.21104653054624,116.33209189885959],[147.34029638398488,116.2678946191952],[147.12551455307843,115.56976507371708],[146.73071743433388,115.07320187564878],[146.29010066355673,114.72224865553916],[145.91061465348037,114.19124438377231],[145.63576063147363,114.11104621520212],[145.70889911078953,113.87991087217009],[145.6004937835427,113.75580279288391],[145.76697162345562,113.62624462798031],[145.63776160012844,113.09656968264868],[145.14543521771043,112.75532532776391],[145.09492735783428,112.6301642088993],[144.50700488195073,112.24705544129523],[144.2992394539706,111.89959221514013],[144.2177492815442,111.86807199149821],[143.83075400233398,111.27840273097945],[143.62757346614907,110.92146414171074],[143.32655853760073,110.60626970276597],[143.22456061535206,110.3436108618337],[142.98178080537303,110.1247390031939],[142.89000642682595,109.9146974787129],[142.60196357235893,109.78779318770995],[142.00934550470578,109.24548232575012],[141.66497569923087,108.77181966482314],[142.11391117836664,109.04061129397262],[142.0895674148631,108.63135143272548],[141.71685482505526,108.37890805749616],[141.38889246198698,108.05480712681215],[141.29645424233507,108.39036960406088],[141.01031519718288,108.42590821147674],[140.3259881428549,107.90490863422161],[140.17627346083123,107.44450783877004],[139.74544289011632,107.18385871344806],[139.62249632929877,107.21817145266542],[139.42366315209432,106.9142930198677],[139.27122481904635,106.8367440363734],[139.21035776107695,106.6353735319322],[138.94781502355417,106.31266981282107],[138.93595072977126,106.1719836014519],[138.62627168272505,105.8091510289893],[138.5396023450273,105.46341470621206],[137.37698966013153,103.48626171851294],[136.7284507430822,102.41079128705958],[136.5849532403273,102.45373693700418],[136.18265931537587,102.11493422609333],[136.12764495136284,101.79937426833969],[135.4511817105303,101.30454140092534],[135.18221349491523,101.306353359131],[135.2264412318489,101.15023069805],[134.65020420746916,100.52668160420049],[134.59478147072355,100.89037520849973],[134.29819548890111,101.23963457480465],[134.31563121275744,101.40177380422432],[135.02074570810544,102.17393330931569],[135.25190965211408,102.57042358970331],[135.69583183487697,102.96775107683018],[135.83673218884311,103.19153062813564],[135.81059008924365,103.34411476810716],[134.9961384031025,102.78089574765946],[135.0176513267324,102.93639125950617],[134.60644818269427,102.91215520111152],[134.93308150844467,103.4741498099137],[134.76541096708746,103.41950773177366],[134.77592063276572,103.63593978520151],[135.028260722034,104.07037926984287],[134.8931885649326,104.04336145645345],[134.748611236298,103.78891262071122],[134.53305352320575,103.87770424250766],[134.8683825879441,104.61529998762228],[135.01596598097098,104.91139551298332],[134.80391241881873,104.68157666688927],[134.687307717254,104.54513309567955],[134.5707379601734,104.56955470652882],[134.54731192109693,104.87326777462842],[134.53078477253501,105.15736410942854],[134.41547759659483,105.0808957702501],[134.03813878359293,104.81099278536196],[133.89327016649403,104.55869519835778],[133.66469634936018,104.40462276574348],[133.18696047836758,103.6843937660586],[133.1837874056621,103.89494691002758],[132.83284000498068,103.33774223912107],[132.68420091692798,103.49940963028445],[132.49934517501407,103.19122447691014],[132.2111457680506,103.06136529969675],[132.13719612100772,102.82130551638701],[132.24921586177817,102.8937213446386],[132.1163987159615,102.4235608181981],[132.43739844865672,102.23797313998475],[132.35794796204436,101.83025911586029],[132.4275147752722,101.81903541305353],[132.1634745753527,101.43995398909729],[131.89320435365957,100.88137541489692],[131.62296153580056,100.99905508331382],[131.69055654015315,101.11005777564591],[131.2452029591429,101.8000839363167],[131.01414652564603,101.41122469350022],[130.952887025154,101.42116148980352],[130.80186086974408,101.14239117010189],[130.58709733249876,101.1197874939147],[130.60061752418602,101.31254694115117],[130.11289598060708,101.05548259593549],[129.93908511378703,100.69536916250142],[129.93516717740766,100.79323056664629],[129.49120543086127,100.08587001408914],[129.5009857669843,100.02295596059507],[129.3769330913092,99.93475897179539],[129.34790825362558,99.76838512115098],[129.22842490848137,99.68574575321782],[129.2487725597361,99.79434998665391],[129.15969781337344,99.82669757504945],[129.173655184703,99.99274923360849],[128.90191226562482,99.7326965053577],[128.65367104137334,99.7622964164725],[128.4071807318606,99.37014223768013],[128.3205009373658,99.1254336568972],[128.252123095402,99.09678849087328],[128.3068107203489,99.24495589035975],[128.20145162341828,99.27606430457323],[128.42886086404624,100.01967060550848],[128.68928847797542,100.323502939998],[128.735645039447,100.62361130740038],[128.33662352657643,100.6913931197107],[128.09734221417276,100.32339795768765],[128.02034175588366,99.68185669330902],[127.8796582042807,99.53169799275588],[128.03546679781152,99.14633301510891],[128.0016134456867,98.8969920399542],[127.92091356517987,98.7973118843193],[127.83078225539411,98.9168166044094],[127.72832303977853,98.61783626246277],[127.58974436963237,98.7343449983974],[127.36262748359809,98.66206350547705],[127.16741417399894,98.26244798618103],[126.87472773270248,97.60990170677104],[126.53376022106866,97.5993643333088],[126.40869118431732,97.41653179041738],[126.3169598722177,97.6999432321703],[126.18260596070263,97.6193652592197],[126.27933435444712,98.20210155572263],[126.26105287547642,98.6421566627969],[126.12615808629216,98.62372634887434],[126.02742938462188,98.80978375577405],[126.07304953725085,99.07408448819163],[125.63819847068754,98.63559855151334],[125.53685518835331,98.03736294190591],[125.39535877736317,97.91291823183788],[125.17149582788139,97.92619583898582],[125.21317307373877,98.53749630745736],[124.90360633979071,98.46797444176215],[124.91301528587636,98.78544893135121],[124.71737198590611,98.7620678007718],[124.73189823161512,98.67009164781936],[124.5329241271178,98.3481109354399],[124.58796503985589,97.99728319096215],[124.76644880911397,97.80439159484945],[124.40688914271391,97.34636506705881],[124.39374867330193,96.76906904240823],[124.25679916557773,96.65860204027864],[124.39325443150912,96.46358351728071],[124.6114812699376,96.52025788120642],[124.68767053494987,96.37325916592756],[124.65396345494639,95.97297624631798],[124.5897836123941,95.90635712616663],[124.566478533969,95.60376355482423],[124.73910018959073,95.32500790726068],[124.73230434103866,94.83361898931417],[124.67374744649258,94.70262955406814],[124.72486494116671,94.7440523640487],[124.63051932519161,94.53613025190465],[124.39374542803677,94.47645185526154],[124.2459995100161,94.23780342937116],[124.05933323458302,94.2159094607694],[124.02001105712246,94.07947725673526],[123.9346732751843,94.06852035712276],[123.94820355339463,94.20367948370739],[123.84604387604719,94.13439226502773],[123.86154320842448,94.27232990363403],[123.76259021967037,94.23847022072442],[123.6119697012326,93.9182439534489],[123.46940835626188,93.58484593282449],[123.15674240670604,93.44322560003604],[122.94079578101125,93.57837182603068],[122.60405030824981,93.4418592422774],[122.65515728840649,93.22513642436128],[122.59088034749367,93.11657369804831],[122.39571918141503,93.33515690530322],[121.95574896098242,92.79033333881863],[121.82361385352931,92.92504867535146],[121.56046268181652,92.4055969362179],[121.47725428794183,92.43135072344339],[121.4841274870415,92.61060151919021],[121.16835782450681,92.80369144787697],[121.08903837036524,92.63861161785415],[121.00495242836735,92.667379359122],[120.99571602512492,93.01378327922129],[120.87816971822608,93.05439270157373],[120.84104741887157,92.85759932184288],[120.69317157297623,92.90294637961583],[120.65271067785093,93.17775722838067],[120.50811568770156,92.89706874472282],[120.31932282664853,92.7954810947107],[120.29357898246063,92.99405181150647],[120.0444080434607,93.12770357912865],[119.87147386585706,93.69775182228777],[119.72552767517342,93.86333462703986],[119.92529500405146,94.31061786991644],[119.3987080154586,94.69100633745985],[119.11593633100053,95.22309682259258],[118.87283378815492,95.26467694793209],[118.80140040002331,95.66978376978102],[118.4704643011628,95.56780987255476],[118.45334733971757,95.67862746595061],[118.75965482978526,95.82772514416916],[118.5387491107874,96.03275848221534],[118.36658460627669,96.01323650647791],[118.28996226341454,96.23203356998296],[118.07552180298212,96.26090036252802],[118.09056099521104,96.0806267608272],[117.80638990185071,96.00142346582697],[117.39359225631635,95.65122909338245],[117.30045179513782,95.697547618101],[116.98560452388298,95.42728128682647],[116.66286362214642,95.40564188457073],[116.62333337090864,96.17913877712121],[116.26376106378889,96.06175282766408],[116.1208287594413,96.19988204031267],[116.14059807131608,96.56108483921395],[115.90148343276387,97.22976407719747],[115.28869678968998,98.15007217279724],[115.04258306679175,99.20809093517458],[114.86355835079848,99.51823812090619],[115.11159289424323,100.09194984963658],[115.06115642639872,100.46206677206703],[114.67817503778167,101.00776245501027],[114.5532561298923,101.44506700551366],[114.69382216152522,101.79490518496343],[114.66780789917848,102.2957114483711],[114.96783419903947,102.39530881133929],[114.98797773692039,102.75468469195415],[114.59810074617664,103.02195277407236],[114.44921428772327,102.98380114173537],[114.3575018857689,103.13083306614591],[114.48563028930397,103.31229606566498],[114.45200497977487,103.45163441199057],[114.80263438720908,103.48791401451697],[115.34481901234159,103.7752364658943],[115.53809059461638,104.08881230769848],[115.31531698771536,104.25051536356118],[115.14964257606962,103.99801336613875],[114.66347922442554,104.259889238457],[115.12378123058227,104.90332524733971],[114.98281404899335,105.50076977317616],[115.48141765418042,105.8263237311434],[115.38434273061874,105.92345147606056],[115.5050446575267,106.34006906559992],[115.45460782771328,106.54904527326904],[115.94358315810155,106.61582967400248],[115.94872335875114,106.85709707827759],[115.84352404760811,106.8369483171722],[115.86597296777938,107.00440786215272],[116.06850367718998,107.20845233072338],[116.70202283429563,107.44989113771557],[116.76752813569006,107.35268071102603],[117.04600697515609,107.39584160005444],[117.06759032028107,107.31416761881859],[117.29761842079819,107.45678269342623],[117.27379376212653,107.57915318496299],[117.53579541876768,107.62550525024366],[117.26796101778449,107.77470820056602],[116.76383798978256,107.74206138171402],[116.46969040601908,107.86629401511804],[116.45851936993732,108.20151151257146],[116.56394024292216,108.28176703927933],[116.68430475744506,109.34720564214452],[116.87587418810983,109.31905976986302],[117.19503101430857,109.50719670102723],[117.39019562060363,110.12569938012524],[117.04886171968977,110.29437719068811],[115.91494633477916,109.95710445249466],[115.50485141772853,110.13110981280207],[115.50178253539181,110.23338002463912],[115.04668027694163,110.51412746709572],[114.71825071825747,110.9690435486338],[114.55444795085921,110.9762934115466],[114.3922626434448,111.19374250021805],[113.85654134423957,111.40254999512895],[113.88118379107908,111.61143056959581],[113.19754176957896,112.19482580549467],[112.84653744350659,112.32538578814501],[112.65435700006692,112.61263964340094],[112.6911307155994,112.89424338968804],[112.56759643464596,112.98643394583819],[112.6255726686589,113.31581171823635],[113.20887080497485,114.03682063472269],[113.49259680831807,113.97231454975501],[114.17012050296776,114.53537786277421],[114.62394518900919,114.74545543040843],[116.06287120461263,114.85575253998647],[115.96658692884004,115.17095414418391],[116.07871001647123,115.55545701456558],[116.58090183443588,115.43957661928324],[116.8645857143094,116.47751868751197],[116.76912762536095,116.52649663565606],[116.8465763093433,116.81440356508821],[116.72006226383309,117.12446114987918],[116.1619855526821,117.05340957046008],[115.67333725427399,116.53488654135882],[115.17785676419335,116.40565247299689],[115.03639356057204,116.20401603943274],[115.25563869367444,116.02686166944866],[115.15624940793641,115.88132217423603],[114.25024601657347,115.68303982425284],[114.21992881461752,115.8546818762704],[114.70791063731346,116.09060755866811],[114.3420211599334,117.09846801952459],[114.35507411975868,117.47889777167335],[114.74739710761901,117.47381779987828],[115.1831421444632,117.8912406027948],[115.29488337275126,117.90717739755058],[115.25391840783742,118.2130068417469],[115.64890197312934,118.76811990466697],[115.94921293333819,118.88926643171916],[115.54548602768007,119.21185609684629],[116.18121117238378,119.41229350428378],[116.33450369108127,119.6846877667595],[116.29433856930602,119.90788630263188],[116.5362116597791,120.29633828482525],[116.40285347847716,120.29636894861684],[116.49579581309212,120.48718629592935],[116.44307744250861,120.79188062230443],[116.6567020593505,120.8362733249032],[117.0023436950313,121.40996921846016],[116.95116221224461,121.5374608130646],[117.11521369794228,121.87253014760029],[117.11061040346776,121.7451070192144],[117.74871934418834,121.80853016004315],[117.90299432374343,121.92894799333827],[117.8463915080813,121.57607258823325],[118.16033253457341,121.59291138632409],[118.19832742114006,121.90330710106167],[118.10472656522646,121.90379612567801],[118.16318065278033,122.11234368841232],[118.07199382523376,122.19681605417972],[117.6791130508179,122.14711314180741],[117.59209915144041,122.3090575301554],[117.70295754019168,122.46183348630413],[117.39513659542357,122.66148028766665],[117.27992671534818,122.58974816972142],[117.17494364659518,122.72038176657792],[117.31962309651212,122.74271589874874],[117.42645398903878,123.0158004530278],[117.32765743625305,123.20137433614347],[117.20733988708481,123.08851290948785],[117.1626822774241,123.16993730843042],[116.94583203657703,123.12035869852008],[117.03476870659605,123.18291798515503],[116.92820585427602,123.27910681584349],[116.6649756810966,123.21703927901794],[116.77157359993126,123.34596372541725],[116.57338419623136,123.36960497165708],[116.50529016473064,123.23632750577056],[116.367852783779,123.38723406546688],[116.28931625284159,123.24265695272588],[116.1686163785203,123.29835485144746],[116.17229494308626,123.48396953086903],[116.01865731820098,123.48392444946165],[116.00343032277262,123.77202628971571],[116.1307003780289,123.88581130279181],[116.07566818230319,124.07363532268411],[115.90918693635507,123.91480679806165],[115.77241864395228,123.96577652553749],[115.4887344629015,123.66243018725524],[115.492434592406,123.77650690487552],[115.01459005178862,123.80730543374757],[114.77433154237659,123.95851194526067],[114.73313525135805,124.1382288343374],[114.89389198698126,124.2436560286585],[114.8768589350081,124.4153601737509],[114.76101124260367,124.27412486655658],[114.64902630163662,124.38944374602426],[114.70588827136245,124.76434026983361],[115.02092151756077,125.17308597669282],[115.1181519034804,125.50181599154472],[114.9178832730859,125.65216491945208],[115.66930286872704,126.27707333234923],[115.25473807645605,126.62349406055506],[115.37875091739562,126.80429271590549],[115.59722752859916,126.81740380448376],[115.39080748464687,126.96891605089368],[115.45452900058591,127.05492121403931],[116.0341508274426,127.09406280355348],[116.24402420678011,127.88956297033417],[116.51342806009619,128.195868107148],[117.10347571102943,128.0874008677801],[117.15815562370308,128.17165534877955],[117.53957285154664,128.14248513945284],[117.89469219015449,128.40626892961248],[118.23074340572575,129.00399301845525],[118.76664169448753,129.10939936446505],[118.938929443555,129.40708356703442],[119.03980692044752,129.26480226393264],[118.94445466399796,129.150903750724],[119.11587854823239,128.9475512884628],[119.72355190575183,128.51169427577037],[119.73178790819537,128.60522378599666],[120.07787762758119,128.6131360313097],[120.524452668713,128.94212995976991],[120.57426956805307,128.76621176502292],[121.36344123564041,128.6601579163079],[121.37335096814655,128.34525772801834],[121.8009605272353,127.81006377652625],[121.95805749417858,127.25248654310423],[122.91454612615487,128.14990305603538],[123.42164679399184,128.17763193954625],[123.57833321847954,129.4364154190676],[123.45339354783906,129.52932909974328],[123.65995551022272,129.9360618396613],[123.85610587620499,129.9639700295145],[124.22185751039532,130.3157360189369],[124.42143564869019,130.06048330070809],[124.65116439537816,130.03047814638683],[125.10411316837224,130.3224711937088],[125.56287543984403,130.33843031611758],[125.6479985478981,130.0861749150357],[125.92124865955861,130.14151310072896],[125.92858997065534,129.87113622988272],[126.13261679941257,129.88239871519525],[126.02871446509104,129.75397566284488],[126.15381367255135,129.71884512822024],[126.0380291941855,129.642120535162],[126.02178322108972,129.37887244601],[126.21151127634334,129.1513550564649],[126.52685426516356,129.2925736934275],[126.46978998368672,129.36903666685808],[126.71517336758667,129.4543137817595],[127.25191217752678,128.9308853462202],[127.50028166462955,129.75704154627957],[127.73971466414287,129.47845972652405],[128.03570441257295,129.56952367977397],[128.20441941465515,129.3069089308143],[128.97462325334035,129.71281719357373],[129.13733302331045,129.71132099611552],[129.12293589794263,130.18333521103537],[129.6794298929684,130.3744290387289],[129.820632174537,130.51583263292403],[129.77169902834763,130.62430045383095],[130.3155168499343,130.8168711487673],[130.30681853197234,131.10060073545725],[130.58273287371097,131.36228280922222],[130.34680622448067,131.65477249044238],[130.44085977170403,131.71754608843412],[130.3334702840972,131.8713465368828],[130.4979943759584,132.4706909730564],[130.980053227677,132.64025558488072],[131.07913769538132,132.77813250239564],[131.17227922844972,132.70836642012483],[131.6776339021744,133.40102916070123],[132.24148134136115,133.69042914475915],[132.40616340946042,133.58678402030264],[132.8240667469044,133.77731440531787],[132.80439725867058,133.8809219152385],[133.33691314047894,134.21086741370465],[133.43519243289924,134.10936460580112],[133.77343316393905,134.55006557875373],[134.00010314987992,134.61962534673333],[135.15409344011115,136.20758268876213],[135.53457102570783,136.58034125203008],[135.8122562452529,136.60033721984473],[135.824113653967,137.21003219894348],[135.9394455086299,137.43405079404903],[136.0748432099693,137.42853674430845],[136.16609034186848,137.19280558937555],[136.45718103581171,137.15409607751428],[136.4145408908954,137.07759436659444],[136.70582974980408,137.1018979066726],[136.91527106082225,137.2517650341236],[137.0175845321599,137.17535748205532],[137.70325527930743,137.5091847949099],[137.65388500210702,137.5697441003935],[137.8242488676014,137.7123246721326],[137.78199743365616,137.79281810262714],[137.99382793606557,138.000633653452],[138.36149215458425,138.07646825727704],[138.57204118692468,137.9986369247872],[138.8550874088729,138.1651260052102],[139.19351421902024,138.84563051883617],[139.69960537709295,139.32350885827967],[139.8617761122666,138.9341689133048]]]]}},{"type":"Feature","properties":{"BNG_E":571076,"BNG_N":263235,"FID":6,"GlobalID":"49930e67-7098-4122-abe2-188aca8c4720","LAT":52.24073,"LONG":0.504178,"RGN23CD":"E12000006","RGN23NM":"East of England"},"geometry":{"type":"MultiPolygon","coordinates":[[[[192.01081361052957,96.89209182008526],[192.0069429508106,96.88937412368728],[192.00131641702396,96.95046360109595],[192.01081361052957,96.89209182008526]]],[[[192.4196983777587,97.67899427267271],[192.38335311389352,97.58336690055394],[192.40771635840525,97.75268482297842],[192.4196983777587,97.67899427267271]]],[[[192.334287702159,97.66375720972636],[192.31476860719246,97.70930617009591],[192.26743850991986,98.01833540738448],[192.334287702159,97.66375720972636]]],[[[193.0391592279996,97.39020107001704],[193.04563977229327,97.28809170694035],[193.02929433303223,97.38859815893551],[193.0391592279996,97.39020107001704]]],[[[192.98920959652858,97.60365632585895],[192.9792881737116,97.56427973421782],[192.9667256775773,97.61781936829826],[192.98920959652858,97.60365632585895]]],[[[193.0200855738393,97.59632949037278],[193.04675135097287,97.4906508178499],[193.02682171298545,97.52953537192714],[193.0200855738393,97.59632949037278]]],[[[192.9441899107356,97.71530186986092],[192.9467121846481,97.70357965289013],[192.96735239025355,97.59516857070535],[192.9441899107356,97.71530186986092]]],[[[192.9788929101363,97.68984360913375],[192.9949145964569,97.63312283686835],[192.96194666978502,97.68071211255455],[192.9788929101363,97.68984360913375]]],[[[192.93769118568903,97.74624954229937],[192.93358345112316,97.73737189828682],[192.92443698864346,97.79030339069827],[192.93769118568903,97.74624954229937]]],[[[192.97365971197917,97.78519155264226],[193.00889160591612,97.66931196640604],[192.97766901824082,97.69898183491739],[192.97365971197917,97.78519155264226]]],[[[192.94008716347417,97.85912413238647],[192.9474104528392,97.70555375427918],[192.93954692127264,97.74600984019949],[192.94008716347417,97.85912413238647]]],[[[192.9071454795049,97.87940477071403],[192.89224233599157,97.86652818721626],[192.88144764198594,97.90726730947954],[192.9071454795049,97.87940477071403]]],[[[192.93401293229152,97.85160402373695],[192.92359684985684,97.79174371513542],[192.91175655315334,97.89689682517152],[192.93401293229152,97.85160402373695]]],[[[192.8977388541444,97.91653755086416],[192.90015396450642,97.89299333314042],[192.89514768620592,97.90378426058864],[192.8977388541444,97.91653755086416]]],[[[192.95951844519652,97.83991913002382],[192.96283111771032,97.68442204881856],[192.9522442610826,97.84807898724733],[192.95951844519652,97.83991913002382]]],[[[192.9268138644386,97.93607588864427],[192.9079131098847,97.90621173238033],[192.8993642131187,97.90317076405219],[192.9268138644386,97.93607588864427]]],[[[192.8750096926531,97.96202740086517],[192.86907830992536,97.9636848773837],[192.86574275299802,97.99979167712381],[192.8750096926531,97.96202740086517]]],[[[192.82964399499386,98.05914788427395],[192.8652085429805,97.9621579375415],[192.8481039325665,97.96155283424638],[192.82964399499386,98.05914788427395]]],[[[192.79688528579936,98.11701389300553],[192.81375616148836,98.06884641050488],[192.79447264922183,98.10371712694679],[192.79688528579936,98.11701389300553]]],[[[192.81091595942314,98.11205755481382],[192.8189395477332,98.06360383813944],[192.81106215919533,98.08913767956805],[192.81091595942314,98.11205755481382]]],[[[192.87232866105293,98.01074673323389],[192.87739430475818,97.96944073898239],[192.86135299778655,98.06515899590909],[192.87232866105293,98.01074673323389]]],[[[192.88832635804144,98.04238287169353],[192.90927498622338,97.95787139764788],[192.87805547174617,97.96543054698122],[192.88832635804144,98.04238287169353]]],[[[192.90482467250655,98.01775896390271],[192.9223777441941,97.97434838230409],[192.8900122341848,98.04912426272867],[192.90482467250655,98.01775896390271]]],[[[192.7654175473731,98.19140261998861],[192.75573660253934,98.21207259257059],[192.76089281119746,98.20762737305],[192.7654175473731,98.19140261998861]]],[[[192.84931158681133,98.12643350160842],[192.866870113586,97.96353552707195],[192.83771241352412,98.04869744156206],[192.84931158681133,98.12643350160842]]],[[[192.8741505957431,98.10585424717023],[192.88925725808204,98.0549009697971],[192.8525949835921,98.11568974908059],[192.8741505957431,98.10585424717023]]],[[[192.83907121656944,98.10645091727012],[192.81682561581164,98.10640204661438],[192.83962376103835,98.14719919286732],[192.83907121656944,98.10645091727012]]],[[[192.75452939291884,98.25089679062901],[192.80806210441258,98.11749859090403],[192.76100229834609,98.21324733125937],[192.75452939291884,98.25089679062901]]],[[[192.72472544437542,98.29354782652533],[192.7193842587535,98.28825462400054],[192.7055688795037,98.3409980024804],[192.72472544437542,98.29354782652533]]],[[[192.73339559509628,98.33517628028075],[192.74432045124883,98.30375994470081],[192.73448676647018,98.30575827539293],[192.73339559509628,98.33517628028075]]],[[[192.72750669704052,98.39728104061452],[192.74986310367586,98.31753566667949],[192.71563189404833,98.42098973684458],[192.72750669704052,98.39728104061452]]],[[[192.80334702475247,98.33694148642982],[192.79276180231173,98.3455472147741],[192.77600086179945,98.38615566425122],[192.80334702475247,98.33694148642982]]],[[[192.2654501345776,98.94603732114862],[192.2589685642412,98.94191389832008],[192.258001947342,98.96714927292159],[192.2654501345776,98.94603732114862]]],[[[192.75799003092698,98.36078464662994],[192.78142210287697,98.26117051801641],[192.7079209472177,98.51018056528157],[192.75799003092698,98.36078464662994]]],[[[192.76900216643662,98.41028477251636],[192.7778232195854,98.38974427497374],[192.7347267764084,98.48994492920828],[192.76900216643662,98.41028477251636]]],[[[192.26203915391167,98.96375927098293],[192.26504516141134,98.94934603393962],[192.24915538701666,99.01521260569014],[192.26203915391167,98.96375927098293]]],[[[192.6806191385994,98.56762437331517],[192.71517274583317,98.46211546459644],[192.71106359308789,98.46801802591759],[192.6806191385994,98.56762437331517]]],[[[192.6955095242368,98.51217200326131],[192.7309968969861,98.3989447658339],[192.6628395957166,98.53091235335782],[192.6955095242368,98.51217200326131]]],[[[192.53835665328987,98.81535696591096],[192.65383658034,98.63309178439496],[192.65234894995265,98.55513838933804],[192.53835665328987,98.81535696591096]]],[[[192.93819463431151,98.41417751730049],[192.9753252959018,98.23849621377876],[192.8833758351254,98.2747492983797],[192.93819463431151,98.41417751730049]]],[[[192.81226502686604,98.53827751956453],[192.80766837056763,98.53385134986614],[192.79749097519166,98.56401529254094],[192.81226502686604,98.53827751956453]]],[[[192.52809046698422,98.86734101244927],[192.55245861457402,98.80801835337098],[192.5033474652103,98.89283241493101],[192.52809046698422,98.86734101244927]]],[[[192.8917240737532,98.53299472002593],[192.89533566960313,98.52153708968214],[192.88808081803802,98.53068977729151],[192.8917240737532,98.53299472002593]]],[[[192.88384658036364,98.53822098132821],[192.87573488651265,98.54507878169336],[192.88020916064343,98.55241860637369],[192.88384658036364,98.53822098132821]]],[[[192.90670918436146,98.54370136080512],[192.8994036240162,98.5635794271349],[192.90770395849964,98.55130530094854],[192.90670918436146,98.54370136080512]]],[[[192.90476418637485,98.53600062210991],[192.8845557762337,98.55615773828517],[192.88737924258982,98.57809375039086],[192.90476418637485,98.53600062210991]]],[[[192.8970478360652,98.57026376748033],[192.90465649379104,98.5389672699808],[192.88898861550604,98.58004453740662],[192.8970478360652,98.57026376748033]]],[[[192.94434083770844,98.53657039853037],[192.87859598395886,98.29991346824713],[192.72911161990965,98.52060547103318],[192.92377032481275,98.46535074744048],[192.94434083770844,98.53657039853037]]],[[[192.346905027206,99.16687195822848],[192.35970827731674,99.06850835439934],[192.3299680320833,99.14819096539817],[192.346905027206,99.16687195822848]]],[[[192.90761399724778,98.59762084010998],[192.90779406335366,98.55870477421608],[192.89170776308154,98.58901333256063],[192.90761399724778,98.59762084010998]]],[[[192.26489055283722,99.39417721306685],[192.31855659089808,99.25974234092078],[192.26714999868415,99.32065324165973],[192.33085921324673,99.21909342484727],[192.22604741239286,99.35319181536397],[192.26489055283722,99.39417721306685]]],[[[192.09989747708045,99.73075366539115],[192.23830532616782,99.44621211474521],[192.21689798715792,99.36141799707143],[192.36590744062133,99.04917959610455],[192.3467962237308,99.18741692190939],[192.4738725695716,98.87001572294903],[192.43817831605872,98.9818000534687],[192.53573981601048,98.8042835386623],[192.50308219140172,98.84253660808406],[192.54826419463373,98.76729326216373],[192.48220753257718,98.86224306888012],[192.6668962813733,98.5034734286298],[192.7325224939239,98.34689463633299],[192.65872573569854,98.5193192482016],[192.7266684479395,98.3438928238408],[192.6719478385976,98.45489446591787],[192.70620277597757,98.2611807163742],[192.9671427763922,97.5720317861075],[192.91405634947205,97.57658365805187],[193.05412636219936,97.47529586533],[193.02392752382377,97.38333106624013],[193.02237214015184,97.07518741313773],[192.77965383709258,97.03844383896113],[192.71739391270825,96.7058796231663],[192.57386281285164,96.98218852377678],[192.45583689249858,97.7006498993222],[192.37438619405896,97.89608252930928],[192.3411838574168,97.75977439705264],[192.14415875180845,98.70556092018839],[192.2539748841285,98.65738141171173],[192.2518634339878,98.89896416701954],[192.28297412183414,98.72559106409018],[192.26538659440345,98.96455442107201],[192.09989747708045,99.73075366539115]]],[[[194.28525960960533,98.97041066345227],[194.42397162153804,98.44165030456719],[194.3548458543398,98.46194620177266],[194.24371910699853,98.9971506968424],[194.22419557120276,98.94123341606435],[194.22974198249716,99.20743830165895],[194.28525960960533,98.97041066345227]]],[[[193.37868603834445,100.07771118649548],[193.38631885677188,100.04977624058459],[193.35589109338773,100.11827471266403],[193.37868603834445,100.07771118649548]]],[[[193.41064243876107,100.07814152691495],[193.4031816225607,100.06740045981425],[193.4044972037256,100.10622547834808],[193.41064243876107,100.07814152691495]]],[[[193.39969047242698,100.11452224578707],[193.3916893398728,100.08417327582454],[193.38555625850262,100.10875219263873],[193.39969047242698,100.11452224578707]]],[[[193.302385571789,100.25706434129063],[193.29943161752993,100.25464163929188],[193.2900758972919,100.28256626258268],[193.302385571789,100.25706434129063]]],[[[193.30730529497916,100.26145627840668],[193.297854978858,100.26691041623539],[193.30459770651,100.26721855660203],[193.30730529497916,100.26145627840668]]],[[[193.3188264602675,100.28266431362898],[193.30783672128103,100.25994297515797],[193.31045578874551,100.29963866085373],[193.3188264602675,100.28266431362898]]],[[[193.32224626481198,100.30472336673401],[193.33861042315357,100.27083715629868],[193.3162373151634,100.29256564788471],[193.32224626481198,100.30472336673401]]],[[[194.05717870192933,100.10679298813267],[194.15471175225764,99.77846171391228],[194.21054761520207,99.02014586865053],[194.24511192780733,98.7645364515854],[193.86440628749358,100.0411880048421],[193.87063988727328,100.502558847755],[194.0107542323604,100.35648719592973],[194.05717870192933,100.10679298813267]]],[[[194.2431640944218,100.3311770694207],[194.1936359050267,100.22784009609754],[194.18123870498167,100.32770840296669],[194.2431640944218,100.3311770694207]]],[[[194.13022093199868,100.71830354268108],[194.2066657269682,100.46322378779497],[194.12622838858346,100.61277834404724],[194.13022093199868,100.71830354268108]]],[[[193.99082955780761,100.9095640880982],[193.9663033452548,100.92760846528915],[193.92932249931786,101.0141127809725],[193.99082955780761,100.9095640880982]]],[[[193.62839220633236,101.52299082959173],[193.6090123139723,101.49441422194442],[193.58719839981805,101.55403167238154],[193.62839220633236,101.52299082959173]]],[[[193.5862083063332,101.55681451572217],[193.57097699893035,101.58671105030481],[193.5889631393419,101.56227262306624],[193.5862083063332,101.55681451572217]]],[[[191.77303616702758,103.35606964291452],[191.7611625758758,103.35406858935879],[191.76181872109555,103.36520929663232],[191.77303616702758,103.35606964291452]]],[[[191.7585834590771,103.35833413106558],[191.7512933935983,103.36309903501034],[191.73306103950864,103.41879885385664],[191.7585834590771,103.35833413106558]]],[[[191.72463980858114,103.45812599896341],[191.73506874891035,103.41791835614933],[191.72113972089093,103.45518448196871],[191.72463980858114,103.45812599896341]]],[[[191.6756580049664,103.51324773353498],[191.69145427813203,103.46675851292075],[191.66867554394184,103.52051528863302],[191.6756580049664,103.51324773353498]]],[[[191.71119335678384,103.47009159671605],[191.69109503868196,103.4689626847571],[191.67603755177026,103.51425351661611],[191.71119335678384,103.47009159671605]]],[[[191.7599939248022,103.36549828035461],[191.73205058571028,103.46091165347545],[191.761427322398,103.36795846453818],[191.7599939248022,103.36549828035461]]],[[[191.75058995577882,103.43281249925191],[191.77212531186916,103.36522064044199],[191.75851764381926,103.40663809582352],[191.75058995577882,103.43281249925191]]],[[[194.89860831782858,100.68945830781917],[195.04800681056935,100.57326962432441],[195.01679834657983,99.6724222773699],[194.68463872251613,98.53824458417122],[194.63808417619953,98.63123699436534],[194.68921960046353,98.52337845934915],[194.62380033619007,98.50339838732283],[194.66476287445835,98.37666567545511],[194.60137893415504,98.11021070006052],[194.41681632070834,98.48059557006617],[194.2210454059515,99.28147606855913],[194.21532915833916,99.55162725767389],[194.5186142663943,98.85794639049222],[194.2399054544211,99.61661842069992],[194.22260754239895,99.56856877594504],[194.04201360533867,100.28082440962761],[194.26167796728663,100.04525441843056],[194.30581651491752,100.20561179702466],[194.1510912540791,100.91488351350839],[194.4579842627901,100.70505025563638],[194.89860831782858,100.68945830781917]]],[[[191.72924764420503,103.47151871677494],[191.71939828370736,103.46270970996991],[191.68963051218535,103.58617459696471],[191.72924764420503,103.47151871677494]]],[[[191.69699682179032,103.51802009726605],[191.63359502646074,103.66237906378556],[191.6506104991043,103.66189086732786],[191.69699682179032,103.51802009726605]]],[[[191.7093377252725,103.57620774768849],[191.69340473114744,103.59214447250434],[191.7165342983084,103.589234142321],[191.7093377252725,103.57620774768849]]],[[[191.6637412208994,103.66990910344907],[191.67484299782737,103.60175396152628],[191.65051221104179,103.68160807280066],[191.6637412208994,103.66990910344907]]],[[[191.63277197950327,103.71296231348799],[191.6208374226274,103.72550657378203],[191.62161489382646,103.73318653237527],[191.63277197950327,103.71296231348799]]],[[[191.60850860202956,103.79595409986698],[191.63209529806326,103.72251171913388],[191.6182525641547,103.74432965567745],[191.60850860202956,103.79595409986698]]],[[[191.63405093264515,103.77286774502696],[191.659091924824,103.6895348683722],[191.6212362218334,103.79999418890101],[191.63405093264515,103.77286774502696]]],[[[191.65981491002492,103.68220017310578],[191.644841740142,103.69680233241668],[191.61770563662176,103.80391000421561],[191.65981491002492,103.68220017310578]]],[[[191.712848894707,103.60984769157609],[191.7023501356844,103.61810941132062],[191.63396767261074,103.80623947249777],[191.712848894707,103.60984769157609]]],[[[191.6605127100513,103.79019527469671],[191.7037863866273,103.65465821223648],[191.68452315139103,103.7082352548872],[191.6605127100513,103.79019527469671]]],[[[191.6435659070645,103.80086397261718],[191.59672125360765,103.83610867537824],[191.5790098012617,103.92307425276255],[191.6435659070645,103.80086397261718]]],[[[194.5439480906798,101.22685422518877],[194.53926010302695,101.21791684704445],[194.52262636906272,101.2360201267652],[194.5439480906798,101.22685422518877]]],[[[191.62668254276412,103.87220752928903],[191.57884807879933,103.92408058645199],[191.5782015029129,103.86166950400072],[191.5736943881837,103.91358201708323],[191.58044521796475,103.93702641954141],[191.62668254276412,103.87220752928903]]],[[[191.76944756877742,103.78479698356608],[191.76875399313394,103.77796494809607],[191.69272685728674,103.86014801545005],[191.76944756877742,103.78479698356608]]],[[[192.60552937903867,102.94628181873301],[192.5690002132303,102.96656842846801],[192.55573826375422,103.00524432315488],[192.60552937903867,102.94628181873301]]],[[[192.508148915907,103.04899944139967],[192.51719724490042,103.02919568367439],[192.51594723351917,103.0170255785065],[192.508148915907,103.04899944139967]]],[[[191.38411822435515,104.22616734272731],[191.37981446900622,104.21909008015871],[191.37449754768,104.24230217796033],[191.38411822435515,104.22616734272731]]],[[[192.67429953122445,102.90506745891643],[192.66058463316847,102.89545315305212],[192.56930208071302,102.96206421443101],[192.67429953122445,102.90506745891643]]],[[[191.39571692742746,104.21520274862687],[191.40171386495362,104.19176239821743],[191.38912699849092,104.21657665832802],[191.3731627577007,104.24719840711431],[191.39571692742746,104.21520274862687]]],[[[192.54166439300178,103.0348354034312],[192.56137709613316,102.98379643428392],[192.52410244262586,103.0495643309456],[192.54166439300178,103.0348354034312]]],[[[191.74791045524003,103.8415346860019],[191.69749056104095,103.85899344425663],[191.67527572647387,103.9343289567116],[191.74791045524003,103.8415346860019]]],[[[192.28047087493195,103.32878850177772],[192.2685127332351,103.3329863491349],[192.2784464165597,103.33910594728802],[192.28047087493195,103.32878850177772]]],[[[192.26165934747377,103.36331179568286],[192.26087114923695,103.35164131589181],[192.2554261231803,103.3793587298522],[192.26165934747377,103.36331179568286]]],[[[192.46096240915676,103.1554831910049],[192.46749169588134,103.10844159447704],[192.44733938428706,103.17167093404375],[192.46096240915676,103.1554831910049]]],[[[192.28502950947663,103.34180215047446],[192.2743966569957,103.36487776408741],[192.28863202892333,103.35056038087077],[192.28502950947663,103.34180215047446]]],[[[192.51429796119257,103.14452030134254],[192.5198557442508,103.09906364158563],[192.4951847974902,103.12284878578923],[192.51429796119257,103.14452030134254]]],[[[192.2835939821293,103.37461921123402],[192.28643759114286,103.36074447948147],[192.27593276458435,103.37734656615008],[192.2835939821293,103.37461921123402]]],[[[192.60518203947902,103.0523468223422],[192.64508155018876,102.94757925872713],[192.51563450137078,103.14333572574758],[192.60518203947902,103.0523468223422]]],[[[192.40919682132898,103.25463747584726],[192.42472006538665,103.20357803229467],[192.42106469447722,103.20921218583102],[192.40919682132898,103.25463747584726]]],[[[191.73044666742433,103.8727245113927],[191.69914295144793,103.91691496787328],[191.67656962441598,103.99852413887483],[191.73044666742433,103.8727245113927]]],[[[192.27357204058063,103.36460878142144],[192.26273682166703,103.36158443247116],[192.24388856285316,103.42603071299348],[192.27357204058063,103.36460878142144]]],[[[192.40251427835938,103.2465853664549],[192.3818695559405,103.26619843217932],[192.37089820690852,103.29927510512141],[192.40251427835938,103.2465853664549]]],[[[192.6185792554338,103.07345951339292],[192.6425099934081,103.04312376973803],[192.63502195409507,103.02135651210556],[192.6185792554338,103.07345951339292]]],[[[192.46818904035743,103.20314139770626],[192.48942973433478,103.1293993074819],[192.45677579239978,103.1716827042848],[192.46818904035743,103.20314139770626]]],[[[192.50520590420734,103.17623146631686],[192.51022000314452,103.15156477373792],[192.49275541556804,103.17688661541452],[192.50520590420734,103.17623146631686]]],[[[192.4551623614245,103.17195894424789],[192.40630725097833,103.27378181116818],[192.44395288412233,103.23317473682562],[192.4551623614245,103.17195894424789]]],[[[192.2780142389618,103.38665813019868],[192.27191075474795,103.37831439855735],[192.27050095931148,103.41488227114843],[192.2780142389618,103.38665813019868]]],[[[192.2568086270468,103.43243298086333],[192.2427390645849,103.43118749493188],[192.25006888779802,103.4381404951675],[192.2568086270468,103.43243298086333]]],[[[192.53847777335912,103.1340376025622],[192.5178035039213,103.14725362956457],[192.5059439615185,103.18506082186055],[192.53847777335912,103.1340376025622]]],[[[192.31843152571426,103.35062282523255],[192.29025561322032,103.35925433841834],[192.30311804683944,103.3952499392597],[192.31843152571426,103.35062282523255]]],[[[192.6689689303761,103.04380213881589],[192.66214189208824,103.00015868816901],[192.64950105329066,103.05983533179342],[192.6689689303761,103.04380213881589]]],[[[192.38808821127833,103.30961363868484],[192.419628037148,103.21128301566998],[192.3954539579582,103.26167399603005],[192.35307180379365,103.33790572557051],[192.38808821127833,103.30961363868484]]],[[[192.3485604154015,103.35246979728812],[192.34649233532343,103.34544614088729],[192.33958277518724,103.3644661029857],[192.3485604154015,103.35246979728812]]],[[[192.33114671877425,103.37521327071141],[192.3392357396218,103.35933421625413],[192.33305990873725,103.36657003533227],[192.33114671877425,103.37521327071141]]],[[[192.36081105369698,103.3478647082502],[192.37135042082596,103.33290610609552],[192.35449595587932,103.35140305837547],[192.36081105369698,103.3478647082502]]],[[[192.63084501784357,103.10006465911509],[192.6593101930644,103.00277693162991],[192.64892946026262,103.0149597176389],[192.63084501784357,103.10006465911509]]],[[[192.63096159380194,103.10833358647643],[192.68312481003719,103.04006278630293],[192.64039335021545,103.07716434357596],[192.63096159380194,103.10833358647643]]],[[[192.31567515325287,103.39690445918929],[192.28929654925463,103.40897707109733],[192.2713955606546,103.45365069912602],[192.31567515325287,103.39690445918929]]],[[[192.24684764211503,103.47945227482795],[192.2724548340892,103.41419786197315],[192.24139431064216,103.45447818851984],[192.24684764211503,103.47945227482795]]],[[[192.28757970767083,103.41086936574956],[192.27257792538845,103.41585659134003],[192.24903999439772,103.47653187925863],[192.28757970767083,103.41086936574956]]],[[[192.55231258363693,103.17763672001361],[192.5317478123997,103.18248952535126],[192.5469874226357,103.19301617831735],[192.55231258363693,103.17763672001361]]],[[[192.26751277840233,103.46432455450477],[192.2390405024968,103.48794655243601],[192.23211160943305,103.48355770639817],[192.2527062496715,103.37246325448108],[192.26556824071758,103.33049640284678],[192.28159340276062,103.3270423694485],[192.46835141652895,103.10556298182652],[192.46195630629336,103.15391109554182],[192.52820177116175,103.0152379492738],[192.49446603765608,103.07396472942168],[192.24557784376177,103.34651635274521],[192.22897960847658,103.49274589321975],[192.2376963316073,103.49836803431126],[192.26751277840233,103.46432455450477]]],[[[192.6867486064262,103.04748255807903],[192.6617654240813,103.07875026281401],[192.68061578024458,103.08538710652536],[192.6867486064262,103.04748255807903]]],[[[192.5564091476717,103.19154715775736],[192.59395209068555,103.15680893977036],[192.5848786818579,103.10533808950686],[192.5564091476717,103.19154715775736]]],[[[191.52574923667518,104.2469823217889],[191.51720631989036,104.25600217003205],[191.50317150093935,104.28677192174628],[191.52574923667518,104.2469823217889]]],[[[192.59084088315623,103.20519246532483],[192.698460695782,103.09421922427848],[192.73302166126783,103.02058335487239],[192.6524233796581,102.95438453237281],[192.72253244464125,103.02788373015963],[192.686354258792,103.09958946656735],[192.61425555117762,103.15665053485088],[192.6168575158669,103.07493747722168],[192.59084088315623,103.20519246532483]]],[[[192.5826270623814,103.21444232695609],[192.5539487399088,103.19261436269188],[192.566623218273,103.13734092292967],[192.46763225678023,103.21916403313419],[192.4087754391025,103.32402637592037],[192.4632994590443,103.22669073132175],[192.35065502414636,103.36571874850613],[192.40455122671753,103.35592578838838],[192.50141500381906,103.19838300089998],[192.56259985848163,103.14521946101395],[192.54741334580714,103.19575810825398],[192.5826270623814,103.21444232695609]]],[[[191.4735893000736,104.3590960634439],[191.4801318965454,104.34303065868428],[191.45239869215285,104.39335109922135],[191.4735893000736,104.3590960634439]]],[[[191.43199123738648,104.4291251223694],[191.4493994118744,104.39755796107396],[191.40400978021847,104.47338332687389],[191.43199123738648,104.4291251223694]]],[[[191.43217980076946,104.50027884146348],[191.43373363199615,104.47235840519717],[191.42165067538596,104.51787314219925],[191.43217980076946,104.50027884146348]]],[[[194.1679386660643,103.26361700060005],[194.16765261568483,103.22345979225247],[194.15585353933233,103.27438574602161],[194.1679386660643,103.26361700060005]]],[[[192.59091989081162,105.72503829016843],[192.58944922110916,105.70425233569485],[192.57886123663167,105.68469355705618],[192.59091989081162,105.72503829016843]]],[[[190.68996664001577,107.1908252574739],[190.67301943267177,107.19935375441004],[190.68305424586745,107.19731689006517],[190.68996664001577,107.1908252574739]]],[[[190.65206632580163,107.2221007633542],[190.64588271873072,107.2215336459256],[190.63774552479973,107.23570858649384],[190.65206632580163,107.2221007633542]]],[[[190.65443519757056,107.24587388006057],[190.6633236998345,107.23339554817906],[190.65236755099482,107.24317978133911],[190.65443519757056,107.24587388006057]]],[[[190.6363742980315,107.25927714854572],[190.6369309883562,107.24822960288927],[190.62468718410878,107.2666397910165],[190.6363742980315,107.25927714854572]]],[[[191.5809117047001,106.6283462005668],[191.56333236830602,106.63584061870031],[191.5699471256782,106.64215151945479],[191.5809117047001,106.6283462005668]]],[[[191.61189608090143,106.6015697384921],[191.59765157017853,106.60115196141658],[191.57677633898834,106.64052661074197],[191.61189608090143,106.6015697384921]]],[[[190.63255474342787,107.36110654618165],[190.63474453950843,107.348809121709],[190.62068514524407,107.37647386458583],[190.63255474342787,107.36110654618165]]],[[[191.53524835874947,106.67589525835805],[191.48124786560274,106.7051752663348],[191.46114264736988,106.75383512802443],[191.53524835874947,106.67589525835805]]],[[[190.52564723146924,107.45349313475877],[190.49636913733005,107.46875397426983],[190.4964282080766,107.47957111242607],[190.52564723146924,107.45349313475877]]],[[[191.4304996682792,106.78028559864117],[191.44737578450517,106.73050019860233],[191.71598537178403,106.46037935713046],[191.59380443489562,106.4488483158467],[191.27306395795893,106.88765903483372],[191.4304996682792,106.78028559864117]]],[[[191.541851975913,106.69191552198365],[191.56338832311354,106.64489619071252],[191.50810043623875,106.7152700411848],[191.541851975913,106.69191552198365]]],[[[190.4565467126447,107.5377481419375],[190.45747755589565,107.53261617444113],[190.44459419409418,107.54902351715984],[190.4565467126447,107.5377481419375]]],[[[190.4389080503895,107.55502350352512],[190.4676243741664,107.50104370437299],[190.45312818216485,107.52562497449654],[190.4389080503895,107.55502350352512]]],[[[190.501205371154,107.49907520889113],[190.50300652905133,107.49066699227387],[190.48027219269218,107.53334194365826],[190.501205371154,107.49907520889113]]],[[[190.45208986482234,107.5812717281378],[190.4553243634686,107.5683961626014],[190.44647136251473,107.57991956264733],[190.45208986482234,107.5812717281378]]],[[[190.83170249775077,107.27796583398131],[191.0077424487796,106.99987730867923],[190.9771297562599,106.96925921116971],[191.05649473910825,106.91166735782329],[191.07717118137606,106.76709883814337],[190.82205090898094,107.0147449820125],[190.83170249775077,107.27796583398131]]],[[[190.45103890083544,107.58319833489516],[190.4445669627634,107.58785064907622],[190.44127511659815,107.59805159302022],[190.45103890083544,107.58319833489516]]],[[[191.02278425009877,107.29220582899097],[191.01428400626054,107.28819715021572],[191.01216488058077,107.30659664467632],[191.02278425009877,107.29220582899097]]],[[[190.62022080469762,107.59851341990392],[190.6297235941632,107.57589385127827],[190.60964821718986,107.59414925536926],[190.62022080469762,107.59851341990392]]],[[[191.02352381805895,107.3054200957938],[191.02166781661737,107.30100955417505],[191.00621774521545,107.31756720093287],[191.02352381805895,107.3054200957938]]],[[[191.02855232317566,107.30929211326756],[191.0086074880682,107.31815676460839],[191.0050794823237,107.33306978428294],[191.02855232317566,107.30929211326756]]],[[[192.77358016536388,106.13062439859884],[192.77223603440476,106.12022901982202],[192.7610568019386,106.13396493596191],[192.77358016536388,106.13062439859884]]],[[[191.6376424879462,106.95954476010567],[191.6501462681912,106.94596574878112],[191.6346865358165,106.95834566848647],[191.6376424879462,106.95954476010567]]],[[[191.61681280988424,106.9836089380076],[191.63173255193612,106.96598735880829],[191.6176301462059,106.97782000900966],[191.61681280988424,106.9836089380076]]],[[[191.29937602618048,107.21472065535893],[191.2935543715655,107.21466204777505],[191.28633300665763,107.23275478335817],[191.29937602618048,107.21472065535893]]],[[[191.2829987692491,107.23555230150463],[191.28524616039581,107.21179166478177],[191.2782729834189,107.21919059720125],[191.2829987692491,107.23555230150463]]],[[[191.9056851651366,106.76084463333152],[191.89327046504565,106.76502219933906],[191.89386440613208,106.78732465489867],[191.9056851651366,106.76084463333152]]],[[[191.51911842055156,107.06798688244416],[191.5187566597144,107.05167658171],[191.51186423387912,107.06277225232827],[191.51911842055156,107.06798688244416]]],[[[191.60231744078408,106.998684250879],[191.58485801914313,107.00984413452852],[191.58003114428607,107.02784771082071],[191.60231744078408,106.998684250879]]],[[[191.3285021174401,107.20870714091231],[191.32222536851592,107.20855620990875],[191.31431338975523,107.23067773067078],[191.3285021174401,107.20870714091231]]],[[[192.73405440196345,106.19586848664892],[192.69550211407753,106.06063744580986],[192.70972766271606,106.25358395754623],[192.73405440196345,106.19586848664892]]],[[[191.29082789456396,107.23401268828229],[191.2798542632083,107.24167222118388],[191.27426064344266,107.2643919421202],[191.29082789456396,107.23401268828229]]],[[[191.5105877668432,107.0803583630452],[191.5009979356941,107.08193839452511],[191.50511676273038,107.09144358919167],[191.5105877668432,107.0803583630452]]],[[[192.1676793417215,106.5769093610659],[192.1372033157999,106.62812446407632],[192.18301465906634,106.58167910796283],[192.1676793417215,106.5769093610659]]],[[[191.27953480938174,107.27262424742116],[191.28565539224965,107.25769849367535],[191.27318839524045,107.27086743820402],[191.27953480938174,107.27262424742116]]],[[[191.30298856174755,107.26121324365722],[191.29446515871956,107.2578520726842],[191.29702845400425,107.26967353043692],[191.30298856174755,107.26121324365722]]],[[[191.31623964040978,107.2479052140753],[191.30716396221163,107.25155135916557],[191.30711179357144,107.26635030168461],[191.31623964040978,107.2479052140753]]],[[[192.13175262877397,106.64936287762215],[192.11957723698765,106.65636143155817],[192.12336871070025,106.66496422327798],[192.13175262877397,106.64936287762215]]],[[[191.28793725549804,107.2858636291123],[191.28899217631277,107.26331392396949],[191.28173587202696,107.2786879552046],[191.28793725549804,107.2858636291123]]],[[[191.4950767063185,107.1420731835954],[191.4866558495042,107.1458348974041],[191.4920782369598,107.1497258191372],[191.4950767063185,107.1420731835954]]],[[[191.51097502477967,107.13845345397903],[191.50033452135727,107.1080636969822],[191.48604689866502,107.13382771416275],[191.51097502477967,107.13845345397903]]],[[[191.30758530796095,107.28795415351779],[191.30585972063147,107.27415336759043],[191.30167333384486,107.30027070675337],[191.30758530796095,107.28795415351779]]],[[[191.49299029452797,107.16996505395532],[191.49103858315397,107.16569403524784],[191.48373017959142,107.19080439839142],[191.49299029452797,107.16996505395532]]],[[[192.17449616517456,106.7792468051903],[192.2180916010169,106.70798479511035],[192.17816697586684,106.73384711212599],[192.17449616517456,106.7792468051903]]],[[[192.146096677523,106.81226495510381],[192.1584340756814,106.77921238222568],[192.1285840330069,106.78972805676233],[192.146096677523,106.81226495510381]]],[[[192.15710172159248,106.80907913686806],[192.15601509374173,106.80325525281627],[192.1457080276883,106.8178687746701],[192.15710172159248,106.80907913686806]]],[[[192.3786010574482,106.97489951105398],[192.37266842105842,106.97703280672125],[192.36752165746603,106.98783832855725],[192.3786010574482,106.97489951105398]]],[[[192.03034193522336,107.21429056305527],[192.05066095859553,107.1866615441078],[192.02021972878083,107.21506389122122],[192.03034193522336,107.21429056305527]]],[[[192.35304158468247,107.00584473743831],[192.35440420790775,106.99627470277676],[192.32778682928804,107.03339482583709],[192.35304158468247,107.00584473743831]]],[[[192.31097628951994,107.05209991490072],[192.30947822858695,107.0462714476903],[192.294227343996,107.06128711036575],[192.31097628951994,107.05209991490072]]],[[[192.02999343450546,107.25087161701913],[192.05479581899493,107.22388378095364],[192.02751584393403,107.23205409262344],[192.02999343450546,107.25087161701913]]],[[[191.9949941276991,107.27997582399487],[192.01819882444607,107.25560864032894],[192.01948381422636,107.2385875715018],[191.9949941276991,107.27997582399487]]],[[[192.28292507889694,107.08086309996605],[192.2567391382877,107.11339652393943],[192.2898909468491,107.07801768248027],[192.28292507889694,107.08086309996605]]],[[[192.39422400487126,107.02662407253622],[192.40810401776434,107.00921181088651],[192.38909386594858,107.0283944280908],[192.39422400487126,107.02662407253622]]],[[[192.14675554741785,107.22601139920009],[192.1940564438588,107.17704477023464],[192.13872248020226,107.22911157947229],[192.14675554741785,107.22601139920009]]],[[[192.29797008771354,107.11699102685748],[192.32076733300715,107.0860274015607],[192.2383946835605,107.17630681680109],[192.29797008771354,107.11699102685748]]],[[[192.2640944748475,107.1733977410131],[192.43978054297932,106.99943590590837],[192.397848137391,107.02458562192808],[192.2640944748475,107.1733977410131]]],[[[192.0120360420379,107.37658518720713],[192.10665507050976,107.28035765402774],[192.05979493088984,107.23486735686623],[192.0120360420379,107.37658518720713]]],[[[192.01315733335016,107.38925300115747],[192.03189131612328,107.36923734461973],[191.9704434497973,107.41264134407717],[192.01315733335016,107.38925300115747]]],[[[191.94002470366914,107.4378025243214],[191.95039053649617,107.39632987923655],[191.92684911946702,107.42349662164561],[191.94002470366914,107.4378025243214]]],[[[192.47855194100578,107.07010113078454],[192.4609212987556,107.0773151844903],[192.4624368053195,107.10048483854042],[192.47855194100578,107.07010113078454]]],[[[191.8967297613022,107.51835294258335],[191.9206471063758,107.47077405839164],[191.89193039068533,107.46720649535732],[191.8967297613022,107.51835294258335]]],[[[192.08507466528118,107.40044722767276],[192.2181791462525,107.28937068650129],[192.11990657876578,107.35824077242154],[192.08507466528118,107.40044722767276]]],[[[192.46887620680073,107.15576778983632],[192.51175479974566,107.09259822951799],[192.46187602861482,107.10279935645863],[192.46887620680073,107.15576778983632]]],[[[192.4220540268472,107.22575181004942],[192.4256784435603,107.19341985781458],[192.41145626723662,107.22754966610896],[192.4220540268472,107.22575181004942]]],[[[192.38325699619276,107.26042552157591],[192.39792341291752,107.22779456648621],[192.37815656744652,107.25701941399096],[192.38325699619276,107.26042552157591]]],[[[191.83687817519788,107.66979443388394],[191.8763770344376,107.61831583525233],[191.82468492544518,107.67299124513022],[191.83687817519788,107.66979443388394]]],[[[191.89202565076926,107.63941281262743],[191.92626054691095,107.55994083884721],[191.8948730981719,107.5968404884897],[191.89202565076926,107.63941281262743]]],[[[191.9777544229263,107.59023031038362],[191.99061432033147,107.5396548351098],[191.9793904582511,107.55824777001092],[191.9777544229263,107.59023031038362]]],[[[191.8222162536445,107.69237889043518],[191.82100454256488,107.6767317414556],[191.8123257082246,107.71075302681749],[191.8222162536445,107.69237889043518]]],[[[191.7830110005492,107.73607400809615],[191.78625548733254,107.72121250883129],[191.76508730271166,107.74527735789766],[191.7830110005492,107.73607400809615]]],[[[191.73540571975866,107.76132518609424],[192.01382964101316,107.42572734190801],[191.72275699247996,107.66541091021307],[191.73540571975866,107.76132518609424]]],[[[192.3667378302957,107.3248516878765],[192.36910852353714,107.30839097097274],[192.34874864996297,107.33999679743039],[192.3667378302957,107.3248516878765]]],[[[192.35629369876494,107.34306655458795],[192.34691859218594,107.343991248577],[192.35381012161395,107.35522453533196],[192.35629369876494,107.34306655458795]]],[[[191.9170636617539,107.6347919436809],[191.95559695523016,107.60896530634443],[192.00474514889615,107.47505070580506],[191.9170636617539,107.6347919436809]]],[[[192.51805091853063,107.2623343670084],[192.5849202152574,107.15467493494087],[192.4963155547231,107.24823440134776],[192.51805091853063,107.2623343670084]]],[[[192.32762630161358,107.39655242160269],[192.33770471798056,107.36911787271833],[192.31049109316024,107.42172673940868],[192.32762630161358,107.39655242160269]]],[[[192.4625127276541,107.31530716438593],[192.47326417618416,107.26135977050751],[192.4453201200875,107.3515379664307],[192.4625127276541,107.31530716438593]]],[[[192.24652198985575,107.51669727790548],[192.25402401669567,107.50331763153383],[192.2424500635363,107.51573910122269],[192.24652198985575,107.51669727790548]]],[[[192.24276321963006,107.5236302236991],[192.24226336664103,107.51880811473626],[192.23436314803013,107.53058733006782],[192.24276321963006,107.5236302236991]]],[[[192.23502291074792,107.53655256913305],[192.21905817048162,107.5516016122048],[192.22174779994003,107.55456940959522],[192.23502291074792,107.53655256913305]]],[[[192.21705183967842,107.56229298992056],[192.2177768203628,107.55474734672154],[192.20650961715995,107.57037055587327],[192.21705183967842,107.56229298992056]]],[[[192.2531656562704,107.5732918102857],[192.3699905048465,107.42465491179294],[192.43576570382038,107.27612272071907],[192.2531656562704,107.5732918102857]]],[[[192.13573742550403,107.66758680756121],[192.15405701107687,107.64457982868743],[192.07668874622914,107.70929053969826],[192.13573742550403,107.66758680756121]]],[[[192.2804144663603,107.57351997743248],[192.30265726332078,107.544820732907],[192.42345432534586,107.35110274192125],[192.2804144663603,107.57351997743248]]],[[[191.75689528121939,107.96105660689452],[191.7428023747619,107.9356500678879],[191.74156284826316,107.95498532235138],[191.75689528121939,107.96105660689452]]],[[[192.06258599936416,107.72949194156638],[191.9612482108276,107.83676061449788],[191.96705698513426,107.83356408450103],[192.06258599936416,107.72949194156638]]],[[[191.81235201044694,107.96728515927185],[191.78612966568966,107.97516083684556],[191.80000658977428,107.97737359928948],[191.81235201044694,107.96728515927185]]],[[[191.88747856329383,107.91520596440631],[191.95276509991527,107.84774393947212],[191.90723052378604,107.87867362814276],[191.88747856329383,107.91520596440631]]],[[[192.02852147652845,107.90259630742915],[192.0797603110023,107.84629559788873],[192.02560914829013,107.84580857466257],[192.02852147652845,107.90259630742915]]],[[[192.10685140698217,107.81521278909915],[192.12533323032505,107.77593338626264],[192.09959080951523,107.78260045895398],[192.10685140698217,107.81521278909915]]],[[[192.0037985207038,107.92166108058642],[191.9922635698874,107.91616789477331],[191.9940101540821,107.92309878504102],[192.0037985207038,107.92166108058642]]],[[[191.98194328491718,107.93707895104197],[191.98883377999744,107.91819451328269],[191.97064347269298,107.95241821123551],[191.98194328491718,107.93707895104197]]],[[[194.08961751382367,106.64202685034591],[194.11190855918008,106.60371389746724],[194.0792436560475,106.63202960338765],[194.08961751382367,106.64202685034591]]],[[[194.12025253901962,106.63807032240575],[194.0851539838557,106.70688828939916],[194.1286475328171,106.6916359468916],[194.12025253901962,106.63807032240575]]],[[[194.02037692743488,106.70729309352457],[194.15615730934044,106.41027936175081],[194.32173872051482,106.1415218790919],[194.37606297473087,106.08981321024841],[194.28174836041018,106.16404716645066],[194.11281424151963,106.4529014709116],[194.0228080286532,106.66825433667876],[194.13035984491606,106.42687937817753],[193.9631023950761,106.83543519256052],[194.02037692743488,106.70729309352457]]],[[[192.41941440926755,107.94438146461451],[192.36924462799706,107.59171126480015],[192.3360173004868,107.92312322093582],[192.41941440926755,107.94438146461451]]],[[[192.43189765833898,107.9919150596545],[192.48376750650328,107.92157279540481],[192.43432874150352,107.8699019859514],[192.43189765833898,107.9919150596545]]],[[[192.5465001523549,107.92746153456669],[192.56020458314345,107.85715402534254],[192.53595067443405,107.85747993740114],[192.5465001523549,107.92746153456669]]],[[[192.36974825752208,108.07662412898308],[192.4065167958978,108.00125187412361],[192.3960069616316,107.96564069223439],[192.36974825752208,108.07662412898308]]],[[[192.60332268258946,107.92243379641695],[192.61830059618467,107.89201848990342],[192.57635444923704,107.91933197626409],[192.60332268258946,107.92243379641695]]],[[[192.57328236028235,107.9276777462284],[192.5505320512365,107.93237729228457],[192.57278661067122,107.95425633641537],[192.57328236028235,107.9276777462284]]],[[[193.93121000809322,107.22758287572299],[193.85208952257966,107.21702821835201],[193.76897052965535,107.29884694660981],[193.93121000809322,107.22758287572299]]],[[[193.07969013022387,107.87891435416347],[193.13633438260842,107.78848104180167],[193.00225582940573,107.95043947818377],[193.07969013022387,107.87891435416347]]],[[[193.9823828469116,107.33282358179153],[193.8819895738595,107.30439490224342],[193.91312787098616,107.35080252732719],[193.9823828469116,107.33282358179153]]],[[[194.05907372249587,107.31362776143607],[194.0521140292123,107.29572549937109],[194.0439745826882,107.31379643041285],[194.05907372249587,107.31362776143607]]],[[[194.01333849179917,107.34562165561704],[194.04757113776353,107.2944337209013],[193.99657324611252,107.3519536905537],[194.01333849179917,107.34562165561704]]],[[[193.1162811206979,108.00109585535695],[193.1690529908075,107.90624539041119],[193.01533388712838,108.10583847483028],[193.1162811206979,108.00109585535695]]],[[[192.6251695170223,108.58809719533119],[192.6264728644961,108.52280712338235],[192.60184862439257,108.60616019506145],[192.6251695170223,108.58809719533119]]],[[[192.60645904147788,108.71392321611464],[192.82598569614277,108.33223852834467],[192.63110231300578,108.59840688250497],[192.60645904147788,108.71392321611464]]],[[[195.93726821809562,107.70970876701836],[195.94417354846345,107.69317083111864],[195.9211011304249,107.74224403641425],[195.93726821809562,107.70970876701836]]],[[[195.92676610051478,107.75712229176654],[195.93128420487625,107.77845361942002],[195.93794603465528,107.75909497496816],[195.92676610051478,107.75712229176654]]],[[[195.91208663671114,107.84589298626908],[195.92089459667642,107.80577976386333],[195.89641393113394,107.8191458225551],[195.91208663671114,107.84589298626908]]],[[[196.13959194673544,107.95318979593873],[196.2703565675103,107.83749000679354],[196.18866739257297,107.88580578768357],[196.13959194673544,107.95318979593873]]],[[[196.11886498241182,107.96551487145312],[196.1249921334731,107.94744907887305],[196.09129201849424,107.95592995106239],[196.11886498241182,107.96551487145312]]],[[[196.05729794620103,108.04947624477386],[196.07513864057512,108.02086970273791],[196.05692093987784,108.02540115242572],[196.05729794620103,108.04947624477386]]],[[[196.0175309674581,108.08032890776914],[196.05093229215117,108.03255937050136],[195.98084004481285,108.02714099884653],[196.0175309674581,108.08032890776914]]],[[[195.70501759473808,108.25101729447952],[195.71942958229096,108.21622808991164],[195.676179414799,108.2551089201208],[195.70501759473808,108.25101729447952]]],[[[195.74795114786886,108.22236180440053],[195.79146011679933,108.14375474051373],[195.75642893817442,108.14998645387749],[195.74795114786886,108.22236180440053]]],[[[195.4203288190367,108.4150362553114],[195.42122298910337,108.36822248445252],[195.34083289797027,108.43516908795222],[195.4203288190367,108.4150362553114]]],[[[196.08274698659545,108.11758411087659],[196.2023252936089,108.04856151104035],[196.26822058886208,107.84776123696084],[196.03384923878238,108.09381066822661],[196.08274698659545,108.11758411087659]]],[[[196.3918512964697,108.07740263997019],[196.36860324930365,108.08335035704205],[196.3787345345985,108.08271507183669],[196.3918512964697,108.07740263997019]]],[[[196.40403681167413,108.0718838723993],[196.41162423946463,108.05854475933003],[196.39714363305674,108.0766697149719],[196.40403681167413,108.0718838723993]]],[[[196.39291685468575,108.10209391819362],[196.41836643613644,108.06660065862799],[196.3796999901865,108.08743937651802],[196.39291685468575,108.10209391819362]]],[[[195.42865432601184,108.54328625213984],[195.40749234746752,108.45413308810868],[195.2700933291585,108.52794256516785],[195.42865432601184,108.54328625213984]]],[[[196.33060919814295,108.1505474429356],[196.35303861998844,108.1289390472714],[196.30070057138246,108.14083841505281],[196.33060919814295,108.1505474429356]]],[[[195.572278619165,108.52228101382696],[195.6074849953732,108.40450681048895],[195.6010475501392,108.33095425948737],[195.59857849958183,108.41038934348192],[195.5959762010819,108.32819239265878],[195.61677223525624,108.27161323427535],[195.41730038243858,108.32107423080127],[195.4692751587247,108.46779125734403],[195.53200438085324,108.31493071352274],[195.5127096836398,108.48393756726875],[195.59336947460022,108.3304910879993],[195.57008459210508,108.51002849818362],[195.4753327259712,108.47025876464313],[195.572278619165,108.52228101382696]]],[[[196.25454869349667,108.23816250410482],[196.29404874818968,108.17889042878149],[196.2363334698516,108.16552464772487],[196.25454869349667,108.23816250410482]]],[[[196.09711533721426,108.31592774799999],[196.18260073576005,108.07829281345002],[196.0324385511064,108.21627300272348],[196.10038911895592,108.18295780880926],[196.09711533721426,108.31592774799999]]],[[[195.38646402404493,108.64948348169227],[195.3886289217844,108.62750664780755],[195.34975205030125,108.66378291956677],[195.38646402404493,108.64948348169227]]],[[[195.3043244654535,108.7050709097824],[195.3266895227821,108.65924272576417],[195.27462835142433,108.72114607788264],[195.3043244654535,108.7050709097824]]],[[[195.9742018347896,108.46501214172542],[196.07700958686155,108.1971050585496],[196.00606890764826,108.26628248278895],[195.92296649800542,108.22500254138741],[195.96203710347805,108.04715712108727],[195.65434679807814,108.34193971122801],[195.61305367793008,108.5133815510218],[195.9742018347896,108.46501214172542]]],[[[195.50126117367546,108.78573786167603],[195.59508644150478,108.65791816844734],[195.5949851585812,108.64429304426999],[195.39209004416,108.61096108879218],[195.59284673117483,108.65226201824396],[195.43989794201872,108.79886648266158],[195.50126117367546,108.78573786167603]]],[[[195.59764261682517,108.883000275052],[195.75491774235837,108.62924533723563],[195.59359190119795,108.71729993804956],[195.59764261682517,108.883000275052]]],[[[195.4388433470919,109.07405456641848],[195.47268212335638,108.99100130617617],[195.30242844532523,109.12369760938712],[195.4388433470919,109.07405456641848]]],[[[195.43045191859713,109.20172682817031],[195.69465534636606,108.9043789620312],[195.7677503930564,108.66162029621286],[195.41753630649546,109.14815212631002],[195.43045191859713,109.20172682817031]]],[[[195.43054056466187,109.24407408731966],[195.6725575687926,108.95399849646886],[195.47802834294868,109.17336082566266],[195.43054056466187,109.24407408731966]]],[[[195.6600852674336,109.52256389946385],[195.64595276180177,109.4205903853703],[195.59630096301433,109.47617746560962],[195.6600852674336,109.52256389946385]]],[[[195.71302731631815,109.60437691291807],[195.67265855878892,109.61150210908858],[195.69122814010035,109.62746753179086],[195.71302731631815,109.60437691291807]]],[[[195.02446881070546,110.98028420963273],[194.97299520646652,110.96597990560915],[195.02992756951036,111.0118421625787],[195.02446881070546,110.98028420963273]]],[[[195.0704154686424,111.00808135145067],[195.04741762348527,110.97710091935531],[195.04017977553696,111.02335830392727],[195.0704154686424,111.00808135145067]]],[[[195.02669544502675,111.01966220918862],[194.95162560652057,110.97963785633672],[194.9658555233817,111.01927025784774],[195.02669544502675,111.01966220918862]]],[[[193.73367061595525,111.55052052477879],[193.75362859961274,111.53042210937238],[193.70715401045268,111.53932472983841],[193.73367061595525,111.55052052477879]]],[[[195.00116247853788,111.87328268678874],[194.95755602354103,111.87657392890188],[194.95571422874096,111.89979795575529],[195.00116247853788,111.87328268678874]]],[[[197.12672043731448,111.37305960481328],[197.11967386824512,111.35486752355342],[197.1024955448752,111.34308473672245],[197.12672043731448,111.37305960481328]]],[[[196.567508610888,112.03811915518025],[196.56107301532398,111.94896212179933],[196.55443354888052,112.0724508188215],[196.567508610888,112.03811915518025]]],[[[196.51142386054852,112.22276141465059],[196.51883038817962,112.18498235981414],[196.5006757392186,112.22787597726723],[196.51142386054852,112.22276141465059]]],[[[196.01902286932727,112.80244261301468],[196.01733934837853,112.76631014602017],[196.00753953902094,112.78099497618868],[196.01902286932727,112.80244261301468]]],[[[195.9798497578666,112.78638933959068],[195.97632147154235,112.77345213902946],[195.96697372210033,112.86874567184525],[195.9798497578666,112.78638933959068]]],[[[195.9683272346731,112.91517199786765],[195.92847665105967,112.89428004335929],[195.95467192657605,112.9633998516291],[195.9683272346731,112.91517199786765]]],[[[195.9704810961428,112.96474898594835],[195.95519058777512,112.96715484055667],[195.94849264535037,113.00420661966047],[195.9704810961428,112.96474898594835]]],[[[195.98610589223608,113.04339347276238],[196.0731073381182,112.96163192345284],[196.07679226704147,112.86918846866818],[195.98610589223608,113.04339347276238]]],[[[197.65548559863308,112.53317115120451],[197.68478871166334,112.51113886675017],[197.6353308549704,112.54255231154328],[197.65548559863308,112.53317115120451]]],[[[196.00904447654796,113.18137237776082],[196.04286265918833,113.130298101845],[195.9937021695756,113.1842858974314],[196.00904447654796,113.18137237776082]]],[[[195.9741525180562,113.23734727187788],[195.96535926947882,113.23531533846855],[195.94533649458634,113.2385180529881],[195.9741525180562,113.23734727187788]]],[[[195.75393488632628,113.40796633332559],[195.74932250712732,113.39186722219821],[195.75587255027452,113.43892321163602],[195.75393488632628,113.40796633332559]]],[[[197.92367998944064,112.75242618446747],[197.894291975452,112.76404469108684],[198.02816588813062,112.87793129821154],[197.92367998944064,112.75242618446747]]],[[[198.53102175289592,113.27812070956205],[198.71833829677888,113.18794770366239],[198.42261691388262,112.95235604513272],[198.21188107215312,112.95925161026223],[198.27275209779984,112.96491186370449],[198.1947980153444,112.99019366093164],[198.22758164674278,113.06152078728576],[198.317940474641,112.97607165766334],[198.53102175289592,113.27812070956205]]],[[[195.6366526376509,114.44029739950929],[195.62381144948043,114.43682049899189],[195.63176517983123,114.44875146081408],[195.6366526376509,114.44029739950929]]],[[[197.84608359130698,115.20180131584146],[197.8304217771933,115.20608951471074],[197.85042342559632,115.21673275413696],[197.84608359130698,115.20180131584146]]],[[[198.86524684963587,115.02764121038388],[198.79831281669925,115.01347481829825],[198.78815692346325,115.09710137272701],[198.86524684963587,115.02764121038388]]],[[[197.80169361926085,115.3534862131366],[197.7930831556662,115.33816524626388],[197.7427007223408,115.40428492763752],[197.80169361926085,115.3534862131366]]],[[[197.6768784577414,115.43352963380042],[197.78842338368386,115.29715510123002],[197.8023720458907,115.19799210970174],[197.6768784577414,115.43352963380042]]],[[[198.10120062700355,115.3765788244765],[198.10561511005415,115.36758210685781],[198.0969097584994,115.36911693661693],[198.10120062700355,115.3765788244765]]],[[[198.0816574743592,115.3749043433271],[198.09766163167944,115.36417314644576],[198.0656287786009,115.38032773701846],[198.0816574743592,115.3749043433271]]],[[[198.75324659555105,118.96382085392774],[198.6652491636604,118.92366946271329],[198.65641025710005,118.96292487508384],[198.75324659555105,118.96382085392774]]],[[[198.93973458640676,119.04084495337148],[198.94211649860205,119.10799616729261],[198.97369350699398,119.05556843504593],[198.93973458640676,119.04084495337148]]],[[[199.03418144951397,119.22983033295222],[199.07090557231405,119.12576713500866],[198.96238321380298,119.12461265972198],[199.0503406777116,119.13320467865216],[199.03418144951397,119.22983033295222]]],[[[196.75295678216605,122.78689216530958],[196.76013622236772,122.77001786201211],[196.72963199543983,122.77772002809505],[196.75295678216605,122.78689216530958]]],[[[199.47952175539197,122.73987200316326],[199.579130624338,122.65035252066261],[199.46035907927185,122.70875888395538],[199.47952175539197,122.73987200316326]]],[[[198.41616123644502,125.34142651465947],[198.5216946409065,125.10625875736132],[198.36476266456495,125.08904993307206],[198.22488845814723,124.65142718614615],[197.99022228319507,124.59883843596356],[197.9483962303273,124.44354005360717],[198.00741459049178,124.39925154109629],[198.25122503386007,124.37719178728597],[198.25983557766318,124.25634385236819],[197.40823382104782,124.68904448891969],[197.63405655032673,124.72548343705597],[197.8629467204743,124.98334992023979],[197.81907374452123,125.04170890779294],[198.04469017631854,125.04255789067693],[198.41616123644502,125.34142651465947]]],[[[199.5056021363211,125.91421511208739],[199.49655047528563,125.90514410347245],[199.48782997710555,125.96407740634231],[199.5056021363211,125.91421511208739]]],[[[195.92793582785967,127.61351997432664],[195.88654885578256,127.62875133178417],[195.9004657249671,127.63444242435632],[195.92793582785967,127.61351997432664]]],[[[195.8190783130845,127.68519153145932],[195.83255559904075,127.68096885416625],[195.82423655771683,127.68212680568638],[195.8190783130845,127.68519153145932]]],[[[173.53292405396277,130.84249376642146],[173.46220177655854,130.856238940002],[173.4772484498865,130.9056280081198],[173.53292405396277,130.84249376642146]]],[[[173.5274370270829,130.8718864426977],[173.5535356319815,130.8404908704211],[173.48520040849937,130.90646714520597],[173.5274370270829,130.8718864426977]]],[[[183.57718763011653,134.0034953838722],[183.5913093548503,133.96107137897778],[183.55887371098663,133.9804257826886],[183.57718763011653,134.0034953838722]]],[[[183.65585875026153,133.99559196546198],[183.64602475971896,133.99164046453083],[183.64671831543131,134.00016395845537],[183.65585875026153,133.99559196546198]]],[[[183.49576049745426,134.0077539183452],[183.48767860685098,133.97037382139797],[183.38256303624982,133.95962320323287],[183.49576049745426,134.0077539183452]]],[[[183.72191311643655,134.02451910934548],[183.7330179123372,133.94880552072618],[183.6551730409691,133.94296465083823],[183.72191311643655,134.02451910934548]]],[[[181.19293721814012,134.15212499855556],[181.2086727910359,134.15109190292807],[181.18763443322848,134.15212584756165],[181.19293721814012,134.15212499855556]]],[[[183.69289496699201,134.030205471814],[183.6822944224193,134.02143936818499],[183.68489024765682,134.03703272545167],[183.69289496699201,134.030205471814]]],[[[181.22433632952666,134.15554660614765],[181.21683586928194,134.1514459919181],[181.23596620834826,134.16605699160937],[181.22433632952666,134.15554660614765]]],[[[183.5747243207333,134.04528107327306],[183.64839348327146,134.0242273790626],[183.60860725367746,133.9924431959905],[183.5747243207333,134.04528107327306]]],[[[183.57718763011653,134.0034953838722],[183.49136177698205,133.96792512037317],[183.55310403201275,134.0144851262262],[183.57718763011653,134.0034953838722]]],[[[181.19496439589324,134.15744220008932],[181.1934898458482,134.15300542098373],[181.18920797727912,134.17780863386488],[181.19496439589324,134.15744220008932]]],[[[181.18146357393124,134.18195287771752],[181.1828073524031,134.17628454177483],[181.17019489019856,134.18521100376196],[181.18146357393124,134.18195287771752]]],[[[183.36593437134212,134.05875447246183],[183.38386195960186,134.05626104858607],[183.3846307588467,134.0060626676193],[183.36593437134212,134.05875447246183]]],[[[185.96570250298976,133.92998622417272],[185.99196136481945,133.9279530744582],[185.94768897956618,133.9158890670506],[185.96570250298976,133.92998622417272]]],[[[179.20145892076403,134.31755140961204],[179.2022016817312,134.30883225445166],[179.16607581305988,134.31924576922364],[179.20145892076403,134.31755140961204]]],[[[185.74340368011798,133.95733619749893],[185.77791661147532,133.93396423346047],[185.73634677628075,133.94813446570276],[185.74340368011798,133.95733619749893]]],[[[185.88254746351097,133.9478263830111],[185.92208781539009,133.87983885101488],[185.85956045262452,133.9179471951578],[185.88254746351097,133.9478263830111]]],[[[181.29811102511894,134.18302101402355],[181.2787944381293,134.17831567315332],[181.28503505089742,134.18689179120682],[181.29811102511894,134.18302101402355]]],[[[184.00598463095756,134.02080833000383],[184.055432692205,133.93128089921697],[183.95044282492876,133.98448321919392],[184.00598463095756,134.02080833000383]]],[[[185.19811445440982,133.98178547311244],[185.2127314472002,133.92867172145498],[185.14126845252582,133.97909471935972],[185.19811445440982,133.98178547311244]]],[[[185.87850238967505,133.96128433332916],[185.8371560189627,133.96550531318286],[185.8602828341543,133.98046366313793],[185.87850238967505,133.96128433332916]]],[[[181.3694027724405,134.19946894995581],[181.34620207560084,134.19970675687478],[181.34603895780708,134.2263307447379],[181.3694027724405,134.19946894995581]]],[[[185.75443880572777,133.99897809497259],[185.7695927352271,133.9894894022241],[185.7905427027229,133.96937421973382],[185.75443880572777,133.99897809497259]]],[[[181.25404488363142,134.21260622707473],[181.20851051439692,134.17372724836625],[181.17876780517872,134.18889438461562],[181.25404488363142,134.21260622707473]]],[[[181.2136943822321,134.21681642791015],[181.1983325455497,134.20883410469523],[181.2012520357425,134.2254938301924],[181.2136943822321,134.21681642791015]]],[[[179.9441132418042,134.3119485911124],[179.93007489496242,134.28444654906968],[179.9153044760817,134.31088476698255],[179.9441132418042,134.3119485911124]]],[[[181.21488642147696,134.24367412839496],[181.2032965352032,134.23262673581164],[181.20638883361218,134.24485624363322],[181.21488642147696,134.24367412839496]]],[[[179.20145892076403,134.31755140961204],[179.1578042348125,134.3209542841268],[179.2143933336208,134.3744127357096],[179.20145892076403,134.31755140961204]]],[[[179.72913135742914,134.3236835513191],[179.696362308535,134.3209633553774],[179.69724759913962,134.33667202623297],[179.72913135742914,134.3236835513191]]],[[[185.37616680477475,134.01204276404314],[185.3811104023766,133.97017762429508],[185.32361427080315,133.9801431051045],[185.37616680477475,134.01204276404314]]],[[[183.39617017436996,134.14004091945097],[183.41735612636867,134.12838723384465],[183.389167739332,134.12440250925448],[183.39617017436996,134.14004091945097]]],[[[185.34114567719342,134.02176790969042],[185.31035960640017,134.00682771370174],[185.3392192285204,134.03903618684538],[185.34114567719342,134.02176790969042]]],[[[183.74724407409167,134.09878449351035],[183.78029296721888,134.08361433073514],[183.70918299352468,134.01846246609256],[183.74724407409167,134.09878449351035]]],[[[179.93304766592232,134.32510354421743],[179.9657706878573,134.30832106814515],[179.92627997059515,134.31625613648697],[179.93304766592232,134.32510354421743]]],[[[179.7678935921578,134.33820871473017],[179.7530378006851,134.31702145319838],[179.7237253891894,134.33556480000402],[179.7678935921578,134.33820871473017]]],[[[183.43206206189382,134.14668980785035],[183.44793400761137,134.14499364809444],[183.4353991072485,134.13235429008094],[183.43206206189382,134.14668980785035]]],[[[180.16610780367978,134.3206745905934],[180.1647276805028,134.31224504093194],[180.15875215283648,134.3208050903202],[180.16610780367978,134.3206745905934]]],[[[181.3092096323169,134.25904899020165],[181.31481563540825,134.19712873267315],[181.2831014645227,134.24040065889636],[181.3092096323169,134.25904899020165]]],[[[183.4188653048915,134.15332741540718],[183.38153507572468,134.14574683472705],[183.35291296222061,134.14026850378468],[183.4188653048915,134.15332741540718]]],[[[183.69838761185525,134.1369176272381],[183.70879632918212,134.11999791424327],[183.67157511919822,134.11606757597087],[183.69838761185525,134.1369176272381]]],[[[181.4373493972795,134.2609364279785],[181.42419610059142,134.22608810112607],[181.42311352135346,134.24077816160917],[181.4373493972795,134.2609364279785]]],[[[180.15586910694094,134.32668853027172],[180.1499027852973,134.32162174946563],[180.1363696774473,134.33087332146198],[180.15586910694094,134.32668853027172]]],[[[183.4438571607994,134.10887951095575],[183.48602815000606,134.15736687458127],[183.46230108603487,134.06307674318543],[183.4438571607994,134.10887951095575]]],[[[180.17265134833875,134.33431492626954],[180.16959255941913,134.32284912718313],[180.1568459103141,134.3243128859464],[180.17265134833875,134.33431492626954]]],[[[180.1635980476036,134.33994293372848],[180.15578534907166,134.32959319195635],[180.1508550722769,134.33634235574192],[180.1635980476036,134.33994293372848]]],[[[183.4438571607994,134.10887951095575],[183.3337240927733,134.0761431407666],[183.3000337095406,133.9863843393013],[183.32470678447203,134.17549267739105],[183.32609787388057,134.10917768577264],[183.4438571607994,134.10887951095575]]],[[[179.22902394214165,134.32970837423935],[179.28406256807025,134.40145973494742],[179.2892497093723,134.3289964565646],[179.22902394214165,134.32970837423935]]],[[[183.49831059137873,134.17160015857567],[183.50191053930538,134.14918629828304],[183.48878844865138,134.15876238389814],[183.49831059137873,134.17160015857567]]],[[[179.9577751693178,134.34577851251936],[179.99218734131486,134.33209833272997],[179.90702078230072,134.36285041168483],[179.9577751693178,134.34577851251936]]],[[[180.21060939185193,134.32488432275372],[180.21397091605036,134.28872748709688],[180.17924712219863,134.33888384071946],[180.21060939185193,134.32488432275372]]],[[[181.23872711785845,134.2977716877527],[181.21452226453755,134.2533147054089],[181.21376988497337,134.2970590576821],[181.23872711785845,134.2977716877527]]],[[[181.31772882339507,134.2947632814307],[181.3120059326152,134.28439481301774],[181.29815978205858,134.28641976762682],[181.31772882339507,134.2947632814307]]],[[[185.02482137125725,134.0954908729715],[185.28587183326368,133.99897176014602],[185.22491647107012,133.93754989590263],[185.19382886049155,133.99654018741134],[184.9995433064704,134.00477620154746],[185.08711899660426,134.03228789865466],[184.99439893487994,134.02700593287005],[185.02482137125725,134.0954908729715]]],[[[185.68313866476217,134.03301813361668],[185.84449803867534,133.9338170099345],[185.69789431516057,133.9935813053873],[185.68313866476217,134.03301813361668]]],[[[183.40591694096875,134.17808965987425],[183.40316699962773,134.16637033716526],[183.37599716136572,134.17863665246526],[183.40591694096875,134.17808965987425]]],[[[181.44038493500904,134.29303288122142],[181.43141593292214,134.26312158883638],[181.42945525059542,134.29347925889945],[181.44038493500904,134.29303288122142]]],[[[183.53768248571834,134.17563022140357],[183.5599690399829,134.1521930932617],[183.51975538284256,134.1460216903646],[183.53768248571834,134.17563022140357]]],[[[181.358923118689,134.29194847937927],[181.31875431502039,134.28826037474306],[181.32171329736053,134.30039089085378],[181.358923118689,134.29194847937927]]],[[[183.54561656230086,134.17938698444635],[183.5265466634044,134.18726932753668],[183.5559169752586,134.1881525122804],[183.54561656230086,134.17938698444635]]],[[[180.36065154556576,134.32865298011885],[180.3390946593028,134.3209074487911],[180.38504921248833,134.3526519973295],[180.36065154556576,134.32865298011885]]],[[[181.51448551120532,134.30395208847452],[181.48755835123464,134.29110050347012],[181.52847813651408,134.31281310751862],[181.51448551120532,134.30395208847452]]],[[[181.39691015093064,134.32222676195002],[181.37598358384955,134.20283161546868],[181.308942988192,134.2651261017094],[181.23547671270813,134.2435916040974],[181.39121094852445,134.29835395010292],[181.39691015093064,134.32222676195002]]],[[[180.18459321382056,134.3839404733856],[180.19610797138347,134.3598168759809],[180.13839270487688,134.3548033899268],[180.18459321382056,134.3839404733856]]],[[[183.43397043018044,134.196007314492],[183.40547688391513,134.21175303350384],[183.43263134963854,134.21864772413608],[183.43397043018044,134.196007314492]]],[[[180.201466331892,134.3748534354438],[180.19541683580002,134.38933211311803],[180.21612676383666,134.38663039940565],[180.201466331892,134.3748534354438]]],[[[183.4405916180491,134.22270312749956],[183.4390142969843,134.17725396115887],[183.43950901885088,134.19298097813126],[183.4405916180491,134.22270312749956]]],[[[183.4628883941738,134.22167289219098],[183.45645030888656,134.21996342816115],[183.44575940300444,134.22315581779236],[183.4628883941738,134.22167289219098]]],[[[183.49617111157693,134.2197744052028],[183.4872784532082,134.16500158181478],[183.45076950136925,134.13554497227213],[183.49617111157693,134.2197744052028]]],[[[183.43497280751149,134.22323221449753],[183.43748655444764,134.21771209737244],[183.4240927165552,134.22101810269137],[183.43497280751149,134.22323221449753]]],[[[183.45239040838788,134.22496448576783],[183.43208849002525,134.22966012769587],[183.44603253925283,134.2323068464074],[183.45239040838788,134.22496448576783]]],[[[183.43144187274888,134.23478363882577],[183.41476580762173,134.21759473199933],[183.41688022530028,134.23244251843084],[183.43144187274888,134.23478363882577]]],[[[184.52319729525357,134.17813041584475],[184.68128875491817,134.0295778031853],[184.76038580374987,134.06846871529154],[184.76997739671415,133.9783781010168],[184.64757830870744,134.01153125396976],[184.75282318950218,133.9319681201321],[184.6119044228942,134.01846197897572],[184.50905921043136,134.0697523722231],[184.58750703518106,134.0506604855242],[184.41196223201956,134.10579552290142],[184.52319729525357,134.17813041584475]]],[[[183.49238891935653,134.226977248679],[183.4720567720369,134.2276115916985],[183.48702600061267,134.23028369953627],[183.49238891935653,134.226977248679]]],[[[183.60088966758275,134.21715470224336],[183.60781133799333,134.19123548874057],[183.6785968571674,134.1480145033462],[183.60616831709163,134.20742377134016],[183.710496657619,134.20033827861232],[183.66745862344814,134.11568774823914],[183.66414356305253,134.0524740169156],[183.51340080835232,134.10909777223083],[183.64198259357616,134.10469812634972],[183.54858875592316,134.2293719668717],[183.60088966758275,134.21715470224336]]],[[[184.2032523796039,134.17252786877205],[184.36744277060956,134.15727975334346],[184.15173997495208,134.0715333117951],[184.08960711724663,134.09944268498464],[184.1142131733418,133.99661910566508],[184.04174282460303,134.0935371083751],[184.2032523796039,134.17252786877205]]],[[[185.87157577596267,134.1110000001465],[185.89305155385637,134.10273923444186],[185.87118995927747,134.09291378520263],[185.87157577596267,134.1110000001465]]],[[[183.5231353446204,134.23592574424532],[183.49436866626553,134.23498307419675],[183.4463025365551,134.23422298690122],[183.5231353446204,134.23592574424532]]],[[[180.96311942763072,134.37021073234865],[180.94859864070892,134.37169192580177],[180.95187020268082,134.3765209458755],[180.96311942763072,134.37021073234865]]],[[[180.2263653747679,134.4138308925602],[180.1987441182358,134.40504679342558],[180.20560769791692,134.42242853658774],[180.2263653747679,134.4138308925602]]],[[[184.2499549458011,134.20502225723158],[184.2117579114928,134.1970501755798],[184.24344237290305,134.210093544696],[184.2499549458011,134.20502225723158]]],[[[180.24421365089142,134.4161800752588],[180.2729325176396,134.4082820292417],[180.2474125688191,134.39830235910557],[180.24421365089142,134.4161800752588]]],[[[185.60069716148433,134.14060613597766],[185.65805173661101,134.03274705724206],[185.48877171327746,134.0551916930388],[185.34403556353996,134.04412947069224],[185.60069716148433,134.14060613597766]]],[[[181.18888294754575,134.34039005041348],[181.16486810453637,134.36388582804292],[181.20445742339385,134.36527623136158],[181.18888294754575,134.34039005041348]]],[[[181.61186499999607,134.34465305761316],[181.59431971293833,134.33643110987626],[181.5478148371993,134.32907384380394],[181.61186499999607,134.34465305761316]]],[[[183.63196378102222,134.2405183964622],[183.6122873688263,134.2237762075484],[183.53193897152562,134.25036836810736],[183.63196378102222,134.2405183964622]]],[[[184.27822835172316,134.2170783946624],[184.39492186186897,134.17855915594444],[184.25702446317874,134.18342516123317],[184.27822835172316,134.2170783946624]]],[[[183.6864391963448,134.23278455508634],[183.63455914648,134.24339186370258],[183.68447900863285,134.2483525955639],[183.6864391963448,134.23278455508634]]],[[[186.067573135259,134.12472363812438],[186.0973643921488,134.0865253628782],[186.04814595494813,134.10060381587016],[186.067573135259,134.12472363812438]]],[[[183.46239003174793,134.2644813617644],[183.50166376837012,134.24007355097467],[183.4543999444818,134.2404573025444],[183.46239003174793,134.2644813617644]]],[[[186.05075341017118,134.11907390728592],[186.04064213455734,134.0924112045399],[186.14697242322165,134.07350176522186],[186.1962202990038,133.98470622277355],[186.20858835302806,134.08332087934608],[186.2168742987639,133.86687241938307],[186.1840437183759,133.92219925716952],[186.1092442270138,134.01165383842658],[186.01802104780387,133.98029387783373],[186.1593721708535,133.9506392092511],[185.91257780215108,133.9503047993143],[185.97609815261384,134.03374340407373],[185.7711785629903,133.99340391890243],[185.76209207239202,134.06588705703945],[185.83733076310438,134.01657839634382],[185.7635531816521,134.068747665724],[185.70037106281595,134.12460877990944],[185.93266204916793,134.06393565562905],[186.05075341017118,134.11907390728592]]],[[[180.7522017658236,134.40021489193762],[180.71837003798353,134.4042212111046],[180.74528647138646,134.41008216191565],[180.7522017658236,134.40021489193762]]],[[[186.1339260801214,134.09740863920587],[186.12062956339838,134.09733819398386],[186.12751720407005,134.12883908633103],[186.1339260801214,134.09740863920587]]],[[[181.45055919394608,134.3701186772842],[181.4607881839104,134.34507477397148],[181.4318596292454,134.36898823560992],[181.45055919394608,134.3701186772842]]],[[[180.77170294161576,134.3936284353437],[180.75647219997455,134.39871446473583],[180.7658123568182,134.41079642045202],[180.77170294161576,134.3936284353437]]],[[[186.11142898578225,134.11325671280747],[186.09842887747033,134.1132953920365],[186.118488899287,134.13139225550285],[186.11142898578225,134.11325671280747]]],[[[180.7209358125207,134.41572244356254],[180.71589853320523,134.4058553492097],[180.69600584121707,134.4104552018423],[180.7209358125207,134.41572244356254]]],[[[186.08526268897288,134.13504860132437],[186.09392290238614,134.11371831869124],[186.07782327675727,134.1251266279474],[186.08526268897288,134.13504860132437]]],[[[186.1151759119438,134.1310118045256],[186.09517428650184,134.11474136060605],[186.08527691788817,134.13727267034542],[186.1151759119438,134.1310118045256]]],[[[186.0830955497749,134.13603670742017],[186.05632233658736,134.11819675129854],[186.03245942505262,134.13437165337882],[186.0830955497749,134.13603670742017]]],[[[180.89461275706384,134.40824122864177],[180.87341215014888,134.37833428481508],[180.88344509107904,134.40396514093177],[180.89461275706384,134.40824122864177]]],[[[184.3692273064608,134.23616933531852],[184.34531261071857,134.2115719121168],[184.26369889070332,134.2190980492068],[184.3692273064608,134.23616933531852]]],[[[180.7326769187192,134.4283596641785],[180.69466701749639,134.41303939816365],[180.6821300173239,134.4288943488491],[180.7326769187192,134.4283596641785]]],[[[180.7814968127626,134.42948085161552],[180.87233964569108,134.37591461215555],[180.77828808828588,134.3988240333598],[180.7814968127626,134.42948085161552]]],[[[181.1142148144308,134.41921295545646],[181.09716640458743,134.41287019987806],[181.07824562132106,134.41544227697457],[181.1142148144308,134.41921295545646]]],[[[181.08351505192536,134.42599262794192],[181.06416380464918,134.41868664811642],[181.05794155398956,134.4218311828063],[181.08351505192536,134.42599262794192]]],[[[186.46415285729617,134.13907621241788],[186.40638582591112,134.13956214202258],[186.47298440769865,134.1425180428744],[186.46415285729617,134.13907621241788]]],[[[180.67036763266057,134.4434833198649],[180.67848211232302,134.41409562475226],[180.66237870042158,134.42366040615312],[180.67036763266057,134.4434833198649]]],[[[180.76122740078017,134.441226176427],[180.73503467130186,134.42927814282433],[180.75139290862995,134.44688090953818],[180.76122740078017,134.441226176427]]],[[[180.9910546502856,134.4391477636314],[181.08273698483367,134.38980096090754],[180.9652047222473,134.39494025324817],[180.9910546502856,134.4391477636314]]],[[[180.94925357517434,134.44021986401017],[180.90388367716088,134.4109420990876],[180.9488390927189,134.44698615025447],[180.94925357517434,134.44021986401017]]],[[[181.0160391073664,134.44584020418085],[181.01967299298192,134.43192790574867],[180.98601641791325,134.4439482697037],[181.0160391073664,134.44584020418085]]],[[[180.79404221502682,134.44860167065784],[180.77994649326362,134.43447833309773],[180.7532379171138,134.44831928559688],[180.79404221502682,134.44860167065784]]],[[[186.73915263718732,134.08933492148287],[186.702534298991,134.07158572299795],[186.4650944217314,134.14871867610114],[186.73915263718732,134.08933492148287]]],[[[181.1047895298593,134.44945005002882],[181.05915431313113,134.42274449221486],[181.08107053179057,134.4377329308548],[181.1047895298593,134.44945005002882]]],[[[180.65830541361436,134.46183192431616],[180.65653680331013,134.4310738875478],[180.65361538630884,134.47466428117306],[180.65830541361436,134.46183192431616]]],[[[184.03979285689252,134.28909744591493],[184.24472940322013,134.22276625502923],[184.04009031072403,134.21186235475747],[183.9778172849638,134.13516615151957],[184.15641711770712,134.18708502787763],[183.86985822711088,133.99088313022145],[183.85552349463305,134.07126826568177],[183.82413472327826,133.9996364888747],[183.87961516090408,134.1288171133146],[183.6995056400943,134.14085683821008],[183.78779748798365,134.21337597824441],[183.9097113749084,134.13586002842175],[184.03979285689252,134.28909744591493]]],[[[181.20192569176282,134.45996091060846],[181.32358911585243,134.4508865913721],[181.17894733861178,134.4433581917927],[181.20192569176282,134.45996091060846]]],[[[181.14789589369735,134.46363610992725],[181.0960988677282,134.4315551116743],[181.1112046208511,134.4508352243832],[181.14789589369735,134.46363610992725]]],[[[181.15922730903287,134.4674850090078],[181.15237415414828,134.42860655191845],[181.1399618162123,134.44709697461812],[181.15922730903287,134.4674850090078]]],[[[186.38288984700858,134.19888983000808],[186.37591443814097,134.19460578060313],[186.3697247518635,134.20120528023403],[186.38288984700858,134.19888983000808]]],[[[183.96048141288793,134.31688583145194],[183.94925795296555,134.246314215363],[183.98419974998671,134.30381558078017],[183.91298857227088,134.18484731248515],[183.96048141288793,134.31688583145194]]],[[[186.2453927580089,134.21456867855065],[186.34807033435737,134.14934926303317],[186.22037048468533,134.2117095419377],[186.2453927580089,134.21456867855065]]],[[[180.71830284260832,134.5158734054316],[180.70522389079204,134.51144155814617],[180.7097589673528,134.52262345901656],[180.71830284260832,134.5158734054316]]],[[[181.0549055732035,134.51933564645483],[181.07691810193106,134.50564054005548],[181.01794428474338,134.51944272448443],[181.0549055732035,134.51933564645483]]],[[[181.01506378523842,134.51794226535694],[181.18704759653014,134.47224285819593],[180.70856426450007,134.45230948198673],[180.6643562643718,134.5068933452213],[180.8645947289797,134.47558416840457],[181.01506378523842,134.51794226535694]]],[[[180.76738904431505,134.5298626504409],[180.80776347247888,134.50095636658094],[180.7545936696907,134.52888129768053],[180.76738904431505,134.5298626504409]]],[[[180.74382706654225,134.524351643741],[180.73964223409058,134.51789589672904],[180.74590905503555,134.53640621238918],[180.74382706654225,134.524351643741]]],[[[180.74051121640252,134.529060424163],[180.72925373880454,134.53165855456515],[180.74045327937714,134.53941761172962],[180.74051121640252,134.529060424163]]],[[[180.72522118965875,134.5304191242099],[180.66709231016267,134.51478689262433],[180.70509431833463,134.52933321255736],[180.72522118965875,134.5304191242099]]],[[[186.06157687463536,134.26243245031773],[186.06080618093452,134.2546537314796],[186.04945897468588,134.2590103829824],[186.06157687463536,134.26243245031773]]],[[[185.78587326636503,134.27788758966602],[185.77276424813297,134.27181779509172],[185.77575143376268,134.28362424269835],[185.78587326636503,134.27788758966602]]],[[[180.82270897384552,134.54999104525197],[180.8187387048403,134.51991788965822],[180.78408185726778,134.54437106451363],[180.82270897384552,134.54999104525197]]],[[[180.89475340513616,134.54535867592395],[180.89468655169463,134.51547653908997],[180.87381827371,134.5141503169388],[180.89475340513616,134.54535867592395]]],[[[181.2577599031302,134.52763387664695],[181.26832992125503,134.51253497114914],[181.24882255951007,134.52354081941476],[181.2577599031302,134.52763387664695]]],[[[181.2794203305169,134.511858285218],[181.31827868847802,134.50862147272787],[181.28123543730555,134.50422908898292],[181.2794203305169,134.511858285218]]],[[[181.0542874738303,134.53251766595116],[181.04471973430378,134.53085610049104],[181.04827386473335,134.53864682505954],[181.0542874738303,134.53251766595116]]],[[[180.9386977050646,134.53994151879644],[180.90974864678694,134.52082790480122],[180.90705412173295,134.5420981634037],[180.9386977050646,134.53994151879644]]],[[[180.8310797118592,134.55239017667006],[180.8423077933874,134.5481509415603],[180.82793055292572,134.5277627565851],[180.8310797118592,134.55239017667006]]],[[[181.07041281356314,134.53520852739936],[181.05049555697806,134.53701878601126],[181.05857224401404,134.5369913043502],[181.07041281356314,134.53520852739936]]],[[[180.90492801231198,134.53754071094755],[180.90472211796774,134.54737181576752],[180.90704707956212,134.54343589660797],[180.90492801231198,134.53754071094755]]],[[[180.86432460563495,134.5452518544738],[180.83006338851533,134.52442995039326],[180.85454862590134,134.55207381855996],[180.86432460563495,134.5452518544738]]],[[[180.9387450627602,134.55091648114333],[180.94220385747275,134.54425845109122],[180.92737324279662,134.54841862818176],[180.9387450627602,134.55091648114333]]],[[[180.87231703149737,134.546696118132],[180.85718502417168,134.55339569977517],[180.86726695867148,134.5547284518492],[180.87231703149737,134.546696118132]]],[[[181.29451435141365,134.5276318093679],[181.32799165940435,134.51251786089927],[181.3092558681871,134.51284989419156],[181.29451435141365,134.5276318093679]]],[[[180.90881913957656,134.55462291116805],[180.9157531350137,134.54942236743454],[180.89722589866693,134.5503923509812],[180.90881913957656,134.55462291116805]]],[[[180.81764984740914,134.56151246176083],[180.82784860625677,134.55660611747166],[180.77829444387683,134.5509814539703],[180.81764984740914,134.56151246176083]]],[[[185.74807075256572,134.29618233138615],[185.71021867281536,134.24129247839002],[185.70078155568115,134.27036459795687],[185.74807075256572,134.29618233138615]]],[[[180.9624166950323,134.55349135528405],[180.97050753808668,134.53906687597487],[180.9397161831469,134.52988404884857],[180.9624166950323,134.55349135528405]]],[[[185.7738209599384,134.2816179632347],[185.7416906978653,134.2534703735944],[185.76407993160598,134.30836889401968],[185.7738209599384,134.2816179632347]]],[[[180.99453715393108,134.55601926129611],[180.9826631417377,134.52984853570945],[180.98195431666218,134.5446307633054],[180.99453715393108,134.55601926129611]]],[[[181.2877727652162,134.5371504207126],[181.2867869347644,134.5345669950643],[181.2732109799831,134.54447598219753],[181.2877727652162,134.5371504207126]]],[[[181.15005616368992,134.5512958579055],[181.23386245089256,134.51872045873122],[181.15223699939966,134.52764535546908],[181.2760081163951,134.48403549993336],[181.15258333715437,134.50152794488758],[181.15005616368992,134.5512958579055]]],[[[180.9117283735525,134.56271419467905],[180.91342366067406,134.55380041120887],[180.908044002842,134.55508212443485],[180.9117283735525,134.56271419467905]]],[[[181.02030059147563,134.56188017046298],[180.98746739480814,134.53158085702452],[180.99967205856763,134.56049490772537],[181.02030059147563,134.56188017046298]]],[[[181.15771300466704,134.5663703487968],[181.1083600334569,134.53168681581332],[181.10370542841514,134.53481440819016],[181.15771300466704,134.5663703487968]]],[[[181.27905856733165,134.54940269739495],[181.26234849185332,134.54674246405705],[181.257525698305,134.56894975059308],[181.27905856733165,134.54940269739495]]],[[[181.16024059367055,134.57251281739852],[181.0122798984092,134.53820555949815],[181.10451718003645,134.57370919734012],[181.16024059367055,134.57251281739852]]],[[[181.25938267658694,134.55880542174293],[181.261589988134,134.54557280163874],[181.25451360335032,134.53159661977224],[181.25938267658694,134.55880542174293]]],[[[186.06005392384873,134.30984082588478],[186.05822219083822,134.2996184421393],[186.0279533956104,134.32534534323537],[186.06005392384873,134.30984082588478]]],[[[183.74953042696984,134.42113773428775],[183.7084152408915,134.3310356479203],[183.86427433024005,134.26291311163996],[183.93600093354107,134.32305916221475],[183.87783218207767,134.16890179489653],[183.77360168880003,134.2309881671084],[183.68632590857123,134.2477768119271],[183.76480020986116,134.25181448089774],[183.69013770326467,134.25952162942497],[183.686269816781,134.32453928571294],[183.64693782023627,134.26794419683839],[183.5619203443881,134.4106078846424],[183.6355088435613,134.2591308177259],[183.55565683731544,134.3319885040724],[183.54604235976868,134.2586361521646],[183.5483211215245,134.32788573190953],[183.5315375338672,134.27110053209321],[183.48884408257234,134.32739901070926],[183.52139902672863,134.24466103327424],[183.44813244078995,134.2693838014189],[183.3448770139476,134.19492618112096],[183.55852324825304,134.5109830464566],[183.74953042696984,134.42113773428775]]],[[[185.83105975824998,134.43988523630424],[187.05381045932003,134.02650065396898],[188.07847960382279,133.66954745925128],[190.2131665789696,133.33377463436338],[191.04770006116536,133.09007186571],[191.76909424036393,132.711432357465],[192.95734871894652,132.10973918276585],[195.41459671199823,130.27979393856745],[196.30137388284317,129.81886120232156],[197.80246468197996,128.8113027903102],[198.6293212545363,128.12131971591901],[199.02483256353426,127.4683555507778],[199.9966578724528,126.14625030109616],[200.09202760210033,125.23476080699635],[200.21928382016506,125.16756130888697],[200.11624035409983,125.17554146476515],[200.12193338524725,125.0653713561294],[200.2306576052553,125.04297571201077],[200.0849791576813,125.01654734505976],[199.68059723042973,125.85976994798685],[199.68201272873046,126.07758736213786],[199.5454174675212,126.21884613443524],[199.33852808683662,126.2254083601182],[199.08118997047964,126.03199688838274],[198.95711542886835,126.15191425914466],[198.31319315604213,126.2213085136715],[197.65103336115345,126.21136735393739],[197.6018964024328,126.06777577944897],[197.39067203799027,126.06928790508815],[197.20940341553336,126.28116707974775],[197.14123877246482,126.3258826370201],[196.7275482655089,126.32945893993342],[196.72999064129564,126.50566282792306],[196.52180612907546,126.543202926645],[196.500760421059,126.84449639974008],[196.44065274744335,127.00733766546642],[196.4047284462864,126.95322237139723],[196.15955525543052,127.26618877693664],[196.23268756507167,127.27116540000875],[196.02973346434612,127.3991309941776],[196.1647157197459,127.54989495187797],[196.44918838253304,127.56405798208237],[196.6069861485276,127.75968283616812],[197.33428081221655,127.90686031167021],[197.26456325933282,127.9525651003722],[197.46197309663415,128.14717961344678],[197.14979165905936,127.90894977412977],[197.02267129366174,128.0182634390862],[197.13778183684317,127.90783334756564],[196.58799370987833,127.76701896069962],[196.46035339387413,127.57983827284482],[196.32398231460883,127.5882803206243],[196.07141244870908,127.53501617274998],[195.8499586831254,127.68858014830056],[195.7823137852077,127.6952341905394],[195.88035727838871,127.62771213538349],[196.07182975700266,127.53053209222546],[196.02275189783592,127.39602185729032],[196.16643187190854,127.15746427190257],[196.07507386428506,127.12055710515169],[195.92474030127005,127.19402753445124],[195.7656357661578,127.1619721439967],[195.50531462813632,127.31760895460881],[195.4818038996609,127.45538868858402],[195.25421423869906,127.63468754372632],[195.0731147024717,127.68031337466473],[195.27218379692485,127.857454355475],[195.23823876173236,128.14811186223022],[195.0279817703178,128.28671544923554],[195.23062898294853,128.14408061000267],[195.17219717409608,128.07015100832913],[195.26523397272385,127.86214326041036],[195.0735329018138,127.70412038856334],[195.0706425932965,127.664607377472],[195.46826525086436,127.45678329122225],[195.4807436835473,127.30286247993124],[195.39527928826044,127.34629366243826],[195.22379908426024,127.24547239466936],[195.07635085896283,127.27106541008567],[195.04494331768845,127.36004321664078],[194.769465445101,127.28864558933839],[194.4740401003703,127.6247561852202],[194.13126073121606,127.51792439960329],[194.17743483107668,127.38003042717658],[194.06284128173706,127.27038763671521],[193.78155676990897,127.31099799803738],[193.81690544782094,127.52174190568054],[193.70967278217068,127.36361220530547],[193.7801072802032,127.30312103833707],[194.06682846376123,127.26391584730654],[194.1947327789406,127.38901221622034],[194.14656567061223,127.51549859123467],[194.41299133189546,127.54975868122769],[194.46951688938006,127.60989521944029],[194.74024316276927,127.2976834702771],[194.8064909004849,127.27283040603567],[195.03152217836595,127.35511120860639],[195.0648087128842,127.26830276251039],[195.23430379749266,127.23781498849397],[195.33678792733514,127.27901007012345],[195.59658776566323,127.24995980595217],[195.50507716617767,127.14628312802009],[195.4669504000945,127.25926825909816],[195.43699597612516,127.19766796119575],[195.53103017702477,127.10996875671911],[195.4596698847093,127.02363386102527],[195.60162164857792,127.17313711272872],[195.60457074458105,127.24580166019366],[195.78838905127571,127.14945633866958],[196.07473770381807,127.11283811250766],[196.1878917062178,127.1497398425922],[196.30902278278506,126.98091827136633],[196.4305486059621,126.93240070432532],[196.484437553343,126.78180015423945],[196.3335058480825,126.72429411960638],[196.44913288709748,126.75721724981435],[196.4776546385699,126.56244710491885],[196.5340044054223,126.53109194467584],[196.7162896345127,126.5065020678945],[196.71001538206414,126.3386045402942],[196.58945681250083,126.34755881177765],[197.06908951875192,126.28002613002921],[197.1706607200809,126.2991266713658],[197.3904091886933,126.06234017055911],[197.6008432567079,126.05883243743048],[197.69813516404935,126.14076918957201],[197.6624359275192,126.19914518704556],[198.95086210474818,126.1459073937466],[199.07582103405076,126.026029217526],[199.34147459886407,126.21811509773764],[199.52059148081025,126.21946028107777],[199.66797804635894,126.04621754029321],[199.61327701840924,126.00975299923005],[199.6694544200791,125.85302111806594],[199.53514746920516,125.87206317628302],[199.536706139412,125.94061066183937],[199.48297448438066,125.96986525700135],[199.15286452787123,125.96784819145776],[198.95838497891162,125.76525369270328],[198.55624349389115,125.668758485712],[198.05018787242736,125.05295470122672],[197.81080846856435,125.05678458458746],[197.6232851717346,124.73465084155973],[196.91357846653034,124.74156707166469],[196.70907126025878,124.67106313688757],[196.64641555440252,124.76413192282384],[196.56160562059895,124.7976163490321],[196.47822631851722,124.7340859874447],[196.32338441804248,124.8389315655822],[196.36535388638836,124.90513965015235],[196.30280761739812,125.00006819411416],[196.14094563442148,125.06704181650696],[195.8635890985649,124.95462528614419],[195.52323909675061,125.2828464310913],[195.22322924884125,125.273764828881],[195.09544405450933,125.40031709880776],[195.00234927717088,125.38522402110083],[194.90385692678106,125.53286866246444],[194.5235263397719,125.72027047703617],[194.6256610769815,125.82598752724975],[194.50310941764064,125.72814434406601],[194.5975664120855,125.82934043947836],[194.49596118299445,125.73221252041068],[194.5215235245362,125.8819761221659],[194.4113439981016,125.92478629993315],[194.37540191219352,125.85689244307846],[194.27056941611562,125.91899815039855],[194.1897418988324,125.93117876470656],[193.98733991960597,125.84153081790785],[193.88795747571382,125.7449596175147],[193.76825917076542,125.57439835154621],[193.58019366509296,125.60139870864595],[193.4155995603991,125.88265213619223],[193.23568200919348,125.96990613676451],[192.94705057959814,125.88617584641727],[192.86963447500028,125.94564508412257],[192.52937484816155,125.97245917762065],[192.43986166464487,125.87894073735613],[192.1466028717177,125.87190235043346],[192.13368154278663,126.1112428529985],[192.11574966838526,126.12944009662259],[191.80902492471282,126.0690631863969],[192.11701254703118,126.12528935299005],[192.06141739051566,125.96333962300403],[192.15126073449287,125.86477029279182],[192.41736950226607,125.84670472295261],[192.30442933940137,125.70566056895727],[192.4769323320209,125.90193672047928],[192.77595550086144,125.95091631585086],[192.9475200624289,125.87720251584892],[193.17833864345033,125.942775931788],[193.39949518628595,125.87849131290045],[193.37724576464618,125.77506278805907],[193.42645089722424,125.81979182617748],[193.5807167942456,125.58663159086962],[193.7817195085347,125.5669314191972],[193.93350662051841,125.65302166541407],[193.90755525041405,125.74554390786005],[194.01161654978168,125.75128669130527],[194.01314413727326,125.85063892721122],[194.2215107597931,125.92521833396111],[194.37566705675766,125.8454584780938],[194.49131081781076,125.86766193564804],[194.45534802047933,125.75614518015094],[194.71708925607413,125.57460332050962],[194.90529255812208,125.51489320643935],[194.9761172542481,125.37593830794489],[195.1050407802075,125.37795978192383],[195.22158818419638,125.25581203686102],[195.51780501442852,125.26258982803381],[195.7885964957868,124.99009770933043],[195.69586779695243,124.93843229138386],[195.91570768101758,124.94143950611686],[196.18022256785358,125.05073821495085],[196.3444096691752,124.90192095266673],[196.3073224991919,124.84497561238682],[196.43105394448685,124.73530835438024],[196.37634576587715,124.66177010935117],[196.5806287635417,124.78816018473537],[196.73200912942275,124.60292416101447],[196.59690631167825,124.60915131459274],[196.47895237317294,124.41898843634195],[195.73920472878183,124.28105295247539],[196.3333237400598,124.36098785788771],[196.48586566949683,124.42112113326868],[196.59914620445855,124.60655639392809],[196.66061895846042,124.58345427983564],[196.74346368086543,124.60510270255512],[196.94695861817428,124.74080717829318],[197.3061250956705,124.7282001902013],[198.41294075116411,124.13836476422956],[198.50929657881704,123.94933045776672],[198.77679804338902,123.79541078887863],[198.7769961408148,123.62844885001319],[198.94817299141357,123.42925037966197],[199.22148222129758,123.45673590998545],[199.43248924997442,123.1059462787533],[199.23696548244425,122.91331914183779],[199.28450857045416,122.78679184026366],[199.15234284360392,122.74642140714806],[199.1011342774467,122.60087811966822],[198.90730654147671,122.75522879601701],[198.7212692570559,122.52564378795361],[198.25744901262937,122.6640692774489],[198.20206141479872,122.78664093693517],[197.8975304426886,123.01207895918726],[197.7740091945625,123.05835074238773],[197.83040369156993,122.97429302745489],[197.58011820062515,122.94368646040797],[197.46850601639701,122.73455814478437],[197.52742189974632,122.6380922687407],[197.44896350364237,122.54969057363091],[197.07432206634567,122.8147531449024],[196.8948914255773,122.87343948929289],[196.84901954257302,122.81891099376779],[196.6993572737569,122.97733514074271],[196.84488605092923,122.72717545586174],[196.7510642572634,122.79053110522615],[196.62337821417827,122.75101655763766],[196.40222076271078,122.90476569475899],[196.0881989428391,122.96777102713727],[196.62242308789018,122.74785165531634],[196.85159519765398,122.71874823118489],[196.90304144054343,122.8672766683766],[197.00298541298883,122.77515406235916],[197.003962961504,122.82100071682991],[197.3242858249777,122.58563769388606],[197.4913332654303,122.5313902899621],[197.5386986166723,122.62567049881756],[197.51499769732965,122.71784615445506],[197.58877256877236,122.6845605733132],[197.5135369327707,122.73025803523241],[197.5933976857061,122.94055743465375],[197.8222157537605,122.9641976808947],[197.87725891877835,123.0027050335022],[198.24779701020637,122.65905803547457],[198.42192221029092,122.55841867550815],[198.7182361967304,122.50653059032055],[198.8931589666417,122.70657166737519],[199.10260653736327,122.59051084251318],[199.28460443635024,122.76161409891307],[199.42784093191122,123.0722468326206],[199.45860834969062,122.69670537868669],[199.6242324038398,122.5753879008959],[199.58320087650887,122.6510388197275],[199.88091853424177,122.56561920041253],[199.9473756898777,122.71391231702361],[199.7784715236614,122.64800997433944],[199.46751564500036,122.76162119340046],[199.44906525395263,123.21363333878752],[199.27311748184493,123.4407248266911],[199.17080821265836,123.47831534286222],[198.94614780622234,123.44199813431288],[198.78393234004108,123.63359161741155],[198.85979740337882,123.74398164268705],[198.5883929822116,123.91345733410878],[198.51329799973493,123.95361573994887],[198.48104627983722,124.12639960986013],[198.27848833739853,124.25340035848566],[198.25194255449358,124.38545981562345],[197.97102533855906,124.42822017764394],[197.98910012475466,124.58377075344123],[198.16404992608642,124.61364916929523],[198.25680232749664,124.66788570722383],[198.36058842615512,124.8661270577009],[198.3799204267788,125.08190335871765],[198.47895865387383,125.06631840585007],[198.5730054917056,125.14474963904036],[198.47050800392088,125.46467099894028],[199.5093219591218,125.84200115999542],[199.76026091915452,125.68647560210601],[200.03898237500033,125.00725072045529],[200.14446519410802,124.99092621697426],[200.05738718331776,124.9567297600308],[200.25795292970523,124.1146819741367],[200.7881317467113,122.70788223977056],[200.75594375787955,122.51927217710939],[200.7042132953399,122.47931829287043],[200.7623674457945,122.57711567786373],[200.68993622969325,122.51391273543037],[200.11840173793715,122.69305016343034],[199.94775119053764,122.64723207179148],[200.05055723850776,122.58451064668111],[200.1148533124868,122.66951574900796],[200.70368045273577,122.4661225626308],[200.61319931472158,122.46577465523069],[200.4202104493164,122.00209197805303],[200.42698775635418,120.88010473857004],[199.9039014138985,119.46269160691787],[199.73255798641333,118.68345969543802],[199.45306649673734,118.99822836489929],[199.07048254945005,119.21736765642405],[198.87544791755556,119.3126922950694],[198.957958273448,119.22446411922479],[198.66780870498155,119.14609831354036],[198.65448208415862,118.9768525728675],[198.72559845753568,118.97685971182858],[198.65322936988704,118.97549844794936],[198.46575207062904,119.25023870648502],[198.2520058067401,119.02793157750669],[198.01822953768806,119.27749542749955],[197.8113361324852,119.38541839196492],[198.0140340323478,119.27838694805047],[198.15212429542765,119.07660743781977],[198.2741056496241,119.00667288031354],[198.44269068727738,119.0953681499191],[198.63077921823503,118.88265477330597],[198.9571838241706,118.96518129844978],[199.08014033830523,119.11356553192613],[199.0876152143362,119.17301701816157],[199.62130719927194,118.74894612481901],[199.58192082778083,118.68969876835905],[199.69084287020058,118.70025741497568],[199.26728610416157,118.29066843380693],[199.10150515568162,117.6178408586743],[199.45909519812096,115.76224907252961],[199.3684586231268,115.34233346193548],[199.38298080102584,113.240757197189],[197.84109557613363,112.5495496389945],[198.1104295067433,112.85065338138772],[198.43934625707436,112.91071364913681],[199.12105248440344,113.4041516173291],[199.37027169916024,113.36546740057588],[199.29465099576115,113.2804642679501],[199.381056439483,113.32500394421663],[199.3703677966142,113.36851916362649],[199.15209571275992,113.42985069900283],[198.77616060810774,113.17731972994756],[198.72405279925806,113.50255509408905],[198.94059490293617,113.4419030655018],[199.12978593057326,113.62568032555066],[199.08581344661712,114.02876055975173],[199.3294987107438,114.26623479739764],[199.35606768554467,114.75672822073608],[199.10869709885407,114.75750723221297],[198.87131927646968,114.91432195971203],[198.9839864792487,115.0181857922386],[198.79880090024625,115.19697814758105],[198.5397393280527,115.20791642134895],[198.4557283604862,115.37079889183622],[198.05962669699025,115.41725492632716],[198.06647481907268,115.32835034006122],[197.98210396658408,115.37562094157275],[197.84976036768623,115.21921254592215],[197.805043005729,115.24876650821061],[197.83676544222777,115.3089547602815],[197.73925622781883,115.44011678537512],[197.49382771336877,115.49716247736191],[197.6523037944999,115.43292116345589],[197.57701814651108,115.45644288474458],[197.71822310621423,115.20472491810783],[198.06373874398605,115.08343358829461],[198.04619325358118,115.24057093402848],[198.2968689193205,115.20821130659738],[198.55759134869754,115.01230299933002],[198.78654160564162,115.09827405533608],[198.79275417354256,114.99249717250025],[198.95597799365098,114.77593360436227],[199.3093153204291,114.7159591060477],[199.24288405945137,114.29603971036121],[199.0113802913029,114.05395082935588],[199.07004270131358,113.70824195603628],[198.8869877997847,113.52115501908267],[198.6629090816675,113.53402769659616],[198.70168369895887,113.25269315480932],[198.48836033253215,113.32387113220472],[198.34026744852025,113.03072030685739],[197.99901730868794,113.28118670220297],[198.05368689656032,113.56417861159086],[197.93844207897922,113.88241934236027],[197.89036087276295,113.97284539649131],[197.78068286280558,114.03878984708899],[197.89883164167054,113.95626590285005],[197.77772713585105,113.95840626106539],[197.68698038110918,114.30239121096304],[197.7365292487044,113.95726512057217],[197.90411476235695,113.91040274336274],[198.0226808743873,113.5420954399828],[197.95436873631058,113.41447986413375],[197.99761686588892,113.21557442621139],[198.16240894354672,113.11514948198194],[198.15095991708077,112.94435801003777],[197.93831288975926,112.84997031069727],[197.75567321723832,112.58958891464893],[197.6310963139474,112.54676633521575],[197.63198830111895,112.51817391683673],[197.74624782852064,112.48702982849929],[197.77926338735625,112.61794822314118],[197.78523235792517,112.1873615655473],[197.71686952727904,112.12510217712395],[197.65436557405724,111.50125185347592],[197.19785987368627,111.02127901617771],[197.10897587037744,111.33641885521394],[197.1612505034413,111.25271022414101],[197.1396405325912,111.38825171816438],[197.0267792574897,111.45522338859604],[197.13245448701517,111.3983544047943],[196.68069595059924,111.83219973490176],[196.7149297914725,111.75313155697829],[196.58558681793124,111.94481975241828],[196.5526078219711,112.14294081531577],[196.5171901967555,112.23488363862818],[196.10254275830928,112.67957333612819],[196.1850279576765,112.81891219173447],[196.1286495539622,113.0206929364648],[195.94421540431563,113.28391224786581],[195.85929242156578,113.5645135332474],[195.60098605470841,113.71316491501477],[195.35077228035797,114.00962323373714],[195.31710209446027,114.17975462240415],[195.40155779520234,114.21180874023966],[195.41107184326376,114.37324995163871],[195.55826015689354,114.42338650741561],[195.41100641794782,114.4280992332958],[195.59665669420608,114.42482328358454],[195.64256889081486,114.4420417025344],[195.65052384108915,114.62619555343053],[195.6191228353635,114.44805917595035],[195.37399048542596,114.44288907032985],[195.3634574607491,114.2132559737756],[195.26717911853711,114.23594774288061],[195.2894521978757,113.96287592751986],[195.00045981289384,114.0149844799336],[195.36112707228148,113.91457713309535],[195.53649813488573,113.68781792130046],[195.4567503702478,113.68100864271254],[195.57622202183455,113.60799228305125],[195.5387460644585,113.68075691804053],[195.95237897465722,113.06428719003844],[196.00925840923452,112.87188269305418],[195.9430622518675,113.07742971067415],[195.9271021544003,112.89386351258528],[196.0085768217698,112.69316604995053],[195.97805920202143,112.83399371110909],[195.98538741858815,112.83000177072904],[196.02400426753863,112.73363167639889],[195.9877171047031,112.81458887916898],[196.05405906523654,112.4843362571999],[196.16218363964526,112.50013611270663],[196.43350905469214,112.19983937914385],[196.42342059427042,112.04999065254498],[196.41092874676139,112.14854719197368],[196.39027750560507,112.09174759578359],[196.59512493839713,111.75537723310943],[196.9364664065084,111.42997608688687],[196.88587450476243,111.4149294372439],[196.97740704273684,111.30669116010577],[196.93690049461995,111.41998497999494],[197.08995393162593,111.14855569629681],[196.9823891653432,111.30613577488549],[197.02656855295265,111.16629764232812],[197.14589651018284,111.11969148743218],[197.179723180059,110.79107215080006],[197.00848552353605,110.43594902820051],[196.6807674383048,110.33463728211696],[196.4840390176724,109.68622712623272],[196.3727500251404,110.11495737064604],[196.36911462972947,110.0294384198737],[196.2894238307924,110.29748376054832],[195.66286138472503,110.9625077376592],[195.52157078727313,111.44689678278985],[195.6181727837963,111.42132480909247],[195.54273228734047,111.55397812538763],[195.52027491623224,111.46592062791804],[195.41981087579808,111.8216661087485],[195.23051550739845,111.92751063054949],[195.35987630649885,111.85556285442982],[195.03271772233086,112.11974336705421],[195.0150217207837,112.21465946305472],[194.99354956570676,112.12336908873166],[195.0540632444471,112.0418471077407],[194.55929786033045,112.44250605374975],[194.33680352617716,112.51360764793537],[194.22331608484362,112.68302781411732],[193.85601203418233,112.88736565509417],[193.44860987718553,113.29859226605173],[193.36512520866324,113.29867052706265],[193.2336528510246,113.43148944815127],[193.2405182775249,113.65336035953135],[193.16077828566088,113.75197378117436],[193.0540355411299,113.83687316898268],[192.85000893917243,113.87307111204655],[192.68223413559235,114.06326314245968],[192.84710187432393,113.87007938529266],[193.06553488416483,113.82718030374218],[193.19076289027095,113.64736521294854],[193.10039081356746,113.4452035779549],[193.81967746559326,112.7238946091788],[194.16777743309157,112.51792273247062],[194.35599350969852,112.23494479901551],[194.5818835223484,112.17550168537173],[194.83587806038435,111.93205142111461],[195.26151412977828,111.72518658036392],[195.344511264121,111.58291485020065],[195.411650878326,111.3360288934024],[195.38150696450242,111.44237576918275],[195.35045199894597,111.38967804358612],[195.65382055500896,110.79570636116136],[195.55236565086656,110.65692420647704],[195.0929177200059,111.02686116151605],[194.95959605461027,111.01914424596836],[194.80434460206703,110.88000639014376],[194.30259949373425,111.13756796311505],[194.10655854200365,111.42232005469077],[193.85515029083433,111.59475949629818],[193.82778415205013,111.69178052647938],[193.82696405453368,111.60248768531488],[193.5310958487513,111.44682845329541],[193.54565929603882,111.33402761132923],[193.15136197228153,111.55877680691887],[192.9517599218318,111.7692847145859],[192.82643393446276,111.73269832715097],[192.792422612316,111.60872057271678],[192.63409611031943,111.8655066860328],[192.68752018333993,111.74568191635046],[192.5941816714831,111.80090215669269],[192.77263487714345,111.5430766044399],[193.540325238121,110.99371769134346],[193.85748751180049,110.94104723310437],[193.87775286578463,111.01160695858776],[194.14757811752094,110.98599113454739],[194.08821187546988,110.99061488244017],[194.45702544650487,110.65985844084173],[195.0995814821462,110.41635654208582],[195.2303370491536,110.59702877934316],[195.5770032437601,110.39288976574576],[195.7421375893474,110.1577070138676],[195.82729473383614,110.14819968751193],[195.749330279454,110.30478673704965],[195.8605765645296,110.27686784437086],[195.82289400880097,110.38186267001431],[195.93278985317,110.37552001823673],[195.99705992182152,110.02153832660417],[196.10439433243863,109.91887056762755],[195.96440422121344,110.02183560578709],[195.67949665572263,109.51718980128746],[195.71853221420483,109.59737256973631],[195.71297380846715,109.60727608499302],[195.69110954974255,109.62842302309701],[195.6221919641749,109.58962756345383],[195.6707901222427,109.5505392678072],[195.5566879983827,109.55955726876238],[195.5914453352914,109.41237296320755],[195.7079986108539,109.26057811446121],[195.5951701106155,109.41202002544048],[195.59698908321735,109.47339616363703],[195.64592245559908,109.35054524884828],[195.64432863839482,109.42100146050979],[195.68306879443438,109.32688998254632],[195.70476961774045,109.37097863109935],[195.7405292668363,109.04264612693349],[195.70780546989974,108.93484368406953],[195.63894819354024,109.04048596467024],[195.7245082748408,109.08142431066835],[195.39484779511545,109.27637075466711],[195.23629837709154,109.10865270007898],[195.52868323355972,108.89219178541036],[195.4898662779206,108.81545800032215],[195.30284169271448,108.9108733494915],[195.3455003267672,108.79256573655275],[195.17573311863026,108.8023018405138],[195.29113638398067,108.57081148307641],[195.38296535579204,108.60411470599904],[195.3761677502104,108.53861529741705],[195.2245194259462,108.57402527658533],[195.21700627020658,108.41854275008022],[195.14511961077335,108.4654109139371],[195.19987864131417,108.44350189309523],[195.11740566787802,108.479763180488],[195.02570274833468,108.48397377047769],[195.36143762573982,108.32860459183831],[195.3663755328283,108.22362242956106],[195.50973248848925,108.24068802848208],[195.5121290121815,108.17488144502343],[195.65435226589437,108.25002278125639],[195.74072894884773,108.15104928444605],[195.7356914961722,108.02522964775278],[195.85387362638403,107.92140426559261],[195.841262419129,107.79962750568241],[195.93709616887483,107.66443503908576],[195.9457713416502,107.6923002196124],[195.93912819658732,107.75843678745763],[195.91616609377823,107.85269490777955],[196.07743156296206,107.74324766601669],[196.0917517525281,107.80972700510812],[196.15388871744716,107.62081157738754],[196.12460869665207,107.83556428786585],[196.20523729995057,107.82388470592566],[196.14912451821448,107.79029828162066],[196.39879005123203,107.6874582751925],[196.35840603274713,107.64870969210557],[196.47340540581413,107.36031333941602],[196.44025435934572,107.49364835142835],[196.524209336145,107.40632476858855],[196.19628495174175,108.18856439502495],[196.4250527171826,108.04813257236273],[196.46182790761387,108.04485242558049],[196.20552297064089,108.28896857122699],[196.2211773830842,108.1904912738354],[196.181830908405,108.3201129108366],[196.21006008701144,108.2133114492084],[196.13585502201525,108.33062930813716],[196.1984855778441,108.32798283496666],[196.0495721466716,108.47214725934658],[196.11765717945332,108.4378850979826],[196.54111057680123,107.96845850655474],[196.64196276779552,107.6271196391638],[196.3671959295639,106.49187211023172],[196.1305870504465,106.19312153174178],[195.67282521156685,105.98888561879401],[195.39302495715688,105.66730357067034],[195.20085319504477,105.66155040106399],[194.3365953153287,106.1045741232904],[194.72809983457785,105.93225437387059],[194.38492997830605,106.08528355014145],[194.31917396858464,106.14976458114675],[194.37345883794922,106.10416352996045],[194.30014622466925,106.18130156582194],[194.22552145923183,106.30034213191529],[194.2723388019033,106.30371460926763],[194.30320100917692,106.19650091659709],[194.30908528124257,106.30048651992115],[194.22279207754409,106.51664055485077],[194.28523389495405,106.31352664093406],[194.16032188612812,106.42878796573135],[194.0995554445413,106.60206081208935],[194.2073533590558,106.45129777646768],[194.13037914986657,106.57956699318918],[194.18459318446415,106.50064853356692],[194.2173128912745,106.54080103094653],[194.12469219907658,106.60407217340575],[194.14373749984722,106.67021445640917],[194.24363742821615,106.51515829063642],[194.1724565761447,106.63079741171077],[194.09965811031728,106.73468192427966],[193.69692953985643,107.28403307235627],[194.04711255212163,107.08957205029328],[194.3313688434034,106.81310858773415],[194.00105097836914,107.17562391033007],[194.14749236740292,107.25834279726604],[194.09216821921035,107.5683818086699],[193.96999415267186,107.7196799672516],[194.0871091181345,107.49382977724983],[193.84421911067773,107.77207275923516],[193.8406113479458,107.67147750570157],[193.85296540093924,107.75436211505],[194.10516603471652,107.45222372001811],[194.1010310446373,107.35847477723016],[194.09097291590072,107.44247638069461],[194.1011700077567,107.31158504294683],[194.022212467235,107.34247049113947],[193.99540519534594,107.35249562488522],[193.92478945496802,107.36502230980791],[193.86689013481404,107.29951643205236],[193.6003653450379,107.43672517885409],[193.0095218742946,108.41106099914191],[192.96316649557187,108.64416839070711],[193.29871348612156,108.30331454004084],[193.3687331865828,108.35585177161677],[193.28903119162055,108.35969894381475],[192.91623297102893,108.71551011166909],[192.7526597616623,109.03698033964446],[192.2840341086607,109.52222049295848],[192.19524570902155,109.80268927324926],[191.64313439627733,110.6546003326283],[191.38743858359558,110.89445741093061],[191.64171483569524,110.65380032697921],[192.2115231792041,109.74860059024434],[192.28731184711532,109.50344271972784],[192.3802080154374,109.3902931213947],[192.30168742353266,109.34289191412745],[191.90898022415234,109.48445294081674],[192.31296329612036,109.27306855467151],[192.3971257833034,109.33177112958123],[192.38808794987403,109.39566809251833],[192.7078686992624,109.03771219030577],[192.87464258472528,108.50350720918516],[192.77079026869473,108.60323312112146],[192.82898071164203,108.45353311512827],[192.8781506758046,108.48768380120325],[192.8821379196967,108.35845161192614],[192.91298573586016,108.41026378096879],[193.0991311457158,108.05289606841606],[192.8115432523512,108.39461533856951],[192.72684653290764,108.62582174671952],[192.77162776207888,108.61989780987633],[192.55259529084134,108.78487972442062],[192.62662304013793,108.60198076505873],[192.57105334319397,108.62640678666921],[192.55611261860813,108.49972887491846],[192.8868271829249,108.22993281318219],[193.31066943651177,107.66811051985705],[192.99184152365075,107.99683096930596],[192.51099637849444,108.15068153042338],[192.31782061600916,108.36700462083786],[192.47180628609135,108.19219089703702],[192.3127379702466,108.3123996406776],[192.45608397091394,108.15851055238574],[192.41952620203165,108.13926367597585],[192.648497784514,108.02610717525343],[192.49206212387503,108.01499351201002],[192.4221404876424,108.11311039324417],[192.47225915915413,107.95888843094829],[192.5622807251186,107.81020037856771],[192.63455895994588,107.85931967632405],[192.62994378899685,107.97409269498138],[192.71021947636467,107.90308806863771],[192.73272207972832,108.00100282057011],[192.77481864435572,107.81223185658502],[192.74754116118294,107.98827428740631],[193.02976041559637,107.86253361524055],[193.5650766022974,107.27232272992755],[193.48422754559584,107.08145277381954],[193.07095355673505,106.96574524605641],[192.54722015863683,107.25771168854743],[192.4257233874825,107.49917262159086],[192.4849713407363,107.78240889996628],[192.585020322202,107.69537844795659],[192.561534959355,107.80667870263221],[192.4268105171656,108.0240746646298],[192.23986668205345,108.22761468573151],[192.33640019965486,108.09078657953827],[192.314342836268,107.79319435602753],[192.26023120662097,107.87648981631666],[192.35969095926436,107.51630854195747],[192.09122232524197,107.86586757392175],[191.92990022568716,108.02237310162879],[191.92254693366118,108.09924284832825],[191.90931734392552,108.0370565150584],[192.0137586235051,107.85231055072155],[191.79562669598812,108.07319422965956],[191.86906264501482,107.98537868068544],[191.70130929579477,108.1309682245386],[191.68090908248513,108.04720654043908],[191.7457357115709,108.01801853296436],[191.68912035404534,108.02183673021516],[191.61756020148272,108.19853669816821],[191.48084573364628,108.33875374630315],[191.6166867438942,108.19582709303319],[191.58797857847986,108.14125047955721],[191.74769496497484,107.92221053129288],[191.90139553332003,107.8751370330438],[192.4017305998606,107.25346808641483],[192.37226332316737,107.28851823780809],[192.37956588016363,107.21764362358371],[192.45732103445062,107.16153795855405],[192.45889915332518,107.06502290681694],[192.19120900091463,107.33293165593068],[192.04049659826813,107.44763260905712],[191.95336051548526,107.65506600777164],[191.88693037877326,107.67653561684884],[191.89309267005527,107.6004714773214],[191.81253088043619,107.71703502484829],[191.71574688258022,107.78894757079632],[191.7143625330879,107.66867015577954],[191.87068694959882,107.53627061067237],[191.87505779885413,107.45599495419017],[191.9401645221049,107.3674297658639],[191.9632799094241,107.40771871310852],[191.98291303112475,107.30070386935759],[192.0104564649088,107.23435968124616],[192.06288388935928,107.12091025120152],[192.13109860434463,107.23559603988458],[192.42186788977617,106.89463420087274],[192.4653113060191,106.893183292687],[192.2233681798524,106.70070009674656],[192.153017939025,106.81835475458843],[192.11603044469172,106.83467337286497],[192.1284087499685,106.78392395727127],[192.24714567669469,106.62579111235482],[191.76216940171773,106.86142008534124],[191.47340689909663,107.22594216942011],[191.47465434534627,107.15149479724569],[191.50780695201163,107.01724416976188],[191.44363250100804,107.06631371767459],[191.51528100552798,107.00258409678949],[191.57243068171263,107.03839534701952],[191.51566088505768,106.97842675158621],[191.41100910095312,107.09077816813496],[191.2998515041171,107.31689321040042],[191.26308669108568,107.2884460626764],[191.27540560023283,107.21607933878724],[191.3272011991697,107.16785078511057],[191.2401906400122,107.22888030577758],[191.120165778297,107.40477778999539],[191.19083365058555,107.25892013243947],[191.1217573064938,107.21384162690279],[191.00638231067387,107.33848065214148],[190.9964322482278,107.33760885686951],[191.030296118304,107.2366980723005],[191.1249740416032,107.15195050331641],[191.06791060991043,107.14276433901742],[191.0033748689459,107.19216804244914],[191.05610771789551,107.16504468047648],[190.9495581268689,107.28949605731822],[191.02353701736627,107.14512516086839],[190.7187753930973,107.52737072998707],[190.60556026283382,107.61245309076418],[190.6111787916168,107.56916724952285],[190.72295905419327,107.19533561119036],[190.6394229512287,107.35074908281949],[190.6190744536005,107.38355539239248],[190.37913047374553,107.72102475393211],[190.44769205686475,107.56688792049522],[190.3719143843765,107.69478867920748],[190.44533755912192,107.55989527457811],[190.346777583917,107.70488506614723],[190.35452772256312,107.76679265066352],[190.33258970727798,107.71486882233904],[189.89190033768836,108.2278900794706],[190.95918055048804,106.75478708511073],[190.9583944273382,106.80952329587547],[191.41587306351826,106.36929794715125],[191.45727681051727,106.2203261407452],[191.44601937042555,106.32829829094484],[191.53239134486418,106.19496212161309],[191.50558389181168,106.14550868114789],[191.53920041266076,106.193908261618],[191.7379945942879,106.061965305424],[191.64422247334693,105.92490994225771],[191.7851690702392,105.67167624181874],[191.71452904219447,105.70496639929344],[191.7873956151809,105.55175795337783],[191.64864716007634,105.75313609005921],[191.6966055280943,105.56827018126607],[191.7638750639647,105.45035268982683],[191.70945016727094,105.5760908957998],[191.86436438492177,105.4608326992059],[191.7673267236135,105.82587123676055],[191.90283936821288,105.76510675254781],[191.98984906251033,105.51143538352835],[192.228829875901,104.9497285557232],[191.9269654507589,105.75269935728012],[191.8396741126468,105.88763328023488],[192.07982969056394,105.81887221852497],[191.95916049198843,105.97348751658171],[191.8641086835106,106.25638472557216],[192.1191047900166,106.1535805385775],[192.6727932805383,105.52767028487051],[192.6077925290396,105.70446800747123],[192.74578318075035,105.77855056404489],[192.74239628247244,106.11164595496153],[192.77011336898914,106.02691190232265],[192.823765922331,106.34868787955361],[193.06438759204983,106.29989904225872],[193.18931964752795,106.16265752227729],[193.12002517409962,106.23005532706175],[193.33081335965025,105.98608468020582],[193.5370557089265,105.59606728515453],[193.8338754980378,104.36884860983255],[194.03342082205722,103.83181418439219],[193.9547435279938,103.89518856151837],[194.07361292130952,103.73693156879403],[194.0241903337882,103.75534685510563],[194.11420641027686,103.61835965589935],[194.02522553614395,103.73646462953648],[194.14275801740018,103.54302932074222],[193.95412380066549,103.68135311520285],[194.19236216715194,103.43907819310871],[194.13015072795685,103.42105125791745],[194.19690612294826,103.38531591927142],[194.0297736284001,103.47352296478655],[194.22400089989821,103.25891478268798],[194.03493220699704,103.38826982958945],[194.1068809926793,103.22752594939],[194.24236379948553,103.19527589672734],[194.15198301016778,103.14509190150306],[194.26486808493829,103.11594988335288],[194.1394891375818,103.13205648275476],[194.26801123571266,103.03236678633694],[194.19955014730186,103.03980540960166],[194.2710204496496,102.98514108875608],[194.2178510592504,102.9819016865763],[194.28154301281765,102.9331860179321],[194.2253980633818,102.94558902807161],[194.30149477003164,102.86297552143469],[194.2110090959082,102.93042557146379],[194.31644939972776,102.80233925324885],[194.21560926508266,102.81751941939585],[194.36246618673914,102.62049497662271],[194.31473975589748,102.62567773657035],[194.3631556360903,102.60412692792079],[194.63124924407867,101.43191004050107],[194.5706385329638,101.21943552340892],[194.49863399829437,101.2502783007537],[194.53967533706845,101.21662105745753],[194.40079079736648,101.07091175526634],[193.9262463540622,101.37065365374286],[193.3331715146934,102.04089130113442],[193.30686719405367,102.16105343332444],[193.23543654789813,102.13936225638763],[192.68815754140667,103.16057726151888],[192.49575435914593,103.39654597202819],[192.4989817852523,103.24681548727465],[192.37092415953612,103.4340476859541],[192.21148535616646,103.57199212980518],[192.22410985670356,103.3605590411876],[191.81786782877384,103.75615999530804],[191.69020006233848,103.9994191412502],[191.63758474246617,104.00834814005698],[191.65015417173225,103.91271462110781],[191.54856083364538,104.2059350078883],[191.63499987384023,104.10310257891068],[191.45083937334448,104.441953296276],[191.53192200119375,104.31631700725487],[191.43089503181452,104.50644796531982],[191.42018134905226,104.52147860854267],[191.43106937167556,104.44858914165087],[191.3742587299886,104.56866015351919],[191.38859588555576,104.48370011413408],[191.61006738354442,103.96943304991593],[191.28697444562056,104.42758742148722],[191.3150710885556,104.32176158085275],[191.45261722052456,104.06384608738014],[191.41409778927067,104.19402356359123],[191.5331245954469,103.90889041570989],[191.2726728174786,104.05849124093557],[190.89561270394378,104.95488576286336],[190.9522905597932,104.76065588435414],[190.89992792194022,104.92051146211674],[190.77784451867976,105.15116193589954],[191.02411535239108,104.52837231074693],[191.08185762583477,104.51091548786933],[191.26111353957668,104.07023376342165],[191.0386114789508,104.33179153047796],[191.14942570682103,103.9819133216867],[190.96340354500958,104.12766653092623],[191.01135979622885,103.93138556740234],[190.88838412056265,104.04398312197385],[191.01442904271968,103.92665406869432],[191.15142924130598,103.60195493241497],[190.96728070496727,104.12461968135403],[191.18171624452376,103.95353812543448],[191.0625164129047,104.28839559819927],[191.29241725957326,103.9995728045971],[191.60314393971825,103.71370060479117],[191.70076204289876,103.49447779666964],[191.65777204213225,103.547669117428],[191.6776434403627,103.49552183467362],[191.69075055913564,103.46566777113165],[191.75255967157807,103.3589738891483],[191.78479346555775,103.32787313918428],[191.7482136466951,103.57164424695317],[191.65853134648717,103.79806669279867],[192.37960577997598,103.1664179292313],[192.52865190385924,102.86299064680314],[192.73704275019628,102.71820596576904],[192.79085963123043,102.85398440643304],[193.15941264873274,102.1258117951694],[193.15993534946915,101.91213159820101],[193.1737065820762,102.08935171057848],[193.51157518574738,101.69168485639156],[193.61036838986507,101.48261043378379],[193.63805967931643,101.53056039428456],[193.61651947990134,101.46403359473763],[193.82154589464216,101.25538019113978],[193.7249452116192,101.43451888923224],[193.87950691718595,101.23146769392886],[193.82463360436367,101.24141444410846],[194.09550058074436,100.81181418019821],[193.9964898622729,101.11164553994372],[194.11410726219873,100.77227159574302],[193.85732451667954,101.15693807288758],[194.16294494290997,100.49485520860785],[194.1712694620696,100.25185423396472],[193.80882595491727,100.67643597259658],[193.3619823642553,101.66602115307069],[193.2974674389522,101.64662526157903],[193.21156411065527,101.8469980476749],[193.29488660361866,101.62972007595337],[193.23475248933073,101.59033316553187],[193.4204012575164,101.5361418703811],[193.8112419853154,100.62644207272201],[193.74106472627858,100.18070029441301],[193.59776266518836,100.37468205443858],[193.46355966767248,100.26941709242621],[193.30926720665795,100.62688369380433],[193.4543052985229,100.1368376990628],[193.31508192147373,100.33259366196971],[193.12831336009685,100.33051028230635],[193.17864840671905,100.24596433245895],[193.1312719189895,100.02368956530411],[193.16016083703036,100.1487439638061],[193.49530280996103,99.99393368502355],[193.83724799382935,100.08546660457927],[193.93409315293638,99.69425929551433],[193.85127879615806,99.60508587689637],[194.01896738054313,99.11033337505545],[193.9097549724304,99.08475084473173],[194.03424707206227,99.10676851673],[193.96724460529094,99.28476840302481],[194.09552773377743,98.97323847917636],[193.8976040937826,99.47987029016365],[193.96091643818505,99.62639765921318],[194.2237629710351,98.63610980509154],[194.2675811005388,98.67982146872227],[194.33885295858963,98.47931478322194],[194.55034111958867,98.14897310606929],[194.58192026702596,97.8915137367074],[194.31299434716993,96.6536581540912],[193.95490012445768,97.31577293835616],[192.89608302643148,98.68135966160469],[192.69112759565468,98.59112304068849],[192.08593350619816,99.75820080532829],[192.24914226301797,98.71489570137392],[192.135927347282,98.91835838466373],[192.0465439310774,98.84649062488064],[191.97506775044238,99.23207536580944],[191.8284498378913,99.77146596469457],[191.69420289397456,100.06531544647913],[191.6760892928369,100.3185362012845],[191.68400140460025,100.09624610668834],[191.72152989730776,99.98245120714341],[191.77066511127643,99.83390645411906],[191.69598495673745,99.98457156692302],[191.59956031459683,100.66873780006084],[191.61239248872135,100.35041555617886],[191.53741536867108,100.54091441920609],[191.72243549249575,99.88759605623706],[191.94420472222623,99.29882558745263],[191.84774730470082,99.40599840783179],[191.94418665395267,99.29047921595084],[191.9585437138705,99.05924785599633],[192.01406154459113,98.83075581470348],[191.94620277472788,99.27114863592665],[192.03600121577873,98.86220861058273],[192.14622417950443,98.58861794730491],[192.20627352117788,98.37516993526982],[192.154011757755,98.53161198465247],[192.32072046855112,97.60409491446289],[192.47136362961703,97.266779373133],[192.39045942150102,96.94409801676971],[192.34904322967452,97.15619100054703],[192.32235553445884,96.77144263973304],[192.11014258995843,96.52863395450947],[192.02114641421454,97.01114894647368],[191.9926015900467,96.97731301036443],[191.99482727748762,96.60242742050988],[191.9936296337078,96.79850412716128],[191.96117647598334,96.60400684635805],[191.89956856794765,96.62361088422219],[191.70617075677742,97.50495367077008],[191.64752920620532,97.7429012141462],[191.91734871168293,96.5174265524715],[191.96258609589268,96.56885444110735],[192.1192635259194,93.04305477424802],[191.84067010588012,91.97191130733042],[191.62913463340698,91.60304710203276],[191.3095947658917,91.2253157511689],[191.06184072294272,93.16838615102176],[190.86575495906393,93.10856607286043],[190.6261702009977,92.32357155814368],[190.4560387633095,91.2716645982235],[190.11180164817694,91.62624031947865],[189.69680292456843,91.79302244821119],[188.91250355750066,92.68101557836681],[188.36652039665483,92.79703789852428],[188.36086477994067,93.5751025190464],[188.73286706353065,94.16002792088491],[188.50065998251284,94.81958848692064],[188.92027928874282,95.28867344603674],[188.43808595009003,96.41105862981796],[188.670888708698,96.43594487526657],[188.45724482482123,97.02302029190335],[188.57118357206087,97.58685474138909],[188.98934540956785,96.54057349782424],[189.29079757563454,96.68804273737503],[188.90429067762577,98.15097016511243],[190.12565151612665,99.75132291103498],[189.93684239743828,100.2115469756575],[189.65594627258474,100.87166895030609],[189.2904539884129,101.2389148543079],[188.99661564351672,101.97150485136176],[188.51219081671698,101.69808511346054],[188.05191479849333,102.635661063936],[187.71378499313474,103.28845136653712],[187.28453889895815,103.968114696819],[186.79601030209966,105.13629378459149],[186.20970167960039,105.30649467157247],[186.2869680758103,105.94214704226556],[184.11817712647516,108.20851776936352],[183.6424521635365,107.87266114022475],[182.78533928878986,108.16856346890846],[182.49416599047208,107.92802223287174],[181.53487512402978,108.34822604195867],[181.1258651572274,108.51829639433637],[180.6754806096012,107.9751052175992],[179.64422174024517,108.064399094752],[179.81451610554035,107.18013626276925],[178.95818927731517,107.1008312008898],[178.3129832155597,107.75770755934624],[177.7485685423377,108.19809768719375],[177.82798585161646,108.64653383111613],[177.34358067495253,108.41200661399702],[176.71521796124279,108.95342254622322],[176.11985496951462,109.48626544931076],[175.84984957174487,110.47527343899085],[174.27862535964323,110.58329276200706],[173.49181506588445,112.28102417578319],[173.1802221740987,112.93193191507109],[170.496460548967,112.90592681010897],[169.5022945091798,113.13397669318026],[168.02300896433948,113.14892055703181],[167.32430600921958,112.9862708139807],[165.7125435183089,112.58987931517703],[164.96876856726786,112.61053184819662],[164.42526154353467,111.63720192709752],[163.41221455113964,110.87668305247513],[162.79103876395106,111.22235236283561],[162.34828743879075,110.92760151674545],[162.48700006472092,110.67180112450203],[161.42751244722973,110.12364894264257],[161.35277651371396,110.29114057172697],[160.1604293292022,109.71050861484304],[159.8656879233897,109.05873822436729],[159.69997645579176,108.49902397614373],[159.4296198343318,108.69375703299545],[158.98407365392717,108.17447370033429],[158.8325941672868,107.98474316123179],[158.24231080373525,107.72545109352367],[157.71570477025793,107.29088419518473],[156.85705312264398,107.3110188101606],[156.10343741931493,106.56732767441503],[155.935479730108,106.3751312953438],[154.93987280380784,105.17208682337845],[153.76327720232422,104.17268205001005],[152.6960945840656,102.90061362928576],[151.88450563124272,102.64532902093455],[150.99827046972874,102.35199716339002],[150.33394525132857,101.36040162067786],[149.55503856707492,102.06127153891859],[149.14022034925048,101.31921601296807],[149.1509263467434,101.01638820950717],[148.45909844945677,99.25441026858422],[148.39063613221714,99.0908050647864],[147.83784632360238,98.77845082825672],[148.05913707361344,99.65520263721376],[148.27590423754162,100.58600720480163],[148.59602069937,101.48120218049584],[148.4786668694295,101.42719758747525],[149.0956447274924,102.50071199940038],[149.04336761244207,102.59963959274],[149.52338117679267,103.47308636739317],[149.5853320198001,103.36893660592654],[150.04305548883647,104.08226824908118],[150.13260667430242,104.08500575717113],[150.68454479663788,104.81732368646259],[150.75227555475897,105.086238860979],[150.3137246733857,104.64984585559398],[150.45489418264123,104.88049219713861],[149.75273480212002,104.20497108611468],[150.48971887685198,105.43431791150486],[150.33904305795093,105.4656475497026],[151.04238316655545,106.31666873653589],[151.29606303192503,106.74458696545506],[151.11429938989136,106.5965733462349],[151.25265547408583,106.78386538192555],[151.07095541377976,106.60641702741829],[151.2153436616749,106.795460335409],[150.87173910978845,106.4153888373404],[151.05315385223588,106.89625325340066],[150.2462752245127,106.08894406055421],[150.33741847993548,106.23721825826108],[149.6984417391913,105.74258108600077],[149.39374654626522,105.82428929308546],[149.6772645652184,106.36763322722268],[149.58326773851292,106.3935989862498],[149.82037080347126,106.6009695031205],[149.8320695959801,107.15898116515231],[149.499657880402,106.83928631927452],[149.52275171192224,107.41542048023823],[149.74413815400143,107.56732817074949],[150.44038853390097,108.3378376841534],[150.70432971813452,108.54898525421805],[150.69995553123877,108.4699455083374],[151.0354459996162,108.7740424946734],[151.03853522777635,108.58816142542865],[150.64484321211418,108.1492816305284],[150.76605315184995,108.23535583922023],[150.67491541657853,107.63062421774084],[151.09746601854386,107.96439162746478],[151.61933878393447,108.5182421156176],[151.95239188184254,108.67206300810528],[152.42840272976673,109.09678911770358],[152.3601518650947,108.94895950414192],[152.60406139829846,109.12805929456599],[153.89456606195455,110.6286278999865],[154.09885277971446,110.68076305582028],[154.41895133334276,110.98683408449703],[154.08165561762632,111.10060629532308],[154.20953702567977,111.22683395646493],[154.12013683149547,111.34204700923537],[153.57804516300428,111.06328278126897],[153.51844039226444,111.16495299828767],[153.22615481035174,110.90692850732209],[152.6674672058847,110.54342258197572],[152.56067095948944,110.73057632822248],[152.1013678319985,110.38349945250037],[152.0842518917521,110.56618409399714],[153.02055943734467,111.76396965897246],[153.30064133039886,111.94724896390647],[153.47728782336063,112.27722561353957],[153.66001592687545,112.36561356937688],[154.31192386251988,113.06349130755078],[154.20549204427618,113.17188402651729],[154.33379604282482,113.59595296262795],[154.90173313032685,114.18992926895615],[154.83421121962326,114.28597662093954],[155.15342374219915,114.5936426348273],[155.25742502949672,114.85674604322368],[154.85353242055024,114.89235930652195],[155.55990426983362,115.53968648311078],[155.78699615372557,115.82833135348451],[156.55031418515074,116.41344454312704],[156.65168459824736,116.58462880274438],[156.83023337669783,116.70881370412008],[156.7489356806617,116.73407745768439],[157.0165832130845,116.9533731101636],[156.88722225005483,117.31762091081023],[156.61790887187001,117.18502309831166],[156.33172882045727,117.15035644467471],[156.33024970961512,117.41913703142671],[156.5675258100036,117.56240612706236],[156.59119414379362,117.80939951716081],[156.87195293471513,118.17616089412522],[156.62816409106117,118.10438767989196],[156.66492170134913,118.17942046125984],[156.18715715649338,118.14633124688265],[156.75410128704158,118.82756623974814],[157.04325427738658,119.054752464512],[157.0505764017841,119.77510878490955],[157.3491128811002,119.96252454245801],[157.507799632557,119.98476326885162],[157.9932967346405,120.30252964967299],[158.4123802141038,120.26966630910042],[158.68417900254443,120.0116008664979],[158.92108891593995,120.12661108911654],[159.13244328782332,120.12832846466414],[159.2622758325488,120.31005698463531],[159.4431124500923,120.4090691823105],[159.35357809682023,120.71418891594968],[160.00612352633573,121.25629806169918],[159.9069541622863,121.3018140695152],[160.6238001261218,121.4540244606547],[160.72235055723328,121.41948037639696],[160.94239453014666,121.5511051351152],[160.96363730698323,121.86027740412962],[160.65534674134835,121.84466585667701],[160.78884549362033,122.0113310415471],[160.42106803058027,122.17753744101785],[160.42602143529643,122.31033296758048],[160.65099264783362,122.47732039062012],[160.56465865885028,122.60049531346554],[160.69899394601728,122.58139878737512],[160.74378259747957,122.63887628746103],[161.01969818185162,122.65347288995993],[161.05844618699126,122.71751303616816],[161.27324135755077,122.74394413507682],[161.31863672438868,122.81631855647278],[161.47614473705625,122.79603882154878],[161.76422745155696,123.09584776306208],[162.10652708657403,123.29923302370139],[162.02812096117123,123.30972939899289],[162.1071805442016,123.44839501352493],[163.19254429492943,124.02611253778763],[163.0259156817699,124.06974461028022],[163.2170256920779,124.34454736433662],[163.66474848019342,124.69395671819127],[163.52968614678062,124.78960019206725],[163.58467963977407,124.88961028709811],[163.3943803732112,125.08859931194274],[163.531229316886,125.41126351013773],[163.10589739792215,125.44328838781765],[162.89167526770606,125.58309077348683],[162.56745231822794,125.60584762172937],[162.49740352150695,125.70779942375216],[162.66796016381207,125.79747217555304],[162.75803724474736,126.1031401795117],[162.52114977666486,126.13795430266889],[162.46195899349544,126.26874258378781],[162.7059092642061,126.42127996295856],[162.5631731535771,126.48546771225749],[162.59123001210588,126.64700381190906],[162.42292239120442,126.69772050738598],[161.40589468337487,126.42572326989301],[161.4163919450731,126.50008967334638],[161.08963409703912,126.62354569999007],[161.44323634530193,126.97234355451619],[161.49928808384485,127.19259356769153],[161.60788397778285,127.2025679326217],[161.64704616315922,127.4572020166829],[161.39031987676802,127.5105552023936],[161.28822041714227,127.64200757030922],[161.49076961569622,127.77777982776172],[161.65495446535706,127.77335267771713],[161.6509897999119,127.84826479993606],[162.05149652872956,127.88987988232638],[162.0557598546152,127.98539209910551],[162.6211526091751,127.83491471848393],[163.40974311862232,128.07732185630738],[163.57827287636084,128.06480070277857],[163.9033268290342,128.2347678535863],[163.9219063461841,128.35349267722938],[164.64411647461912,128.2579319127106],[165.13512159464494,127.89463792488229],[165.7792992898939,128.18262991923777],[165.9674909222374,128.19857654040078],[166.1784570546827,127.8974393380241],[166.38102301702187,128.05030202430729],[167.00015319253436,127.87041464830463],[167.6129271467409,128.25925219429712],[167.8003964238382,128.15180729184533],[168.21702329713628,128.30925809382043],[168.7194674534291,128.11308507122504],[168.7355470029791,128.03989685195097],[169.5821756629664,128.089782383353],[170.0055149561756,128.39752850098614],[169.91038001692158,129.0273134800692],[170.21819322529578,129.2710650114629],[170.62437806217474,129.19216925093215],[170.7764191594121,129.31762842072976],[171.01596833266916,129.30725733051997],[171.2562934286209,129.46448363612524],[171.93435541747817,129.45098776289174],[171.709080716112,128.872364291903],[171.74676850700644,128.26970797076032],[171.92626705207243,128.08520608452693],[171.45753676297176,127.63377055971301],[170.98287804797616,127.47343420881398],[170.28767779750564,127.12734973111131],[170.24780718578614,127.06714595588102],[168.31384574991506,126.77265826193131],[167.23611524074985,126.58005517573721],[170.25657103745544,127.04937979650762],[170.30317388872703,127.13504170293328],[171.4575478472055,127.62617663947015],[171.93325200813615,128.08186073079725],[171.77045320808116,128.25627445591294],[171.72697710830028,128.87657173663638],[171.92834784375168,129.18971953712662],[171.94822795688668,129.44471817152134],[172.1823040482348,129.3916958546827],[173.00449894318342,129.85117295222386],[173.72341987200306,130.0763136136315],[173.1389461679417,130.3117716387626],[173.40500206418204,130.5284030191608],[173.2448725165106,130.5572193792465],[173.46195718228427,130.8554360685796],[173.58261837699428,130.81186885135207],[173.53224083027726,130.87310425363538],[173.59725017765683,130.8353621871757],[173.5110737218065,130.91349058177815],[173.7566327580588,130.81177316772752],[173.63463484577397,130.92185196761608],[173.7841062354061,130.83908893755557],[173.66576548208857,130.90665571443589],[173.92204332109083,130.925887235942],[173.9085983103685,130.83152613244812],[173.92471619872822,130.92303593893465],[174.07419023079936,130.8399850493526],[174.05820547989498,130.9115189567903],[174.21268342031593,130.82498135225],[174.18492092763,130.87924003710117],[174.31975985298476,130.8928158729189],[174.40630679271368,130.8105942326187],[174.32718188470642,130.89442620288082],[174.86130663123907,130.780617127726],[174.71643420821061,130.7030311235959],[174.93069927508031,130.73120823906225],[174.7869111345814,130.69641518920548],[174.93204252767714,130.72907128323322],[174.80902962979962,130.64678775919407],[174.95746560342633,130.69974327977994],[174.8891905599291,130.65677521967996],[174.97330188948635,130.6778052268722],[174.9128237948454,130.61352133193913],[174.9894733865924,130.65935342744174],[174.95548605973826,130.7134923095629],[175.06943947723352,130.60853084767493],[174.94264915433374,130.55220616879495],[175.07347025928357,130.60619472937765],[175.3907592389503,130.25863150121603],[175.27022624890355,130.34745367908167],[175.91282124899223,129.61647650497468],[176.04812996884883,129.34769725526635],[175.509730341203,128.82318230961377],[175.50485901225963,128.5800293142769],[175.56506548257065,128.60183382075226],[175.93481669776858,128.30122901139612],[175.82377994284462,127.83128279413569],[176.07214110688858,127.36093741593356],[176.0436621228377,127.04456167714763],[176.1187980927453,126.86130374937167],[175.75257394747047,126.57551003803778],[175.7686494068783,126.44910242414672],[174.49524021117497,125.41854426682362],[172.43005166144948,123.97166512686204],[171.9674917103376,123.80220829275912],[170.7310742379436,122.86969949939967],[170.37902027349213,122.84360985392739],[170.06298192142606,122.67770893447195],[170.07345639068612,122.57400300671716],[170.07664867366432,122.67970579866223],[170.39055072731895,122.84069123251122],[170.7471689606493,122.86639658433023],[171.97484249643296,123.80236536347805],[172.43379031902566,123.96960690447006],[174.50003034993813,125.41562511581058],[175.80485061703124,126.45950140551722],[175.76691151539296,126.57092446666788],[175.97738652829733,126.6582164759697],[176.13990723031839,126.86504862899599],[176.09394472678918,127.3496631822222],[175.84782991133446,127.83239008768768],[175.99065127534567,128.2106582470544],[175.96517042918842,128.29146687177735],[175.58434398150365,128.61938883624515],[175.5271131256418,128.76577470914333],[175.81449247973976,129.03523735066042],[176.10884786059205,129.4246528767631],[175.9310662605805,129.64845565851175],[176.00412306154055,129.6330500496768],[175.5528769103478,130.1576242343316],[175.6211970666478,130.19388783077727],[175.65723014312766,130.14549238740153],[175.644337629998,130.2231536253356],[175.53506401247307,130.16012929178834],[175.25270787631138,130.50345625704034],[175.3790926232748,130.51088389732308],[175.2146081144994,130.54740232627182],[175.31438589946728,130.5666401982885],[175.20965382860874,130.5473092250497],[175.2069322039511,130.61878873389537],[175.33131271680287,130.59367129520354],[175.14632458821035,130.66456995989907],[175.40823253909434,130.65304626540467],[175.27202626439333,130.6865971141653],[175.50895782210523,130.72576296773946],[175.16431247576952,130.69890610829876],[175.79110294293753,131.1486264809923],[175.8917705333622,131.0721090195736],[175.81095212512912,131.2199737915018],[175.94023471347464,131.2306946099519],[176.17090426680272,131.50952757167562],[176.36985985361483,131.57151051557958],[176.41230905742768,131.38753035474846],[176.51834517078944,131.2559706511334],[176.41348154268331,131.39316331877163],[176.36992192686102,131.9100892601996],[176.77608142844042,132.9284987541669],[177.01324757629305,133.9101249566618],[177.31016258613028,134.17158889065715],[177.43676050948284,134.29100206938682],[177.45425516432573,134.36254170232314],[177.35816843207195,134.21977896757716],[177.43504871115502,134.38984408268644],[177.72040610762076,134.55549763649597],[178.35719016915314,134.51849257171116],[178.26044614264686,134.49352541672846],[178.32423870273624,134.44976510532535],[178.19241575989588,134.5116395992734],[178.385532720055,134.26560249036305],[178.57343253027796,134.31526926846539],[178.44631850677723,134.3104977877308],[178.57305199822122,134.36471671036145],[178.55462778871842,134.44834510411522],[178.6113056660617,134.4813709764422],[178.6277409818657,134.31548346094456],[178.71436386874052,134.42693998066324],[178.7052248828302,134.29205246908958],[178.90920275583852,134.33560440667512],[178.92350297936918,134.34441248745924],[178.9207505959487,134.41580102708664],[178.9113082509091,134.33769294256325],[178.82387174604867,134.42037427995274],[178.8247036247865,134.35071454604886],[178.7457228973542,134.4062105375962],[178.86740542105508,134.46594507656016],[178.68575088681013,134.44784210993873],[178.6297152567388,134.5869782382263],[179.14561645379,134.45149265657747],[179.17477407140433,134.35395628503167],[179.11458742635062,134.41179009053886],[179.11424909731988,134.3120323028445],[179.2667779092538,134.30595694464623],[179.29009183344323,134.32721252797066],[179.29014797152354,134.39308650458685],[179.30038025821915,134.30782442409674],[179.33603587651504,134.41456518602075],[179.20203938895042,134.38551258661585],[179.22733106672814,134.47400213559035],[180.06430646830108,134.53814426036973],[180.10758287466692,134.45546826015845],[180.0447350987757,134.38317467727597],[179.9562123269552,134.421747332299],[180.03946891644938,134.36219728281336],[179.67951793510764,134.4516861978006],[179.84238290571216,134.40445122261792],[179.62772501427025,134.35018142961604],[179.6639923351982,134.40616963430512],[179.50254171017792,134.37933868029117],[179.65693597402162,134.33769853495588],[179.56401951734995,134.30759276073704],[179.64142577979285,134.3208538904098],[179.54404533462045,134.2814058092792],[179.69582829694326,134.34269734700462],[179.63095325510398,134.27929115887184],[179.9192215195745,134.33108564041638],[179.81318132321974,134.26349170253346],[180.14205627599347,134.31577000060082],[180.05459331731564,134.27562657422962],[180.29174075516772,134.2838217408056],[180.57318970386027,134.42354316310832],[180.37448202351763,134.37232866044985],[180.4522685228316,134.42938646673895],[180.20039141937335,134.36374499854463],[180.33832243286878,134.43396396103768],[180.45418552136596,134.54553164061088],[180.6046248547839,134.45295102370648],[180.5845679033901,134.5239801382053],[180.66486893246983,134.41322547236538],[180.8974765789024,134.36976343162596],[180.99397190649512,134.36916295661842],[181.38166489285032,134.4436739977026],[181.50458862784703,134.38726560463732],[181.46267079208442,134.33112425492044],[181.43288876410628,134.3441771112908],[181.40715638172279,134.22085656968463],[181.41173417363805,134.34124950598635],[181.4501635450839,134.34954750823024],[181.46181988662863,134.34342532092577],[181.4721697658885,134.35857274568235],[181.43772313970743,134.3788562665533],[181.32311188880104,134.3602700685392],[181.3700682403434,134.29712348174434],[181.23403106257703,134.3357007229238],[181.310699618957,134.29940362360824],[181.21422787016195,134.29981896978546],[181.2262773338017,134.41076225737663],[181.13938484891875,134.3914703531312],[181.21237007729346,134.27697996240963],[181.13442770008314,134.18211053648284],[181.11775535906457,134.11583247003992],[181.13963471611825,134.17900288146953],[181.1551610606473,134.09146423334386],[181.6094173190009,134.29635504858769],[181.63997241100174,134.37431764112006],[181.54972673314987,134.3411302449191],[181.52651715223237,134.4457883309739],[181.60571946680375,134.3913064024144],[181.69637620652662,134.4194083677431],[181.58121282026426,134.4593465676056],[181.71780086433526,134.48122251791673],[181.46984816279996,134.48974892119136],[181.8908657491458,134.55187490061593],[182.62486102768025,134.4003164682637],[182.48586686577568,134.44694271889492],[183.15902556737458,134.48259597904914],[183.262740815356,134.29666134231968],[183.30069042370803,134.35101245525564],[183.2901014857776,133.9630918133443],[183.6395391366912,133.9157839939659],[183.84373335292702,133.97692579436907],[184.04772275253538,133.9289961554367],[184.05950686336354,133.93190015891048],[184.0833157429485,134.02670837558134],[184.11008013192577,133.9297980081847],[184.18749012622945,134.0366308461042],[184.19593338298216,133.93155503055038],[184.2527464430027,134.06934929720092],[184.22830277159522,133.93034397910748],[184.34379846439154,133.93721328438167],[184.3451285605708,134.05010272114322],[184.44124337102994,134.04099926911346],[184.37066865408792,133.96017637637235],[184.49065556424443,133.9688291886559],[184.44676637481774,134.04373695975028],[184.58847878369411,133.9369696424328],[184.64555772613932,133.99382056502986],[184.65624686406323,133.9223561890926],[184.75541166960778,133.93210351834188],[184.893046320963,133.96102016634197],[184.81041799243002,133.94926060396614],[184.8400569100234,134.0709341157688],[184.87289542657177,134.00011707550885],[184.95742543946753,134.0862242750605],[184.98107794782376,133.96729341561414],[185.2001778186439,133.9158314741587],[185.40682442252302,133.95233374888832],[185.38685825612873,134.04232422646618],[185.4657197596254,133.98455144565472],[185.48910354666256,134.05313249849087],[185.91721043994272,133.86892243577802],[186.0775037314542,133.86985426653297],[186.0944630220332,133.94473149412804],[186.224390092044,133.85484435794945],[186.2542343984082,134.10475440587956],[186.43529455927768,134.13074744590557],[186.70933738127488,134.03750981924574],[186.667031456181,133.78541223466686],[186.76347549483165,133.94813939872927],[186.75299941638076,134.1005879801196],[186.5912452958977,134.15877547485434],[186.40178898193594,134.14969740788197],[186.31109082802908,134.19770954837907],[186.41223424110188,134.17433078882553],[186.38720404693896,134.21209820079173],[186.05591751270117,134.2689686254819],[186.10421460015,134.3233436622056],[186.02072125084777,134.33248618789702],[185.96252303480213,134.2596824505214],[185.9374701578895,134.33680148626095],[185.86638293541347,134.24967367429264],[185.9114373325869,134.3561939513795],[185.85876055699748,134.28437232366718],[185.85935804265876,134.39578761353673],[185.8402618623249,134.30145363182157],[185.73575251082667,134.37119060712104],[185.73568569903793,134.30013709013932],[185.71391641858023,134.364181798441],[185.69957893821632,134.28355365871215],[185.7006778916474,134.35231314574304],[185.61580452855725,134.25610350590597],[185.63504501962277,134.31880627976392],[185.59841693990833,134.2639982434663],[185.68820627244872,134.4147287373374],[185.38869773266558,134.28179905615647],[185.41188896122566,134.4245007355002],[185.18032306625338,134.2319484366439],[185.22869475144148,134.42466248092722],[185.44780100150692,134.5130754667642],[185.83105975824998,134.43988523630424]]],[[[180.5063650301741,134.7833582180058],[181.47527969128737,134.52668314049248],[181.10177694413832,134.60661747055775],[181.00819569586378,134.58174768606233],[181.1072889539439,134.5754502420262],[180.9669817277726,134.56174126231065],[180.95891732907643,134.64580012860478],[180.8757609252561,134.52944495132672],[180.8692801092948,134.6229762621145],[180.8737380695568,134.55843643224404],[180.84588886254318,134.63196884814442],[180.80989124463358,134.577221983128],[180.79646313524643,134.65383686196208],[180.76180430377892,134.55383098759032],[180.61305348922247,134.64236825044497],[180.6518000762394,134.597011334997],[180.54241577829794,134.6018311259962],[180.5649219978436,134.73236837185226],[180.4937560556368,134.7375759013335],[180.50075707679375,134.6597041661244],[180.38142575100372,134.77618981436456],[180.47330306855903,134.64481270847202],[180.33566764244108,134.6625487582913],[180.35014793536772,134.59373788830408],[180.2801453732031,134.66268793299935],[180.29322509277006,134.54666313590548],[180.22854652338913,134.64530100977578],[180.19886638078918,134.56505464887135],[180.21824760129294,134.69748834856085],[180.3026150709301,134.77122531988613],[180.23056949580328,134.72444452275997],[180.24174293566358,134.77821131210493],[179.8665005243305,134.66014943475773],[179.81266727514526,134.7704856500949],[180.03562507027286,134.80343813881336],[180.5063650301741,134.7833582180058]]]]}},{"type":"Feature","properties":{"BNG_E":517517,"BNG_N":178394,"FID":7,"GlobalID":"9de12b3c-be3c-4bb3-9e7a-dc90b6204647","LAT":51.49228,"LONG":-0.30863,"RGN23CD":"E12000007","RGN23NM":"London"},"geometry":{"type":"MultiPolygon","coordinates":[[[[153.01119417890948,82.23058377776397],[153.02223290803425,82.15658903822096],[152.98586126113423,82.21102767479441],[153.01119417890948,82.23058377776397]]],[[[153.79670895708418,82.79615861317869],[153.34566479416856,82.65700288671778],[153.5413676338972,82.82291532213986],[153.79670895708418,82.79615861317869]]],[[[154.98906359771772,84.10286158385186],[154.9954344173924,84.05497111643226],[154.9249733816844,84.15095698564004],[154.98906359771772,84.10286158385186]]],[[[188.37809825746444,89.08215289761688],[188.36923367814953,89.04103478129399],[188.35190621094603,89.05005626745996],[188.37809825746444,89.08215289761688]]],[[[154.68230136514563,85.6984732615582],[154.461565922364,85.11581474141668],[154.55647231372222,85.56392589556475],[154.68230136514563,85.6984732615582]]],[[[156.5035771158671,87.4437172295583],[156.42050692827672,87.30612313863352],[156.40379098480105,87.37761395611889],[156.5035771158671,87.4437172295583]]],[[[156.70702056322423,87.54719850210785],[156.50389495211562,87.36011543980402],[156.59371049139187,87.49496312674019],[156.70702056322423,87.54719850210785]]],[[[156.76686731688068,87.57837125498898],[156.7266363649713,87.56197198842987],[157.05261893870892,87.71555210714823],[156.76686731688068,87.57837125498898]]],[[[188.24064626336116,91.52187551501248],[188.2743557754649,91.41913286797765],[188.13113217084043,91.27861237647518],[188.24064626336116,91.52187551501248]]],[[[159.91603231991678,87.9355499559856],[159.73440505534853,87.71216348248097],[159.93688830570898,87.97636308613588],[159.91603231991678,87.9355499559856]]],[[[169.5022945091798,113.13397669318026],[170.496460548967,112.90592681010897],[173.1802221740987,112.93193191507109],[173.49181506588445,112.28102417578319],[174.27862535964323,110.58329276200706],[175.84984957174487,110.47527343899085],[176.11985496951462,109.48626544931076],[176.71521796124279,108.95342254622322],[177.34358067495253,108.41200661399702],[177.82798585161646,108.64653383111613],[177.7485685423377,108.19809768719375],[178.3129832155597,107.75770755934624],[178.95818927731517,107.1008312008898],[179.81451610554035,107.18013626276925],[179.64422174024517,108.064399094752],[180.6754806096012,107.9751052175992],[181.1258651572274,108.51829639433637],[181.53487512402978,108.34822604195867],[182.49416599047208,107.92802223287174],[182.78533928878986,108.16856346890846],[183.6424521635365,107.87266114022475],[184.11817712647516,108.20851776936352],[186.2869680758103,105.94214704226556],[186.20970167960039,105.30649467157247],[186.79601030209966,105.13629378459149],[187.28453889895815,103.968114696819],[187.71378499313474,103.28845136653712],[188.05191479849333,102.635661063936],[188.51219081671698,101.69808511346054],[188.99661564351672,101.97150485136176],[189.2904539884129,101.2389148543079],[189.65594627258474,100.87166895030609],[189.93684239743828,100.2115469756575],[190.12565151612665,99.75132291103498],[188.90429067762577,98.15097016511243],[189.29079757563454,96.68804273737503],[188.98934540956785,96.54057349782424],[188.57118357206087,97.58685474138909],[188.45724482482123,97.02302029190335],[188.670888708698,96.43594487526657],[188.43808595009003,96.41105862981796],[188.92027928874282,95.28867344603674],[188.50065998251284,94.81958848692064],[188.73286706353065,94.16002792088491],[188.36086477994067,93.5751025190464],[188.36652039665483,92.79703789852428],[187.39286916813944,92.07684832439462],[186.7096108946281,93.38522048621746],[186.52203874921724,93.73412517873686],[185.0086718718144,94.10297745392728],[183.3115310928608,94.70516766897853],[182.3410351791784,93.76964005876926],[181.68469195504795,94.19287383082462],[181.616638508347,94.63866701058338],[181.26425350840225,95.60300667975456],[180.33613142272026,96.10264689197572],[179.8188594738335,98.0795438515537],[179.39039737620465,99.74857759714149],[179.24161166276411,100.13538307277929],[178.77806019752373,100.80821164233947],[179.36239836653635,99.80470726105646],[179.74555001200255,97.42476311658936],[180.29970259535085,96.08930671980367],[180.91401999918065,95.46585091141945],[181.2861861681749,95.44606632433928],[181.65064828405093,94.12530397039708],[180.66057270994997,91.7770198185184],[177.30694216804392,91.60600271654371],[176.38363284618515,93.84134584739883],[176.1935034839926,93.29024398959076],[176.27391112875588,93.8553468158816],[175.51147530588557,94.6668103103264],[175.9909979400082,96.34263068162308],[175.59284557945003,95.61807951623413],[175.47789903437985,94.64401780722547],[175.67884491208025,94.1172939033947],[176.22966891905975,93.83194572326637],[176.14776558288384,93.28149135339733],[176.29503138102984,93.23286176966802],[176.36616167141528,93.73807966343928],[176.36935541610373,93.14632574975198],[176.56557481739117,92.743787178536],[175.96274994877078,92.76455051372524],[175.59859748013088,91.8459160254636],[175.9837234839564,90.2781913358969],[175.5269673586633,89.57009927721853],[174.9451431994525,89.69820698158252],[174.2720385613074,92.85687539422142],[173.22082840377885,92.7966115924561],[172.27498666101852,91.70673739470848],[169.8136429816927,92.53659009918503],[168.19866317853425,92.16170245176181],[167.23959000463697,88.58274090386597],[164.30492552092102,87.5048161142451],[163.6761732677415,86.78249505390346],[164.01047711847218,86.88083865013448],[163.4483814574716,85.44981943429686],[162.19692997938546,84.99864206470117],[161.3724577038596,85.49995403092925],[161.18076610652503,86.9541548440963],[160.9237759548688,88.19690922105156],[160.19313884348963,88.2804195334428],[159.73854426941062,87.82721838086925],[159.63607722659333,87.44953040998277],[158.94377969661045,85.8599209140302],[158.20389054063628,85.7137075301651],[157.80480944768658,87.22324024499616],[157.24136878783136,87.82158592624924],[156.42029161972783,87.45822472152977],[156.04315267238422,87.21102109646948],[156.29109858220374,87.13252090467165],[154.5077174469811,85.70795755426025],[153.96117967444448,84.66107292644044],[154.38995059296485,85.04718393769696],[155.14466969336797,83.48864472608467],[154.69379164919025,82.99821086236336],[153.60566960454045,82.90356600208972],[153.0372947596183,82.41012094342291],[152.9575353717073,82.19594602664206],[153.0384879794757,81.46797229852363],[153.49641606163902,81.0786213109229],[153.08172416700822,81.55793472396957],[153.14475630796665,82.42998379700747],[154.019577319136,82.69185017589705],[154.88589026482597,82.96151251203636],[155.21632564831276,83.49142376202055],[155.05740970354066,84.18105299004719],[154.49233006708607,84.94950711913708],[154.7435557867985,85.63565243251868],[155.63507098978152,86.1860443888219],[156.64769236373112,87.39196477266101],[157.3718734494418,87.55424897904734],[158.26275781205192,85.48773029814328],[158.82885318505384,85.62633782969246],[159.35542357751288,86.29096667509019],[159.64472596547824,87.32710894021073],[160.4716266218378,88.17434593958419],[160.92873601322054,87.64397008198668],[160.96039904559694,85.73614005681182],[162.69951714300993,84.2882920392735],[162.6680785992041,84.71333550234765],[163.4582380332996,85.1452152152277],[164.4042653270921,87.14189693270714],[166.9256079291391,88.03556758249034],[167.79282876495154,88.95633158455469],[168.26979409374277,91.69194671307278],[168.7572162014788,92.15167837306939],[171.49410950199743,91.58126477060576],[171.30965917633335,91.24794488948572],[172.43722656653807,91.42886737435045],[173.3356239910642,92.44795370335034],[174.1395826438978,92.15154736021378],[174.37342980249156,89.81184627745397],[175.26773072910498,88.86012873463869],[174.9566154438229,87.9190495337876],[175.35290500939223,88.9128352265505],[176.28740497122664,89.83229680473583],[175.96857205668775,91.83375409131129],[176.26205613844456,92.3815431040541],[177.50924745445397,90.7570572216654],[180.99217143224155,91.17692026109839],[181.649363114474,93.04660426074346],[182.05382682210046,93.16568416179291],[183.63769323539526,93.92375861978095],[185.16394907940537,93.45489827470092],[186.00354285339898,93.31563628030352],[186.3534737927196,92.67099150531732],[187.06703204115033,91.31797383569352],[188.12695797875494,91.27356780935716],[188.27859490591007,91.41830654897291],[188.52421899693186,92.02486454216805],[188.73396795639817,91.9195622393091],[188.61764182590545,90.67859904620568],[188.70508770794515,89.81487729886064],[188.34448014622185,89.05523452058193],[188.33864702312036,88.8924923526614],[188.52072928105227,89.12495417791641],[188.55312606517847,88.72981880057296],[188.18391234680874,88.01717680099091],[187.3911186283221,86.7638244375342],[187.32976437044798,86.1080264994351],[187.0027271595102,84.9838413344259],[186.6805325193592,85.01552882296464],[186.25374646984267,82.82283622911166],[186.4129435791464,82.8863487400524],[186.1646363851833,82.42475130986537],[186.39504246092304,81.23274300411147],[185.78788538528102,80.88075675103515],[185.6454112703672,79.59804739635868],[185.2315754800708,78.69343781043938],[184.91161426508958,78.20755238195869],[184.58186012100705,77.7200265848217],[183.71863719107282,76.26550161859484],[182.67183004816596,75.83533674114645],[182.47935959228533,75.07738467558987],[181.8560119161944,74.43876044730743],[181.34903321985755,74.20895660213164],[179.7773112249866,73.03699177405329],[179.28308309098935,72.25666518640249],[179.46360527736573,71.9197522545783],[179.02857160933473,71.6253743569383],[177.15914995420366,70.90896820322847],[177.1058941738068,71.01365441899719],[176.27007173103567,70.76455647742873],[176.5660970322665,71.09666249848877],[176.12750162768754,71.38315833983535],[175.68918652290316,71.02905435814834],[174.48835776284403,70.26253771067192],[174.57061554511387,72.32138880755117],[173.75828582560217,72.40299194277186],[173.4347702526997,72.07103835380254],[173.10364620912313,72.54987151665856],[171.9989438121786,72.40061128593669],[170.98411473554455,71.83370781944117],[171.00207412254986,71.35397437830088],[169.74844408016753,70.87614705351143],[169.3115613259722,70.97996304430436],[168.20509066887024,70.61972407219017],[168.32772930055734,70.30878173091634],[167.10276659117713,69.79116190597935],[165.08213873747655,69.33471201918233],[164.2633005733478,69.91068745723234],[163.04442593561566,70.09229012662021],[163.09795835345693,70.49033743898335],[162.57973336479904,71.01057529579926],[162.9651838283402,71.07743448124872],[162.4230620772299,71.45425871616571],[161.76466911606906,71.7286357032805],[160.21637985313342,72.61843821234685],[159.15407199645284,72.34146216448315],[159.10068543552515,72.08205565755468],[158.67344192227063,72.15421990108604],[158.0615705392163,72.63462013258899],[158.8589382790242,72.82490763822211],[158.34453771754926,74.22592814455149],[157.12943838861923,74.73085681220263],[157.27813844157592,75.71347656352212],[156.3034741423135,75.98385639173524],[154.58421854967327,75.29954211372856],[153.84960182763865,74.2875934775053],[153.70386258578074,73.99820866195607],[152.78891386614282,73.98618741966573],[152.30499100134347,74.95683322936381],[152.26119001112488,75.21304154131964],[152.86251801018065,75.93347430412369],[152.8376983145299,76.44205393962307],[153.3338653308549,76.51040158290749],[153.2096244935739,76.72812984384251],[152.87574829400643,77.98152153927984],[152.26842876286915,77.99611378908811],[150.73222006205168,80.0519852069405],[149.97345607915733,80.04844569592125],[149.24786597096212,80.45759898017974],[149.5307809190858,81.24476749389464],[148.637824161908,81.75692691417822],[148.2621228937967,82.73765062674364],[147.33035986179982,82.99783227817176],[147.3778623132717,83.3266757477075],[147.0510742865058,83.4760669637659],[147.1577781721123,83.87046352664609],[146.70506891327335,83.86332331699579],[146.75996152562078,85.41778180540841],[145.68382992097892,86.43308173083643],[145.08712994224138,86.86234988710353],[145.85869177036648,88.81586441741469],[146.5846038705444,90.38462185529235],[146.40693705743047,91.34935454372246],[146.81489339222315,92.51151151056509],[146.7705399395012,93.35844143778468],[147.87642445860962,95.18953426758301],[147.97650566474175,95.87331564407205],[148.06163544117868,96.40474285888348],[148.2313497006573,97.02202731711378],[148.12998274674916,97.80797294688946],[148.39063613221714,99.0908050647864],[148.45909844945677,99.25441026858422],[149.1509263467434,101.01638820950717],[149.14022034925048,101.31921601296807],[149.55503856707492,102.06127153891859],[150.33394525132857,101.36040162067786],[150.99827046972874,102.35199716339002],[151.88450563124272,102.64532902093455],[152.6960945840656,102.90061362928576],[153.76327720232422,104.17268205001005],[154.93987280380784,105.17208682337845],[155.935479730108,106.3751312953438],[156.10343741931493,106.56732767441503],[156.85705312264398,107.3110188101606],[157.71570477025793,107.29088419518473],[158.24231080373525,107.72545109352367],[158.8325941672868,107.98474316123179],[158.98407365392717,108.17447370033429],[159.4296198343318,108.69375703299545],[159.69997645579176,108.49902397614373],[159.8656879233897,109.05873822436729],[160.1604293292022,109.71050861484304],[161.35277651371396,110.29114057172697],[161.42751244722973,110.12364894264257],[162.48700006472092,110.67180112450203],[162.34828743879075,110.92760151674545],[162.79103876395106,111.22235236283561],[163.41221455113964,110.87668305247513],[164.42526154353467,111.63720192709752],[164.96876856726786,112.61053184819662],[165.7125435183089,112.58987931517703],[167.32430600921958,112.9862708139807],[168.02300896433948,113.14892055703181],[169.5022945091798,113.13397669318026]]]]}},{"type":"Feature","properties":{"BNG_E":470064,"BNG_N":172925,"FID":8,"GlobalID":"8fe9fcbd-8ad6-46de-912e-4465ae6fde3d","LAT":51.45098,"LONG":-0.99308,"RGN23CD":"E12000008","RGN23NM":"South East"},"geometry":{"type":"MultiPolygon","coordinates":[[[[130.97931022352907,67.43301138164381],[130.98077796288203,67.43028497337195],[130.9795011004562,67.43187040492542],[130.97931022352907,67.43301138164381]]],[[[143.0579161703913,64.12032638834782],[143.0532453480122,64.11208772627705],[143.03783188972855,64.12351578866196],[143.0579161703913,64.12032638834782]]],[[[143.45495784483384,64.25688265275839],[143.4435148350501,64.26327356929322],[143.44460317978886,64.26550946101966],[143.45495784483384,64.25688265275839]]],[[[149.02136057620763,62.633058382484435],[148.93211072295549,62.73110861316764],[148.95243810409002,62.73721393235692],[149.02136057620763,62.633058382484435]]],[[[148.92016457344164,62.761135788844626],[148.9313549054709,62.74089317572236],[148.89315050330504,62.77729070873859],[148.92016457344164,62.761135788844626]]],[[[148.84154945268605,62.77903298751931],[148.84261516146353,62.79276525618635],[148.8846425961197,62.782025795305884],[148.84154945268605,62.77903298751931]]],[[[150.2859830582683,62.59807854159904],[150.2668447124557,62.59557070326221],[150.27463377836327,62.61147346132582],[150.2859830582683,62.59807854159904]]],[[[150.25973825790166,62.691850883907456],[150.3536941973188,62.620125709230884],[150.23636534958501,62.67004786551584],[150.25973825790166,62.691850883907456]]],[[[138.15974788371113,66.25836783622292],[138.3364389012495,66.201558547811],[139.09050358473186,65.04921869473807],[139.1406930431021,64.38924705446365],[139.2686194773243,64.09739960304313],[139.15319926289598,64.4221560798563],[139.2071899202948,65.0590651045937],[138.70372147698816,65.68749934280709],[138.58181411713792,66.05321679569948],[138.82523797029847,66.04269410419029],[139.22995246770034,65.77931749478738],[139.8984010140307,65.13403158608807],[139.84522871515054,65.05862394461597],[139.91445093741382,65.14336112172788],[140.485521250548,64.8400032827651],[140.3913654274546,64.8044874542728],[140.37425528288583,64.53696873649203],[140.4288982526621,64.79158876456506],[141.78619170621099,64.34698571040495],[142.90616730990604,63.66955921480291],[143.3184011221532,63.12108529609128],[143.48889057345383,62.7393379946038],[143.29603066353005,62.85529824769567],[143.28132483009054,62.957813515681984],[143.219515742984,62.817172816713814],[143.47302643793867,62.648703605228036],[143.53074330972535,62.76713302885273],[144.1024994994192,62.425132199893696],[144.1551319006747,62.30190376670195],[143.69139816511517,62.05247643503417],[143.71557126848987,61.955041504150614],[142.8927155252742,62.03953338855573],[142.49606170960146,61.83596484686074],[142.42018718310595,61.12637333033309],[142.5333007759994,60.89962794552426],[142.5000058757483,60.475948881826206],[141.32056242438668,60.32699952179537],[140.2503840690154,60.3933989577599],[139.95379078075186,60.54132091007375],[139.61489444733667,60.97734734733275],[137.7623672761188,62.598940473501074],[136.42471809454722,63.48842579583164],[135.417914985803,64.48699504483741],[134.8392304311301,64.76018044378121],[133.47152863668407,64.9210286155784],[133.32270737263997,65.03255655964594],[133.6268134955182,65.02218590355557],[133.5535570955295,65.26308720930777],[133.94819946520346,65.25587455116008],[134.10585587204085,65.60250981721902],[134.0250832287039,65.79436375610777],[134.22496770647254,65.90459180291292],[134.66467193578447,65.76933035816127],[134.5012776767399,65.79303984527277],[134.71900851467575,65.5466133916088],[134.63748769541044,65.50727079677897],[134.7381964796268,65.45498200596002],[134.6916867286876,65.40423812017714],[134.8324203681253,65.20022043340984],[134.7827767828679,65.13075435146433],[134.86229104713354,65.19722029290708],[134.7153990859033,65.42383479778627],[134.84975316055306,65.46682417882656],[134.7305040046606,65.60347847574727],[134.82318768244653,65.54530546894442],[134.6405735246637,65.73412152925852],[135.32438090767604,65.64225945319596],[136.08023536337515,65.850853977747],[136.40201284324013,65.6972222299781],[136.30819002951338,65.73959502001527],[136.40982869092184,65.6652586647613],[136.19203941407446,65.77116475150623],[136.41036810921133,65.61558544775306],[136.3216501815518,65.58243828040953],[136.4271229233475,65.56881011518698],[136.40017367856427,65.41522253384109],[136.1769574780664,65.35721770845831],[136.25996929344473,65.35200900422576],[136.08174579976182,65.23983491464955],[136.24022625280134,65.21484292874102],[136.45832005239438,65.45680221295919],[136.5921992103589,65.11930984856748],[136.51351344944456,65.34090188226135],[136.64870829118735,65.24314994505458],[136.52436745014506,65.4162004019067],[136.84637937034947,65.21846563375966],[136.55506262993413,65.47999392068144],[137.21479061909542,65.19908440127952],[137.29166143557865,65.08541358608757],[137.1654953368535,65.30122000346327],[137.34164824637153,65.30941656334632],[136.8738506336288,65.38631038022325],[136.99591359257647,65.47633610643075],[136.65109345727217,65.62784322863162],[136.72383897040953,65.6568645466313],[136.54185485041282,65.71380673742937],[137.49360493323908,65.74773797968415],[137.54621197861425,66.01834153972568],[137.9237127343855,66.28022428319056],[138.15974788371113,66.25836783622292]]],[[[150.3606140937224,62.73636458308452],[150.40235598954877,62.70420023168587],[150.33077502620708,62.72307450664558],[150.3606140937224,62.73636458308452]]],[[[149.84488328860695,62.865885786344165],[149.70233238326333,62.89436345116565],[149.73474104929386,62.89418333417281],[149.84488328860695,62.865885786344165]]],[[[142.62538387903166,65.01097129950239],[142.6231632221356,65.00559265980131],[142.61242345234487,65.01247439302927],[142.62538387903166,65.01097129950239]]],[[[150.10404148023997,62.964838816910365],[150.09844082970187,62.95788851449856],[150.076883671888,62.968449035837935],[150.10404148023997,62.964838816910365]]],[[[150.045278182182,62.98384394519246],[150.0684974615275,62.95620105346083],[150.06934107095068,62.95212531201945],[150.045278182182,62.98384394519246]]],[[[150.0473751820723,63.00037518064657],[150.05628401357274,62.98671974631925],[150.0467142030642,62.99963403292265],[150.0473751820723,63.00037518064657]]],[[[150.11120936802214,62.97466243861706],[150.08791217147834,62.9785541511743],[150.06547483854334,62.999342734051126],[150.11120936802214,62.97466243861706]]],[[[150.01093368475512,63.013624915909304],[150.00743845048004,63.00007230816402],[150.0026785936229,63.01298491301204],[150.01093368475512,63.013624915909304]]],[[[150.02601780609746,63.01355547917653],[150.00518042285006,63.014292572366635],[150.01336370026812,63.02142534648314],[150.02601780609746,63.01355547917653]]],[[[150.03937283457967,63.00753862332386],[150.03137429977676,62.9953486414955],[150.02714783142713,63.01430105233135],[150.03937283457967,63.00753862332386]]],[[[150.14377234746266,62.99937624809354],[150.15541489189798,62.97781808062203],[150.12886625030518,62.986991868895814],[150.14377234746266,62.99937624809354]]],[[[150.11266631014638,62.99382654965845],[150.1005280597448,62.99356353650993],[150.1055932982001,63.01004444471094],[150.11266631014638,62.99382654965845]]],[[[150.058743994611,63.02021387930475],[150.04875611783655,63.00648209793201],[150.04334596942525,63.01595949686154],[150.058743994611,63.02021387930475]]],[[[150.0199308164406,63.028455731465876],[150.00520265082986,63.02598163252232],[150.01384722703284,63.035312300184565],[150.0199308164406,63.028455731465876]]],[[[150.02724230780433,63.03742307697237],[150.0341333328787,63.03448609490977],[150.03414999046257,63.01940897897465],[150.02724230780433,63.03742307697237]]],[[[150.04136916003412,63.02952901687615],[150.03497677720696,63.020083778520174],[150.0372133523925,63.03555464324765],[150.04136916003412,63.02952901687615]]],[[[150.09637740174335,63.02714900723701],[150.11002378722958,63.022053630402006],[150.09370161253287,63.01080315316203],[150.09637740174335,63.02714900723701]]],[[[150.05566429559516,63.03495169383671],[150.05120474314344,63.02340229206652],[150.057512896314,63.0474386045864],[150.05566429559516,63.03495169383671]]],[[[136.4961838015916,67.07049000157129],[136.28429848502466,67.08813565453707],[136.5417719680657,67.0795536509047],[136.4961838015916,67.07049000157129]]],[[[153.97607018773797,62.401174529799206],[153.9632097286807,62.39768360807187],[153.95088719013697,62.40029237477102],[153.97607018773797,62.401174529799206]]],[[[171.49770812126908,60.86316824781747],[171.53824603562975,60.820213944507714],[171.46107991358733,60.828007037826076],[171.49770812126908,60.86316824781747]]],[[[146.9686580571526,64.70495376665501],[146.92359532737203,64.7086791203781],[147.01436485404238,64.71558372766451],[146.9686580571526,64.70495376665501]]],[[[142.20841870250808,66.21579251236625],[142.1018162200277,66.23865321746386],[142.13748755431857,66.39995757475126],[142.20841870250808,66.21579251236625]]],[[[147.24682225134464,64.90435031676182],[147.22325060414695,64.88250988282067],[147.23433092726083,64.9246309587038],[147.24682225134464,64.90435031676182]]],[[[144.02922574433651,65.90873785694072],[144.09872424752757,65.8143147422859],[144.01377971838977,65.86101228227017],[144.02922574433651,65.90873785694072]]],[[[143.87049661864984,66.03544376988393],[143.90549241758694,65.93258883213066],[143.82340265757793,66.02038637601098],[143.87049661864984,66.03544376988393]]],[[[147.1434652196647,65.11258973352629],[147.15822306177637,65.09916348206282],[147.1382033943751,65.10570572558751],[147.1434652196647,65.11258973352629]]],[[[147.13445500434864,65.1119650514092],[147.11931502100808,65.1281361330992],[147.1451839731494,65.11665248112885],[147.13445500434864,65.1119650514092]]],[[[144.8684057752641,65.86526211764465],[144.84302901051495,65.77799292829741],[144.9804520728719,65.79329837753647],[145.29166859196337,65.5705117868519],[145.377061965029,65.06463106809916],[145.30265597984857,65.1649337145096],[145.06155279274944,65.22702700864579],[145.29096294989822,65.12519177488964],[145.14700891647414,65.10121471023443],[145.02694809006866,65.20051846377144],[145.19644939461335,64.99906761326163],[145.44570347504828,64.96095361102552],[145.58323225923905,64.8435819054222],[145.60805284455913,64.66085576309965],[145.36353222720956,64.64900522794078],[145.41099080722495,64.56245440381721],[145.60307831834453,64.56804399588816],[145.80965674229057,64.37094333360263],[145.59559443397782,64.39063081581916],[146.0036147490862,64.3429247785218],[146.11874537303666,64.2695254897325],[146.010596627563,64.37487503783369],[146.12443103290963,64.34181083197177],[146.2037661111878,64.16073516038006],[146.07012329966759,64.13065452007548],[144.25427724363695,64.85037617856243],[144.00314848652243,65.1986246370192],[144.21962524986364,65.04494661017797],[144.18837964898012,65.11757304938872],[144.40599647281454,65.00186392315842],[144.4915477160046,64.99792759829258],[144.40595955929524,65.01950122246808],[144.7236903999282,65.16152401786167],[144.66872519956965,65.5882091108329],[144.45802307419692,65.82605708261866],[144.8684057752641,65.86526211764465]]],[[[144.0137738239535,66.11693178581638],[144.14082387394132,65.9571695506139],[143.94526588241615,66.10764068652855],[144.0137738239535,66.11693178581638]]],[[[145.38395624978915,65.71527891445955],[145.38424506513928,65.70082506083595],[145.33673617629174,65.71749791655189],[145.38395624978915,65.71527891445955]]],[[[142.98723683279076,66.40764544645891],[143.1658939461663,66.32050477197271],[143.71398067323096,65.26180319714555],[143.630654286359,65.18165416776966],[143.89871326295528,65.13805197834466],[143.88197370683355,65.2456734342564],[143.9802578280067,64.99858352656862],[142.7845711539428,65.12985561244403],[142.1509282306258,65.68173846281391],[142.2426356871464,65.6653080698143],[141.95049535989946,66.12579372354847],[142.06085728314736,66.0164749684779],[142.07890604079748,66.16958609279443],[142.37387902783007,66.03323232637322],[142.2764185489332,66.12936487063912],[142.30214692383885,66.25022247854228],[142.00241336243857,66.60208797362263],[142.1034732640842,66.61857627772714],[142.35883868999787,66.4270403263047],[142.3740436984163,66.69986189937997],[142.98723683279076,66.40764544645891]]],[[[162.03439554873628,61.73908996658524],[162.0032306194199,61.74465634342757],[162.0317801469407,61.74443505554089],[162.03439554873628,61.73908996658524]]],[[[143.65805760381198,66.31198709890492],[143.93502132965966,66.14764375173914],[143.643081699824,66.24678757907746],[143.65805760381198,66.31198709890492]]],[[[162.0823602823414,61.73170302058225],[162.0598240327152,61.731579331271675],[162.08143879151183,61.744207284675724],[162.0823602823414,61.73170302058225]]],[[[162.19451604827606,61.7210564635546],[162.18069792080644,61.72178208895047],[162.17698079587726,61.72744264728637],[162.19451604827606,61.7210564635546]]],[[[161.96269995191767,61.764835716544916],[161.92301489825877,61.76243697193519],[161.95559936505686,61.76943385623592],[161.96269995191767,61.764835716544916]]],[[[162.1468559248769,61.73071512996323],[162.1194410761094,61.73119884258497],[162.11970431415915,61.73844389737224],[162.1468559248769,61.73071512996323]]],[[[162.17400256018863,61.727409957233654],[162.16487679774468,61.72115895810165],[162.14649331164696,61.73346765537093],[162.17400256018863,61.727409957233654]]],[[[162.11233690167143,61.726865323116044],[162.08657072553905,61.743626143198085],[162.11589048024538,61.73952362041371],[162.11233690167143,61.726865323116044]]],[[[162.02760851891605,61.766763377438004],[162.08022468171583,61.749021684350325],[161.96698188047964,61.76956298418933],[162.02760851891605,61.766763377438004]]],[[[143.62546523155436,66.36901043230694],[143.64284714993704,66.3516189164524],[143.62503286329252,66.33768551408569],[143.62546523155436,66.36901043230694]]],[[[143.60746791064673,66.39728341852107],[143.60468645565192,66.37415634449498],[143.58556934621936,66.4025224931478],[143.60746791064673,66.39728341852107]]],[[[143.58362289721185,66.41881937215545],[143.5770566259004,66.40610090289923],[143.56797314098222,66.41995037984276],[143.58362289721185,66.41881937215545]]],[[[154.34089661608718,63.38633044366335],[154.35381882545664,63.37261707673881],[154.3035609839857,63.417627014813796],[154.34089661608718,63.38633044366335]]],[[[154.3113953435016,63.43779110816758],[154.31270503664098,63.41668989298591],[154.29772458457734,63.42232141864173],[154.3113953435016,63.43779110816758]]],[[[155.0320047775011,63.827293794605886],[154.78090122767546,63.879597007000385],[154.73966037615475,63.99109428684204],[155.0320047775011,63.827293794605886]]],[[[154.27830321263215,64.62560357389361],[154.26914303996233,64.61542241149755],[154.2662892170023,64.62746040132555],[154.27830321263215,64.62560357389361]]],[[[170.78260270109183,62.653690486936426],[170.28887218904458,62.61836586820851],[170.59979159848896,62.762641226838795],[170.78260270109183,62.653690486936426]]],[[[154.66136911991418,65.65136096618623],[154.2616887087553,65.80752780775985],[154.6134827834771,65.67640781753278],[154.66136911991418,65.65136096618623]]],[[[198.25641050741672,85.1847658685837],[198.3030547488355,85.17029004862117],[198.25576513294737,85.16081565925717],[198.25641050741672,85.1847658685837]]],[[[201.4425285638368,85.94864654904873],[201.34023268914845,85.7368821993793],[201.41057673827402,85.28334827454772],[201.496780885019,85.18526264681572],[201.38361999871577,85.05209180782066],[201.10203319211456,85.51467378987115],[201.2570703508698,85.76449890790862],[201.32095939712173,86.05888123991542],[201.4425285638368,85.94864654904873]]],[[[195.10041331747658,86.57860019291773],[195.17221937594644,86.53884548163916],[195.1080297126389,86.53591783430636],[195.10041331747658,86.57860019291773]]],[[[195.09784156556822,86.5721437958567],[195.0956370529004,86.53430997912155],[195.07728280768862,86.54856461604355],[195.09784156556822,86.5721437958567]]],[[[195.08087165335024,86.58321815110405],[195.07648469170982,86.55038374916366],[195.05907296603698,86.588633857569],[195.08087165335024,86.58321815110405]]],[[[195.68299201223022,86.90909580740694],[195.673527256336,86.90541301101078],[195.6753813099746,86.92434830874684],[195.68299201223022,86.90909580740694]]],[[[195.61729036831295,86.89987823224769],[195.62424600137814,86.84554390104671],[195.6065144113441,86.88913188812366],[195.61729036831295,86.89987823224769]]],[[[195.6450444710863,86.98149987066493],[195.6375375324233,86.8786451217766],[195.62763847449924,87.0080243672135],[195.6450444710863,86.98149987066493]]],[[[195.50356540804592,87.06501863166082],[195.49265895361305,87.02223455367225],[195.4892855673513,87.07120688651015],[195.50356540804592,87.06501863166082]]],[[[195.48536109292806,87.02450368000443],[195.4639392488665,87.0044386907235],[195.47542935643398,87.08401153526636],[195.48536109292806,87.02450368000443]]],[[[194.5628699372786,86.92783555831215],[194.56001523630243,86.9113812552028],[194.5543107092988,86.92409721255548],[194.5628699372786,86.92783555831215]]],[[[194.57826900410487,86.91562458400932],[194.56154346175197,86.91368061402162],[194.5633525827879,86.92851336700708],[194.57826900410487,86.91562458400932]]],[[[195.38822333944194,87.07357961073494],[195.4232858382486,86.96007001951955],[195.37341159667562,87.09478058672022],[195.38822333944194,87.07357961073494]]],[[[195.47472372888888,87.08578281227437],[195.43309583762385,87.0261923763674],[195.4601609623555,87.09906639487366],[195.47472372888888,87.08578281227437]]],[[[194.65613626860758,87.00361845831539],[194.64733763825927,86.95168533236708],[194.63791747693102,86.99662717858966],[194.65613626860758,87.00361845831539]]],[[[194.81170731370523,86.96255887664104],[194.80008093700394,86.9539994765118],[194.806654089357,86.9835523635074],[194.81170731370523,86.96255887664104]]],[[[195.407960185494,87.11290999197283],[195.4053123803917,87.09299496582156],[195.3941932642714,87.17469589386505],[195.407960185494,87.11290999197283]]],[[[194.8112102223788,87.00183657769864],[194.80635700506213,87.00041979360562],[194.80989085821483,87.0190224365891],[194.8112102223788,87.00183657769864]]],[[[194.6549327319536,87.03034259027619],[194.6420737928019,87.03090611762407],[194.63774549982287,87.05303428055375],[194.6549327319536,87.03034259027619]]],[[[194.80486919378168,87.02192307120711],[194.80200535380118,87.01977713608771],[194.80862319758052,87.03648599531635],[194.80486919378168,87.02192307120711]]],[[[195.45039515143307,87.18654393400902],[195.4453438664365,87.17909389572345],[195.45689494755396,87.21359853110772],[195.45039515143307,87.18654393400902]]],[[[194.82383859649573,87.0557994147524],[194.79603704888737,87.05701755369992],[194.81223867848468,87.07150724987194],[194.82383859649573,87.0557994147524]]],[[[195.4496354384091,87.22523440120251],[195.4432549614581,87.19507950455062],[195.44806394803538,87.25360545802789],[195.4496354384091,87.22523440120251]]],[[[194.52317658105164,87.60692244022715],[194.51316585426673,87.57613393345807],[194.49656500145386,87.56777001249255],[194.52317658105164,87.60692244022715]]],[[[194.52255234895352,87.71649102013728],[194.52807999814632,87.64038721877291],[194.51257287833647,87.62910445748722],[194.52255234895352,87.71649102013728]]],[[[193.57823156404487,87.98638999763173],[193.56620295641727,87.9611672250252],[193.570913496276,87.9931855474266],[193.57823156404487,87.98638999763173]]],[[[193.22058768226128,88.14257541724572],[193.21770104077476,88.12710666681762],[193.21755510762384,88.15395832678779],[193.22058768226128,88.14257541724572]]],[[[193.19746837587837,88.11535001986137],[193.19244844380515,88.11024424437169],[193.19931818677364,88.14533994181868],[193.19746837587837,88.11535001986137]]],[[[193.21173392589367,88.1723992878997],[193.21368887678236,88.15475876414338],[193.208309016471,88.16193512881385],[193.21173392589367,88.1723992878997]]],[[[193.21851100317767,88.18229772366044],[193.21607070029881,88.16460383621421],[193.21215290374474,88.17426731584823],[193.21851100317767,88.18229772366044]]],[[[193.23082441323106,88.19570451410956],[193.23614985618053,88.18929946052339],[193.224665985344,88.12220759443493],[193.23082441323106,88.19570451410956]]],[[[193.22419018843465,88.18139357186381],[193.22298353444364,88.163663576756],[193.21876062768334,88.17180701877881],[193.22419018843465,88.18139357186381]]],[[[193.20375016957695,88.15429578955433],[193.2008058302865,88.13690422525515],[193.20955997175176,88.1906121522576],[193.20375016957695,88.15429578955433]]],[[[193.22012397879627,88.2131715659576],[193.22820347872818,88.21685409161466],[193.22590184281856,88.19889233480525],[193.22012397879627,88.2131715659576]]],[[[193.90552175145498,88.41525722875922],[193.8970498268665,88.40050533001258],[193.90384813863204,88.43902673140641],[193.90552175145498,88.41525722875922]]],[[[193.91154741893217,88.43369885410748],[193.90813999698372,88.41133912099029],[193.9088001466875,88.4471073050418],[193.91154741893217,88.43369885410748]]],[[[192.99712446832586,88.14087199874214],[192.97513087202694,88.11698711057836],[193.00343552529932,88.25426424478131],[192.99712446832586,88.14087199874214]]],[[[193.57281222681098,88.65842372720714],[193.56746321926192,88.6712175759733],[193.57134219128966,88.68069786905122],[193.57281222681098,88.65842372720714]]],[[[193.57494108478423,88.68999693456199],[193.5724293886779,88.67648181040458],[193.57199240301236,88.69491022536155],[193.57494108478423,88.68999693456199]]],[[[193.59026934755076,88.7754844297753],[193.58058004559774,88.70432439317588],[193.56813291130337,88.71955171271749],[193.59026934755076,88.7754844297753]]],[[[193.73739418239683,88.84254881116904],[193.6483623476346,88.40384464728189],[193.62201453270467,88.59611771272617],[193.73739418239683,88.84254881116904]]],[[[194.22936622460202,88.73723331061964],[194.22371190078158,88.71207608141933],[194.2185282448056,88.75343913538353],[194.22936622460202,88.73723331061964]]],[[[193.18258237508732,88.89080641340225],[193.1969228972368,88.64673579312304],[193.1681115874611,88.8436412010526],[193.10842135134058,88.38935837351926],[193.05981560300464,88.74594088792001],[193.18258237508732,88.89080641340225]]],[[[193.89396439962889,89.20368713510217],[193.88897483667782,89.1981463482633],[193.88837248119273,89.2316755605141],[193.89396439962889,89.20368713510217]]],[[[193.21268407840049,89.3188920286551],[193.20477456599906,89.24919642149665],[193.1941844287637,89.29520820122123],[193.21268407840049,89.3188920286551]]],[[[193.16756175411155,89.27762815382084],[193.18873287379785,89.26328381131313],[193.15891874066384,89.1972101025276],[193.16756175411155,89.27762815382084]]],[[[192.90532847816303,89.05742233259768],[192.9557321225451,89.05449723405306],[192.97599744001397,88.7983066175333],[192.8393328403975,88.61501337030464],[192.90532847816303,89.05742233259768]]],[[[193.0807225554724,89.23515331664196],[193.11985565886928,89.25101547189428],[193.0678242889432,89.16741579419313],[193.0807225554724,89.23515331664196]]],[[[193.2235691329687,89.40731947719574],[193.17063066881556,89.28778196039313],[193.1545809647148,89.31052398694652],[193.2235691329687,89.40731947719574]]],[[[193.92462481843415,89.71453144528499],[193.9199733286875,89.63374185464883],[193.91549518578404,89.71700475609678],[193.92462481843415,89.71453144528499]]],[[[193.90459679577665,89.73695108938067],[193.90068561686377,89.73490501329695],[193.8992341291034,89.77806435145658],[193.90459679577665,89.73695108938067]]],[[[193.76659382720493,89.91456365754927],[193.83791107869897,89.84232875566616],[193.84976641209303,88.84580432927346],[193.6590414337016,88.97511060820173],[193.60701662326522,89.57477640961437],[193.6680247746222,89.75976205257689],[193.694828685044,89.52456665913232],[193.6924527245194,89.65952233077311],[193.75813385295933,89.67073980776829],[193.76659382720493,89.91456365754927]]],[[[194.0139465340537,90.2974178558545],[194.00758798120128,90.28874280184108],[194.0112209088309,90.30867256251226],[194.0139465340537,90.2974178558545]]],[[[194.1208986766911,90.27807073327516],[194.12933196543264,90.21040154876496],[194.1046596103382,90.26581971933088],[194.1208986766911,90.27807073327516]]],[[[194.0288802863249,90.33383199880112],[194.01425713340691,90.2985441389531],[194.00967371878568,90.33454848351738],[194.0288802863249,90.33383199880112]]],[[[194.19651506928165,90.09717106408884],[194.18582279360348,90.32809454083751],[194.20214304386863,90.02581427834124],[194.19651506928165,90.09717106408884]]],[[[193.9913589966721,90.3870747793414],[194.00738043846027,90.37895058141581],[193.97922892703738,90.37563690976707],[193.9913589966721,90.3870747793414]]],[[[194.18240254027688,90.31575311140918],[194.19052580901842,90.21088404414326],[194.17097263561513,90.32861766106666],[194.18240254027688,90.31575311140918]]],[[[194.19651506928165,90.09717106408884],[194.17032470366402,90.1327238015021],[194.1499279767525,90.33094777809599],[194.19651506928165,90.09717106408884]]],[[[194.0375269749058,90.3812586413878],[194.02172394073523,90.37891767169761],[194.03407851698435,90.39333173239623],[194.0375269749058,90.3812586413878]]],[[[194.06020641754054,90.40635795774502],[194.0580252650869,90.39117662447028],[194.05202763547823,90.40654544596714],[194.06020641754054,90.40635795774502]]],[[[194.0533382641445,90.39138324163055],[194.03944118895598,90.38933984568602],[194.0511573033744,90.40971817586312],[194.0533382641445,90.39138324163055]]],[[[194.07989968555074,90.42569496036312],[194.06789020846426,90.38715347254637],[194.0589972854653,90.39375301334162],[194.07989968555074,90.42569496036312]]],[[[194.09984151075528,90.41710046330743],[194.1031924456926,90.372086947712],[194.09983314340926,90.31187034789124],[194.09984151075528,90.41710046330743]]],[[[194.11501506333224,90.49450380343504],[194.12043065352356,90.44341564538341],[194.10579022675975,90.39870449630091],[194.11501506333224,90.49450380343504]]],[[[193.29710867990113,90.55003917134879],[193.28862993707688,90.51024429701044],[193.28307472067172,90.52895985678457],[193.29710867990113,90.55003917134879]]],[[[193.22184700249574,90.49787788570465],[193.21409108422063,90.47247541094495],[193.21751983009696,90.49606573992128],[193.22184700249574,90.49787788570465]]],[[[193.36658738027842,90.62095273628765],[193.38975812311097,90.16872401604735],[193.33308277744027,90.40464995613878],[193.36658738027842,90.62095273628765]]],[[[194.13785904068396,90.48962788266566],[194.14673868253794,90.43230171793006],[194.11988107274362,90.48378272894786],[194.13785904068396,90.48962788266566]]],[[[193.7454156673934,90.64966128986491],[193.82018554126637,90.53209138060372],[193.81127040253935,90.03001637692729],[193.71760489498038,90.3670169810099],[193.660921582193,90.00240108404638],[193.64724546378488,90.45644942443458],[193.57281029553496,90.27242323045245],[193.58996579716433,90.51014806039646],[193.7454156673934,90.64966128986491]]],[[[194.15305579086495,90.5440314253843],[194.14971123931045,90.49050168078882],[194.13586755750504,90.50839431276044],[194.15305579086495,90.5440314253843]]],[[[193.233046826674,90.5568340127438],[193.22518409015413,90.50127006418255],[193.23095510240344,90.56247561369639],[193.233046826674,90.5568340127438]]],[[[194.16846510494514,90.55293466288138],[194.14470230521982,90.5469461091179],[194.17745858588265,90.59040621935317],[194.16846510494514,90.55293466288138]]],[[[193.2449764470008,90.68698963249945],[193.24018135321663,90.65709180166171],[193.24326560582278,90.71752821056441],[193.2449764470008,90.68698963249945]]],[[[193.30159646421504,90.78517384522723],[193.302413280472,90.74543251054271],[193.2989415891977,90.75056373727462],[193.30159646421504,90.78517384522723]]],[[[193.27951386454538,90.80319173996531],[193.2860877450539,90.79040425586805],[193.2742685180566,90.78222320378427],[193.27951386454538,90.80319173996531]]],[[[193.40527678077828,90.90762179114782],[193.36616387644776,90.8239382884267],[193.39553283006168,91.0161338395045],[193.40527678077828,90.90762179114782]]],[[[193.34561442110723,90.97868581391126],[193.345453174053,90.946461892812],[193.3449853263915,91.0283415132748],[193.34561442110723,90.97868581391126]]],[[[193.41565926717522,91.23686402822676],[193.4176841386255,91.2050077014883],[193.40965429184766,91.20279219799379],[193.41565926717522,91.23686402822676]]],[[[193.4342387250079,91.29641629149116],[193.42591860611503,91.2757150749313],[193.42439057515418,91.29284416051732],[193.4342387250079,91.29641629149116]]],[[[193.40817396181149,91.31842711811692],[193.39406995819257,91.26713630260826],[193.39786682582084,91.3401179108011],[193.40817396181149,91.31842711811692]]],[[[193.43242822698062,91.35677762628669],[193.41971960115225,91.33784124114763],[193.41771211435633,91.35825866594885],[193.43242822698062,91.35677762628669]]],[[[193.3596613655787,91.3229825337621],[193.3494932483697,91.31062018267173],[193.343867787704,91.35611267691944],[193.3596613655787,91.3229825337621]]],[[[193.4938665613724,91.5375450503067],[193.48735788416468,91.48343768081403],[193.48341864211878,91.56692842930563],[193.4938665613724,91.5375450503067]]],[[[193.68925652189404,91.53656264995672],[193.6815348783353,91.50185389755204],[193.69483979517207,91.56441720440661],[193.68925652189404,91.53656264995672]]],[[[193.42646871724747,91.63479090137486],[193.41780254234425,91.5721948353831],[193.42441819861995,91.6432820616501],[193.42646871724747,91.63479090137486]]],[[[193.71437121778618,91.63303535236649],[193.6948237979027,91.56963493000407],[193.6967898196042,91.64132857164762],[193.71437121778618,91.63303535236649]]],[[[193.6977178586542,91.65630257836264],[193.69525564456248,91.64777241494818],[193.68975347093195,91.6791299335165],[193.6977178586542,91.65630257836264]]],[[[193.43574817705058,91.66802356016778],[193.4382418355462,91.58937321130095],[193.41698427357954,91.5323786061508],[193.43574817705058,91.66802356016778]]],[[[193.41113039231928,91.65449678283568],[193.4206775961332,91.65307185070043],[193.4019570840567,91.61243421480414],[193.41113039231928,91.65449678283568]]],[[[193.39902405589163,91.66747612332937],[193.39542150831062,91.65839007586214],[193.400152225415,91.72620651496072],[193.39902405589163,91.66747612332937]]],[[[193.37381541815915,91.70692233183777],[193.38787256393536,91.71110426938759],[193.3819849803221,91.65274041284701],[193.37381541815915,91.70692233183777]]],[[[193.3583968275255,91.70588146094791],[193.338106830093,91.48696392014219],[193.35138078512506,91.72873934407096],[193.3583968275255,91.70588146094791]]],[[[193.4222950263573,91.7114182311834],[193.43608705159647,91.82789571575996],[193.4399285751074,91.82409132065126],[193.4222950263573,91.7114182311834]]],[[[193.3919182236943,91.77317189562979],[193.39405962992046,91.7534702419331],[193.38128153803078,91.76928255951435],[193.3919182236943,91.77317189562979]]],[[[193.41258227814913,91.812232462844],[193.4151857869352,91.77457193045227],[193.4026847438901,91.78739511448423],[193.41258227814913,91.812232462844]]],[[[193.37826101057271,91.80327250491534],[193.39293106572495,91.80361864457856],[193.38563610149538,91.772897866252],[193.37826101057271,91.80327250491534]]],[[[193.48131052850889,91.5675657491607],[193.4720206891078,91.60481838306235],[193.4788466694505,91.89745011807406],[193.48131052850889,91.5675657491607]]],[[[193.61808733016974,91.8893702787721],[193.64353547515591,91.69974611729648],[193.6109972693564,91.75111254450353],[193.61808733016974,91.8893702787721]]],[[[193.6995512774577,91.90125872026681],[193.71196671034966,91.78822277063475],[193.69954865682746,91.7906898363623],[193.6995512774577,91.90125872026681]]],[[[193.55904118052567,91.92058451071387],[193.59093223007784,91.78265684100955],[193.51684883853886,91.7489078570365],[193.55904118052567,91.92058451071387]]],[[[193.6562195942634,91.93618865715595],[193.6535749941641,91.9149981425893],[193.64431013913492,91.93332529584771],[193.6562195942634,91.93618865715595]]],[[[193.67329965762076,91.88763186966548],[193.66770694885324,91.86861858985478],[193.66787877935113,91.93420977070052],[193.67329965762076,91.88763186966548]]],[[[193.4153699917759,91.91156565673799],[193.4096122291694,91.85915375356285],[193.4145622770187,91.9327769129848],[193.4153699917759,91.91156565673799]]],[[[193.6400332801399,91.93327929587119],[193.61630099205183,91.89301268946805],[193.615919401683,91.94328378472282],[193.6400332801399,91.93327929587119]]],[[[193.41683768625992,91.88137893804402],[193.41135860515922,91.85246493212304],[193.42215253846194,91.95565502590522],[193.41683768625992,91.88137893804402]]],[[[193.4913056763391,92.01903136806557],[193.49720820807917,91.90291432125487],[193.45723097708807,91.94043105924075],[193.4913056763391,92.01903136806557]]],[[[193.47059428159378,92.04009702387604],[193.465852024176,91.98039426630912],[193.46641963913692,92.03387198144016],[193.47059428159378,92.04009702387604]]],[[[193.46190221997725,92.01471909777274],[193.46168434622413,91.97441024757921],[193.45185536645957,91.95279872944532],[193.46190221997725,92.01471909777274]]],[[[193.61682053383743,92.01555510972783],[193.60837298184546,91.89960643065083],[193.59756200562768,91.98656118970852],[193.61682053383743,92.01555510972783]]],[[[193.42500050258832,91.97885005667487],[193.418308149858,91.95351843278333],[193.41732768605812,92.00255657210408],[193.42500050258832,91.97885005667487]]],[[[193.4471432388612,92.0410930853805],[193.42357221184963,91.77849218974266],[193.4319792066039,92.04258389412173],[193.4471432388612,92.0410930853805]]],[[[193.49785657648073,92.09830108703676],[193.52162760643117,92.06382656131743],[193.4930965208813,92.0712776681665],[193.49785657648073,92.09830108703676]]],[[[193.420469937872,92.11116261878809],[193.4173203278925,92.03411078301727],[193.40637748223998,91.98016120422247],[193.420469937872,92.11116261878809]]],[[[193.61831677349204,92.27678500677263],[193.61993997051076,92.02654445611051],[193.5799130988031,92.05594675278797],[193.61831677349204,92.27678500677263]]],[[[195.6450444710863,86.98149987066493],[195.60919691539794,87.0917489962232],[195.4675731125618,87.16518332261177],[195.46260201855475,87.2598865499273],[195.42796418214667,87.25696046578062],[195.42456116955196,87.03078418334177],[195.39545737230065,87.18280423308707],[195.26366134115082,87.26601722914491],[195.23314321470798,87.13420307359442],[195.32638410122007,87.194095600335],[195.36446529504133,87.05667557085722],[195.32476719748098,87.13347342274372],[195.36567074827565,87.0368040936251],[195.24301588347515,86.89561427061595],[194.90646843216317,87.17116519470986],[194.80820565082806,87.07962511601903],[194.7472625777239,87.2225630064005],[194.6336118802306,87.08832563597349],[194.6051790946838,86.89443085651962],[194.48760268598357,87.04007519788877],[194.53235050570626,87.63393334298425],[194.47567716503409,88.22230081996099],[194.3439102959214,88.3986957599157],[194.34294763106718,88.66035513935114],[194.1900002057924,89.04580760348004],[194.10929453498477,89.9983386095524],[194.1980126651112,89.62367436064753],[194.33240589284932,90.0369537905855],[194.30473667355335,90.14563159960517],[194.28099284901762,90.02734245383557],[194.26819604118268,91.156903270289],[194.3540373613279,91.72470592475463],[194.34307020072757,92.1659273710132],[194.72533102281957,91.67394873906872],[195.0438190932847,90.65162526363889],[195.87224970315128,90.0220236152199],[196.2933687663774,88.54020837590511],[196.4181011303014,87.83755757637392],[196.328555288546,87.53791237163937],[196.35985829143152,87.8725381684456],[196.31538083978847,87.63987278047938],[196.30654062659477,87.76677567837271],[196.14995302948282,87.2286718269539],[195.9195887887529,86.8016586819422],[195.72818003440685,86.81596146437064],[195.75458866701868,86.73870989789314],[195.6572774882007,86.85166565093913],[195.70974627850646,86.86369764746662],[195.6450444710863,86.98149987066493]]],[[[192.30249952776995,93.48703250779414],[192.2884067159355,93.48255527847854],[192.29258319209885,93.50933867629053],[192.30249952776995,93.48703250779414]]],[[[130.97931022352907,67.43301138164381],[131.02611375557444,67.77072444383492],[130.45808327072524,67.90766920752027],[130.08579490096145,67.88054829005141],[130.0456394251099,68.26238987598218],[129.77099335161563,68.70684565207864],[129.49052148523185,68.60734552934372],[129.5306110536364,68.53290871438645],[129.34282787647453,68.45420356677377],[129.23461368350797,68.55396791550012],[129.16663912463122,68.82979738168407],[128.8171418262755,69.20483520831448],[128.79936788772198,69.40596945672443],[128.58197873329846,69.62550554653652],[128.67438192176135,69.75572700884202],[128.6083898485153,69.80503004223817],[128.54648399032214,70.18636273014359],[128.67699161225684,70.17643020312889],[128.69577518146875,70.2845902852024],[128.42870748011666,70.55185859371458],[128.46203403462005,70.61884132934523],[128.25226853458148,71.01041133128453],[128.18461716362734,71.02188868839005],[128.18958260572327,70.88917547415241],[128.00232752643265,70.83787894672942],[127.6812882410659,70.95702393663781],[127.63994584702658,71.10925823825133],[127.70984667277608,71.16597292793662],[127.74833775842033,71.45447558088361],[127.69736321085257,71.54140488956203],[127.80311659160196,71.68642884270673],[127.9875408058557,71.6409384458162],[128.08981123080997,71.7893580910655],[128.04063210993635,71.94243320961719],[128.14971740866346,72.23074479039934],[128.0349141819361,72.20651415879126],[127.79564270372579,72.31834317364773],[127.38903318433002,72.05860123477748],[126.72034401993156,73.01394458448866],[126.41499391236442,73.21682637847482],[126.40054169924416,73.43084836484336],[126.48203996963464,73.28973930870188],[126.74927996948628,73.56683315037714],[127.23999612815847,73.59105347367485],[127.39438287346114,73.7137923436715],[127.39076754486757,73.30752348194802],[127.64369594664228,73.68759348297706],[127.85292403595425,73.76251983683399],[128.10287495504096,73.31599398953779],[128.1995811062107,73.42695469237448],[128.85379649524953,73.1416028229585],[129.28177569100902,73.09531709235729],[129.6712442642814,72.66499876089807],[130.0515369177897,72.43674478402018],[130.1818833788453,72.45799666888942],[130.3982592848636,72.66748772557672],[130.5580422618865,72.5585631144649],[130.62977887059915,72.68159246368816],[130.68205146014617,73.11612342972909],[130.5427775222275,73.13843326331215],[130.24282522857828,73.63004482133977],[130.34146213025952,73.76060784856794],[130.49154363632928,73.72114625391602],[130.35105831458264,73.82345078472856],[130.39679704788782,73.90421148671454],[130.54211536467534,73.86224465182684],[130.3665454350525,74.16227234088664],[130.41324096444023,74.25702522733314],[130.1427569161562,74.46174650592656],[130.00713535930458,74.43991859457618],[129.78992478133642,75.57764739962985],[129.64368349239945,75.82879232670965],[129.6938627164318,76.11805714678843],[129.60466218016427,76.32464282340172],[129.62877930503004,76.43519676921002],[129.43446895279382,76.60694007019961],[129.18839578801078,76.62129920857464],[129.1321794475869,77.3145138836531],[128.82072376420828,77.81761807781793],[128.7947444292424,78.10985959691496],[128.45733898351128,78.3904805010089],[128.44723711318642,78.64859070642368],[128.80249428138845,78.82919391226248],[129.02828572312117,78.78694125361217],[129.1827453774273,79.39194763777842],[129.2825573867395,79.44935476346976],[129.34439800371283,79.6904912886858],[129.4042221730655,79.66193326805353],[129.41672122222334,79.73513482260795],[129.6633647238632,79.8184899958991],[130.07647890643824,79.57476982671221],[130.20427674432312,79.67168912129144],[130.31537697927675,80.0360626383145],[130.16784184629566,79.9842362102405],[130.2645768036554,80.43518324556574],[130.18376164110015,80.4817718966466],[130.31955377745726,80.66504108836801],[130.48781552630123,80.67102948392598],[130.5553425906603,80.92664936899648],[130.46160638061997,80.94244909925447],[130.5027674008095,81.18569117256243],[130.4056847915197,81.41697473376847],[130.54287140196374,82.00033089614581],[130.69972477605478,82.03776087485508],[130.93358984822368,81.79075955610352],[131.13362171986907,82.30352146731413],[130.93910390923816,82.52144322882754],[131.02750967383437,82.8898809856498],[130.78327757157984,82.9312725450213],[130.74378241226017,83.11037851903244],[130.62227175391536,83.07862499415447],[130.22973134284314,83.52448891293164],[130.28777338270297,83.91396971644777],[130.15796150706683,83.85418530803759],[130.07353603342455,84.03264345062684],[130.1423418052578,84.22816398705375],[130.22960558862184,84.19570118172231],[130.49322148422397,84.37416298912846],[130.68815229753375,84.3616157235172],[130.60096136970836,84.47608063906513],[130.72502240985503,84.79748841223163],[130.67541098572823,85.19001119642948],[130.45255081464717,85.26176900811112],[130.20790371934976,85.71657580429883],[130.18650574325974,85.96250835115138],[130.08493817814843,86.18489291390719],[130.30001989440393,87.01349193356641],[130.04784475718634,86.73594722960404],[130.1010152984627,87.23713422734241],[130.03846010613785,88.26473433115686],[129.7446113055119,87.95734458641928],[129.72397033729936,88.32150508564072],[129.82286304678084,88.46928786636829],[129.93564689030134,88.98604812420133],[130.13442859890938,89.28741524765587],[130.16014327785686,89.24390123949267],[130.2864159797622,89.41450125728574],[130.27746553282742,89.58444237741433],[130.53484374705766,90.02960748046945],[130.5358782586814,90.1788701753378],[130.42978985130898,90.15639099532595],[130.41632928002076,90.45636024729548],[130.35623606843762,90.4203392293171],[130.43129379335105,90.58767018278984],[130.43230702603395,90.94588484265267],[130.5661817629823,91.3668076019934],[130.79315478103416,91.71258376999093],[130.8400480636899,91.45601703233277],[131.07893686835834,91.67769432048736],[131.08326111603338,92.05691366643302],[131.01963748591984,92.00761018660725],[130.9132481940764,92.32835402993122],[130.93083873544526,92.71932854306688],[131.0641182286659,92.9191013866747],[131.29046794400142,94.19491105973816],[131.17841772078808,94.48667336981443],[131.60205106469755,95.10302919811346],[131.82893585777677,95.73218473999904],[131.77787706359462,95.67997979074842],[131.85094725723764,96.21843704377737],[132.09826275047277,96.76074827230741],[132.1623104100491,97.18444428127748],[132.66043395515322,97.69945717371925],[133.0979623262356,98.37001349900963],[133.2565825682913,98.36359299019915],[133.50586398954258,98.58560253324941],[133.6753984718722,99.01725889696698],[133.55215290060437,98.9637093263102],[133.70292114692114,99.25985043876729],[133.6464702232662,99.25709623471366],[134.34471241445254,99.93654021626341],[134.31795889871952,100.43152650561628],[134.0189591112226,100.33063899061584],[134.12417455779567,100.47858735046212],[134.00458830136992,100.49710137044241],[134.07071465748103,100.82347997199248],[134.29819548890111,101.23963457480465],[134.59478147072355,100.89037520849973],[134.65020420746916,100.52668160420049],[135.2264412318489,101.15023069805],[135.18221349491523,101.306353359131],[135.4511817105303,101.30454140092534],[136.12764495136284,101.79937426833969],[136.18265931537587,102.11493422609333],[136.5849532403273,102.45373693700418],[136.7284507430822,102.41079128705958],[137.37698966013153,103.48626171851294],[138.5396023450273,105.46341470621206],[138.62627168272505,105.8091510289893],[138.93595072977126,106.1719836014519],[138.94781502355417,106.31266981282107],[139.21035776107695,106.6353735319322],[139.27122481904635,106.8367440363734],[139.42366315209432,106.9142930198677],[139.62249632929877,107.21817145266542],[139.74544289011632,107.18385871344806],[140.17627346083123,107.44450783877004],[140.3259881428549,107.90490863422161],[141.01031519718288,108.42590821147674],[141.29645424233507,108.39036960406088],[141.38889246198698,108.05480712681215],[141.71685482505526,108.37890805749616],[142.0895674148631,108.63135143272548],[142.11391117836664,109.04061129397262],[141.66497569923087,108.77181966482314],[142.00934550470578,109.24548232575012],[142.60196357235893,109.78779318770995],[142.89000642682595,109.9146974787129],[142.98178080537303,110.1247390031939],[143.22456061535206,110.3436108618337],[143.32655853760073,110.60626970276597],[143.62757346614907,110.92146414171074],[143.83075400233398,111.27840273097945],[144.0781718870874,110.10019160764972],[144.282582043881,109.99155932741994],[144.23875060382994,109.76860979831743],[143.85041555395415,109.56183093530618],[143.38921968034623,109.16566483287001],[142.95382859504696,108.90759368309872],[142.6028671868849,108.59123789960346],[142.49772639895963,108.36495385051347],[142.91218702983457,108.58701265990322],[142.57897344431365,108.15725207846282],[142.70312505242856,108.20542039836396],[142.11289478913747,107.43022891275226],[142.26858497871459,107.37110266481307],[142.0290511782297,106.77258294245556],[142.18321634968004,106.81983971939619],[142.00903822375685,106.31762193817164],[141.87564417255814,106.22632359394365],[141.9171520267738,106.10489405659752],[141.3499917760103,105.36304202738722],[141.26000147323884,105.03198640555394],[141.35287607522264,105.16499334761886],[141.74657857833435,105.35675656128436],[142.25814242371686,105.79411484239736],[142.4034953453095,105.74685020112044],[143.0163545979655,105.9954084691154],[143.5139205889397,106.43891775773827],[143.98175259600026,107.05178211137815],[144.6367152352883,107.60333155863472],[145.32840927336272,108.57510908639874],[145.05112897991074,108.47921241195316],[145.8400730111489,109.63814918990508],[146.7439514333713,110.35390302247937],[147.32708658763278,110.89473678645012],[147.4633170678125,110.90590478925236],[147.8570887309994,111.2583046239357],[148.06867913100746,111.34056848445096],[148.08788808983476,111.47179137847029],[147.89188879454537,111.43553682938236],[148.32776304417246,111.70435967956669],[148.57449102991072,111.76737011494501],[149.33236747486782,112.19865388559379],[149.77677834619874,112.7362645090208],[149.93314060580133,112.69454401120777],[149.77497199567557,112.45349700537992],[149.77287634662838,112.25942597361328],[149.88698459962882,112.34237130671875],[149.78849471154598,112.2457265483196],[149.67965557405822,111.78898376461517],[149.81259664081335,111.43964855663828],[150.29834945858846,111.91003686866883],[150.38514801884097,111.89472488874996],[151.00327288632505,112.64952829459341],[151.0987241448583,112.6582906613138],[151.31413747722658,112.94206008141481],[151.20712410609542,112.98907560735431],[151.34664803258173,113.2588134198177],[151.73400634588796,113.44730463188532],[152.00321336129292,113.75835671746778],[151.95758776345687,114.16003930047879],[151.80819363820316,114.11816349354064],[151.81382694244996,114.23553378853194],[151.61928951949278,114.1991250090997],[151.74052323380258,114.32143425353296],[151.71523001423668,114.5262087429228],[151.4623303299816,114.45135214190958],[151.74157297665536,114.84170728015012],[152.3443153077639,115.26125480984462],[152.35823104502515,115.21815276530003],[152.8482696050611,115.5766734426889],[152.91797899130657,115.8609445068544],[153.23411595104926,116.00518085484515],[153.57943128131325,116.48124985145499],[153.68057290124773,116.38245273509055],[153.9852932656562,116.75360502585067],[153.95940337093012,116.79258643684341],[154.30923939759535,117.03141030575165],[154.2960187583184,116.88171866401905],[155.51800920980668,117.84485778729491],[155.91446682035428,118.0752161702421],[156.18715715649338,118.14633124688265],[156.66492170134913,118.17942046125984],[156.62816409106117,118.10438767989196],[156.87195293471513,118.17616089412522],[156.59119414379362,117.80939951716081],[156.5675258100036,117.56240612706236],[156.33024970961512,117.41913703142671],[156.33172882045727,117.15035644467471],[156.61790887187001,117.18502309831166],[156.88722225005483,117.31762091081023],[157.0165832130845,116.9533731101636],[156.7489356806617,116.73407745768439],[156.83023337669783,116.70881370412008],[156.65168459824736,116.58462880274438],[156.55031418515074,116.41344454312704],[155.78699615372557,115.82833135348451],[155.55990426983362,115.53968648311078],[154.85353242055024,114.89235930652195],[155.25742502949672,114.85674604322368],[155.15342374219915,114.5936426348273],[154.83421121962326,114.28597662093954],[154.90173313032685,114.18992926895615],[154.33379604282482,113.59595296262795],[154.20549204427618,113.17188402651729],[154.31192386251988,113.06349130755078],[153.66001592687545,112.36561356937688],[153.47728782336063,112.27722561353957],[153.30064133039886,111.94724896390647],[153.02055943734467,111.76396965897246],[152.0842518917521,110.56618409399714],[152.1013678319985,110.38349945250037],[152.56067095948944,110.73057632822248],[152.6674672058847,110.54342258197572],[153.22615481035174,110.90692850732209],[153.51844039226444,111.16495299828767],[153.57804516300428,111.06328278126897],[154.12013683149547,111.34204700923537],[154.20953702567977,111.22683395646493],[154.08165561762632,111.10060629532308],[154.41895133334276,110.98683408449703],[154.09885277971446,110.68076305582028],[153.89456606195455,110.6286278999865],[152.60406139829846,109.12805929456599],[152.3601518650947,108.94895950414192],[152.42840272976673,109.09678911770358],[151.95239188184254,108.67206300810528],[151.61933878393447,108.5182421156176],[151.09746601854386,107.96439162746478],[150.67491541657853,107.63062421774084],[150.76605315184995,108.23535583922023],[150.64484321211418,108.1492816305284],[151.03853522777635,108.58816142542865],[151.0354459996162,108.7740424946734],[150.69995553123877,108.4699455083374],[150.70432971813452,108.54898525421805],[150.44038853390097,108.3378376841534],[149.74413815400143,107.56732817074949],[149.52275171192224,107.41542048023823],[149.499657880402,106.83928631927452],[149.8320695959801,107.15898116515231],[149.82037080347126,106.6009695031205],[149.58326773851292,106.3935989862498],[149.6772645652184,106.36763322722268],[149.39374654626522,105.82428929308546],[149.6984417391913,105.74258108600077],[150.33741847993548,106.23721825826108],[150.2462752245127,106.08894406055421],[151.05315385223588,106.89625325340066],[150.87173910978845,106.4153888373404],[151.2153436616749,106.795460335409],[151.07095541377976,106.60641702741829],[151.25265547408583,106.78386538192555],[151.11429938989136,106.5965733462349],[151.29606303192503,106.74458696545506],[151.04238316655545,106.31666873653589],[150.33904305795093,105.4656475497026],[150.48971887685198,105.43431791150486],[149.75273480212002,104.20497108611468],[150.45489418264123,104.88049219713861],[150.3137246733857,104.64984585559398],[150.75227555475897,105.086238860979],[150.68454479663788,104.81732368646259],[150.13260667430242,104.08500575717113],[150.04305548883647,104.08226824908118],[149.5853320198001,103.36893660592654],[149.52338117679267,103.47308636739317],[149.04336761244207,102.59963959274],[149.0956447274924,102.50071199940038],[148.4786668694295,101.42719758747525],[148.59602069937,101.48120218049584],[148.27590423754162,100.58600720480163],[148.05913707361344,99.65520263721376],[147.83784632360238,98.77845082825672],[148.39063613221714,99.0908050647864],[148.12998274674916,97.80797294688946],[148.2313497006573,97.02202731711378],[148.06163544117868,96.40474285888348],[147.97650566474175,95.87331564407205],[147.87642445860962,95.18953426758301],[146.7705399395012,93.35844143778468],[146.81489339222315,92.51151151056509],[146.40693705743047,91.34935454372246],[146.5846038705444,90.38462185529235],[145.85869177036648,88.81586441741469],[145.08712994224138,86.86234988710353],[145.68382992097892,86.43308173083643],[146.75996152562078,85.41778180540841],[146.70506891327335,83.86332331699579],[147.1577781721123,83.87046352664609],[147.0510742865058,83.4760669637659],[147.3778623132717,83.3266757477075],[147.33035986179982,82.99783227817176],[148.2621228937967,82.73765062674364],[148.637824161908,81.75692691417822],[149.5307809190858,81.24476749389464],[149.24786597096212,80.45759898017974],[149.97345607915733,80.04844569592125],[150.73222006205168,80.0519852069405],[152.26842876286915,77.99611378908811],[152.87574829400643,77.98152153927984],[153.2096244935739,76.72812984384251],[153.3338653308549,76.51040158290749],[152.8376983145299,76.44205393962307],[152.86251801018065,75.93347430412369],[152.26119001112488,75.21304154131964],[152.30499100134347,74.95683322936381],[152.78891386614282,73.98618741966573],[153.70386258578074,73.99820866195607],[153.84960182763865,74.2875934775053],[154.58421854967327,75.29954211372856],[156.3034741423135,75.98385639173524],[157.27813844157592,75.71347656352212],[157.12943838861923,74.73085681220263],[158.34453771754926,74.22592814455149],[158.8589382790242,72.82490763822211],[158.0615705392163,72.63462013258899],[158.67344192227063,72.15421990108604],[159.10068543552515,72.08205565755468],[159.15407199645284,72.34146216448315],[160.21637985313342,72.61843821234685],[161.76466911606906,71.7286357032805],[162.4230620772299,71.45425871616571],[162.9651838283402,71.07743448124872],[162.57973336479904,71.01057529579926],[163.09795835345693,70.49033743898335],[163.04442593561566,70.09229012662021],[164.2633005733478,69.91068745723234],[165.08213873747655,69.33471201918233],[167.10276659117713,69.79116190597935],[168.32772930055734,70.30878173091634],[168.20509066887024,70.61972407219017],[169.3115613259722,70.97996304430436],[169.74844408016753,70.87614705351143],[171.00207412254986,71.35397437830088],[170.98411473554455,71.83370781944117],[171.9989438121786,72.40061128593669],[173.10364620912313,72.54987151665856],[173.4347702526997,72.07103835380254],[173.75828582560217,72.40299194277186],[174.57061554511387,72.32138880755117],[174.48835776284403,70.26253771067192],[175.68918652290316,71.02905435814834],[176.12750162768754,71.38315833983535],[176.5660970322665,71.09666249848877],[176.27007173103567,70.76455647742873],[177.1058941738068,71.01365441899719],[177.15914995420366,70.90896820322847],[179.02857160933473,71.6253743569383],[179.46360527736573,71.9197522545783],[179.28308309098935,72.25666518640249],[179.7773112249866,73.03699177405329],[181.34903321985755,74.20895660213164],[181.8560119161944,74.43876044730743],[182.47935959228533,75.07738467558987],[182.67183004816596,75.83533674114645],[183.71863719107282,76.26550161859484],[184.58186012100705,77.7200265848217],[184.91161426508958,78.20755238195869],[185.2315754800708,78.69343781043938],[185.6454112703672,79.59804739635868],[185.78788538528102,80.88075675103515],[186.39504246092304,81.23274300411147],[186.1646363851833,82.42475130986537],[186.4129435791464,82.8863487400524],[186.25374646984267,82.82283622911166],[186.6805325193592,85.01552882296464],[187.0027271595102,84.9838413344259],[187.32976437044798,86.1080264994351],[187.3911186283221,86.7638244375342],[188.18391234680874,88.01717680099091],[188.55312606517847,88.72981880057296],[188.52072928105227,89.12495417791641],[188.70874057951636,89.77119656196547],[188.77996657563526,89.02441470441278],[188.89129697841358,88.84126309920703],[188.64960203225178,90.72721480818838],[188.8217616159921,91.88030901360173],[189.4856274921766,91.39560116248916],[190.11140832878306,90.80086253858622],[190.36862444538545,90.34874996639626],[190.6328367944145,90.78284607455976],[190.94425697642262,92.03533159865498],[190.93398790347857,92.33491036428231],[191.18994912673824,90.89523907192023],[191.1411063751187,90.83123832859955],[191.2765863440137,90.7530174495563],[191.36831808476958,90.60049072666128],[191.91462244088638,91.22715554268439],[192.254007066241,92.444620248008],[192.2493849634746,93.21786801339327],[192.336265364611,93.32887023225041],[192.23115477199934,95.01344749462112],[192.2742583883279,95.37992562960214],[192.5662689800991,95.07592436971046],[192.679196774873,95.22291575941765],[192.76306996444217,94.7360220226314],[192.88138136728045,94.85649207050498],[192.95857169082325,94.52934073081812],[192.95013961662747,94.85839989591904],[193.16036170602717,94.44779822664296],[193.20834156781535,94.187728055571],[193.4051878182219,94.4207582883817],[193.630607595485,94.11554732805098],[193.71169890910141,93.58170812240537],[193.90290061635739,93.10407014503984],[193.6622311132799,93.91563227332378],[193.77178876105506,94.09433692772085],[193.90406379520482,93.90815542610017],[194.17299244383472,92.88005243702996],[194.1634694249807,91.95349527859767],[193.99289851472406,91.31857310228283],[193.7147000948456,91.41154548423869],[193.74806962172158,91.55368540529108],[193.68906230777972,92.04947215320023],[193.72132536769823,92.2998940015747],[193.63323426006875,92.04944573692852],[193.645521484449,92.1809756528785],[193.6106189084332,92.38062792165215],[193.57111786693008,92.37664557705976],[193.47946403973103,92.03429258190687],[193.4232507297157,92.12352040767502],[193.40318437659312,92.0381718883228],[193.36210712423994,91.77349613028453],[193.38760491006968,91.99998590086616],[193.35840523279256,91.85454718630982],[193.15248989220623,90.15157805367281],[193.21690894562343,90.40486298989792],[193.26378270041263,90.81910680456707],[193.2783740482065,90.47521989320249],[193.18716408155865,90.01126503052335],[192.96706837548555,89.66231069491619],[192.84533155345954,89.11405761851452],[192.645233301974,89.00539453786176],[192.5532074002339,88.1281337408575],[192.51105466585037,88.15752226462924],[192.54502067890633,88.01111564412278],[192.46426147432257,87.26390253504962],[192.42206264006384,87.82545057732092],[192.33759828405357,87.43704394212251],[192.30596317749186,87.48121708445869],[192.30799682923237,87.30949703320968],[192.28566810455453,87.34611380100212],[192.22721966610285,86.7156625386433],[191.6400302904364,84.99480848334483],[191.48003149871727,83.94368705378383],[191.34548622411165,83.59899283937285],[191.25648255924546,82.8310674588207],[191.08999752522388,82.31936638903518],[191.0893816477862,82.239780836753],[191.14378074344503,82.33162473151334],[190.98428548212706,81.67657900484815],[190.87078100809046,81.0161752166219],[191.07482844112698,81.08040075086646],[191.17501189960234,81.24387833677413],[191.25959897431295,81.13069410542543],[191.17863814554886,81.25909520621857],[191.08149220473106,81.09908574661998],[191.0615889601939,81.22526050146911],[190.8786883871564,81.04281909173801],[191.04745625376148,81.88394186812255],[191.09441350363042,81.86131832419265],[191.03524449531778,81.77230748793656],[191.09860545719087,81.86259000670752],[191.0602196787587,81.91549703455172],[191.21198359068325,82.50934269884371],[191.10373696657456,82.31009916379054],[191.2723034207352,82.86461661708546],[191.37435241387706,83.66914552531229],[191.45951217147638,83.83973173882907],[191.529634141859,84.08461142128189],[191.68357842879115,85.10492520818684],[192.17458930805506,86.44134534701354],[192.42107550745692,87.64344999743884],[192.41210010908208,87.04997050610397],[192.4819571089536,87.17191930811478],[192.55680580241597,87.77932686066913],[192.6869688890031,88.9559893134873],[192.75737983520048,88.85471122236405],[192.77052302461806,88.23034824150056],[192.827929811503,88.32311985054821],[192.8060717163132,88.10438837420023],[193.01884150323139,88.06781803626636],[193.01737374265497,87.84440316882032],[193.03919769152841,87.97951638132203],[193.08686483272785,88.16604026306108],[193.0390250424056,87.95899336609843],[193.14234766239738,87.47282903178939],[193.2418076874216,88.12156441104953],[193.3234383817237,88.3206207767496],[193.18995418243307,87.46876350836335],[193.2121018649734,87.25711219918972],[193.37105541702977,88.75970550686529],[193.4411440731204,88.94120758202762],[193.57305160537967,87.43941692535725],[193.70310241844408,87.78322758054935],[193.77333172093898,88.49814837635587],[193.91864963698038,88.51103202229355],[193.8808631425206,88.39041716499801],[193.81252437709037,87.73534061029054],[193.99101697971105,87.98462227630947],[194.05695555150507,88.31491377346647],[193.94164730609418,88.94600401547763],[193.93398720451825,88.71580026247139],[193.87399479378666,89.54081417176069],[193.92622517203017,89.60700344620646],[193.9200536990055,90.4861790554796],[193.96896673854704,90.29218283991281],[194.1296256546491,90.20845322562785],[194.1251578872049,90.28632193157644],[194.1589910270445,90.35276638014761],[194.13711486693845,90.3023115134252],[194.1567632014399,90.1739439279076],[194.05979800784203,89.91504412780012],[194.21047390538018,88.63468188270599],[194.43353637566543,88.02418269143901],[194.455229916262,86.60698921864952],[194.3954653934854,86.56451599021936],[194.30013284812472,85.95187852523883],[194.10964025707264,85.6142763661497],[194.20768889460052,85.61401743973774],[194.21076730480087,85.76837083424967],[194.3275972824605,85.91190898041539],[194.4075500304325,86.46033027086726],[194.49655054168556,86.42949615575395],[194.97501377033564,86.53527672519309],[194.90775071160468,86.20668874634386],[194.97565626854066,85.99973370296613],[195.00114450772588,86.46354580394522],[195.36152170770518,86.53219168196136],[195.4725348710555,86.66293841754683],[195.8230666753118,86.26380873017453],[195.7604359803999,85.82433993969437],[195.61711205838213,85.48054774755018],[195.75528896692413,85.77921160770131],[195.94193430319874,85.89508350748628],[195.98274407684647,85.61815745862936],[195.71234577890604,85.06975710733765],[195.8471993653551,85.30927139968298],[196.0065823719143,85.6698466895104],[195.94506117208329,85.92088835665142],[195.80234630114956,85.89527641789508],[195.81065163974952,86.11840963806557],[196.08431141063392,86.38119248188005],[196.03168219314142,86.39870601061465],[196.23574705253603,86.56219394872932],[196.436068966792,86.56947659387797],[196.9840604475986,87.02225052621881],[197.18334392672762,87.76715381838055],[197.95461560665368,88.25783561268369],[198.00300586900323,88.46069059911909],[198.36637852899315,88.6026471623913],[198.2899291073764,88.60876884187113],[198.6619848097228,88.66804159473335],[199.30764521234767,89.10959191798472],[200.30146262573376,88.94401678305158],[200.56629657695024,89.1251017672448],[200.7789560596258,88.99567663393584],[201.02391948311868,89.10250946474163],[201.03938674084708,89.21191807621099],[201.62665140030634,89.27561575799892],[201.64324680470105,89.36954317269533],[202.22482614777525,89.44464713515383],[202.46547892091357,89.18847736501013],[202.58792455975936,88.82157497585588],[202.52984161515238,87.75715901684387],[202.31903201581633,86.97241307247475],[202.32698335440858,87.11539330427405],[202.27314587549898,87.07560232740646],[202.30791284158693,86.98361693537879],[202.20985736081553,86.93974911321536],[202.32148971079027,86.83594066939366],[201.7184508759373,87.06325930760083],[201.5341164729299,86.72942234660982],[201.5499174883563,86.46917347482926],[201.47188725133097,86.5304708585162],[201.35747906460932,86.06340092307455],[201.31042817509305,86.29450055751022],[201.22371856008868,86.47948654546173],[200.8680513053281,86.77663110798156],[200.82355969748667,86.64553079539269],[200.5543471766573,86.82121348913246],[200.0916089474244,86.86375642991385],[200.00058620286063,87.0950727357161],[199.72936618351426,87.11034716117192],[199.71533353673362,86.82961536693259],[199.64157029071006,86.81229667673745],[199.52644490095818,86.58415443237521],[199.46140969731414,86.70417761433353],[198.92296042348505,86.02330060520512],[198.766666565817,85.80422441883667],[198.83956816909648,85.73026900121869],[198.75695819651213,85.54558127715379],[198.1975507120778,85.19453869585266],[198.25926412419346,85.14990146087413],[198.2813872455208,85.14712102161108],[198.75776749945658,85.54052384051046],[198.84834657309364,85.7489792375452],[198.93458534676154,86.03154856678754],[199.14093236734232,86.19680540325663],[199.44640254054295,86.67320833703637],[199.52747543215023,86.57298267236891],[199.7191433503001,86.82374314693875],[199.7355171098834,87.1034543156181],[200.0225438291597,86.96153213820904],[199.99068697555617,86.93735722365928],[199.69657430523873,86.66328169234373],[199.9908043723315,86.93389046675796],[200.08296416801645,86.85586372320239],[200.81101889649239,86.6393875810771],[201.02651953728716,86.63207448194079],[201.3053807167353,86.29949252753985],[201.2539182124803,85.76881264681614],[201.09833436574547,85.52626346101613],[201.13860350122272,85.34680418584688],[201.38764913423432,85.03314668383649],[201.50001111507353,85.1728453889732],[201.4997727809351,85.22395754826611],[201.39181431721966,85.56560720427169],[201.46049263217918,85.57094033528392],[201.36060363865965,85.710600226149],[201.4540051631914,85.94930834975611],[201.3674268529767,86.03488834979527],[201.51591051061428,86.42545464758825],[201.59924786301661,86.3565293795847],[201.56088042202632,86.43342444947785],[201.6218533064278,86.38983081707158],[201.57792019396564,86.5945268918063],[201.7027172896498,86.24962450982133],[201.69191417428738,86.3632457461361],[201.77797125646694,85.50004799095487],[202.20576523111805,83.3070176467453],[202.20042831640035,82.90281264875341],[202.15139296900622,80.99883822324995],[201.95243557236972,80.24277357554558],[201.60765972717303,79.61399030040128],[201.05067232732287,79.12567454765302],[201.0217096181255,78.81095363277566],[201.0366117290483,78.99556670625427],[200.80847948442394,78.8169838623937],[200.78458525173411,78.89642313402298],[200.55741592160018,78.64347799586821],[200.65466354039467,78.61251404137205],[200.5511747356406,78.62726441449925],[200.67281588539157,78.46118911157419],[200.51809623390204,78.6162333801553],[200.48824829609288,78.51851561967214],[200.6052919001201,78.37597818996095],[200.73517611148336,78.38007806897829],[200.58704560074847,78.3531027613958],[200.5180046611326,78.4405617287837],[199.7767963030658,77.81944418612058],[199.17339079611003,77.57630456080582],[198.88659580581225,77.30329698403008],[198.70447597756532,76.86549867294168],[198.48759883282048,76.67232543501703],[198.60828907366766,76.58360672048893],[197.12240599608538,75.87168635641015],[196.58625259695498,75.43099759973967],[195.461087813663,73.73781914828865],[194.99719822334464,72.82689258324729],[194.53025792038403,71.2712550864583],[194.3731711039958,69.65194479629668],[194.2498478595979,69.51999338527496],[193.7655114515729,69.35661068039495],[192.0103752800261,69.15389515032457],[190.81462398682442,68.90153780111628],[190.51728327606412,68.71799081797488],[190.44140871274257,68.97206728243503],[190.0991825791255,69.11347728201729],[190.51581119177294,69.80809334619462],[189.94332150547783,68.9608327662896],[190.105971106261,69.06688006768708],[190.23707467277717,68.87679940725982],[190.44423468900203,68.92114317510519],[190.5300711907942,68.61247932528954],[190.0693992902952,68.2982227089362],[188.32574936370662,66.64371684414319],[187.99344480148244,66.20974738033578],[186.1522262088708,65.26047306386266],[184.3901624739885,64.58325703787258],[183.38540576524878,64.03154729467909],[181.7237346095487,63.41903198894747],[179.66236935379362,62.369113676624806],[179.06665259388387,61.826427481517186],[179.0263413804229,61.87093295751977],[178.9604822533352,61.78080316799526],[179.1131745467083,61.787992914617064],[178.50316243632682,61.49781070661774],[177.534111840065,60.803295365793964],[177.1566487677699,60.42595458486363],[176.67261186439123,60.254286962848],[175.87986963517614,60.20943338514657],[174.43584832925978,60.404864906770065],[174.5036271832402,60.546337038919184],[174.40487643023337,60.71348740435385],[174.29331169805536,60.76592820495094],[174.5074934750247,60.96089431218695],[174.41899385874117,61.04927729005721],[174.87748231031895,61.234683401682624],[174.8246416072433,61.27989788782925],[175.14925732590345,61.66420882671876],[174.7300118911258,61.29889834836355],[174.86719269234706,61.23087500816049],[174.4090408596612,61.04731783272022],[174.50011067528118,60.95736660955458],[174.27845503412465,60.758801308536825],[174.4943382623128,60.55800183072132],[174.39201992399342,60.42482898194718],[174.0784153843515,60.295037683880864],[173.5888770124039,60.28605067142204],[171.9657276251154,60.59623416576695],[171.72309694993834,60.573093196369186],[171.3775050032894,61.071829417734634],[170.92058575252196,61.18221289182944],[170.9104717786757,61.52338296831904],[171.67121531068233,62.03100135114177],[171.32740555522565,61.8555631678644],[170.84568140551266,62.15891075686026],[170.9494775042557,62.20123947125104],[170.94192728531684,62.31490460169111],[170.19660652425938,62.55766716115738],[170.7923058001086,62.65501940926842],[170.616309789173,62.76955613070458],[170.90105252927182,62.826855964083535],[170.99821871119917,62.895374052593],[170.95531378003454,62.93675313259381],[171.41854693278412,63.05440858749749],[171.40346755628093,63.23396268017507],[171.67097531881564,63.22629510988992],[171.40675616860113,63.237553862704345],[171.30625693680832,63.18474007295309],[171.41477985110834,63.05590408071264],[171.1200978233938,63.01385573997],[170.94639459929695,62.93284539907769],[170.88966582679785,62.828447243237164],[170.6631873870303,62.804648757078645],[170.25755225817687,62.60796810312412],[170.18484649080983,62.56505634859842],[170.2033528956452,62.53833157576253],[170.9217447876662,62.31063987839779],[170.82716115422426,62.151022663543344],[171.31617600026573,61.84181760749679],[171.20205656363677,61.81175705020305],[170.90094681314827,61.53249816393749],[170.901169640393,61.182758720601775],[171.35786825066285,61.06424435270871],[171.4620896100356,60.81685186534442],[171.6954813909471,60.56379558406198],[171.57196392499864,60.55096879446793],[171.72810950864806,60.45422828128461],[167.7738637776449,61.07671432665144],[167.7238753106237,61.025575956685735],[167.50157535685554,61.02096340128862],[167.74929761968463,61.05186508754211],[167.3604246489544,61.046580582199965],[165.9215233407603,61.305375589656464],[163.0655792125471,61.60965456372779],[163.27922183253668,61.6275166450951],[162.01861757023718,61.79369904711873],[161.48120828836804,62.41554366296377],[161.2023820619881,62.52309718961789],[161.26392641066835,62.651115219918886],[160.8116710372057,63.15154449781131],[160.95144625331014,63.25632251035274],[160.93167663841865,63.325248321858595],[161.2491683738845,63.26391188669931],[161.21166539098851,63.42637150334762],[160.5728498081393,63.94749109523691],[160.73316965752056,63.98101601439087],[160.9074080226182,64.14015712968865],[161.28758818020427,64.12035885347686],[161.42056074243368,64.13146087202826],[161.3676754997739,64.18211015218058],[161.39313792499053,64.13186902578987],[160.90345422156614,64.14260239715753],[160.7523622689415,64.03447128563847],[160.43582252177862,64.22413538465678],[160.13332022968774,64.27988804759583],[160.43119461638506,64.22431501753482],[160.7496172206376,64.01516459596012],[160.5726240547215,63.95605637734599],[160.5648809181659,63.8893702786475],[161.20615624302624,63.40720256530189],[161.24045018003093,63.26567259406139],[160.92193308440213,63.32826181269925],[160.80495822202752,63.15434175462845],[161.17411300027769,62.69061692008966],[161.1826088338817,62.53309247659577],[161.21357212149317,62.51168019690107],[161.46449555018108,62.421279940317234],[161.402445805026,62.348345804409306],[161.5673160442913,62.24827916819452],[161.45901785031407,62.23712426674148],[161.67906352065415,62.12524226886657],[161.6889962400724,61.99867515629259],[161.99133644213575,61.78303348055664],[161.89818484744902,61.75597900335278],[162.40762993684186,61.67730136088732],[162.86139042737562,61.66286112198234],[162.9656776580401,61.56041964843935],[159.77638068547074,61.83364927445949],[157.59041955729973,62.035088922595136],[155.21254552615858,62.42094091302242],[154.8603671517922,62.68770743102596],[154.6908221577674,62.73103040817561],[154.5714392679138,62.89305681436777],[154.4684432068848,62.91871352175681],[154.36869101828358,62.87242739492249],[154.15981805749044,63.14870942380167],[154.37108130558025,63.14449070005202],[154.22975781129003,63.34620616534277],[154.3756570730098,63.33890993181408],[154.31173751386677,63.669424846385276],[154.66648656903305,63.56712617557849],[154.7919579137744,63.593732580306195],[154.79491053268433,63.69231459145136],[154.58827708951213,63.78083200377058],[154.6071386431221,63.9013639393867],[154.9003971456016,63.78652260331833],[155.04935081918154,63.82025979591317],[154.84850626126502,63.97927143629896],[154.59419222293687,64.07583312537464],[154.561724115439,64.2144689555268],[154.52880184650968,64.24256263626353],[154.31471018511652,64.27239725119023],[153.9249504280237,64.53555755227129],[154.2888481960279,64.61283718597389],[154.26824066566408,64.65529338123204],[153.8769795845321,64.90622860493865],[153.9105716991633,65.06681285212048],[154.18609524996012,65.00753416766689],[154.26629372878986,65.04185032624247],[153.9890907309359,65.21438621000001],[153.8475687026857,65.41494225473754],[154.29272988378955,65.46550104089238],[154.41535152472017,65.37887224980551],[154.70543911154627,65.31924543979414],[154.56039084898072,65.46176427948208],[154.7847827515224,65.46906443525128],[154.7694073487692,65.57911440311244],[155.13679757688806,65.48797119480905],[154.166138730277,65.84641947056087],[153.98618550332546,65.82820926852463],[153.78004783670252,65.9406545756595],[153.86900865141433,66.07506959507589],[153.56194972000588,66.4534717382029],[153.66611812927135,66.48642106079217],[153.5583821431854,66.45425644810948],[153.7023461910955,66.18871645426356],[153.85038696087094,66.07162099931746],[153.75511626276955,65.95599020441834],[153.82731018642122,65.90135557186909],[153.99255861508814,65.81744284571312],[154.18158025164635,65.84061734543448],[154.70649034416013,65.60303281319725],[154.77474681064672,65.48074302647203],[154.5518906427713,65.4668169510619],[154.6890006789328,65.32348625732408],[154.41839408442166,65.3814101398871],[154.30293366660135,65.46849947402728],[153.83924048327088,65.4236223211004],[153.98666761504546,65.18827293215841],[154.24435248448776,65.03885027100361],[153.90267411371923,65.07334581924252],[153.86539561436774,64.91364028950986],[154.07737771399383,64.72136950162749],[154.2717061144719,64.63913764151879],[153.9125332380848,64.53927010545978],[154.32019698208325,64.26514780630016],[154.54327773121912,64.22487979251197],[154.5855260527763,64.07377252388014],[154.7646495975118,63.87257278817194],[154.5643190043173,63.912952386523095],[154.57016536881488,63.783931046860644],[154.78500383430213,63.69078101080223],[154.6426327432046,63.57803066824713],[154.50642865136123,63.671682701020835],[154.31156101501787,63.68147480968527],[154.24816215779782,63.52166774866204],[154.28423865669396,63.42311666886775],[154.19778665457062,63.34755167146705],[154.35616092022957,63.15540934974749],[154.14606440835567,63.16376058494984],[154.32381358051794,62.88723816548827],[154.39611876702855,62.85618105586427],[154.5482388082429,62.893179577117934],[154.65273871629302,62.744387371783304],[154.890060008602,62.65952025250523],[155.2205073786383,62.38391119178931],[153.8992633158219,62.453518486176286],[152.66451141386676,62.685713543274446],[151.31809685710303,62.84153589166706],[150.81983953355336,62.84121416911027],[150.41034041989838,62.609940013167],[150.40072117427448,62.759268361406846],[150.2271377732066,62.878750662623375],[150.2104399123213,62.996545169814475],[150.04650976213068,63.05715931597504],[149.95003367547736,63.01347651845427],[150.07402684578403,62.91963500809089],[149.69833888176737,63.03086074008891],[149.8235152699127,62.93231371694282],[149.72036050230608,62.94094389195372],[149.63174088931592,62.82413669037708],[149.907160703732,62.85801090659766],[149.86246985415707,62.81307297835132],[150.07713413209441,62.712595705606375],[150.27350130303915,62.47098289674608],[150.50380942208272,62.59016111933762],[150.02654179752477,61.82602888400059],[149.8359366825498,61.88453470264764],[149.02930238606797,62.54819012984898],[149.27711777161812,62.41491308741389],[149.3062783977839,62.58628450155806],[149.22979899513163,62.47055338634624],[149.1250532384209,62.54778816003555],[149.21791445440036,62.478751625017544],[149.11036647421912,62.53794325338483],[149.02624823256042,62.7090359775539],[148.9024645188266,62.78551408240924],[148.98540131814042,62.92660374217628],[148.77329064569824,63.135463198115694],[148.73131895809885,63.06270581064102],[148.92803170842748,62.85623603432106],[148.77680295927962,62.929759449439935],[148.87519070833093,62.79317204856324],[148.7423665450172,62.799865679101906],[148.96316593535303,62.65137304025663],[148.9763881461214,62.57605506265401],[147.92510469858598,63.29868296108834],[146.87523006326535,63.87084990286739],[146.59897855649393,64.10710133145362],[146.54617919883782,64.30327453051122],[146.7289255987639,64.2195796458977],[146.6312089530415,64.09130061527749],[146.83952305477212,64.07328200069017],[146.84464112069102,64.25689873088976],[146.93718451152716,64.25405803927566],[146.90362940693723,64.22156334714836],[146.99380752518286,64.22867625744222],[146.98977221401498,64.49702016078962],[147.09019012540705,64.4994361390164],[147.04045699257415,64.46596221066456],[147.36191959268746,64.54470452157948],[147.99133203470245,64.20936211454224],[148.36095011276228,64.22578191898026],[148.31788978517469,64.36448554504186],[148.501603151815,64.41162510601887],[148.42587646033584,64.53892840755147],[148.48026589045006,64.77627949090089],[148.31255076708598,64.89093398979614],[148.35857918463643,64.51685998119697],[147.98029266869605,64.31909584503055],[147.6593034103921,64.44760282818947],[147.80281502458303,64.49355604350087],[147.33795667584977,64.65075550121018],[147.2497148996889,64.7785603463082],[147.55810355912,64.92624627473603],[147.33448143066352,64.98603845474764],[147.27615105735754,65.25785725900114],[147.04557287288,65.35889305025198],[147.0154325697461,65.15650414185563],[147.2524767542462,64.98651165940663],[147.1872179007858,64.92731681666658],[147.16583176034817,64.65920971163955],[146.75481375963832,64.90840596678322],[146.47438496703518,65.46613648386877],[146.04295088604115,65.6344297648969],[145.98813621767493,65.56459586691972],[146.36723608116444,65.1091816069665],[146.5680886727982,64.53963443032181],[146.58712561638313,64.5893667327382],[146.579539324092,64.51452336423193],[146.0331189435562,64.961485017201],[145.64962745733206,65.1645168901573],[145.71423653962194,65.20336225682108],[145.55211026602828,65.40708529868226],[145.58993329746536,65.86293543607408],[145.50060702393034,65.94893023228494],[145.54327531430522,65.87725870667418],[145.1294475509745,65.98680417074935],[145.00740251608383,65.9285609856416],[144.62247291453374,66.11497126128879],[144.5903442725455,65.96025635223538],[144.50314226495522,66.04390590887365],[144.55862899052215,65.96334448766994],[144.34765411770982,66.14643322233017],[144.42991283187303,66.06881510093385],[144.00446243511388,66.34724046301544],[143.92150824884382,66.54521497720704],[143.97571227271385,66.33274911219998],[143.5559342426172,66.43194409654078],[143.6804668927931,66.02149624921435],[143.4046434888615,66.18057673544439],[143.30926161750176,66.36268482846108],[143.15779522967782,66.37542746781747],[142.36133055622747,66.73286272540372],[142.1977138997926,66.58505666756828],[142.21139502209047,66.63883398215042],[141.73934610507996,66.9614930408158],[141.73925470492662,67.15690789959763],[141.48106972213893,67.2693252226733],[141.55677629620214,67.1558890722642],[141.45028382087057,67.20720010661093],[141.6111241587332,66.96205517989841],[140.69950726788093,67.37860759708947],[140.6207422507333,67.49519431773554],[140.3201167590546,67.45789068363213],[140.11415701367852,67.71831399561955],[140.31220006951003,67.71613023966866],[140.12855062377395,67.93141482507943],[140.25559991345924,67.71789563358723],[140.05427938324306,67.74653741606272],[140.17996965131314,67.43979812964447],[140.48853785561286,67.28823671899723],[140.5994591981298,67.34511495105171],[140.82992540551817,67.15019805433641],[140.89916876656287,66.95841184682892],[140.78728628082638,66.9069854688037],[141.00323108499526,66.90906648724268],[141.17328844754817,66.64145139258659],[141.68713627132956,66.19791139736232],[141.43501855256764,66.18852734251783],[141.70918042918024,66.13943473798699],[141.7561387494692,65.995200202085],[141.95689110979592,65.84781294883719],[141.91787770597645,65.72301490947743],[141.74174744998294,65.8251513874844],[141.79971127558883,65.74452409420789],[141.5791757453874,65.84595234262326],[141.69826326103728,65.75725003717267],[141.55485028056225,65.68204771615007],[141.84745905355524,65.73556931099338],[142.12391417108904,65.63838284418442],[141.700799499171,65.39016781066016],[140.99142708913536,65.89784040298191],[140.56937929553158,66.07827053154107],[139.68306175937633,66.89231442130945],[138.9322939398264,67.29752885324527],[138.4636148080914,67.6665283998322],[137.524950323734,68.22314619786077],[137.38212856671854,68.37902888614128],[137.365358200141,68.46014050585714],[137.3882708007186,68.38158622353029],[137.4356760821746,68.49727855772524],[137.29991713098872,68.6631786783664],[137.17997364961388,69.1516799650002],[137.20992877709878,69.01786663426236],[137.16940188727432,69.18902776637827],[137.30797793268204,69.27299090430861],[137.1534750373085,69.41764068638146],[137.37467089977008,69.5556426109119],[137.3584359359245,69.64699901987353],[137.81266250282187,69.57967223795947],[137.92941026379347,69.72281710509748],[138.0408011511523,69.56719114323425],[138.0661419501401,69.66214542566328],[137.92369381823363,69.72811682202605],[137.89892289307846,69.686170316943],[137.6117402293126,69.94318972894038],[137.57675657591003,70.0810996452978],[137.5733169108603,69.97472396355312],[137.8274874075821,69.69561350008797],[137.78865776860377,69.6253797841789],[137.3267631607851,69.69640739638491],[137.11567633877496,69.38981971462869],[137.20711633034944,69.31877483667567],[136.97050268352487,69.25242933141686],[137.11825666156167,69.09027211323364],[137.15296402756937,68.6833432453819],[137.2893120396187,68.56780655988267],[137.0179791875882,68.6902529972201],[135.47097624697267,69.97060954728114],[135.32163704517305,70.3490837512574],[135.52210015288463,70.4885637544273],[135.162817531216,70.69294130215549],[135.33898503842101,70.76631654985489],[135.21465376410458,70.97261207156909],[135.29113618165695,71.13024201901052],[135.17408102838297,71.09667110404175],[135.2812800967913,70.76433599865254],[135.10204488433808,70.69000171279086],[135.44063317881026,70.47828282275366],[135.25611516424897,70.46567278497217],[135.32661904270952,70.14693043920008],[135.24212609286906,70.13928579233458],[135.32923830958163,70.1157966465112],[135.2891776801464,69.9894184994526],[135.18161815471615,70.11279361353411],[135.32054418742322,69.8543990604122],[135.11315936959642,70.17702153293777],[135.11193271937418,70.07646290935996],[135.01561552596402,70.22399194167848],[134.09668184058555,70.81142927122133],[134.0772203001567,70.64583286122996],[133.62647410933897,70.92040837045744],[133.14410349480482,71.59571174425056],[133.2713570507985,71.35377581313082],[133.0745665946022,71.56533364971452],[133.25340465195484,71.36822187625191],[133.14296371303422,71.39055410291103],[133.0696288313715,71.49895394183108],[133.12984676265654,71.38895230678553],[133.3041431688157,71.30052387912656],[133.2947358992351,71.23067456990121],[133.1932771790797,71.30388816875531],[133.47459491077026,70.97425008308824],[133.33760400256085,71.12039730230453],[133.2734902155897,70.97187170516295],[133.10710477990312,71.15832271913524],[133.2414168603857,70.95570913208691],[133.38859210394457,71.00022489498303],[133.74937131229143,70.7065360789714],[134.19249283221387,70.57666565663078],[134.1721183523667,70.51586938529648],[134.2036262293035,70.56640781030117],[134.59193432347027,70.29690665917869],[134.4629415584604,70.3525739620263],[135.30182906409416,69.66227278276688],[135.2585834604966,69.60700253165162],[135.7915769554326,69.10693704550229],[135.93534452900212,69.08121978912615],[135.86190068957916,69.04732846880853],[135.9728358941537,69.02922763640603],[136.05909047217474,68.90591282363002],[136.13691342024626,68.91526505251218],[136.23938116070047,68.76751838713916],[136.32779882080416,68.80237330917535],[136.322490842971,68.64443749472356],[136.42923580980616,68.68147748669615],[136.42926403838402,68.6018608812224],[136.47049294680676,68.69448751776402],[136.46319666893385,68.59510536397585],[136.4966324145502,68.68892912143855],[136.75622361535798,68.50711017614836],[136.71704693960595,68.46722990717471],[136.889857415989,68.36636092810947],[136.80631704066354,68.3485211033125],[136.89043960371455,68.10776185083897],[137.12148071988847,68.0760637052036],[137.10671283487252,67.99375519764997],[137.19528644106964,68.02284186582166],[137.1565442839034,67.96960525495115],[137.2641731010978,67.92904013280801],[137.18546977420777,67.93102412116848],[137.32502694606467,67.85332406446695],[137.26556831018516,67.75534729869113],[137.30995970473816,67.79118441532385],[137.60618244784743,67.57908052650086],[137.61524192917705,67.7495099760808],[137.66121612783587,67.6309476115741],[137.60575214249627,67.54692166705442],[137.36903944318772,67.38945429680888],[137.24385746630134,66.99639849542768],[135.86634140973507,67.3723153038488],[135.611985633367,67.90348531527957],[135.4986805261947,67.83939957096418],[135.493033754364,67.95564242376895],[135.1888958157607,68.16944777739582],[135.0745550407347,68.16654732436052],[134.98325688165218,68.3219740757054],[134.6891637886863,68.47869500480022],[134.97588839425669,68.28230930015305],[134.9908285826441,68.19684702700873],[135.43366920541877,67.962611398301],[135.39658481434782,67.88086127587196],[135.64341545621232,67.76373007207303],[135.77277086103385,67.36037076705534],[136.26557506454958,67.05376774222898],[135.9603840295476,66.95434409575265],[136.25992461396504,67.02579551739882],[136.18661036231663,66.98843600397277],[135.80434670993753,66.92676723937157],[134.94148222591292,67.01931886951178],[134.88605888110223,67.12793182513876],[134.9349364003649,67.01840891432316],[133.98889750611326,67.0796325462713],[133.49160704829796,67.35577880989064],[133.49968231084216,67.43038014823418],[133.47114165549422,67.34616947186497],[133.792252194352,67.02415953548919],[133.7397414703667,66.88272362353194],[133.6315039378421,66.96842974753018],[133.5340854394563,66.87188538880247],[133.61893952304897,66.82852246048711],[133.69448082595412,66.86986354565356],[133.78184477242476,66.7421379116161],[133.57287574581346,66.5558836121795],[133.42735711971122,66.60166260676662],[133.35999340326188,66.45842208454025],[133.1620020548022,66.55125653704835],[133.03043261983862,66.43940898612148],[132.9558198328346,66.49982520944741],[133.06469406634116,66.40887111226955],[133.62121162246842,66.05450634221197],[133.4828009554088,66.27320547700816],[133.65403016729945,66.03446461197201],[133.33320173875626,66.17907101392542],[132.88422637038258,66.53827860343738],[131.74370255702578,67.14662354607898],[130.97931022352907,67.43301138164381]]]]}},{"type":"Feature","properties":{"BNG_E":285016,"BNG_N":102566,"FID":9,"GlobalID":"3dbc5bb4-311a-4a20-8202-a69425e59c50","LAT":50.81118,"LONG":-3.63342,"RGN23CD":"E12000009","RGN23NM":"South West"},"geometry":{"type":"MultiPolygon","coordinates":[[[[55.21840619781044,43.23820222021762],[55.188441687159184,43.23616124791157],[55.2173348132854,43.247985371310236],[55.21840619781044,43.23820222021762]]],[[[55.237006407068975,43.272736930029616],[55.23385248273566,43.268798940306866],[55.226265641926496,43.27672946810431],[55.237006407068975,43.272736930029616]]],[[[55.476530759454604,43.28422633095878],[55.48484962681985,43.273510018942346],[55.471914567948005,43.274771412743576],[55.476530759454604,43.28422633095878]]],[[[55.25230027188574,43.27987198933168],[55.241835482309,43.27857199447029],[55.2449108402772,43.28474038981312],[55.25230027188574,43.27987198933168]]],[[[55.44265487860209,43.31845419979317],[55.45384435791124,43.2857338865565],[55.41558361346909,43.289574468980426],[55.44265487860209,43.31845419979317]]],[[[55.248074094983316,43.30619669997924],[55.22022360444663,43.29565816434972],[55.23940464276635,43.32104497864527],[55.248074094983316,43.30619669997924]]],[[[55.22599988215589,43.32283452970759],[55.206017263896086,43.34546292725554],[55.21794225352562,43.347133576148956],[55.22599988215589,43.32283452970759]]],[[[55.21780394270374,43.38294971552163],[55.18391051708522,43.36294995413684],[55.16209308180328,43.3803152238944],[55.21780394270374,43.38294971552163]]],[[[55.18346436535335,43.43871534733721],[55.17256966804933,43.42836643498965],[55.16098084782392,43.43711641466735],[55.18346436535335,43.43871534733721]]],[[[55.82269606923996,43.482406940466745],[55.80333844252081,43.48652248015335],[55.820749735331844,43.51541438329487],[55.82269606923996,43.482406940466745]]],[[[54.881309248270625,43.60254031881085],[54.87030669508201,43.5997481681397],[54.87777730157559,43.606190385120634],[54.881309248270625,43.60254031881085]]],[[[54.89621108121904,43.61759986655865],[54.8975394335433,43.61047635101127],[54.889577967646275,43.61359802283215],[54.89621108121904,43.61759986655865]]],[[[55.02016203213448,43.62994307014822],[55.01421561836759,43.622505557532186],[55.011922705167706,43.629152507797656],[55.02016203213448,43.62994307014822]]],[[[54.901394926584295,43.6288338878156],[54.89650375171505,43.62033901749432],[54.88818433628735,43.624974864775936],[54.901394926584295,43.6288338878156]]],[[[55.0143094866663,43.656506882695936],[55.011327472669315,43.63738425374205],[54.991773558572525,43.642114953028035],[55.0143094866663,43.656506882695936]]],[[[55.85328324671282,43.91467721153545],[55.86038591662526,43.907164072856595],[55.8506400617955,43.9092783414262],[55.85328324671282,43.91467721153545]]],[[[56.19415586537045,44.038115939424195],[56.16204807443795,44.03615685143404],[56.183897936265765,44.0706354958636],[56.19415586537045,44.038115939424195]]],[[[56.162508621804974,44.09717656242117],[56.14458346167369,44.094867985409095],[56.1526649643895,44.10778799350345],[56.162508621804974,44.09717656242117]]],[[[56.14770497393148,44.10606822518834],[56.132212255108854,44.11265502193292],[56.14650096957259,44.11297298914897],[56.14770497393148,44.10606822518834]]],[[[56.28426510919219,44.118657407424315],[56.53013597052991,44.004589949176335],[56.563803671630325,44.12189793286407],[56.70051398542327,43.949895678742244],[56.643169802637104,43.844662210671984],[56.4796125009342,43.97898861557982],[56.50621264756561,43.78281175559144],[56.39226868377211,43.684338645998714],[56.30986735845675,43.895022966817756],[56.19216283369142,43.83488086184629],[56.28426510919219,44.118657407424315]]],[[[55.819727807812285,44.15172795144938],[55.94675393750086,43.98993494356312],[55.70440520218389,44.07592368319684],[55.819727807812285,44.15172795144938]]],[[[55.797831618478774,44.171207961123486],[55.795672935809755,44.16352773786833],[55.78773729016285,44.16584047456543],[55.797831618478774,44.171207961123486]]],[[[55.78789926108433,44.1767391141836],[55.78318015556379,44.16868082919742],[55.772642678391435,44.18523443949522],[55.78789926108433,44.1767391141836]]],[[[57.668917694016244,44.48313646585601],[57.65837523654557,44.482075595248546],[57.66676958017044,44.4941647288624],[57.668917694016244,44.48313646585601]]],[[[56.130254244799936,45.031878411631574],[56.10992740203751,45.04297063888049],[56.13529434101218,45.0746817362798],[56.130254244799936,45.031878411631574]]],[[[57.370566740998456,45.16373020963689],[57.787508190526616,44.90872396364722],[57.69243881480402,44.906447833179755],[57.78313280418297,44.748656098251104],[57.695668623621074,44.53513990890735],[57.58198822491828,44.60049110877499],[57.604803742708725,44.445621824503206],[57.21095033608277,44.44015863684595],[57.177943340349465,44.22037475155115],[57.03425878022748,44.50726411556879],[56.82877844916709,44.36232554989629],[56.74405242290888,44.49811468307152],[56.979039331866204,44.657267671358],[56.96723285542471,44.5633052649534],[57.14325680771063,44.63408079795772],[57.04651591294819,44.7883674326035],[57.16123833483364,45.06289923763223],[57.370566740998456,45.16373020963689]]],[[[76.73153239688506,46.43784526944456],[76.73814875169724,46.41039288292921],[76.72899059236872,46.42262053078464],[76.73153239688506,46.43784526944456]]],[[[55.66706617923749,45.15219136095538],[55.6775672018215,45.10937038160212],[55.650078949475486,45.077800088084444],[55.66706617923749,45.15219136095538]]],[[[76.6054242399197,46.48304709408033],[76.636787173188,46.485016590176784],[76.6462164308848,46.45480677585297],[76.6054242399197,46.48304709408033]]],[[[56.36299583729792,44.94541097325053],[56.20888469860037,45.00522528801868],[56.302148149137004,45.22602526872156],[56.36299583729792,44.94541097325053]]],[[[56.4393167296597,45.24983121368779],[56.432897753032975,45.23570807562148],[56.408317416889695,45.24350534224958],[56.4393167296597,45.24983121368779]]],[[[57.89418195149658,45.3145102122662],[57.8661358274254,45.30752420155926],[57.83468033105923,45.336331466198324],[57.89418195149658,45.3145102122662]]],[[[58.45051130633438,45.35335616263112],[58.411065605079784,45.31646540471878],[58.38406623748901,45.35030141370365],[58.45051130633438,45.35335616263112]]],[[[58.20767309970808,45.38345058006848],[58.209617532382936,45.36456804198693],[58.167345845699785,45.39571556212741],[58.20767309970808,45.38345058006848]]],[[[57.846726452656355,45.3866313573445],[57.80267701094928,45.36695269131513],[57.82726977915552,45.40175594198112],[57.846726452656355,45.3866313573445]]],[[[55.81683691836688,45.365808693507034],[55.82043605757123,45.34262782335907],[55.78680074728171,45.343951740660295],[55.81683691836688,45.365808693507034]]],[[[58.0799893845834,45.39642245267568],[58.110857526764875,45.28705525851595],[58.009572379151415,45.364653506296534],[58.03985087191538,45.42329800287483],[58.0799893845834,45.39642245267568]]],[[[55.94327760591396,45.37093621875804],[55.92448638148178,45.380028029704874],[55.936713012940274,45.38483922006732],[55.94327760591396,45.37093621875804]]],[[[55.6962965406359,45.39043576659875],[55.69711375369872,45.37342701643857],[55.688626742768946,45.379794849464446],[55.6962965406359,45.39043576659875]]],[[[55.69698580215121,45.394733130295016],[55.68260464472655,45.3923102741086],[55.69313023211372,45.40297292393213],[55.69698580215121,45.394733130295016]]],[[[58.39235550367624,45.47229418320606],[58.415562614853975,45.440870782234164],[58.36094468241172,45.452254109895236],[58.39235550367624,45.47229418320606]]],[[[58.00924667171453,45.44436046779566],[57.969215218186406,45.48648604229265],[58.02042961787695,45.47649738025863],[58.00924667171453,45.44436046779566]]],[[[58.46525872839402,45.473262659882025],[58.42515184929165,45.4776375308039],[58.45645209885909,45.49414280179484],[58.46525872839402,45.473262659882025]]],[[[55.567261821569055,45.495805749240965],[55.56609445215957,45.469074202008194],[55.55157638091306,45.49254978168747],[55.567261821569055,45.495805749240965]]],[[[57.43002261186061,45.531408844002875],[57.45940846975595,45.51186407998087],[57.43731948282918,45.513315895181805],[57.43002261186061,45.531408844002875]]],[[[55.60166222027564,45.48833835516239],[55.59026372150628,45.4826437477586],[55.58611136428734,45.49989289152317],[55.60166222027564,45.48833835516239]]],[[[56.1647952894338,45.53447970737543],[56.149653212337014,45.52916983488143],[56.15680022425041,45.538002098198284],[56.1647952894338,45.53447970737543]]],[[[58.25099201554055,45.51005446945109],[58.273222959354484,45.43572095058211],[58.12025993464852,45.627980979478025],[58.25099201554055,45.51005446945109]]],[[[58.232134342063,45.65330517867594],[58.240221526805186,45.64510045818972],[58.2250924598385,45.64691196940629],[58.232134342063,45.65330517867594]]],[[[57.39908826199388,45.67995098000476],[57.395271450324486,45.671891286701694],[57.39110919169987,45.67607889767126],[57.39908826199388,45.67995098000476]]],[[[56.06938966214571,45.67480725307285],[56.04994711180069,45.60299821990625],[56.004332055544005,45.657951364149945],[56.06938966214571,45.67480725307285]]],[[[57.1525801069394,45.88265154568378],[57.1496672750946,45.85555296417437],[57.141180272104506,45.85692079291801],[57.1525801069394,45.88265154568378]]],[[[56.930135614286584,45.893498011849225],[56.92879671084108,45.88053016917218],[56.92193662468368,45.88742661107605],[56.930135614286584,45.893498011849225]]],[[[56.96079605635935,45.91818214935441],[56.9696496219169,45.906106872297215],[56.94175593513317,45.91096431173236],[56.96079605635935,45.91818214935441]]],[[[57.10257991603024,45.967793036090605],[57.07288256882829,45.93736566859793],[57.076347225874,45.94960948135214],[57.10257991603024,45.967793036090605]]],[[[56.200805729607325,45.954883166757334],[56.19109268043378,45.952665101185445],[56.20356247746486,45.957770723764526],[56.200805729607325,45.954883166757334]]],[[[57.099111297186774,45.9784095509886],[57.06418532381477,45.9757112524847],[57.09871437549889,45.997963961426315],[57.099111297186774,45.9784095509886]]],[[[56.84708786097696,45.9899558242419],[56.857466096535376,45.9486443294159],[56.778596704516644,45.98344134062948],[56.84708786097696,45.9899558242419]]],[[[56.29647321416955,46.0060131617464],[56.46745725568575,45.697145778190546],[56.39849738018833,45.42618557294745],[56.24897776219246,45.3816169573485],[56.14651794449915,45.43258061347521],[56.284221967161805,45.534603498415976],[56.14590377423511,45.66047873977614],[56.261573967675275,45.669448708558704],[56.184098990672304,45.710401542082906],[56.30645486516604,45.80493209811194],[56.210188185494594,45.92852235227734],[56.29647321416955,46.0060131617464]]],[[[56.49230979853648,46.03474785646797],[56.59698460185231,46.033491679869215],[56.61834546687475,45.91604858046354],[56.75795302361705,45.909912703233005],[56.80179188265981,45.76348651567638],[57.02318066045992,45.61335891241846],[56.94545562230222,45.39090002442596],[56.7422600651535,45.23080781372258],[56.61654385665549,45.44038172767977],[56.65069487788763,45.643591253161674],[56.41768731600932,45.9556373938609],[56.49230979853648,46.03474785646797]]],[[[57.14266619279913,46.0716748792527],[57.26487860723836,46.05452161150575],[57.24249224923716,45.91441601707671],[57.08490709312169,46.041629535628296],[57.14266619279913,46.0716748792527]]],[[[57.508743264899294,46.16736211737219],[57.645493115691814,45.95487408069516],[58.01665052934595,45.87715116195293],[58.0724804978857,45.9689947056039],[58.16971162945197,45.838052471519234],[57.7073820918182,45.66812538458096],[57.662230138696195,45.789156964107],[57.34175648406602,45.89690564991113],[57.378110831487966,46.05736512843781],[57.47013733721415,46.04278300702511],[57.508743264899294,46.16736211737219]]],[[[56.97329412089025,46.20665220926436],[57.05372987803446,46.16831905852919],[56.91440155648515,46.07931344462011],[56.97329412089025,46.20665220926436]]],[[[76.18333342863724,47.5426194675665],[76.19052207566169,47.50895512838118],[76.1369245172882,47.51887213478927],[76.18333342863724,47.5426194675665]]],[[[57.575432504995156,46.331617541219785],[57.69169920632986,46.27839660119829],[57.6331139330651,46.1714402986757],[57.575432504995156,46.331617541219785]]],[[[57.04548940581038,46.333921855209375],[57.00940688595148,46.27694908785268],[56.99867424787613,46.339253541193415],[57.04548940581038,46.333921855209375]]],[[[72.89396191853356,50.19242744476267],[72.93324800740413,50.13139566521986],[72.8490578064987,50.110411514164284],[72.89396191853356,50.19242744476267]]],[[[69.68040890567337,51.115870567384405],[69.66631309672727,51.128888392907314],[69.68784681046297,51.1373643022316],[69.68040890567337,51.115870567384405]]],[[[82.84621006804576,52.625367324076095],[82.82776728213143,52.626911523412545],[82.8626221837893,52.646391294349215],[82.84621006804576,52.625367324076095]]],[[[99.5900772186052,55.74504382195307],[99.59162511149238,55.72907570407397],[99.57473983497644,55.74372938976481],[99.5900772186052,55.74504382195307]]],[[[99.64097662781057,55.82275565117057],[99.61398109511637,55.7463278764199],[99.57462321994221,55.80322371179814],[99.64097662781057,55.82275565117057]]],[[[96.60835423861813,56.528547942624236],[96.61206834777259,56.52320063388652],[96.6008590397666,56.523195122135974],[96.60835423861813,56.528547942624236]]],[[[96.61583393755548,56.53458056613597],[96.61731465051263,56.52875100182668],[96.61079937385873,56.52881786190624],[96.61583393755548,56.53458056613597]]],[[[96.65851449284193,56.54769935552974],[96.61786463304777,56.54737183087585],[96.66600012719123,56.587581450718126],[96.65851449284193,56.54769935552974]]],[[[95.96026687049623,57.26206857819186],[96.2353936184244,57.2626081460751],[95.95644482977097,57.25775775235168],[95.89139453254157,57.283131634414154],[95.96026687049623,57.26206857819186]]],[[[91.08476074514431,56.87710510397692],[91.0163960771975,56.83776841852719],[91.06013448238294,56.91628877551634],[91.08476074514431,56.87710510397692]]],[[[96.02948684822354,57.827243393511665],[96.06842413559241,57.80016189549263],[96.0153759802779,57.824517210626695],[96.02948684822354,57.827243393511665]]],[[[90.99163426707004,57.77326179543385],[90.98159578038184,57.77381155716872],[91.00921087652502,57.835683296341784],[90.99163426707004,57.77326179543385]]],[[[93.99660776993684,58.373974040032614],[93.98664448710242,58.27745710541434],[93.93952188139563,58.35109127636027],[93.99660776993684,58.373974040032614]]],[[[94.61429626607739,58.46204582296748],[94.65099084198951,58.45015847798054],[94.63933269643486,58.418530423028315],[94.61429626607739,58.46204582296748]]],[[[95.90204618733088,59.30399807463027],[95.89184502444637,59.2933419975905],[95.88919894721394,59.303191711700784],[95.90204618733088,59.30399807463027]]],[[[95.19237142706439,59.33543080916518],[95.20438353037798,59.33051334341695],[95.14993030624535,59.31039635692884],[95.19237142706439,59.33543080916518]]],[[[80.9160912591327,57.610914840266766],[80.90641872020343,57.61032845658119],[80.90980132393902,57.61986925578641],[80.9160912591327,57.610914840266766]]],[[[81.31195837828845,57.8994433304935],[81.35882822622135,57.87770128162658],[81.26270010620924,57.88875638364291],[81.31195837828845,57.8994433304935]]],[[[95.58256797527699,59.88508131061998],[95.57494505582187,59.86448246706525],[95.57342555729214,59.88037365262697],[95.58256797527699,59.88508131061998]]],[[[95.63032286252326,59.90419859040264],[95.59057223732582,59.88405070420019],[95.56888132653101,59.88727381727642],[95.63032286252326,59.90419859040264]]],[[[95.65542066213081,59.92497239177523],[95.62735859339838,59.8818620968994],[95.63759806187824,59.93218455653464],[95.65542066213081,59.92497239177523]]],[[[95.66138663919047,59.937445388196586],[95.655830244207,59.926959637791754],[95.65151226093846,59.93559425612534],[95.66138663919047,59.937445388196586]]],[[[95.62896577673875,59.93149611098657],[95.62598486593615,59.930206083003846],[95.60483645052281,59.930260861123884],[95.62896577673875,59.93149611098657]]],[[[95.6236537178901,59.92505953177366],[95.57297505223406,59.89534500807369],[95.60515835485951,59.927768662818494],[95.6236537178901,59.92505953177366]]],[[[95.6475465501779,59.934315689853015],[95.6293353319674,59.937813120176166],[95.65207977543872,59.95108636242716],[95.6475465501779,59.934315689853015]]],[[[82.09770727857476,59.25657786400183],[82.09048259913754,59.23801223095943],[82.08522304764614,59.24981862586439],[82.09770727857476,59.25657786400183]]],[[[104.30865698626263,62.37157576297541],[104.2550620642828,62.32250549385006],[104.25512001584609,62.39917712578551],[104.30865698626263,62.37157576297541]]],[[[82.32126533951444,59.99196791837923],[82.31549409940135,59.99924338138364],[82.32537202599288,60.009619131877486],[82.32126533951444,59.99196791837923]]],[[[82.33807053089186,60.00592582404378],[82.3327876415366,59.997442045348194],[82.33132579883932,60.01199027301475],[82.33807053089186,60.00592582404378]]],[[[82.33315653827322,60.02469734206539],[82.3441598429351,60.01277773918688],[82.33147285126911,60.01947401504331],[82.33315653827322,60.02469734206539]]],[[[85.35972589400274,60.62129420132405],[85.3538364324795,60.59184102570386],[85.3492724675024,60.60530074922159],[85.35972589400274,60.62129420132405]]],[[[85.33389387196178,60.62896662733661],[85.32111381414941,60.62403356247916],[85.33025253858034,60.637110500461255],[85.33389387196178,60.62896662733661]]],[[[85.30805078938803,60.680749299957995],[85.35848810656026,60.66909665843271],[85.33114162115561,60.64771229811001],[85.30805078938803,60.680749299957995]]],[[[120.68681931458663,65.14345506138264],[120.65308418442933,65.10265628375136],[120.58301480947537,65.10545866940357],[120.68681931458663,65.14345506138264]]],[[[83.07328932150234,61.41036484543591],[83.12695231702654,61.40137130488738],[83.08105978624124,61.39183747984144],[83.07328932150234,61.41036484543591]]],[[[108.00643492710475,65.47167745799612],[108.03940050433415,65.46453558115235],[108.03057275360996,65.44842091951449],[108.00643492710475,65.47167745799612]]],[[[108.01911528513051,65.51893416238798],[108.03742930406466,65.4649809079362],[108.00984778564427,65.47197716009647],[108.01911528513051,65.51893416238798]]],[[[126.68931661016187,67.08860710450186],[126.79016391593477,67.00601027724026],[126.73492097131916,67.0026488903723],[126.68931661016187,67.08860710450186]]],[[[126.89006694235557,67.10539876643348],[126.87747941944531,67.06247523599825],[126.7660271609876,67.1075988336918],[126.89006694235557,67.10539876643348]]],[[[126.18422086272871,67.36200701247606],[126.19321222172684,67.3524154040667],[126.18374427868342,67.34548947885041],[126.18422086272871,67.36200701247606]]],[[[125.60264976212609,67.43798800916923],[125.59462410438792,67.43316009654147],[125.57878404367568,67.45853303343158],[125.60264976212609,67.43798800916923]]],[[[126.19020207891751,67.38861877441923],[126.19930159591624,67.37321354379722],[126.17176075245824,67.37293256631338],[126.19020207891751,67.38861877441923]]],[[[126.21219989917587,67.4125804521575],[126.21382338420494,67.38759975839264],[126.21247412942131,67.36217674145499],[126.21219989917587,67.4125804521575]]],[[[125.58606294496715,67.47384563245579],[125.58415652473983,67.45967324686761],[125.55925686379038,67.50579865924234],[125.58606294496715,67.47384563245579]]],[[[126.27699385245893,67.4491331421337],[126.36089453288227,67.22322079347656],[126.25043416705607,67.44046105207403],[126.27699385245893,67.4491331421337]]],[[[126.97234083269767,67.37052370508623],[127.15227748553363,67.31356239576698],[127.23197394621813,67.14960542405072],[126.82580013351026,67.20144960869997],[126.71960366261739,67.34980536200784],[126.88524128174754,67.43056926436071],[126.97234083269767,67.37052370508623]]],[[[126.08850429723762,67.56734877221936],[126.08682802084469,67.56015389855133],[126.07438239640493,67.57173900477238],[126.08850429723762,67.56734877221936]]],[[[126.12256896633346,67.56681037476652],[126.10147870375721,67.54809041786511],[126.08972040626338,67.58115902986046],[126.12256896633346,67.56681037476652]]],[[[105.51461193030167,66.39415680895027],[105.47385124673116,66.37651851012767],[105.4400514167055,66.42260519994096],[105.51461193030167,66.39415680895027]]],[[[126.65923157901098,67.774808426258],[126.74591143375997,67.76311151636033],[126.65757270922467,67.76451367248941],[126.65923157901098,67.774808426258]]],[[[126.96876746191346,67.73079437371533],[127.01309488233348,67.68705470438071],[126.9680536338688,67.72892679922515],[126.96876746191346,67.73079437371533]]],[[[126.35196124733991,68.0186579324021],[126.33483246145747,67.99733639955947],[126.32577998946869,68.01212600744434],[126.35196124733991,68.0186579324021]]],[[[126.31453402295341,68.04885016500306],[126.33951204214048,68.02627047858618],[126.32112728841793,68.02230312300973],[126.31453402295341,68.04885016500306]]],[[[130.0084793177912,67.3324460719078],[130.02624619019218,67.31383914735616],[130.001613387263,67.32189701206555],[130.0084793177912,67.3324460719078]]],[[[126.2883390594679,68.13160723127264],[126.37093813422528,68.0812566712942],[126.27882406305814,68.12705697219668],[126.2883390594679,68.13160723127264]]],[[[126.27113525760947,68.15483602481751],[126.26920240425054,68.1329173602278],[126.25989404761968,68.16137653368008],[126.27113525760947,68.15483602481751]]],[[[126.33560198490056,68.25900418721423],[126.40586016517125,68.23968662594544],[126.31812879263181,68.24597548097995],[126.34531688462718,68.16751995939953],[126.27328306177722,68.25244909426407],[126.33560198490056,68.25900418721423]]],[[[126.22728267110188,68.33551619199275],[126.23920711605533,68.33042298995285],[126.24942985555293,68.29299653163605],[126.22728267110188,68.33551619199275]]],[[[126.33799975681308,68.35093230531828],[126.28799909914406,68.27956964729484],[126.28730369887492,68.3537708733379],[126.33799975681308,68.35093230531828]]],[[[129.7546698349582,67.66093496863724],[129.81321848857536,67.55658725581735],[129.7202042075077,67.66256478405019],[129.7546698349582,67.66093496863724]]],[[[90.84381201328347,71.2771163647533],[90.84147856435783,71.27212109793717],[90.81891242182003,71.27951787210345],[90.84381201328347,71.2771163647533]]],[[[90.86012496350571,71.27856504359053],[90.86198838630344,71.27130040238625],[90.84597453122677,71.2788687606744],[90.86012496350571,71.27856504359053]]],[[[88.89609024152958,77.11784638846719],[89.00300350867872,77.0917763514021],[89.12959474382403,76.74475581321099],[89.10100918334983,76.331918676985],[89.24444583295232,76.17170878785127],[88.91459651211048,76.13621035315515],[88.78697524982526,76.51417281669316],[88.92486127208474,76.62039051610607],[88.8290374711282,76.94881078411935],[88.89609024152958,77.11784638846719]]],[[[113.56874832008434,77.17034267686755],[113.54434908313499,77.13851117833052],[113.57320729494423,77.34280206618087],[113.56874832008434,77.17034267686755]]],[[[112.60816157215791,79.81707137301711],[112.45746296643091,79.83460431284969],[112.58576844714426,79.88324474533093],[112.60816157215791,79.81707137301711]]],[[[134.54731192109693,104.87326777462842],[134.5707379601734,104.56955470652882],[134.687307717254,104.54513309567955],[134.80391241881873,104.68157666688927],[135.01596598097098,104.91139551298332],[134.8683825879441,104.61529998762228],[134.53305352320575,103.87770424250766],[134.748611236298,103.78891262071122],[134.8931885649326,104.04336145645345],[135.028260722034,104.07037926984287],[134.77592063276572,103.63593978520151],[134.76541096708746,103.41950773177366],[134.93308150844467,103.4741498099137],[134.60644818269427,102.91215520111152],[135.0176513267324,102.93639125950617],[134.9961384031025,102.78089574765946],[135.81059008924365,103.34411476810716],[135.83673218884311,103.19153062813564],[135.69583183487697,102.96775107683018],[135.25190965211408,102.57042358970331],[135.02074570810544,102.17393330931569],[134.31563121275744,101.40177380422432],[134.29819548890111,101.23963457480465],[134.07071465748103,100.82347997199248],[134.00458830136992,100.49710137044241],[134.12417455779567,100.47858735046212],[134.0189591112226,100.33063899061584],[134.31795889871952,100.43152650561628],[134.34471241445254,99.93654021626341],[133.6464702232662,99.25709623471366],[133.70292114692114,99.25985043876729],[133.55215290060437,98.9637093263102],[133.6753984718722,99.01725889696698],[133.50586398954258,98.58560253324941],[133.2565825682913,98.36359299019915],[133.0979623262356,98.37001349900963],[132.66043395515322,97.69945717371925],[132.1623104100491,97.18444428127748],[132.09826275047277,96.76074827230741],[131.85094725723764,96.21843704377737],[131.77787706359462,95.67997979074842],[131.82893585777677,95.73218473999904],[131.60205106469755,95.10302919811346],[131.17841772078808,94.48667336981443],[131.29046794400142,94.19491105973816],[131.0641182286659,92.9191013866747],[130.93083873544526,92.71932854306688],[130.9132481940764,92.32835402993122],[131.01963748591984,92.00761018660725],[131.08326111603338,92.05691366643302],[131.07893686835834,91.67769432048736],[130.8400480636899,91.45601703233277],[130.79315478103416,91.71258376999093],[130.5661817629823,91.3668076019934],[130.43230702603395,90.94588484265267],[130.43129379335105,90.58767018278984],[130.35623606843762,90.4203392293171],[130.41632928002076,90.45636024729548],[130.42978985130898,90.15639099532595],[130.5358782586814,90.1788701753378],[130.53484374705766,90.02960748046945],[130.27746553282742,89.58444237741433],[130.2864159797622,89.41450125728574],[130.16014327785686,89.24390123949267],[130.13442859890938,89.28741524765587],[129.93564689030134,88.98604812420133],[129.82286304678084,88.46928786636829],[129.72397033729936,88.32150508564072],[129.7446113055119,87.95734458641928],[130.03846010613785,88.26473433115686],[130.1010152984627,87.23713422734241],[130.04784475718634,86.73594722960404],[130.30001989440393,87.01349193356641],[130.08493817814843,86.18489291390719],[130.18650574325974,85.96250835115138],[130.20790371934976,85.71657580429883],[130.45255081464717,85.26176900811112],[130.67541098572823,85.19001119642948],[130.72502240985503,84.79748841223163],[130.60096136970836,84.47608063906513],[130.68815229753375,84.3616157235172],[130.49322148422397,84.37416298912846],[130.22960558862184,84.19570118172231],[130.1423418052578,84.22816398705375],[130.07353603342455,84.03264345062684],[130.15796150706683,83.85418530803759],[130.28777338270297,83.91396971644777],[130.22973134284314,83.52448891293164],[130.62227175391536,83.07862499415447],[130.74378241226017,83.11037851903244],[130.78327757157984,82.9312725450213],[131.02750967383437,82.8898809856498],[130.93910390923816,82.52144322882754],[131.13362171986907,82.30352146731413],[130.93358984822368,81.79075955610352],[130.69972477605478,82.03776087485508],[130.54287140196374,82.00033089614581],[130.4056847915197,81.41697473376847],[130.5027674008095,81.18569117256243],[130.46160638061997,80.94244909925447],[130.5553425906603,80.92664936899648],[130.48781552630123,80.67102948392598],[130.31955377745726,80.66504108836801],[130.18376164110015,80.4817718966466],[130.2645768036554,80.43518324556574],[130.16784184629566,79.9842362102405],[130.31537697927675,80.0360626383145],[130.20427674432312,79.67168912129144],[130.07647890643824,79.57476982671221],[129.6633647238632,79.8184899958991],[129.41672122222334,79.73513482260795],[129.4042221730655,79.66193326805353],[129.34439800371283,79.6904912886858],[129.2825573867395,79.44935476346976],[129.1827453774273,79.39194763777842],[129.02828572312117,78.78694125361217],[128.80249428138845,78.82919391226248],[128.44723711318642,78.64859070642368],[128.45733898351128,78.3904805010089],[128.7947444292424,78.10985959691496],[128.82072376420828,77.81761807781793],[129.1321794475869,77.3145138836531],[129.18839578801078,76.62129920857464],[129.43446895279382,76.60694007019961],[129.62877930503004,76.43519676921002],[129.60466218016427,76.32464282340172],[129.6938627164318,76.11805714678843],[129.64368349239945,75.82879232670965],[129.78992478133642,75.57764739962985],[130.00713535930458,74.43991859457618],[130.1427569161562,74.46174650592656],[130.41324096444023,74.25702522733314],[130.3665454350525,74.16227234088664],[130.54211536467534,73.86224465182684],[130.39679704788782,73.90421148671454],[130.35105831458264,73.82345078472856],[130.49154363632928,73.72114625391602],[130.34146213025952,73.76060784856794],[130.24282522857828,73.63004482133977],[130.5427775222275,73.13843326331215],[130.68205146014617,73.11612342972909],[130.62977887059915,72.68159246368816],[130.5580422618865,72.5585631144649],[130.3982592848636,72.66748772557672],[130.1818833788453,72.45799666888942],[130.0515369177897,72.43674478402018],[129.6712442642814,72.66499876089807],[129.28177569100902,73.09531709235729],[128.85379649524953,73.1416028229585],[128.1995811062107,73.42695469237448],[128.10287495504096,73.31599398953779],[127.85292403595425,73.76251983683399],[127.64369594664228,73.68759348297706],[127.39076754486757,73.30752348194802],[127.39438287346114,73.7137923436715],[127.23999612815847,73.59105347367485],[126.74927996948628,73.56683315037714],[126.48203996963464,73.28973930870188],[126.40054169924416,73.43084836484336],[126.41499391236442,73.21682637847482],[126.72034401993156,73.01394458448866],[127.38903318433002,72.05860123477748],[127.79564270372579,72.31834317364773],[128.0349141819361,72.20651415879126],[128.14971740866346,72.23074479039934],[128.04063210993635,71.94243320961719],[128.08981123080997,71.7893580910655],[127.9875408058557,71.6409384458162],[127.80311659160196,71.68642884270673],[127.69736321085257,71.54140488956203],[127.74833775842033,71.45447558088361],[127.70984667277608,71.16597292793662],[127.63994584702658,71.10925823825133],[127.6812882410659,70.95702393663781],[128.00232752643265,70.83787894672942],[128.18958260572327,70.88917547415241],[128.18461716362734,71.02188868839005],[128.25226853458148,71.01041133128453],[128.46203403462005,70.61884132934523],[128.42870748011666,70.55185859371458],[128.69577518146875,70.2845902852024],[128.67699161225684,70.17643020312889],[128.54648399032214,70.18636273014359],[128.6083898485153,69.80503004223817],[128.67438192176135,69.75572700884202],[128.58197873329846,69.62550554653652],[128.79936788772198,69.40596945672443],[128.8171418262755,69.20483520831448],[129.16663912463122,68.82979738168407],[129.23461368350797,68.55396791550012],[129.34282787647453,68.45420356677377],[129.5306110536364,68.53290871438645],[129.49052148523185,68.60734552934372],[129.77099335161563,68.70684565207864],[130.0456394251099,68.26238987598218],[130.08579490096145,67.88054829005141],[130.45808327072524,67.90766920752027],[131.02611375557444,67.77072444383492],[130.97931022352907,67.43301138164381],[130.9795011004562,67.43187040492542],[130.98077796288203,67.43028497337195],[130.5333623218003,67.47168014611927],[130.30548530077826,67.26146230072588],[130.30109583125196,67.35052976444729],[130.15501119006996,67.35280181401494],[130.00655542951625,67.51192162395729],[129.95206309323058,67.45552643170319],[130.065734731471,67.3771423064138],[130.03498158763216,67.33668747824174],[129.94978106474943,67.4215868846266],[130.00062671533942,67.32345835038495],[129.8945159725777,67.4209168578589],[129.90848941637014,67.53510525243625],[129.81321515928886,67.48910005072463],[129.82545360795868,67.53593209845992],[129.73020891772214,67.76755533565628],[129.6376699398952,67.78982433767698],[129.69481457500913,67.6854349525597],[129.8109655386961,67.5491437812989],[129.4649021297034,67.65844143668889],[129.3276036253049,67.86731402434111],[129.16282367682572,67.94372290144517],[129.3038994357452,67.85441377616178],[129.431824002137,67.6353096104743],[129.75828619458758,67.5356476077025],[130.0082876068244,67.21918180419358],[130.3135349560233,67.06829802446221],[130.34312362283777,67.27437299364833],[130.30061977071918,66.97797706387216],[129.16661714232097,67.45543698795626],[128.42966125621408,67.5440836723116],[127.78021144838127,67.38690079973907],[127.468747608563,66.96329837346372],[127.32642861198377,67.04419519456476],[127.56134518637728,67.21840144065138],[127.22355834973777,67.57226448465279],[127.19889746514404,67.51664787258196],[127.11054590092205,67.71340889492788],[127.13000037527992,67.6265210555774],[126.99342378351852,67.75010993277647],[127.00014982490427,67.83276393499935],[126.82771062649145,67.74240667194876],[126.55253652910005,67.8269246509305],[126.5487560113875,67.96941611111056],[126.61955428626099,67.96682700135167],[126.47942362257028,68.09453487023242],[126.44207644204388,68.39956901134963],[126.20204145484601,68.35433563706263],[126.19247905819165,68.26109346708718],[126.267976179799,68.25175039286859],[126.2102625393089,68.24200506537507],[126.32493535068988,68.00509699734488],[126.3510504564681,67.97558458438158],[126.48361272351613,67.94829223702973],[126.56404583816527,67.80321601208539],[126.6320423820776,67.70468045607987],[126.46433337663615,67.78743844490712],[126.49006474258783,67.72467109321055],[125.84778363409251,68.0706157817899],[125.86230128946272,68.22598392841415],[125.96925939581004,68.29165308506346],[125.86741092329893,68.27017256953715],[125.83769534542779,68.38755495426032],[125.66201834940519,68.29449792878458],[125.7276031586094,68.1850933736595],[125.71221178166456,68.22765730253067],[125.79531051823562,68.19443038640969],[125.74293415899375,68.17450897344783],[125.84366685531091,68.09466320383622],[125.75148882024854,68.04637177461724],[125.84597135560811,67.9687607896482],[125.72225008764345,68.05116076073539],[125.53298024011076,68.00379314807317],[125.47247373298458,67.85669211910155],[125.53605524821518,67.86906524052928],[125.54084458367328,67.80755542459279],[125.69856549431259,67.78628650683967],[125.47629755135728,67.8083459109245],[125.562444481093,67.6326939873777],[125.4045961273658,67.57074806339925],[125.30116993803395,67.64707401045573],[125.17830494054442,67.61966922993409],[125.43773520057613,67.5318793873069],[125.46857391502306,67.55803741132146],[125.51296859400799,67.41999321678017],[125.44838785323445,67.47849946308315],[125.3557029739915,67.45206012164454],[125.35123675555832,67.43873120382578],[125.41220266398977,67.35098739541708],[125.30823116775579,67.35475745031331],[125.29894574860509,67.25507815716301],[125.10806546212663,67.37457264767889],[125.06180869086316,67.24079526445418],[125.10584524943235,67.36617983987139],[125.3074372572678,67.24959124409087],[125.31229309442965,67.3528610395974],[125.41726254910748,67.3470437991295],[125.35587999893596,67.44382152511547],[125.68272970376245,67.37527729591157],[125.90641751376597,67.77603964900082],[126.1080032054283,67.77468526488755],[126.25330283954534,67.61487677626863],[126.01789179231338,67.66717973681133],[126.09724039041059,67.63432688613896],[126.0719631019714,67.57437189152597],[126.10786333365493,67.5288147430206],[126.14082148906826,67.50806724622424],[126.12913940131367,67.58455484755073],[126.16818810973932,67.38647192156682],[126.18394698558343,67.31371993763025],[126.23177180217488,67.32620081145345],[126.11092555184294,67.1669468792679],[126.00079032366114,67.21282300043099],[125.90750724964767,67.13462159770135],[126.16063825352181,67.14652285019378],[126.25049751108591,67.23629849783786],[126.19785353763378,67.1239022285594],[126.24059222499922,67.17225085251248],[126.19932438643255,67.06913035250352],[126.25819693288078,67.07405036823566],[126.18937491036888,66.95833930907293],[126.0514448964094,66.9649911211617],[126.16693410167989,66.93756569563871],[126.25429513458919,67.00842534259006],[126.27973997336275,66.93278091951981],[126.30317108333463,66.97206937103233],[126.29866182029872,66.83963540162593],[126.3124904650213,67.17415549739471],[126.36881700560608,67.10857505603367],[126.47751847154899,67.15175767874598],[126.56356411187993,67.0423651779401],[126.46368355203118,66.97542425790635],[126.54184527352496,66.88046502678762],[126.55287660349177,66.98739207754366],[126.73968308519267,66.8962465231554],[126.66392858283781,66.9040100883049],[126.81594335820743,66.72641204099168],[126.807345907059,66.86604970572715],[126.981254757891,66.9269304905998],[126.93036189493327,66.74953977046859],[127.07150384376592,66.62298274161071],[127.01406673796617,66.62950905443316],[127.12168651293484,66.59169753132707],[127.09013102150058,66.45351212751945],[127.14372730287772,66.56483870819547],[127.23580012107459,66.4444515623298],[127.14375456263352,66.69788697959606],[127.25786369790043,66.80950073594732],[127.3321565199426,66.74501686435497],[127.3886627381705,66.91083545015888],[127.57006472336954,66.71932466473166],[127.52959003440739,66.12819143399902],[127.78205646009327,65.78715208063743],[128.04519543567102,65.76047974496862],[127.96118061521726,65.45419323200149],[127.8023127055245,65.44337155798067],[127.66345737521834,65.07397028000445],[127.73383554492526,64.83293411335566],[127.92251689713788,64.76080991173359],[127.82346321442833,64.53238606428312],[127.88640308782342,64.39786349953519],[127.76478707503433,64.30455605922317],[126.73851712074276,64.5132732269253],[126.37032665609917,64.22829242259229],[126.22666160289793,64.41774381358006],[126.12557679504454,64.81193650863666],[125.4670222739125,65.05090665362133],[125.01646744073527,65.45828940822443],[124.95597347110524,65.61231101189614],[124.79667016516721,65.52048542985051],[124.5998750039757,65.75422423581857],[124.16872292701905,65.81163095277127],[124.20423768485489,65.85778888363383],[123.9874931345494,66.04268223823478],[123.6416614716465,65.94311634869932],[122.14450487855515,66.35668722466454],[121.96323168972143,66.53788322912058],[121.504813452776,66.60400012520519],[121.04699314364731,66.81174500804549],[120.86891192146977,66.7484377070359],[120.698175637068,66.8587978859106],[120.36199368368945,66.5978132452422],[120.26875958189622,66.31969378352203],[120.3083379359984,66.20546638314431],[120.38721591552108,66.22729972413296],[120.26968002209586,66.1616645820742],[120.21609913609723,66.28124792569824],[120.18267935101377,66.1681352848583],[120.29407091990056,66.14798192627826],[120.42526027728022,66.21988155412808],[120.31145421604253,66.08009026489265],[120.59663749214607,65.87069825182712],[120.33788796937992,66.01524790820488],[120.14722237063967,65.81002938051915],[120.09160242821787,65.48210879908869],[119.67490454813617,65.81314826397593],[119.68793070162539,65.99884954157513],[119.56019951392244,66.04639804388836],[119.46421319675436,66.20633408488703],[119.43006921891676,66.16448097603141],[119.35163210040164,66.35740576792308],[119.15554237895495,66.32801995365544],[118.85024411358219,66.55291523943602],[118.93671632434632,66.64474128983048],[118.75737097967291,66.63212215796906],[118.70745124811702,66.83623188371978],[118.5742552604581,66.7851208749928],[118.11981430286772,67.07785502792933],[118.16475163855435,67.12468523878971],[117.96251265959187,67.14573320513483],[118.95163328996773,66.40338450218292],[119.24712441799039,66.17447279010983],[120.12154634575515,65.32585333189087],[120.07719114466137,65.46446664572892],[120.26744433738406,65.13304700208842],[120.5473193825128,65.08282703142339],[120.54817583277399,65.18804635784889],[120.54763173610183,65.11948060232146],[120.63972818780712,65.0513214062986],[120.82633848937911,65.04678712213372],[120.74271130308418,65.00929815327348],[120.98859576442757,64.43170629944096],[120.67109489025945,63.62111909404304],[120.49654619794165,63.37613832373866],[120.43193284215839,63.56265710264158],[120.45883950042754,64.82367900705354],[118.9686688682446,66.35970413017142],[117.70339837015726,67.28247810634663],[117.20295707685855,67.55964085995801],[115.81984401148141,68.12663130151317],[115.80944736423565,68.07310542438769],[115.40321834973874,68.2056152044403],[115.13568891079328,68.17695191593347],[113.74380214421024,68.32357636084545],[113.4989085558164,68.20908337779277],[113.34946877714994,68.02151582008307],[112.65619156825937,67.69659271045987],[112.50799216780726,67.69669529931721],[112.11451833770631,67.5146019402733],[111.63816944656675,67.55068045238188],[111.75561752399003,67.8454310194551],[111.71081880279218,67.79832508489484],[111.78853943973947,67.91047513230059],[111.69063506610385,67.8671818257746],[111.62898857188182,67.52214891876113],[111.68840448543796,67.51388663415662],[111.36273586432377,67.45604380827677],[111.16377843582474,67.30142818393811],[111.08809766180929,67.12107886184393],[109.69674130410073,66.89530851626424],[108.61885176456389,66.48015957683555],[108.4803298544461,66.24109250405775],[108.36096234057953,66.01972223722068],[108.3149058967997,65.73463166918856],[108.0679274639622,65.4319337813777],[108.0276284646753,65.85517232454765],[107.99622039636658,65.4366875592473],[108.06498990807468,65.43951990182829],[107.66409510061933,65.26188785185798],[107.33436708683934,64.89149753440626],[107.36489116724432,64.69005900546155],[107.28520354578876,64.75808813341112],[106.99089697791104,64.620988441635],[106.3954530509997,64.85380783565151],[106.52631868397442,64.97040624429061],[106.53539821969352,65.1807406373375],[106.29199292248954,65.54328738586284],[106.0481412835544,66.18897048222892],[106.09761833566877,66.31574219671815],[106.02941742543351,66.29563416328175],[105.9835318975609,66.48831304969224],[106.000798966878,66.44848248280638],[106.02781311471212,66.44666240607478],[106.03925920964726,66.5622313180366],[105.97692343092291,66.57593689572374],[106.0260742545009,66.44679751356142],[105.99325833448862,66.49241881853682],[105.97520134316196,66.48614762435766],[105.9970603206354,66.25804164019532],[106.07027274608191,66.28054059319648],[105.99649323823552,66.14079284064995],[105.38907659239513,66.5096865286312],[105.41247101192073,66.46885188460222],[105.29181396214602,66.46669002686158],[105.43843262924115,66.39075401466576],[105.82902264862366,66.22632668911262],[105.8377801996815,65.80666885508687],[105.96128237774352,65.72996088920783],[106.1888858123654,64.32895667490966],[106.45815617221572,64.75033197115229],[106.21179373327489,64.0554467427901],[105.90224331140422,63.57231238049073],[105.91870319776977,63.14813926575885],[105.83457579169672,63.11479499706161],[105.49944260454548,62.48670164148723],[105.51353208527529,62.60597324100542],[105.08557128204254,62.644376278721175],[104.21862586201486,62.39313490616594],[104.23867650232931,62.28861003994405],[104.11217942040311,62.28162109663252],[104.00153836496244,62.44663113652134],[104.10573997808028,62.28263864916757],[103.95927109836393,62.372502074218275],[104.08701206724331,62.26490922650117],[104.0047758996425,62.194635278185444],[104.23541557028867,62.27123097489616],[104.17593035268514,62.024375706469435],[104.25836478856039,62.316692400660585],[104.78324682646988,62.4720657631554],[104.93744106786319,62.3982547369739],[105.36706408030649,62.53834090493912],[105.5663475657272,62.41641267003551],[105.38788560331022,61.710777119673985],[105.37910869781768,60.908147589981496],[105.63554441096696,60.75844433028983],[105.57503541069813,60.67712376813398],[105.71926495470834,60.61722907964249],[105.75583876537718,60.460730309763306],[105.89274714214677,60.436934470710796],[105.7473865988343,60.29277809680778],[105.56120295579098,60.327841801645114],[105.4237026161562,60.193391022195556],[105.17655534504412,60.36310163793904],[105.18847575770488,60.28251603437523],[105.13329842845903,60.41198762926171],[104.84288650407927,60.16135482918496],[104.65520305635482,59.712459728998454],[104.73822317176813,59.66851763479854],[104.65528733296796,59.597033028666694],[104.63401026911784,59.132495526220964],[104.79670626412928,58.96824903192196],[105.06128843593581,59.02029467336409],[105.3124110801673,58.88415359018477],[105.29638982106486,58.7996476029302],[105.4113647834832,58.89237943364425],[105.30408591444345,59.03068881473651],[105.42764837357169,58.88963935148322],[105.76745352697588,58.88072667652224],[105.40793119465766,58.62111401253598],[105.50340143931096,58.45379535189705],[105.31544639009711,58.40180205908263],[105.16100728815172,58.17524033439875],[105.06037565841605,57.85882283017546],[105.14666428076842,57.81380462988136],[105.10435228947384,57.575698149766566],[104.8957426609105,57.52847626012469],[104.84376711554376,57.33590939714447],[104.68527510546491,57.29145002398691],[104.22545810987867,57.656650064128314],[104.37482866533313,57.781560730288305],[104.2793838349667,57.75146595235475],[104.1928653430518,58.16351589405055],[104.30154966633171,58.19203582142007],[104.22166687088946,58.185996002795704],[104.17467904318657,58.41223441609661],[104.00398238243899,58.53326554848932],[104.29293660558919,58.78177221442903],[103.70919684435475,58.80229130427742],[103.56442931190603,58.990695026104405],[103.54962536558924,58.920438463303995],[103.41940518576912,58.97516342291459],[103.41497594283324,59.182937099259476],[103.21379585941102,59.116259522256875],[103.29718723416484,59.1932463243558],[103.15979026695419,59.317173640698066],[103.20136293681912,59.27265956871017],[103.1090474334041,59.237025098401006],[102.79694243637292,59.58826841750576],[102.84227327641808,59.80168492918361],[102.80227663773869,59.98826605362274],[102.94120051507397,60.040971123853886],[102.99188144685769,60.185258003693576],[102.93947506694668,60.04054759467032],[102.81174484256147,60.00399203874773],[102.80132773875289,59.98694909529498],[102.82059741641018,59.807780240515534],[102.70244946912982,59.8506409756837],[102.83575634860081,59.79280090067588],[102.78837717366471,59.60032774969767],[102.80704853003411,59.67748359506953],[102.78503424635102,59.58871831809019],[103.03089713297419,59.279382805815196],[102.95348630518924,59.363192710376694],[102.97127009618569,59.298764273727826],[102.93249995290932,59.36910573442693],[102.97472154487386,59.258167242596045],[103.04314468661502,59.22997085576998],[103.02868966194715,59.30454062467112],[103.0446931485017,59.22699074218407],[103.27050457931833,59.19905129877728],[103.17938457444711,59.1583022439111],[103.20609982030832,59.07914680369146],[103.40812778793946,59.094350899184484],[103.23674509910772,58.89997440133631],[102.84587417328133,58.87231801486129],[102.95313144888411,58.771385898038545],[103.44293530906249,58.89377110837667],[103.49344585326445,58.78127405983879],[103.77371833697102,58.68970196304245],[103.6631160704574,58.58363091206623],[103.92261122199825,58.75925444988418],[103.98483311327617,58.7124967770262],[103.92072711344753,58.595700617640745],[104.15018866400723,58.287442231499355],[104.03957832657876,58.06429247928974],[103.79224773009354,57.9070145612385],[104.14783851042375,57.98992990210982],[104.22706368546686,57.50673364976642],[104.34584516525622,57.5001937051144],[104.38068322097728,57.3056594814977],[104.2384044363342,57.168770605911156],[104.27212394555374,57.084806156198],[103.98253504074617,57.06084446053382],[103.8575865275132,56.901850673591795],[103.64711980361655,56.88268944888652],[103.1541067271878,56.108140753708135],[103.06820736228333,55.59441635454543],[102.92177025375805,54.636006757226596],[103.06397525942755,54.25531061965091],[103.19596784146003,54.20524803780514],[102.96941317254698,54.05224119314622],[102.62628730276343,54.188040200818925],[102.24296549194014,53.705890572019065],[102.06714973749382,53.60835685528336],[102.00275528546115,53.78646863853102],[101.93649754504618,53.74546141581841],[101.86234574892278,53.94000883108013],[101.34989522103974,54.22144410291496],[101.51220086088605,54.57750035952319],[101.7932991902912,54.67458405718994],[101.99622321661666,54.59773054702124],[101.86441877113138,54.72278772163504],[102.07676043993695,54.91403144253269],[102.00137125793574,54.93264089013479],[101.87273223737346,54.75619141256438],[101.58862011110617,54.68924473114434],[101.57729733008334,54.97505268976983],[101.70968886847822,55.01068367097453],[101.70682679330034,55.148488536774096],[101.85093445524241,55.17924308334348],[101.74039093269124,55.24284400586539],[101.95408687853237,55.343233811871755],[102.08830888448195,55.54562361541742],[101.9324074837634,55.47509598437079],[101.9175687211178,55.37401514782065],[101.71342999361926,55.28255531910972],[101.57955295001672,55.100335086838484],[101.58404899504824,55.286234055106775],[101.51035771045079,55.288459873698045],[101.5702656144243,55.91266913249156],[101.46772389723753,55.57614405529864],[101.32520399724727,55.88115629904744],[101.33340538726878,55.53146942936225],[101.43803915987816,55.33309275371835],[101.3738073587077,55.24844410421704],[101.18532179926905,55.40654140963527],[101.3433898747852,55.16166697482048],[101.15319030875048,55.10459345834002],[101.4684710409044,55.076682840172765],[101.54455941610803,54.90015146951574],[101.49622054492717,54.673457450262894],[101.42120122636885,54.80569846221342],[101.32275360295307,54.788838257406354],[101.45024009099241,54.69590250124125],[101.31189341495069,54.380859176562836],[101.22796459502477,54.38871168938954],[101.23941309868572,53.99613387057474],[101.15746148466307,53.98189477939167],[101.18559910024554,53.86086106824497],[101.02322432450376,53.87113600281943],[100.98500637221234,53.96947718147983],[100.74665842777519,53.97929872137214],[100.25864754915519,54.52027506951159],[100.1587308853095,54.51766773377395],[100.0066879410939,54.73341335709453],[100.1649789062168,54.7407463257637],[100.19309380427903,55.260007021614214],[99.87096929582285,55.62024181408215],[99.89540397945115,55.854984877183696],[100.02117491692674,55.77234446663592],[100.1177921943869,56.009729371905856],[100.27982113112739,56.11854150191132],[100.19852559646753,56.13036123759601],[100.18166038228469,56.288915000759026],[100.42586289670342,56.61971184186399],[100.6361921647604,56.64646310120653],[100.44916198478778,56.64960682679967],[100.45649268366066,56.71769325100669],[100.31798890771793,56.55317260023999],[100.26315037703925,56.588168496438556],[100.30642461802944,56.53018723561716],[100.13662263393472,56.31891987798369],[100.16926927773811,56.12814189864766],[100.02148614057512,55.841299488005184],[99.9291771720291,55.92410238111351],[99.68481404401588,55.85383701830772],[99.4812178671622,56.206814838104314],[99.0110007277325,56.24873106482085],[98.96077036363263,56.41294708443096],[99.15657363092711,57.00187496481691],[99.3452337169771,57.18749334772823],[99.13364116406652,57.03337438295792],[99.22889137732177,57.28047246920021],[99.27540313526413,57.44580459392813],[99.28116266508535,57.66697224159639],[99.23391057046722,57.29844494611948],[99.07840016004282,57.05538202075897],[99.09650145300526,56.8950265321923],[98.94955910377656,56.631904520156695],[98.72230983710698,56.47389436521472],[98.3141823718206,56.55519370847072],[98.13617509289502,56.40545175695473],[98.06695975854473,56.44949826545052],[97.93779425260267,56.22846954774251],[97.45843311165335,56.20257650561835],[97.43924285476932,56.30573257359784],[97.10967584533859,56.47605004711666],[97.32361646175906,56.67762947037419],[97.45543088415202,56.62124688452297],[97.50193118505575,56.69641600367345],[97.65444787547952,56.644049541842136],[97.80658768466233,56.78984344229047],[97.47488122823664,56.75127582057906],[97.64986720726095,57.18122732320589],[98.02698283857129,57.46823452123081],[97.73676426745084,57.421429620688215],[97.79046481911494,57.5089963077468],[97.65625884334469,57.33017758256285],[97.60608085829939,57.19044123144264],[97.52491428872267,57.63230954527666],[97.52711217677756,57.40287809465865],[97.4314975325143,57.386527405743],[97.57764738952537,57.19782587624204],[97.43948004077772,56.67282472991384],[96.99782455056376,56.84494181392627],[96.69089414485099,56.76998258647818],[96.48665673150771,56.88648893226661],[96.51491521687888,57.334946644003494],[96.39206586391722,57.35918978268802],[96.52319433454836,57.66832553851873],[96.44280864158294,57.92125478616796],[96.35512849040572,57.93198286119971],[96.45580698628598,57.97036077108697],[96.51088611368957,57.910285894019104],[96.63767953463746,57.97300701234269],[96.66165603880351,57.81834952428164],[96.78480200776484,57.88026848131794],[96.6884029324747,57.90537382164858],[96.75650692357044,58.10989060850353],[96.85462964465513,58.089021376166016],[96.7731668506953,58.132182795479295],[96.92258526859061,58.39959464531964],[97.16583306876666,58.553143075094326],[97.16098877568828,58.659075010641466],[97.25039294288813,58.64895913298158],[97.16071922512222,58.721563304202384],[97.15283886375515,58.553648910051386],[96.92076325882756,58.48406691179849],[96.67658373910783,58.02230096557215],[96.38888651018506,58.08648226471962],[96.38410361286296,58.025284584242655],[96.08040959686781,57.97859640401836],[96.07502692943032,58.096869097102896],[96.04326432333168,57.98462475179969],[95.84055062119445,57.897404472407594],[95.91096927106314,58.124062005444614],[95.84024219922792,57.99661034278953],[95.56875215979778,58.04006212871259],[95.67362285649918,58.27588599564261],[95.52268426995688,58.55236205433158],[95.7561026074144,58.693808806847706],[95.50604616359769,58.59604836069209],[95.3527545301678,58.75251258342068],[95.62645634534795,59.315527383074155],[95.73962647126062,59.22036070624844],[95.75124128666707,59.29450670368106],[96.04577657502206,59.23823340728177],[95.98721121544888,59.28885198505808],[96.15721532301912,59.425887999727365],[95.88783813409036,59.3077128560539],[95.67758012777188,59.40162002964184],[95.95529474639301,59.572139920554875],[96.16853904084086,59.89445762048351],[96.2554818893339,59.83293081136632],[96.18027695927401,59.91751150731112],[96.39361709219145,60.25185930647221],[96.28066873966772,60.18231999108039],[96.22189693658136,60.03048946117191],[96.16908020611689,60.06092269471509],[95.77031783758063,59.534340057659925],[95.57806759894461,59.76682394230772],[95.65150817018551,59.867590237414895],[95.57777444192257,59.833888513474896],[95.65912841402555,59.873791276327744],[95.67828108112127,59.98842797092779],[95.60038151526481,59.94379794637672],[95.31723901808294,60.25118499697514],[95.07679420501982,59.97291440643293],[95.03546123038241,60.15439396005411],[95.38485148457056,60.39159739260536],[95.39593064863473,60.586798930197325],[95.32125551484488,60.68850874126073],[95.38583974195953,60.88261380904492],[95.72987647607945,60.773224023932414],[95.81839904943594,60.85956819674465],[95.80254772240778,60.929459655966376],[96.00360770510221,60.976235296588044],[96.0492790556243,61.04627609109803],[95.98062198952401,61.16485875142388],[95.69390249029766,61.02522710469696],[95.73717375727801,61.2510236822303],[95.61913936712446,61.24299248571123],[95.63010565230086,61.307200516545365],[95.60690396248684,61.25848413278666],[95.62173963318371,61.23414456779076],[95.72981098301,61.2479467823692],[95.68657470145996,61.020655071634714],[95.82742879488013,61.0249899078278],[95.97767447605864,61.15752859365766],[96.04062639196064,61.042728203257354],[95.7908071482278,60.92732872430362],[95.77637583610719,60.82225528051068],[95.39227978515038,60.907311922548],[95.29082010417085,60.710031295991506],[95.20694726297353,60.72206998731754],[95.37509024287442,60.574391541776286],[95.3434195741723,60.39596031886059],[94.93408364836087,60.16136369094532],[94.8230902500869,60.15798465263497],[94.96135610619626,60.13336383415854],[95.03264491240238,59.9449063132367],[95.1357941320452,59.942694826729],[95.33346483948449,60.15593399859479],[95.40305086310134,59.754921381444085],[95.54268617935173,59.550035107174416],[95.42074845818027,59.398352065167416],[95.24642105972683,59.39772929485316],[95.14477317990851,59.31229464535378],[95.09011803385519,59.522625096108804],[94.92647352539367,59.572372271732696],[95.09115011964118,59.50164118260294],[95.08223741082001,59.38825650626393],[94.95994526160965,59.352654820409654],[95.05798715741794,59.37800851690706],[95.11551180723836,59.29152994100559],[95.02284180067342,59.280446365132114],[95.10655001766686,59.21717182919996],[95.13982473776949,59.29216236521656],[95.34252522799989,59.30884663835035],[95.22153250420297,59.07506125340986],[95.27890209978884,59.119269899603445],[95.33899812375927,58.887110932300416],[95.22683398019183,58.85150548560938],[95.23896323727156,58.732762932146414],[94.97114717678241,58.58104109499726],[94.85494176253852,58.751073238822414],[94.89593338639153,58.59977663984918],[94.72123860427378,58.476282435610244],[94.59997266445968,58.50900585904718],[94.64453222652497,58.56393942133879],[94.520109821153,58.54860338366586],[94.62185973211126,58.48588410102619],[94.4373333016285,58.43203514776748],[94.64761745584167,58.40324722052014],[94.48877870060898,58.301479715606305],[94.18607541503427,58.33280067976951],[94.14299000526142,58.117479414727555],[93.99232026518555,58.27098796482387],[94.07834006083714,58.36236224052442],[94.02544049260254,58.30710924110221],[94.06950939988964,58.444626556030435],[93.96464374527704,58.37512923888958],[93.9640920906659,58.443663462421085],[93.9291238185155,58.351827267855484],[93.95151792812362,58.463539799160046],[94.17558115171744,58.60220525141842],[94.11336496273539,58.62203074094576],[94.20631856286218,58.97035039729317],[94.30471042466893,59.03930415121582],[94.3294060271632,59.10804669951915],[94.27965153697971,59.31073795200399],[94.30511792133534,59.0456172341774],[94.19903993694872,58.96953475903573],[94.0718428557804,58.592291791868966],[93.86034949077907,58.37017013222867],[93.7418569997842,58.43949579616044],[93.85248405979557,58.61739922493882],[93.71908465121624,58.60645775360547],[93.77986374371007,58.71333056636039],[93.53264628757461,58.952986079463564],[93.41473484145851,58.85407537845734],[93.54827549231577,58.91875952007232],[93.77291549028364,58.717250461240084],[93.69213863898327,58.63037484626304],[93.76187011437835,58.53513033367573],[93.69708107908764,58.33069603144321],[93.6241473781576,58.38764188379125],[93.3431690379957,58.31010708363691],[93.62070865399802,58.37532129198362],[93.6157612042621,58.31422111153029],[93.82002201970236,58.32709846314667],[93.57845836199665,58.010113151414906],[93.82483365768991,58.31336364933842],[94.0908709043661,58.0456966446618],[94.22319464228312,58.08984887566321],[93.97106927262492,57.97509992290186],[94.53682717150618,58.10399964558698],[94.83616273838028,58.35756948604923],[94.81485348363262,58.432085468211724],[95.24854050134722,58.578346532761344],[95.364490899469,58.47562338841482],[95.24147311683552,58.431926774349975],[95.41803554993527,58.36488443502367],[95.33683899804228,58.33017524697661],[95.47658567184487,58.23088238746698],[95.34677858875745,58.08706812022629],[95.16403894087469,58.14318544026251],[95.22308096252365,58.07799101739314],[94.70939340651451,57.92203788009073],[94.64797187120638,57.818771727982224],[95.01719068912323,57.86799701617673],[94.89446788733285,57.77544746909621],[95.03026219320232,57.795343708229794],[95.0511629535377,57.68574677908153],[95.16368673105002,57.86637591474469],[95.34971926669802,57.83718768896799],[95.33036588731281,57.70280155896561],[95.16578142096779,57.57048114213293],[95.10399572589807,57.613181635455675],[95.10793669004099,57.52635461971025],[95.6236985856871,57.88419513721909],[95.76599220620636,57.867854158374385],[95.81781862174776,57.71205393543519],[95.71287009301959,57.49965082559879],[95.42395036988604,57.415631657113174],[95.17317065749032,57.20435799483966],[95.34918994475854,56.81246071718737],[94.97445855329431,56.8141243674291],[94.74866685785179,56.61911095880871],[94.68298627441891,56.67927668516549],[94.75355372262224,56.75884037494663],[94.69225177791392,56.81787931648375],[94.8299365363797,56.91932990942068],[94.48524894613064,57.347120203343394],[93.91081378917377,57.63129283065733],[93.11464527741177,57.675005376597305],[93.02719022049502,57.60401399662802],[92.53290496443772,57.566520765720064],[92.2395382913647,57.63956939086652],[91.41145169756449,57.463564335312476],[91.08403702917923,57.20627662347881],[91.02181991922978,58.099496480106716],[90.9716965441891,57.71315008556751],[91.00575193351777,57.37285085365576],[90.86257468187605,57.46018002196502],[90.61128592209077,57.45278083199781],[90.61737365484765,57.54007664588994],[90.59204818615416,57.47457392049678],[90.61479911830779,57.447619221124505],[91.04458573213799,57.34184276822532],[91.05492038708681,57.051150728084245],[90.68107707472537,56.8674261566228],[90.67029255281221,56.74901494223306],[90.25509295855547,56.790722893076165],[90.1645918760428,56.63220393878406],[89.92031202730033,56.62902608158891],[89.51894431415566,56.41997030216949],[88.74142344886248,56.518619916154606],[88.46483711896741,56.31184885325668],[88.45866694776726,56.41073210402495],[88.18497319198295,56.26920381590392],[87.85533542922934,56.30623900871611],[88.38551180967197,56.595549575417586],[88.05042852396193,56.50058913897604],[88.1503399578883,56.81768720040605],[88.00430147002183,56.785221876517774],[88.05956710227538,57.0443930183701],[88.40668780002413,57.06256477822818],[88.56041456509357,57.16155604338029],[88.4350879933378,57.081106450406736],[88.26717117898889,57.1342501318926],[88.19075397939073,57.05770350798727],[88.06456416250035,57.0861699431262],[88.23415310242115,57.573547440555934],[88.5172585367921,57.70664974640322],[88.15806369555716,57.54925175361812],[88.11869137363826,57.396493360318274],[87.79507089560111,57.70306459588328],[87.79823224029045,57.891815333284256],[87.73082915643951,58.00342945165865],[87.77212295107637,58.1948567627404],[87.70985845705863,57.98624632740723],[87.79204953476327,57.87912697569859],[87.7694341123069,57.789282984492594],[87.7637900085114,57.850206297774534],[87.73293219423475,57.758155271949434],[87.91624076572448,57.45706530305807],[87.82155530903304,57.37275802922129],[87.91704915199658,57.45646849129983],[88.05797169473502,57.34350063039056],[87.97459519546987,56.76847838896197],[88.07260556324523,56.73319144326684],[87.977176671913,56.500118308914715],[87.61093445176066,56.19614217565834],[87.40938079112027,56.170175010891214],[87.2743191108332,55.93235400711303],[87.06917140685714,56.04609954667078],[87.20545703878173,56.47558804924913],[87.10767340607643,56.663192999834415],[86.85696231737332,56.68501213525666],[86.90739149591025,56.57775436828523],[86.83870808022057,56.60974074533525],[86.90900641102891,56.56956216190401],[86.80954396644142,56.48649798615905],[85.92604947522258,56.170431657993575],[85.71233928548907,55.90299657099718],[85.719975043207,55.65452796473919],[85.85492509066239,55.571056620715254],[85.81717075667315,55.37706286681244],[85.68543551326121,55.42674487866097],[85.33196021236085,55.135158337590155],[85.25734140922124,54.93090007993764],[85.33557861425928,54.879371261659166],[85.19443462234425,54.73383612985251],[85.20930260382445,54.642895258305664],[85.14293867980624,54.653127992306906],[85.2197277833915,54.637631453310526],[85.11772232385606,54.464557167666094],[85.405411404687,54.36780652309423],[84.9865964427708,53.95510799484303],[85.09148711124462,53.86967985960019],[84.77246645010783,53.66119127767091],[84.7196350114419,53.40195733187804],[84.61605352897746,53.368460700356195],[84.51895672458465,53.62929974170046],[84.22984269179075,53.61288591054331],[84.22152115928625,53.68508759697357],[84.1075832512254,53.641754921917],[84.0813592048282,53.7541054241934],[83.73948079008436,53.69247827221371],[83.52416078201813,53.55696134997818],[83.45279049301654,53.393183869402385],[83.33759448073114,53.36817477091408],[83.05711379592697,53.06863828578261],[83.01501778434975,53.097874539749284],[82.89076924680919,52.86375608896159],[82.79680659539434,52.86292959034522],[82.75479925502084,52.717875249524695],[82.56464085856197,52.60155709251311],[82.57243113118618,52.743834906651486],[82.4227926636218,52.862337193542565],[82.0069640447582,52.70040745680957],[81.77259444161308,52.423645584592414],[81.75937344330515,52.28589574432971],[81.66666361466646,52.26926484215861],[81.59893831288171,51.748577794555196],[81.38309542664807,51.55621232410385],[81.3948099579095,51.41908121883816],[81.14477754828765,51.30699970916479],[80.87842879076825,51.07881844508423],[80.7521375403211,51.122623592717474],[80.75579939525018,51.29039318695482],[80.93483912249329,51.42864048615469],[81.01299937870847,51.34044773438752],[81.15210017179142,51.62528748462222],[81.34982041843219,51.63031614667035],[81.18549582781174,51.66373839419952],[81.24944243528016,51.79365278144651],[81.13237383755693,51.76974274979282],[81.39276092395359,52.09704162644888],[81.2482465732642,51.96849730146621],[81.28434198090872,52.301680035234696],[81.18980987915819,51.86369858132868],[81.07234607100003,51.83920463140254],[81.13734047450191,51.71043598257595],[81.00728960635014,51.48339338185277],[80.88152430591843,51.55357373983865],[80.67686997043832,51.45244475215907],[80.61398247582912,51.54399169269005],[80.7408434667638,51.76789782515567],[80.95510941825461,52.182128123843626],[80.96335999837436,52.1179994980908],[81.00404940908344,52.32383979389059],[80.92871842275785,52.17599360266438],[80.76682872155193,52.124161998448166],[80.7486852675302,52.67552027365785],[80.85037726336934,52.64463118669385],[81.01561209966036,53.085442161973056],[81.27490537338126,53.19794813392921],[81.31863837937252,53.08216824253841],[81.50819413666774,53.17183866530265],[81.52734838127384,53.10068354519949],[81.53248260915726,53.172468105276835],[81.71880081911809,53.24293584319842],[81.72971129367117,53.12102889981761],[81.76754173346625,53.257673951296425],[81.87974219395271,53.24245040435403],[81.8925617618274,53.331968987089375],[81.73512554998055,53.37419315651679],[82.02949648721852,53.40034619405339],[82.03324407529512,53.32405147514251],[82.0860214503433,53.57555357263918],[82.27899303377137,53.592699151472324],[82.06694403136902,53.580583810110106],[82.08940482136317,53.66923754218111],[82.03557144088035,53.53114095242443],[82.03839265591282,53.596107946787264],[81.92485459753729,53.47899733010532],[81.83003985351306,53.51739560439145],[81.87336171399264,53.43855049526765],[81.68350017490602,53.352756439899096],[81.68448293977869,53.28624262773387],[81.38562929697751,53.165880853376336],[81.33678673141262,53.22856878296449],[81.1838338960663,53.20923582161821],[81.29504980060214,53.51763146896727],[81.1473171969216,53.6110465989088],[81.36698287269142,53.716105905827916],[81.6394444515222,54.31789379294796],[81.82612870477406,54.485124657024784],[81.60537320060052,54.308715723679754],[81.31388782644774,53.86222140293994],[81.35690212029357,53.76913962917705],[81.02662421554963,53.56041304065033],[80.73825778956592,54.05155785012445],[80.83619549597032,53.67644185398939],[80.58155647898047,53.65379591459479],[80.91241365056108,53.62957271003969],[80.94450185472684,53.44664918772659],[81.11953262996336,53.562003705272346],[81.22260319965868,53.494989579999796],[81.05326497766308,53.37635932252279],[81.12013367061114,53.16252939693137],[80.90452698477249,53.1021110369063],[80.76300109763994,53.24160868406284],[80.6569356879923,53.19425657169433],[80.87484827546051,53.103905285840746],[80.6696905224415,53.04140845304139],[80.91147800434146,53.048651798321565],[80.80616057609893,52.75709575067363],[80.67709493434211,52.84556682873213],[80.71417392021084,52.776811131538665],[80.56163883205676,52.648000818419945],[80.49659954776922,52.75759612684827],[80.5416035685833,52.62452458987858],[80.2191777076547,52.38439276343976],[80.1724976597599,52.78831500407068],[80.08526418739004,52.67435585957967],[79.60716806630091,52.816928388185225],[79.72479547789253,52.70794744488609],[79.57896252002891,52.81076582722022],[79.2168954372367,52.63240542919563],[79.55305123920421,52.74853766820136],[79.67952565555261,52.688656408257145],[79.97519667281537,52.67078825200597],[79.98952369010864,52.53681428033455],[80.25002046466132,52.31516105456743],[80.23916421639424,52.07851595933678],[80.11924760263577,52.034654148163945],[79.85208899367711,52.169807689156855],[80.03999944291135,52.01593200174745],[80.379420268461,51.96577854020174],[80.3295513850579,51.798618117523006],[80.11692369136856,51.621765275280346],[79.88831725528199,51.635478206442485],[79.71694775084312,51.802864769473906],[79.64269142456615,51.756496146193975],[79.5325568447979,51.844209361230405],[79.48059715625084,51.770636980837054],[79.34324827195843,51.82315466995991],[79.61065925817758,51.65672520136075],[79.69948836133162,51.71204012974803],[80.03178792751558,51.3924706727988],[80.04915410324604,51.51421144410072],[80.13033561483745,51.518253030599816],[80.08920302011957,51.439667984724],[80.21745714182843,51.48947110289149],[80.2944472406,51.20088404016969],[80.11392956971532,51.313427535328884],[79.65287590043356,51.1192981378704],[79.69626622973489,50.98229728098133],[79.29329114084557,50.7806265523746],[79.35314125743162,50.74151076289368],[79.30531207543278,50.48231485824358],[79.44962916881283,50.36248435526256],[79.09109486356704,50.090049088695054],[78.88569491443349,50.17797093056009],[78.72760747923978,50.04286417401964],[78.46485967681413,50.050750553911435],[78.49124665637407,50.19882114603336],[78.65222253409067,50.32166721891597],[78.53135831470726,50.35118310623285],[78.40888982057692,50.22446756944791],[78.46231357359942,50.10923461941198],[78.34220748710678,49.97919691631658],[78.07933559875605,49.93026235047857],[78.16908644829932,50.22598516169589],[78.0895733596065,50.334661550033786],[78.05714702398913,50.07200630404212],[77.98324830155059,50.15820834813371],[78.06085766701005,50.05047276141383],[77.98867970587301,50.00137549097873],[78.15094088154578,49.87323422011616],[77.50163357218652,49.7116540150228],[77.48210439637478,49.81081505031205],[77.40469002791752,49.74433104258998],[77.33637651139789,49.86733933715525],[77.28622286587655,49.79939508897218],[77.41327016326541,49.72733449402869],[77.34443974999242,49.70626818160366],[77.63231925675967,49.641092920049104],[77.48835121164295,49.495357641730514],[77.56273794044293,49.4632774872672],[77.80516773706802,49.725354169145604],[77.7942176824188,49.629153369773476],[77.8258512142391,49.721187541049076],[78.24796805487452,49.841833467844566],[78.30752667372391,49.65655891058476],[78.27393023587933,49.87888362437208],[78.55960826208991,49.9363036245101],[78.51806898270313,49.828180923082904],[78.70873164535095,49.96961879366562],[79.02798596785689,49.95096086096176],[79.2138109391895,49.79603185903404],[79.0740639157313,49.81633990163852],[78.78971399624223,49.616849783617184],[79.07783743626074,49.76611505911728],[79.3990636545401,49.67368345369432],[79.48790130619064,49.74452424280163],[79.39574192961925,49.28686136067308],[79.58037403872632,49.277630009522625],[79.6609474632917,49.116291963881615],[79.60701518398659,48.93334140904262],[79.70208738470537,48.86877511378088],[79.58459860269804,48.792746515215846],[79.47266381504303,48.365867579998],[79.12271385927403,48.236952138263774],[78.97889324526625,48.00057209317532],[79.06107448449892,47.7854187981289],[78.9941901979063,47.78995730137205],[78.85642217074806,47.44543319516568],[78.72245350268481,47.392373444281574],[78.51344527174881,47.57423739516591],[78.34371433063338,47.532365134106655],[78.34882947492768,47.455422698268706],[77.98601645334493,47.50550071737398],[77.69945556398497,47.22769052841721],[77.69787190626975,47.01459531600195],[77.53941845040525,46.901744800355615],[77.35191354483283,46.44187379494015],[77.42460463365427,46.325558721332726],[77.31072375254155,46.17321992445724],[77.18169823157484,46.21055375670839],[77.15190287094924,46.09358467849854],[76.86925041046439,46.08429457880305],[76.82493737844138,46.42898255551475],[76.56082110879521,46.54578925940719],[76.48307447574233,46.487451330201594],[76.38429546559459,46.61458063663298],[76.47552502773256,46.74960357047712],[76.30344003530116,46.862356007857464],[76.3242536492305,47.12189621395825],[76.13794866050944,47.19647597050459],[76.14203235230264,47.3700115797625],[76.3787476804199,47.809654653819194],[76.23363996111772,48.05863426372195],[76.32146742804895,48.13457783930414],[76.00579105973355,48.393931175759086],[76.12751787419498,48.58779260520104],[75.53773992406883,49.414098616821605],[75.43924275997436,49.39141066542895],[75.33428804350994,49.559271658372445],[75.0469850652219,49.62907362336725],[74.74648367295134,49.531432500056894],[74.58433598641814,49.72090111539934],[74.27320397522945,49.863558477156275],[74.20585152059923,49.79003710933089],[73.95087118720848,49.85572640728035],[73.90434611611894,49.75141466423932],[73.6592026447359,49.662652705264875],[73.68407757154046,49.880227964309334],[73.44210356510656,50.04962474356317],[73.37639662859091,50.00410505269522],[73.16425401481922,50.29432519969119],[72.61597323470127,50.40780409871766],[72.11652073750378,50.324070726391476],[71.95542415112438,50.08404640043041],[72.03963651465043,50.099524337258416],[71.65496862568556,49.800082669815474],[71.74242396227872,49.719830180271146],[71.66398260055345,49.78831419221524],[71.70281723808641,49.67463567998065],[71.75642490488762,49.71880477270545],[71.88101566470307,49.35817780174648],[71.68435553789317,48.89789665299956],[71.44380585072057,48.61672977605018],[71.3148506854881,48.664840903063926],[71.29368770539915,48.54505354702983],[71.04888641589342,48.35080420300159],[70.65233486405643,48.33207475511728],[70.53057713695848,48.224453508989676],[70.34539768202725,48.29568182015474],[70.0255387121102,47.96132905804066],[69.93199024638753,48.085668031471585],[69.73541108678032,47.88049840528464],[69.39694282852766,47.770572032198004],[69.21032114798919,47.85297322284826],[69.1789816033302,48.14690885431307],[69.05385006331029,48.18179666882979],[69.12044357532223,48.302837641348475],[68.9035122034427,48.317032509140326],[68.74654595974312,48.67699817539634],[68.87862322501992,48.74732312822317],[68.90395564464717,48.9145841044118],[69.0740204637847,48.940197986268785],[69.26530267579531,49.31304498035638],[69.17948902606734,49.36202152274752],[69.13707761423143,50.00454337969118],[68.99275635006379,50.186479706903114],[69.13872440111155,50.31794131283599],[69.0905070734115,50.381425402773814],[69.29680029604074,50.49079204985563],[69.32983327062566,50.774230644233185],[69.52266293873552,50.953555949330855],[69.71762314319548,51.12443376273287],[69.70569628107975,51.231413299280575],[69.95619322619831,51.17980398163256],[70.1692240389772,51.31700182255146],[70.41978469170982,51.28965436056892],[70.7401995100779,51.67097168325818],[70.86539581802566,51.654348614785064],[70.85048378485243,51.768663834272814],[71.0307761725255,51.89849172793019],[71.00312533065218,51.96980158268566],[71.09810205331385,51.85336093174965],[71.25438561929994,51.91713735345515],[71.27230417878096,52.0373694179883],[71.40071188360643,52.02925784749097],[71.45582753785175,52.18952185659774],[71.49026799024338,52.125576243784764],[71.79641694902702,52.28315312052784],[71.79439758200014,52.396348721378104],[72.09839756402745,52.605768993105826],[72.23487965727044,52.53989647574731],[72.7890227847113,52.733395764204495],[72.97308469388253,52.61978903364603],[73.16810185294787,52.729044922776374],[73.08855573487492,52.576126993816885],[73.24853556801119,52.412378933237356],[73.23985906949518,52.244699866263986],[73.72559899788666,52.138121812526926],[73.85864655347545,51.94356028567901],[73.67050880307772,51.66772045575255],[73.77399536295518,51.614354701789736],[73.76673902568986,51.372786798044515],[73.7749910078644,51.61778357691337],[73.72734828312265,51.67073404296532],[73.83221944969473,51.7404173325882],[73.81069071165712,51.85079023991754],[73.8239413957045,51.88042491802816],[73.89242579764174,51.99082016641429],[73.81399595021071,52.043908817479426],[73.95359324519951,51.94976558813604],[73.812732950178,51.854579221323036],[74.27167547421668,52.12346780060495],[74.00585121681489,51.9953448493234],[73.80896533640606,52.07197065933402],[74.08794100640979,52.377642507292194],[74.40904823232802,52.71409232477794],[74.62502951415252,53.10187178742144],[74.59725573409447,53.36561753471698],[74.75215916542626,53.342268848784656],[74.87015084557632,53.46014363622828],[74.93616521477142,53.28689097774943],[75.30774689673989,53.3907280766943],[75.39985088720528,53.339414166357585],[75.93560569038958,53.65850205449925],[76.25489513270782,53.98454652144447],[76.45738323262783,53.9395036617364],[76.41652281646745,54.016566751511554],[76.54251725309264,54.02901386015285],[76.51429348726016,54.09466058242134],[76.69637279998551,54.22996031987974],[77.03407533262734,54.3035851707253],[77.04159548284953,54.38099606130807],[77.39930559285199,54.552306990233596],[77.61847038433528,54.86848905805172],[77.69696565670267,55.29395870724207],[77.9834873318642,55.39083546402792],[78.31030595587605,55.33307402247375],[78.623801628051,55.64390414714364],[78.761341838569,55.66425967914393],[78.77900438525683,55.81755146506553],[79.28888410819027,55.983760756342626],[79.56523601444641,56.658715500727574],[79.41857835811183,56.776945823431],[79.53832200020085,56.814795389119354],[79.42834389583666,57.001735888947024],[79.64940037799629,56.978916319458605],[79.73092083189266,57.13587866398156],[79.63820673750898,57.28489988910262],[79.75344604100057,57.37249216220621],[79.88799401022116,57.26868027000041],[79.92089202489558,57.454019953931805],[80.07836919186568,57.331057624728025],[80.28693388119075,57.44415342181871],[81.01069179967122,57.3285644177548],[81.06129035663272,57.16250545561814],[81.02933469434747,57.333103315202806],[80.51342090871103,57.42094204980586],[80.13940645297565,57.49258704875701],[80.55252504138817,57.5458853336015],[80.66310694578004,57.691243800741056],[80.63170012530723,57.83823679348409],[80.84977298137466,57.72786163042113],[80.8646830399457,57.59806900975168],[81.0286356509205,57.63020041600142],[81.25099492853143,57.830179619770576],[81.46205026870048,57.85819816055667],[81.3599781170827,57.86923790674774],[81.73873563180845,58.24553356830932],[81.86950680274678,58.53789229800232],[81.83134271510943,58.63023385188351],[81.92529050084266,58.67916177121741],[81.89925054928855,58.792661240233045],[82.03435146713836,58.8046463736937],[82.0286432920208,59.08687050391404],[82.15050965512629,59.36304521337457],[82.14057823078147,59.48183153182383],[81.95638902198627,59.55646589006343],[82.0606211903272,59.58189353096397],[82.05247669020088,59.6680382313518],[82.19823711060182,59.713679593394424],[82.1940351228863,59.793616643706144],[82.38807648833533,59.84446595168463],[82.32480978767535,59.949917761273234],[82.40558888116934,60.12208988591295],[82.3596583982095,60.189697174371204],[82.48926355439696,60.27756311452259],[82.49126119447922,60.6328354488526],[82.2785368834735,60.70717170254108],[82.5672788719277,60.87195388048105],[82.68726909320499,60.707916135221616],[82.88655583083832,60.786891607813764],[82.87096433478791,60.66456322109535],[83.19713335334066,60.7226254001509],[83.45462208854755,61.11310338451571],[83.76486871321622,61.2578519634954],[83.83241167435646,61.409544664809076],[83.95033644697614,61.41790778477001],[83.81827547110541,61.11560138972135],[83.98382511034724,61.05572559507779],[84.00645095282127,60.51757222353281],[83.78166318839665,60.281773313352744],[83.83828719738115,60.07175088820733],[83.9234241757743,60.41478762413456],[84.01135298057096,60.38996970855233],[84.11540250749013,60.55669043520521],[84.35144050880977,60.56372655148728],[84.3304961611485,60.49809542183222],[84.50874389392192,60.47787203744512],[84.54888612855825,60.34082858638518],[84.51243804208642,60.47727861489621],[84.76357724726896,60.59826454659316],[85.28888735751465,60.61007865734859],[85.52437114682174,60.37295492032022],[85.4442647395995,60.29227568838263],[85.50709323382067,60.342149353359744],[85.7197895882201,60.229788220274884],[85.75944613020957,60.06279248431544],[85.94135712992363,59.86859130499049],[85.76451652897195,60.065702017548],[85.78776329161819,60.20100048043956],[85.92535108908497,60.21935283952217],[85.99385429983849,60.30786198818441],[85.92162124330936,60.23442271418135],[85.64655989716454,60.3288357054029],[85.37140443585977,60.599556368897794],[85.37679221690583,60.717651702071066],[85.18505331887235,60.78288545831077],[85.08212250069208,60.72681580189213],[85.08413148710417,60.79784795535303],[85.08090007375934,60.73021634048533],[84.7039840308631,60.72881427193547],[84.69728280197819,60.66485667201765],[84.49673598864378,60.59677867931681],[84.29013830031398,60.78302816841854],[84.35932277499217,60.83550112214702],[84.15128347089923,60.89059488753803],[84.09632601952661,61.02058108939346],[84.22730274672716,61.27199171373691],[84.16808539353663,61.33796906615992],[84.46837360774803,61.621729980572795],[84.1912825548512,61.84664083521941],[84.44495093596399,61.980846382070496],[84.39882003096338,62.04329600556378],[84.50966273427167,62.05000852673966],[84.6317860300984,61.83545633352681],[85.06886383454533,61.85311324434014],[85.22710418446857,62.04160003828966],[85.3171764965121,62.009576748082054],[85.30006387939022,62.14642380543476],[85.43261899630812,62.10681214708637],[85.64349668569174,62.25044778076273],[85.74454086167911,62.13571288396733],[85.82733186822303,62.20660911793956],[85.89199124967035,62.12799254075214],[85.93887731132298,62.2092870558854],[86.03889831624376,62.15957075801897],[86.01985333613555,62.214333927215606],[86.50004422643372,62.313092194398266],[86.99322897497312,62.878409762840505],[86.97221099533309,63.00610802694061],[87.25327529447972,63.6090610636824],[87.1249196634572,63.650767660447464],[87.24975437414835,63.98215217530895],[87.17562525281406,63.97349928402536],[87.19969760225035,64.07058991233932],[87.24397432485381,63.9999994579627],[87.26786180516625,64.09773472326316],[87.49225015032115,64.13660320765608],[87.4471222713849,64.19743042964663],[87.5527534454291,64.23941890989622],[87.63687880679643,64.12000091485956],[87.81793648084967,64.47841030055153],[87.93804017183297,64.44658218840165],[88.16940838348171,64.57125024679492],[88.123519479261,64.64571386640007],[88.2910956843328,64.64954889877396],[88.22972033850182,64.6952267850901],[88.54459773338515,64.82648970322319],[88.46934851048414,64.83327011205131],[88.52855916801433,65.01541350310795],[88.78406285238572,65.14589909802062],[88.95302314935995,65.32261109944295],[88.94408189376895,65.52837817365894],[89.04245110114806,65.62051973795091],[88.98225774869233,65.94570404199348],[89.18137686079784,65.91525556286385],[89.30406650696978,66.03222797928976],[89.21154783732625,66.10908467117103],[89.5669851649591,66.31924207274315],[89.6891013633579,66.56101765382093],[90.01506546483584,66.68565508129517],[90.47223951886363,67.10435174914348],[90.56016627833101,67.54548780875335],[90.496738373947,67.58939371015339],[90.5702469338826,68.38005529683602],[90.67669186856794,68.3221838668999],[90.55509003953193,68.67179684745614],[90.55232041933752,69.48891452708624],[90.39949031642581,69.73965706087472],[90.50179992782455,69.91045700505697],[90.35500550697564,70.20465185466725],[90.68415804187552,70.68036156985004],[90.80647507641949,70.76578030490163],[90.7435860124192,71.02064502248155],[90.8750440702419,71.08999195187651],[90.86180863749018,71.28048093407604],[91.07563857488336,71.55005381846367],[91.04877724514799,71.85224848166419],[91.15929788605249,72.03563410838598],[91.08270250496892,72.20755954211502],[91.14589231749255,72.20962850618908],[91.09599183684685,72.51393384730902],[91.25155741394934,72.61858140029253],[91.27293680920536,72.80652879584372],[91.77665849799902,72.7517916080228],[92.234426007711,72.7097613613633],[92.52772060002164,72.54300613218082],[92.97985449604059,72.48166052410322],[93.46955560925193,72.07471859026047],[93.81020698627918,71.90692003281669],[94.33806584524535,71.85078501239106],[95.03985254531933,72.01282493580679],[95.5226953758498,72.49793707303041],[95.91961451601364,72.87991411456206],[96.2211982017185,72.91348856593123],[96.55810778431749,73.41169817896458],[96.78200808271176,73.33802717766481],[96.70878611876549,73.31605327753076],[96.72787157664351,73.13656893665454],[96.94999785360886,73.24802283184296],[97.04762611396168,73.17129574906504],[97.03448583661935,72.98824124149644],[96.79233104806042,72.68094414942293],[96.70162294833717,72.09823022597081],[96.90709334215761,71.9767859720996],[96.7344858486717,71.7733862998065],[96.91150348419431,71.98180837484173],[97.10113589833401,71.95218862334879],[97.04464671709934,71.78332164149018],[96.90435471850435,71.80327669583676],[96.8121196765377,71.74969350865358],[96.92098393030675,71.49414295810988],[97.00380890456945,71.43387375970414],[96.92379456225058,71.50236200509279],[96.9573256587877,71.60396170738295],[96.82005406720758,71.74820552464786],[97.06102588241411,71.77987993760311],[97.13866114119908,71.88686122376662],[97.11642469467651,71.95839740829607],[96.75089410086753,72.1096998107431],[96.8944664750126,72.71443721269505],[97.20191942066886,73.05524306270486],[97.2106999694206,73.39920646378847],[97.46280171049858,73.57373102196378],[97.53985705075603,73.53287742347818],[97.50236752348036,73.49173182730023],[97.63713759088286,73.53677633795317],[97.60613029615911,73.66504312741993],[98.00192158760898,73.67768475587417],[98.14930868026333,73.54466790601623],[98.01558031895658,73.6666737199771],[98.09220505616264,73.9121948076071],[98.22149712358063,73.7545582596423],[98.2883096743304,73.74104259360277],[98.22425350078582,73.78482807218737],[98.62874992338061,73.65122615928851],[98.72103294102942,73.71198577787986],[98.83812339878561,73.62039286798188],[98.79555878698082,73.24693411569473],[98.87143039678077,72.93769934852605],[98.86300195773526,73.10647909890415],[98.91689817792492,73.15291590568887],[98.81501070917093,73.24146432165459],[98.85142710982313,73.62177107472718],[98.71632937004242,73.74911848771553],[98.95069542499304,73.89017507832101],[98.62643158261724,73.73344252313635],[98.53065208636069,73.785235884955],[98.58494020490605,73.76923298768371],[98.22982165869166,74.00165913900985],[97.95939892129562,73.98567461082473],[97.94322913923122,73.86552947866821],[97.4868806005571,73.76549533281121],[97.41815049523395,73.85751987936023],[97.53107561290152,74.13712626977589],[97.39029873204362,73.8536295825798],[97.43056539466143,73.7047755818492],[97.16001399794247,73.63068703592887],[97.07952660962468,73.41621272208921],[96.65308294067796,73.67460578774397],[96.5736833830915,73.9168664862666],[96.63873583023907,74.5868441871382],[96.29498390042728,74.72136565492244],[96.43411265770949,74.89372436178013],[96.00748360485255,75.18651537528785],[96.09127684246779,75.26666304577083],[96.66249252750342,75.17681135386051],[96.83454782721306,75.38837176359557],[96.9427776181875,75.7921716297473],[96.87784330708885,76.01807995279341],[96.60839603330139,76.16118398263444],[97.01105663956508,76.23741011401297],[97.11986319070041,76.4093873762521],[97.46251772900152,76.29454245980219],[97.62775736832936,76.3991645932773],[97.87916198321327,76.41431073120104],[98.2411876198764,76.61286178975155],[98.38092045969162,76.57263678106217],[98.31536627583915,76.54851740895882],[98.50347241324465,76.61267907864841],[98.5590129956128,76.57009471228807],[98.69951674915256,76.70530842585273],[98.96072704626565,76.64739120407413],[98.88759416861065,76.69990091116233],[99.21723042801833,76.48709640134132],[99.37159458671391,76.48856188430742],[99.3327597231857,76.53786741008629],[99.46397463753723,76.55347069790544],[99.46936782645939,76.64182278251218],[100.63954865201012,76.79683795476548],[100.95562816674959,77.01515297612367],[101.28196737060337,76.94708772550149],[101.40511973026614,76.8416501038864],[101.57187095484512,76.96146897251839],[101.67854929618147,76.91203627100448],[101.69935381280692,77.0021885940058],[102.15764705090604,77.08263916595972],[102.27891952861256,77.01924910262281],[102.59882198154448,77.02758959946169],[102.92324960929771,77.33855685790199],[103.03879351670292,77.18862943260463],[104.98794134948037,76.85920014749101],[105.05346393496154,76.78119661965705],[105.0030924017008,76.8339043511535],[105.10848268354607,76.71214497535549],[105.38280587958835,76.76754284796185],[105.27054327567677,76.77645998321888],[105.55869669102651,76.85858871694585],[105.74185119914401,77.04773736971505],[106.2413210770823,77.06225945278538],[106.86214960760641,76.89274114988834],[107.17543829007144,76.6767903022433],[107.1595116095009,76.58314097860236],[107.58387222006624,76.53228281950588],[107.6902933437468,76.29929051408521],[108.00297553162355,76.03598243237803],[108.50285733268082,76.08815658463658],[108.86788995254054,76.02266296658145],[109.1246824214729,76.0770268851411],[109.39524118926784,75.99916235874863],[109.5607489321105,76.05895837380783],[109.81464003296787,76.00897349716047],[110.13776845638253,76.19147395259634],[110.72372727995199,76.35171211438043],[111.10856391533198,76.54665000389193],[111.23713611350843,76.48700651240982],[111.60332246149758,76.67772064418577],[112.05084182208185,76.76309146221175],[112.21087476841993,76.68390935180597],[112.35184837861661,76.72662285464361],[112.63667401430038,76.61649781975566],[112.91905947364837,76.68171971957253],[113.34934752500202,77.02260541822287],[113.47003921104795,77.02775832075898],[113.3271609767218,76.82604529058817],[113.39366434653277,76.90115240210258],[113.29636377766252,76.63867681608278],[113.17523172238037,76.7162868635074],[113.18018965987889,76.64419642601088],[113.10249669540407,76.68013564000428],[112.79720156506204,76.43458866584255],[112.93430242730199,76.49204123141126],[112.8591773941116,76.41680064317735],[112.92616188244003,76.39063910645751],[112.99454967374633,76.54652329142826],[112.98573954309171,76.49498042410299],[113.05280260605844,76.59918743789291],[113.04042238237852,76.51708214056565],[113.13973182048156,76.64002626102582],[113.09668999486418,76.55690023588207],[113.22666762525381,76.61807448881544],[113.17281213490082,76.57102482559807],[113.22312982304761,76.60545941801715],[113.20698803829389,76.54696633776314],[113.2910427250905,76.6234445589199],[113.20035252198055,76.497670619535],[113.07773919127986,76.50618716098025],[112.89957089194773,76.30811506676415],[112.85102934269082,76.08318179580453],[113.04865096238133,75.8512035937801],[113.12711447132799,75.85364360359121],[113.24902544681451,76.12010426879925],[113.48040374336634,76.10149321494407],[113.53764179531129,75.85665787027398],[113.70588049175834,75.87701892659456],[113.55051602754904,75.66695940871506],[113.53659539747096,75.52826437130176],[113.60795651221513,75.53276913427469],[113.447882208445,75.28626128387947],[113.51167710236112,74.99242178482518],[113.54097560313073,74.94959356121589],[113.77790676059101,74.8634123907717],[113.85714475691076,74.63001336362967],[114.40644965415524,74.05505128361946],[113.92407162404417,73.5671838950219],[113.55298595266804,73.4039295481808],[113.89315559698662,73.51835864181508],[114.40606858481172,74.04511879780839],[114.54750778863232,73.9654440646683],[114.71277013412728,73.99849633515768],[114.69472434965883,73.88022452428423],[114.85546401161909,73.7768976021595],[114.69647205251829,73.8822200927311],[114.71596832210363,73.99834848178388],[114.66321831668373,74.0044373778678],[114.54338253242022,73.9687780548942],[114.10342809923144,74.48442564091562],[113.85687902233029,74.63614431284324],[113.77702949007967,74.87182528493072],[113.5199877020109,74.9817171271959],[113.47551140131131,75.3267574023415],[113.6267475570987,75.51597389871834],[113.60473416069188,75.54002193228607],[113.54352157856843,75.5334242595268],[113.55903169670488,75.66594888868025],[113.66719459174911,75.71357668362752],[113.72570246875927,75.84736596704218],[113.70719126215032,75.90798873794631],[113.55255014334128,75.875105175413],[113.49193146483928,76.12650600757013],[113.37250985523269,76.17424902832214],[113.2040149466282,76.10883338166886],[113.13798675165451,75.8902627492304],[113.04287590257482,75.89109028186176],[112.89101156301389,76.1581665011494],[112.97995965245485,76.34384504858703],[113.19085487392525,76.39704147951305],[113.40099797840978,76.60364447201555],[113.46866304120469,76.80302830153462],[113.47964400656404,76.71353102900133],[113.73051059173272,77.21667155435334],[113.74570658618438,77.1546252056613],[113.94720041886937,77.12158575132376],[113.76565396473008,77.15869752742769],[113.79764760775124,77.54676105245095],[113.58599241946155,78.06268119579603],[113.71198959054101,78.9331784370591],[113.78653354539212,79.50430810004089],[113.51062356626083,79.61295258523401],[113.935131947378,79.55794286973976],[114.13126517355393,79.29675330915674],[114.00921354185476,79.12321179550453],[114.01794514359409,78.96158388825123],[114.03213878248391,79.11586424001932],[114.11663631041809,79.1542836982334],[114.14950540232014,79.46257905246927],[114.12784287812674,79.36745322410131],[114.06240149309046,79.4599105346795],[114.23051330006098,80.21734916429197],[114.09384044427505,80.29458253918324],[114.12280309814241,80.39837217157033],[114.46187161933182,80.56801333436958],[114.54495887202371,81.03459504137126],[114.3178522281859,81.1658188617171],[114.97670558289119,81.4583946924719],[114.90997677482203,81.27840346104762],[114.96940155970292,81.33891022170941],[115.01694338689171,81.24865407691307],[115.00512993412241,81.33496860313667],[114.95608958401006,81.34182850525661],[115.24652715975154,81.42316565906367],[115.5818848822362,81.24462273553456],[115.50067743421982,81.37889942075645],[115.30826908988831,81.42971788330078],[115.74930456654495,81.90946176670948],[115.92101971979298,82.27891687742724],[115.99427161242372,82.281387683461],[115.96715414273092,82.37666446211577],[116.18782711556034,82.48368513304746],[116.50336346067868,82.85681230756349],[117.2588747826164,83.41342322692097],[117.54217305592823,83.62983856875651],[117.74101064957117,83.65353961755748],[117.94524048348093,83.83272285415188],[118.5019244597081,83.78953301769032],[118.66011852781817,83.92862254122821],[118.66115796855642,84.02047733199724],[118.66263272876944,83.95014819439044],[118.80867508194285,83.99203633474725],[119.16290344226846,83.51075186107153],[119.28023408686826,83.48905585172551],[119.51311727483514,83.66180749149038],[119.66530032208105,83.27948259679238],[119.81074564032289,83.19495390833859],[119.85033797122463,82.7137523173273],[120.31663913220096,82.71835465688191],[120.43135093244732,82.79406339202356],[120.44478650316927,82.70458219562207],[120.51941775512728,82.68259882426196],[120.71003495405027,82.77584612174925],[120.78964953315126,82.88787407597864],[120.70606438975913,82.78386017949441],[120.45179900266413,82.70819254202961],[120.46901987586367,82.78040056724195],[120.42632648504919,82.79959624340965],[119.86379365275569,82.72545035230547],[119.83056940164056,83.21319270594584],[119.63494464142786,83.38602686948619],[119.69507197425715,83.5214525442796],[119.51582232183418,83.68347843574156],[119.26617311303121,83.51271664840252],[118.83813067671502,84.10613568737286],[118.9041627721864,84.10000554318302],[118.85689525024523,84.14190715561075],[119.12364377353535,84.32348835822592],[119.77726766374278,85.02977228188317],[119.95647798056962,85.42236936011955],[120.08490908335371,85.72079859969006],[120.17574649531556,85.74983763016225],[120.58434596357176,86.23492374004287],[120.5828257342136,86.14337913960907],[120.75823370564436,86.53338010811916],[121.22327042081952,86.81692760441493],[121.51044927544584,87.24193618583152],[121.56687959662816,87.20583997895473],[121.52711880115407,87.26772853830376],[121.97301690832089,88.08413777388637],[122.99991589626747,88.93680036836466],[123.05964153027674,88.91079279605039],[123.00604041476927,88.94614391630498],[123.24369821551659,89.61441995127893],[123.33765195246475,89.62493215368623],[123.74345124900947,90.01263797505747],[123.86451408865346,89.95474392824082],[124.49668831241837,90.7879959498598],[124.5685448793696,91.16417149842069],[124.35162861533514,91.324282637338],[124.06057254190857,91.34088097635235],[124.07149866903708,91.4789243572647],[124.39953100661633,92.15691560723228],[124.46215862342385,91.91284995332451],[124.81521933205735,91.71071443599365],[124.99004873165036,91.88386291403818],[125.08529297946328,92.18436191861781],[124.99882521348134,92.32050757137742],[125.08094795772581,92.78227264321634],[125.20178797347367,92.91125509049786],[125.16528166910874,93.05751349070874],[125.26742346949676,93.42482258259471],[125.4954511035121,93.6424630210692],[125.69863158407561,93.62528762545494],[125.69409840212688,93.2280837492712],[125.76573941747688,93.28870271110068],[125.95352610065586,93.72103194018294],[125.9438030787751,94.12536754686596],[126.0829140319048,94.28551533596105],[126.18330179059538,94.51208458197858],[126.21887695081654,94.34062301583668],[126.19089084570214,94.5263047377586],[126.3214453593207,95.1517298312339],[126.08325410279812,94.30920217928292],[125.9473332173161,94.16645022320837],[125.93003192924812,94.09973265007169],[125.9409599244232,93.71544336911414],[125.71034033337078,93.24449609417051],[125.71335585183333,93.59357889338442],[125.69140799748251,93.66409840265572],[125.46938956603204,93.65993289278981],[125.26432202762541,93.44293133450046],[125.1569713447171,93.07709114036173],[125.18569166939679,92.91282257236173],[125.07602471874493,92.79869969793322],[124.96314303296391,92.18541327476912],[125.05714561744767,92.1153988727726],[124.97741880795128,91.91896369019342],[124.82063841994872,91.77451404603427],[124.55706093474491,91.93044952102126],[124.4951176614903,92.2964409241348],[124.36925880405106,92.22796963551367],[124.00515723871308,91.50902715669831],[123.98648937129643,91.22065044431835],[124.04829835333265,91.08799725124413],[124.36545714386966,91.10431185051597],[124.30541635159288,90.90465814457762],[123.93239555827998,90.4956212934986],[123.94564912913638,90.5689980845462],[123.85160848832089,90.41351992848669],[123.44905424424545,90.05610552819894],[123.33744782488358,89.85456643231572],[123.17862745815827,89.75000628787723],[122.87044142767401,89.2272646590711],[122.1580371302198,88.76509224615214],[122.22512101784127,88.81931452427423],[122.01394799996419,88.73872549445579],[122.02996969680692,88.79464785104832],[121.83914463498105,88.53066116995707],[121.34146617808136,88.23174913038294],[121.07511399794853,87.95383118538606],[121.0270002254032,87.7247233571449],[120.61559103107307,87.19012925319183],[120.56026756355635,86.81885162991557],[120.4442864181547,86.62982075001824],[120.38015928859822,86.65998991017804],[120.48270168207371,86.98169009981947],[120.36926855151218,87.25948913431736],[120.41849158409059,87.57389259503667],[120.2882237200419,87.54541682641296],[120.56970859553289,88.0370615814803],[120.3728283261307,87.9346362372269],[120.25879144951725,87.99102704020487],[120.36381548085787,88.15453682210389],[120.68578116730541,88.1945671940467],[120.7402380497401,88.31111753980609],[120.5564951618806,88.47533704600406],[120.67220506216721,88.76732268149385],[120.50668061938191,89.00749409706025],[120.70572916652226,88.97222369911128],[120.74046782914577,89.10829760805359],[120.62948760687821,89.29347261366667],[120.66920983795237,89.56278512450525],[120.59670511389098,89.7143708709459],[120.8561821865029,89.87268263381056],[121.05137522533636,90.29747952767352],[120.89062511914607,90.70623290180008],[121.14890944295136,91.43814968785136],[121.07282295155636,91.70162161666524],[121.18101740766213,91.8854389071875],[121.36508762130849,91.93483990617415],[121.40391440439609,92.30615732334016],[121.56046268181652,92.4055969362179],[121.82361385352931,92.92504867535146],[121.95574896098242,92.79033333881863],[122.39571918141503,93.33515690530322],[122.59088034749367,93.11657369804831],[122.65515728840649,93.22513642436128],[122.60405030824981,93.4418592422774],[122.94079578101125,93.57837182603068],[123.15674240670604,93.44322560003604],[123.46940835626188,93.58484593282449],[123.6119697012326,93.9182439534489],[123.76259021967037,94.23847022072442],[123.86154320842448,94.27232990363403],[123.84604387604719,94.13439226502773],[123.94820355339463,94.20367948370739],[123.9346732751843,94.06852035712276],[124.02001105712246,94.07947725673526],[124.05933323458302,94.2159094607694],[124.2459995100161,94.23780342937116],[124.39374542803677,94.47645185526154],[124.63051932519161,94.53613025190465],[124.72486494116671,94.7440523640487],[124.67374744649258,94.70262955406814],[124.73230434103866,94.83361898931417],[124.73910018959073,95.32500790726068],[124.566478533969,95.60376355482423],[124.5897836123941,95.90635712616663],[124.65396345494639,95.97297624631798],[124.68767053494987,96.37325916592756],[124.6114812699376,96.52025788120642],[124.39325443150912,96.46358351728071],[124.25679916557773,96.65860204027864],[124.39374867330193,96.76906904240823],[124.40688914271391,97.34636506705881],[124.76644880911397,97.80439159484945],[124.58796503985589,97.99728319096215],[124.5329241271178,98.3481109354399],[124.73189823161512,98.67009164781936],[124.71737198590611,98.7620678007718],[124.91301528587636,98.78544893135121],[124.90360633979071,98.46797444176215],[125.21317307373877,98.53749630745736],[125.17149582788139,97.92619583898582],[125.39535877736317,97.91291823183788],[125.53685518835331,98.03736294190591],[125.63819847068754,98.63559855151334],[126.07304953725085,99.07408448819163],[126.02742938462188,98.80978375577405],[126.12615808629216,98.62372634887434],[126.26105287547642,98.6421566627969],[126.27933435444712,98.20210155572263],[126.18260596070263,97.6193652592197],[126.3169598722177,97.6999432321703],[126.40869118431732,97.41653179041738],[126.53376022106866,97.5993643333088],[126.87472773270248,97.60990170677104],[127.16741417399894,98.26244798618103],[127.36262748359809,98.66206350547705],[127.58974436963237,98.7343449983974],[127.72832303977853,98.61783626246277],[127.83078225539411,98.9168166044094],[127.92091356517987,98.7973118843193],[128.0016134456867,98.8969920399542],[128.03546679781152,99.14633301510891],[127.8796582042807,99.53169799275588],[128.02034175588366,99.68185669330902],[128.09734221417276,100.32339795768765],[128.33662352657643,100.6913931197107],[128.735645039447,100.62361130740038],[128.68928847797542,100.323502939998],[128.42886086404624,100.01967060550848],[128.20145162341828,99.27606430457323],[128.3068107203489,99.24495589035975],[128.252123095402,99.09678849087328],[128.3205009373658,99.1254336568972],[128.4071807318606,99.37014223768013],[128.65367104137334,99.7622964164725],[128.90191226562482,99.7326965053577],[129.173655184703,99.99274923360849],[129.15969781337344,99.82669757504945],[129.2487725597361,99.79434998665391],[129.22842490848137,99.68574575321782],[129.34790825362558,99.76838512115098],[129.3769330913092,99.93475897179539],[129.5009857669843,100.02295596059507],[129.49120543086127,100.08587001408914],[129.93516717740766,100.79323056664629],[129.93908511378703,100.69536916250142],[130.11289598060708,101.05548259593549],[130.60061752418602,101.31254694115117],[130.58709733249876,101.1197874939147],[130.80186086974408,101.14239117010189],[130.952887025154,101.42116148980352],[131.01414652564603,101.41122469350022],[131.2452029591429,101.8000839363167],[131.69055654015315,101.11005777564591],[131.62296153580056,100.99905508331382],[131.89320435365957,100.88137541489692],[132.1634745753527,101.43995398909729],[132.4275147752722,101.81903541305353],[132.35794796204436,101.83025911586029],[132.43739844865672,102.23797313998475],[132.1163987159615,102.4235608181981],[132.24921586177817,102.8937213446386],[132.13719612100772,102.82130551638701],[132.2111457680506,103.06136529969675],[132.49934517501407,103.19122447691014],[132.68420091692798,103.49940963028445],[132.83284000498068,103.33774223912107],[133.1837874056621,103.89494691002758],[133.18696047836758,103.6843937660586],[133.66469634936018,104.40462276574348],[133.89327016649403,104.55869519835778],[134.03813878359293,104.81099278536196],[134.41547759659483,105.0808957702501],[134.53078477253501,105.15736410942854],[134.54731192109693,104.87326777462842]]]]}}]}
