{"type":"FeatureCollection","bbox":[26.253525615145058,42.969906590805955,101.74772542684894,212.93838728910356],"crs":{"type":"name","properties":{"name":"EPSG:cartesian"}},"properties":{"note":"Created using cartogram-cpp / go-cart.io with custom projection, not in EPSG:4326"},"features":[{"type":"Feature","properties":{"CC_1":null,"COUNTRY":"Vietnam","ENGTYPE_1":"Province","HASC_1":"VN.AG","ID_0":"VNM","ID_1":"VNM.1_1","ISO_1":null,"NAME_1":"An Giang","NL_NAME_1":null,"TYPE_1":"Tỉnh","VARNAME_1":"An Giang"},"geometry":{"type":"MultiPolygon","coordinates":[[[[56.12325118968933,67.97988114307513],[55.723787659466524,67.45445500814827],[54.65373491642753,66.938018768743],[54.8015337504207,66.13031053084609],[52.88347847419529,64.7988106375665],[52.5959427656943,65.68902883739096],[52.49091137374377,65.54348059916418],[52.4370841363488,65.73034923822453],[51.99201513753156,64.94596718519658],[51.87033285565001,64.80696153235539],[51.79313407485341,64.93443269966018],[51.33845426972325,64.33347985681081],[51.29525612333399,64.410936770751],[51.004685767334564,63.94060216439488],[50.71320537076026,64.33439312810509],[50.21291266809527,65.16704557404823],[49.32779461153707,66.10979300433334],[48.12949173223861,66.76335398290554],[47.86358550297931,67.43066779948727],[47.7411542752535,67.91574241271911],[47.70657743098681,68.3260258917477],[47.58161066695975,68.64771751100328],[47.68731914203316,69.1326284996668],[48.593119154193516,69.23007306556977],[48.968858529792904,69.65099380264142],[50.0889444810059,71.5592332249936],[52.04723812047503,73.40944164473379],[52.65683785183124,73.88910473575332],[52.778819687722525,74.42789466790697],[52.66126058270203,74.73813458981219],[52.52121874529953,74.76085747087178],[52.627953325580435,75.3896577960508],[52.55996364210289,76.46631365011777],[52.864966460794626,76.70062548244013],[52.84896905780059,76.83033856103798],[53.04458274364565,76.95981703545127],[53.05874909707918,77.14422495797378],[53.31302154111445,77.3571096795456],[53.43951927351452,77.34902527125558],[53.54580360026597,77.64514317016898],[54.024407870384415,77.8324206058681],[53.992199872572165,77.61045435430904],[53.67184169604363,77.20474581757196],[54.41040709482482,77.38383824548987],[54.78101465275323,77.28145867845919],[54.69820108382703,77.06795244990427],[54.63733402585768,76.30049491632485],[54.856426298550076,76.43710990069218],[55.05629789225409,75.87614629890453],[55.434607021549006,75.92357778647056],[55.294749824250616,75.49727377453013],[55.8797557567018,75.51905258155074],[55.8264782020876,75.38155594251975],[55.31174821772707,74.90477155785311],[55.54385561803113,74.82330201884415],[56.27771102578416,75.15743445161036],[56.35868671748894,75.09074690777055],[55.95060615111332,74.35476836004207],[55.80335149412399,73.83332994008785],[55.77664240759573,72.80491877398222],[56.12130710136727,72.83953047195868],[56.32074672387555,72.64323382571365],[56.73054088061258,72.86956936844672],[57.10311467870288,72.74995807715537],[57.52806140260422,73.12452160043793],[57.752702268711886,72.83076904704404],[57.68617161182433,71.81841152494135],[57.51542198719393,70.81096748306354],[57.32431014213286,70.89780546019824],[57.16580062584863,70.55169961809133],[57.22346406899533,70.52171770260357],[56.813063666744995,70.01668279736205],[56.76705468454569,69.4001312541335],[56.16241805985877,68.53987996465412],[56.063962454545646,68.23006565945951],[56.12325118968933,67.97988114307513]]]]}},{"type":"Feature","properties":{"CC_1":null,"COUNTRY":"Vietnam","ENGTYPE_1":"Province","HASC_1":"VN.BV","ID_0":"VNM","ID_1":"VNM.7_1","ISO_1":null,"NAME_1":"Bà Rịa - Vũng Tàu","NL_NAME_1":null,"TYPE_1":"Tỉnh","VARNAME_1":"Ba Ria - Vung Tau"},"geometry":{"type":"MultiPolygon","coordinates":[[[[85.87942309010441,65.36010287412302],[85.65850003366815,65.54988399495825],[85.8193990300383,66.76817129697717],[86.0767649009381,66.91868376880618],[86.32423217346025,67.43899469822824],[86.6119945534276,67.58427359691945],[86.91395165859137,68.28315023453501],[87.19452047355193,69.08941666739307],[87.16373567971306,69.6969612550509],[86.4606892302369,68.91015372686343],[85.78809777758948,69.42745594633243],[85.49704821906755,69.04593840959521],[84.89593136476628,68.26642059871591],[84.72940342134589,68.12229688176205],[85.06902661132867,70.38274857818986],[85.79048338462617,72.50412181924496],[85.49928294951472,73.09755227463283],[85.77119977010071,74.15758036448051],[85.41499479318873,74.98695109133966],[85.2392973797746,75.39676233094903],[85.27984257920713,75.67452542394653],[85.54644057656103,75.69097752441382],[85.4816706660406,76.0131366038427],[85.81676054652209,76.47394679192692],[86.64007192677452,76.48723271303902],[86.66503025239201,76.80995076338584],[87.0154864198949,77.34117044752037],[86.90490643913378,78.37045151206333],[86.98044551680235,78.31092096384674],[86.80788799088262,78.77863686199792],[86.98501801232763,78.80494810474755],[87.13704039569038,79.44839346916697],[87.35314841367925,79.62928748787462],[87.47080901954197,79.12758661650079],[87.59740239925543,79.35875910305921],[87.7745543223004,79.20437947917094],[88.32627118025879,79.18510712530342],[88.48320818814949,78.30722003566929],[88.45804723743888,78.1098516880191],[88.54446937489575,77.95605971838441],[88.49891502532165,77.74986086303193],[88.71156029748988,77.39170346005157],[88.87001733784587,77.8089705748867],[88.79350697148627,78.26370194318343],[88.81089022585238,78.74481004340873],[89.05951412955115,79.89132312655246],[89.1414020290545,79.88825297354155],[89.2690741420661,80.45082327529248],[89.32370464209758,80.45098140154712],[89.37754521428877,80.2539399292967],[89.47001259824404,80.31117368082789],[89.59193394939086,79.90798744733948],[89.73058901770254,79.97588386408302],[89.7687279587397,79.50634770368268],[90.00072115951984,79.0854236837668],[90.11893406967862,78.57937712446945],[90.09152181972686,78.20537679383195],[90.40297438987793,76.8724218220654],[90.37079854484702,76.94365206917045],[90.44919805400717,76.54360891834861],[90.47647662407968,75.82474592198443],[90.15240305328985,74.09082751527197],[89.90348522143964,73.86167970326859],[89.75816184334796,73.0730909587175],[89.35169806829843,72.81455404542459],[89.16746602553019,72.37219755256167],[88.54207865261876,69.6925647394747],[88.43341469717097,69.5234959057541],[88.13031744498142,69.91966253748777],[87.75423024867614,69.22802630892177],[87.44652398044325,68.1743099545393],[86.89340135377341,67.07873783608316],[86.7068077661535,66.60900240605746],[86.00074304817454,64.85857084307932],[85.80983805352872,64.89441412141548],[85.87942309010441,65.36010287412302]]],[[[86.83740258792659,68.24053159836032],[86.60202697360424,67.77975250165724],[86.96922236403276,68.77441095975358],[86.83740258792659,68.24053159836032]]]]}},{"type":"Feature","properties":{"CC_1":null,"COUNTRY":"Vietnam","ENGTYPE_1":"Province","HASC_1":"VN.BG","ID_0":"VNM","ID_1":"VNM.3_1","ISO_1":null,"NAME_1":"Bắc Giang","NL_NAME_1":null,"TYPE_1":"Tỉnh","VARNAME_1":"Bac Giang"},"geometry":{"type":"MultiPolygon","coordinates":[[[[63.13765086529027,199.5851163856379],[62.43547870180095,200.28295427800924],[62.544470732757986,201.24676735988407],[62.03567986398365,201.11687316047534],[62.07853242317369,201.39012383010623],[61.425009561468556,201.24005986505546],[61.380359765505624,201.89184280314265],[61.20474422004057,201.81760299888674],[60.7707687725417,202.02265071021543],[60.92671593275011,202.29293142667416],[61.265218412016466,202.33331199008262],[61.57272752152241,202.60662670601738],[61.21691235176777,202.4991016327138],[61.51718718542793,203.15568530207085],[62.21303602027439,203.2625188484499],[62.04555573670007,203.79760405752944],[62.2602875961461,203.95646051144476],[62.409429273240065,203.91684329894127],[62.22721250008738,204.03277276787793],[62.216850384057196,204.32316346800206],[62.52839826925768,204.1540753888176],[63.1797170697654,204.07005326855722],[63.45648937848632,204.12932498858186],[64.04381363670122,204.08418189223605],[64.00709996352678,204.24737371939256],[63.56639630196683,204.4445341985983],[63.91776123749881,204.62471399392427],[63.83300445738763,204.84419574668578],[63.48017877636051,204.90756153197583],[63.546426534649925,205.01441827475966],[63.273828606016366,205.0666583272805],[63.22354604435524,205.4943840510228],[62.644398545263165,205.5105622366272],[62.84928747311146,205.75876564786944],[63.31967458240873,205.86644869913013],[63.658550377818976,205.83733481700114],[64.21505483945543,205.89048955342048],[64.6746545021874,205.7913446475766],[64.54293453679871,205.75167491405483],[65.07301027346084,205.42313729845628],[65.38749372912122,205.36788273490401],[66.05336169260846,205.25618199596272],[66.17617648562168,205.18680830496078],[66.5530969918516,205.21264473097781],[66.67957715124614,205.1794665093651],[67.0516573708426,204.8760905915192],[67.08601729595802,204.88634463720553],[67.1215193003973,204.83950587018484],[67.42660165525322,204.68288225255714],[67.41512043373022,204.75656038417097],[67.55384522954023,204.64287088018403],[67.63606833042381,204.637119519576],[67.85123162649168,204.47183145314017],[68.04908258313979,204.172043909659],[68.42174341196333,203.8870656080597],[68.9018734719817,203.58646908458192],[69.37636370194522,203.4532082319539],[68.99884319255099,203.8213086925357],[69.31677566225098,203.75753090864401],[69.45374345612225,203.63650861825124],[69.77788749233156,203.4881371378297],[69.8971094722782,203.52124763026313],[69.67257468387459,203.894207426188],[69.8755842390826,203.92966542791902],[69.43897820084038,204.29240412300706],[69.52773132432584,204.33574846387825],[69.42775805033733,204.4298489158175],[69.67202441168945,204.4825303681987],[70.07746549305462,204.29543647800136],[70.29113079916314,204.23636668980043],[70.65698230069192,204.01345098230067],[71.87960878563149,203.436031896098],[72.02402633784666,203.31919033227487],[72.78364096124461,202.86289191543884],[73.13393322239604,202.70977126012255],[72.96668276984488,202.87159486571946],[73.35619427758812,202.76147042680878],[74.32881666721329,202.28694323486727],[74.64776418475631,201.81979585488494],[74.65240463501291,201.73905853244125],[74.57431593311422,201.84362269359616],[74.4879144311554,201.85809779391704],[74.68264247995302,201.4697195070748],[74.70143499566464,201.4984108937512],[75.05911698372195,201.1006474429733],[75.49640466378234,200.53449677701008],[75.54611149233531,200.3426431704027],[75.9935176838122,199.88031686043735],[76.065817160916,199.91343752340356],[76.18661578699468,199.72139694422322],[76.29420552724258,199.7173090182582],[76.44113184642907,199.5524852479641],[76.65857246957648,199.5357306881392],[76.94219268266622,199.25032253460452],[76.91698482946728,199.13975500747978],[77.12381960752188,198.86479915619464],[77.22896885620236,198.64277993446126],[77.82903651719829,198.01623405384458],[77.9262760081429,197.90943847047157],[77.91680559463222,197.83807991136325],[77.57919990106242,197.90908162413123],[77.9367732188035,197.60315531589202],[78.13478600409707,197.372698037046],[78.04658621595357,197.39473796290454],[78.22628724046665,197.16178902005856],[78.21413896896397,197.0554600715617],[77.85263464399281,197.23976671265115],[77.47608069591827,197.35365626246966],[77.48371043895747,197.30350744527038],[77.27834110522275,197.3973863650673],[77.1888424963682,197.50512739341463],[76.86935553371934,197.66192400678682],[77.22625862901957,197.2402844173003],[76.8268074969194,197.34874071850948],[75.7437855007043,197.98343680656745],[75.49100897316686,198.06763442295485],[74.92751296579193,198.4566234487305],[74.98424147394137,198.2982229828846],[74.6480594506146,198.45785828909965],[74.52243131761355,198.61182299342335],[74.34740727357217,198.663731283608],[74.13690760221812,198.89951188706317],[73.69717676753126,199.07146224735152],[73.27313136145474,199.496745471884],[72.8455809540439,199.59585982644052],[72.63893089612827,199.74276542191365],[72.35157136841498,199.7605372162459],[72.14281197870424,199.90874561539266],[71.71386806420998,200.0321589732052],[71.73153907354862,199.73680647218035],[71.26570990387006,199.68800430582252],[71.3048331713934,199.34232271542965],[71.05093506739573,199.38824933398104],[71.07798007368618,199.26582417601423],[70.58727705874676,199.67070137190083],[70.55324211526721,199.79871055563854],[70.37406339827419,199.84506488942426],[70.40622677492225,199.6599582584187],[70.69805857139511,199.26963304763413],[70.80612747778282,198.81362868914044],[70.4909841956502,198.04724772982814],[70.08962548969566,198.45558289842475],[69.76520753872146,199.0319532639621],[69.59638110284078,199.57562706655727],[69.24795450859536,199.02176718212618],[68.90890583517175,198.95957696812812],[69.03710089630641,199.53544430416488],[68.14649722463771,199.45800656311295],[67.59536425609038,200.13415290489303],[67.26169199834017,200.23494587142193],[67.21015859369828,199.6802901314334],[66.58834598541851,199.83890566481188],[66.4632930429555,200.13218019832334],[66.32222372607353,199.98335907792546],[65.88792645469523,200.20243952664975],[65.73833354193903,199.72559987598032],[65.89349984597405,199.45138926072372],[65.64558449145376,199.53238166805042],[65.42769960554524,200.61131893926304],[64.50542441981885,200.86358766465827],[64.44217334172149,200.34456973929753],[64.61676988142077,199.99522681409786],[64.45354736278185,199.21738182720074],[63.13535131451315,199.38892229367738],[63.13765086529027,199.5851163856379]]]]}},{"type":"Feature","properties":{"CC_1":null,"COUNTRY":"Vietnam","ENGTYPE_1":"Province","HASC_1":"VN.BK","ID_0":"VNM","ID_1":"VNM.4_1","ISO_1":null,"NAME_1":"Bắc Kạn","NL_NAME_1":null,"TYPE_1":"Tỉnh","VARNAME_1":"Bac Kan"},"geometry":{"type":"MultiPolygon","coordinates":[[[[53.941290178067376,205.99019780915],[53.37867161328019,205.8530262609899],[53.43421881470362,205.94137141724102],[53.318066752739306,205.89668887488696],[53.35718626755926,206.048539893809],[53.153109678883055,206.07254389113842],[53.36141497414702,206.263114373707],[53.28212699366928,206.2910109656117],[53.77683431124927,206.68784858458164],[53.50963040750548,206.56754349394663],[53.43128714669199,206.6273022797446],[53.235994740923246,206.6397427452797],[53.41605259031517,206.77537742326243],[53.47093149894322,206.8999889266173],[53.97485091301658,207.196297952107],[53.868791442836326,207.17886973038918],[54.25338872705108,207.40809226061725],[54.17587192771744,207.39899381665995],[54.406287534257494,207.57251501623614],[54.45654023976536,207.65855011332368],[54.66178803522028,207.75362573339808],[54.88083834885852,207.9576842330491],[55.30029093400773,208.08509647631325],[55.470804556914295,208.17034623950929],[55.263597180868935,208.10061349875394],[55.306171768950776,208.1810728650811],[55.50188085766427,208.29616079465768],[55.96285115443632,208.45373006593454],[55.9516448661989,208.4987227394443],[56.03935267720961,208.53286168907005],[56.01085015627485,208.57248619533794],[55.80239509399371,208.5853794416249],[55.70684758492261,208.6223212193398],[55.74813087271954,208.64755269440414],[55.61085068481883,208.66538484926446],[55.65911958910669,208.69447700197523],[56.01075800370469,208.78808514062226],[56.347531001269765,208.81363918511846],[56.34872026052123,208.84447660491483],[56.792369035461554,208.86729726784984],[56.972106219782816,208.92835957981958],[57.26459388892,208.91134489868745],[57.633730845079064,208.96078942649962],[57.767337345729416,208.90730518813095],[57.693271691855934,208.88850178312225],[57.87919677830698,208.83557320979878],[57.37765789065237,208.7218453687352],[57.565936608761994,208.6690786917057],[57.51066742511972,208.63646662369774],[57.73049570811382,208.60222268519522],[57.61145793164857,208.5823542352093],[57.773254309727854,208.5658089893813],[57.87876151540907,208.5178831837323],[58.130815488001815,208.51011644539022],[58.11052694439677,208.49716494657415],[58.72192282768185,208.42432272572813],[59.08506549535548,208.4377515957561],[59.991634131930546,208.38710103911282],[60.44715972362543,208.35771877074308],[60.818327173523954,208.29533410983288],[60.70228109235371,208.28060843170692],[60.94292585180344,208.2311583409638],[60.95533863418039,208.1821189408694],[61.15854976791074,208.1404925513495],[61.10504435643307,208.08068138826027],[60.768354131783425,208.08619410551142],[60.82116417216106,208.00457711532437],[61.561624670093764,207.91229732576514],[61.728923666472795,207.85973067585323],[62.08266168277402,207.772824905614],[61.7975909467246,207.74530925698875],[62.28397333762311,207.63115525296985],[61.93790097849498,207.57238804499514],[62.184160656679175,207.50525994039253],[61.60069138583639,207.43030325979282],[61.71536013633381,207.41041253405012],[61.48993868014659,207.4005837430658],[61.43209872646667,207.3533540415783],[60.71286951968477,207.38142283319428],[60.79786728992964,207.31803557131667],[60.73097741907784,207.30590333265667],[61.014382784675334,207.24478819631827],[61.021322020239424,207.2173025655229],[61.148888598446156,207.20811001479836],[61.22160937518376,207.1561235535076],[61.04653591496584,207.15328481027876],[61.278856550578176,207.1364437527248],[61.11721687742144,207.1177251290338],[60.446476458454846,207.14962520280454],[60.08667659987254,207.23324142681906],[59.94981800487019,207.18217262311055],[59.46178082663728,207.21050029654083],[59.47360115697819,207.18128442848632],[59.02101486277523,207.14526625745796],[58.83345762221299,207.1653567244037],[58.51070417963514,207.0590960889186],[58.21765775070168,207.03339036615597],[58.175824146456016,206.94720332025702],[57.505842964175955,206.78540238532992],[57.253820697674875,206.63629769126908],[57.12247402958866,206.40065550799812],[56.459259091037744,206.33292026431954],[56.64363302965141,206.71196553582172],[56.77683800696258,206.81975750849878],[56.97924145349427,206.88401132064163],[56.78855702974098,206.9224863683807],[57.092065133450475,207.04861832396162],[57.1178075620393,207.10998005544326],[56.9340354004444,207.11825682108542],[56.95291281976313,207.2546411560301],[56.239027220716935,207.13974919455828],[55.73499160563926,207.1222571431728],[55.17785026621362,206.8314391863537],[54.56625203033941,206.50504768646832],[54.3091896565918,206.25922646053368],[54.3323160244546,206.23039377064964],[53.941290178067376,205.99019780915]]]]}},{"type":"Feature","properties":{"CC_1":null,"COUNTRY":"Vietnam","ENGTYPE_1":"Province","HASC_1":"VN.BL","ID_0":"VNM","ID_1":"VNM.2_1","ISO_1":null,"NAME_1":"Bạc Liêu","NL_NAME_1":null,"TYPE_1":"Tỉnh","VARNAME_1":"Bac Lieu"},"geometry":{"type":"MultiPolygon","coordinates":[[[[56.08317235501575,48.49534447093141],[56.110329106906335,48.6830412485094],[55.70961759444702,49.05053405213878],[55.5088090900789,48.971690274582684],[55.20124291370878,49.105372113348935],[55.211350998190696,49.172447642909056],[54.920762605232355,49.17989457873177],[54.40194600792295,49.59695008787105],[54.170676519058844,49.59352195117019],[54.022214767249935,49.74175073186387],[53.915911054351,49.73543009736597],[53.79571035427489,49.86875927026723],[53.820026922563095,50.25114037823517],[53.92135354050811,50.29430305925924],[53.94310504272708,50.492238023561754],[54.09966544452817,50.485766159369305],[54.0266324084532,50.697787928918416],[53.84770793502465,50.73290114033569],[53.60407892882043,51.09516948576317],[53.586872737666695,51.05035590951532],[53.45146660085059,51.36825595256377],[54.05360407682686,51.83239132146204],[53.49901474907399,52.46369554627914],[53.42831361973812,52.650369832706374],[53.89386285843569,53.14037750093834],[53.474643836863294,53.41083885027379],[53.59508418834352,53.78073103304868],[53.782027716971456,53.734721823024046],[53.68284867063315,54.28048751508011],[53.72959823464139,54.620711259627214],[53.906049630728944,54.522088418497546],[53.934375750411704,54.79410779232301],[54.035663741774584,54.78030204213573],[53.90443875465014,55.19241627438649],[53.72630203617298,55.203870828741074],[53.757246324064624,55.38438764930152],[53.41686196362441,55.828561311724535],[53.37954586244203,56.19636860171806],[53.45194831403967,56.33072244844002],[53.643466901238355,55.89805944487758],[53.88027800709763,55.701899463507516],[54.01725918315117,55.8361887064535],[54.1277000828437,55.532257426402175],[54.440146664218304,55.41743831196872],[54.45588512675978,55.5020825914136],[54.51129858891233,55.366858752944765],[54.730605615558915,55.32533019477495],[54.758740612773835,55.45737681560934],[54.94978576939826,55.460710538420614],[54.97536035534792,55.3524217465656],[55.163306405435385,55.40306646879357],[55.424264127660734,55.29672100339893],[55.46731290768754,55.163430949017375],[55.67098887917607,55.109057658677685],[55.79577052664075,55.22745540786903],[55.92060740217758,55.03296801050682],[56.149321800585305,54.954428956925014],[56.189512806556905,55.04973917471821],[56.39291102911549,54.94793571206537],[56.88138628898953,54.990510445028534],[57.101147136419144,54.79284761430694],[57.30158828753591,54.528380481059166],[57.44000423539899,53.1634738937893],[58.06147823030465,52.614809695463705],[58.14179520251362,52.73311469318597],[58.326457612854156,52.69753736552542],[58.594597028711306,52.48282844850688],[58.619519910604225,52.56829201833151],[58.92108013980906,52.462209498768615],[58.907648681248105,52.32770344709452],[59.216821754536745,52.16733705584935],[59.458594285258364,52.20137616915035],[59.6924671455324,52.04590120561818],[59.935742570094135,52.01336166174952],[59.916698111716485,52.20878197049835],[60.17777221240296,52.12142743337544],[60.36106841880719,52.145348671435265],[60.34564964720934,52.20866956903957],[60.806677391705065,52.24069627351889],[60.979273781664006,52.10696485047361],[60.896985884961275,52.05288517388314],[61.2042125235005,51.809180775925334],[61.450333668541916,51.72965270517225],[61.49416728713062,51.97358093419534],[61.58983361572349,51.918194762834545],[61.74796538408103,52.04381116252823],[61.98317956005625,51.787167865297285],[62.031017894147595,51.55597408908787],[61.412963573646444,51.413264898495456],[61.662904546591584,50.75316854951784],[61.57370183874191,50.72310912400012],[61.71271095658002,50.42852229036801],[60.54535915056346,50.0476500242289],[57.80483701135446,49.426680864890514],[57.06239177479184,49.1506348295401],[56.08317235501575,48.49534447093141]]]]}},{"type":"Feature","properties":{"CC_1":null,"COUNTRY":"Vietnam","ENGTYPE_1":"Province","HASC_1":"VN.BN","ID_0":"VNM","ID_1":"VNM.5_1","ISO_1":null,"NAME_1":"Bắc Ninh","NL_NAME_1":null,"TYPE_1":"Tỉnh","VARNAME_1":"Bac Ninh"},"geometry":{"type":"MultiPolygon","coordinates":[[[[67.80312382755238,191.48984233607342],[67.60397806864155,191.33510633681112],[67.68551015814963,191.83044308200238],[67.32886101893251,191.9826671862123],[67.12602235903047,191.40388361126253],[66.64448743831578,191.39377269804805],[66.09492546986041,190.53415698872084],[65.84901867650127,190.64675911414753],[65.64341778493335,190.43104014816706],[65.63296770514123,190.62759544506494],[65.8519665420937,190.97813205180543],[65.74960551706364,190.8791537425574],[66.0049842793836,191.61467678258578],[66.11263106156727,192.69319383899432],[65.67059018376328,193.5625785097233],[65.61071213291972,193.22326930379128],[65.18581428662726,192.92330369729987],[64.91607563753831,193.6132396929998],[64.53236262939566,193.00052146924915],[64.38250521312926,193.77705882235585],[63.55552907256014,194.76529535074198],[63.89157876265884,195.22156121593719],[63.327457142557336,196.7828197947992],[63.402194577781124,197.2472259495776],[62.60488240249123,197.82068862363866],[62.87779216894244,198.1592972211812],[62.36016429040073,198.7945489365659],[62.89890570288942,199.37656303794301],[62.79401261832551,199.54106982907305],[63.13765086529027,199.5851163856379],[63.13535131451315,199.38892229367738],[64.45354736278185,199.21738182720074],[64.61676988142077,199.99522681409786],[64.44217334172149,200.34456973929753],[64.50542441981885,200.86358766465827],[65.42769960554524,200.61131893926304],[65.64558449145376,199.53238166805042],[65.89349984597405,199.45138926072372],[65.73833354193903,199.72559987598032],[65.88792645469523,200.20243952664975],[66.32222372607353,199.98335907792546],[66.4632930429555,200.13218019832334],[66.58834598541851,199.83890566481188],[67.21015859369828,199.6802901314334],[67.26169199834017,200.23494587142193],[67.59536425609038,200.13415290489303],[68.14649722463771,199.45800656311295],[69.03710089630641,199.53544430416488],[68.90890583517175,198.95957696812812],[69.24795450859536,199.02176718212618],[69.59638110284078,199.57562706655727],[69.76520753872146,199.0319532639621],[70.08962548969566,198.45558289842475],[70.4909841956502,198.04724772982814],[70.46111012664262,197.58522765490125],[70.74037099589019,196.08832632604395],[70.45025747698125,195.54399346100763],[70.4599727592986,195.00816738996406],[70.08802248626917,194.30313963288745],[70.0040686247179,193.71923439576096],[69.68764654654501,193.84350415737717],[69.66817326732851,193.54220042235613],[69.29570749755504,193.35791500816057],[69.31069526475953,193.11601109499495],[69.06229608992517,192.610719226715],[68.29735286888521,191.39837062413835],[68.49632461843737,192.11453656725823],[68.2150001269907,192.01243895715552],[68.0527590927718,192.36383477799575],[67.80312382755238,191.48984233607342]]]]}},{"type":"Feature","properties":{"CC_1":null,"COUNTRY":"Vietnam","ENGTYPE_1":"Province","HASC_1":"VN.BR","ID_0":"VNM","ID_1":"VNM.6_1","ISO_1":null,"NAME_1":"Bến Tre","NL_NAME_1":null,"TYPE_1":"Tỉnh","VARNAME_1":"Ben Tre"},"geometry":{"type":"MultiPolygon","coordinates":[[[[73.32193153524256,54.871567834802605],[72.01622709633749,55.79929898988394],[71.70655484359045,56.0155592108623],[70.71333115063459,56.68954043809557],[70.00237578910361,57.03175874801555],[69.26417467578841,57.382749662040766],[68.44076492306442,57.86231365498068],[67.45376437025176,58.51830797020588],[67.14843310495972,58.8160993795959],[66.83424482056007,59.307640063961344],[66.433925163285,60.00878385353141],[65.92497169823744,60.90928966537477],[65.5050322673604,61.722558704677674],[65.20385816063812,62.441626407975996],[65.00516904131842,62.92737928622427],[64.91842667337681,62.893892284630176],[64.66361678971904,63.58004370267188],[64.29332887516664,64.86482496027064],[64.12473522112958,65.10642469032499],[63.47280941040235,65.60313386242412],[63.2411391692769,66.2781603320466],[63.19969200055867,66.94023980651284],[63.99575683917219,66.01139933367548],[64.12793247744881,66.11175948795017],[64.43524376383476,65.8237978814016],[64.56895348296575,65.92055217529303],[64.79839147177148,66.27538087229931],[65.08697305701858,66.23355836988934],[65.38074375022968,65.99391165013179],[65.57200519195501,65.56168829801378],[66.09188651607235,65.4745153843117],[66.37438895652537,65.15872308422533],[66.97819989131588,63.99076789594007],[67.21031076953965,63.554390405350574],[67.63298593644771,63.27233940376373],[68.98670815778547,61.81445310233773],[69.56151781792113,61.344640962233605],[69.99954303546558,60.90855845945989],[70.29086585417853,60.68893943885534],[71.20100354078849,60.21009093221673],[71.95252862165408,59.903450197204975],[73.16630379625825,59.55171415924002],[74.06434086844612,59.09900646573137],[75.1110940177692,58.75561535087475],[75.56775539040059,58.66111615754403],[75.61622794209354,58.52104170249298],[76.42676581252279,58.358467550731405],[76.97535521647704,58.13295618957175],[77.25930450837619,57.640566114582015],[77.229094164178,57.56574143590158],[75.82046228215196,57.006143792953125],[74.93230210365145,56.94872624554311],[74.61494872896517,56.796634431305364],[74.32374254009896,56.78244654733921],[74.01003036535256,56.63688181723654],[74.03640442148486,56.25449412857734],[74.40465384661275,56.00389148488228],[74.86533305317624,55.6813138924514],[74.40533231230587,55.27395425677123],[73.32193153524256,54.871567834802605]]]]}},{"type":"Feature","properties":{"CC_1":null,"COUNTRY":"Vietnam","ENGTYPE_1":"Province","HASC_1":"VN.BD","ID_0":"VNM","ID_1":"VNM.8_1","ISO_1":null,"NAME_1":"Bình Định","NL_NAME_1":null,"TYPE_1":"Tỉnh","VARNAME_1":"Binh Dinh"},"geometry":{"type":"MultiPolygon","coordinates":[[[[99.04439138314012,103.67982209695785],[99.18301889659597,103.6293146437134],[99.17510619639782,103.55422760861379],[98.99963202721072,103.59738627992122],[98.85260216132484,103.8098555425027],[99.04439138314012,103.67982209695785]]],[[[97.70538732740599,104.21457557668633],[97.75280468439567,104.15154028521553],[97.68533240062027,104.1671293583766],[97.70538732740599,104.21457557668633]]],[[[97.73995336529359,104.98688777120522],[97.58966652006708,105.10558363785094],[97.37634282598069,105.06828086026415],[97.16077658088341,104.79728056370928],[97.23832813377064,104.48070510752314],[97.45563907842073,104.21347263697427],[97.48003932872734,104.03145458269545],[97.37367020891838,104.11107574998174],[97.13551515237805,104.10538840387211],[97.01924849869741,104.24954958119564],[96.81229612830802,104.10105231060714],[96.47985862220719,104.01416472118663],[96.48412197289619,103.56619168775973],[96.38164418527404,103.5062799966005],[96.08349733665946,103.6221140261794],[96.03957484107642,103.52047182879774],[96.16346305644944,103.40062962684341],[96.0221401184968,103.33556416094402],[96.08432423199535,103.08668602480424],[95.95548794369333,103.10015142873695],[95.67436746999712,102.91741776179671],[95.31150809345996,102.93859195989464],[95.08850308175012,102.68809391164112],[94.70462381580177,102.66344572029598],[94.24546849207078,102.78550204421055],[94.14330491479971,102.84824669845315],[93.71428878242759,103.26371539254119],[93.10040600307514,103.56435342063635],[93.08952197489904,103.66579953057024],[92.91656253812826,103.83223312743733],[92.80174350435776,104.07355593774457],[92.5755066003743,104.62574074554742],[91.9754041277382,105.7572253655948],[92.18347441680393,105.76625020127484],[92.06105864672082,105.94428975195191],[92.04687285754679,106.29093200948577],[91.8389448288236,106.54388025281021],[91.79868554554118,106.70417329384131],[91.36158095610855,107.02219760024737],[91.10120208448544,107.41168666659895],[91.14255731205354,107.43396666389089],[90.76759312406813,107.73263154912722],[90.56242277298604,107.99024994444875],[90.28004260430154,108.21320121597793],[90.18393895377119,108.54809576735713],[90.24306299312116,108.52557285313796],[90.09805564981245,108.85482741271974],[90.16440996090596,108.95226867732703],[89.96020506837955,109.21976199760343],[89.88340461499942,109.47241697900884],[89.64980772804793,109.58282108625333],[89.1655546030469,110.08669727202782],[88.9394515227774,110.25712403436734],[88.6364361981232,110.6810820202951],[88.48876761356837,110.78786813605342],[88.48149655439025,111.05707112960582],[88.36634277917128,111.14278917379552],[88.30794584981503,111.2824493378924],[88.24291056687547,111.29861387881411],[88.06491099286616,111.55215478844582],[87.92487796128789,111.64342677747511],[87.89682089580367,111.84085582104558],[87.6650509133643,112.19170384303435],[87.68195276938006,112.2857510700715],[87.43939844350407,112.73397510407291],[87.51512912103746,112.88264193648848],[87.32037015927156,113.43494918507758],[87.33222860813173,113.57131583025892],[87.24185804980047,113.75295039354529],[87.47694981624417,113.60856978561159],[87.54544942598258,113.66149842467367],[87.56389655635905,113.86179859954571],[87.48056032836841,114.09325729822726],[87.52692364334857,114.17365615069589],[87.47934525432947,114.2849600276181],[87.52684256192198,114.35734713253059],[87.47204256990534,114.52832494664743],[87.47783080485117,114.57654858765017],[87.59419138110412,114.5481512402724],[87.58886417194428,114.70239979168352],[87.95217174975596,114.88520543457574],[87.99518075529079,114.9940373831931],[88.08665293227895,114.95245197986281],[88.25356577356317,115.15563009053547],[88.28131040898501,115.06292709407191],[88.52028843532052,114.86418424580141],[88.7796947755734,114.93624698313765],[88.84825327749391,115.65095085324586],[88.95442264800796,115.75899257834163],[89.07107831519644,115.68522461349723],[89.6966699665025,115.74996740771117],[90.03889430544925,116.00297656763115],[90.3035715512944,115.91623430438183],[90.54857571162196,116.06448265812702],[91.16930533439792,116.01368344913658],[92.06703270095369,116.32714727354181],[92.6620413199757,116.17997039930914],[92.7748579186915,116.25276604937878],[93.19709792650471,116.11343760749864],[93.55409109052427,116.19646078816925],[94.05762937080124,116.16489159282624],[94.2247753287883,115.9673981776859],[94.3681215808115,115.99287234449929],[94.55366912452818,115.78784206849932],[94.49636223872139,115.55377322680984],[95.2196247284094,115.23563533427003],[95.03023237479609,115.2274799976125],[94.92558971343607,115.10559464573026],[95.04898398639402,114.80056053801292],[95.53647096846854,114.24344369943367],[95.96434612302342,113.61053298654869],[95.83717741284808,113.29345691256408],[96.01864045915634,112.97035131607917],[95.91448637496605,112.78852880997144],[96.10187244396957,112.42086856337454],[96.78105146863156,111.47051834068755],[96.67605492985994,111.38227357711486],[96.89997882068066,110.77063392684376],[96.73268318331452,110.71946164136355],[96.68448821855793,110.33335823926018],[97.13568945495231,109.43008142668154],[97.20954492503395,109.44417215569176],[97.12886038850105,109.26790052407894],[96.98021062497413,109.27868417631367],[96.88484235176121,109.07257146915562],[97.513011848008,107.87655372133533],[97.42352728539318,107.78426721372712],[97.55114197139854,107.60775957682168],[97.4832893912276,107.41114651884543],[97.60155198834194,107.27878441118742],[97.3811898292484,107.19080725957251],[97.5756689977029,106.75747173493608],[97.97620221333823,106.41472121905252],[98.07815023821179,106.49343074957709],[98.14316677836935,106.30111983409319],[98.06608705052761,106.25544575384433],[98.17072275887215,105.74698485879787],[98.02510578233382,105.4628236826157],[98.14440717110294,105.27824583576893],[98.09842192396852,104.98829489008759],[97.9886788036234,105.0679780772295],[97.73995336529359,104.98688777120522]]]]}},{"type":"Feature","properties":{"CC_1":null,"COUNTRY":"Vietnam","ENGTYPE_1":"Province","HASC_1":"VN.BI","ID_0":"VNM","ID_1":"VNM.9_1","ISO_1":null,"NAME_1":"Bình Dương","NL_NAME_1":null,"TYPE_1":"Tỉnh","VARNAME_1":"Binh Duong"},"geometry":{"type":"MultiPolygon","coordinates":[[[[71.04490914467692,86.65775371867169],[70.78490473860882,86.77263274662849],[71.28320243093069,87.01913519331147],[71.40455903352182,87.26160988360057],[70.82667717971955,87.1086056162186],[70.93145785969443,87.24183107603879],[70.64434771235719,87.12559534832614],[70.41351038893396,87.15346095349045],[70.88109260235355,87.41073176817628],[70.70772867136432,87.40617032581613],[70.98735145919395,87.56568570451284],[70.90226629633872,87.67836548088195],[70.53467372493955,87.51619266596109],[70.42069003233242,87.56431412781346],[70.9233041700848,87.80426707581562],[70.62963005799352,87.74383833929689],[71.0550262438213,88.03605159051746],[70.71135309130749,87.90535084977131],[70.87945193564809,88.02664453902202],[70.68751910344288,87.9904799416745],[71.2357012605617,88.36353270488182],[71.21685962525456,88.53887515180267],[71.75754130146885,88.79203193314501],[72.60333791060214,89.27418405189674],[73.31315835921419,89.402693760307],[73.56865616873117,89.49573917619816],[74.53971366916139,89.52125930059864],[75.42751586363435,89.44371019088567],[75.62230053745793,89.51018409438502],[75.88467442853191,89.43096259083133],[75.31926685706874,89.29016609157276],[75.41818297491814,89.22760299140627],[75.26656732029228,89.17117252000658],[75.63217845007686,89.12802352882372],[76.54488947592462,89.22685433925089],[76.58291686440704,89.14254243379841],[77.47034292719209,89.11518551885227],[77.56876474632931,89.2230040684743],[77.50031156565181,89.27846698438012],[77.68406257627204,89.26005940440331],[77.8581062046085,89.28800561547041],[77.95656700650045,89.26548033508027],[78.18919843346201,89.36031831035777],[78.30467741551888,89.36467939030791],[78.32292792874834,89.39532573504809],[78.54536415181803,89.40275690565673],[78.72763972000838,89.47179669769524],[78.67551574284757,89.55279258707444],[79.21647304276703,89.60809224516737],[79.37681497855347,89.50680341608088],[79.09834240364864,89.39043398244571],[78.91425837247753,89.38026991943923],[78.9847848890187,89.28714352737495],[79.14354237575284,89.28838018900007],[79.14893240455066,89.21641626920565],[79.62479077768074,89.17036497297715],[79.97520433761642,89.0550762131748],[80.0416415417279,88.8939923291155],[79.95902726225466,88.69669367133004],[80.15391568024246,88.59870602269586],[80.10305583153958,88.6970623118999],[80.31852750119401,88.81077814032203],[80.50061154657529,88.77207839042875],[80.58626568707818,88.82923997361551],[80.99241621809688,88.73492953492071],[81.15605501450227,88.5377725495016],[80.96212058717657,88.41592123981357],[81.02090386245287,88.29746268644702],[80.79920060398494,88.15601154922001],[80.91335148574368,87.91860869045175],[80.64368987777434,87.96032393955447],[80.74894333351645,87.76021119211228],[80.53222849879423,87.72918554610298],[80.61306497554614,87.56687179703191],[81.06196735828199,87.38806468897286],[81.27197967450772,87.22218078067678],[81.23024975948631,87.14818794621333],[81.42697951434285,87.03908828546597],[81.75219180666942,86.76148902954867],[81.56925521985583,86.76728606444966],[81.59334403728211,86.63735714517519],[81.92962278879976,86.34516931315775],[81.81516894990861,86.36871827136342],[81.75007205284969,86.06845112146355],[81.89961095358372,85.98063937830287],[81.78246919481938,85.86433057019694],[81.56587529188582,85.99078619170808],[81.32425253657946,85.61731278378144],[81.092933143157,85.72689411612757],[80.71291991798975,85.72302685906983],[79.96620464053552,86.0882491667061],[79.73884868109644,86.403996219439],[79.19318311823827,86.45009777803455],[79.52000403322673,86.09366367056857],[78.80666349637099,85.89153405274882],[79.4821767692218,85.38718618329001],[78.9726254283369,85.07811483066652],[78.59499432648066,85.146395197427],[78.90936568459757,84.73994263640964],[79.54042720154412,84.52080118852041],[79.57189503403416,84.29542183725472],[80.27501779407623,84.17813004912816],[80.51009710986825,83.83164045640716],[80.84021295719937,83.90017174065937],[81.09695897604811,83.70792919873963],[80.78206027182148,83.57052110036462],[80.5922617275616,83.1476207383605],[80.36737709021914,83.1218313128922],[79.74343244217259,82.92978741756798],[79.80438732611879,83.19999228486083],[79.57788169103095,83.44116659565634],[79.31465063859287,83.6404268706509],[79.05864177208338,83.22286973033135],[79.16904008272948,82.87675939212266],[78.78390450207576,82.59538624125781],[78.58953547758856,82.8996825770659],[78.75439136627594,82.98147371575385],[77.59289736567746,83.44297558817559],[77.39062326639689,82.77043822269174],[77.74492209124985,82.66589369961248],[76.63684739097316,82.05949504910065],[76.315707652895,82.36682501784321],[76.51613743298316,82.64523854357469],[76.71092136706226,83.04149451810429],[76.47017905527262,83.78001433762964],[75.7748524501975,83.45433173369516],[75.13289813158987,83.60016062933302],[75.27482001718101,84.21422566681089],[75.34774646107445,84.93775889879353],[74.66330844465205,84.63418727094425],[74.26674128127338,84.77775223759258],[74.56774645793314,85.32450808028013],[73.96781796573039,85.18874232553861],[74.08617855961003,85.52891020018973],[74.47495255510921,85.81890210273768],[74.33871502866069,85.88806226626136],[74.05107359917625,85.6471126842535],[73.76552524432047,85.89056348588232],[73.45541062624312,85.61803276885107],[72.90856799515352,85.4749442244191],[72.57485040322055,85.89164196519239],[73.18220233332556,86.3891261832973],[72.84041240986497,86.27599496569414],[72.83457692627319,86.49895135097906],[73.14188744372872,86.63481596266655],[73.33616109437932,86.92194506184407],[73.09148357998771,87.17623208185921],[72.1552316843437,87.09793100952564],[72.37314788228144,87.2475453932761],[71.86742864772421,87.17116604186053],[71.61174450396612,86.86984630188269],[71.04490914467692,86.65775371867169]]]]}},{"type":"Feature","properties":{"CC_1":null,"COUNTRY":"Vietnam","ENGTYPE_1":"Province","HASC_1":"VN.BP","ID_0":"VNM","ID_1":"VNM.10_1","ISO_1":null,"NAME_1":"Bình Phước","NL_NAME_1":null,"TYPE_1":"Tỉnh","VARNAME_1":"Binh Phuoc"},"geometry":{"type":"MultiPolygon","coordinates":[[[[73.56865616873117,89.49573917619816],[73.7055462470014,89.64015087499885],[74.02172075137872,89.6975497881788],[74.5037297530923,89.69907351171275],[74.69589713410679,89.78767326503765],[74.7115817767269,89.91445721166826],[74.48184415251293,89.9528284876122],[74.33307546365799,90.21010072592381],[74.39034531997846,90.32134129371056],[74.17268854533157,90.37898215963511],[73.7341425426043,90.66668908073206],[74.13790810600972,91.01013226981236],[73.96767901687808,91.06063042979177],[74.04564949727533,91.21212987159856],[74.25840471335287,91.21091250964093],[74.34279054682548,91.2555993709531],[73.40701545454411,91.72208578437687],[73.69498341993108,91.75731766533096],[73.82594639105398,91.84107081356612],[73.9838831783878,91.86520047494133],[74.22006758370364,91.80092729500348],[74.5484265515951,91.80706696997541],[74.81259146924933,91.89352104111464],[75.1023454524148,91.90335178056625],[75.12266617117481,91.86334726854926],[76.46134393468998,91.93848686246113],[76.58569263460672,91.86146223136438],[76.6060109981255,91.92793415070255],[76.88029397549894,91.85957688929594],[76.73086726558986,91.94547414927877],[76.7600122604756,91.98548379372994],[77.06941406142758,91.9091502457106],[77.18266218512173,91.8323487722731],[77.65216458187142,91.82569163292014],[77.96579230045822,92.04118368552494],[77.91260972772012,92.0539093719167],[78.36548899148951,92.41816159804014],[78.76347560443459,92.43714210678154],[78.87319091997617,92.38822210682497],[78.96148373802038,92.41194167611036],[79.11147838600746,92.37316057301976],[79.26291390453882,92.42110000134076],[79.73383285971204,92.38967808479254],[80.4947697980235,92.61799756837279],[80.47119297920986,92.65410755745556],[80.61765911289014,92.71059757655425],[80.65228516047088,92.78159173277213],[80.53586721971456,92.78401709100939],[80.71976883563755,92.83795021823401],[80.71502492111415,92.87361485073603],[80.76008017178299,92.84190298111227],[80.97972659259504,92.9449232817326],[81.02068969815917,93.07626972774604],[81.21838171108651,93.12821928445044],[81.22595934102958,93.17231868776301],[81.09496886137543,93.20402802033844],[81.13258792720552,93.26987130721096],[81.34250524573444,93.26022331605373],[81.45667886661131,93.5105202946141],[81.73676960025551,93.65372209577093],[81.6794080941542,93.66984970027022],[81.8071107778474,93.94277375881317],[82.10072328116303,94.04991894567797],[82.1524906116715,94.12985806704467],[82.32714180028118,94.17802721443199],[82.73528581132209,93.60088472596756],[82.89474433859509,93.26342174608256],[82.82154852983105,93.19982825130798],[82.91639657131881,93.13179782515031],[83.05367080833827,93.12610188908714],[82.97993902329978,92.9216229264165],[83.1190704437883,92.47972836475437],[83.20344498183267,92.5392322668792],[83.22521067817794,92.43566180976843],[83.63736396462517,92.30308754811486],[83.7150588448925,92.32488308401187],[84.24124353626983,92.15141958842578],[84.55916725324647,91.84448238842404],[84.66546534826213,91.59441767485005],[84.90277463205004,91.45472335069965],[85.25538099677568,91.04925127805069],[85.45428442158607,90.96867429411641],[85.50269435157972,90.87214552810028],[85.37996086248008,90.71339287520497],[85.43998870469458,90.66531063398513],[85.34967052561554,90.64742450312495],[85.3340897602552,90.57876999377629],[85.40620793128144,90.51286160717568],[85.37415292314064,90.44758562151137],[85.3193315849282,90.49106152450517],[85.076797171188,90.4644219827192],[85.0674524517645,90.41192410292157],[84.55120680754014,90.40678917275577],[84.40755577370787,90.35013386376755],[84.40146595481175,90.15111243355122],[84.48569874510582,90.10108887657763],[84.27470359680443,89.93427685768518],[84.37051929673973,89.86885591640399],[84.32376599006683,89.82620771311866],[84.86324750956281,89.52899779937572],[84.94117567709903,89.4034635631061],[84.8470425944671,89.34204921944436],[85.05928263710518,89.19267167966467],[84.93164348445762,89.2228959574386],[85.09568234085387,89.0629037537206],[85.30600078218961,89.00565467854682],[85.34167460117003,88.94858239538779],[84.54994850274997,89.07669236264903],[82.85250033144597,89.18512150821977],[82.77699269721128,89.11116987073524],[82.50370446177796,89.13428888325893],[82.52326044582416,89.08802427521209],[82.2632701117711,89.01865577657384],[82.30879505129522,88.88466897870276],[82.4114763386842,88.82137482838715],[82.24214331404067,88.70197025805103],[82.30664825804112,88.59201247032061],[82.06282887957309,88.61679139855055],[82.09985816759072,88.53973314841897],[81.82413214577547,88.54307769606157],[81.86619294029968,88.48607047054404],[81.66449202394165,88.42731004111147],[81.47770794595789,88.4972753992422],[81.5704025625593,88.41175365751677],[81.47873579773345,88.36104234733835],[81.36366186605993,88.4121112170672],[81.19500196574681,88.31589281869977],[80.96212058717657,88.41592123981357],[81.15605501450227,88.5377725495016],[80.99241621809688,88.73492953492071],[80.58626568707818,88.82923997361551],[80.50061154657529,88.77207839042875],[80.31852750119401,88.81077814032203],[80.10305583153958,88.6970623118999],[80.15391568024246,88.59870602269586],[79.95902726225466,88.69669367133004],[80.0416415417279,88.8939923291155],[79.97520433761642,89.0550762131748],[79.62479077768074,89.17036497297715],[79.14893240455066,89.21641626920565],[79.14354237575284,89.28838018900007],[78.9847848890187,89.28714352737495],[78.91425837247753,89.38026991943923],[79.09834240364864,89.39043398244571],[79.37681497855347,89.50680341608088],[79.21647304276703,89.60809224516737],[78.67551574284757,89.55279258707444],[78.72763972000838,89.47179669769524],[78.54536415181803,89.40275690565673],[78.32292792874834,89.39532573504809],[78.30467741551888,89.36467939030791],[78.18919843346201,89.36031831035777],[77.95656700650045,89.26548033508027],[77.8581062046085,89.28800561547041],[77.68406257627204,89.26005940440331],[77.50031156565181,89.27846698438012],[77.56876474632931,89.2230040684743],[77.47034292719209,89.11518551885227],[76.58291686440704,89.14254243379841],[76.54488947592462,89.22685433925089],[75.63217845007686,89.12802352882372],[75.26656732029228,89.17117252000658],[75.41818297491814,89.22760299140627],[75.31926685706874,89.29016609157276],[75.88467442853191,89.43096259083133],[75.62230053745793,89.51018409438502],[75.42751586363435,89.44371019088567],[74.53971366916139,89.52125930059864],[73.56865616873117,89.49573917619816]]]]}},{"type":"Feature","properties":{"CC_1":null,"COUNTRY":"Vietnam","ENGTYPE_1":"Province","HASC_1":"VN.BU","ID_0":"VNM","ID_1":"VNM.11_1","ISO_1":null,"NAME_1":"Bình Thuận","NL_NAME_1":null,"TYPE_1":"Tỉnh","VARNAME_1":"Binh Thuan"},"geometry":{"type":"MultiPolygon","coordinates":[[[[90.47647662407968,75.82474592198443],[90.44919805400717,76.54360891834861],[90.37079854484702,76.94365206917045],[90.40297438987793,76.8724218220654],[90.09152181972686,78.20537679383195],[90.11893406967862,78.57937712446945],[90.00072115951984,79.0854236837668],[89.7687279587397,79.50634770368268],[89.73058901770254,79.97588386408302],[90.04992953387044,80.42577026571364],[90.15846069782681,81.10602713351902],[89.96819825098376,81.6153828644825],[89.82946152426976,82.68007037938924],[89.35809102421722,83.46328669244127],[88.9996324094944,83.65413474333752],[88.78533317589235,83.50548087247154],[88.4191538331581,83.69040635375264],[87.79007413030375,83.8655335406927],[87.99421368167825,83.8841402795314],[88.02200558527935,84.06294910366975],[87.94365813471323,84.14993971589166],[88.02400997520901,84.32715594632059],[88.09474830035947,84.2735762728427],[88.07230217456427,84.59151658686726],[87.75392818929296,84.84894870746498],[87.90857647272543,85.03055396289378],[87.81100888100967,85.31029463851833],[87.88783077124833,85.3315122541241],[87.81452495797018,85.57429671383365],[87.90155572673791,85.58072850408064],[87.81804591025278,85.63559978106277],[87.86072554146952,85.74561395753562],[87.95603159208508,85.6950853963336],[87.83330010138499,85.88334389455684],[87.92138779755379,85.8188784420502],[88.04904152050037,85.94095576233836],[87.82892736710613,86.20953489912984],[87.80527113483903,86.33409376985567],[87.68775811247612,86.46619599425462],[87.78496256415912,86.53972116364773],[87.66011415286697,86.88192641796691],[87.88959997907894,86.96620635357661],[88.26171331707576,86.72274395442328],[88.5656341171167,86.60507337168173],[88.79847425122674,86.58641106841709],[89.24342696989005,86.4460967915551],[89.47603577170285,86.56831633123147],[89.43351435599158,86.7514311633707],[89.51362567869788,86.7062060164857],[89.5426122702242,86.77159077820266],[90.09174982419972,86.77931161918066],[90.88335003524125,86.66845510496549],[91.26803048869374,86.53690545643099],[91.33000273094093,86.4399422412715],[91.4504468131574,86.4212058178262],[91.8253629720503,86.13294578140713],[92.0855886533824,85.30373178713619],[92.05591975363399,85.2706139289553],[92.08572257668419,85.08889133646628],[92.14539322122674,85.09333289216923],[92.10890926185108,85.31799692642153],[92.24090139654807,85.46964286357695],[92.31906543018724,85.40652248368025],[92.3625642774075,85.62173693671714],[92.42047386745202,85.4926381513669],[92.44211656753914,85.5565634984964],[92.74598797617703,85.57442883006826],[92.7774747007771,85.6889960041334],[93.05792153554795,85.89148140458711],[93.15169199378744,86.15353223083933],[93.29115807594589,86.25801822464474],[93.09108601233714,86.60340981485396],[93.04942077909092,86.55603993783436],[92.90552303644589,86.89084426264665],[92.96961268890284,86.98031668943588],[92.9190421301202,87.06678593828411],[92.97790417175634,87.19200167560226],[93.07771168429649,87.15550675257302],[93.22476607157121,87.22932616712572],[93.24803354121234,87.16348479397513],[93.32556309172497,87.16939638915574],[93.42213611083045,86.94940969228261],[93.54997099827531,86.93871114217056],[93.57043507724313,87.05161299498872],[93.66460126039394,86.96510123875926],[93.76322345003373,87.00324915942058],[93.87957072124942,86.85026546026876],[94.23002402597103,86.84260858254595],[94.51762726530526,86.52690150436806],[94.59132504058474,86.57401315147885],[94.6278169202545,86.83314945793457],[94.67939386226708,86.85800673283293],[95.03165961133979,86.67280546715983],[95.41167382913744,85.86732126421177],[95.64815416180815,85.65762504515584],[95.71762365662696,85.69112455457143],[95.98275929510122,85.59045512285951],[96.03834314659557,85.04854700004941],[96.369601164633,84.76600811912286],[96.99944486944624,84.52133615268448],[97.03926964476473,84.40735647509916],[97.2603407686788,84.22839502128974],[97.36687928485833,84.23397140312736],[97.38248962240118,84.09086878015398],[97.27492909558849,84.06712447906142],[97.14682165371545,84.11591634416969],[96.93464364182823,84.02531309999894],[96.51883228313363,84.04792782159035],[96.45407013953994,83.83287295708708],[96.23579034477795,83.79683857381227],[96.18735196366275,82.89965688136252],[96.06667000848707,82.76259692665829],[95.99267681275641,82.96102438781496],[95.74043253287019,83.19432880851525],[95.480816853861,83.22856464837498],[95.45811186359022,83.1640535718349],[95.31044156858384,83.31380836035889],[95.20086449970233,83.31591000493356],[95.10433021334552,83.19736114576321],[94.8900538924958,83.19127353784779],[94.8069953227632,83.00570658021988],[94.75463071581063,82.22447507990873],[94.68009787833742,82.15474534826846],[94.59755624828617,82.3032480064571],[94.50285767771703,82.31455704968764],[94.45852193570772,82.17438666509594],[94.41578135423816,82.27095473846487],[94.22555591254742,82.39708220412024],[94.15472946951685,82.27579260035574],[94.1295424216558,81.43949659403009],[94.05193241769922,81.63197243606665],[93.98071255794096,81.63846296786454],[93.92795221867047,81.37417983178287],[93.9316185591502,80.9624931052706],[93.85227137081984,81.04541542695064],[93.83006176955342,81.43482550996367],[93.49439655245612,81.90587922606608],[93.31480643292997,81.73602692306746],[93.02562988115761,81.82569528488038],[92.74318755751669,81.7408894283461],[92.53841088228663,80.52643080227817],[92.51621486145582,78.82886727860071],[92.46257720142513,78.19905079542265],[92.36684396596496,78.36222214261626],[92.32746896260117,78.28348166098856],[92.17728957288507,78.61760297202244],[91.99725286734419,78.8037858708321],[91.68591461969935,78.5733251653212],[91.54019870732759,77.77141384677067],[91.35475227165372,77.50404930210853],[91.23996031357095,77.56145955997631],[90.97821638889909,76.97178847356307],[90.47647662407968,75.82474592198443]]],[[[92.45918740074998,78.16230656267982],[92.4738613147229,78.11418980721228],[92.45747658082352,78.12898926470446],[92.45918740074998,78.16230656267982]]],[[[100.11118581173048,72.99747313222639],[100.06858301348174,72.88020412583207],[100.05672879678366,73.01933506691566],[100.11118581173048,72.99747313222639]]],[[[99.98442254288062,73.36547202084473],[100.06035493051567,73.20341920919228],[99.90293883107778,73.16421370097838],[99.6946869130364,73.32776382405207],[99.52452792872649,73.81164534190847],[99.58655119521947,73.9097329546881],[99.79528900267468,73.87008485651023],[99.98442254288062,73.36547202084473]]],[[[97.01511095489141,83.13949844629113],[97.12144524575037,83.14268937781148],[97.09831258752345,83.05889807021143],[97.01511095489141,83.13949844629113]]]]}},{"type":"Feature","properties":{"CC_1":null,"COUNTRY":"Vietnam","ENGTYPE_1":"Province","HASC_1":"VN.CM","ID_0":"VNM","ID_1":"VNM.13_1","ISO_1":null,"NAME_1":"Cà Mau","NL_NAME_1":null,"TYPE_1":"Tỉnh","VARNAME_1":"Ca Mau"},"geometry":{"type":"MultiPolygon","coordinates":[[[[50.739875390669596,43.050479828008626],[50.775891498592905,43.03067643769825],[50.708128834316405,42.969906590805955],[50.739875390669596,43.050479828008626]]],[[[50.546146194128255,43.31431853306786],[50.615011078712385,43.44424938623193],[50.66853409182958,43.33550981455959],[50.596198617080645,43.28887089993215],[50.6146230960925,43.15421581670989],[50.47566015746318,43.138152844204285],[50.438304570905125,43.20921838704881],[50.546146194128255,43.31431853306786]]],[[[50.81055644624365,44.75195823361107],[50.59874756351962,44.72110537390243],[50.28910112893556,45.01004317555817],[49.59069678089848,45.44667560918604],[49.510303728122096,45.825448354953174],[49.6629435781132,45.98662304341893],[49.854753625085245,45.75048942101637],[50.23700091083339,45.864482254473046],[50.084416183735904,46.39816189766303],[50.21682034754927,46.741320306739496],[50.81799157264749,46.787719619431414],[51.129180459176006,47.247989527664714],[51.13368929413604,47.416764478051896],[51.08606460870296,47.352214753002116],[50.35810218780128,47.21716612778303],[50.09710007803007,47.674711246929256],[50.19765280285442,48.70034516607544],[49.73331051677718,51.963756507804376],[49.7563619583766,52.74485619119742],[49.51052750760455,56.02250679768301],[49.59506842892592,55.99214654407223],[49.9196075767741,55.51767177266261],[50.12445680071546,56.255500128332386],[50.39912500408988,55.873805193133315],[50.512190607245984,56.119795330000436],[50.79296174453688,55.88884161182356],[50.83277236547744,56.08818696319476],[51.64256977213779,55.12723872609031],[52.51091118844928,54.26468636108115],[53.474643836863294,53.41083885027379],[53.89386285843569,53.14037750093834],[53.42831361973812,52.650369832706374],[53.49901474907399,52.46369554627914],[54.05360407682686,51.83239132146204],[53.45146660085059,51.36825595256377],[53.586872737666695,51.05035590951532],[53.60407892882043,51.09516948576317],[53.84770793502465,50.73290114033569],[54.0266324084532,50.697787928918416],[54.09966544452817,50.485766159369305],[53.94310504272708,50.492238023561754],[53.92135354050811,50.29430305925924],[53.820026922563095,50.25114037823517],[53.79571035427489,49.86875927026723],[53.915911054351,49.73543009736597],[54.022214767249935,49.74175073186387],[54.170676519058844,49.59352195117019],[54.40194600792295,49.59695008787105],[54.920762605232355,49.17989457873177],[55.211350998190696,49.172447642909056],[55.20124291370878,49.105372113348935],[55.5088090900789,48.971690274582684],[55.70961759444702,49.05053405213878],[56.110329106906335,48.6830412485094],[56.08317235501575,48.49534447093141],[55.80146588835162,48.300717240295064],[55.74376774325587,47.89629028205485],[55.12102350818178,46.729873413110035],[54.46130360818945,46.25334459821511],[53.634705969420224,46.092453762251026],[53.14318126187129,45.37923816588407],[53.139643074181606,45.220120260765405],[52.96070305681946,45.020694688016135],[52.00777400206191,44.7962528485132],[51.861065014725284,44.85661306140162],[51.71618181415685,44.77287728831634],[50.81055644624365,44.75195823361107]]],[[[47.62015060769129,49.91487661517662],[47.69018824211087,49.75580469126061],[47.61762762939554,49.83336131790401],[47.62015060769129,49.91487661517662]]]]}},{"type":"Feature","properties":{"CC_1":null,"COUNTRY":"Vietnam","ENGTYPE_1":"City","HASC_1":"VN.CN","ID_0":"VNM","ID_1":"VNM.12_1","ISO_1":null,"NAME_1":"Cần Thơ","NL_NAME_1":null,"TYPE_1":"Thành phố","VARNAME_1":"Can Tho"},"geometry":{"type":"MultiPolygon","coordinates":[[[[56.02697003636679,58.871623862475644],[55.02615074821146,59.717291161119725],[54.64920439076454,60.1474907386217],[54.315400502193896,60.62337716424767],[53.339040406467085,61.62398337404987],[53.12880703575307,61.930248468506534],[53.08394665679277,62.268201802400796],[52.56507776537869,63.06220712785299],[52.47722750473069,62.96263186321412],[52.36553598198989,63.11967923090636],[52.29790947008463,63.040806172910294],[51.517263372158155,63.85548725900709],[51.25422390073332,64.20543205301168],[51.33845426972325,64.33347985681081],[51.79313407485341,64.93443269966018],[51.87033285565001,64.80696153235539],[51.99201513753156,64.94596718519658],[52.4370841363488,65.73034923822453],[52.49091137374377,65.54348059916418],[52.5959427656943,65.68902883739096],[52.88347847419529,64.7988106375665],[54.8015337504207,66.13031053084609],[54.65373491642753,66.938018768743],[55.723787659466524,67.45445500814827],[56.12325118968933,67.97988114307513],[56.67323543021348,66.94333675786358],[57.09767816862396,66.38190462574653],[57.5461797405333,65.6510689894582],[57.857822626777235,64.30388668448327],[58.09759422281563,63.89762522793555],[58.8722406770542,62.9697271367756],[60.34878342019934,61.73459651859811],[60.554338066448636,61.46614571476142],[60.907693585247635,60.37809199968023],[61.323061543606414,59.29757589716654],[61.13058302908245,59.06602788635675],[60.960845909946045,58.96069921704706],[60.36326684797364,58.91091632714626],[59.99957753374095,59.14686731021334],[59.555601309479584,59.332596658841055],[59.302037293910004,59.09090768816246],[58.56771701892223,58.90629570834835],[58.363613617088006,59.07803831145538],[58.64497706938799,59.24706736320161],[58.18112052675889,59.45951698875576],[58.13797937308978,59.30405704436278],[57.65072093944002,59.083993210510215],[56.98127369409109,59.67208511701013],[57.0347669692961,59.747466674608695],[56.815326986627085,59.84357213601437],[56.720094069040144,59.69439245156939],[56.59581063803476,59.74566407796581],[56.362699534229584,59.39643039837853],[56.45229114714439,59.36194313289856],[56.02697003636679,58.871623862475644]]]]}},{"type":"Feature","properties":{"CC_1":null,"COUNTRY":"Vietnam","ENGTYPE_1":"Province","HASC_1":"VN.CB","ID_0":"VNM","ID_1":"VNM.14_1","ISO_1":null,"NAME_1":"Cao Bằng","NL_NAME_1":null,"TYPE_1":"Tỉnh","VARNAME_1":"Cao Bang"},"geometry":{"type":"MultiPolygon","coordinates":[[[[61.728923666472795,207.85973067585323],[61.561624670093764,207.91229732576514],[60.82116417216106,208.00457711532437],[60.768354131783425,208.08619410551142],[61.10504435643307,208.08068138826027],[61.15854976791074,208.1404925513495],[60.95533863418039,208.1821189408694],[60.94292585180344,208.2311583409638],[60.70228109235371,208.28060843170692],[60.818327173523954,208.29533410983288],[60.44715972362543,208.35771877074308],[59.991634131930546,208.38710103911282],[59.08506549535548,208.4377515957561],[58.72192282768185,208.42432272572813],[58.11052694439677,208.49716494657415],[58.130815488001815,208.51011644539022],[57.87876151540907,208.5178831837323],[57.773254309727854,208.5658089893813],[57.61145793164857,208.5823542352093],[57.73049570811382,208.60222268519522],[57.51066742511972,208.63646662369774],[57.565936608761994,208.6690786917057],[57.37765789065237,208.7218453687352],[57.87919677830698,208.83557320979878],[57.693271691855934,208.88850178312225],[57.767337345729416,208.90730518813095],[57.633730845079064,208.96078942649962],[57.26459388892,208.91134489868745],[56.972106219782816,208.92835957981958],[56.792369035461554,208.86729726784984],[56.34872026052123,208.84447660491483],[56.347531001269765,208.81363918511846],[56.01075800370469,208.78808514062226],[55.65911958910669,208.69447700197523],[55.38051981329828,208.65270996760736],[55.35639667570848,208.71420425003524],[55.510203187292994,208.79205459529493],[55.36857769101739,208.77685586287765],[55.34560164571961,208.8716606219642],[55.1762475076197,208.840313842887],[54.6856454725373,208.85691973688068],[54.41690805995394,208.79321743190204],[54.39086518215421,208.823828428983],[53.81913780536083,208.76404428821854],[53.847055155101394,208.80943600582344],[54.13501032521674,208.87582674196213],[54.1975450232962,208.98265867292673],[54.35781087742836,209.05127321917934],[54.422921556301375,209.16555829690122],[54.66015078065742,209.2760216906234],[54.69173510987676,209.59864341518067],[54.806159067010846,209.7150473541646],[55.18416955423189,209.8701738230125],[55.42080671964555,209.8842396388268],[55.79031573335874,209.99400726775667],[56.31443153555044,210.79684343845204],[56.495118211504945,210.81806257160935],[56.60993448763186,210.88958107704724],[56.52789315637029,210.65269298167885],[56.609528667950755,210.54674615133425],[56.76136552544814,210.54030380373428],[56.9085556971653,210.60629276845341],[56.996291453555784,210.55004457055514],[57.27254055859374,210.67395487117273],[57.50327182614093,210.52789196451909],[57.839956924480234,210.52723429952846],[57.84118810619021,210.60038198642198],[57.98682681495197,210.45981147812893],[57.952902956335926,210.3754180980542],[58.05486207364804,210.28825686354935],[58.38857571702892,210.21221039768812],[58.57680014433847,209.9545310742835],[58.72907277583875,210.00546913013588],[58.87535353913242,209.83802299474408],[58.835731040621624,209.78472363471855],[58.96257178991388,209.7690380415635],[58.87577132408295,209.7193223564293],[58.9101662310856,209.5860973289179],[59.059547177093684,209.48320434561955],[59.02941553729521,209.40207152366057],[59.14783370542174,209.38964705745002],[59.244670091874646,209.53332988203118],[59.57486681057968,209.56676488402928],[59.9217754754839,209.4727529870513],[59.96203812281958,209.55247796264143],[60.40853341192266,209.42721124232224],[60.56796175019524,209.62903457432364],[60.52811718217137,209.81860598208613],[61.23558530729308,209.72291482260903],[61.49784308951759,209.77523477728306],[61.63886415653194,209.65457947442988],[62.1600388817155,209.69731219044695],[62.37069880651446,209.5770049148114],[62.767569503275666,209.56490387674074],[62.99210657049406,209.26403389004855],[63.113586005427194,209.21959826347555],[63.07769208451954,209.12343818587345],[63.267902625477504,208.90755034541428],[63.3708412819425,208.85863273851837],[63.17671008284664,208.8366048630827],[63.30863890443857,208.7888624718214],[63.25936022905426,208.78227679501904],[63.829845389995675,208.65057566586466],[64.00975234223102,208.6549042524046],[64.18156616686096,208.5799387225246],[64.38964774025189,208.62685015077514],[64.91571070686841,208.5683537853713],[64.88011745438438,208.6065689367225],[65.09506485665277,208.56761296868126],[65.27780046192098,208.61367488260555],[65.40360735211144,208.57520010303975],[65.85163745457508,208.59060075275653],[65.83593632397366,208.6833020569201],[65.98380734181276,208.8305748409908],[66.11311390050611,208.8330217692257],[66.14480885767092,208.76221542996134],[66.26725211494593,208.76969308501432],[66.27218261232959,208.65592633829752],[66.54027772043398,208.55204163197328],[66.77510995243622,208.63736966795602],[66.97985418697878,208.43646592280786],[67.16095308855738,208.37848347064346],[67.13968985129223,208.34335660781878],[67.31506522347357,208.23455298174463],[67.47572988841095,208.25769962430948],[67.52798160067009,208.33222296692014],[68.0447435966036,208.2528422854975],[67.92502433041754,208.18701871873583],[68.60801915726242,207.98526428999068],[68.5712283550013,207.91292447141274],[69.17444714400767,207.93324446260257],[69.3704314027057,207.85296550900946],[69.15913473142307,207.7391400613584],[68.78514215407309,207.73100241715525],[68.80725298613453,207.68019162434956],[68.53437410080504,207.64033421025593],[68.53234340526153,207.5507862930452],[68.6941440764103,207.51381305284062],[68.38773519280801,207.45684885165957],[68.47854209499378,207.4308687739601],[68.44267444889287,207.3971856142474],[68.25156604555438,207.3885364318433],[68.04488314313025,207.32551853004958],[68.12492019077999,207.30533870473755],[67.96861386492861,207.2846749811468],[68.14781259112893,207.235132479754],[67.9166409630807,207.21213773134693],[67.25421536414561,207.31868087734136],[67.02181965689684,207.4312238815946],[66.78902152337855,207.48224309626548],[66.77433951346181,207.43509655895897],[66.68808654695145,207.445819147544],[66.68345336974095,207.39578531029866],[66.5805729297074,207.41612959078222],[66.48254731583077,207.37485042428375],[66.52973475199933,207.27399776807943],[66.23098654561376,207.31714253062225],[66.24164984166354,207.27608567969102],[66.3390570285086,207.24122763596478],[66.26571840349357,207.22015110491947],[65.8875092788581,207.28470082638387],[65.9348948795241,207.26505604775198],[65.42720216380503,207.35215268715055],[65.46507180887686,207.33324476330571],[65.36048589004926,207.34387100692388],[65.43258597331547,207.32650114600398],[65.30859170818883,207.33390633786425],[65.4279204776965,207.30480284960035],[64.66427712786128,207.41981239327825],[64.31246005877368,207.51735290186173],[63.91412335314886,207.5626332748415],[63.628618007916735,207.6302710048885],[63.68047224801164,207.64574006177017],[62.906844387760785,207.8136595465141],[62.2657492498322,207.91334319338065],[61.728923666472795,207.85973067585323]]]]}},{"type":"Feature","properties":{"CC_1":null,"COUNTRY":"Vietnam","ENGTYPE_1":"City","HASC_1":"VN.DA","ID_0":"VNM","ID_1":"VNM.19_1","ISO_1":null,"NAME_1":"Đà Nẵng","NL_NAME_1":null,"TYPE_1":"Thành phố","VARNAME_1":"Da Nang"},"geometry":{"type":"MultiPolygon","coordinates":[[[[82.54826890831193,129.45056018860635],[82.55888427928443,129.8873767455124],[82.80921951674463,130.4219673211676],[82.89237420035695,131.09876873663],[83.02506074005382,131.13530885182624],[83.00614359179359,131.62376707513818],[83.08581331671563,131.8523315347189],[83.4416264775006,132.1805484737652],[83.58097206645793,131.8157820476766],[83.82496303209058,131.60356093520048],[84.22244931118425,132.02486667232512],[84.50309812384842,131.5816974744347],[85.02508132390213,131.19417372826427],[85.51379499805503,131.20042752445755],[85.6241377750656,131.3438548890669],[85.91965561067158,131.2597986587757],[86.46477030845278,131.81175301376578],[86.70323180290782,131.74407329580396],[87.02623503881834,131.92235205606917],[87.03712858731313,131.7092527376119],[86.48858511409853,131.50644056286168],[86.49246812185109,130.9235904147625],[86.29299537319793,130.95007508627526],[86.24945567611425,130.4707180495112],[86.10786432132372,130.49394136658887],[86.06260054599134,130.05562609151553],[86.55138771723958,129.2214823276013],[87.3112888354231,128.86176240098146],[87.38992651943983,129.26697523754837],[87.62358615869456,129.55130387035945],[87.66460424238386,129.83977507321532],[87.68027940169227,129.65308735802608],[87.74504852476767,129.72543479338322],[87.78713264497188,129.4582142814778],[87.8575018077651,129.93670535515392],[87.4613647230413,130.1024492724965],[87.70643968718196,130.48240612300282],[87.68737738073514,130.7185599591501],[88.04582457310852,130.81189980576903],[88.2327735126091,130.46628388697167],[88.42715927592027,130.53367995707987],[88.63901651686325,130.253724835222],[88.75126717638447,130.71559231044102],[89.04022067643592,130.17731203838713],[88.71087044669609,130.01869177205708],[88.64809055479937,129.6462937230712],[88.56040307596984,129.82734486283857],[88.17651468180631,129.59256029393862],[88.10174027529725,129.72459279593178],[87.99888077128476,129.59324983429624],[87.92065575427253,128.86713804268302],[88.20403863352958,127.40587617255129],[88.24948216024876,126.75456471799676],[88.05664049055561,126.58491125837648],[87.88839178657075,126.55989749214221],[87.87404904731724,126.6799256239385],[87.53068803914124,126.40047069330264],[87.13158710594618,126.13917591999008],[87.1232392726571,126.427476614416],[86.88383424604525,126.43007085762936],[86.68680631285648,126.05199261830356],[86.40478741786934,126.2463102027948],[86.2470611551318,125.95613145387637],[86.11748336041991,125.9230773665293],[85.77460273851929,126.17495323691105],[85.46655023379296,125.89870947413343],[85.24871464178273,125.9312359321063],[85.12970625101522,126.0613311681823],[84.65813156314725,126.17883257526573],[84.29725510929016,126.16374141589068],[83.7841135054845,126.72355656769888],[83.76504947947019,126.95706165822709],[83.99865113092267,127.24149920059563],[84.03013172571974,127.71822709256962],[83.7139018377748,128.36071238529178],[83.75438159754218,128.9408111522182],[83.2253826750003,128.5968496838203],[83.14409227016964,128.94236244626052],[82.89076726593048,129.41162911222727],[82.54826890831193,129.45056018860635]]],[[[87.07096937492821,132.01410529571478],[87.11559454819997,132.22476592100253],[87.23806368316426,132.11886525899075],[87.20374857934465,131.9257449661522],[87.07096937492821,132.01410529571478]]]]}},{"type":"Feature","properties":{"CC_1":null,"COUNTRY":"Vietnam","ENGTYPE_1":"Province","HASC_1":"VN.DC","ID_0":"VNM","ID_1":"VNM.15_1","ISO_1":null,"NAME_1":"Đắk Lắk","NL_NAME_1":null,"TYPE_1":"Tỉnh","VARNAME_1":"Dak Lak"},"geometry":{"type":"MultiPolygon","coordinates":[[[[90.70512589880882,93.39236469258618],[90.6876142756135,93.48722990990163],[90.1516685810539,94.17724018413661],[90.02641856742486,94.1744790409611],[89.89086113397359,94.3937729084146],[89.7228115954081,94.40428378366724],[89.66088870078303,94.52582479755023],[89.59255620735247,94.45235838551349],[89.53881557755804,94.52878578785811],[89.35017351251065,94.4489230688921],[89.33819031410948,94.53478609716501],[89.04379104892584,94.73048960947729],[88.92732113573223,94.89062661786276],[88.79755865177452,95.25444019278908],[88.73316017110275,95.25926191689796],[88.75830059709565,95.34116817793834],[88.6796422546814,95.36152361919392],[88.62771697768697,95.50107636187403],[88.70953224479646,95.56580423044603],[88.612117376777,95.62009961894263],[88.65705164023349,95.6063502596693],[88.63651544473346,95.72390820956986],[88.69383591005283,95.68179478322575],[88.6802086343022,95.7627319422958],[88.77912743447732,95.8533065981368],[88.96043843309786,95.82395245205288],[89.07647717294957,95.92501508364397],[89.14618511464607,96.2155257073601],[89.03930409073887,96.35980328756445],[88.93896192244897,96.39062258640767],[88.87261608432067,96.49886150458585],[88.59475238220271,96.65000082590473],[88.35047763805709,96.63054886358896],[88.14284586212023,96.74729435606073],[88.18035248266878,96.86562608702239],[88.13838234617334,96.92328554203249],[88.23177755584791,97.0560056105098],[88.40609266003486,97.12479736184592],[88.31410812823387,97.41271422580549],[88.25109544553452,97.44358446822275],[88.18354243338695,97.71317676453054],[88.04211759528962,97.78365999272339],[88.09770315640345,97.85307082365624],[87.98182130963752,98.02965601722391],[88.01057979557773,98.20676031034058],[87.86799671042169,98.42960376451154],[87.94344346786586,98.7059245412926],[87.92026595081998,98.79165497026288],[87.66781601570365,98.96678662649708],[87.56000010251894,99.31516066262724],[87.60548560919467,99.52619685931691],[87.49595363212332,99.69263709115405],[87.32602732230669,99.58022514373391],[87.18734223820452,99.32441319484833],[86.67704168390834,99.30835469613324],[86.16845167726329,99.45256093262302],[86.0400370580538,99.40883419183402],[85.97664303897065,99.49503481206],[85.78516107849744,99.3803654532887],[85.7308559128289,99.46166737475107],[85.64767056592464,99.36511083543522],[85.42371148085856,99.34732001246618],[85.30390679293015,99.75654170240195],[85.19312950439998,99.82230984287446],[85.16169422200588,99.96815353925705],[85.09226566738745,100.01453250018396],[85.10449271426415,100.14552781523994],[85.02616546608594,100.23790576450345],[84.99247859820191,100.45148684890938],[85.0652288099546,100.66462276207662],[85.00677807152375,100.75018439036779],[85.0319599338509,100.82303418061986],[84.96765401021801,100.9525601829904],[84.98825748580794,101.24745611849575],[85.0946844109181,101.30793960887442],[85.03251996266404,101.60248420127822],[85.03519731328393,101.97182218849696],[85.24075502354437,102.81274841715572],[85.46038599637058,104.03701031954847],[85.59990400890555,104.79553319360016],[85.74151221522446,105.01479104218254],[85.80053717925986,104.99021444851724],[85.76531066072138,105.13211062644396],[85.86867759205028,105.1966250541917],[85.94518951715072,105.3916758548805],[86.30293925036904,105.34924809328717],[86.35196226098239,105.4078915510272],[86.38467855431524,105.35187769912457],[86.54256469851751,105.49445156689046],[86.51052204434131,105.59487376172825],[86.7126903006959,105.65754315490443],[86.82283313429755,105.57144647491728],[86.95603844214239,105.61186109286957],[87.04400242290096,105.54475179680267],[87.16438439743403,105.57548802615068],[87.39347140306995,105.41112657994624],[87.39199775299875,105.49987156436339],[87.57787065448706,105.43490607249656],[87.54870107646494,105.49396815943155],[87.64865429139867,105.46497145391132],[87.75607942262387,105.36280901832193],[87.93395645530465,105.4984668336694],[88.01610070976777,105.47279570949122],[88.07258965793392,105.38103373937102],[88.2496494543222,105.43559189935124],[88.572593577004,105.1578889085396],[88.71205432831911,104.94064026465847],[88.89258184984114,104.76696453873073],[88.92795150443177,104.66863459744914],[89.05076888952584,104.6376356501002],[89.0844022052975,104.57038038057824],[89.1904387423117,104.54131723030416],[89.36587314478973,104.2471273748217],[89.69447596448346,103.9409194489501],[89.78457723036729,103.6736055280474],[89.9172941554773,103.50750998933869],[89.99667010073523,103.169676970961],[90.18450884170439,102.99005226589426],[90.21453821977406,103.01872603566193],[90.3946872745989,102.65188966205878],[90.36968303147194,102.62258297073807],[90.62339584628987,102.18830201930467],[90.84818969887714,101.97924865799138],[90.9134578141291,101.78595776219024],[90.94926439083979,101.77268457341745],[90.90240386713297,101.68022546382348],[90.98299533026368,101.5684057623196],[91.19302915405011,101.41222180207502],[91.18492369247988,101.35615925119384],[91.48904842686883,100.9689307839199],[91.48405920213493,100.75025181259484],[91.8958342641174,100.48633663410554],[92.02717301471364,100.53359574597917],[92.23109346280407,100.32962734175716],[92.43164719630742,100.3209904534613],[92.56544510668323,100.22874000232324],[92.6052641372937,100.26157263289507],[92.68632287904327,100.19987327995696],[92.74250568713873,100.11134694181928],[92.98584249775867,99.95873567870339],[93.0609154576627,99.77655620074233],[93.12368542911304,99.82247076236341],[93.35936092564532,99.66051899954259],[93.62532422034027,99.23087331441363],[93.83679208581695,99.00439293091853],[94.12739468550564,98.9657763232972],[94.51237352052968,98.74468650964342],[94.55350217621809,98.61479833042763],[94.78757262076307,98.4506042415947],[94.89685181907085,98.41997702173799],[95.71403161043601,98.39313343139182],[96.0059587136266,98.45261488846329],[96.04445675477204,98.26051522625968],[96.22267929919298,98.17597500068136],[96.30223552927976,97.96854125219039],[96.23771741835965,97.90254034077151],[96.38351847842102,97.70973159816646],[96.3712481423954,97.58962699264292],[96.31254551919322,97.58586919282138],[96.37628204263831,97.47592373141153],[96.26916569495518,97.42579301511621],[95.85574745394811,97.57445673750635],[95.47294810576611,97.46652438986942],[95.6214587414016,97.33328172199705],[95.62332468557078,97.17249535140989],[95.48394718808476,97.0555790548219],[95.29365940410176,97.07925894681811],[95.17466413061396,96.93032876733727],[95.20513301569827,96.84103443463108],[95.52511790801157,96.68681393617632],[95.60134851941959,96.53933146197741],[95.39432270436377,96.12498882508909],[95.46649284078062,96.0180193075083],[95.29460865716528,95.7812629622568],[95.51363119508788,95.60376024278067],[95.45632161919524,95.28648963595491],[95.11838130963447,95.4605031459434],[94.79608410519636,95.72980980482977],[94.71725763748447,95.68411525372653],[94.6056862683795,95.91502028507658],[94.46954066148788,95.99157841365954],[94.30420320892564,95.96995990931235],[94.29413746665314,95.75589207312363],[94.24112786058168,95.72821561457248],[94.09252772805233,95.87817340298893],[94.01916213409297,95.77925681134523],[93.91420668242557,95.27890862281616],[93.98672137969446,95.17120237529402],[93.96669753533041,95.03114862568704],[94.05106654414453,94.87601708077075],[94.11032645620618,94.56226301057605],[94.0719648587598,94.4026294156325],[94.15258653683989,94.08372440855025],[94.13119784754885,94.01426582523287],[94.06839466803258,93.83777459681065],[93.85930827632004,93.85770970512193],[93.8375809712469,93.77227006280239],[93.70875579423371,93.78964981961583],[93.66124697043348,93.92232241628722],[93.59968997789757,93.93748608098412],[93.5298757313912,94.06450724824924],[93.38602400020517,94.14571242660534],[93.34445352053173,94.09476205551498],[93.37561384921119,94.01324363126935],[93.20776019068882,94.01684332576438],[93.01391156429489,94.43007502014854],[92.97677737353017,94.22460446237858],[92.92272368010529,94.34291258261507],[92.95329264442158,94.1879036569223],[92.87916522012874,94.11086993790425],[92.83344632005338,94.18116383025006],[92.85763372988387,93.88046246101709],[92.78094559174849,94.00421116184452],[92.71341048611146,93.86783604256964],[92.5690309665195,93.90315969400989],[92.44028984471493,94.09722980215777],[92.25417164898727,94.10832006595771],[92.31508088374525,93.87924011607603],[92.26115934424037,93.92689566330912],[92.09366060285639,93.65006215751126],[91.9205445418066,93.75332472696982],[91.81024666256081,93.60723410843923],[91.77552284096636,93.39084045651552],[91.83996847434099,93.34381967293555],[91.74975649491707,93.22172510062947],[91.70240064588064,93.35882126571349],[91.6048938383077,93.42481668174077],[91.59719208028362,93.31782018804468],[91.5250471631434,93.4256570355345],[91.48359112944007,93.3153325759062],[91.2893418448063,93.32121171024592],[91.2447527653681,93.41642807275798],[91.17883340121637,93.36970848563868],[91.09775806841432,93.52565093961334],[90.77696072090086,93.30879423767908],[90.70512589880882,93.39236469258618]]]]}},{"type":"Feature","properties":{"CC_1":null,"COUNTRY":"Vietnam","ENGTYPE_1":"Province","HASC_1":"VN.DO","ID_0":"VNM","ID_1":"VNM.16_1","ISO_1":null,"NAME_1":"Đắk Nông","NL_NAME_1":null,"TYPE_1":"Tỉnh","VARNAME_1":"Dak Nong"},"geometry":{"type":"MultiPolygon","coordinates":[[[[85.37415292314064,90.44758562151137],[85.40620793128144,90.51286160717568],[85.3340897602552,90.57876999377629],[85.34967052561554,90.64742450312495],[85.43998870469458,90.66531063398513],[85.37996086248008,90.71339287520497],[85.50269435157972,90.87214552810028],[85.45428442158607,90.96867429411641],[85.25538099677568,91.04925127805069],[84.90277463205004,91.45472335069965],[84.66546534826213,91.59441767485005],[84.55916725324647,91.84448238842404],[84.24124353626983,92.15141958842578],[83.7150588448925,92.32488308401187],[83.63736396462517,92.30308754811486],[83.22521067817794,92.43566180976843],[83.20344498183267,92.5392322668792],[83.1190704437883,92.47972836475437],[82.97993902329978,92.9216229264165],[83.05367080833827,93.12610188908714],[82.91639657131881,93.13179782515031],[82.82154852983105,93.19982825130798],[82.89474433859509,93.26342174608256],[82.73528581132209,93.60088472596756],[82.32714180028118,94.17802721443199],[82.57885391076186,94.23598060855286],[82.95858078145775,94.50255121098013],[83.44176238198305,94.62279324801422],[83.50350844241038,94.55007110672297],[83.83999638507578,94.62980433932154],[84.33253303094992,94.27487151951951],[84.33970948203557,94.16891072844567],[84.65769882758184,93.91072788805943],[84.69609962001408,93.96422765162173],[84.80795557410181,93.93431134782566],[84.82778448658527,94.28806191271426],[85.00128428628003,94.38936581920234],[84.98854183771178,94.47874811210127],[85.57115238843028,94.87694647694748],[85.54536725925759,95.08513454911],[85.61187160440623,95.1580344334644],[85.43520810372561,95.50961364246515],[85.55276559300296,95.85360863434437],[85.49282773473936,95.97641596188694],[85.56802324843505,96.05399825946685],[85.55528128727855,96.19803202328946],[85.37633924184054,96.34419079175161],[85.59592166416235,96.78140228858392],[85.53796492980845,96.86040408362307],[85.54866390696952,97.30367141090015],[85.43921319393209,97.47124936079466],[85.44152505122194,97.77095422824988],[85.54723698762663,98.05888874043286],[85.39040281223703,98.35884378462775],[85.45594070843258,98.59055128606548],[85.40092464799486,98.79732456515475],[85.42371148085856,99.34732001246618],[85.64767056592464,99.36511083543522],[85.7308559128289,99.46166737475107],[85.78516107849744,99.3803654532887],[85.97664303897065,99.49503481206],[86.0400370580538,99.40883419183402],[86.16845167726329,99.45256093262302],[86.67704168390834,99.30835469613324],[87.18734223820452,99.32441319484833],[87.32602732230669,99.58022514373391],[87.49595363212332,99.69263709115405],[87.60548560919467,99.52619685931691],[87.56000010251894,99.31516066262724],[87.66781601570365,98.96678662649708],[87.92026595081998,98.79165497026288],[87.94344346786586,98.7059245412926],[87.86799671042169,98.42960376451154],[88.01057979557773,98.20676031034058],[87.98182130963752,98.02965601722391],[88.09770315640345,97.85307082365624],[88.04211759528962,97.78365999272339],[88.18354243338695,97.71317676453054],[88.25109544553452,97.44358446822275],[88.31410812823387,97.41271422580549],[88.40609266003486,97.12479736184592],[88.23177755584791,97.0560056105098],[88.13838234617334,96.92328554203249],[88.18035248266878,96.86562608702239],[88.14284586212023,96.74729435606073],[88.35047763805709,96.63054886358896],[88.59475238220271,96.65000082590473],[88.87261608432067,96.49886150458585],[88.93896192244897,96.39062258640767],[89.03930409073887,96.35980328756445],[89.14618511464607,96.2155257073601],[89.07647717294957,95.92501508364397],[88.96043843309786,95.82395245205288],[88.77912743447732,95.8533065981368],[88.6802086343022,95.7627319422958],[88.69383591005283,95.68179478322575],[88.63651544473346,95.72390820956986],[88.65705164023349,95.6063502596693],[88.612117376777,95.62009961894263],[88.70953224479646,95.56580423044603],[88.62771697768697,95.50107636187403],[88.6796422546814,95.36152361919392],[88.75830059709565,95.34116817793834],[88.73316017110275,95.25926191689796],[88.79755865177452,95.25444019278908],[88.92732113573223,94.89062661786276],[89.04379104892584,94.73048960947729],[89.33819031410948,94.53478609716501],[89.35017351251065,94.4489230688921],[89.53881557755804,94.52878578785811],[89.59255620735247,94.45235838551349],[89.66088870078303,94.52582479755023],[89.7228115954081,94.40428378366724],[89.89086113397359,94.3937729084146],[90.02641856742486,94.1744790409611],[90.1516685810539,94.17724018413661],[90.6876142756135,93.48722990990163],[90.70512589880882,93.39236469258618],[90.71724903530804,93.20221772104628],[90.7889610601859,93.16507718329224],[90.80337633329927,93.02303330433315],[90.75306391115048,93.05232521689615],[90.70505179247856,92.9072172844507],[90.6441631863172,92.9794161814279],[90.62103404551546,92.87507350616602],[90.41605425300263,92.85474574103364],[90.13470787254741,92.94275485728258],[90.0230662892717,92.85756749987524],[89.98726436477881,92.89822900785899],[90.0176274855273,92.79281215154757],[89.76279830786643,92.6794791984425],[89.76414570405603,92.29325360479393],[89.62030804077835,92.11288120358947],[89.7840547562115,91.97904194694225],[90.0649375763527,91.99709525087258],[90.08763550546747,91.70468765063853],[90.16106877510603,91.71459715068875],[90.31858577636035,91.44809251208564],[90.43268172782626,91.41422585093764],[90.55648528492156,91.25138626111969],[90.54224585513902,91.15400750226486],[90.68358965383347,91.10713935268268],[90.75091502649266,91.1542324184723],[90.90776606325382,91.01897467719292],[90.95314617455603,90.87700769274866],[91.20539888599066,90.79205278837367],[90.92012242114043,90.24966148887171],[90.84871346562258,90.28535157233881],[90.56788392400202,90.10970751812556],[90.54566100079978,90.01972463116219],[90.30018073506514,89.97811934740474],[90.21852711944918,89.90461056467511],[90.03438392546921,90.12466827034311],[89.97088349218669,90.10701286965313],[89.94662235076655,90.15712326265826],[89.80281009242881,89.96654439778821],[89.63223194648482,90.01484695774843],[89.44292896024068,90.14561749848289],[89.5223252250849,90.1617041810537],[89.44894517874104,90.20189344160802],[89.43156750776497,90.2988503232814],[89.506919993857,90.34924967717109],[89.43464184998325,90.487025634334],[88.93732258189911,90.5029978475888],[88.91152780033617,90.54735083606134],[88.788508846941,90.46776134820952],[88.71624436814994,90.50361621773348],[88.4094507925846,90.41429950010163],[88.0440988895353,90.61193636931009],[88.01505015156178,90.58093643234865],[87.97148641219891,90.62550785428463],[88.01860758145355,90.6558115021137],[87.91324698604868,90.77096140692956],[87.9928641301134,90.79711582478362],[87.93578735882289,90.87413284201008],[87.75948404598049,90.94111306091975],[87.70958086729206,90.90593705727795],[87.60227103754443,90.94591830549925],[87.48396868583598,90.92062013056535],[87.55305943539747,90.76008343086968],[87.43232129122623,90.75959527617299],[87.42046699317919,90.68835317964236],[87.18759009948732,90.65768006612075],[87.1641879336399,90.525986817693],[87.09239223641264,90.54988998898386],[86.64218520657367,90.35617376271334],[86.31947591494449,90.52079305995565],[86.12865091265235,90.48680581796705],[86.11911963403506,90.40749046255347],[85.96201588229677,90.31415930177076],[85.7496784788283,90.3911213373882],[85.64853036192238,90.31084551506987],[85.37415292314064,90.44758562151137]]]]}},{"type":"Feature","properties":{"CC_1":null,"COUNTRY":"Vietnam","ENGTYPE_1":"Province","HASC_1":"VN.DB","ID_0":"VNM","ID_1":"VNM.20_1","ISO_1":null,"NAME_1":"Điện Biên","NL_NAME_1":null,"TYPE_1":"Tỉnh","VARNAME_1":"Dien Bien"},"geometry":{"type":"MultiPolygon","coordinates":[[[[27.962627124600562,202.3326732504594],[28.156431257047743,202.1429136240245],[28.27109447414337,201.90194142916775],[28.373472347738115,201.91068048851108],[28.42177250246021,201.8437202797855],[28.775254870580664,201.77010661897984],[28.856617890528774,201.6081612157012],[28.782746177835286,201.60456930310633],[28.75420674613033,201.56142471971668],[29.09391357211741,201.5442106009334],[29.197956785660615,201.49767049402436],[29.448269352149488,201.50816662662902],[29.539305364169977,201.45643527616306],[30.159244887091926,201.33567706631044],[30.232331194778958,201.2824577662833],[30.66160237190431,201.2910658791568],[30.742060041322773,201.36219001999598],[30.909868382224616,201.39323420515143],[31.35343299356724,201.37732454229672],[31.38436739026735,201.25542186265315],[31.636279480190407,201.21558799333033],[32.03042785830583,201.24879389738263],[32.17596220752049,201.3861677405859],[32.05986221829981,201.4622431238961],[31.788555543596118,201.4860977894507],[31.927453252236237,201.5298216869977],[32.08599426914733,201.49483061447376],[32.469044924018235,201.4857657506311],[32.59701952143628,201.43829476680432],[32.60579730889961,201.32992927713215],[32.548778819362255,201.30539014465703],[32.616314420304356,201.1846448548664],[32.90724940919729,201.1154086164952],[32.875601638887474,201.07928716025333],[33.15759213777103,200.9968288139626],[33.385253068187204,200.9784731602637],[33.41450302088933,201.0448889782741],[33.511476573953985,201.03192729661845],[33.584387487225015,201.0864138714797],[33.57219244422103,201.13499615056617],[33.61818206689904,201.008040202698],[33.79625705669299,200.84422317349674],[33.807271991998626,200.93976239546853],[33.86311873561447,200.95618088520948],[33.91291571110103,200.92421754770314],[33.953298253162274,200.97391971584253],[34.04835878991101,200.95895966249208],[34.021306924210236,201.10990031722415],[34.17544613695278,200.9895612486488],[34.21408796522398,201.0351420643955],[34.55732225575579,200.88225656723185],[34.4864204513945,200.99570155471838],[34.48193148541581,201.1179264910886],[34.53007974704912,201.13646076192893],[34.5246781945057,201.17638118585032],[34.617910662380986,201.25570670647159],[34.866486251966485,201.24503657914855],[34.85490763444899,201.22164645159725],[34.91984546329229,201.16152456693902],[34.9971582507608,200.9620105544672],[35.057993084517335,200.90049006591886],[35.14118988682782,200.89581541976],[35.21047774094561,200.80752532039105],[35.1361510825556,200.7306376611808],[35.23125121420231,200.5956047835171],[35.32922614666345,200.55410389755562],[35.36745619558287,200.48531072492],[35.27063082277471,200.40205554839977],[35.25311023319067,200.2587986483292],[35.282619790986494,200.22913783438133],[35.26797867405217,200.18927135447217],[35.31675052670893,200.08719487625828],[35.42766845999011,200.00476870727877],[35.4518554404027,199.8554048897787],[35.502139760730394,199.78715785756626],[35.47759136086236,199.75444658935083],[35.52048915370207,199.66095115644953],[35.49221813477013,199.56470441858974],[35.61696647676896,199.35448159913366],[35.71709276145748,199.05262286042682],[35.70252250587238,199.0160612225402],[35.657729317035034,199.07252274043526],[35.59020392220085,199.04484802084264],[35.510550996947856,198.88651178475308],[35.57173992236064,198.78325820405576],[35.53450921220567,198.6478898075506],[35.54102489455753,198.48051217744427],[35.504192528445905,198.45795442487247],[35.51829475772123,198.279660131242],[35.48007079586584,198.28489706318956],[35.43886818211692,198.21260693803458],[35.37286198439506,198.1964584850432],[35.355047374041185,197.9978629438153],[35.38496310722867,197.81020115611676],[35.368806463506104,197.67940400389193],[35.28878165518178,197.59931126976667],[35.18183029520293,197.659792014975],[35.187202765839444,197.619780487083],[35.09061784632212,197.60959023365658],[35.06208045254264,197.51889638628094],[35.15463819659603,197.22755433189826],[35.225416691815106,197.2000907109036],[35.20333024846646,196.95396612673545],[35.30451198866774,196.85396968172586],[35.35001816631904,196.87163331634497],[35.41134248829167,196.81189272218285],[35.478664731292234,196.60687876182322],[35.48192292007275,196.38538474732786],[35.589413691229126,195.9387414835286],[35.59853375880637,195.72647845140003],[35.54024069774943,195.77273590908575],[35.50058261707973,195.6221577792116],[35.65511292209053,195.16731435686958],[35.74841418754866,195.02642088700213],[35.67739696022729,194.964754714354],[35.558073239420445,194.98774909184613],[35.37598774042934,195.20864308492986],[35.2240146886907,195.20320691252817],[35.225025255590204,194.99782374640165],[35.29805759060375,194.86969225362964],[35.20659057307716,194.83481407230352],[35.22439832619893,194.6622708832121],[35.309935575561155,194.49492758703263],[35.278105540037885,194.25133165040756],[35.37179443618897,193.8906413095234],[35.38852804060703,193.6044755930601],[35.34677941279272,193.5995385705918],[35.30597769387352,193.45681682512458],[35.32095519236369,193.25430959262923],[35.372389887153474,193.13697402574053],[35.347773954901356,192.97956935193932],[35.31304714623924,193.03132848142525],[35.20953792104211,192.84513000882538],[35.11246613838553,192.82650041134696],[35.01885692738341,192.89427768656017],[35.00355999251894,192.8319052750722],[34.90365062942345,192.94651869105388],[34.86513605981855,192.79510813058675],[34.75825943613929,192.80605506121822],[34.71459575082795,192.5922917636061],[34.68011541870237,192.63177172638143],[34.65090208721682,193.0117520645083],[34.594189175499075,193.03012627997873],[34.55730684552048,193.3881872930672],[34.500045970954446,193.47609640752137],[34.311818287068206,194.28176887100986],[34.07633314273053,194.22788767184068],[34.01820713163687,194.3904105320852],[34.01409522066537,194.74936876900946],[33.92930369000286,194.88767122267325],[33.954817704588216,194.96726045245342],[33.87564468267468,195.14661790658164],[33.853000472970464,195.06892361338214],[33.78696860202253,195.12732347093439],[33.835758830550105,195.7063145938091],[33.61404288357589,195.94752059525618],[33.399715896830635,195.85079920385888],[33.34029228245542,196.01822307168715],[33.51496876040684,196.18285993684717],[33.575322020559085,196.3281488598381],[33.82662607525306,196.37378204864675],[33.8454024150453,196.50927253493663],[33.81312206237008,196.63426576522363],[33.869526544047595,197.10406773541624],[33.94990721179036,197.33585740776923],[34.02055694671925,197.78177839711657],[33.96811771661601,197.7452919800549],[33.9346593358693,197.57857058097196],[33.8611594039894,197.4697044075697],[33.77031706997907,197.41978850182701],[33.80498324110685,197.60522133260616],[33.85406209117853,197.6395884208243],[33.86589349864293,197.86312285903372],[33.93328381926885,197.92710203280842],[33.94157106979315,198.07738242170842],[34.10639715162433,198.55933820970225],[34.03353305435339,198.91079001171823],[34.03711814603646,199.09774953268476],[34.00489246635755,199.17113736163108],[34.02522915395188,199.2246218489216],[33.94908246954435,199.43245685141986],[33.92095366230521,199.33934858985046],[33.71370846034134,199.1964886435622],[33.5927702685862,199.28624315895556],[33.597501781036186,199.52441837272033],[33.55123031066217,199.54282205447447],[33.51434820317538,199.92219530237838],[33.46080286319463,199.95837416960188],[33.29770226575668,199.9188014834195],[33.26986894765409,199.84100994915062],[33.401060345193955,199.3671877027673],[33.25414124044774,199.1974140984583],[33.190739234016036,199.1892227228201],[33.056586004871214,199.0029902590986],[32.875761332981575,198.8874412101888],[32.508849813124755,198.8547505048014],[32.39363702167298,198.79908304748113],[32.26425066756631,198.91801347733818],[32.304507175115006,198.95485219625778],[32.07179480794394,199.17149398353314],[32.09475518277581,199.37595772775182],[32.19259646195886,199.51945368775392],[32.03862547754567,199.58750324023936],[31.972017269076368,199.85769499196533],[31.576377058811154,199.85892815020065],[31.677014487633144,200.00690385140848],[31.62716196490788,200.0909978347247],[30.551435136543695,200.04485044541107],[30.228474880632486,200.11555742675506],[30.281463175483648,200.22188070312174],[30.55090968027325,200.35284012480932],[30.432908990373043,200.38677283774453],[30.262953644863227,200.33877394823418],[30.00601072177046,200.39557861542164],[29.639106996304154,200.37160216931],[29.678287220082115,200.4320776344374],[29.58844074682718,200.44540065708406],[29.551498069331906,200.55645644763487],[29.39847134221516,200.51797470576076],[29.237254518799116,200.53813417293668],[29.025244538381287,200.49796794878108],[28.97578227009391,200.59251420599355],[28.68511169408734,200.59034401823237],[28.479926988527755,200.5384679230915],[28.408477271084905,200.65160822319666],[28.125603145906478,200.6457112785838],[28.06377997013123,200.60729362862753],[27.84674312156357,200.58713593169963],[27.746609621919482,200.6753721849197],[27.35127512138048,200.6222572954015],[27.222428317046997,200.71241412205342],[27.261326574665055,200.7524777121784],[26.696491492943835,200.82954795211504],[26.835438939367926,201.0140069224388],[26.66774338098663,201.0083721262008],[26.5173890332951,201.12731775797846],[26.574657392572576,201.1871660023786],[26.253525615145058,201.48923354486425],[26.377526880479767,201.7237688793051],[26.694016936364807,201.68689937145442],[27.424237718174084,201.45038015224324],[27.49496048140948,201.51068081864565],[27.238013098027434,201.8187425345554],[27.419064811250013,201.7903649722568],[27.41070099936024,201.89915814658409],[27.647432555443196,202.05272754523315],[27.749334765567404,202.24507026954598],[27.962627124600562,202.3326732504594]]]]}},{"type":"Feature","properties":{"CC_1":null,"COUNTRY":"Vietnam","ENGTYPE_1":"Province","HASC_1":"VN.DN","ID_0":"VNM","ID_1":"VNM.17_1","ISO_1":null,"NAME_1":"Đồng Nai","NL_NAME_1":null,"TYPE_1":"Tỉnh","VARNAME_1":"Dong Nai"},"geometry":{"type":"MultiPolygon","coordinates":[[[[85.41499479318873,74.98695109133966],[85.15024558788382,74.61614081383183],[85.00618810445701,73.60692111710415],[84.02968737952159,73.90814654429983],[83.21246187334796,74.15618946508658],[82.9710253468536,74.66015307270624],[82.52658068732285,75.38113540633387],[81.56955547638131,74.64360116720955],[80.85249489259263,74.42696313725143],[80.28103917164454,73.72563374399603],[79.42316111431444,73.34219224891592],[79.13374083155284,74.34461094614082],[77.33380425560337,74.14901535389806],[76.7783286242217,74.98855023064968],[77.01549194584359,75.38978120352375],[77.1763512938151,75.87054388023576],[78.46837417624944,77.51506186214671],[81.3605650327262,80.33511334662673],[81.40893808048958,79.58089697821475],[82.10616197226307,80.08154985732392],[82.62712571077319,79.77989633261095],[82.37556349276628,80.43821428909771],[82.69718895487122,81.14131082542423],[82.39451404091592,81.61033561465435],[82.26494914568923,81.91727197243057],[81.53500969525761,82.87052708711718],[81.53374499591722,83.13924252691311],[81.09695897604811,83.70792919873963],[80.84021295719937,83.90017174065937],[80.51009710986825,83.83164045640716],[80.27501779407623,84.17813004912816],[79.57189503403416,84.29542183725472],[79.54042720154412,84.52080118852041],[78.90936568459757,84.73994263640964],[78.59499432648066,85.146395197427],[78.9726254283369,85.07811483066652],[79.4821767692218,85.38718618329001],[78.80666349637099,85.89153405274882],[79.52000403322673,86.09366367056857],[79.19318311823827,86.45009777803455],[79.73884868109644,86.403996219439],[79.96620464053552,86.0882491667061],[80.71291991798975,85.72302685906983],[81.092933143157,85.72689411612757],[81.32425253657946,85.61731278378144],[81.56587529188582,85.99078619170808],[81.78246919481938,85.86433057019694],[81.89961095358372,85.98063937830287],[81.75007205284969,86.06845112146355],[81.81516894990861,86.36871827136342],[81.92962278879976,86.34516931315775],[81.59334403728211,86.63735714517519],[81.56925521985583,86.76728606444966],[81.75219180666942,86.76148902954867],[81.42697951434285,87.03908828546597],[81.23024975948631,87.14818794621333],[81.27197967450772,87.22218078067678],[81.06196735828199,87.38806468897286],[80.61306497554614,87.56687179703191],[80.53222849879423,87.72918554610298],[80.74894333351645,87.76021119211228],[80.64368987777434,87.96032393955447],[80.91335148574368,87.91860869045175],[80.79920060398494,88.15601154922001],[81.02090386245287,88.29746268644702],[80.96212058717657,88.41592123981357],[81.19500196574681,88.31589281869977],[81.36366186605993,88.4121112170672],[81.47873579773345,88.36104234733835],[81.5704025625593,88.41175365751677],[81.47770794595789,88.4972753992422],[81.66449202394165,88.42731004111147],[81.86619294029968,88.48607047054404],[81.82413214577547,88.54307769606157],[82.09985816759072,88.53973314841897],[82.06282887957309,88.61679139855055],[82.30664825804112,88.59201247032061],[82.24214331404067,88.70197025805103],[82.4114763386842,88.82137482838715],[82.30879505129522,88.88466897870276],[82.2632701117711,89.01865577657384],[82.52326044582416,89.08802427521209],[82.50370446177796,89.13428888325893],[82.77699269721128,89.11116987073524],[82.85250033144597,89.18512150821977],[84.54994850274997,89.07669236264903],[85.34167460117003,88.94858239538779],[85.41296132383901,88.90236854909928],[85.47670774827402,88.97770571035927],[85.47536681035972,89.15942414475343],[85.54302178682164,89.08273833335765],[85.50828519182481,89.05674837300955],[85.56307797601869,88.99055456989964],[85.52066828096146,88.96287130625586],[85.62902061089613,88.88653220218823],[85.58455082437598,88.97408184905647],[85.70074525614353,88.81081712138223],[85.71958007915751,88.65633230440143],[85.65811424210835,88.62312295869981],[85.72051242811702,88.58112748805459],[85.79995594637344,88.64605326585844],[85.98841677314189,88.6060066351724],[86.11144752729595,88.43066472423627],[86.17732069733506,88.47455936270933],[86.20953535129652,88.41141178575842],[86.27527629068169,88.4237520921835],[86.6139935220595,88.00913200330517],[86.53558417756032,87.98258494992075],[86.5683576258763,87.89936151374232],[86.35969700784653,87.7741638422753],[86.40762147466715,87.6437137610497],[86.48426048692643,87.67488654346326],[86.5312903961362,87.57180438224663],[86.62049933959005,87.57104548666288],[86.57650484484614,87.65207876111458],[86.7348039678022,87.64379077929128],[86.84824943686226,87.5634264611287],[87.01951097765829,87.28620170952708],[87.08960371031411,87.27111287184559],[87.1455590027309,87.18646450705073],[87.29283342809691,87.11847651710194],[87.63577246815782,86.80070483688118],[87.66011415286697,86.88192641796691],[87.78496256415912,86.53972116364773],[87.68775811247612,86.46619599425462],[87.80527113483903,86.33409376985567],[87.82892736710613,86.20953489912984],[88.04904152050037,85.94095576233836],[87.92138779755379,85.8188784420502],[87.83330010138499,85.88334389455684],[87.95603159208508,85.6950853963336],[87.86072554146952,85.74561395753562],[87.81804591025278,85.63559978106277],[87.90155572673791,85.58072850408064],[87.81452495797018,85.57429671383365],[87.88783077124833,85.3315122541241],[87.81100888100967,85.31029463851833],[87.90857647272543,85.03055396289378],[87.75392818929296,84.84894870746498],[88.07230217456427,84.59151658686726],[88.09474830035947,84.2735762728427],[88.02400997520901,84.32715594632059],[87.94365813471323,84.14993971589166],[88.02200558527935,84.06294910366975],[87.99421368167825,83.8841402795314],[87.79007413030375,83.8655335406927],[88.4191538331581,83.69040635375264],[88.78533317589235,83.50548087247154],[88.9996324094944,83.65413474333752],[89.35809102421722,83.46328669244127],[89.82946152426976,82.68007037938924],[89.96819825098376,81.6153828644825],[90.15846069782681,81.10602713351902],[90.04992953387044,80.42577026571364],[89.73058901770254,79.97588386408302],[89.59193394939086,79.90798744733948],[89.47001259824404,80.31117368082789],[89.37754521428877,80.2539399292967],[89.32370464209758,80.45098140154712],[89.2690741420661,80.45082327529248],[89.1414020290545,79.88825297354155],[89.05951412955115,79.89132312655246],[88.81089022585238,78.74481004340873],[88.79350697148627,78.26370194318343],[88.87001733784587,77.8089705748867],[88.71156029748988,77.39170346005157],[88.49891502532165,77.74986086303193],[88.54446937489575,77.95605971838441],[88.45804723743888,78.1098516880191],[88.48320818814949,78.30722003566929],[88.32627118025879,79.18510712530342],[87.7745543223004,79.20437947917094],[87.59740239925543,79.35875910305921],[87.47080901954197,79.12758661650079],[87.35314841367925,79.62928748787462],[87.13704039569038,79.44839346916697],[86.98501801232763,78.80494810474755],[86.80788799088262,78.77863686199792],[86.98044551680235,78.31092096384674],[86.90490643913378,78.37045151206333],[87.0154864198949,77.34117044752037],[86.66503025239201,76.80995076338584],[86.64007192677452,76.48723271303902],[85.81676054652209,76.47394679192692],[85.4816706660406,76.0131366038427],[85.54644057656103,75.69097752441382],[85.27984257920713,75.67452542394653],[85.2392973797746,75.39676233094903],[85.41499479318873,74.98695109133966]]]]}},{"type":"Feature","properties":{"CC_1":null,"COUNTRY":"Vietnam","ENGTYPE_1":"Province","HASC_1":"VN.DT","ID_0":"VNM","ID_1":"VNM.18_1","ISO_1":null,"NAME_1":"Đồng Tháp","NL_NAME_1":null,"TYPE_1":"Tỉnh","VARNAME_1":"Dong Thap"},"geometry":{"type":"MultiPolygon","coordinates":[[[[58.8722406770542,62.9697271367756],[58.09759422281563,63.89762522793555],[57.857822626777235,64.30388668448327],[57.5461797405333,65.6510689894582],[57.09767816862396,66.38190462574653],[56.67323543021348,66.94333675786358],[56.12325118968933,67.97988114307513],[56.063962454545646,68.23006565945951],[56.16241805985877,68.53987996465412],[56.76705468454569,69.4001312541335],[56.813063666744995,70.01668279736205],[57.22346406899533,70.52171770260357],[57.16580062584863,70.55169961809133],[57.32431014213286,70.89780546019824],[57.51542198719393,70.81096748306354],[57.68617161182433,71.81841152494135],[57.752702268711886,72.83076904704404],[57.52806140260422,73.12452160043793],[57.10311467870288,72.74995807715537],[56.73054088061258,72.86956936844672],[56.32074672387555,72.64323382571365],[56.12130710136727,72.83953047195868],[55.77664240759573,72.80491877398222],[55.80335149412399,73.83332994008785],[55.95060615111332,74.35476836004207],[56.35868671748894,75.09074690777055],[56.27771102578416,75.15743445161036],[55.54385561803113,74.82330201884415],[55.31174821772707,74.90477155785311],[55.8264782020876,75.38155594251975],[55.8797557567018,75.51905258155074],[55.294749824250616,75.49727377453013],[55.434607021549006,75.92357778647056],[55.05629789225409,75.87614629890453],[54.856426298550076,76.43710990069218],[54.63733402585768,76.30049491632485],[54.69820108382703,77.06795244990427],[54.78101465275323,77.28145867845919],[55.40177733998596,77.15244439940541],[55.73494452485183,77.27137786989357],[56.6290322897314,77.00774623730086],[56.91707396454948,77.37875444996499],[57.018334731031786,77.40857143932499],[57.10028686568333,77.61250309452319],[57.181829077183835,77.62151608713717],[57.19598783668086,77.72085872300212],[57.51943877941118,78.05039025091013],[57.77546181309369,78.6509811384163],[57.951793731260125,78.47702463013623],[58.11883994791861,78.65973073792182],[58.26655425611825,78.49944297253916],[58.29514678524228,78.5632169614735],[58.40439449249256,78.21333745933421],[58.85916298214608,78.03578298460371],[59.06086877060817,77.44382805624362],[58.94412079816637,77.38657321883103],[59.5332645490879,76.7235031267817],[60.0942876042367,75.9125875471951],[60.37537448962707,75.79993453611876],[60.770073741467044,74.85659331938339],[60.97969043701148,74.1364615059792],[61.1290538781479,73.99209524263588],[61.241968429340886,73.41650545693624],[61.26029968816744,73.03898866023692],[61.02589909796852,72.17259426723146],[60.555041176835815,70.93669381902498],[60.396878225901986,69.7638273950312],[60.06669525282405,69.83971891177313],[60.06191649522326,69.51147416462744],[60.27676909473529,68.42097258482852],[60.47443215997859,68.29877689817592],[60.40904837643747,68.02877570901383],[60.98916892989959,67.63183212754052],[61.47188308004806,67.12079741438373],[61.354623679312354,66.82815731573825],[61.60100945297141,66.31783705447035],[61.74574317837954,66.2864529714168],[61.78686449335714,66.01728231337586],[62.13112145951165,65.33906357111373],[62.11419071205633,64.87285985746496],[61.911568075731864,64.79575446471213],[61.669369102474185,64.90075534690443],[61.696388636671635,64.00310911017206],[61.455359757516725,64.12983826238069],[61.43540104363366,63.85704420675612],[60.83508849750058,63.93097927282977],[60.40408483323124,64.82480433384093],[60.3026772286546,64.53029791908612],[59.82101462342463,64.94620683662116],[59.611890425896476,65.17029797937253],[59.21953284776096,63.993948648385555],[58.8722406770542,62.9697271367756]]]]}},{"type":"Feature","properties":{"CC_1":null,"COUNTRY":"Vietnam","ENGTYPE_1":"Province","HASC_1":"VN.GL","ID_0":"VNM","ID_1":"VNM.21_1","ISO_1":null,"NAME_1":"Gia Lai","NL_NAME_1":null,"TYPE_1":"Tỉnh","VARNAME_1":"Gia Lai"},"geometry":{"type":"MultiPolygon","coordinates":[[[[85.59990400890555,104.79553319360016],[85.59360903759689,105.26316024426163],[85.124884444153,106.67303912327245],[84.67209461585625,107.47194049087898],[84.56591920028109,107.80235029215444],[84.3924716625206,108.04207494609304],[84.19205620428528,108.45356551370526],[83.82269116318726,108.92813100087308],[83.85949130964917,109.11737705517928],[83.83001441013751,109.22896302784858],[83.89943847287452,109.47295379151484],[83.83312267787622,109.59019486104197],[83.8984134971264,109.75038176930147],[83.923724434609,110.01428405314329],[83.87535435406875,110.04343750740824],[83.92128618976886,110.14564879482766],[83.92497731568429,110.2950371079174],[84.0835669697644,110.55553861459407],[84.12626966118012,110.53368764573949],[84.12562744847588,110.80741315294038],[84.19688226095381,110.79532452347715],[84.22260964992017,110.89748765523166],[84.27728309032746,110.83502142224152],[84.36936349128004,110.91319349093877],[84.40471458361242,111.21407759645508],[84.46652212261758,111.1183942959267],[84.51507185050139,111.22648535401632],[84.5320420817288,111.40289753245781],[84.5017603894865,111.49609720370371],[84.53367656205934,111.86824066384861],[84.50562560575712,112.11365159251261],[84.56898190237627,112.6221106843037],[84.80506958583702,112.43077448415958],[84.80092693461931,112.52031892089106],[84.84321126088288,112.5404213209551],[84.85187026274599,112.6200290451347],[84.96321081500541,112.50366223844362],[84.981728073017,112.66690492416544],[85.00778973406072,112.66533696958518],[84.97911420204525,112.94017048760588],[85.09184345026281,113.08058799928114],[85.15631752790269,113.03621052193884],[85.29402774322534,112.69522582550073],[85.41005738946329,112.63296868230609],[85.47577352239165,112.66735304860157],[85.49742568220589,112.61183657028353],[85.56286519832273,112.89232213313238],[85.6062549366351,112.78119037010984],[85.61985430445702,113.10429480431583],[85.65417996870255,113.1658967755203],[85.61967824853544,113.33457210923095],[85.6833995606105,113.34037642730938],[85.70394750910773,113.53848752955324],[85.73251580212919,113.47496251317874],[85.79228405194732,113.47193214877271],[85.77570652638079,113.42478227776809],[85.80286380221452,113.37112876912545],[85.84222700738255,113.51154271350235],[85.92381817635946,113.51404605287344],[85.95233593679743,113.61343741002017],[86.04681578378064,113.65844643678814],[86.14318573208305,113.5254388592355],[86.20326327340382,113.5467928806053],[86.1815604545095,113.66740215661302],[86.2527440252085,113.92942977192386],[86.25307617396305,114.05910277063583],[86.39755579172906,114.5609908586822],[86.31944738044295,115.08621691961147],[86.37211699516125,115.25306478076092],[86.42336134043907,115.24512376062782],[86.5551319827918,114.78084413934614],[86.79875389949316,114.62357008207113],[86.88885361520964,114.69612484700625],[86.90424813369009,114.88985532753682],[86.96377910116013,114.97839068369329],[87.09120923872432,114.79525081842468],[87.19189044836526,114.72677540193979],[87.20154682599038,114.56660310671302],[87.3435082536002,114.42635155113966],[87.47204256990534,114.52832494664743],[87.52684256192198,114.35734713253059],[87.47934525432947,114.2849600276181],[87.52692364334857,114.17365615069589],[87.48056032836841,114.09325729822726],[87.56389655635905,113.86179859954571],[87.54544942598258,113.66149842467367],[87.47694981624417,113.60856978561159],[87.24185804980047,113.75295039354529],[87.33222860813173,113.57131583025892],[87.32037015927156,113.43494918507758],[87.51512912103746,112.88264193648848],[87.43939844350407,112.73397510407291],[87.68195276938006,112.2857510700715],[87.6650509133643,112.19170384303435],[87.89682089580367,111.84085582104558],[87.92487796128789,111.64342677747511],[88.06491099286616,111.55215478844582],[88.24291056687547,111.29861387881411],[88.30794584981503,111.2824493378924],[88.36634277917128,111.14278917379552],[88.48149655439025,111.05707112960582],[88.48876761356837,110.78786813605342],[88.6364361981232,110.6810820202951],[88.9394515227774,110.25712403436734],[89.1655546030469,110.08669727202782],[89.64980772804793,109.58282108625333],[89.88340461499942,109.47241697900884],[89.96020506837955,109.21976199760343],[90.16440996090596,108.95226867732703],[90.09805564981245,108.85482741271974],[90.24306299312116,108.52557285313796],[90.18393895377119,108.54809576735713],[90.28004260430154,108.21320121597793],[90.56242277298604,107.99024994444875],[90.76759312406813,107.73263154912722],[91.14255731205354,107.43396666389089],[91.10120208448544,107.41168666659895],[91.36158095610855,107.02219760024737],[91.79868554554118,106.70417329384131],[91.8389448288236,106.54388025281021],[92.04687285754679,106.29093200948577],[92.06105864672082,105.94428975195191],[92.18347441680393,105.76625020127484],[91.9754041277382,105.7572253655948],[92.5755066003743,104.62574074554742],[92.80174350435776,104.07355593774457],[92.44560476565623,104.29491766643116],[92.35305436840038,104.44605048974434],[91.9736154981118,104.65758919669088],[91.88546332035313,104.55004351061174],[91.72154016703755,104.68225392570776],[91.74373895294079,104.57068370669728],[91.6831711798943,104.58005509649504],[91.68792040794602,104.2543044426505],[91.60353091236442,104.28894915302011],[91.61571768873806,104.03459070693783],[91.7310340490258,103.87931747673044],[91.74086653677698,103.80596196103245],[91.98520417719492,103.62610892322019],[92.38075630019699,103.51487315015238],[92.36642495935807,103.39925864806645],[92.60190026932597,103.14414554414581],[92.83326047949757,102.4945495890704],[93.30529715571491,102.00269949616622],[93.53418812099048,101.68415482316519],[93.80417070314394,101.50193323263278],[93.80896922379328,101.19238551869532],[93.67114627162837,101.18804964902964],[93.77569688732822,101.02648332257765],[93.64053568905351,100.94401974891232],[93.6926151216841,100.89175021571066],[93.52559828320977,100.9524750087892],[93.49429262513229,100.90259106489071],[93.38392484970964,100.97255158346026],[93.32438080625536,100.92839129792591],[93.21610513487752,100.9971709430813],[93.22253352355922,100.9318436429545],[93.15741685577675,100.99186452783323],[93.11795996030276,100.97158527680007],[93.00737371161948,101.04525779395964],[93.03444454212031,100.98123220380695],[92.94425212294269,101.00846100317273],[92.93824661677819,100.94704793550812],[93.01485622730466,100.88470829488467],[92.93431031438655,100.75320389241656],[93.13329542366391,100.35640390187406],[92.73825804883158,100.32570076898763],[92.68632287904327,100.19987327995696],[92.6052641372937,100.26157263289507],[92.56544510668323,100.22874000232324],[92.43164719630742,100.3209904534613],[92.23109346280407,100.32962734175716],[92.02717301471364,100.53359574597917],[91.8958342641174,100.48633663410554],[91.48405920213493,100.75025181259484],[91.48904842686883,100.9689307839199],[91.18492369247988,101.35615925119384],[91.19302915405011,101.41222180207502],[90.98299533026368,101.5684057623196],[90.90240386713297,101.68022546382348],[90.94926439083979,101.77268457341745],[90.9134578141291,101.78595776219024],[90.84818969887714,101.97924865799138],[90.62339584628987,102.18830201930467],[90.36968303147194,102.62258297073807],[90.3946872745989,102.65188966205878],[90.21453821977406,103.01872603566193],[90.18450884170439,102.99005226589426],[89.99667010073523,103.169676970961],[89.9172941554773,103.50750998933869],[89.78457723036729,103.6736055280474],[89.69447596448346,103.9409194489501],[89.36587314478973,104.2471273748217],[89.1904387423117,104.54131723030416],[89.0844022052975,104.57038038057824],[89.05076888952584,104.6376356501002],[88.92795150443177,104.66863459744914],[88.89258184984114,104.76696453873073],[88.71205432831911,104.94064026465847],[88.572593577004,105.1578889085396],[88.2496494543222,105.43559189935124],[88.07258965793392,105.38103373937102],[88.01610070976777,105.47279570949122],[87.93395645530465,105.4984668336694],[87.75607942262387,105.36280901832193],[87.64865429139867,105.46497145391132],[87.54870107646494,105.49396815943155],[87.57787065448706,105.43490607249656],[87.39199775299875,105.49987156436339],[87.39347140306995,105.41112657994624],[87.16438439743403,105.57548802615068],[87.04400242290096,105.54475179680267],[86.95603844214239,105.61186109286957],[86.82283313429755,105.57144647491728],[86.7126903006959,105.65754315490443],[86.51052204434131,105.59487376172825],[86.54256469851751,105.49445156689046],[86.38467855431524,105.35187769912457],[86.35196226098239,105.4078915510272],[86.30293925036904,105.34924809328717],[85.94518951715072,105.3916758548805],[85.86867759205028,105.1966250541917],[85.76531066072138,105.13211062644396],[85.80053717925986,104.99021444851724],[85.74151221522446,105.01479104218254],[85.59990400890555,104.79553319360016]]]]}},{"type":"Feature","properties":{"CC_1":null,"COUNTRY":"Vietnam","ENGTYPE_1":"Province","HASC_1":"VN.HG","ID_0":"VNM","ID_1":"VNM.26_1","ISO_1":null,"NAME_1":"Hà Giang","NL_NAME_1":null,"TYPE_1":"Tỉnh","VARNAME_1":"Ha Giang"},"geometry":{"type":"MultiPolygon","coordinates":[[[[44.466023482700905,202.98554752256888],[43.96724715580159,202.8106589255512],[44.12312284888783,202.99685843134966],[44.765235399721355,203.29045855406542],[44.74204442579561,203.3870520680503],[44.97357120533865,203.5591437495953],[44.909117166200446,203.57204655063094],[44.77256816544955,203.49979283745063],[44.722198506590814,203.51838788887233],[44.84742048274775,203.6252042840059],[44.43008303145119,203.59387061299978],[44.45256955678446,203.66305390350104],[44.1910988904112,203.6078956913765],[44.22084451332986,203.75743877702257],[44.596651056215016,204.02095814457414],[44.39520008205367,204.02895133746858],[44.41317765971201,204.10347449164942],[44.24548154803486,204.05451920999775],[44.55041868148019,204.39095482047057],[44.95162860690436,204.57970225540654],[45.08943413682138,204.80565740824392],[44.884535783123916,204.73743735093095],[44.73539936873921,204.75460067043025],[44.79928736553923,204.9610915879872],[44.42818389460784,204.80852804844562],[44.3011935458109,204.87033379562754],[44.43937405732704,204.99787679479968],[44.45802092747935,204.91571643182735],[44.66431250988851,204.95929548616115],[44.905934880757385,205.1007933798834],[45.09598455723111,205.27507334116882],[46.11510917165067,205.87574738458767],[46.40651261447899,206.0449646725192],[47.12470408334311,206.37071395386647],[47.04677225972118,206.36044616603147],[47.56447414605606,206.51225628079004],[47.580591461766176,206.43669576688495],[47.46062352567567,206.3843025507686],[47.803646402004496,206.48631030765733],[47.75611989413789,206.48653669334144],[47.88319618035374,206.54612386692276],[47.87091602704821,206.52141524768817],[48.13081767533436,206.5790879411887],[48.23589639546845,206.5602287476161],[48.88335057404523,206.82646668127651],[48.86811321127214,206.87718761497428],[49.138934745577835,206.98252667108457],[49.57028303868421,207.2754306242315],[50.196494273021536,207.5815836197192],[50.503163948375345,207.84168811860206],[50.578192602014205,208.2148442790736],[50.38819732793279,208.19818635946632],[50.419553562163784,208.30720741496867],[50.36049675841531,208.28940332275928],[50.268906532298224,208.84456370724442],[50.302094207667324,209.03435456496476],[50.23880380245015,209.06299038194172],[50.192692847627086,209.4018938584428],[50.351843114410755,209.50467845156794],[50.38942492681559,209.41497349683084],[50.67453975006707,209.75810477849026],[50.691742484184886,209.7056854585794],[50.79704242514816,209.77423460620895],[50.85539796669341,210.18590041691783],[50.98426055450338,210.4103056831632],[51.149640860452934,210.44678233475753],[51.23010073043025,210.2808455638624],[51.37931909730621,210.28555689318722],[51.38701019012051,210.47406069007206],[51.522032694935056,210.81278315275057],[51.80542800189873,210.9236445805672],[51.82922071372046,211.02176226851594],[52.05928781547591,211.11503777912813],[52.32504253211202,211.41625503077557],[52.61869334790598,211.62764300695454],[52.77504888219342,211.56120313572075],[52.74450899141573,211.4775232418905],[53.25212664909117,211.71012412350024],[53.41301747862852,211.91351058882736],[53.50884453791804,211.83284615940443],[53.61404750168998,211.87876196457756],[53.640456692562644,211.80990723250358],[53.84355084088559,211.79483748179265],[53.87335796849636,211.72106110363092],[54.030885528831476,211.86791693998387],[53.98263839647786,211.94536421584166],[54.08718974071205,211.98329905345025],[54.23845345998175,212.24302277538234],[54.18123824880948,212.3585270104594],[54.263827251207616,212.4450345421667],[54.50060678020469,212.44548447136373],[54.5606335090163,212.59652220978433],[54.93941766107103,212.93838728910356],[55.12589571759745,212.74388380858045],[55.13053566775033,212.50531192923847],[55.34710825647592,212.21305819978227],[55.62200585040726,212.02114266152452],[55.72659236034742,212.1891187890479],[55.8217920977346,212.17949666036122],[55.859375349219256,211.9943613540322],[56.15215484298311,211.6539595757584],[56.14873899000318,211.45590883794893],[56.3830051393345,211.36584390699835],[56.53149149326653,211.4211953897915],[56.75430052038942,211.21355489447356],[56.57910517227918,210.95338607023677],[56.60993448763186,210.88958107704724],[56.495118211504945,210.81806257160935],[56.31443153555044,210.79684343845204],[55.79031573335874,209.99400726775667],[55.42080671964555,209.8842396388268],[55.18416955423189,209.8701738230125],[54.806159067010846,209.7150473541646],[54.69173510987676,209.59864341518067],[54.66015078065742,209.2760216906234],[54.422921556301375,209.16555829690122],[54.35781087742836,209.05127321917934],[54.1975450232962,208.98265867292673],[54.13501032521674,208.87582674196213],[53.847055155101394,208.80943600582344],[53.81913780536083,208.76404428821854],[54.39086518215421,208.823828428983],[54.41690805995394,208.79321743190204],[54.6856454725373,208.85691973688068],[55.1762475076197,208.840313842887],[55.34560164571961,208.8716606219642],[55.36857769101739,208.77685586287765],[55.510203187292994,208.79205459529493],[55.35639667570848,208.71420425003524],[55.38051981329828,208.65270996760736],[54.759065135086225,208.43951625390667],[54.407517744781956,208.39897325591903],[53.69022395753878,208.19000368923753],[53.52452239945928,208.07104819254658],[53.21460309493972,207.95781346917474],[53.30537303323863,208.0437966194141],[53.20950834253101,208.0474625022494],[52.89646836139903,207.8958807051008],[52.797307315124755,207.88760981850322],[52.64388791751331,207.80759680437797],[52.57241244500885,207.82498964223248],[52.0078136124736,207.64241378123975],[51.72290629900134,207.41093066106828],[51.825176438234315,207.31850698825588],[51.65180577828609,207.23989382357863],[51.42057791165401,207.07274799518473],[51.42796084963595,207.0325305111197],[51.171925827132014,206.8796582529702],[51.12008014117406,206.7390843266295],[50.731585832759635,206.4568077322603],[50.651840985502005,206.3160884424043],[50.31347811044169,206.13728563511475],[50.33631089538514,206.0639500021886],[50.00747666749536,205.90350592318117],[49.902203825560555,205.73837738535596],[49.504432604915344,205.58174077520334],[49.60585220380872,205.5486818838433],[49.51236651109059,205.45707186351163],[49.367681037352135,205.39954422899874],[49.2837518210123,205.27700385826242],[48.77198356769726,204.9902702666208],[48.92281455979311,205.1362157804057],[48.800409467503606,205.19626150272742],[48.449370741122266,205.06172164114528],[48.405852650300204,205.08817464024676],[48.19575075555351,205.01633586938283],[48.17381704824646,205.06153243084998],[47.83857178833901,204.86462306386304],[47.978157055767056,204.86929645432073],[47.9326075641919,204.76839673783576],[47.52952621358996,204.5533075369926],[47.63076182671502,204.46366614109618],[47.10277743621866,203.92955864449758],[46.97751964623096,203.86920398082],[47.01116651039249,203.94994329099276],[46.700681660142784,203.71593910764724],[45.99835385683245,203.26991350219862],[45.81936208874955,203.2055528729913],[45.859237383381675,203.27462828308182],[45.73774595194296,203.21243329075259],[45.64482453533088,203.21749738673077],[45.6820145651365,203.3071802707077],[45.805518057637414,203.4185386221299],[45.87896377208173,203.59854383977145],[45.49428959396526,203.4450604320105],[45.484933206660536,203.49749983089416],[45.23138001693559,203.3646516479759],[45.15633754908163,203.37469218904033],[44.93730217077662,203.28332408993703],[44.466023482700905,202.98554752256888]]]]}},{"type":"Feature","properties":{"CC_1":null,"COUNTRY":"Vietnam","ENGTYPE_1":"Province","HASC_1":"VN.HM","ID_0":"VNM","ID_1":"VNM.28_1","ISO_1":null,"NAME_1":"Hà Nam","NL_NAME_1":null,"TYPE_1":"Tỉnh","VARNAME_1":"Ha Nam"},"geometry":{"type":"MultiPolygon","coordinates":[[[[57.73433497133428,176.26820616438508],[57.39963339175318,176.1970006585421],[57.082581518047476,176.39543624966055],[56.82855885433051,176.3486493518103],[56.68279772283345,176.4235628475285],[55.73881032701571,177.1762720614921],[55.29386924880159,177.51448195068497],[55.28333528073902,177.6874184384856],[54.61810767059688,178.0383728591867],[54.62295352130312,178.15261021629823],[54.355141968582146,178.17941264837773],[54.0276670494251,178.57161030851717],[53.29784183971597,179.06182477080378],[54.10267679534715,178.85759679070142],[54.24097824193119,179.36427380345663],[54.98354815003071,179.3806921239203],[54.481439046475714,179.559843969526],[55.24824646817444,179.4356245437259],[55.57858623022344,179.24580217707768],[56.38559739603542,179.14773011957033],[57.04432087515565,179.36585563867902],[57.296441989067574,179.7187038671505],[57.69702599806526,179.8338843755689],[59.6959505772527,180.71775215983675],[59.173824950569596,180.07383567337678],[59.64406904800225,180.1489110965082],[59.725570944399664,180.28152222695],[60.826672405595076,180.81447138128897],[61.675824965663004,181.41185680650995],[61.96303064730629,181.44034052557686],[61.906307248143264,181.606850397742],[62.74608057148007,182.1201000608062],[63.379725056728915,182.21149654597073],[63.57349656590819,181.9032180214141],[62.7199141241284,181.13541656716203],[63.15273817676748,180.62114720114172],[63.65499608268595,180.72944020421863],[64.52373586141023,181.1611985383314],[64.81217426058126,180.8189394118766],[64.71423880408778,180.37566219775965],[65.18138395684228,180.3092826190204],[65.26055217844049,180.091463954255],[64.86366920251366,179.09225870843557],[64.84267681244347,178.78565856965443],[64.50124338963666,178.56920552326244],[63.90983434734585,178.4394287595079],[63.981846698826395,178.87074319037106],[63.76327230203563,178.90743687099302],[62.83296962786936,178.45550844297298],[62.53813615342709,177.82850256386985],[62.009384463388656,177.81089713460682],[61.769409784941736,177.70325444497553],[61.684057787148284,177.7718269807326],[61.301540981021375,177.6527880517839],[61.0518160587698,177.70710443757096],[60.67593907386684,177.64459285339933],[60.609398481410466,177.43230879622595],[60.239884324994364,177.36310936257954],[60.07218164161881,177.001189195327],[60.338427886030885,176.87068008610353],[59.459206572515384,176.79917512800122],[59.50591244842177,176.7054738637196],[59.163879368233154,176.78957665141263],[59.206183691300545,177.12040208294556],[58.692861343549765,177.18898129178135],[58.63320231358342,177.02301705302403],[58.36286099723526,177.03305632216063],[57.92827273262084,176.8673842038425],[58.01856742251271,176.73679452269695],[57.32694575651057,176.64424279035316],[57.49662254234974,176.42262434335086],[57.77650779912208,176.36433283112285],[57.73433497133428,176.26820616438508]]]]}},{"type":"Feature","properties":{"CC_1":null,"COUNTRY":"Vietnam","ENGTYPE_1":"City","HASC_1":"VN.HI","ID_0":"VNM","ID_1":"VNM.27_1","ISO_1":null,"NAME_1":"Hà Nội","NL_NAME_1":null,"TYPE_1":"Thành phố","VARNAME_1":"Ha Noi"},"geometry":{"type":"MultiPolygon","coordinates":[[[[45.22962555216455,190.02757522268334],[45.113314847289665,190.37384447003535],[45.120804780052254,190.79879333638553],[45.78102179521893,191.82725262768338],[45.98956199818293,193.28884877446427],[46.302448273989,193.69437090199645],[46.469864332233016,193.81101227265677],[47.252273913895,194.61211072435475],[47.660283945299575,194.90510575464208],[48.5253875648324,196.35395925478576],[49.21818771857639,196.91696861109688],[49.54983790591593,197.29801111988078],[50.224343376040764,196.71312338241708],[50.15806977916902,194.64226712423505],[50.42678396074845,194.37518266065376],[51.232889895491965,194.38262214261647],[52.381041640301156,195.06131618636695],[53.397085478803206,195.8275893692488],[53.63108987104449,195.75472737538075],[53.74440685442406,196.0110808544821],[53.395721664512976,196.54593738839716],[53.989531010331426,196.65826038959534],[53.94020590365297,196.92312208189807],[54.47492633501996,197.0650595679641],[54.09972025134502,197.35711840692363],[54.612413663296536,197.60595975053673],[54.68065572505577,197.4452603282865],[54.790042395711964,197.55824211999305],[54.90469501378071,197.31861930367117],[55.1806576438238,197.5774037211654],[55.082422915848,197.43055692968983],[55.44526676810816,197.14398504330586],[56.04504742808406,197.48397885229147],[56.07761756730996,197.6891205582107],[56.26478404730162,197.58981247750347],[56.67509781174245,197.97421105529003],[56.097554565198664,198.2666770614269],[55.99556780882854,198.67064324568997],[56.548150875323074,199.53580009955584],[56.880630813558874,199.666222881643],[57.11391717694606,200.30433903261212],[57.60311687176915,201.1916319058649],[57.52237577420097,201.4857660141913],[57.5661787072902,201.78188499017813],[57.95112885210409,202.07719901864354],[59.119581981802355,202.25465383666565],[59.78928951381574,202.56792335815055],[59.72717481567567,202.10415318891214],[60.147976625886685,201.86604337264106],[60.388010926451415,201.60082680004246],[61.20474422004057,201.81760299888674],[61.380359765505624,201.89184280314265],[61.425009561468556,201.24005986505546],[62.07853242317369,201.39012383010623],[62.03567986398365,201.11687316047534],[62.544470732757986,201.24676735988407],[62.43547870180095,200.28295427800924],[63.13765086529027,199.5851163856379],[62.79401261832551,199.54106982907305],[62.89890570288942,199.37656303794301],[62.36016429040073,198.7945489365659],[62.87779216894244,198.1592972211812],[62.60488240249123,197.82068862363866],[63.402194577781124,197.2472259495776],[63.327457142557336,196.7828197947992],[63.89157876265884,195.22156121593719],[63.55552907256014,194.76529535074198],[64.38250521312926,193.77705882235585],[64.53236262939566,193.00052146924915],[64.91607563753831,193.6132396929998],[65.18581428662726,192.92330369729987],[65.61071213291972,193.22326930379128],[65.67059018376328,193.5625785097233],[66.11263106156727,192.69319383899432],[66.0049842793836,191.61467678258578],[65.74960551706364,190.8791537425574],[65.8519665420937,190.97813205180543],[65.63296770514123,190.62759544506494],[65.64341778493335,190.43104014816706],[65.12896114748811,189.95970929141922],[65.13442376792011,189.79969547271287],[64.94736684662863,189.65482128281985],[64.85366449226478,188.89850814814366],[63.52589389301784,188.8427876361015],[62.734616788234604,187.935414795752],[63.01924126157186,187.71539268362457],[62.65531193993723,187.36475656111318],[62.8403486186633,187.25468326985327],[61.83359315423057,186.47615224013123],[61.79703642891282,186.16087348199534],[62.753710148698,185.93624771426684],[62.68961440302046,185.42023076696293],[61.499098711963846,184.36658337542448],[61.12072574488723,183.29564153950716],[61.29857858266909,183.12042227715955],[62.515031456062616,183.32141468715434],[62.00397711287863,182.41228682226512],[61.51225636064425,182.12019845246743],[61.424800275851474,181.613729235793],[62.74608057148007,182.1201000608062],[61.906307248143264,181.606850397742],[61.96303064730629,181.44034052557686],[61.675824965663004,181.41185680650995],[60.826672405595076,180.81447138128897],[59.725570944399664,180.28152222695],[59.64406904800225,180.1489110965082],[59.173824950569596,180.07383567337678],[59.6959505772527,180.71775215983675],[57.69702599806526,179.8338843755689],[57.296441989067574,179.7187038671505],[57.04432087515565,179.36585563867902],[56.38559739603542,179.14773011957033],[55.57858623022344,179.24580217707768],[55.24824646817444,179.4356245437259],[54.481439046475714,179.559843969526],[54.98354815003071,179.3806921239203],[54.24097824193119,179.36427380345663],[54.10267679534715,178.85759679070142],[53.29784183971597,179.06182477080378],[52.27596914025968,179.55062875490123],[51.77547699996732,179.7079981166503],[51.70735172919976,179.66113549922022],[51.357958086284036,179.91520503854102],[51.224872685228654,180.20444145639448],[50.77865546197306,180.6463178287837],[50.683272186434046,180.85053528387067],[50.84649822600513,180.65604837665734],[50.91515278372327,180.68526725497122],[50.811353606026465,180.90636353741766],[50.79876790842556,181.21357603055122],[50.7642367748544,181.1479711596205],[50.69379952314825,181.40253359855774],[50.86212733142003,181.3148869469877],[50.91784510076732,181.46963631063093],[50.54175520333263,182.01432320458414],[50.63661160555647,182.07765353974867],[50.40360024104251,182.4073071992205],[50.18741247883355,182.70636811084591],[49.93370638946804,183.15805513583757],[49.51946002329838,183.41667440809647],[49.367693051401424,183.6649548366281],[49.421549630469435,183.75294059099187],[49.669768201701956,183.6419798033529],[49.495243195453675,183.89578556510364],[49.39962424525017,183.85245719138447],[48.9543596740453,184.30951158058173],[48.68362345295814,184.50520287352546],[48.208088214502986,184.52955432925705],[47.85597683263197,184.75239244609847],[47.706531709535774,184.90311965555162],[47.75760383912687,184.93765023002663],[48.177588140215505,184.68652588872254],[48.38181233489547,184.67662170492446],[48.36453274038345,184.86139830358474],[47.777092334320685,185.44767221583822],[47.52445469200253,185.57826781769862],[48.21006480715788,185.36553359894614],[48.29799445861014,185.4585204575571],[48.93037116622146,185.41605968244465],[48.87471915119049,185.55578224680005],[48.55487059114225,185.5915890988705],[48.11306222238758,185.71840593326579],[47.833290805446545,185.88522073848293],[47.70542236662526,186.0809701631032],[47.37082369771656,186.260025244835],[46.9211357402456,187.14341375870765],[46.6920633542194,187.24845078043109],[46.285990444076575,187.5590272707759],[46.20580183266338,187.77553411008],[46.19586711790616,188.5058807790682],[45.96430029840267,189.00835916420004],[45.99262894512062,189.37832869929338],[45.56223597350731,189.5578277812923],[45.5277924124883,189.73274295668878],[45.30853696793605,189.93217944815797],[45.363402568825165,190.13055816149836],[45.22962555216455,190.02757522268334]]]]}},{"type":"Feature","properties":{"CC_1":null,"COUNTRY":"Vietnam","ENGTYPE_1":"Province","HASC_1":"VN.HT","ID_0":"VNM","ID_1":"VNM.29_1","ISO_1":null,"NAME_1":"Hà Tĩnh","NL_NAME_1":null,"TYPE_1":"Tỉnh","VARNAME_1":"Ha Tinh"},"geometry":{"type":"MultiPolygon","coordinates":[[[[62.60507574076382,151.16546509080302],[62.50679253014597,151.18696088650634],[62.19476565504304,151.3884606543085],[62.051158235688916,151.3547546446344],[61.799162002295795,151.5162667125499],[61.60013253116273,151.95872724920707],[61.52806040460928,151.98106543862406],[61.3646356140896,152.23595814599256],[61.05259370989125,152.2920552268333],[60.954339036152476,152.50990557903174],[60.66866710038328,152.73831588236686],[60.58149603509025,152.69930002679163],[60.41450184968973,152.89466011075172],[60.478279901737444,152.97072303481633],[60.20119867257659,153.34145116261715],[60.10600448123622,153.2615178426562],[60.06694832699872,153.46709564206907],[59.93441529072484,153.46148831633715],[59.64952005577901,153.58730202050694],[59.45981436825405,153.59435786809712],[59.52238473676144,153.5606509794546],[59.48589450152088,153.4086522635405],[59.28871024879643,153.4645494640151],[59.24867848563191,153.21508375436736],[58.87843316029001,153.4136005386058],[58.81967807129139,153.3412316518244],[58.66172533217205,153.39650181888516],[58.448597551546015,153.6006342595135],[58.27550974185664,153.63499721514393],[58.266955399160885,153.72291942471085],[58.046614854601955,153.898772465227],[57.980060008707746,154.52192723084076],[57.739152523397365,154.6302331681694],[57.718637024882206,154.33733894896483],[57.65313284228363,154.54477761812979],[57.43527309374396,154.66655491679182],[57.40727944424145,154.6088899938457],[57.15064944446178,154.73247225863685],[56.8823711343496,155.17842431008097],[56.58634074896797,155.3263694444417],[56.14696389727422,155.66856480793257],[56.15164192555982,155.87439864206513],[55.94857171390948,156.17551416062523],[55.97686111459032,156.31488263098848],[55.59933663382968,156.45903094578634],[55.53496894652159,156.61975242929623],[55.42864889011872,156.69499598988807],[55.4213261522051,156.79090525216364],[55.215929895769776,156.86725774696185],[54.96683681783451,157.219383977838],[54.883781135144915,157.88120571781604],[54.95061249608733,157.96212486886958],[54.87599062248184,158.15566292173025],[55.06867191025104,158.31398051992525],[54.95841750350959,158.65905266989856],[55.15831090827098,158.80235070213314],[55.48276985727199,158.58435786293458],[55.9300981054995,158.35568336701732],[56.24774286537185,158.5025136122233],[56.59340731135775,158.4327677604557],[56.74476537110952,158.23642642022435],[57.02972910049023,158.09148932683968],[57.151518801960435,157.93981554009378],[57.59289795556921,157.66040822686955],[57.99683745380795,157.62969387006322],[58.18514554592469,157.53367324370683],[58.21721348297158,157.62110499484405],[58.573100728377185,157.5777434394996],[58.552893033693806,157.64205117067203],[58.8907960310689,157.47210031100067],[59.30184934724667,156.8992044239228],[59.49088381948349,156.75642718361942],[59.872879215488155,156.67819581090973],[59.89506265480806,156.7944427577679],[60.168013744670446,156.7359340477718],[60.21477249001961,156.66258822044927],[60.34553097218344,156.6229299033418],[60.31881184175687,156.54972364671025],[60.651301069896064,156.62516119441727],[60.84002984978382,156.49637819414767],[60.90227139935458,156.63990696941235],[60.8269897896484,156.9917994524177],[60.931660105946754,156.96799077789797],[60.96787813275342,157.2507172384602],[61.503991502712964,157.10396607606287],[60.992234584538025,157.83772872976533],[61.14488083858823,157.9223072199782],[61.278589395437095,157.86348005032056],[61.670347862738225,157.323744922388],[62.17462244786899,156.44530488183972],[62.905562145587,155.68932651264595],[63.94371393271665,154.74684275763246],[64.22837957052482,154.7125688491484],[64.2136781486795,154.6582454660596],[64.55041237452818,154.2604210122903],[65.61803990971725,153.14083699538503],[66.36476844349713,152.52158682674997],[66.76647922724521,152.47071640603866],[67.60351959054722,151.98887767759192],[67.76880679899463,151.9950801495361],[68.87159322312777,151.29552736183288],[69.07829618072148,151.07221222886028],[69.51510387590153,150.96196627936428],[69.53699890595871,151.1382959806682],[69.7407641103687,151.1390337158824],[69.6396879789628,150.86719841471222],[70.09649789729826,149.99846875447545],[70.21555724426779,149.9184144180376],[70.28889490424496,149.6744254988496],[70.39735298364091,149.6128124686541],[69.91319298871879,149.5975783187774],[69.90122083402314,149.7364993871988],[69.72017991575441,149.75510337365372],[69.52260881086916,149.87517624100093],[69.00744505164148,149.99963048787328],[68.92171402193458,149.76522776022404],[68.77930425046725,149.7724811804759],[68.64626320767098,149.5532709077144],[68.71113983082911,149.43789436695172],[68.66909783663064,149.3655524098369],[68.57560081646824,149.45339472221494],[68.52327096025994,149.41683457231107],[68.33909514828102,149.57990811847054],[68.11662885048378,149.58943240387293],[68.06760187432052,149.53487538292305],[67.99742067840431,149.59366448990772],[67.85125018596078,149.570391419435],[66.66983357792746,150.01710378496497],[66.63200136681041,150.15047347848926],[66.82658580186117,150.28126582675168],[66.47333157332275,150.55758301890813],[66.23062403633921,150.60340355239032],[65.8005086892547,150.9564681607906],[65.67082613389523,150.92004928248687],[65.50895667288702,150.9717454382306],[65.27174367534015,151.21114344752158],[65.18604241203687,151.15277043478602],[64.97246118112884,151.26945668701956],[64.82339977833547,151.1278903296195],[64.34659429772,151.18655580416163],[64.29798246936068,151.14038080040558],[64.55014716320402,151.04571807237113],[64.54338864247023,150.9622976512423],[64.39750687757035,151.0258019727139],[64.37188291777626,150.96713495173404],[64.04594142019337,150.97380330983583],[63.535300888297094,151.21543044181695],[63.38920597217069,151.15177674514675],[63.46387651806215,151.05141729875163],[63.33130833007033,150.99883621446548],[62.60507574076382,151.16546509080302]]],[[[69.9025434732701,150.92319965232758],[69.99161790039612,150.97938390052516],[69.99640288425603,150.93630534020156],[69.9025434732701,150.92319965232758]]],[[[62.198017730021974,157.43575092931852],[62.26014822792643,157.3286217961254],[62.17764425661195,157.31812435219646],[62.04009956965394,157.39880459768597],[62.00280792761355,157.50408945170938],[62.198017730021974,157.43575092931852]]],[[[63.478644575903125,157.43822331002724],[63.37063400207251,157.4754444905037],[63.23001511203243,157.59381608736936],[63.478644575903125,157.43822331002724]]],[[[61.92731175863049,157.72748198078986],[62.073815535036786,157.54357114725005],[61.88428117597757,157.61823736173164],[61.8060618862254,157.7552323892994],[61.92731175863049,157.72748198078986]]]]}},{"type":"Feature","properties":{"CC_1":null,"COUNTRY":"Vietnam","ENGTYPE_1":"Province","HASC_1":"VN.HD","ID_0":"VNM","ID_1":"VNM.22_1","ISO_1":null,"NAME_1":"Hải Dương","NL_NAME_1":null,"TYPE_1":"Tỉnh","VARNAME_1":"Hai Duong"},"geometry":{"type":"MultiPolygon","coordinates":[[[[67.96619797169205,183.49196109083556],[67.67604798628204,183.4010772891803],[67.40839431429576,184.16618336342202],[67.50510591228621,184.22167858508445],[67.54580861553342,184.64361040282122],[67.38997911901646,184.59355589530685],[67.30676484792181,184.87365510683708],[67.13104962571963,184.71857755528896],[67.00755095243322,185.16578268994766],[66.86645484806782,184.96753567957768],[66.62074621060007,185.48375808571268],[66.79065021462384,185.77635459959043],[66.65408265463898,186.15170314404762],[66.78154011797349,186.7345907772779],[66.9416858666863,186.89928533644715],[67.29768144144356,188.17105145399947],[67.25721534862257,188.61325026732072],[67.64480259794944,189.2883257221286],[67.76138161162955,190.2197004507256],[67.96510284636103,190.58318418361065],[67.67972607566693,190.6617798224038],[67.87257354997742,191.24342971821426],[67.80312382755238,191.48984233607342],[68.0527590927718,192.36383477799575],[68.2150001269907,192.01243895715552],[68.49632461843737,192.11453656725823],[68.29735286888521,191.39837062413835],[69.06229608992517,192.610719226715],[69.31069526475953,193.11601109499495],[69.29570749755504,193.35791500816057],[69.66817326732851,193.54220042235613],[69.68764654654501,193.84350415737717],[70.0040686247179,193.71923439576096],[70.08802248626917,194.30313963288745],[70.4599727592986,195.00816738996406],[70.45025747698125,195.54399346100763],[70.74037099589019,196.08832632604395],[70.46111012664262,197.58522765490125],[70.4909841956502,198.04724772982814],[70.80612747778282,198.81362868914044],[70.69805857139511,199.26963304763413],[70.40622677492225,199.6599582584187],[70.37406339827419,199.84506488942426],[70.55324211526721,199.79871055563854],[70.58727705874676,199.67070137190083],[71.07798007368618,199.26582417601423],[71.05093506739573,199.38824933398104],[71.3048331713934,199.34232271542965],[71.26570990387006,199.68800430582252],[71.73153907354862,199.73680647218035],[71.71386806420998,200.0321589732052],[72.14281197870424,199.90874561539266],[72.35157136841498,199.7605372162459],[72.63893089612827,199.74276542191365],[72.8455809540439,199.59585982644052],[73.0215494515187,199.28587105145272],[72.95043906400463,199.2729661130921],[73.10709429432842,199.07416856430282],[73.15895731020589,198.77275623218185],[73.09342502349303,198.32552794167546],[73.19020917752569,197.8546424640627],[73.03913682031353,197.5305929450226],[72.59425484732103,197.51823561131886],[72.56823063083621,197.25038484863245],[72.73926837865778,196.82624479363756],[72.61939098331489,196.46603382859476],[72.8490687735416,196.07683536837607],[73.33158391965132,196.22519505889548],[73.55902493011568,196.04689605754118],[73.82450071463359,196.15280770234315],[73.82622179648826,195.86788756956418],[74.75522241822856,196.26672375060295],[75.29476122791516,195.9590603723948],[75.56040883129705,195.64092643535332],[74.9343503615858,195.3159774194858],[74.81290411062052,195.45407664881407],[74.71993612590755,195.00076685215197],[74.98754080802848,194.70664461190032],[75.34477161941018,194.60238960374988],[75.45993445453799,194.12077460005057],[75.08182044697699,193.35593228302247],[74.99443085029807,193.4785770032428],[75.18235659996306,193.8622733613429],[75.00313313533805,193.94427575713448],[74.93991910662643,193.50514361764334],[74.71562197777014,193.299560458761],[74.74905794577458,193.7772256987243],[74.56740940684064,193.72790337739255],[74.39463488729058,192.9679286103957],[74.50859335710298,192.95009358994722],[74.03980982035851,192.5660609636125],[74.24963162907548,191.82281623519142],[74.13507812733184,191.5523996715853],[74.2984490973619,191.502570121212],[74.19090731655653,191.3102474085183],[74.3320989264199,191.24422856518953],[73.85602794145103,190.56740718746104],[73.39297842448345,190.0339242235755],[73.57558501776268,190.48873755305908],[73.06366303322538,190.35411926146125],[72.77646684004189,189.97009059661593],[72.83262972045675,190.49080038287977],[72.62084830145437,190.50627814203096],[72.2925606498346,190.01399367238696],[72.48765499777048,189.30286714513514],[72.13265807196436,188.64425017514645],[72.75979588621969,188.7506591461891],[72.48134332268779,187.8379535348573],[72.38040125032353,188.06309081407542],[71.90278094958649,187.65173345134667],[72.1210933124981,187.0887817616178],[72.03798607241359,186.34740469315207],[71.62955110683501,185.92520038007433],[71.44652333994924,186.00459373492083],[71.20502860335979,185.569042048689],[70.93551691083658,185.49784145652225],[71.11731340218813,184.99756748244974],[70.82043424199888,184.81344476496093],[70.83260843650874,185.2260577564308],[70.58159633252404,184.67963964851512],[70.20785672508664,185.04770234904265],[70.08919377051556,184.8203546333748],[69.70183170176658,184.2696751948504],[69.41391942806284,184.02772256226282],[69.20856779685629,184.00949582077564],[69.1711813548199,184.18779323716197],[68.498448164273,183.67798215585498],[68.39817844435501,183.80376587960905],[68.47028358230249,184.02360240726514],[68.3600395027718,184.13107096943048],[68.33356844686557,183.77041628219916],[68.10535328461467,183.69283952876043],[68.02796531186813,183.89746400893407],[67.7492097492784,183.6292916816771],[67.96619797169205,183.49196109083556]]]]}},{"type":"Feature","properties":{"CC_1":null,"COUNTRY":"Vietnam","ENGTYPE_1":"City","HASC_1":"VN.HP","ID_0":"VNM","ID_1":"VNM.23_1","ISO_1":null,"NAME_1":"Hải Phòng","NL_NAME_1":null,"TYPE_1":"Thành phố","VARNAME_1":"Hai Phong"},"geometry":{"type":"MultiPolygon","coordinates":[[[[86.07542857315539,175.90202760199685],[85.97103947995394,175.55802845148236],[85.54952111103984,175.50776351603014],[86.15176503340027,176.27421635206235],[86.3174863659446,176.35758985775618],[86.07542857315539,175.90202760199685]]],[[[82.36501542739262,183.97982259619732],[82.38350814223746,183.88743742381362],[82.35141873786183,183.88473822177016],[82.36501542739262,183.97982259619732]]],[[[82.31390375780863,184.01830648091752],[82.28116190496515,183.97334055900086],[82.29217288141376,184.03955372610918],[82.31390375780863,184.01830648091752]]],[[[82.44797235314859,184.22033736395412],[82.43882111387688,184.11001554688846],[82.39904865437853,184.1702824025309],[82.44797235314859,184.22033736395412]]],[[[81.72561542313727,186.77582686937018],[81.74801864435443,186.90309388486176],[81.75373720646743,186.75743912398048],[81.72561542313727,186.77582686937018]]],[[[81.7235612628862,187.1111313796565],[81.7520070321032,187.11807787967692],[81.73084370611147,186.98972953323562],[81.7235612628862,187.1111313796565]]],[[[81.72352388945467,187.3220433184681],[81.7414878483844,187.56590111921693],[81.75364326496884,187.3049024210314],[81.72352388945467,187.3220433184681]]],[[[81.86608880189422,188.4611703071405],[81.858865506592,188.3237247590385],[81.81497155613977,188.3762873074853],[81.86608880189422,188.4611703071405]]],[[[81.75222149894962,188.47064225306036],[81.74235554222892,188.37036335469332],[81.69716058774306,188.48050931782808],[81.75222149894962,188.47064225306036]]],[[[76.01121489155716,182.30723813227615],[75.53598109163319,182.63992105525398],[75.07686008549143,182.55812910649848],[74.79547276242047,182.86676523487097],[74.14671050889908,182.22739125405457],[73.89148796538237,182.39393765060942],[73.52314072709812,182.2399854452154],[73.62629833272817,181.83761382858864],[73.18891296182537,181.61836944490176],[73.00275471245124,181.8526435594596],[72.41232340053219,181.93806396819667],[72.34950544451695,181.67206581827344],[72.17607361085098,181.4335303917996],[71.89082780487996,181.4114821214185],[71.62953059860114,181.84625237531844],[71.23190517165844,181.96332322651608],[71.2961964861962,182.46483532044806],[70.78015535092885,183.04287088799256],[70.0058360149697,183.7629347760154],[70.22287239944671,184.51513434883995],[70.08919377051556,184.8203546333748],[70.20785672508664,185.04770234904265],[70.58159633252404,184.67963964851512],[70.83260843650874,185.2260577564308],[70.82043424199888,184.81344476496093],[71.11731340218813,184.99756748244974],[70.93551691083658,185.49784145652225],[71.20502860335979,185.569042048689],[71.44652333994924,186.00459373492083],[71.62955110683501,185.92520038007433],[72.03798607241359,186.34740469315207],[72.1210933124981,187.0887817616178],[71.90278094958649,187.65173345134667],[72.38040125032353,188.06309081407542],[72.48134332268779,187.8379535348573],[72.75979588621969,188.7506591461891],[72.13265807196436,188.64425017514645],[72.48765499777048,189.30286714513514],[72.2925606498346,190.01399367238696],[72.62084830145437,190.50627814203096],[72.83262972045675,190.49080038287977],[72.77646684004189,189.97009059661593],[73.06366303322538,190.35411926146125],[73.57558501776268,190.48873755305908],[73.39297842448345,190.0339242235755],[73.85602794145103,190.56740718746104],[74.3320989264199,191.24422856518953],[74.19090731655653,191.3102474085183],[74.2984490973619,191.502570121212],[74.13507812733184,191.5523996715853],[74.24963162907548,191.82281623519142],[74.03980982035851,192.5660609636125],[74.50859335710298,192.95009358994722],[74.39463488729058,192.9679286103957],[74.56740940684064,193.72790337739255],[74.74905794577458,193.7772256987243],[74.71562197777014,193.299560458761],[74.93991910662643,193.50514361764334],[75.00313313533805,193.94427575713448],[75.18235659996306,193.8622733613429],[74.99443085029807,193.4785770032428],[75.08182044697699,193.35593228302247],[75.45993445453799,194.12077460005057],[75.34477161941018,194.60238960374988],[74.98754080802848,194.70664461190032],[74.71993612590755,195.00076685215197],[74.81290411062052,195.45407664881407],[74.9343503615858,195.3159774194858],[75.56040883129705,195.64092643535332],[75.99705854296523,195.525376813579],[76.09527083502802,195.66976719525496],[76.54519375988795,195.46317255535487],[77.2529331071472,195.20496505969822],[77.64365647909753,195.19272794390284],[77.84293859379618,195.04038172994183],[78.01030046049733,194.78044906582272],[78.10692386700882,194.39583644517805],[78.25915388691023,193.45253579550345],[78.13400114872427,192.94418635489833],[77.95940160961756,192.2985993869838],[78.17040079223699,191.11752140968014],[78.47447992573876,190.66852276756447],[78.93245495298112,190.68948014645275],[79.17819765306633,190.10912169540546],[79.75837022025668,190.9916490695585],[80.18577081899369,189.94381773311255],[79.54500914156475,189.38211023544386],[78.10515838215971,189.14967224869872],[77.88593232521339,188.31880541605432],[78.0674301910388,188.1648249501979],[78.22039976496787,186.60837851244847],[78.41035175518493,186.57507311124502],[78.14903961344243,185.8067005067946],[78.1393433468285,185.22164546102564],[78.33167052832802,184.96055871691505],[78.12370248220576,185.13535241181518],[78.13221801321234,185.532638125188],[77.76607912018848,186.18814482427774],[77.46898778051326,185.9255399529654],[76.58099707002582,184.72685337583283],[76.52292223346798,183.93741598864457],[76.39682415806756,182.99797817310622],[76.01121489155716,182.30723813227615]]],[[[81.38631444081784,186.64190268585014],[81.42147171604643,186.73093269585695],[81.43010858330365,186.58953489630613],[81.38631444081784,186.64190268585014]]],[[[81.34299291454607,186.82443521088695],[81.31618711954744,187.00402092801215],[81.3664462317277,186.87920163679206],[81.34299291454607,186.82443521088695]]],[[[80.96077339806074,188.9098457271393],[80.80180612087025,189.73365585900666],[80.3848468774689,189.87104208472687],[80.38913366398577,190.0894956470716],[80.45223281529508,189.94821600992898],[80.54940226734782,190.049739823769],[80.60050103915653,190.39462941167847],[80.7007014534055,190.61762641146436],[80.75195544630417,190.3048562773718],[80.7061060997617,191.0651259392785],[80.62249175498718,190.88623199884148],[80.71960334405921,191.11915587531178],[80.70311083265246,191.96831004709406],[80.60163863716258,192.21597382019857],[80.68877847308617,192.55357123991217],[80.73224332311875,191.9641707600315],[80.80307543109917,191.79862092486292],[81.00264819293302,191.80981981161938],[81.00386387951502,191.51444855894295],[81.11451192277642,191.98375264482218],[81.19415615497904,191.8262488543552],[81.19811517645523,191.37199350096893],[81.22353576961851,191.61932464443876],[81.31908159581896,191.18913693672874],[81.24540967166638,191.69267336962758],[81.33368828422256,191.89610051749548],[81.39889657596517,191.68050470034464],[81.38115075992482,191.90177641341344],[81.44890682130378,191.84149560432084],[81.56081885739168,191.15358249209027],[81.58721352853254,190.70248017100408],[81.63708115201882,190.19681986842426],[81.66656378983205,190.4584128573843],[81.60709770586239,190.5282236399519],[81.59514714196558,190.78234379301807],[81.62059807927704,190.55632427349357],[81.67337236262965,190.76615253496882],[81.71868434762332,190.24454636222492],[81.72680321327975,190.3933834685991],[81.80319274127038,190.15081565349055],[81.80573401052291,190.4275131688539],[82.01794175608414,189.83787637664986],[82.02636320609867,189.64843537308917],[82.05649157987716,189.7408854809574],[82.10122683498973,189.32770824594115],[82.0211510378345,189.4288443027842],[81.9545589034835,189.79098163851535],[81.8735172618594,189.82700672231923],[82.05491708948068,189.0830782085491],[81.93648409633617,189.06983693267208],[81.93030351706146,189.35761903390747],[81.88716475044981,189.24661856038057],[81.66451920336092,190.38423010868183],[81.82087766741569,189.0603458374303],[81.66244566899083,188.94465229044943],[81.70598248416105,188.79473810222908],[81.63808482287413,188.55910687735044],[81.56499782128184,189.4280501392189],[81.62434847171922,188.50748959396108],[81.80470777924764,188.09289865269483],[81.79493271994343,187.71716831202127],[81.70034359200508,188.05531282742083],[81.69731453747173,187.02109892748362],[81.64770297657708,186.81016112819054],[81.59073949340494,187.30895794622924],[81.56829758896129,187.05753904180153],[81.56789071494484,187.39072410338986],[81.5021919078707,187.3626545508214],[81.5208091197525,186.95291414077764],[81.36295818036973,187.35059099953332],[81.4471912948729,187.23363053912982],[81.4590556161159,187.4749250199106],[81.56152066576371,187.45444125913554],[81.57702480776811,187.67861260137266],[81.38447387214693,187.60337884544555],[81.42315845245864,188.0070652722648],[81.34869540316286,187.8160346135067],[81.2296173997203,188.06978505883043],[81.23437256254144,187.3138625823844],[81.1698694309691,187.71991906952002],[80.98232244859321,188.38585288770057],[80.96077339806074,188.9098457271393]]],[[[80.58271841246855,190.5438270557309],[80.54437500175588,190.05283767462706],[80.43333329715738,190.00133392003377],[80.33310734846138,190.53444097117782],[80.40080688674169,190.8128901304146],[80.5741609625103,190.79201572333636],[80.58271841246855,190.5438270557309]]],[[[79.15573521541633,188.462108810924],[79.22572622484478,188.65961273777904],[79.22069229031351,188.48070750297046],[79.15573521541633,188.462108810924]]],[[[81.84325453580394,188.74173711077088],[81.86244856355171,188.85442918977608],[81.87562799769759,188.7513734640251],[81.84325453580394,188.74173711077088]]],[[[81.94417768825102,188.85465259327356],[81.98767302033423,188.96325796946587],[81.94708022342166,188.63246277172215],[81.90689072375025,188.96761287090007],[81.94417768825102,188.85465259327356]]],[[[82.03022001874155,188.7925655991319],[82.01855083846372,188.90214104150013],[82.0486058632726,188.9214179438747],[82.03022001874155,188.7925655991319]]],[[[81.88528087773997,188.73536051561265],[81.93997348692542,188.57561860506928],[81.92389661894848,188.4535651709711],[81.88528087773997,188.73536051561265]]],[[[81.71649136875371,188.56455459785494],[81.71658432783236,188.66239500928737],[81.74538585636257,188.6810075340601],[81.71649136875371,188.56455459785494]]],[[[81.77015030305704,190.55471563725916],[81.74695499203088,190.40029629660586],[81.73264083818694,190.47563852355455],[81.77015030305704,190.55471563725916]]],[[[80.67195530396896,190.6376480030234],[80.63110759301578,190.77629413085324],[80.65736056103938,190.84139783239925],[80.67195530396896,190.6376480030234]]],[[[80.57284602299319,190.8519387161681],[80.57986939154813,191.03886655617998],[80.65782069090139,190.98725323121792],[80.57284602299319,190.8519387161681]]],[[[80.63658094626254,191.74996797125635],[80.66666492507622,191.60733461426094],[80.64710495137817,191.55776830484663],[80.63658094626254,191.74996797125635]]],[[[80.59898228561954,191.5461215017394],[80.69419904676033,191.1729730720764],[80.41954497059866,190.8918944231379],[80.30524508342805,190.6526081513005],[80.22310666865967,190.86578260040483],[80.459228464465,191.68308044876366],[80.59898228561954,191.5461215017394]]],[[[81.1761357511762,191.96691095881405],[81.20498772602807,191.8863908557779],[81.1944065631234,191.84063749251064],[81.1761357511762,191.96691095881405]]],[[[80.74483413494583,192.09495733886638],[80.78925511590836,192.11076939969345],[80.77294369805293,191.92394218448408],[80.74483413494583,192.09495733886638]]],[[[80.99108006726809,192.17677731663917],[81.0425642510001,192.15434606532145],[81.00123460939187,192.09899445934022],[80.99108006726809,192.17677731663917]]],[[[80.88087223266209,192.36426016394415],[80.93754518460203,192.27298413470675],[80.86325569723303,191.95847708180722],[80.74311010773528,192.5095105965417],[80.88087223266209,192.36426016394415]]]]}},{"type":"Feature","properties":{"CC_1":null,"COUNTRY":"Vietnam","ENGTYPE_1":"Province","HASC_1":"VN.HU","ID_0":"VNM","ID_1":"VNM.24_1","ISO_1":null,"NAME_1":"Hậu Giang","NL_NAME_1":null,"TYPE_1":"Tỉnh","VARNAME_1":"Hau Giang"},"geometry":{"type":"MultiPolygon","coordinates":[[[[54.45588512675978,55.5020825914136],[54.47452713760648,55.77187801756784],[54.61080656913872,55.87730166169278],[54.7068652209731,55.81780605039556],[54.77670904971727,56.09191878760192],[54.715810702161505,56.10309148347764],[54.76020685971011,56.16706701611528],[54.564906078110226,56.339533921253725],[54.315514782410915,56.37868770338814],[54.297978034245354,56.53827251146896],[54.11283168444425,56.53779176911181],[53.8601426024854,56.71404382611112],[53.66814105980721,57.03238997246619],[54.00199166059276,57.09676864992244],[54.07469904379907,57.225577373217206],[54.31565892000373,57.249630250675935],[54.43698523897447,57.3892112569295],[54.51888602618171,57.33368031856689],[54.52935222398022,57.47983242758502],[54.45254791204968,57.48651766211878],[54.40114769038456,57.60370314979781],[54.524689750749815,57.589720340358255],[54.469230275069734,57.67941001999013],[54.521982772420934,57.621114963593726],[54.756817046259506,57.79386475903697],[54.64078361486118,58.059474589539235],[55.965679537156234,58.202911504397335],[55.8817977360431,58.26448716167075],[56.15615256636707,58.774727626160086],[56.02697003636679,58.871623862475644],[56.45229114714439,59.36194313289856],[56.362699534229584,59.39643039837853],[56.59581063803476,59.74566407796581],[56.720094069040144,59.69439245156939],[56.815326986627085,59.84357213601437],[57.0347669692961,59.747466674608695],[56.98127369409109,59.67208511701013],[57.65072093944002,59.083993210510215],[58.13797937308978,59.30405704436278],[58.18112052675889,59.45951698875576],[58.64497706938799,59.24706736320161],[58.363613617088006,59.07803831145538],[58.56771701892223,58.90629570834835],[59.302037293910004,59.09090768816246],[59.555601309479584,59.332596658841055],[59.99957753374095,59.14686731021334],[60.36326684797364,58.91091632714626],[60.960845909946045,58.96069921704706],[61.13058302908245,59.06602788635675],[61.323061543606414,59.29757589716654],[61.67169971342154,58.84649974165801],[62.01679604510441,58.39267701526302],[61.685307976046474,58.12362059276529],[61.29959552143647,56.729929742205336],[61.39463764001579,56.690310185027705],[61.26603282838726,55.97898236740765],[59.32716168266155,55.2037448850314],[58.95683075362517,54.943020443465215],[58.912520926888206,55.06550801017772],[58.650784310716105,55.03404657936204],[58.63082716820517,54.92279792922471],[58.19227610458615,54.90457699943799],[58.13707068153832,55.00757063598991],[57.86252031817574,54.823083598940144],[57.51765976371978,55.07592722357915],[57.435217793834966,54.938944176288786],[57.25886653277535,54.99155484754666],[57.254001631302714,54.88891358433398],[57.08836575441967,54.934167777433885],[57.101147136419144,54.79284761430694],[56.88138628898953,54.990510445028534],[56.39291102911549,54.94793571206537],[56.189512806556905,55.04973917471821],[56.149321800585305,54.954428956925014],[55.92060740217758,55.03296801050682],[55.79577052664075,55.22745540786903],[55.67098887917607,55.109057658677685],[55.46731290768754,55.163430949017375],[55.424264127660734,55.29672100339893],[55.163306405435385,55.40306646879357],[54.97536035534792,55.3524217465656],[54.94978576939826,55.460710538420614],[54.758740612773835,55.45737681560934],[54.730605615558915,55.32533019477495],[54.51129858891233,55.366858752944765],[54.45588512675978,55.5020825914136]]]]}},{"type":"Feature","properties":{"CC_1":null,"COUNTRY":"Vietnam","ENGTYPE_1":"City","HASC_1":"VN.HC","ID_0":"VNM","ID_1":"VNM.25_1","ISO_1":null,"NAME_1":"Hồ Chí Minh","NL_NAME_1":null,"TYPE_1":"Thành phố","VARNAME_1":"Ho Chi Minh"},"geometry":{"type":"MultiPolygon","coordinates":[[[[76.36841124565638,62.48785092068388],[75.06221993457646,62.97410813762244],[73.33956879713969,63.69704430870782],[71.22805940214401,65.33208179322915],[70.72719103302043,65.86573384627681],[70.43577419867034,66.22874389133199],[70.49056784902014,66.48611390096772],[70.86201941110195,66.90872602181477],[71.04578040412733,68.26412405561669],[71.13396007238374,68.41208264468187],[70.33394344623295,68.1039780073709],[70.45585021673513,68.79196807744218],[71.54948629894488,69.18789859189843],[71.73990371425235,69.61805942978908],[72.31816458215435,69.92972488544925],[72.13438587491486,70.38356462887674],[70.82723459790863,70.14933591868756],[70.19260994003294,69.88029272034974],[70.22198943461866,70.10159637572784],[69.73662566942244,69.80824695955911],[69.14921186464954,69.51524068253278],[68.76845954253679,69.61354479506711],[68.49920762951369,69.3373630267022],[68.09898202530762,69.30627038885628],[67.74846492858786,69.34735454919198],[67.87395309683937,69.65981564015854],[67.62147940555458,69.69751426889735],[67.78930611735638,69.81852183605295],[67.58213319799171,70.02615723322654],[67.24084622512595,70.26930953360608],[67.07055529690847,70.16781992187482],[66.46208822149936,70.74747712517647],[66.44790065377754,70.63585121703488],[66.00099684775415,71.04764821289052],[65.76021661015595,71.16250396963994],[65.54429707211196,71.47781812959153],[65.46623806577479,71.71936154327314],[65.42560386708747,72.19969335262404],[65.04208675446154,72.63441129397548],[64.81570927351119,73.71899510019058],[64.55652724570015,74.07955977022425],[64.31401819449998,74.16437774587494],[64.13127980297438,74.5410912593168],[63.893829766964004,74.67724428587573],[63.3621855706266,75.94822078780354],[63.672660393892954,76.06016091323895],[64.30101567393146,76.40710432577359],[64.5121688539254,76.91586942845178],[65.14468708181104,77.66045520567876],[66.67470522843229,78.99929946703854],[67.344834329094,79.47056353312533],[65.98171429797748,79.91895157389216],[65.48440959496543,80.35553563098436],[65.32664784607289,80.89245730857388],[65.43328518133482,81.45494103468292],[64.84717948199179,81.33729919381824],[65.0335516508718,81.91779736194054],[65.22914986656566,82.06025064781639],[66.1999490001053,82.4310145515781],[66.51473019787255,82.85089388356994],[67.67836118596608,83.91739366067463],[69.04440496793326,85.30392289948702],[71.01721861702286,86.58326637565354],[71.04490914467692,86.65775371867169],[71.61174450396612,86.86984630188269],[71.86742864772421,87.17116604186053],[72.37314788228144,87.2475453932761],[72.1552316843437,87.09793100952564],[73.09148357998771,87.17623208185921],[73.33616109437932,86.92194506184407],[73.14188744372872,86.63481596266655],[72.83457692627319,86.49895135097906],[72.84041240986497,86.27599496569414],[73.18220233332556,86.3891261832973],[72.57485040322055,85.89164196519239],[72.90856799515352,85.4749442244191],[73.45541062624312,85.61803276885107],[73.76552524432047,85.89056348588232],[74.05107359917625,85.6471126842535],[74.33871502866069,85.88806226626136],[74.47495255510921,85.81890210273768],[74.08617855961003,85.52891020018973],[73.96781796573039,85.18874232553861],[74.56774645793314,85.32450808028013],[74.26674128127338,84.77775223759258],[74.66330844465205,84.63418727094425],[75.34774646107445,84.93775889879353],[75.27482001718101,84.21422566681089],[75.13289813158987,83.60016062933302],[75.7748524501975,83.45433173369516],[76.47017905527262,83.78001433762964],[76.71092136706226,83.04149451810429],[76.51613743298316,82.64523854357469],[76.315707652895,82.36682501784321],[76.63684739097316,82.05949504910065],[77.74492209124985,82.66589369961248],[77.39062326639689,82.77043822269174],[77.59289736567746,83.44297558817559],[78.75439136627594,82.98147371575385],[78.58953547758856,82.8996825770659],[78.78390450207576,82.59538624125781],[79.16904008272948,82.87675939212266],[79.05864177208338,83.22286973033135],[79.31465063859287,83.6404268706509],[79.57788169103095,83.44116659565634],[79.80438732611879,83.19999228486083],[79.74343244217259,82.92978741756798],[80.36737709021914,83.1218313128922],[80.5922617275616,83.1476207383605],[80.78206027182148,83.57052110036462],[81.09695897604811,83.70792919873963],[81.53374499591722,83.13924252691311],[81.53500969525761,82.87052708711718],[82.26494914568923,81.91727197243057],[82.39451404091592,81.61033561465435],[82.69718895487122,81.14131082542423],[82.37556349276628,80.43821428909771],[82.62712571077319,79.77989633261095],[82.10616197226307,80.08154985732392],[81.40893808048958,79.58089697821475],[81.3605650327262,80.33511334662673],[78.46837417624944,77.51506186214671],[77.1763512938151,75.87054388023576],[77.01549194584359,75.38978120352375],[76.7783286242217,74.98855023064968],[77.33380425560337,74.14901535389806],[79.13374083155284,74.34461094614082],[79.42316111431444,73.34219224891592],[80.28103917164454,73.72563374399603],[80.85249489259263,74.42696313725143],[81.56955547638131,74.64360116720955],[82.52658068732285,75.38113540633387],[82.9710253468536,74.66015307270624],[83.21246187334796,74.15618946508658],[84.02968737952159,73.90814654429983],[85.00618810445701,73.60692111710415],[85.15024558788382,74.61614081383183],[85.41499479318873,74.98695109133966],[85.77119977010071,74.15758036448051],[85.49928294951472,73.09755227463283],[85.79048338462617,72.50412181924496],[85.06902661132867,70.38274857818986],[84.72940342134589,68.12229688176205],[84.5251491175473,67.59462743135353],[83.65852140268328,66.76542141052616],[83.50085930202884,66.34424853141853],[84.061147931816,66.29659957962915],[84.10016801734015,65.901102505965],[83.50610922186716,64.70253439567432],[83.18817370649545,64.25051377924468],[82.44700466000737,63.63152801402626],[81.52238395458448,63.01796209971225],[80.37926074518309,62.47143859478989],[80.03073370390543,62.40495266933215],[77.97452486078336,62.02845220881962],[77.48170909215558,61.935529068878466],[76.36841124565638,62.48785092068388]]]]}},{"type":"Feature","properties":{"CC_1":null,"COUNTRY":"Vietnam","ENGTYPE_1":"Province","HASC_1":"VN.HO","ID_0":"VNM","ID_1":"VNM.30_1","ISO_1":null,"NAME_1":"Hoà Bình","NL_NAME_1":null,"TYPE_1":"Tỉnh","VARNAME_1":"Hoa Binh"},"geometry":{"type":"MultiPolygon","coordinates":[[[[51.098960425653665,178.51741050303903],[50.80657809889437,178.65067151668782],[50.827211723188675,178.5826978826267],[50.66596385046103,178.6730393767135],[50.45760395471412,178.7945768615514],[49.95432053759191,179.23429205188944],[49.84115812626263,179.26997721594884],[49.505547765948165,179.92045616899117],[48.877300666126,180.83557110079104],[48.725039248731925,181.1238360910129],[48.752433269727916,181.03523117682016],[48.50273562719404,181.49805135263742],[48.340284699544696,181.80706174538813],[48.24189991225162,182.12272602461366],[47.87611508569402,182.76117214941468],[47.52789077924034,183.5245178299201],[47.44515799610809,183.71342230249314],[47.26365499088959,184.00925383965404],[47.07236308144082,184.3116997457589],[47.04227567053006,184.31399220755543],[46.74006760054464,184.73808196611142],[46.49129295948962,185.09650911754946],[46.01420563677027,185.59765492389403],[45.70548819868581,185.91582380746854],[45.67576521878979,185.85764030711547],[45.54739931089976,186.1082265126937],[45.41938453401848,186.15006951534724],[45.4746172519803,185.94187873953672],[45.11833892488331,186.40628949875423],[44.82588424494029,186.6221920516608],[44.751074228214044,186.75023922447937],[44.44357509813136,187.2961803195683],[44.015690335661304,187.6754942608197],[43.709457327558624,187.94049744292104],[43.42824184074867,188.28919344391392],[43.20933347587184,188.37227133204198],[43.26114199033042,188.22280310820452],[42.866466361514654,188.8836585426127],[42.87396896497004,188.94941258263358],[42.51352980531264,189.66878592752602],[42.55136151014721,189.82348774684698],[42.94934031258743,189.27044444737984],[43.00637946589185,189.23955698712481],[43.11156269694438,189.07630075423782],[43.08447658053099,189.143572480668],[43.45437596842204,188.76269413205364],[43.60214266314544,188.72294220286815],[43.19001320040938,189.17935214140775],[43.01667631607204,189.64898770204627],[43.07521285756097,189.56636869804694],[43.01841460040911,189.77274672229746],[42.81740867052636,190.03855060107128],[42.79948022776949,190.29321854220376],[42.7530633354644,190.35955367989183],[42.629245224331285,191.1121906715402],[42.4319222510071,191.52987395620312],[42.31492222180583,191.96033676938936],[41.87448994016816,193.08151647938558],[41.70997529380835,193.77434528148962],[41.794056699931645,193.67667498189604],[41.81044254036369,193.91898865829455],[42.055068012991384,193.88667054995477],[42.116620953770635,193.4404439264702],[42.05900506401473,193.30819225877258],[42.18505716480562,193.15361156688454],[42.233787183892375,193.01364798446394],[42.361511193642045,192.92257427475667],[42.68367737373034,192.1797067240763],[42.6992151354356,192.05720302966347],[42.73595533845599,192.06006989875942],[43.11645178671712,191.10710656434384],[43.26067719376663,190.75513851148384],[43.546044110976524,190.523866524119],[43.89489066016614,190.46470659007525],[44.04972317689467,190.29626362082527],[43.94580813060813,190.17589570807672],[44.05492874656476,189.9883908015659],[44.2445923565028,189.91051260029468],[44.2164912007821,190.01043253386962],[44.50014369635067,189.86336554966618],[44.600775344088504,189.68789252410235],[44.69963258584473,189.64384767491504],[44.74650704157886,189.474265889105],[44.849153949503744,189.39847736736084],[44.95994678978172,189.11018643223616],[45.004080383693704,189.17264886763766],[45.194977191948325,188.85415552539513],[45.27196581138149,189.73139370571644],[45.22962555216455,190.02757522268334],[45.363402568825165,190.13055816149836],[45.30853696793605,189.93217944815797],[45.5277924124883,189.73274295668878],[45.56223597350731,189.5578277812923],[45.99262894512062,189.37832869929338],[45.96430029840267,189.00835916420004],[46.19586711790616,188.5058807790682],[46.20580183266338,187.77553411008],[46.285990444076575,187.5590272707759],[46.6920633542194,187.24845078043109],[46.9211357402456,187.14341375870765],[47.37082369771656,186.260025244835],[47.70542236662526,186.0809701631032],[47.833290805446545,185.88522073848293],[48.11306222238758,185.71840593326579],[48.55487059114225,185.5915890988705],[48.87471915119049,185.55578224680005],[48.93037116622146,185.41605968244465],[48.29799445861014,185.4585204575571],[48.21006480715788,185.36553359894614],[47.52445469200253,185.57826781769862],[47.777092334320685,185.44767221583822],[48.36453274038345,184.86139830358474],[48.38181233489547,184.67662170492446],[48.177588140215505,184.68652588872254],[47.75760383912687,184.93765023002663],[47.706531709535774,184.90311965555162],[47.85597683263197,184.75239244609847],[48.208088214502986,184.52955432925705],[48.68362345295814,184.50520287352546],[48.9543596740453,184.30951158058173],[49.39962424525017,183.85245719138447],[49.495243195453675,183.89578556510364],[49.669768201701956,183.6419798033529],[49.421549630469435,183.75294059099187],[49.367693051401424,183.6649548366281],[49.51946002329838,183.41667440809647],[49.93370638946804,183.15805513583757],[50.18741247883355,182.70636811084591],[50.40360024104251,182.4073071992205],[50.63661160555647,182.07765353974867],[50.54175520333263,182.01432320458414],[50.91784510076732,181.46963631063093],[50.86212733142003,181.3148869469877],[50.69379952314825,181.40253359855774],[50.7642367748544,181.1479711596205],[50.79876790842556,181.21357603055122],[50.811353606026465,180.90636353741766],[50.91515278372327,180.68526725497122],[50.84649822600513,180.65604837665734],[50.683272186434046,180.85053528387067],[50.77865546197306,180.6463178287837],[51.224872685228654,180.20444145639448],[51.357958086284036,179.91520503854102],[51.70735172919976,179.66113549922022],[51.77547699996732,179.7079981166503],[52.27596914025968,179.55062875490123],[53.29784183971597,179.06182477080378],[54.0276670494251,178.57161030851717],[54.355141968582146,178.17941264837773],[54.62295352130312,178.15261021629823],[54.61810767059688,178.0383728591867],[55.28333528073902,177.6874184384856],[55.29386924880159,177.51448195068497],[55.73881032701571,177.1762720614921],[55.05195983899157,177.3213032315086],[54.0493440341639,177.86681310251583],[54.0308752086842,177.76164075030024],[53.4058531432635,177.98288463475092],[53.775144598213345,177.68740195537575],[53.65363375590195,177.7084315257181],[54.22135989305817,177.23048416807026],[54.01434603923402,177.30019595104517],[53.84441600458847,177.45880284201587],[53.487859392606524,177.57062687778733],[53.418633196846145,177.6843780132056],[52.94897102866037,178.0026608699611],[52.68013484203106,178.1153893091768],[52.866220789827494,177.97230143825743],[52.907864052332016,177.88621078704298],[53.33907040480152,177.49276486333534],[53.988432105607984,177.01134751355315],[53.534470501350974,176.8285489479644],[53.356622959370554,176.905002794861],[53.00394266668337,177.17375018309934],[52.60376792052729,177.61482155666093],[52.38205138688099,177.86475966433167],[51.89377521714748,178.23348366706753],[51.558487087120966,178.41539856265766],[51.522375606095196,178.3638218995752],[51.098960425653665,178.51741050303903]]]]}},{"type":"Feature","properties":{"CC_1":null,"COUNTRY":"Vietnam","ENGTYPE_1":"Province","HASC_1":"VN.HY","ID_0":"VNM","ID_1":"VNM.31_1","ISO_1":null,"NAME_1":"Hưng Yên","NL_NAME_1":null,"TYPE_1":"Tỉnh","VARNAME_1":"Hung Yen"},"geometry":{"type":"MultiPolygon","coordinates":[[[[62.74608057148007,182.1201000608062],[61.424800275851474,181.613729235793],[61.51225636064425,182.12019845246743],[62.00397711287863,182.41228682226512],[62.515031456062616,183.32141468715434],[61.29857858266909,183.12042227715955],[61.12072574488723,183.29564153950716],[61.499098711963846,184.36658337542448],[62.68961440302046,185.42023076696293],[62.753710148698,185.93624771426684],[61.79703642891282,186.16087348199534],[61.83359315423057,186.47615224013123],[62.8403486186633,187.25468326985327],[62.65531193993723,187.36475656111318],[63.01924126157186,187.71539268362457],[62.734616788234604,187.935414795752],[63.52589389301784,188.8427876361015],[64.85366449226478,188.89850814814366],[64.94736684662863,189.65482128281985],[65.13442376792011,189.79969547271287],[65.12896114748811,189.95970929141922],[65.64341778493335,190.43104014816706],[65.84901867650127,190.64675911414753],[66.09492546986041,190.53415698872084],[66.64448743831578,191.39377269804805],[67.12602235903047,191.40388361126253],[67.32886101893251,191.9826671862123],[67.68551015814963,191.83044308200238],[67.60397806864155,191.33510633681112],[67.80312382755238,191.48984233607342],[67.87257354997742,191.24342971821426],[67.67972607566693,190.6617798224038],[67.96510284636103,190.58318418361065],[67.76138161162955,190.2197004507256],[67.64480259794944,189.2883257221286],[67.25721534862257,188.61325026732072],[67.29768144144356,188.17105145399947],[66.9416858666863,186.89928533644715],[66.78154011797349,186.7345907772779],[66.65408265463898,186.15170314404762],[66.79065021462384,185.77635459959043],[66.62074621060007,185.48375808571268],[66.86645484806782,184.96753567957768],[67.00755095243322,185.16578268994766],[67.13104962571963,184.71857755528896],[67.30676484792181,184.87365510683708],[67.38997911901646,184.59355589530685],[67.54580861553342,184.64361040282122],[67.50510591228621,184.22167858508445],[67.40839431429576,184.16618336342202],[67.67604798628204,183.4010772891803],[67.96619797169205,183.49196109083556],[67.24391159314455,182.71755325979353],[66.97661252632642,182.4942954583948],[67.00086152587123,182.2826632303846],[66.33350313716093,182.3411360884265],[66.13414363469097,182.0669708460069],[65.57988275465856,182.13179439541665],[64.90111111239004,181.62315920907469],[65.14927230948796,181.5355362833056],[64.52373586141023,181.1611985383314],[63.65499608268595,180.72944020421863],[63.15273817676748,180.62114720114172],[62.7199141241284,181.13541656716203],[63.57349656590819,181.9032180214141],[63.379725056728915,182.21149654597073],[62.74608057148007,182.1201000608062]]]]}},{"type":"Feature","properties":{"CC_1":null,"COUNTRY":"Vietnam","ENGTYPE_1":"Province","HASC_1":"VN.KH","ID_0":"VNM","ID_1":"VNM.32_1","ISO_1":null,"NAME_1":"Khánh Hòa","NL_NAME_1":null,"TYPE_1":"Tỉnh","VARNAME_1":"Khanh Hoa"},"geometry":{"type":"MultiPolygon","coordinates":[[[[94.52685276395268,91.91096668890252],[94.39850882865532,92.31824975807461],[94.43505959776935,92.63699098276909],[94.29369661834983,93.06451261837367],[94.31656653795872,93.14880113038224],[94.26001144926992,93.58191889415096],[94.28505800691306,93.69841436340177],[94.13119784754885,94.01426582523287],[94.15258653683989,94.08372440855025],[94.0719648587598,94.4026294156325],[94.11032645620618,94.56226301057605],[94.05106654414453,94.87601708077075],[93.96669753533041,95.03114862568704],[93.98672137969446,95.17120237529402],[93.91420668242557,95.27890862281616],[94.01916213409297,95.77925681134523],[94.09252772805233,95.87817340298893],[94.24112786058168,95.72821561457248],[94.29413746665314,95.75589207312363],[94.30420320892564,95.96995990931235],[94.46954066148788,95.99157841365954],[94.6056862683795,95.91502028507658],[94.71725763748447,95.68411525372653],[94.79608410519636,95.72980980482977],[95.11838130963447,95.4605031459434],[95.45632161919524,95.28648963595491],[95.51363119508788,95.60376024278067],[95.29460865716528,95.7812629622568],[95.46649284078062,96.0180193075083],[95.39432270436377,96.12498882508909],[95.60134851941959,96.53933146197741],[95.52511790801157,96.68681393617632],[95.20513301569827,96.84103443463108],[95.17466413061396,96.93032876733727],[95.29365940410176,97.07925894681811],[95.48394718808476,97.0555790548219],[95.62332468557078,97.17249535140989],[95.6214587414016,97.33328172199705],[95.47294810576611,97.46652438986942],[95.85574745394811,97.57445673750635],[96.26916569495518,97.42579301511621],[96.37628204263831,97.47592373141153],[96.31254551919322,97.58586919282138],[96.3712481423954,97.58962699264292],[96.65228582368933,97.68314382953028],[96.57797996742534,97.71788321661649],[96.83993305372434,97.75733539905993],[96.83672089737307,97.82693385000444],[97.06424365984972,97.78227334293155],[97.11316733358957,97.8366340380586],[97.30505545013281,97.73574723260441],[97.41223110481644,97.78247143658893],[97.37936235186332,97.86071407329314],[97.50308366297001,97.88969536464347],[97.60575122585335,98.09655187296985],[97.86216447622965,97.94584658691883],[98.10332990980973,98.23116696006026],[98.63195176399134,98.16846624467183],[98.81539171890242,98.03415759668394],[99.11461493862704,98.17681542083551],[99.24140441108767,98.11546710512835],[99.72318833497906,98.12836928081575],[99.78434522632227,98.06644210902851],[99.87510849312847,98.14694313631716],[100.00210168733526,98.12051169470455],[100.26866536381274,98.2268033689537],[100.53377357522275,98.01926563259204],[100.29271640631734,98.00861488372036],[100.22827152150597,97.88087474196413],[100.29745397752495,97.83887514092204],[100.2833998529798,97.71385073478561],[100.95572841192039,96.86829383297322],[101.08984618410187,96.87367261811416],[101.0370726448777,96.79324192839626],[101.24679636046025,96.56144646486493],[101.40524987685755,96.55300894036414],[101.44845602475743,96.47647205387027],[101.56083362809306,96.4895187484572],[101.67044285418407,96.31712313823006],[101.41370468356777,96.3306013265252],[101.45671016250277,95.87428296834533],[101.39369813555652,95.82990740392032],[101.56479120281459,95.39698128323872],[101.50245909240193,95.3730339877105],[101.41772126490503,95.52350570061186],[101.27894452898732,95.56506662377816],[101.22208263178563,95.88635434308041],[101.02826403299342,95.97762818231467],[100.91702278512761,96.24165865491796],[101.12465854878576,96.280895917863],[101.04262267615492,96.59512585380284],[100.89879241678128,96.74515926610607],[100.89108878389723,96.61861017696195],[100.67090997774636,96.7057134351729],[100.59374513008211,96.65502157742962],[100.61551277198687,96.4304142390132],[100.4193476334328,96.65050641479564],[100.31081665136624,96.56796105235136],[100.24293906660701,96.66489006384816],[100.35333056446882,96.68514955484753],[100.41753816711156,96.90624585587108],[100.47702833073127,96.84402007404461],[100.58110823351821,96.85469749477471],[100.65665845843243,97.0147996117401],[100.26578514004116,97.46407349427244],[100.1726803519332,97.74436703345359],[100.02411818989299,97.7478739907212],[99.94785297564707,97.5134136805876],[99.73495985235155,97.5182475593375],[99.30814817991342,97.12795686937514],[99.02054446346938,97.11059715814005],[98.86862467416475,96.92209017368172],[98.91877866047965,96.74471905251019],[98.82675477546236,96.78686491405014],[98.71252296027893,96.63478441921225],[98.89945744536672,96.491386012805],[98.85314214829715,96.3801721786684],[98.9189062856301,96.259148704564],[98.843275570629,96.07467090306784],[98.92371735316281,95.94437982310886],[99.22602465304485,96.19448968738438],[99.36354446900722,96.09008852385566],[99.27522218617116,95.4649014768716],[99.3970214705689,95.12322551966174],[99.84963403740144,94.74182319155896],[99.94027278032175,94.76408858111171],[100.09219133460526,94.53957563209457],[100.00310664761537,94.20988898713776],[100.15070756058113,93.94416119825453],[100.6534737999307,93.76631097440405],[100.73085250746995,93.64156511048384],[100.58179416945049,93.54528738769908],[100.61532941868245,93.40904213182195],[100.38222500656738,93.59008644661296],[100.30039731514506,93.49675100724133],[100.32713333240505,93.23712863788994],[100.2529779331338,93.149330704575],[99.85564119469461,93.3434447959871],[99.87883510495537,93.47698602820644],[99.12703429549154,94.29292124664791],[98.78475463094686,94.5878162728905],[98.58102616302618,94.23235627377107],[98.67617025363063,93.97353313666108],[99.07068654932401,93.81763593315162],[99.20662184871469,93.10988073642845],[99.73838309690481,92.76365580812914],[99.67055912987693,92.66452971402325],[99.35207634528629,92.63569721300371],[99.33877797339022,92.06850016131354],[99.5971037483087,91.8046679377709],[99.48424669490556,91.32821174846501],[99.75653972559186,91.18584748401769],[99.78314228521944,91.08163399526609],[99.67848870324755,91.04499424938159],[99.67265834519308,90.90636948813989],[99.50080568035717,90.86187054575635],[99.63694784661259,90.22900877564149],[100.19087720237962,89.30546013301937],[100.40760868283837,89.25258672001318],[100.44611799551132,89.04066633796384],[100.57899828955927,89.02936290389451],[100.33729675036807,88.75962300227548],[100.52963181845496,88.33197488326721],[100.62945381835635,88.29451099752418],[100.54388848335063,88.13364922810666],[100.41744137650764,88.18234880055958],[100.33086741853975,88.0714702475052],[100.19532407335645,88.29933835161071],[99.93695041773552,88.4053269820791],[99.66866648547027,88.31434037004746],[99.5748656936796,88.17712356540494],[99.64982136422718,87.80588732192359],[99.79391417454951,87.73560302770396],[98.91125219933721,87.82647527752837],[98.31356602467338,88.4418626443029],[98.14496329776387,88.8136874671927],[97.99954901920856,88.94463084313912],[97.84028655182831,88.98147080310238],[97.6693103500055,89.13055692917368],[97.5162423514603,89.07837170136938],[97.1331657421331,89.22279481850784],[97.00005062720116,89.34040556349476],[96.86621248808058,89.34852454836842],[96.62396010180169,89.50492746038219],[96.39298133040292,89.48583243601198],[96.1706533548593,89.63618198353923],[96.13108363631969,89.61226226006927],[96.02582055057931,89.70569112277923],[95.8857719281169,89.6862025930357],[95.77855693262617,89.84052222615392],[95.87819571046305,89.95094075615039],[95.80518065263236,90.18542771727269],[95.44743394136174,90.37578707486207],[95.40389663515535,90.46181917913816],[95.20375332463527,90.54564383823241],[95.25992270615096,90.66835984145368],[94.93125779034227,91.36282679740003],[94.95071481855155,91.7196694745447],[94.84442051034898,91.80536379524943],[94.76020270055595,91.68549503034392],[94.52685276395268,91.91096668890252]]],[[[100.22189931363206,87.93959686772041],[100.24768292371047,88.04830359485527],[100.36899605584219,87.91132392233912],[100.20103974845595,87.8426169798546],[100.06672767225339,87.94347559379318],[100.02286542545744,88.09466425089718],[100.22189931363206,87.93959686772041]]],[[[100.05895100479978,87.37923519691117],[100.01387943462039,87.48844714200987],[100.09631840258072,87.46436276583219],[100.12331061633056,87.35188967646721],[100.05895100479978,87.37923519691117]]],[[[99.93419627455391,91.40408287730746],[99.85846915093596,91.44585522673968],[99.96543753690304,91.46884855021028],[100.05133223437237,91.35652764551044],[99.93419627455391,91.40408287730746]]],[[[100.97157998361929,89.82588507090571],[100.92005798555611,89.87066570404394],[100.96332518198668,89.94346203133951],[100.97157998361929,89.82588507090571]]],[[[100.78633573861349,91.23473483067761],[100.62244308734584,91.2394557593241],[100.57970180516091,91.32584391064185],[100.78633573861349,91.23473483067761]]],[[[101.20323672368326,92.31961688678989],[101.1573415059638,92.29236534490242],[101.12763094859409,92.33859509430948],[101.20323672368326,92.31961688678989]]],[[[100.3275433695519,91.46525936611161],[100.36054092493187,91.40631135894034],[100.28392135264438,91.39875433710752],[100.3275433695519,91.46525936611161]]],[[[99.80836142369233,91.61127955051674],[99.72173558241586,91.51440078589292],[99.65142027895985,91.57435149362588],[99.80836142369233,91.61127955051674]]],[[[100.43542141741291,91.93960887812977],[100.615711570829,91.77172999378087],[100.74910409187771,91.90410591635539],[100.89428404479129,91.82340877530731],[100.87896190799337,91.60969463514843],[100.97053049016904,91.5247892548532],[100.84832190706236,91.43764582696377],[100.76010148088605,91.48879229423756],[100.83737901007783,91.54480449050568],[100.55222055575935,91.59026852918097],[100.584545312637,91.68095514104928],[100.46861487420912,91.59437172558734],[100.54656910185548,91.45171288081332],[100.43192692406839,91.44683282812585],[100.23382748073894,91.628045680584],[99.91790402035211,91.76857819581787],[99.84526814368407,91.92551326203937],[99.73330513728222,91.94696850883169],[99.76692652718849,92.01142724618153],[100.09452572038273,91.84105717463264],[100.11174101237992,92.01968728255562],[100.43542141741291,91.93960887812977]]],[[[101.26804208632507,92.42162736801816],[101.23342430965252,92.43132513606295],[101.22879269407272,92.4681113030479],[101.26804208632507,92.42162736801816]]],[[[101.08510196948447,93.31696100952448],[101.12242317369424,93.33839254899519],[101.24229903586587,93.19420020112999],[101.08510196948447,93.31696100952448]]],[[[100.78697652146448,94.50038491181822],[100.71613093118,94.4851689234304],[100.62708381862626,94.64033014359943],[100.78697652146448,94.50038491181822]]],[[[100.1119779838181,94.69449293765808],[100.03529760658493,94.6946538991707],[100.03015223918428,94.80987892308012],[100.24487030683648,94.81072582744399],[100.1119779838181,94.69449293765808]]],[[[100.46128978370015,96.30326347870647],[100.62415555236396,96.33652927917696],[100.87052962423839,96.19508026006699],[100.89484707551915,95.98319189110201],[101.0458009652647,95.79843062710145],[101.08087093896273,95.5378740194327],[101.28183221047243,95.3301068534243],[101.16094449480887,95.25476188859241],[100.94118910259222,95.50170405415503],[100.82221752058379,95.5360337013548],[100.6489749216752,95.75845125115954],[100.40890623093154,95.90454525887412],[100.40240565754735,96.05664893190209],[100.24058336000682,96.16702358313417],[100.15683017304906,96.12574376073798],[99.97691428288155,96.32334709542572],[99.98048831524267,96.43368380913878],[100.11362091766716,96.49671769728036],[100.46128978370015,96.30326347870647]]],[[[99.33499141737263,93.3261464852977],[99.28587534501496,93.34028643620024],[99.36139896718811,93.35748373119702],[99.33499141737263,93.3261464852977]]],[[[99.29069564585002,93.83783486388126],[99.29721749933378,93.78817182296714],[99.26490333582687,93.82822632901158],[99.29069564585002,93.83783486388126]]],[[[99.48609491676203,93.57901850350511],[99.34397773059416,93.64594101027883],[99.42609041674208,93.76418139388872],[99.56818751474263,93.62889527669056],[99.48609491676203,93.57901850350511]]],[[[99.33148825874105,93.76999362428063],[99.35106629323943,93.80175409011173],[99.3688387170026,93.75526337117151],[99.33148825874105,93.76999362428063]]],[[[99.57955162864921,97.0314096596615],[99.65354444947582,97.05151499094458],[99.60053767978866,97.01968680425733],[99.57955162864921,97.0314096596615]]],[[[99.90358503518758,96.47778700885135],[99.93563189133813,96.50296497032303],[99.96213413105144,96.48039412879486],[99.90358503518758,96.47778700885135]]],[[[99.98494077564658,96.48711437999256],[99.9917340546933,96.50723192922428],[100.0103878423165,96.47735858507775],[99.98494077564658,96.48711437999256]]],[[[101.0470908329795,96.42859571971502],[101.02574091385083,96.36890979266774],[100.92016511686211,96.44608428883646],[101.0470908329795,96.42859571971502]]],[[[101.74101894349708,96.31046133119716],[101.72421057925312,96.37543827143513],[101.74772542684894,96.36758643628575],[101.74101894349708,96.31046133119716]]],[[[100.33385266819246,96.55741771878684],[100.42974700934124,96.5524249035405],[100.3891969831171,96.46757682477457],[100.33385266819246,96.55741771878684]]],[[[99.8858995982419,97.21087807200132],[99.71850425378582,97.13754675128556],[99.73070615489128,97.20492927808229],[99.8858995982419,97.21087807200132]]],[[[100.51857569072746,96.95829144186668],[100.54597211079736,96.99409152044018],[100.6003519368139,96.96770673310594],[100.51857569072746,96.95829144186668]]]]}},{"type":"Feature","properties":{"CC_1":null,"COUNTRY":"Vietnam","ENGTYPE_1":"Province","HASC_1":"VN.KG","ID_0":"VNM","ID_1":"VNM.33_1","ISO_1":null,"NAME_1":"Kiên Giang","NL_NAME_1":null,"TYPE_1":"Tỉnh","VARNAME_1":"Kien Giang"},"geometry":{"type":"MultiPolygon","coordinates":[[[[53.474643836863294,53.41083885027379],[52.51091118844928,54.26468636108115],[51.64256977213779,55.12723872609031],[50.83277236547744,56.08818696319476],[50.79296174453688,55.88884161182356],[50.512190607245984,56.119795330000436],[50.39912500408988,55.873805193133315],[50.12445680071546,56.255500128332386],[49.9196075767741,55.51767177266261],[49.59506842892592,55.99214654407223],[49.51052750760455,56.02250679768301],[49.47516226175877,56.773244283871676],[49.32014040198841,58.25092234502148],[49.31520067493953,59.756362598234745],[49.36952095481215,60.00583456489315],[49.81759498734236,59.92583063782306],[50.28669618376778,60.85338256733474],[50.4615172943574,60.93509072367959],[50.570880295309934,60.86352058065885],[50.698348282868736,60.58392547038403],[50.80622936715325,60.60169625871791],[50.76784423060926,60.84964475825867],[50.327292485565536,61.79043471424514],[49.442621321731465,63.25286096040756],[48.69268793096232,63.27934008249467],[48.567434682721505,63.39128822790581],[47.71035403973359,64.87291523439004],[47.30398909014898,65.18079432322068],[47.036798297043205,65.29056160671033],[46.758603599473844,65.09827497704589],[46.36962726650009,64.27304626519484],[46.13986068674598,64.44633988029035],[46.01416298006386,64.40456385540081],[46.06650364629914,64.59722098398687],[45.84406035336837,64.9623146849421],[45.89684783711669,64.9615872359827],[45.782040686370856,65.15975478602458],[45.82740721440112,65.27101792297522],[45.71094470477749,65.73168737054974],[45.423583506357545,66.23583523904658],[45.30651001747695,66.30505575892245],[45.22476237261205,66.13604013098612],[45.22254496088116,66.54538894288008],[45.05460399801974,67.105624951285],[44.86035781158619,67.52106904616029],[44.51951399094031,67.37712657360792],[44.64093288255611,67.84432394826538],[44.553086758219756,68.16668873740086],[44.90141672736463,68.22467148653345],[45.028930127501695,67.86229790565949],[45.2335499616558,68.30338230436502],[45.546284128446345,68.48459210340738],[45.65404462905562,68.95866518777021],[45.92508484370015,69.16608877441608],[45.9787879676026,69.41362740537102],[46.13448351162546,69.51111200328782],[46.49681302614378,69.40299852351143],[46.525939150318955,69.56156503212344],[46.963865088000844,69.4566785504491],[47.44743626236583,69.12931555850527],[47.68731914203316,69.1326284996668],[47.58161066695975,68.64771751100328],[47.70657743098681,68.3260258917477],[47.7411542752535,67.91574241271911],[47.86358550297931,67.43066779948727],[48.12949173223861,66.76335398290554],[49.32779461153707,66.10979300433334],[50.21291266809527,65.16704557404823],[50.71320537076026,64.33439312810509],[51.004685767334564,63.94060216439488],[51.29525612333399,64.410936770751],[51.33845426972325,64.33347985681081],[51.25422390073332,64.20543205301168],[51.517263372158155,63.85548725900709],[52.29790947008463,63.040806172910294],[52.36553598198989,63.11967923090636],[52.47722750473069,62.96263186321412],[52.56507776537869,63.06220712785299],[53.08394665679277,62.268201802400796],[53.12880703575307,61.930248468506534],[53.339040406467085,61.62398337404987],[54.315400502193896,60.62337716424767],[54.64920439076454,60.1474907386217],[55.02615074821146,59.717291161119725],[56.02697003636679,58.871623862475644],[56.15615256636707,58.774727626160086],[55.8817977360431,58.26448716167075],[55.965679537156234,58.202911504397335],[54.64078361486118,58.059474589539235],[54.756817046259506,57.79386475903697],[54.521982772420934,57.621114963593726],[54.469230275069734,57.67941001999013],[54.524689750749815,57.589720340358255],[54.40114769038456,57.60370314979781],[54.45254791204968,57.48651766211878],[54.52935222398022,57.47983242758502],[54.51888602618171,57.33368031856689],[54.43698523897447,57.3892112569295],[54.31565892000373,57.249630250675935],[54.07469904379907,57.225577373217206],[54.00199166059276,57.09676864992244],[53.66814105980721,57.03238997246619],[53.8601426024854,56.71404382611112],[54.11283168444425,56.53779176911181],[54.297978034245354,56.53827251146896],[54.315514782410915,56.37868770338814],[54.564906078110226,56.339533921253725],[54.76020685971011,56.16706701611528],[54.715810702161505,56.10309148347764],[54.77670904971727,56.09191878760192],[54.7068652209731,55.81780605039556],[54.61080656913872,55.87730166169278],[54.47452713760648,55.77187801756784],[54.45588512675978,55.5020825914136],[54.440146664218304,55.41743831196872],[54.1277000828437,55.532257426402175],[54.01725918315117,55.8361887064535],[53.88027800709763,55.701899463507516],[53.643466901238355,55.89805944487758],[53.45194831403967,56.33072244844002],[53.37954586244203,56.19636860171806],[53.41686196362441,55.828561311724535],[53.757246324064624,55.38438764930152],[53.72630203617298,55.203870828741074],[53.90443875465014,55.19241627438649],[54.035663741774584,54.78030204213573],[53.934375750411704,54.79410779232301],[53.906049630728944,54.522088418497546],[53.72959823464139,54.620711259627214],[53.68284867063315,54.28048751508011],[53.782027716971456,53.734721823024046],[53.59508418834352,53.78073103304868],[53.474643836863294,53.41083885027379]]],[[[47.31696839838811,59.977299184707704],[47.27168970425352,59.79126665128662],[46.83070816170779,59.83974009441949],[47.06291317203468,60.139115239859215],[47.31696839838811,59.977299184707704]]],[[[45.844432346952125,63.08092804164083],[45.94907010379318,62.79113155161842],[45.87149080458414,62.761857299753075],[45.765784213010434,62.980231473856946],[45.844432346952125,63.08092804164083]]],[[[45.553847049927626,64.27011941945948],[45.54723847474033,64.20679382880387],[45.5356878018647,64.35846896772955],[45.553847049927626,64.27011941945948]]],[[[48.58343012121227,61.52966669473943],[48.475078012721845,61.759812543107444],[48.54606490708294,61.874985666902695],[48.695028164056495,61.84104668578255],[48.630908050808294,61.823012409285965],[48.58343012121227,61.52966669473943]]],[[[45.58948054138477,64.44703247596692],[45.557514695944775,64.42153930583777],[45.55506862550867,64.48887385278027],[45.58948054138477,64.44703247596692]]],[[[45.58560414220489,64.52210838158257],[45.55268107468176,64.59332539025655],[45.59853879668515,64.53984709630784],[45.58560414220489,64.52210838158257]]],[[[45.921428873322625,64.54508855826884],[45.86183917665646,64.541671268445],[45.906559485253105,64.55746714496664],[45.921428873322625,64.54508855826884]]],[[[45.737321994425784,64.60053854728294],[45.82898126216941,64.56988126654517],[45.74183287392908,64.5737036877054],[45.737321994425784,64.60053854728294]]],[[[45.32081391922573,64.64269787681806],[45.30610013015797,64.55446243344055],[45.27473834849748,64.59317249977838],[45.32081391922573,64.64269787681806]]],[[[35.8993404135644,54.348660505900675],[35.921102768531696,54.30055697342867],[35.89619305444583,54.305354306936245],[35.8993404135644,54.348660505900675]]],[[[36.12938976420217,54.64161852392665],[36.09864637658387,54.54402087557648],[35.994641938812684,54.54458493345258],[35.90146853770548,54.39592688675677],[35.791964875824746,54.41481294712841],[35.77277201820537,54.62039047304627],[35.64197668436241,54.61895713488825],[35.86566416531633,54.81021358404352],[36.11017808688157,54.793350268812404],[36.12938976420217,54.64161852392665]]],[[[36.39883496112421,54.81897777209288],[36.40113828235055,54.7187434453901],[36.288888094700276,54.803107992641436],[36.39883496112421,54.81897777209288]]],[[[36.496787628172,54.821293085232654],[36.418264109382946,54.88844773402778],[36.48751936816458,54.95482046813419],[36.496787628172,54.821293085232654]]],[[[41.99084059392328,60.77108202978239],[41.944800869225055,60.79301631635176],[41.99505246728512,60.839067312373366],[41.99084059392328,60.77108202978239]]],[[[41.23977528196602,61.773166091733906],[41.27216527536254,61.719800891786754],[41.24128216756759,61.72387534540663],[41.23977528196602,61.773166091733906]]],[[[40.95021100195974,61.64398844742635],[40.91713880520274,61.68957972108211],[40.985287420451364,61.68402821940582],[40.95021100195974,61.64398844742635]]],[[[41.152348947635794,61.69810099170598],[41.20083126738669,61.70355095020372],[41.130418828584,61.65188531312835],[41.152348947635794,61.69810099170598]]],[[[45.171542800178905,57.92972971798423],[45.09717213994198,57.95572116934985],[45.18133765990809,57.97458362990482],[45.171542800178905,57.92972971798423]]],[[[44.80234721150188,58.017224473465504],[44.782480723206326,58.06917664569198],[44.79914800120637,58.07479142590935],[44.80234721150188,58.017224473465504]]],[[[44.74691311456466,58.0700933587012],[44.72783974459684,58.104946932906934],[44.75274150127465,58.12482218890194],[44.74691311456466,58.0700933587012]]],[[[45.026645946395014,58.12090192817845],[45.00660504401082,58.202270008015795],[45.0359026282239,58.207296200558396],[45.026645946395014,58.12090192817845]]],[[[45.099042921533496,58.2853846100548],[45.062190120182414,58.29773426815889],[45.07601296825261,58.45715608132815],[45.099042921533496,58.2853846100548]]],[[[44.651395979536225,58.260825482361255],[44.52182782602954,58.584856707332285],[44.5964224038044,58.67269758730376],[44.54733025978472,58.91281815027152],[44.622400413549464,58.84051570009447],[44.71754215956939,58.25264552330812],[44.651395979536225,58.260825482361255]]],[[[44.98952572105068,58.642105041355805],[44.926047823870505,58.51705232252718],[44.9222158618523,58.609643355644096],[44.98952572105068,58.642105041355805]]],[[[44.83795626231629,58.803729222909745],[44.88140844235085,58.86930801610127],[44.86939833199287,58.72114532465795],[44.83795626231629,58.803729222909745]]],[[[44.54595071004582,59.07307214020928],[44.544910391785784,59.016044777404495],[44.51327259891834,59.138451070696576],[44.54595071004582,59.07307214020928]]],[[[44.595809945619195,59.2573514079361],[44.587105696916936,59.329691825147336],[44.628331033768404,59.29883988600297],[44.595809945619195,59.2573514079361]]],[[[45.35637826978285,63.994504561252086],[45.351589090561546,63.89744079912798],[45.31202756088692,64.0078452806209],[45.35637826978285,63.994504561252086]]],[[[45.182477926707676,64.12192399467877],[45.24862415628897,64.04406362666344],[45.18073575439625,63.990617839984345],[45.182477926707676,64.12192399467877]]],[[[41.07167505960586,61.727348711383854],[40.998400857517204,61.777280170481426],[41.05026476851603,61.8158208053821],[41.07167505960586,61.727348711383854]]],[[[41.19666635822503,61.86751821769005],[41.17395781996121,61.92926545943222],[41.23948930140236,61.905000249825235],[41.19666635822503,61.86751821769005]]],[[[41.241486523274965,62.130922259376774],[41.2254446861566,62.025198071149184],[41.108156563694976,62.14694340959649],[41.09681378238189,62.43285846111093],[41.241486523274965,62.130922259376774]]],[[[41.105507084839196,62.60622832902822],[41.139818846785886,62.61761368847011],[41.22085090179444,62.40773766127352],[41.105507084839196,62.60622832902822]]],[[[41.10922287995037,62.717108500937776],[41.045040905181274,62.737897256694204],[41.0392153124637,62.84058951148389],[41.10922287995037,62.717108500937776]]],[[[41.41360971167944,67.30005102196712],[41.422231839618014,66.77340890559844],[41.36444299790833,66.3049302903284],[41.43071149692429,65.95448914180497],[41.36068879853531,65.57032147378433],[41.28080419732185,65.48486768464457],[41.10259837046502,64.53739489308401],[41.177981751047454,64.36429862251796],[41.05952477133721,63.917596258629374],[41.28589243608929,63.72439635981165],[41.227531644401495,63.201765544573156],[41.43933065383205,62.87365253458658],[41.30496447124551,63.02058449810716],[41.24429383722474,62.95162250581609],[41.173255947277994,63.04756115314967],[41.0835271698584,62.952796516832464],[40.92371498941059,63.4252712103374],[40.86263720676194,63.44300800615175],[40.30857010243783,65.93741874703579],[39.95906172980119,66.56288585741827],[39.74758941044081,66.58311174437247],[39.542728020191376,66.82528741190363],[39.421321936654735,66.84065704347854],[39.35357398156029,67.4907057497798],[39.27383113215292,67.56149437664278],[39.34208400445104,67.77428955314423],[40.11979836483199,67.52581521653764],[40.26096447666026,67.6513011228692],[40.40686516835737,68.09164117392987],[40.60002479635321,68.21082856139347],[40.67772230446235,68.59866770850726],[40.87584764380483,68.75824156556834],[40.971498755685076,68.68748193260272],[41.158522667972534,68.2037593669268],[41.21159334132864,68.2486780941699],[41.48799438241364,67.61883618330813],[41.482176234000164,67.40231751095217],[41.41360971167944,67.30005102196712]]],[[[41.296579583817035,62.796528002634275],[41.22930220349701,62.8951627162664],[41.28564196505818,62.84227824788849],[41.296579583817035,62.796528002634275]]],[[[43.51658616368799,66.40982701231387],[43.53878868701095,66.3699097483603],[43.447178293726004,66.34721298653926],[43.51658616368799,66.40982701231387]]],[[[43.3544680867908,66.43433838498825],[43.352170648172454,66.45661277511738],[43.389496246994504,66.46120863110946],[43.3544680867908,66.43433838498825]]],[[[43.60048364599467,66.45766878998208],[43.55849481995928,66.43228653695877],[43.59261453067883,66.53113234757478],[43.60048364599467,66.45766878998208]]],[[[43.403926161172365,66.576803850006],[43.42251404318212,66.65718123786374],[43.43518676097871,66.61989789495644],[43.403926161172365,66.576803850006]]],[[[43.47007811905752,66.81527531941224],[43.59408336190627,66.84253047408055],[43.515594010698464,66.73268539216612],[43.47007811905752,66.81527531941224]]],[[[45.348626610623555,64.85979063114428],[45.27097541954288,65.00005427978527],[45.33580860609127,65.01183336502848],[45.348626610623555,64.85979063114428]]],[[[43.768858611137354,68.21424954533722],[43.75133559433563,68.19714957964284],[43.768208113687244,68.2631250601695],[43.768858611137354,68.21424954533722]]],[[[43.60864235651857,67.81315464483687],[43.585095139070596,67.87700664032312],[43.648113373788924,67.93032703014705],[43.60864235651857,67.81315464483687]]],[[[45.14637405945095,64.27655228987027],[45.10694050784863,64.31784249064088],[45.112684795015724,64.34802273407622],[45.14637405945095,64.27655228987027]]],[[[45.3428118533773,64.42844397797543],[45.309613256751064,64.43616892195077],[45.31706399263171,64.46505337831061],[45.3428118533773,64.42844397797543]]],[[[43.654807442588286,66.54124543350324],[43.6883540300947,66.54736057900926],[43.682737861729834,66.50979544110336],[43.654807442588286,66.54124543350324]]]]}},{"type":"Feature","properties":{"CC_1":null,"COUNTRY":"Vietnam","ENGTYPE_1":"Province","HASC_1":"VN.KT","ID_0":"VNM","ID_1":"VNM.34_1","ISO_1":null,"NAME_1":"Kon Tum","NL_NAME_1":null,"TYPE_1":"Tỉnh","VARNAME_1":"Kon Tum"},"geometry":{"type":"MultiPolygon","coordinates":[[[[83.6282347315404,122.41069190596859],[83.70576653585717,122.39070901474201],[83.91187788653318,122.06953776843145],[83.9805841401803,121.83541037065453],[84.32147333627415,121.29394491159283],[84.40682106983662,121.3037764293871],[84.43945391929245,121.0019554823835],[84.52084505672588,120.68573714106995],[84.5731735816764,120.72768798241074],[84.64097005194422,120.60980114655271],[84.78483987606951,120.49394765046628],[84.81409658788797,120.51787386780843],[84.8594019978506,120.45114836130183],[85.01016061788836,120.42134373977647],[85.09469413945082,120.27304477361373],[85.15584588365456,120.39791833385829],[85.203955690638,120.36771342976502],[85.25681239087785,120.2166236322312],[85.2999013225288,120.1928194752664],[85.32347605181934,120.1002907642665],[85.53920443152134,119.96392730515966],[85.5607597758974,119.70202272341714],[85.45173838997871,119.23894717434096],[85.40127749909703,119.14460718376715],[85.46769575353264,118.67484128315478],[85.52038957103565,118.68224481031507],[85.58491967483263,118.58382251233635],[85.61423174737894,118.38876297719702],[85.66570778724696,118.3242797563077],[85.66594925942013,118.2358209267663],[85.80383756596903,118.27724635483995],[85.8489424516313,118.36212086108029],[85.84941935601339,118.61136765304053],[85.90807565418962,118.9886660611283],[85.9996508129925,119.13972015429079],[86.07495712693884,119.09601694296963],[86.1391773110808,118.89676514005512],[86.25066556222954,118.88315459856925],[86.29053212732512,118.7714009456954],[86.28342951349765,118.43937047626903],[86.32412393053069,118.40020813855335],[86.3101549507389,118.28722457259548],[86.38551271260685,118.11614249868438],[86.36155145482294,117.79929291939803],[86.43944563522213,117.68019339926893],[86.41054192570934,117.52844715694572],[86.46135013861787,117.54825947554835],[86.44933842727026,117.2237169152522],[86.49287900273205,117.06854359270301],[86.59378609215388,116.97011759434874],[86.60385864943778,116.87785860493369],[86.65964473582878,116.82833591074721],[86.66641555767366,116.74822545729302],[86.84807034169762,116.82312163912536],[86.84338701467593,116.63206056830009],[86.89722425145078,116.58786439531208],[86.91807363231348,116.34680503835975],[86.86198522482546,116.16164983416003],[86.76691540796965,116.00912136979916],[86.82388535191093,115.87209350528633],[86.70131503003647,115.37451516439057],[86.76617453207555,115.30035026781918],[86.88198988392838,115.28985378856206],[86.96377910116013,114.97839068369329],[86.90424813369009,114.88985532753682],[86.88885361520964,114.69612484700625],[86.79875389949316,114.62357008207113],[86.5551319827918,114.78084413934614],[86.42336134043907,115.24512376062782],[86.37211699516125,115.25306478076092],[86.31944738044295,115.08621691961147],[86.39755579172906,114.5609908586822],[86.25307617396305,114.05910277063583],[86.2527440252085,113.92942977192386],[86.1815604545095,113.66740215661302],[86.20326327340382,113.5467928806053],[86.14318573208305,113.5254388592355],[86.04681578378064,113.65844643678814],[85.95233593679743,113.61343741002017],[85.92381817635946,113.51404605287344],[85.84222700738255,113.51154271350235],[85.80286380221452,113.37112876912545],[85.77570652638079,113.42478227776809],[85.79228405194732,113.47193214877271],[85.73251580212919,113.47496251317874],[85.70394750910773,113.53848752955324],[85.6833995606105,113.34037642730938],[85.61967824853544,113.33457210923095],[85.65417996870255,113.1658967755203],[85.61985430445702,113.10429480431583],[85.6062549366351,112.78119037010984],[85.56286519832273,112.89232213313238],[85.49742568220589,112.61183657028353],[85.47577352239165,112.66735304860157],[85.41005738946329,112.63296868230609],[85.29402774322534,112.69522582550073],[85.15631752790269,113.03621052193884],[85.09184345026281,113.08058799928114],[84.97911420204525,112.94017048760588],[85.00778973406072,112.66533696958518],[84.981728073017,112.66690492416544],[84.96321081500541,112.50366223844362],[84.85187026274599,112.6200290451347],[84.84321126088288,112.5404213209551],[84.80092693461931,112.52031892089106],[84.80506958583702,112.43077448415958],[84.56898190237627,112.6221106843037],[84.50562560575712,112.11365159251261],[84.53367656205934,111.86824066384861],[84.5017603894865,111.49609720370371],[84.5320420817288,111.40289753245781],[84.51507185050139,111.22648535401632],[84.46652212261758,111.1183942959267],[84.40471458361242,111.21407759645508],[84.36936349128004,110.91319349093877],[84.27728309032746,110.83502142224152],[84.22260964992017,110.89748765523166],[84.19688226095381,110.79532452347715],[84.12562744847588,110.80741315294038],[84.12626966118012,110.53368764573949],[84.0835669697644,110.55553861459407],[83.92497731568429,110.2950371079174],[83.92128618976886,110.14564879482766],[83.87535435406875,110.04343750740824],[83.89327626805945,110.54437002887826],[83.858496609104,110.69529064443797],[83.6391462691289,110.64304250701392],[83.55864600311432,110.99846798961758],[83.59022598946379,111.03950446790996],[83.60860647462864,111.32990721281386],[83.65057890945383,111.32096533852447],[83.64898655185878,111.4792550446744],[83.58513300589303,111.50414840309116],[83.44918872850224,111.68532094010322],[83.57682521872229,112.22071754881104],[83.56025127890425,112.28325011734213],[83.61928413372142,112.35524090008175],[83.68586921639142,112.82336488737151],[83.65281251086523,112.94532924453124],[83.67252408124017,113.04348862339948],[83.63685742303898,113.37814490213258],[83.58225377793741,113.497771476181],[83.63176702779235,113.83035104842446],[83.72429596294351,113.96669613174106],[83.75282363059466,114.24444153676288],[83.78364936662418,114.15522356469556],[83.87939778141961,114.15544627216786],[83.95195736240356,114.93480345332598],[84.01136583039988,115.05712507589135],[84.06206198727645,115.30449162451347],[84.05224615006165,115.55592455212562],[84.14425272969787,115.72677275161129],[84.14002085333424,115.86404879945512],[84.21924770940475,116.2224172566016],[84.21630786917194,116.37264627860301],[84.2620653678915,116.52838516942434],[84.24231002508405,116.76889515394257],[84.10256381235436,116.84969334638494],[84.17440525227036,117.03830707629754],[84.09845103217528,117.27751317646981],[84.01681038318283,117.37786914172645],[84.0811064075391,117.53999502161574],[84.06986354333966,117.61800912928778],[84.13685759932619,117.64951933534994],[84.316602026262,117.99993446341983],[84.2898830214412,118.21266486451972],[84.116887656143,118.36506630464253],[84.05034060611632,118.55238784818306],[83.95236118525091,118.5798637713767],[83.92089965568786,118.69581080850986],[83.8305966683729,118.82657228513173],[83.8377181432869,118.92781909456124],[83.76238002955242,119.05381136863835],[83.80820299555887,119.06191254493825],[83.75331786935587,119.23274438097134],[83.76894985858078,119.3201648860813],[83.87085331722324,119.30334675154343],[84.01641935504884,119.49224478887538],[84.1970743187335,119.28988535009847],[84.20440124531513,119.45210281901703],[84.27574418348625,119.38931114292276],[84.29274815956782,119.42435598533444],[84.17868666892029,119.72334001634272],[84.24303728898242,119.84331920106511],[84.16092754300432,120.06614051363269],[84.21137676728611,120.06970606255655],[84.21138083919124,120.17576588921692],[84.07278784700112,120.48467163173152],[83.96796325090597,120.60624510347148],[84.00188421229407,120.69743401586652],[84.0457838620315,120.63027145899859],[84.11257353205929,120.6855705614876],[84.08551022633608,120.79019626585972],[84.13111645508258,120.80359454868169],[83.90739256059507,121.32821289700564],[83.89669702428532,121.50945563889414],[83.94201415318526,121.51170416968864],[83.8515521324141,121.69758312135559],[83.76373534414805,121.74767313224565],[83.66917107630528,122.03452613915465],[83.54819073041234,122.19087787294603],[83.61959649934789,122.25787565362698],[83.6282347315404,122.41069190596859]]]]}},{"type":"Feature","properties":{"CC_1":null,"COUNTRY":"Vietnam","ENGTYPE_1":"Province","HASC_1":"VN.LI","ID_0":"VNM","ID_1":"VNM.36_1","ISO_1":null,"NAME_1":"Lai Châu","NL_NAME_1":null,"TYPE_1":"Tỉnh","VARNAME_1":"Lai Chau"},"geometry":{"type":"MultiPolygon","coordinates":[[[[37.40013390604133,199.01703497598106],[37.31180335079182,198.99494124003223],[37.22007977426297,199.0794892136778],[37.18776210259925,198.9714396956711],[37.05542654189277,198.99250201216248],[36.94636979808307,199.29669964386636],[36.903699086013916,199.25450062089925],[36.79579592445266,199.27583085883515],[36.65750391200886,199.42804027780483],[36.641986898116215,199.51223825153076],[36.51943150953943,199.5264595663946],[36.56022069006424,199.6731567513535],[36.38134884642393,199.67864517986686],[36.3228896135912,199.7656264591898],[36.25576718395362,199.78358671197614],[36.25720727394896,199.85459429029711],[36.30795915420843,199.8773556489955],[36.40250494076015,200.063913850217],[36.320797954808654,200.0948482360061],[36.32017933651286,200.21437514716823],[36.21960961060678,200.29979431013993],[36.24930412476563,200.40377148327667],[36.13327072364331,200.46042718480822],[36.06762885668269,200.66146212550842],[35.97854021811517,200.6496754713648],[35.850010608284364,200.73697703355677],[35.55995953806277,200.81213253085713],[35.39668594806506,200.73807101712066],[35.40775155790163,200.65518387205597],[35.32922614666345,200.55410389755562],[35.23125121420231,200.5956047835171],[35.1361510825556,200.7306376611808],[35.21047774094561,200.80752532039105],[35.14118988682782,200.89581541976],[35.057993084517335,200.90049006591886],[34.9971582507608,200.9620105544672],[34.91984546329229,201.16152456693902],[34.85490763444899,201.22164645159725],[34.866486251966485,201.24503657914855],[34.617910662380986,201.25570670647159],[34.5246781945057,201.17638118585032],[34.53007974704912,201.13646076192893],[34.48193148541581,201.1179264910886],[34.4864204513945,200.99570155471838],[34.55732225575579,200.88225656723185],[34.21408796522398,201.0351420643955],[34.17544613695278,200.9895612486488],[34.021306924210236,201.10990031722415],[34.04835878991101,200.95895966249208],[33.953298253162274,200.97391971584253],[33.91291571110103,200.92421754770314],[33.86311873561447,200.95618088520948],[33.807271991998626,200.93976239546853],[33.79625705669299,200.84422317349674],[33.61818206689904,201.008040202698],[33.57219244422103,201.13499615056617],[33.584387487225015,201.0864138714797],[33.511476573953985,201.03192729661845],[33.41450302088933,201.0448889782741],[33.385253068187204,200.9784731602637],[33.15759213777103,200.9968288139626],[32.875601638887474,201.07928716025333],[32.90724940919729,201.1154086164952],[32.616314420304356,201.1846448548664],[32.548778819362255,201.30539014465703],[32.60579730889961,201.32992927713215],[32.59701952143628,201.43829476680432],[32.469044924018235,201.4857657506311],[32.08599426914733,201.49483061447376],[31.927453252236237,201.5298216869977],[31.788555543596118,201.4860977894507],[32.05986221829981,201.4622431238961],[32.17596220752049,201.3861677405859],[32.03042785830583,201.24879389738263],[31.636279480190407,201.21558799333033],[31.38436739026735,201.25542186265315],[31.35343299356724,201.37732454229672],[30.909868382224616,201.39323420515143],[30.742060041322773,201.36219001999598],[30.66160237190431,201.2910658791568],[30.232331194778958,201.2824577662833],[30.159244887091926,201.33567706631044],[29.539305364169977,201.45643527616306],[29.448269352149488,201.50816662662902],[29.197956785660615,201.49767049402436],[29.09391357211741,201.5442106009334],[28.75420674613033,201.56142471971668],[28.782746177835286,201.60456930310633],[28.856617890528774,201.6081612157012],[28.775254870580664,201.77010661897984],[28.42177250246021,201.8437202797855],[28.373472347738115,201.91068048851108],[28.27109447414337,201.90194142916775],[28.156431257047743,202.1429136240245],[27.962627124600562,202.3326732504594],[27.95379624906924,202.41053754535434],[28.280802040122694,202.39289319320426],[28.182069917545313,202.58250452391675],[28.426183388755764,202.53357420558794],[28.710266386292155,202.72508054242877],[28.86016466224471,202.70401121196736],[28.700907166992003,202.79753545637567],[28.457195709765124,203.12728189279142],[28.578943055057042,203.1562485951655],[28.703261181185184,203.0782579935492],[28.977390655412073,203.11947963727863],[29.032033978791144,203.26552237654315],[29.150801577377514,203.27620985961687],[29.09085165223312,203.43612210567898],[29.21597830038792,203.511833012836],[29.355721588515447,203.487976865149],[29.360824669383447,203.5321139014451],[29.630823675789543,203.44693837016464],[30.074313366382462,203.1424571829507],[30.06197379036788,203.1094388283053],[30.26076019039945,202.9774259063093],[30.3202810345037,202.86531196740015],[30.485126430253924,202.862237005262],[30.612858763712218,202.99162064277064],[31.22345568850609,202.77766081906495],[31.52581853574175,202.85336179548517],[31.746868980746637,202.84775827273342],[31.79709481513069,202.81127092705913],[32.19277357696462,202.80596839497315],[32.324043637446465,202.754064623109],[32.49029030153645,202.75773294545797],[32.45667758536993,202.7323601275217],[32.51064503295487,202.70838864240295],[32.729773484798976,202.73083033080087],[32.97349672860918,202.688050775161],[33.05743974608353,202.6298461543014],[33.040294077070314,202.5919029892784],[33.0837351374022,202.57196530940098],[33.08000762352511,202.5414439817711],[33.13758275493376,202.49891094147415],[33.12401213966861,202.47831075264148],[33.2714768016959,202.3184501513096],[33.412104274050634,202.31188807883535],[33.430438594256024,202.26960677241073],[33.54713680224033,202.20467304593586],[33.66025758160207,202.23627278905],[33.61786849390765,202.31609825652842],[33.62393625577067,202.4194730584872],[33.72928839327187,202.42478535403487],[33.85751826848101,202.5111820222602],[33.89218585621149,202.49550338164494],[34.00818058778805,202.5690381294117],[33.92202673916687,202.63689440700253],[33.919000133757635,202.68525672146797],[34.0963138916719,202.87476621403317],[34.24663890461292,202.88712083467834],[34.36801146875475,202.98928025634567],[34.410023884023175,202.9836566446083],[34.51524383775033,203.04880999321614],[34.59091473474056,203.24116307006466],[34.91291737466908,203.45274694456936],[35.0062600021777,203.59857805936124],[35.338542568542415,203.62671269310886],[35.37719894494838,203.56556496077715],[35.49423969353173,203.58482711884972],[35.48204256877083,203.5166248641338],[35.603701545457255,203.49365978506142],[35.56015391690612,203.4271168177661],[35.437818330152055,203.36066470779852],[35.35313834208907,203.22620016473246],[35.4503774822973,203.13865118149195],[35.35177908670085,203.04699676040144],[35.42766494878026,202.90034168690843],[35.527747270845296,202.87305862055518],[35.50266738581429,202.85276687017125],[35.62730713754673,202.81735547525307],[35.62819854179249,202.78406708474532],[35.718982813971955,202.81164747793144],[35.84741226743724,202.78985521449022],[35.79860064221211,202.74374334819504],[35.85389908110437,202.60654496673203],[35.906973693815445,202.59834098253046],[35.636254532777045,202.35671058399927],[35.77418914937728,202.2114628400023],[35.84606097099049,202.20025260775938],[35.83937429087863,202.1491139811875],[35.94577696515823,202.09972112725472],[36.624356869183174,202.21564618497354],[36.75118423387182,202.13514368957556],[36.71613872342602,201.9873286901809],[36.7912251031325,201.9654524792952],[36.78766456800888,201.9297413413977],[36.70724431088299,201.9022280150354],[36.65462031921024,201.82588352640735],[36.78913835344299,201.79934178955705],[37.00687152044556,201.67205153977613],[37.08750407244351,201.55651558901386],[37.06023681851913,201.51333766711855],[37.149492733653005,201.43955030279483],[37.26172218648719,201.4174080376965],[37.184801272163874,201.34487573217544],[37.345239310714625,201.3146576722984],[37.51174832498568,201.189554720014],[37.67179970142093,201.18049453242386],[37.68594573942827,201.02933931973223],[37.61316060558043,200.92289789656755],[37.71749470449802,200.7808916044089],[37.68487340072171,200.68065833038574],[37.75411998930903,200.60385239766373],[37.68445572560604,200.55989422833252],[37.856936520308196,200.38735622186704],[37.77160722300902,200.36356355304954],[37.60180391279476,200.16284964564534],[37.46100577496169,200.25477507096906],[37.305423257969096,200.21340334246534],[37.264004114742626,200.13501720379548],[37.28368935484652,199.91054538636888],[37.46050661843063,199.74039900326414],[37.44494997825399,199.70161894675724],[37.672466724829015,199.50465154657465],[37.70813807853959,199.3643310988037],[37.674435453282534,199.29742236034923],[37.61518446602442,199.2976374648501],[37.603152842681354,199.2141298549679],[37.49859295837068,199.2362911342924],[37.4128135660636,199.19832684054205],[37.37180651514402,199.10397557329512],[37.40013390604133,199.01703497598106]]]]}},{"type":"Feature","properties":{"CC_1":null,"COUNTRY":"Vietnam","ENGTYPE_1":"Province","HASC_1":"VN.LD","ID_0":"VNM","ID_1":"VNM.37_1","ISO_1":null,"NAME_1":"Lâm Đồng","NL_NAME_1":null,"TYPE_1":"Tỉnh","VARNAME_1":"Lam Dong"},"geometry":{"type":"MultiPolygon","coordinates":[[[[87.66011415286697,86.88192641796691],[87.63577246815782,86.80070483688118],[87.29283342809691,87.11847651710194],[87.1455590027309,87.18646450705073],[87.08960371031411,87.27111287184559],[87.01951097765829,87.28620170952708],[86.84824943686226,87.5634264611287],[86.7348039678022,87.64379077929128],[86.57650484484614,87.65207876111458],[86.62049933959005,87.57104548666288],[86.5312903961362,87.57180438224663],[86.48426048692643,87.67488654346326],[86.40762147466715,87.6437137610497],[86.35969700784653,87.7741638422753],[86.5683576258763,87.89936151374232],[86.53558417756032,87.98258494992075],[86.6139935220595,88.00913200330517],[86.27527629068169,88.4237520921835],[86.20953535129652,88.41141178575842],[86.17732069733506,88.47455936270933],[86.11144752729595,88.43066472423627],[85.98841677314189,88.6060066351724],[85.79995594637344,88.64605326585844],[85.72051242811702,88.58112748805459],[85.65811424210835,88.62312295869981],[85.71958007915751,88.65633230440143],[85.70074525614353,88.81081712138223],[85.58455082437598,88.97408184905647],[85.62902061089613,88.88653220218823],[85.52066828096146,88.96287130625586],[85.56307797601869,88.99055456989964],[85.50828519182481,89.05674837300955],[85.54302178682164,89.08273833335765],[85.47536681035972,89.15942414475343],[85.47670774827402,88.97770571035927],[85.41296132383901,88.90236854909928],[85.34167460117003,88.94858239538779],[85.30600078218961,89.00565467854682],[85.09568234085387,89.0629037537206],[84.93164348445762,89.2228959574386],[85.05928263710518,89.19267167966467],[84.8470425944671,89.34204921944436],[84.94117567709903,89.4034635631061],[84.86324750956281,89.52899779937572],[84.32376599006683,89.82620771311866],[84.37051929673973,89.86885591640399],[84.27470359680443,89.93427685768518],[84.48569874510582,90.10108887657763],[84.40146595481175,90.15111243355122],[84.40755577370787,90.35013386376755],[84.55120680754014,90.40678917275577],[85.0674524517645,90.41192410292157],[85.076797171188,90.4644219827192],[85.3193315849282,90.49106152450517],[85.37415292314064,90.44758562151137],[85.64853036192238,90.31084551506987],[85.7496784788283,90.3911213373882],[85.96201588229677,90.31415930177076],[86.11911963403506,90.40749046255347],[86.12865091265235,90.48680581796705],[86.31947591494449,90.52079305995565],[86.64218520657367,90.35617376271334],[87.09239223641264,90.54988998898386],[87.1641879336399,90.525986817693],[87.18759009948732,90.65768006612075],[87.42046699317919,90.68835317964236],[87.43232129122623,90.75959527617299],[87.55305943539747,90.76008343086968],[87.48396868583598,90.92062013056535],[87.60227103754443,90.94591830549925],[87.70958086729206,90.90593705727795],[87.75948404598049,90.94111306091975],[87.93578735882289,90.87413284201008],[87.9928641301134,90.79711582478362],[87.91324698604868,90.77096140692956],[88.01860758145355,90.6558115021137],[87.97148641219891,90.62550785428463],[88.01505015156178,90.58093643234865],[88.0440988895353,90.61193636931009],[88.4094507925846,90.41429950010163],[88.71624436814994,90.50361621773348],[88.788508846941,90.46776134820952],[88.91152780033617,90.54735083606134],[88.93732258189911,90.5029978475888],[89.43464184998325,90.487025634334],[89.506919993857,90.34924967717109],[89.43156750776497,90.2988503232814],[89.44894517874104,90.20189344160802],[89.5223252250849,90.1617041810537],[89.44292896024068,90.14561749848289],[89.63223194648482,90.01484695774843],[89.80281009242881,89.96654439778821],[89.94662235076655,90.15712326265826],[89.97088349218669,90.10701286965313],[90.03438392546921,90.12466827034311],[90.21852711944918,89.90461056467511],[90.30018073506514,89.97811934740474],[90.54566100079978,90.01972463116219],[90.56788392400202,90.10970751812556],[90.84871346562258,90.28535157233881],[90.92012242114043,90.24966148887171],[91.20539888599066,90.79205278837367],[90.95314617455603,90.87700769274866],[90.90776606325382,91.01897467719292],[90.75091502649266,91.1542324184723],[90.68358965383347,91.10713935268268],[90.54224585513902,91.15400750226486],[90.55648528492156,91.25138626111969],[90.43268172782626,91.41422585093764],[90.31858577636035,91.44809251208564],[90.16106877510603,91.71459715068875],[90.08763550546747,91.70468765063853],[90.0649375763527,91.99709525087258],[89.7840547562115,91.97904194694225],[89.62030804077835,92.11288120358947],[89.76414570405603,92.29325360479393],[89.76279830786643,92.6794791984425],[90.0176274855273,92.79281215154757],[89.98726436477881,92.89822900785899],[90.0230662892717,92.85756749987524],[90.13470787254741,92.94275485728258],[90.41605425300263,92.85474574103364],[90.62103404551546,92.87507350616602],[90.6441631863172,92.9794161814279],[90.70505179247856,92.9072172844507],[90.75306391115048,93.05232521689615],[90.80337633329927,93.02303330433315],[90.7889610601859,93.16507718329224],[90.71724903530804,93.20221772104628],[90.70512589880882,93.39236469258618],[90.77696072090086,93.30879423767908],[91.09775806841432,93.52565093961334],[91.17883340121637,93.36970848563868],[91.2447527653681,93.41642807275798],[91.2893418448063,93.32121171024592],[91.48359112944007,93.3153325759062],[91.5250471631434,93.4256570355345],[91.59719208028362,93.31782018804468],[91.6048938383077,93.42481668174077],[91.70240064588064,93.35882126571349],[91.74975649491707,93.22172510062947],[91.83996847434099,93.34381967293555],[91.77552284096636,93.39084045651552],[91.81024666256081,93.60723410843923],[91.9205445418066,93.75332472696982],[92.09366060285639,93.65006215751126],[92.26115934424037,93.92689566330912],[92.31508088374525,93.87924011607603],[92.25417164898727,94.10832006595771],[92.44028984471493,94.09722980215777],[92.5690309665195,93.90315969400989],[92.71341048611146,93.86783604256964],[92.78094559174849,94.00421116184452],[92.85763372988387,93.88046246101709],[92.83344632005338,94.18116383025006],[92.87916522012874,94.11086993790425],[92.95329264442158,94.1879036569223],[92.92272368010529,94.34291258261507],[92.97677737353017,94.22460446237858],[93.01391156429489,94.43007502014854],[93.20776019068882,94.01684332576438],[93.37561384921119,94.01324363126935],[93.34445352053173,94.09476205551498],[93.38602400020517,94.14571242660534],[93.5298757313912,94.06450724824924],[93.59968997789757,93.93748608098412],[93.66124697043348,93.92232241628722],[93.70875579423371,93.78964981961583],[93.8375809712469,93.77227006280239],[93.85930827632004,93.85770970512193],[94.06839466803258,93.83777459681065],[94.13119784754885,94.01426582523287],[94.28505800691306,93.69841436340177],[94.26001144926992,93.58191889415096],[94.31656653795872,93.14880113038224],[94.29369661834983,93.06451261837367],[94.43505959776935,92.63699098276909],[94.39850882865532,92.31824975807461],[94.52685276395268,91.91096668890252],[94.35965390451311,91.83263443354751],[94.37703353046527,91.64126988144493],[94.28600170584951,91.61652172828656],[94.48868106564818,91.20447525644826],[94.56199673068375,90.90621274696328],[94.53621300861028,90.74307399260547],[94.4914482653885,90.75449857852102],[94.45226440788757,90.510613204691],[94.50011986705002,90.26355494136453],[94.43292191315015,90.10498142204237],[94.53620950572916,89.66131623887796],[94.517479882251,89.50612578067992],[94.62178333739439,89.07800970914346],[94.51897906681413,89.02300100232199],[94.50751145365203,88.83644352781988],[94.84898828015206,88.53418257276341],[94.8266583564632,88.38738898854396],[94.86905613143574,88.2747721138128],[95.01956165040474,88.11358568852228],[95.12449035561772,87.79856473250176],[95.08333387785098,87.80944006906432],[94.99932397386448,87.5831868787684],[94.92399419204772,87.6384919688345],[94.76298884376702,87.57635362736121],[94.43614900504525,87.65288501341924],[94.39953491973353,87.58886743672696],[94.43979612043375,87.32567931031619],[94.67939386226708,86.85800673283293],[94.6278169202545,86.83314945793457],[94.59132504058474,86.57401315147885],[94.51762726530526,86.52690150436806],[94.23002402597103,86.84260858254595],[93.87957072124942,86.85026546026876],[93.76322345003373,87.00324915942058],[93.66460126039394,86.96510123875926],[93.57043507724313,87.05161299498872],[93.54997099827531,86.93871114217056],[93.42213611083045,86.94940969228261],[93.32556309172497,87.16939638915574],[93.24803354121234,87.16348479397513],[93.22476607157121,87.22932616712572],[93.07771168429649,87.15550675257302],[92.97790417175634,87.19200167560226],[92.9190421301202,87.06678593828411],[92.96961268890284,86.98031668943588],[92.90552303644589,86.89084426264665],[93.04942077909092,86.55603993783436],[93.09108601233714,86.60340981485396],[93.29115807594589,86.25801822464474],[93.15169199378744,86.15353223083933],[93.05792153554795,85.89148140458711],[92.7774747007771,85.6889960041334],[92.74598797617703,85.57442883006826],[92.44211656753914,85.5565634984964],[92.42047386745202,85.4926381513669],[92.3625642774075,85.62173693671714],[92.31906543018724,85.40652248368025],[92.24090139654807,85.46964286357695],[92.10890926185108,85.31799692642153],[92.14539322122674,85.09333289216923],[92.08572257668419,85.08889133646628],[92.05591975363399,85.2706139289553],[92.0855886533824,85.30373178713619],[91.8253629720503,86.13294578140713],[91.4504468131574,86.4212058178262],[91.33000273094093,86.4399422412715],[91.26803048869374,86.53690545643099],[90.88335003524125,86.66845510496549],[90.09174982419972,86.77931161918066],[89.5426122702242,86.77159077820266],[89.51362567869788,86.7062060164857],[89.43351435599158,86.7514311633707],[89.47603577170285,86.56831633123147],[89.24342696989005,86.4460967915551],[88.79847425122674,86.58641106841709],[88.5656341171167,86.60507337168173],[88.26171331707576,86.72274395442328],[87.88959997907894,86.96620635357661],[87.66011415286697,86.88192641796691]]]]}},{"type":"Feature","properties":{"CC_1":null,"COUNTRY":"Vietnam","ENGTYPE_1":"Province","HASC_1":"VN.LS","ID_0":"VNM","ID_1":"VNM.35_1","ISO_1":null,"NAME_1":"Lạng Sơn","NL_NAME_1":null,"TYPE_1":"Tỉnh","VARNAME_1":"Lang Son"},"geometry":{"type":"MultiPolygon","coordinates":[[[[64.6746545021874,205.7913446475766],[64.7212429859128,205.85142779750754],[64.47460336056194,205.9654358299515],[64.65764255104213,206.10363386315478],[64.55925393858217,206.16150151458035],[64.6135817934626,206.18836033808034],[64.45470918965029,206.3122258657058],[64.29825343031307,206.3401705096755],[64.2588476863884,206.31726084080668],[63.73264667915756,206.3690275464807],[63.00697119941782,206.4962284456005],[62.63250128951057,206.62046655487754],[62.288070985925714,206.62876983560378],[61.733910591983815,206.8180187720366],[61.75077524531817,206.90765585894033],[61.89061261313832,206.91370607003597],[61.74016790571341,206.93902636617617],[61.545932977273715,207.03434786340398],[61.72299905278231,207.0469375742168],[61.62195852931988,207.09053412027706],[61.11721687742144,207.1177251290338],[61.278856550578176,207.1364437527248],[61.04653591496584,207.15328481027876],[61.22160937518376,207.1561235535076],[61.148888598446156,207.20811001479836],[61.021322020239424,207.2173025655229],[61.014382784675334,207.24478819631827],[60.73097741907784,207.30590333265667],[60.79786728992964,207.31803557131667],[60.71286951968477,207.38142283319428],[61.43209872646667,207.3533540415783],[61.48993868014659,207.4005837430658],[61.71536013633381,207.41041253405012],[61.60069138583639,207.43030325979282],[62.184160656679175,207.50525994039253],[61.93790097849498,207.57238804499514],[62.28397333762311,207.63115525296985],[61.7975909467246,207.74530925698875],[62.08266168277402,207.772824905614],[61.728923666472795,207.85973067585323],[62.2657492498322,207.91334319338065],[62.906844387760785,207.8136595465141],[63.68047224801164,207.64574006177017],[63.628618007916735,207.6302710048885],[63.91412335314886,207.5626332748415],[64.31246005877368,207.51735290186173],[64.66427712786128,207.41981239327825],[65.4279204776965,207.30480284960035],[65.30859170818883,207.33390633786425],[65.43258597331547,207.32650114600398],[65.36048589004926,207.34387100692388],[65.46507180887686,207.33324476330571],[65.42720216380503,207.35215268715055],[65.9348948795241,207.26505604775198],[65.8875092788581,207.28470082638387],[66.26571840349357,207.22015110491947],[66.5716684687159,207.09134703330972],[66.57204413914236,207.05609668964132],[66.32377824006008,207.08951733585803],[66.27532973054963,207.06396800518982],[66.58551879850506,206.97959507154],[67.45993468219297,206.74840227077766],[67.45325509270975,206.71416539465363],[67.55360186735243,206.6783806757073],[67.54866178674716,206.63210055075763],[67.79878797223871,206.57667073187548],[67.71744159089815,206.5582707932763],[67.82806438536664,206.52699415452582],[68.04581001112716,206.34277055060164],[68.00062041062428,206.31540548663435],[67.78477765229574,206.37630481451703],[67.73765941391335,206.35647746453725],[68.2920269303034,206.15202866176986],[68.13443342238656,206.1655860758197],[68.60863704823845,205.95785820609154],[68.53783068185129,205.95968169178],[68.62802499961882,205.8995275254562],[68.5713507831612,205.88017602173682],[68.79377925055178,205.78434901707615],[68.5325074323913,205.8199923065182],[68.79030657388918,205.69903168391957],[68.76827765973273,205.69368475128704],[69.0767493548572,205.61313035371964],[69.24353746846703,205.62563284700076],[69.64171285276932,205.54345742965253],[71.05186559912941,205.1449069690799],[72.1203842067077,204.7110178269284],[72.77676110370058,204.25961255552303],[73.37981507578873,203.9595802741299],[73.62695830521356,203.87547824154862],[73.61817890006654,203.96875518946518],[74.72655441807123,203.49147918701118],[75.25025576804845,203.17064603130797],[74.74804264453917,203.20568856667379],[75.0648336479787,202.99159187154885],[75.41423236412255,202.6490534189922],[76.65291408945224,201.27595611025666],[77.03916973590137,200.9225692077],[77.37544129615846,200.53290889143938],[77.392236556934,200.47003300691614],[77.95133911785331,199.8560304999051],[78.00687904758992,199.93764346112349],[78.20617630281609,199.77593986368967],[78.27560444748765,199.77509544738277],[78.55797048148577,199.46459645936216],[78.5710541643125,199.40492511902315],[78.96049657310309,198.95587582381856],[78.92945315619107,198.9575690361151],[79.12171036023759,198.8681850531232],[79.35684529960028,198.69603928489266],[79.28318797164889,198.6807007409475],[79.53110238938156,198.48746269881502],[79.20389868570939,198.53977540537142],[78.74616078117933,198.71015484081545],[78.73105714411716,198.6250932848958],[78.4174380213507,198.7867041921134],[78.41982472329624,198.74016068011963],[78.1448986395025,198.9814669270154],[78.06751369688838,198.99053388467877],[78.30849369776027,198.69662676768905],[78.84520494366987,198.26121874901082],[78.85835712409983,198.2176290513508],[79.27294808021813,197.92271772834135],[79.89030921235317,197.57465040368166],[80.05305941580573,197.38908256731597],[79.41051620093282,197.6875882661411],[79.08879792812257,197.68440555257104],[78.4477215670594,197.92893941496823],[78.14856738905799,198.08881792174833],[78.15912233004508,197.94785018210575],[77.96443451351827,198.0465277474048],[77.98930252395984,197.94337503474998],[77.82903651719829,198.01623405384458],[77.22896885620236,198.64277993446126],[77.12381960752188,198.86479915619464],[76.91698482946728,199.13975500747978],[76.94219268266622,199.25032253460452],[76.65857246957648,199.5357306881392],[76.44113184642907,199.5524852479641],[76.29420552724258,199.7173090182582],[76.18661578699468,199.72139694422322],[76.065817160916,199.91343752340356],[75.9935176838122,199.88031686043735],[75.54611149233531,200.3426431704027],[75.49640466378234,200.53449677701008],[75.05911698372195,201.1006474429733],[74.70143499566464,201.4984108937512],[74.68264247995302,201.4697195070748],[74.4879144311554,201.85809779391704],[74.57431593311422,201.84362269359616],[74.65240463501291,201.73905853244125],[74.64776418475631,201.81979585488494],[74.32881666721329,202.28694323486727],[73.35619427758812,202.76147042680878],[72.96668276984488,202.87159486571946],[73.13393322239604,202.70977126012255],[72.78364096124461,202.86289191543884],[72.02402633784666,203.31919033227487],[71.87960878563149,203.436031896098],[70.65698230069192,204.01345098230067],[70.29113079916314,204.23636668980043],[70.07746549305462,204.29543647800136],[69.67202441168945,204.4825303681987],[69.42775805033733,204.4298489158175],[69.52773132432584,204.33574846387825],[69.43897820084038,204.29240412300706],[69.8755842390826,203.92966542791902],[69.67257468387459,203.894207426188],[69.8971094722782,203.52124763026313],[69.77788749233156,203.4881371378297],[69.45374345612225,203.63650861825124],[69.31677566225098,203.75753090864401],[68.99884319255099,203.8213086925357],[69.37636370194522,203.4532082319539],[68.9018734719817,203.58646908458192],[68.42174341196333,203.8870656080597],[68.04908258313979,204.172043909659],[67.85123162649168,204.47183145314017],[67.63606833042381,204.637119519576],[67.55384522954023,204.64287088018403],[67.41512043373022,204.75656038417097],[67.42660165525322,204.68288225255714],[67.1215193003973,204.83950587018484],[67.08601729595802,204.88634463720553],[67.0516573708426,204.8760905915192],[66.67957715124614,205.1794665093651],[66.5530969918516,205.21264473097781],[66.17617648562168,205.18680830496078],[66.05336169260846,205.25618199596272],[65.38749372912122,205.36788273490401],[65.07301027346084,205.42313729845628],[64.54293453679871,205.75167491405483],[64.6746545021874,205.7913446475766]]]]}},{"type":"Feature","properties":{"CC_1":null,"COUNTRY":"Vietnam","ENGTYPE_1":"Province","HASC_1":"VN.LO","ID_0":"VNM","ID_1":"VNM.38_1","ISO_1":null,"NAME_1":"Lào Cai","NL_NAME_1":null,"TYPE_1":"Tỉnh","VARNAME_1":"Lao Cai"},"geometry":{"type":"MultiPolygon","coordinates":[[[[37.856936520308196,200.38735622186704],[37.68445572560604,200.55989422833252],[37.75411998930903,200.60385239766373],[37.68487340072171,200.68065833038574],[37.71749470449802,200.7808916044089],[37.61316060558043,200.92289789656755],[37.68594573942827,201.02933931973223],[37.67179970142093,201.18049453242386],[37.51174832498568,201.189554720014],[37.345239310714625,201.3146576722984],[37.184801272163874,201.34487573217544],[37.26172218648719,201.4174080376965],[37.149492733653005,201.43955030279483],[37.06023681851913,201.51333766711855],[37.08750407244351,201.55651558901386],[37.00687152044556,201.67205153977613],[36.78913835344299,201.79934178955705],[36.65462031921024,201.82588352640735],[36.70724431088299,201.9022280150354],[36.78766456800888,201.9297413413977],[36.7912251031325,201.9654524792952],[36.71613872342602,201.9873286901809],[36.75118423387182,202.13514368957556],[36.624356869183174,202.21564618497354],[35.94577696515823,202.09972112725472],[35.83937429087863,202.1491139811875],[35.84606097099049,202.20025260775938],[35.77418914937728,202.2114628400023],[35.636254532777045,202.35671058399927],[35.906973693815445,202.59834098253046],[35.85389908110437,202.60654496673203],[35.79860064221211,202.74374334819504],[35.84741226743724,202.78985521449022],[35.718982813971955,202.81164747793144],[35.62819854179249,202.78406708474532],[35.62730713754673,202.81735547525307],[35.931758452105484,203.05152220745111],[36.09500575592581,203.113144866927],[36.27890183176601,203.28839818284223],[36.236136422791816,203.31753898424466],[36.339272373415504,203.45981072532504],[37.21067197233867,204.1283965138511],[37.45821486399611,204.23872723331078],[37.62326944946837,204.24760989395847],[37.5625793704683,204.1245367563334],[37.88695505057042,203.9269984272196],[37.80195975830419,203.86778476197307],[37.84675703371176,203.81568671978752],[38.01033070472406,203.8595921898497],[38.12107708809815,203.5247864103468],[38.37368950805465,203.31939053627235],[38.46330751966782,203.36850020010823],[38.54068969757603,203.1910220275623],[38.63909055371821,203.2483717683265],[38.837645463720804,203.10736337005073],[39.49416792373533,203.32204763102504],[39.515503741402945,203.4062397664834],[39.664062328152106,203.4480927197087],[39.73784602623615,203.55606525368572],[39.83885310056047,203.58818512625018],[39.80128828002131,203.65030542858943],[39.91165228554733,203.67353590895797],[40.95134351853608,204.3743797294319],[40.882874961277366,204.40865639573423],[41.253649339748264,204.63644002630247],[42.20135074790318,205.01297114634562],[42.76906597280701,205.2917330719852],[43.011603812242775,205.29399808967202],[43.56285474292909,205.4656190809444],[43.60400579151573,205.44226818182742],[44.37435864908523,205.68751889943428],[44.41262330328605,205.6238554874573],[44.01827593690447,205.26556174417186],[44.03064411930135,205.1223319635932],[43.95738543330923,205.06251083832944],[44.21162919442838,205.0542590381495],[44.375549544949536,205.1030383132566],[44.48861683639813,205.0795312756655],[44.43937405732704,204.99787679479968],[44.3011935458109,204.87033379562754],[44.42818389460784,204.80852804844562],[44.79928736553923,204.9610915879872],[44.73539936873921,204.75460067043025],[44.884535783123916,204.73743735093095],[45.08943413682138,204.80565740824392],[44.95162860690436,204.57970225540654],[44.55041868148019,204.39095482047057],[44.24548154803486,204.05451920999775],[44.41317765971201,204.10347449164942],[44.39520008205367,204.02895133746858],[44.596651056215016,204.02095814457414],[44.22084451332986,203.75743877702257],[44.1910988904112,203.6078956913765],[44.45256955678446,203.66305390350104],[44.43008303145119,203.59387061299978],[44.84742048274775,203.6252042840059],[44.722198506590814,203.51838788887233],[44.77256816544955,203.49979283745063],[44.909117166200446,203.57204655063094],[44.97357120533865,203.5591437495953],[44.74204442579561,203.3870520680503],[44.765235399721355,203.29045855406542],[44.12312284888783,202.99685843134966],[43.96724715580159,202.8106589255512],[44.466023482700905,202.98554752256888],[44.282967127930974,202.82720910709648],[44.377750421360794,202.82672632125644],[44.630212521932705,202.9266774722378],[44.764716660153965,202.93801668602845],[44.56664675812158,202.85625457651514],[44.41179809275187,202.68766369184536],[43.912158771805906,202.55680884487694],[43.85691412325738,202.48232357761924],[43.70624279995874,202.42082893557807],[42.99475828378681,201.81968945455878],[42.22129367313566,201.9379211392591],[42.259876468562986,202.05838854394813],[41.89262239170262,201.9767863289122],[41.466941687167576,201.6786395406178],[41.506220037158876,201.5947058707082],[41.39540229898173,201.35521067323708],[41.092651184931015,201.13563345635114],[40.987846538042504,200.98986099565315],[41.10561884003016,200.82112470521753],[40.92421675429529,200.39205696920556],[40.43854349362205,200.085888530453],[40.38655713378546,200.00270129221659],[40.13506555316395,199.8147746327195],[40.07161995012776,199.8561042859758],[40.08813481469744,200.04408180247802],[39.9148829935797,200.07557521313132],[39.905954779753976,200.14265422090716],[39.672876607109856,200.10007983139081],[39.462843944145284,200.1934459903552],[39.40235003169312,200.1534828041562],[39.474304080287695,200.05988373737586],[39.413515396393684,199.94363179183605],[39.14655380949796,199.86653562925693],[38.81939347570743,199.9321251861402],[38.58684185112679,200.05886618674697],[38.48706531410781,199.9969141465145],[38.008402564755734,200.1250094680641],[37.88193609861473,200.25059050246367],[37.92292426530999,200.29967392183192],[37.856936520308196,200.38735622186704]]]]}},{"type":"Feature","properties":{"CC_1":null,"COUNTRY":"Vietnam","ENGTYPE_1":"Province","HASC_1":"VN.LA","ID_0":"VNM","ID_1":"VNM.39_1","ISO_1":null,"NAME_1":"Long An","NL_NAME_1":null,"TYPE_1":"Tỉnh","VARNAME_1":"Long An"},"geometry":{"type":"MultiPolygon","coordinates":[[[[61.1290538781479,73.99209524263588],[60.97969043701148,74.1364615059792],[60.770073741467044,74.85659331938339],[60.37537448962707,75.79993453611876],[60.0942876042367,75.9125875471951],[59.5332645490879,76.7235031267817],[58.94412079816637,77.38657321883103],[59.06086877060817,77.44382805624362],[58.85916298214608,78.03578298460371],[58.40439449249256,78.21333745933421],[58.29514678524228,78.5632169614735],[58.548604144165324,78.62247941860196],[59.45585448854017,79.32755271830108],[59.89994338487426,79.76956679193847],[60.41939092362723,80.07138995026777],[60.51253386531451,79.15361281043766],[60.644322783011546,78.79399700733302],[60.558231695738044,78.38907804213093],[60.81928680891699,78.24870200547983],[60.98047724881458,78.22660603212073],[60.95386853761949,78.46075015026109],[61.07742687270163,78.76654109771974],[61.10711029013411,79.165417490352],[61.1806985998893,78.79691174280106],[61.31584742174434,78.4988906791947],[61.580993316595055,78.08401938798066],[62.01423681541756,78.20277740875123],[62.08032352256268,77.9835635173346],[62.213911064760055,78.57837774034408],[62.22233941840986,78.8220507618291],[62.41562558487802,79.57897802957618],[62.68990853260075,80.02519944967202],[62.927129638801055,80.64362148301772],[63.04407154015529,80.81382662948856],[63.068189190970394,80.77757850654554],[62.9547850644359,80.48939405901757],[63.812123769115125,81.44477276038428],[64.03612783166082,81.40359055785798],[64.3440608189881,81.74493817957293],[64.50682206259285,82.25044944065145],[64.65219133799249,82.46388953166377],[64.62627855020469,82.33848417673201],[64.9304079390414,82.59603433734767],[64.97284782767579,81.97687794168216],[65.09097532465086,82.10275064551671],[65.0335516508718,81.91779736194054],[64.84717948199179,81.33729919381824],[65.43328518133482,81.45494103468292],[65.32664784607289,80.89245730857388],[65.48440959496543,80.35553563098436],[65.98171429797748,79.91895157389216],[67.344834329094,79.47056353312533],[66.67470522843229,78.99929946703854],[65.14468708181104,77.66045520567876],[64.5121688539254,76.91586942845178],[64.30101567393146,76.40710432577359],[63.672660393892954,76.06016091323895],[63.3621855706266,75.94822078780354],[63.893829766964004,74.67724428587573],[64.13127980297438,74.5410912593168],[64.31401819449998,74.16437774587494],[64.55652724570015,74.07955977022425],[64.81570927351119,73.71899510019058],[65.04208675446154,72.63441129397548],[65.42560386708747,72.19969335262404],[65.46623806577479,71.71936154327314],[65.54429707211196,71.47781812959153],[65.76021661015595,71.16250396963994],[66.00099684775415,71.04764821289052],[66.44790065377754,70.63585121703488],[66.46208822149936,70.74747712517647],[67.07055529690847,70.16781992187482],[67.24084622512595,70.26930953360608],[67.58213319799171,70.02615723322654],[67.78930611735638,69.81852183605295],[67.62147940555458,69.69751426889735],[67.87395309683937,69.65981564015854],[67.74846492858786,69.34735454919198],[68.09898202530762,69.30627038885628],[68.49920762951369,69.3373630267022],[68.76845954253679,69.61354479506711],[69.14921186464954,69.51524068253278],[69.73662566942244,69.80824695955911],[70.22198943461866,70.10159637572784],[70.19260994003294,69.88029272034974],[70.82723459790863,70.14933591868756],[72.13438587491486,70.38356462887674],[72.31816458215435,69.92972488544925],[71.73990371425235,69.61805942978908],[71.54948629894488,69.18789859189843],[70.45585021673513,68.79196807744218],[70.33394344623295,68.1039780073709],[71.13396007238374,68.41208264468187],[71.04578040412733,68.26412405561669],[70.86201941110195,66.90872602181477],[70.49056784902014,66.48611390096772],[70.43577419867034,66.22874389133199],[69.96118322715056,66.01763352355711],[69.39991722702081,65.75788128853173],[69.31202463424809,65.14256571860255],[68.84345064436559,65.46638858853882],[68.53191568363425,66.03698427123064],[68.45546200619181,66.23984168766953],[68.26764918506862,66.41132587941811],[68.10865106911479,66.38034947828824],[68.21192150638981,65.89798838067006],[67.96353710743387,65.77575800112045],[67.81191145102808,65.78322565797613],[68.02447321165745,65.2563320154515],[67.69769841565979,65.49542311581232],[67.60707500861454,65.77764024439296],[67.43118639455031,66.02615750053691],[67.39273609482763,65.932451125107],[67.1670761312084,66.30781407000916],[67.12075668565487,66.2189121129305],[67.00147767584292,66.37568190704584],[66.92598061253753,65.94052205966477],[66.64795545443097,66.16103784671266],[66.4546997794511,66.46920542548129],[66.58526803825109,66.36645549507753],[66.39947850422531,66.64718591408457],[66.27336700926973,66.76577696046247],[66.11526438835436,66.82769797277436],[65.75034404033094,67.60917775340579],[66.04392331772058,67.68616564069724],[65.81006395677093,68.03504947600346],[65.72771411077706,68.22766130064949],[65.05283734644502,69.11162965567415],[64.92871112098024,69.32812120082258],[64.93489513424583,69.04931645981542],[64.77580263506772,69.32775318326746],[64.64775081051413,69.66748025153984],[64.55123349476685,70.06767282186361],[63.74678934556879,71.82501586009172],[63.628951160727496,72.02283375243938],[62.92461626787349,73.18055912673685],[62.901529264908525,73.14453512791641],[62.609903454317376,73.66382697695177],[62.475566680119314,74.05211412329123],[62.239052944210414,74.43268636356146],[62.15290554295639,74.47735606363227],[61.722937901394545,74.43992831942127],[62.02658312535609,73.15251910827746],[61.1290538781479,73.99209524263588]]]]}},{"type":"Feature","properties":{"CC_1":null,"COUNTRY":"Vietnam","ENGTYPE_1":"Province","HASC_1":"VN.ND","ID_0":"VNM","ID_1":"VNM.40_1","ISO_1":null,"NAME_1":"Nam Định","NL_NAME_1":null,"TYPE_1":"Tỉnh","VARNAME_1":"Nam Dinh"},"geometry":{"type":"MultiPolygon","coordinates":[[[[63.1052278627825,169.10912579891755],[63.25680008778982,170.21843917662795],[63.62506827052637,170.2909371174084],[63.694630451611715,170.68595000740166],[64.16958314950973,171.38455584451916],[64.07606664432606,171.95141541607907],[63.830649252654325,173.53676552142747],[62.85480673374194,173.42550398185173],[62.620693427066094,174.28045505801677],[62.25261801462385,173.81873582097805],[61.62851673447085,173.5524014996795],[61.02740194769922,174.0282807361526],[61.51662170497451,174.11342324509047],[61.28498620323943,174.4061020879257],[60.70506957314138,174.3034883724501],[59.986827263354435,174.46346857300597],[59.59271502070604,174.5545538286462],[59.58235006591617,174.95221378017837],[58.92981266517326,175.40289745388887],[58.0135859379311,175.6397672899808],[58.305641551202505,176.0790361550508],[57.868233596551775,176.11188728304964],[57.73433497133428,176.26820616438508],[57.77650779912208,176.36433283112285],[57.49662254234974,176.42262434335086],[57.32694575651057,176.64424279035316],[58.01856742251271,176.73679452269695],[57.92827273262084,176.8673842038425],[58.36286099723526,177.03305632216063],[58.63320231358342,177.02301705302403],[58.692861343549765,177.18898129178135],[59.206183691300545,177.12040208294556],[59.163879368233154,176.78957665141263],[59.50591244842177,176.7054738637196],[59.459206572515384,176.79917512800122],[60.338427886030885,176.87068008610353],[60.07218164161881,177.001189195327],[60.239884324994364,177.36310936257954],[60.609398481410466,177.43230879622595],[60.67593907386684,177.64459285339933],[61.0518160587698,177.70710443757096],[61.301540981021375,177.6527880517839],[61.684057787148284,177.7718269807326],[61.769409784941736,177.70325444497553],[62.009384463388656,177.81089713460682],[62.53813615342709,177.82850256386985],[62.83296962786936,178.45550844297298],[63.76327230203563,178.90743687099302],[63.981846698826395,178.87074319037106],[63.90983434734585,178.4394287595079],[64.50124338963666,178.56920552326244],[64.84267681244347,178.78565856965443],[65.80090643661356,178.49215040143997],[65.42686004827482,177.85492051283205],[65.71411212826816,177.59968599666712],[67.25875228929006,177.26284773305747],[67.26447495181851,176.81317683524537],[66.56031540056115,176.32309172739124],[66.60780949453341,175.69998120080277],[66.91921200726868,175.59622778356987],[68.3934799981788,176.78474810927847],[68.83644468774854,176.24700761769876],[69.83948264536,175.79890340338278],[70.29163505838378,175.08634110763492],[70.96829006947877,174.9242503506215],[71.5397940602711,175.15519705198597],[71.78814699168562,175.39231249518562],[72.51646176374558,175.6161830412281],[73.38964188096239,174.57270373643567],[73.5465755071082,174.10731492158254],[73.22967361229426,173.6901439936089],[72.47662329093473,173.32497900051817],[72.39884754469142,173.69591262747053],[71.88423641474515,173.78244190254145],[69.66494187387208,173.0204962425729],[68.48238610967974,172.27384790493778],[67.54647899745676,171.2624512717604],[66.99470306422428,170.60826263877226],[66.04845185433852,169.87984911549978],[64.93857550273812,169.14412255364365],[64.7990169320662,169.25583022087784],[64.33144785034794,169.12998500986285],[63.99446806147684,169.17672720676688],[64.03405029234546,169.0256453046601],[63.15274869200371,169.00739994199142],[63.1052278627825,169.10912579891755]]]]}},{"type":"Feature","properties":{"CC_1":null,"COUNTRY":"Vietnam","ENGTYPE_1":"Province","HASC_1":"VN.NA","ID_0":"VNM","ID_1":"VNM.41_1","ISO_1":null,"NAME_1":"Nghệ An","NL_NAME_1":null,"TYPE_1":"Tỉnh","VARNAME_1":"Nghe An"},"geometry":{"type":"MultiPolygon","coordinates":[[[[55.48276985727199,158.58435786293458],[55.517495366226996,158.7366926110512],[55.44695994157972,158.83763322240222],[55.5035872273716,158.94046873284304],[55.27328397762339,159.24188925616198],[55.15029979604803,159.26596560271327],[54.954666864240906,159.5664693371965],[54.797262231598275,159.7069112273041],[54.86159978731075,159.83304535693085],[54.70261638605349,160.00469027463387],[54.528586831332674,160.05744713473982],[54.47977749346552,159.98918592894182],[53.931873457056916,160.20901349447942],[53.94795798141596,160.3182902916029],[53.82259288542433,160.40416366763873],[53.69640090576167,160.42025295938518],[53.65665471465619,160.47449229937237],[53.46858548116141,160.5483727940521],[53.440698165810936,160.6115885110991],[53.26047959024896,160.61606293250202],[53.15339727828836,160.70649751145302],[52.698733345294414,160.80878634013052],[52.45625212541202,161.14851054425898],[52.091711378781355,161.38986294979293],[51.73025908665625,161.47751832853615],[51.63861645470158,161.41476940280256],[51.4227388846699,161.56725788809217],[50.96150220632853,161.70954810787956],[50.753977657736044,161.91924803069716],[50.53404942274345,161.93715977392011],[50.30453928294901,162.06105528210463],[50.1770681702296,162.2215253104671],[50.02721172814394,162.28442670859715],[49.839377017804075,162.51973687090043],[49.57254524969467,162.56313869716683],[49.127586244769944,162.9525771059762],[48.931028354314016,163.07399009024687],[48.7961547063158,163.28138242970826],[48.46472092522359,163.60871396693767],[48.410681367866005,163.6187708975972],[48.16818367221426,164.1126358428283],[48.013128791533006,164.3283088420089],[47.9294961578342,164.5492093572293],[47.768344355846,164.72181476188587],[47.63585707080266,164.73065019102972],[47.41594437790635,165.00983929650383],[47.27727535992924,165.06322661883064],[47.26050068815322,164.9223775058481],[47.04568353795922,164.97753407201722],[46.73973652027391,165.27099525026287],[46.740240522891604,165.35256379990412],[46.42226344825291,165.64094337380885],[46.342203985379726,165.83802637237318],[45.96243795583298,166.0369398576155],[45.81591200841012,166.04045534601062],[45.397935244249084,166.27104649322428],[45.26235809549205,166.5233887067611],[45.114214923467344,166.60207678537915],[44.747706320375315,166.57899049156853],[44.391141140313735,166.72788651164618],[44.443346293996775,167.07112929083712],[44.198704839697214,167.16503316053334],[43.949207696427365,167.58432256342263],[43.46183539400617,167.69366664395938],[43.25424490154508,167.93212770610467],[43.184658277743694,167.8279907737836],[42.81332894339293,168.24113396565508],[42.715343253780816,168.1800882839112],[42.602545281347005,168.25178615826945],[42.187095423728024,168.21469057619356],[41.843938110686906,168.53043580040702],[41.484130482835845,169.0609185645971],[41.43908653656837,169.24755580995426],[41.21015132386276,169.4410977885477],[41.176101643758145,169.37285522602178],[41.06910954649146,169.4449966456988],[41.06528476834463,169.5970289756542],[41.22359372281568,169.72018305487975],[41.333822263924084,169.67753814773937],[41.75871532548307,170.07920957285356],[41.72951127733741,170.24546867625347],[42.021489530002484,170.47017837304622],[42.20300520718972,170.38098382926225],[42.27755717806882,170.54269005478477],[42.487730941339095,170.59940923835336],[42.6731429422495,170.4321543075797],[42.696716687535364,170.87796586827423],[42.60722868115158,170.93369471088354],[42.780005926200495,171.0616284911599],[42.769370707495476,171.23179641546866],[42.86705591923459,171.37175872994453],[42.98965048046177,171.3017553522307],[43.06856280925301,171.4577111758817],[42.90196881001178,171.76029586972444],[42.90016933137018,172.30208583628416],[42.71492995762949,172.5618300859516],[42.468482373540134,173.13761277196085],[42.5192663648012,173.31498492954887],[42.40592509600708,173.53959903519313],[42.48815886247766,173.89740206324745],[42.68473121394084,173.63360756368573],[43.01921991474424,173.46822632728205],[43.149724133930995,173.57845762673088],[43.122461198636756,173.87889883758803],[43.23283072929233,173.74177753691066],[43.37933138838822,173.7533231058431],[43.41951980780841,173.8676094935668],[43.74654460341401,173.75597871193463],[43.8088104466055,173.659470895984],[44.02996568023276,173.57533688645722],[44.17176437594176,173.36662879984044],[44.18369849370042,173.17777916548116],[44.31239227525117,173.22760342287955],[44.31707049699824,173.34704202083287],[44.46075188791199,173.41871649406295],[44.67577930384773,173.34932803692374],[44.67338615170894,173.44731674585898],[44.80839666517282,173.31977116871616],[44.9183648368855,172.90534676703305],[45.025555907789254,172.8542065144852],[45.07328954979131,172.63109128506102],[45.2505663197247,172.44234324305478],[45.3874411308408,172.40614781923517],[45.58209539940768,171.9072497000815],[45.80969350726659,171.66055344375746],[45.84891359497166,171.71811834122147],[45.96378965482891,171.53719646536322],[46.03358358939854,171.63421440683888],[46.26674953274416,171.6406292067109],[46.40783810895797,171.42951916459842],[46.54618747022413,171.37647677928214],[46.45260045919507,171.76611413361132],[46.53977455486149,171.77266163069106],[46.506255303723066,171.94701854300214],[46.558259284569274,172.04279648027708],[46.46567454934883,172.29285778405756],[46.75827600882244,172.78310237824823],[47.00538842800246,172.5729081045731],[47.05722504437413,172.73398673622796],[47.0092027594835,172.88643344233137],[47.215324885327725,172.96489588603086],[47.35196024906963,172.80571055505905],[47.450830427343284,172.89188331818468],[47.41030429680346,173.3670014143417],[47.45346199442376,173.49672422512106],[47.35223769872995,173.6659707066357],[47.419331944977806,173.8953744130137],[47.34219182409574,174.13695156211963],[47.3633346619505,174.45747721594284],[47.296326705968184,174.57052276459206],[47.390910094283335,174.86853744253796],[47.51822394742115,174.86624891675004],[47.6635143865209,175.35880557892645],[47.69427623651777,175.26522441686737],[47.925949337932714,175.1922600339339],[48.001365250225575,174.94266905526422],[48.08715648460749,174.91496633114483],[48.335600157035074,174.5207623404467],[48.65009550762893,174.34189450315642],[48.73892738021615,174.18800165329387],[49.06687264680009,174.19120980704804],[49.39240459039106,173.83145519437127],[49.540202632813426,173.78888939127518],[49.65993909710993,173.61892188994386],[49.88490270085749,172.8255694298275],[49.84437478178886,172.65448729629222],[49.61183075214155,172.8760299714108],[49.60863123209076,172.60066608977462],[49.525138267032844,172.50240109458213],[49.52701195076096,172.131338901344],[49.666717743653976,171.5608641034444],[49.69828600423617,171.25987263187073],[49.97597346149014,170.8291552653763],[49.94163523641229,170.67128870048998],[50.061513439968195,170.4763489434536],[50.07443373004341,170.27858573531233],[50.724800816812866,169.10457764127582],[50.78675001666499,169.20759187464515],[51.206456497606126,168.24933225842685],[51.41928916331905,168.09763169127893],[51.379894849923886,167.93720685846836],[51.6852084671521,167.52583743951737],[51.5948056265549,167.4877885382913],[51.967984751018555,166.93075652981284],[52.09641627948068,166.8605417296335],[52.110348013623025,166.7589144984926],[52.27327936824341,166.70191032094556],[52.39593816448132,166.53496356899328],[52.74435126347519,167.01869454145768],[52.900571430536374,166.9724350653267],[53.115627646746475,166.69426738758915],[53.085477343791844,166.6197010709771],[53.69466195477187,166.09576089707872],[53.722436799828955,165.9929511832567],[53.92945725590208,165.88203038942416],[54.03823800222721,165.95170752628067],[54.331926905117605,165.822864072024],[54.52014670296011,165.65378076347528],[54.77349014061423,165.71977112996086],[55.092998678537725,165.59387899669318],[55.11964912124532,165.67109953568234],[55.426072247809984,165.62917564878404],[55.71295872939645,165.46918011483575],[55.801106269832005,165.3107455651961],[56.767131074653335,164.38468856242207],[57.02345855550785,164.28020477147268],[57.08706395047635,164.3750387722356],[57.1914252462561,164.32689692943663],[57.320872153729184,164.16009821545782],[57.39065908620762,164.1449687998296],[57.5218226148601,163.9886497605633],[57.65763677351829,163.94306632377248],[57.751991906241784,163.83144852849267],[57.92315506804171,163.759503708714],[58.02528792340723,163.52367423956008],[58.12924685392341,163.55820579725446],[58.44070877466001,163.28786809324743],[58.73554612228154,163.22066452042594],[58.966326580308724,163.30900437777214],[59.21229633335674,163.04066837743648],[59.23086729140297,163.07691498352824],[59.412769681691785,162.87721555158788],[59.77133051153362,162.79723091531758],[59.86178645580782,162.62427404474272],[59.91065868327597,162.48978852972127],[59.681516393791476,162.60188960145615],[59.66877765527501,162.2511403225812],[59.55875818863566,162.22176964229598],[59.5403846420867,162.2985656175718],[59.37621069825654,162.26002241604388],[59.60662441431744,161.2599005792097],[59.7058190490075,161.10069188743768],[59.4729679941916,161.16266013957568],[59.31039115690567,161.09991569449454],[59.074189223780536,161.33762238184312],[58.86405593401204,161.261664543756],[58.764489113734655,160.95224852021744],[58.82469555731506,160.44199744440115],[59.28201734229016,159.56816128416096],[59.56321764672004,159.35211154811145],[59.58979854995613,159.37306143368093],[59.713043083429845,159.2610055843436],[59.97110319630036,159.12981412841168],[60.342780187633224,158.79707814084622],[60.566083230874256,158.45650739686653],[61.14488083858823,157.9223072199782],[60.992234584538025,157.83772872976533],[61.503991502712964,157.10396607606287],[60.96787813275342,157.2507172384602],[60.931660105946754,156.96799077789797],[60.8269897896484,156.9917994524177],[60.90227139935458,156.63990696941235],[60.84002984978382,156.49637819414767],[60.651301069896064,156.62516119441727],[60.31881184175687,156.54972364671025],[60.34553097218344,156.6229299033418],[60.21477249001961,156.66258822044927],[60.168013744670446,156.7359340477718],[59.89506265480806,156.7944427577679],[59.872879215488155,156.67819581090973],[59.49088381948349,156.75642718361942],[59.30184934724667,156.8992044239228],[58.8907960310689,157.47210031100067],[58.552893033693806,157.64205117067203],[58.573100728377185,157.5777434394996],[58.21721348297158,157.62110499484405],[58.18514554592469,157.53367324370683],[57.99683745380795,157.62969387006322],[57.59289795556921,157.66040822686955],[57.151518801960435,157.93981554009378],[57.02972910049023,158.09148932683968],[56.74476537110952,158.23642642022435],[56.59340731135775,158.4327677604557],[56.24774286537185,158.5025136122233],[55.9300981054995,158.35568336701732],[55.48276985727199,158.58435786293458]]],[[[61.14354061055103,158.18910950888062],[61.21058412532598,158.1803552621176],[61.12830362950933,158.1572666275507],[61.14354061055103,158.18910950888062]]],[[[60.90400441047822,158.5564483084324],[60.791977147371604,158.61000974038944],[60.89516087762709,158.59253461052572],[60.90400441047822,158.5564483084324]]]]}},{"type":"Feature","properties":{"CC_1":null,"COUNTRY":"Vietnam","ENGTYPE_1":"Province","HASC_1":"VN.NB","ID_0":"VNM","ID_1":"VNM.42_1","ISO_1":null,"NAME_1":"Ninh Bình","NL_NAME_1":null,"TYPE_1":"Tỉnh","VARNAME_1":"Ninh Binh"},"geometry":{"type":"MultiPolygon","coordinates":[[[[62.603562455100004,168.8961657536601],[61.51334527493702,169.6395345186586],[61.64868805836999,169.918493508751],[62.059912966256675,169.87390336968167],[62.346598174915705,170.51516300181993],[61.02655158737522,170.80313732746106],[60.917393348544465,170.88780096170552],[59.679429382729786,171.23921114990458],[58.729660302695585,171.86717493929672],[58.02908979564076,172.1652004352647],[57.20327451741771,172.74902856458064],[56.80266082761339,173.0881830449905],[56.6778426703238,173.26538627443978],[55.59612887463585,174.02863818786943],[55.45888484549728,174.1235698780021],[55.052702219987765,174.4612080155107],[54.96505850908742,174.6203211732974],[54.79400909802695,174.81091092657186],[54.27223275797584,175.41225546993144],[54.24549835974713,175.56888150786193],[53.91834130186003,176.02891925046987],[53.605808093698464,176.32456403055505],[53.252601276463224,176.59085802349523],[52.63913985888998,176.97968796599525],[52.300528038681044,177.60957299064526],[51.80863469020812,177.9653753219147],[51.77469226095075,178.03625946433718],[51.46032433404608,178.23159031754744],[51.098960425653665,178.51741050303903],[51.522375606095196,178.3638218995752],[51.558487087120966,178.41539856265766],[51.89377521714748,178.23348366706753],[52.38205138688099,177.86475966433167],[52.60376792052729,177.61482155666093],[53.00394266668337,177.17375018309934],[53.356622959370554,176.905002794861],[53.534470501350974,176.8285489479644],[53.988432105607984,177.01134751355315],[53.33907040480152,177.49276486333534],[52.907864052332016,177.88621078704298],[52.866220789827494,177.97230143825743],[52.68013484203106,178.1153893091768],[52.94897102866037,178.0026608699611],[53.418633196846145,177.6843780132056],[53.487859392606524,177.57062687778733],[53.84441600458847,177.45880284201587],[54.01434603923402,177.30019595104517],[54.22135989305817,177.23048416807026],[53.65363375590195,177.7084315257181],[53.775144598213345,177.68740195537575],[53.4058531432635,177.98288463475092],[54.0308752086842,177.76164075030024],[54.0493440341639,177.86681310251583],[55.05195983899157,177.3213032315086],[55.73881032701571,177.1762720614921],[56.68279772283345,176.4235628475285],[56.82855885433051,176.3486493518103],[57.082581518047476,176.39543624966055],[57.39963339175318,176.1970006585421],[57.73433497133428,176.26820616438508],[57.868233596551775,176.11188728304964],[58.305641551202505,176.0790361550508],[58.0135859379311,175.6397672899808],[58.92981266517326,175.40289745388887],[59.58235006591617,174.95221378017837],[59.59271502070604,174.5545538286462],[59.986827263354435,174.46346857300597],[60.70506957314138,174.3034883724501],[61.28498620323943,174.4061020879257],[61.51662170497451,174.11342324509047],[61.02740194769922,174.0282807361526],[61.62851673447085,173.5524014996795],[62.25261801462385,173.81873582097805],[62.620693427066094,174.28045505801677],[62.85480673374194,173.42550398185173],[63.830649252654325,173.53676552142747],[64.07606664432606,171.95141541607907],[64.16958314950973,171.38455584451916],[63.694630451611715,170.68595000740166],[63.62506827052637,170.2909371174084],[63.25680008778982,170.21843917662795],[63.1052278627825,169.10912579891755],[62.78792666353642,168.81193711283055],[62.603562455100004,168.8961657536601]]]]}},{"type":"Feature","properties":{"CC_1":null,"COUNTRY":"Vietnam","ENGTYPE_1":"Province","HASC_1":"VN.NT","ID_0":"VNM","ID_1":"VNM.43_1","ISO_1":null,"NAME_1":"Ninh Thuận","NL_NAME_1":null,"TYPE_1":"Tỉnh","VARNAME_1":"Ninh Thuan"},"geometry":{"type":"MultiPolygon","coordinates":[[[[97.27492909558849,84.06712447906142],[97.38248962240118,84.09086878015398],[97.36687928485833,84.23397140312736],[97.2603407686788,84.22839502128974],[97.03926964476473,84.40735647509916],[96.99944486944624,84.52133615268448],[96.369601164633,84.76600811912286],[96.03834314659557,85.04854700004941],[95.98275929510122,85.59045512285951],[95.71762365662696,85.69112455457143],[95.64815416180815,85.65762504515584],[95.41167382913744,85.86732126421177],[95.03165961133979,86.67280546715983],[94.67939386226708,86.85800673283293],[94.43979612043375,87.32567931031619],[94.39953491973353,87.58886743672696],[94.43614900504525,87.65288501341924],[94.76298884376702,87.57635362736121],[94.92399419204772,87.6384919688345],[94.99932397386448,87.5831868787684],[95.08333387785098,87.80944006906432],[95.12449035561772,87.79856473250176],[95.01956165040474,88.11358568852228],[94.86905613143574,88.2747721138128],[94.8266583564632,88.38738898854396],[94.84898828015206,88.53418257276341],[94.50751145365203,88.83644352781988],[94.51897906681413,89.02300100232199],[94.62178333739439,89.07800970914346],[94.517479882251,89.50612578067992],[94.53620950572916,89.66131623887796],[94.43292191315015,90.10498142204237],[94.50011986705002,90.26355494136453],[94.45226440788757,90.510613204691],[94.4914482653885,90.75449857852102],[94.53621300861028,90.74307399260547],[94.56199673068375,90.90621274696328],[94.48868106564818,91.20447525644826],[94.28600170584951,91.61652172828656],[94.37703353046527,91.64126988144493],[94.35965390451311,91.83263443354751],[94.52685276395268,91.91096668890252],[94.76020270055595,91.68549503034392],[94.84442051034898,91.80536379524943],[94.95071481855155,91.7196694745447],[94.93125779034227,91.36282679740003],[95.25992270615096,90.66835984145368],[95.20375332463527,90.54564383823241],[95.40389663515535,90.46181917913816],[95.44743394136174,90.37578707486207],[95.80518065263236,90.18542771727269],[95.87819571046305,89.95094075615039],[95.77855693262617,89.84052222615392],[95.8857719281169,89.6862025930357],[96.02582055057931,89.70569112277923],[96.13108363631969,89.61226226006927],[96.1706533548593,89.63618198353923],[96.39298133040292,89.48583243601198],[96.62396010180169,89.50492746038219],[96.86621248808058,89.34852454836842],[97.00005062720116,89.34040556349476],[97.1331657421331,89.22279481850784],[97.5162423514603,89.07837170136938],[97.6693103500055,89.13055692917368],[97.84028655182831,88.98147080310238],[97.99954901920856,88.94463084313912],[98.14496329776387,88.8136874671927],[98.31356602467338,88.4418626443029],[98.91125219933721,87.82647527752837],[99.79391417454951,87.73560302770396],[99.70419395642261,87.71344226980703],[99.74418679175525,87.54480616141991],[100.01834522371702,87.35593734925712],[100.02824920614769,87.24195287950944],[100.20450220785071,87.1756820773136],[100.13522977078055,87.13011682948922],[100.23647587251858,87.10718259931795],[100.27670868153069,86.91152530052489],[100.01195977332594,86.8479557244934],[99.90335413177807,86.96337340437688],[99.98292505117527,86.77951170910345],[99.83945771166717,86.6830081801463],[99.86271392680575,86.61468638884159],[99.74338188641502,86.57770349168581],[99.73246834591244,86.10509710174009],[99.59837868184769,86.11593428937792],[99.54066697731639,85.80611286968227],[99.4503002023298,85.74869927682295],[99.46714018531509,85.63345859003492],[99.40406992058217,85.73615527984872],[99.04839267124254,85.93615896046],[98.80107409184643,85.93471852522046],[98.50010743265575,86.04091310504242],[98.44941884871858,85.83795783424117],[98.577545644731,85.68876199168213],[98.45550852897472,85.53555435756454],[98.43273885717551,85.32544611432586],[98.53081030687508,84.98408125034194],[98.51050461003769,84.75373620622322],[98.5932380089128,84.49620966620066],[98.54886855562941,84.46630524329576],[98.66916478020326,84.0990709418628],[98.77381505298278,84.02535711962025],[98.73399710296898,83.91750483771952],[98.53275610895668,83.90667390763484],[98.44991603609944,83.74883837434865],[98.28499985091673,83.66702959504107],[97.85005847619244,83.68926512104014],[97.79522686856936,83.79654979776396],[97.47453231832561,84.0556518032019],[97.27492909558849,84.06712447906142]]]]}},{"type":"Feature","properties":{"CC_1":null,"COUNTRY":"Vietnam","ENGTYPE_1":"Province","HASC_1":"VN.PT","ID_0":"VNM","ID_1":"VNM.44_1","ISO_1":null,"NAME_1":"Phú Thọ","NL_NAME_1":null,"TYPE_1":"Tỉnh","VARNAME_1":"Phu Tho"},"geometry":{"type":"MultiPolygon","coordinates":[[[[42.055068012991384,193.88667054995477],[42.071576817030476,193.970847754104],[41.74003304102693,194.83827049430982],[41.84931808920423,195.0451574349413],[41.79427917169983,195.12773205282838],[42.044873490062756,195.3985734784708],[41.929856715093365,195.677709023647],[42.05719388092602,195.7035440414069],[42.11330907759044,196.00287470146705],[42.057570364284274,196.1221680832327],[42.275071795836084,196.57531706721238],[42.092114356877644,196.85174428152365],[42.10835307856122,196.92640703527024],[42.445400285900774,196.8340930896117],[42.46434500325675,196.98689241474773],[42.54761822629679,196.94473970611168],[42.596274840535855,197.07685511246427],[42.67985181033018,197.04459485395657],[42.752166453430156,196.71804241885138],[42.9411163675185,196.73039375506704],[42.8914708563871,197.03165848709904],[42.95799321800018,197.20944033561824],[43.07189101712329,197.18175955738064],[43.322895673621446,197.5459820552819],[43.562380707281065,198.10676984953204],[43.546031614014254,198.8249202772085],[43.64752815587672,199.03533229488997],[43.565064102115045,199.12412448796442],[43.669284625702346,199.22042458798504],[44.005833168500075,199.36398983684455],[44.119950166789515,199.64211736534378],[44.31153540453759,199.69445046832382],[44.52631687991829,199.8724908269744],[45.245806163429094,200.18919289065846],[45.33076839903589,200.13520783315914],[45.58111223578122,200.2782823600799],[45.57871919056229,200.36201240585126],[45.83543377320564,200.51270695365326],[45.85111724524424,200.56515718429588],[46.08471956294202,200.67264494164138],[46.27928968150529,200.84047709113847],[46.61140399510266,200.82154417309977],[46.92858925383587,200.9517946107223],[47.03049756256539,201.1704038770892],[46.93431802390582,201.1261191253128],[47.013196578699784,201.27304569786025],[47.165140471091604,201.37608762703633],[47.188043551078756,201.313280940038],[47.38783386981051,201.3850470335172],[47.57276994322184,201.52784247222849],[47.613570825367646,201.41531005347616],[47.90617468302726,201.61176477658904],[48.200249518266446,201.56426794504065],[48.53422200212631,201.69907638902697],[48.51584509923377,201.57180107701026],[48.312053886873194,201.36778872420433],[48.37666377157912,201.27497240552557],[48.543911951709404,201.35592628213212],[48.56249779123004,201.2287746496131],[48.452785275581554,201.10528132550084],[48.71366829392631,200.84928908540797],[48.594540173860885,200.6810536687061],[48.91227034701286,200.69359776292177],[48.86308501805004,200.4632899404377],[49.18070816521886,200.56485175681408],[49.134275757007245,200.29363633961228],[49.217823002372704,200.18282596997136],[49.199512393814494,199.15393859339562],[49.75762074951114,199.6032481981395],[49.98809351371798,199.56886653990705],[50.053252593177696,199.38031011216358],[49.77966391023928,198.59990492705194],[49.87305734902726,198.4307426630839],[50.190790559415746,198.37889301544865],[50.50115852732987,198.23112920106504],[50.593973063411944,197.93658511502596],[50.224343376040764,196.71312338241708],[49.54983790591593,197.29801111988078],[49.21818771857639,196.91696861109688],[48.5253875648324,196.35395925478576],[47.660283945299575,194.90510575464208],[47.252273913895,194.61211072435475],[46.469864332233016,193.81101227265677],[46.302448273989,193.69437090199645],[45.98956199818293,193.28884877446427],[45.78102179521893,191.82725262768338],[45.120804780052254,190.79879333638553],[45.113314847289665,190.37384447003535],[45.22962555216455,190.02757522268334],[45.27196581138149,189.73139370571644],[45.194977191948325,188.85415552539513],[45.004080383693704,189.17264886763766],[44.95994678978172,189.11018643223616],[44.849153949503744,189.39847736736084],[44.74650704157886,189.474265889105],[44.69963258584473,189.64384767491504],[44.600775344088504,189.68789252410235],[44.50014369635067,189.86336554966618],[44.2164912007821,190.01043253386962],[44.2445923565028,189.91051260029468],[44.05492874656476,189.9883908015659],[43.94580813060813,190.17589570807672],[44.04972317689467,190.29626362082527],[43.89489066016614,190.46470659007525],[43.546044110976524,190.523866524119],[43.26067719376663,190.75513851148384],[43.11645178671712,191.10710656434384],[42.73595533845599,192.06006989875942],[42.6992151354356,192.05720302966347],[42.68367737373034,192.1797067240763],[42.361511193642045,192.92257427475667],[42.233787183892375,193.01364798446394],[42.18505716480562,193.15361156688454],[42.05900506401473,193.30819225877258],[42.116620953770635,193.4404439264702],[42.055068012991384,193.88667054995477]]]]}},{"type":"Feature","properties":{"CC_1":null,"COUNTRY":"Vietnam","ENGTYPE_1":"Province","HASC_1":"VN.PY","ID_0":"VNM","ID_1":"VNM.45_1","ISO_1":null,"NAME_1":"Phú Yên","NL_NAME_1":null,"TYPE_1":"Tỉnh","VARNAME_1":"Phu Yen"},"geometry":{"type":"MultiPolygon","coordinates":[[[[92.68632287904327,100.19987327995696],[92.73825804883158,100.32570076898763],[93.13329542366391,100.35640390187406],[92.93431031438655,100.75320389241656],[93.01485622730466,100.88470829488467],[92.93824661677819,100.94704793550812],[92.94425212294269,101.00846100317273],[93.03444454212031,100.98123220380695],[93.00737371161948,101.04525779395964],[93.11795996030276,100.97158527680007],[93.15741685577675,100.99186452783323],[93.22253352355922,100.9318436429545],[93.21610513487752,100.9971709430813],[93.32438080625536,100.92839129792591],[93.38392484970964,100.97255158346026],[93.49429262513229,100.90259106489071],[93.52559828320977,100.9524750087892],[93.6926151216841,100.89175021571066],[93.64053568905351,100.94401974891232],[93.77569688732822,101.02648332257765],[93.67114627162837,101.18804964902964],[93.80896922379328,101.19238551869532],[93.80417070314394,101.50193323263278],[93.53418812099048,101.68415482316519],[93.30529715571491,102.00269949616622],[92.83326047949757,102.4945495890704],[92.60190026932597,103.14414554414581],[92.36642495935807,103.39925864806645],[92.38075630019699,103.51487315015238],[91.98520417719492,103.62610892322019],[91.74086653677698,103.80596196103245],[91.7310340490258,103.87931747673044],[91.61571768873806,104.03459070693783],[91.60353091236442,104.28894915302011],[91.68792040794602,104.2543044426505],[91.6831711798943,104.58005509649504],[91.74373895294079,104.57068370669728],[91.72154016703755,104.68225392570776],[91.88546332035313,104.55004351061174],[91.9736154981118,104.65758919669088],[92.35305436840038,104.44605048974434],[92.44560476565623,104.29491766643116],[92.80174350435776,104.07355593774457],[92.91656253812826,103.83223312743733],[93.08952197489904,103.66579953057024],[93.10040600307514,103.56435342063635],[93.71428878242759,103.26371539254119],[94.14330491479971,102.84824669845315],[94.24546849207078,102.78550204421055],[94.70462381580177,102.66344572029598],[95.08850308175012,102.68809391164112],[95.31150809345996,102.93859195989464],[95.67436746999712,102.91741776179671],[95.95548794369333,103.10015142873695],[96.08432423199535,103.08668602480424],[96.0221401184968,103.33556416094402],[96.16346305644944,103.40062962684341],[96.03957484107642,103.52047182879774],[96.08349733665946,103.6221140261794],[96.38164418527404,103.5062799966005],[96.48412197289619,103.56619168775973],[96.47985862220719,104.01416472118663],[96.81229612830802,104.10105231060714],[97.01924849869741,104.24954958119564],[97.13551515237805,104.10538840387211],[97.37367020891838,104.11107574998174],[97.48003932872734,104.03145458269545],[97.40651029627344,103.76372115667007],[97.90929386143331,103.26702896624006],[98.42046210007018,103.14187485923965],[98.1982736313754,103.0417729286194],[98.2309207933497,102.8780470144159],[98.52120125904213,102.83973692362038],[98.55020205834289,102.74125500537342],[98.46465269861261,102.75926626160526],[98.39101830196074,102.6719978854079],[98.483850476971,102.56159112461407],[98.7527984635665,102.46226962620392],[98.89171717232568,102.55218897889563],[98.99989141219228,102.47552298321224],[98.89333077532999,102.48353000441207],[98.88776318337484,102.3291026864378],[98.78681696828421,102.28494668511533],[98.83391250211369,102.11882133547226],[98.73660252800069,102.13033811353466],[98.68537168355368,102.04341349473114],[98.57317240682552,102.11676693736658],[98.28732660846265,102.05320802204653],[98.14349846586663,102.1331118075277],[98.21755462472706,102.2006699457478],[98.36463786489378,102.21504306609661],[98.54678889851215,102.3468879208336],[98.15864187898893,102.50109942517086],[97.96556854876258,102.50626482960394],[97.88470840609651,102.57089861154542],[97.65905109231214,102.45086381827738],[97.7419498186679,102.40541773503506],[97.65060440091855,102.1837851897804],[97.87824591066808,102.12824194696775],[97.6613909476711,102.02013647460944],[97.81018343275184,102.01863388190955],[97.8038928513767,101.91987343348393],[97.69364566452745,101.89288452693752],[97.902356674785,101.90180346090828],[98.33922984258977,101.70240584649984],[98.39027451299265,101.75602463121434],[98.70188700392264,101.77309290280263],[98.68262970557963,101.70302867875631],[98.81634474758404,101.59918275811066],[98.64376901477435,101.58174209099886],[98.6675686053768,101.47708110764444],[99.19927769791458,101.10376952847065],[99.03227775450347,101.07150151484048],[99.13448132848876,100.93842807054983],[98.9740562394643,100.85287173566225],[99.12966216422868,100.66834154122976],[99.06375405837352,100.44646036998104],[99.1814838469821,100.24163993339211],[99.69487471367863,99.71820918571066],[100.06336441599942,99.35051994082946],[100.8559921605497,98.7321336906598],[100.84086527988244,98.67250770160469],[101.17352765261981,98.44613454753741],[101.14331574524797,98.34727055155103],[101.22297468857045,98.32154791075506],[101.24690053434107,98.1916923018826],[101.1781073787756,98.18619564629928],[101.20528848517654,98.03540463383736],[100.87549447321037,98.00815266257067],[101.0405050419349,98.1412704608976],[101.02260941707293,98.22369708252836],[100.63284617520335,98.16857126845662],[100.67206945355332,98.11686078666719],[100.53377357522275,98.01926563259204],[100.26866536381274,98.2268033689537],[100.00210168733526,98.12051169470455],[99.87510849312847,98.14694313631716],[99.78434522632227,98.06644210902851],[99.72318833497906,98.12836928081575],[99.24140441108767,98.11546710512835],[99.11461493862704,98.17681542083551],[98.81539171890242,98.03415759668394],[98.63195176399134,98.16846624467183],[98.10332990980973,98.23116696006026],[97.86216447622965,97.94584658691883],[97.60575122585335,98.09655187296985],[97.50308366297001,97.88969536464347],[97.37936235186332,97.86071407329314],[97.41223110481644,97.78247143658893],[97.30505545013281,97.73574723260441],[97.11316733358957,97.8366340380586],[97.06424365984972,97.78227334293155],[96.83672089737307,97.82693385000444],[96.83993305372434,97.75733539905993],[96.57797996742534,97.71788321661649],[96.65228582368933,97.68314382953028],[96.3712481423954,97.58962699264292],[96.38351847842102,97.70973159816646],[96.23771741835965,97.90254034077151],[96.30223552927976,97.96854125219039],[96.22267929919298,98.17597500068136],[96.04445675477204,98.26051522625968],[96.0059587136266,98.45261488846329],[95.71403161043601,98.39313343139182],[94.89685181907085,98.41997702173799],[94.78757262076307,98.4506042415947],[94.55350217621809,98.61479833042763],[94.51237352052968,98.74468650964342],[94.12739468550564,98.9657763232972],[93.83679208581695,99.00439293091853],[93.62532422034027,99.23087331441363],[93.35936092564532,99.66051899954259],[93.12368542911304,99.82247076236341],[93.0609154576627,99.77655620074233],[92.98584249775867,99.95873567870339],[92.74250568713873,100.11134694181928],[92.68632287904327,100.19987327995696]]],[[[97.97755585392281,101.92284190597422],[98.04472608578493,101.92935371386355],[97.99157649217469,101.91149669762004],[97.97755585392281,101.92284190597422]]],[[[98.02307534673541,102.30140367566716],[98.04319663334533,102.29333036867405],[97.99808286754492,102.27094752710673],[98.02307534673541,102.30140367566716]]],[[[100.62165138735915,97.90194730536379],[100.59646898762416,97.88034082098521],[100.59896694522249,97.94221370351606],[100.62165138735915,97.90194730536379]]],[[[99.46341058879338,101.25801684119105],[99.32584942947494,101.24493534184028],[99.30011195003931,101.32541938039611],[99.46341058879338,101.25801684119105]]],[[[99.26802064443787,100.5851231172312],[99.22865764688127,100.58789518219659],[99.27048844920147,100.61262699893574],[99.26802064443787,100.5851231172312]]],[[[98.27881494038316,102.34615163478958],[98.23845818943616,102.3717946298185],[98.27603854950151,102.38130139301276],[98.27881494038316,102.34615163478958]]]]}},{"type":"Feature","properties":{"CC_1":null,"COUNTRY":"Vietnam","ENGTYPE_1":"Province","HASC_1":"VN.QB","ID_0":"VNM","ID_1":"VNM.46_1","ISO_1":null,"NAME_1":"Quảng Bình","NL_NAME_1":null,"TYPE_1":"Tỉnh","VARNAME_1":"Quang Binh"},"geometry":{"type":"MultiPolygon","coordinates":[[[[74.09404629320099,142.1337919816597],[73.86155111708693,141.82855408437186],[73.50217722725822,141.68594686611385],[73.27618835928632,141.6643493947864],[73.43969702800786,141.48849125047138],[73.30538187980558,141.356507624331],[73.05864346491137,141.48126736059172],[72.97439956768643,141.35259816678945],[73.04696206322325,141.20488280263456],[73.02787955705189,141.13328660215348],[72.89405679928413,141.12836992133538],[72.85632923259277,140.9694150141584],[72.89345721613043,140.71329309603675],[72.70790076236065,140.7005546928301],[72.43950224375237,140.92270506791286],[72.366188680795,140.92647657019177],[72.27378628250628,141.05557567358792],[72.09070244457428,141.03151402204827],[72.06884082994972,140.9643878103735],[71.7028423838968,141.076568964136],[71.50815679133751,141.41931579195818],[71.53056596526073,141.48711495818122],[71.33102177717942,141.53675675611873],[71.23089912867128,141.6386972790255],[71.20167274157076,141.72831615265383],[71.13324159025197,141.51344075489612],[71.05005141753716,141.47271044080742],[70.74580720889637,141.6308408477893],[70.63349508366298,141.803419422635],[70.52044115522779,141.778525643195],[70.41599945323294,141.87755745048221],[70.34601170256965,142.09749248025358],[70.1783905898437,142.29532162589547],[70.2431789697824,142.48058954392968],[70.00095243473577,142.89999157991872],[69.88122552484298,143.3175906403471],[69.91131587017317,143.3586469777707],[69.7379385767438,143.79159327142622],[69.75939188469033,143.83193273296288],[69.64340561206642,144.00041513154733],[69.69501567061687,144.0594614100273],[69.75037013851158,144.00019696895183],[69.7897776258742,144.13867408071263],[69.65276784006119,144.2313954616976],[69.6896099533225,144.30978901179034],[69.61402659922346,144.39249311204236],[69.56599877923767,144.69550738548438],[69.41185192480157,144.77822617863205],[69.46365482246365,144.60331685147997],[69.4514460563465,144.5090661510222],[69.3324411838669,144.48169553989567],[69.33944163017432,144.4324894910382],[68.68601739649321,145.2968341348176],[68.67363930721011,145.37213094452105],[68.36484110537202,145.76697489956115],[67.630909563834,146.97594320758373],[66.56870387153398,147.89674733838166],[66.10898693725666,148.20821769165988],[65.96418558309362,148.23134648026584],[65.5782445954426,148.4814463163941],[65.54450368451273,148.46313180680738],[65.26414834954147,148.65106820822777],[65.00626742170014,148.68442630276854],[64.7780427811421,149.05205222453856],[64.62334347764089,149.13097368699303],[64.40130647725523,149.3323538094184],[64.07368041688271,149.46309156443297],[63.76306483589137,149.79227155440014],[63.75152698016275,149.93375265231353],[63.68508885149786,149.94102468173125],[63.34854164880378,150.1616617088537],[62.823742734218314,150.4080957456198],[62.7009420097709,150.50606962317738],[62.76619612566439,150.53674317327722],[62.60493673193247,150.9294491327807],[62.71546556285524,150.96099090489992],[62.60507574076382,151.16546509080302],[63.33130833007033,150.99883621446548],[63.46387651806215,151.05141729875163],[63.38920597217069,151.15177674514675],[63.535300888297094,151.21543044181695],[64.04594142019337,150.97380330983583],[64.37188291777626,150.96713495173404],[64.39750687757035,151.0258019727139],[64.54338864247023,150.9622976512423],[64.55014716320402,151.04571807237113],[64.29798246936068,151.14038080040558],[64.34659429772,151.18655580416163],[64.82339977833547,151.1278903296195],[64.97246118112884,151.26945668701956],[65.18604241203687,151.15277043478602],[65.27174367534015,151.21114344752158],[65.50895667288702,150.9717454382306],[65.67082613389523,150.92004928248687],[65.8005086892547,150.9564681607906],[66.23062403633921,150.60340355239032],[66.47333157332275,150.55758301890813],[66.82658580186117,150.28126582675168],[66.63200136681041,150.15047347848926],[66.66983357792746,150.01710378496497],[67.85125018596078,149.570391419435],[67.99742067840431,149.59366448990772],[68.06760187432052,149.53487538292305],[68.11662885048378,149.58943240387293],[68.33909514828102,149.57990811847054],[68.52327096025994,149.41683457231107],[68.57560081646824,149.45339472221494],[68.66909783663064,149.3655524098369],[68.71113983082911,149.43789436695172],[68.64626320767098,149.5532709077144],[68.77930425046725,149.7724811804759],[68.92171402193458,149.76522776022404],[69.00744505164148,149.99963048787328],[69.52260881086916,149.87517624100093],[69.72017991575441,149.75510337365372],[69.90122083402314,149.7364993871988],[69.91319298871879,149.5975783187774],[70.39735298364091,149.6128124686541],[70.35356932901668,149.53656299701214],[70.41420257283218,149.43486690304272],[70.3017424503944,149.28236798883114],[70.17928052680159,149.2872494348075],[69.92141349617606,148.86153635840535],[69.87775705610986,148.58726844460554],[69.99594674359675,147.9680677509721],[70.3475767393535,147.07113318825637],[71.37871298829684,145.03851252675926],[71.70340098593994,144.51227060372855],[72.21000911446048,143.7944033264464],[74.09404629320099,142.1337919816597]]],[[[70.49206907606829,149.35084823858014],[70.54462538634789,149.36667461700668],[70.53217725229476,149.3224580753667],[70.49206907606829,149.35084823858014]]],[[[70.060915440699,148.95863141820138],[70.09191022696022,148.9259932578581],[70.05171936600738,148.86621010652894],[70.060915440699,148.95863141820138]]],[[[70.26315485275317,149.17918061785755],[70.25222399719306,149.15716863234726],[70.25079843942663,149.2093090719732],[70.26315485275317,149.17918061785755]]],[[[70.46852525533029,149.411406890688],[70.43848326533349,149.4326049997851],[70.45643815759053,149.45227760259274],[70.46852525533029,149.411406890688]]]]}},{"type":"Feature","properties":{"CC_1":null,"COUNTRY":"Vietnam","ENGTYPE_1":"Province","HASC_1":"VN.QM","ID_0":"VNM","ID_1":"VNM.47_1","ISO_1":null,"NAME_1":"Quảng Nam","NL_NAME_1":null,"TYPE_1":"Tỉnh","VARNAME_1":"Quang Nam"},"geometry":{"type":"MultiPolygon","coordinates":[[[[83.6282347315404,122.41069190596859],[83.48505894029097,122.51717230387221],[83.29791325041981,122.37269533118291],[83.16835433631131,122.49413590161559],[83.06534325645741,122.5135639546196],[82.9524385932318,122.63113599490518],[82.93231699289676,122.84094637543815],[82.7698024643735,123.15153013720428],[82.51092688359759,123.32337980132161],[82.49443117530255,123.45161672456376],[82.3937539044716,123.58155880917684],[82.11981013135342,123.75650231869558],[82.14639595566959,123.64300144089466],[81.79678977146266,123.8260249958658],[81.26778484485942,124.68145243452255],[81.0577494272491,124.83751179184559],[81.10021717496176,124.92986258080751],[80.83089045554058,125.40413584302361],[80.47521595311423,125.63315363711138],[80.30919389125387,125.84180403791038],[80.25503489281928,126.04750699462595],[80.15303019044762,126.1166573670701],[80.07724433872963,126.64580184362647],[79.97903447188074,126.73436953662628],[79.93985605242736,126.84833479439742],[79.8077735899196,126.92820712484642],[79.76635782729112,127.10396922788163],[79.68273345146108,127.2098283920223],[79.38375964359695,127.26941640605317],[79.30367894296243,127.66450969198158],[79.37888694201189,127.71001122176784],[79.31564581779703,127.95757984254588],[79.08806451181461,128.2558493814972],[79.25170135557994,128.40796899615634],[79.37239209971791,128.27088317790157],[79.5355345196787,128.33134187941698],[79.52753511872106,128.42911380116328],[79.60636081107236,128.34226239751587],[79.6813740080724,128.41369466716876],[79.79616218489369,128.33994999766642],[79.79024836860464,128.48999021524142],[79.98413323220426,128.52039388442196],[80.26736400733022,128.23139435101078],[80.33758513027702,128.51795842104067],[80.40536144388066,129.5726210350121],[80.3603635177228,129.6919828912786],[80.40907852792479,129.66958902535058],[80.4222705522415,130.14152773620913],[80.51508490916231,130.32766389032054],[80.58991553963482,130.27202091190867],[80.71452169850342,129.92783553257337],[80.92988955205173,129.72091814461243],[80.99568397869086,129.85978599215088],[80.91431647111754,130.2190037518005],[81.0029007383175,130.3365225965735],[81.26479205893588,130.34097987508176],[81.31971885829233,130.02978170814603],[81.30612760302652,129.82648987496063],[81.5659379783228,129.35279138376018],[81.65974428112027,128.95026831890885],[81.83394478531167,128.73928448052484],[81.93724814380194,128.90655676094622],[81.92740024791155,129.31666642828597],[82.2121973928374,129.54544932741965],[82.2274219643945,129.81855157727358],[82.32190139127385,129.78613432281398],[82.48116763533734,129.44908366772037],[82.54826890831193,129.45056018860635],[82.89076726593048,129.41162911222727],[83.14409227016964,128.94236244626052],[83.2253826750003,128.5968496838203],[83.75438159754218,128.9408111522182],[83.7139018377748,128.36071238529178],[84.03013172571974,127.71822709256962],[83.99865113092267,127.24149920059563],[83.76504947947019,126.95706165822709],[83.7841135054845,126.72355656769888],[84.29725510929016,126.16374141589068],[84.65813156314725,126.17883257526573],[85.12970625101522,126.0613311681823],[85.24871464178273,125.9312359321063],[85.46655023379296,125.89870947413343],[85.77460273851929,126.17495323691105],[86.11748336041991,125.9230773665293],[86.2470611551318,125.95613145387637],[86.40478741786934,126.2463102027948],[86.68680631285648,126.05199261830356],[86.88383424604525,126.43007085762936],[87.1232392726571,126.427476614416],[87.13158710594618,126.13917591999008],[87.53068803914124,126.40047069330264],[87.87404904731724,126.6799256239385],[87.88839178657075,126.55989749214221],[88.05664049055561,126.58491125837648],[88.24948216024876,126.75456471799676],[88.44658965345891,126.19138025129305],[89.10515905309049,125.89681064955973],[89.09444030338939,125.32617076779283],[89.19152529483418,125.17776271664647],[90.04485747237074,124.35142306642507],[90.27666066071357,123.62716500178179],[90.42356561546384,123.5716780178042],[90.54881611761847,123.61492652281278],[90.64943217228634,123.76396172811658],[90.67898218181429,123.68888625266388],[90.56218675397525,123.50462224005364],[90.59908838296899,123.44311979730745],[90.65783627500161,123.51307315736443],[90.69332444479689,123.31977230091977],[90.60997655092932,123.11640209274807],[90.90293263311835,122.79034900539642],[90.61022008640214,122.50537325435012],[89.99489836560764,122.3711107387129],[89.88327665769819,122.25760284894207],[89.66620281797847,122.16544360252814],[89.64664983827548,122.1046253556257],[89.41277699511838,122.02414403566354],[89.30112916891616,121.9326387854289],[89.19244261888153,121.92768951383172],[88.97702028820368,121.76086626761546],[88.7614464477977,121.75197648449604],[88.569417952197,121.59557498380917],[88.23675861964301,121.56852852271598],[88.26798600316751,121.68381322387924],[88.1108549870816,121.55420072695446],[88.03622078075269,121.56596699029012],[87.90010670483392,121.41535228104107],[87.71862795459273,121.4090458421404],[87.58026021122797,121.31696700723899],[87.32091141473828,121.32925201190889],[87.15050337291744,121.12858313439447],[87.11933770410971,120.95993599443467],[86.96942218263464,120.83123112977484],[86.94637355467506,120.69135933691132],[87.05664884430897,120.70091657225734],[87.01266772109152,120.5669798345951],[86.9080377641273,120.44492714584447],[86.96011287331808,120.42875010755353],[86.93843074406172,120.278260320022],[86.54276434202436,119.74888826441504],[86.47038023381845,119.47417510222071],[86.34235153904876,119.33203016755616],[86.33810462271178,119.19902162827191],[86.25066556222954,118.88315459856925],[86.1391773110808,118.89676514005512],[86.07495712693884,119.09601694296963],[85.9996508129925,119.13972015429079],[85.90807565418962,118.9886660611283],[85.84941935601339,118.61136765304053],[85.8489424516313,118.36212086108029],[85.80383756596903,118.27724635483995],[85.66594925942013,118.2358209267663],[85.66570778724696,118.3242797563077],[85.61423174737894,118.38876297719702],[85.58491967483263,118.58382251233635],[85.52038957103565,118.68224481031507],[85.46769575353264,118.67484128315478],[85.40127749909703,119.14460718376715],[85.45173838997871,119.23894717434096],[85.5607597758974,119.70202272341714],[85.53920443152134,119.96392730515966],[85.32347605181934,120.1002907642665],[85.2999013225288,120.1928194752664],[85.25681239087785,120.2166236322312],[85.203955690638,120.36771342976502],[85.15584588365456,120.39791833385829],[85.09469413945082,120.27304477361373],[85.01016061788836,120.42134373977647],[84.8594019978506,120.45114836130183],[84.81409658788797,120.51787386780843],[84.78483987606951,120.49394765046628],[84.64097005194422,120.60980114655271],[84.5731735816764,120.72768798241074],[84.52084505672588,120.68573714106995],[84.43945391929245,121.0019554823835],[84.40682106983662,121.3037764293871],[84.32147333627415,121.29394491159283],[83.9805841401803,121.83541037065453],[83.91187788653318,122.06953776843145],[83.70576653585717,122.39070901474201],[83.6282347315404,122.41069190596859]]],[[[91.83617516211955,126.37906616025931],[91.78332341598185,126.35007673074466],[91.81204579967522,126.401798381298],[91.83617516211955,126.37906616025931]]],[[[90.53241733337994,126.70805262841003],[90.52070677993204,126.74467109674416],[90.61509374410956,126.82637934851992],[90.53241733337994,126.70805262841003]]],[[[90.80431933633038,127.35483278731384],[90.66395044325571,126.96461172045579],[90.47383528134938,127.0887289687227],[90.52669605906229,127.26627200982468],[90.39029527657983,127.19935141570699],[90.35726039186228,127.3262741539865],[90.57425123375577,127.58914959244247],[90.59950423469925,127.39793457203552],[90.80431933633038,127.35483278731384]]],[[[90.26592532524329,127.02943898365199],[90.1843846523015,126.91492814464154],[90.18752629954412,126.9778525378157],[90.26592532524329,127.02943898365199]]],[[[90.09873051792822,127.41478823952286],[90.02914102490097,127.21935997211311],[90.02274552412739,127.29275802527312],[90.09873051792822,127.41478823952286]]]]}},{"type":"Feature","properties":{"CC_1":null,"COUNTRY":"Vietnam","ENGTYPE_1":"Province","HASC_1":"VN.QG","ID_0":"VNM","ID_1":"VNM.48_1","ISO_1":null,"NAME_1":"Quảng Ngãi","NL_NAME_1":null,"TYPE_1":"Tỉnh","VARNAME_1":"Quang Ngai"},"geometry":{"type":"MultiPolygon","coordinates":[[[[87.47204256990534,114.52832494664743],[87.3435082536002,114.42635155113966],[87.20154682599038,114.56660310671302],[87.19189044836526,114.72677540193979],[87.09120923872432,114.79525081842468],[86.96377910116013,114.97839068369329],[86.88198988392838,115.28985378856206],[86.76617453207555,115.30035026781918],[86.70131503003647,115.37451516439057],[86.82388535191093,115.87209350528633],[86.76691540796965,116.00912136979916],[86.86198522482546,116.16164983416003],[86.91807363231348,116.34680503835975],[86.89722425145078,116.58786439531208],[86.84338701467593,116.63206056830009],[86.84807034169762,116.82312163912536],[86.66641555767366,116.74822545729302],[86.65964473582878,116.82833591074721],[86.60385864943778,116.87785860493369],[86.59378609215388,116.97011759434874],[86.49287900273205,117.06854359270301],[86.44933842727026,117.2237169152522],[86.46135013861787,117.54825947554835],[86.41054192570934,117.52844715694572],[86.43944563522213,117.68019339926893],[86.36155145482294,117.79929291939803],[86.38551271260685,118.11614249868438],[86.3101549507389,118.28722457259548],[86.32412393053069,118.40020813855335],[86.28342951349765,118.43937047626903],[86.29053212732512,118.7714009456954],[86.25066556222954,118.88315459856925],[86.33810462271178,119.19902162827191],[86.34235153904876,119.33203016755616],[86.47038023381845,119.47417510222071],[86.54276434202436,119.74888826441504],[86.93843074406172,120.278260320022],[86.96011287331808,120.42875010755353],[86.9080377641273,120.44492714584447],[87.01266772109152,120.5669798345951],[87.05664884430897,120.70091657225734],[86.94637355467506,120.69135933691132],[86.96942218263464,120.83123112977484],[87.11933770410971,120.95993599443467],[87.15050337291744,121.12858313439447],[87.32091141473828,121.32925201190889],[87.58026021122797,121.31696700723899],[87.71862795459273,121.4090458421404],[87.90010670483392,121.41535228104107],[88.03622078075269,121.56596699029012],[88.1108549870816,121.55420072695446],[88.26798600316751,121.68381322387924],[88.23675861964301,121.56852852271598],[88.569417952197,121.59557498380917],[88.7614464477977,121.75197648449604],[88.97702028820368,121.76086626761546],[89.19244261888153,121.92768951383172],[89.30112916891616,121.9326387854289],[89.41277699511838,122.02414403566354],[89.64664983827548,122.1046253556257],[89.66620281797847,122.16544360252814],[89.88327665769819,122.25760284894207],[89.99489836560764,122.3711107387129],[90.61022008640214,122.50537325435012],[90.90293263311835,122.79034900539642],[91.21412292233184,122.69980152365315],[91.23743216383083,122.76813503472385],[91.3313222611674,122.75565752849285],[91.56251643830151,122.92515027736616],[91.46040367307018,123.00660274455076],[91.499135649724,123.05657235071051],[91.60948568880863,122.96974261928494],[91.89376572762373,123.05189426428097],[91.77211955407093,122.94330815890333],[91.916591705684,122.84150649893951],[91.79104367982876,122.70989580692114],[92.24298592309019,122.48343630657162],[92.50218599745173,122.56305393316237],[92.36536093345211,122.47832315927909],[92.44075754676123,122.37135342330537],[92.65841045902707,122.37817124478244],[92.36714407553355,122.11721217803684],[92.76995672288365,121.79054646426978],[93.19177135255285,121.71447897507178],[93.51839022394391,121.73401726683737],[93.49531261987562,121.59663489639254],[93.21646452124068,121.42044919298925],[92.98318603895018,121.41045350130655],[93.10571141750351,121.34961160674939],[92.70722708304315,121.28659277872467],[92.56478758700334,121.15537967986154],[92.53567079058607,120.15631859765139],[93.35284460543701,118.68213286712488],[94.11474282858435,117.81395530652215],[94.6551176600037,117.3051906599481],[95.27025579018873,116.73276130702092],[95.30289638702726,116.30801397976516],[95.0056132873922,116.23409017670593],[95.01629191556903,115.71482499859687],[95.2196247284094,115.23563533427003],[94.49636223872139,115.55377322680984],[94.55366912452818,115.78784206849932],[94.3681215808115,115.99287234449929],[94.2247753287883,115.9673981776859],[94.05762937080124,116.16489159282624],[93.55409109052427,116.19646078816925],[93.19709792650471,116.11343760749864],[92.7748579186915,116.25276604937878],[92.6620413199757,116.17997039930914],[92.06703270095369,116.32714727354181],[91.16930533439792,116.01368344913658],[90.54857571162196,116.06448265812702],[90.3035715512944,115.91623430438183],[90.03889430544925,116.00297656763115],[89.6966699665025,115.74996740771117],[89.07107831519644,115.68522461349723],[88.95442264800796,115.75899257834163],[88.84825327749391,115.65095085324586],[88.7796947755734,114.93624698313765],[88.52028843532052,114.86418424580141],[88.28131040898501,115.06292709407191],[88.25356577356317,115.15563009053547],[88.08665293227895,114.95245197986281],[87.99518075529079,114.9940373831931],[87.95217174975596,114.88520543457574],[87.58886417194428,114.70239979168352],[87.59419138110412,114.5481512402724],[87.47783080485117,114.57654858765017],[87.47204256990534,114.52832494664743]]],[[[96.02022694185789,123.14933953588584],[96.0601125454703,123.28634719667582],[96.60522820655171,123.27374458162832],[96.57160319653295,123.17911265731618],[96.29736861701558,123.09909549902156],[96.02022694185789,123.14933953588584]]],[[[95.93769294268262,123.66706779051081],[95.80200703585454,123.6211628519936],[95.80471231932083,123.65439729278728],[95.93769294268262,123.66706779051081]]]]}},{"type":"Feature","properties":{"CC_1":null,"COUNTRY":"Vietnam","ENGTYPE_1":"Province","HASC_1":"VN.QN","ID_0":"VNM","ID_1":"VNM.49_1","ISO_1":null,"NAME_1":"Quảng Ninh","NL_NAME_1":null,"TYPE_1":"Tỉnh","VARNAME_1":"Quang Ninh"},"geometry":{"type":"MultiPolygon","coordinates":[[[[84.20418567368822,187.5869872316444],[84.1401466402807,187.3517037703291],[84.15535813771034,187.6158235131801],[84.20418567368822,187.5869872316444]]],[[[83.73584031468872,189.58946017728354],[83.7030262579149,189.81778977155344],[83.86593867528873,189.39091214294913],[83.94215138414603,189.3891158008352],[84.02105780877548,188.5313931975726],[83.93752844125625,188.83348345059045],[83.75116865229069,188.9142906451508],[83.51447970705921,190.322303140197],[83.73584031468872,189.58946017728354]]],[[[83.71297987304555,189.8734362390756],[83.71777543775642,189.9273271972748],[83.77294546700047,189.64796222420233],[83.71297987304555,189.8734362390756]]],[[[83.61094039018889,190.0980854683459],[83.56471404498977,190.25809506582902],[83.57169568267791,190.2906321429421],[83.61094039018889,190.0980854683459]]],[[[83.69351854971299,190.24037357974476],[83.64178747960125,190.27045691143152],[83.42008481104224,191.03020986919188],[83.46455987155568,190.71633911018645],[83.3778612398372,190.94885815244947],[83.33510467844594,191.2832518934764],[83.49836529708648,190.91061281343048],[83.65495546663888,190.84066488284827],[83.72702819395207,190.6004022069632],[83.70948374494279,190.7561544217076],[83.84215678707875,190.35181057229653],[83.69705538640517,190.51173728837506],[83.86369543606276,190.1412712681268],[83.69351854971299,190.24037357974476]]],[[[83.91272205104893,189.76652354262876],[83.93446381892896,189.67638454742035],[83.90606293903565,189.7369705170751],[83.91272205104893,189.76652354262876]]],[[[83.4661331820525,191.11961235340465],[83.48193730727328,190.9652838267474],[83.37859038298839,191.30189317831025],[83.4661331820525,191.11961235340465]]],[[[84.09793687492706,190.1939494460014],[83.93974715556595,190.52155280284117],[84.10938819202975,190.5643880217463],[84.20455652191559,190.32064385313578],[84.09793687492706,190.1939494460014]]],[[[84.28532702380124,187.94499222151168],[84.2504788072624,187.85304066635217],[84.1741561064373,188.142266306287],[84.17805126802219,188.79800922140262],[84.28990055100351,188.47840890772358],[84.28532702380124,187.94499222151168]]],[[[84.06052563242442,189.6353751675977],[84.07049767918559,189.71518231560032],[84.09880676319617,189.57850289580824],[84.06052563242442,189.6353751675977]]],[[[83.79116416296992,191.6114307683704],[83.95364664985088,191.83910699266798],[83.97161350404667,191.3780452683173],[83.86523610970717,191.10227603479348],[83.60153869502446,191.11170446697093],[83.39771132168869,191.39623538063114],[83.75553412981954,191.24279693891094],[83.79116416296992,191.6114307683704]]],[[[83.32058581259176,191.13070795753526],[83.29987478988939,191.108403898134],[83.13546245541552,191.76998037822707],[83.16540080645683,191.8594480612231],[83.32058581259176,191.13070795753526]]],[[[83.57588360675794,191.11993980944925],[83.62737461505444,191.01248347774435],[83.538228319637,191.13863190780998],[83.57588360675794,191.11993980944925]]],[[[83.65213346460673,191.49037140145015],[83.67315714004754,191.47668108148832],[83.67835017516609,191.42742652274666],[83.65213346460673,191.49037140145015]]],[[[78.13400114872427,192.94418635489833],[78.25915388691023,193.45253579550345],[78.10692386700882,194.39583644517805],[78.01030046049733,194.78044906582272],[77.84293859379618,195.04038172994183],[77.64365647909753,195.19272794390284],[77.2529331071472,195.20496505969822],[76.54519375988795,195.46317255535487],[76.09527083502802,195.66976719525496],[75.99705854296523,195.525376813579],[75.56040883129705,195.64092643535332],[75.29476122791516,195.9590603723948],[74.75522241822856,196.26672375060295],[73.82622179648826,195.86788756956418],[73.82450071463359,196.15280770234315],[73.55902493011568,196.04689605754118],[73.33158391965132,196.22519505889548],[72.8490687735416,196.07683536837607],[72.61939098331489,196.46603382859476],[72.73926837865778,196.82624479363756],[72.56823063083621,197.25038484863245],[72.59425484732103,197.51823561131886],[73.03913682031353,197.5305929450226],[73.19020917752569,197.8546424640627],[73.09342502349303,198.32552794167546],[73.15895731020589,198.77275623218185],[73.10709429432842,199.07416856430282],[72.95043906400463,199.2729661130921],[73.0215494515187,199.28587105145272],[72.8455809540439,199.59585982644052],[73.27313136145474,199.496745471884],[73.69717676753126,199.07146224735152],[74.13690760221812,198.89951188706317],[74.34740727357217,198.663731283608],[74.52243131761355,198.61182299342335],[74.6480594506146,198.45785828909965],[74.98424147394137,198.2982229828846],[74.92751296579193,198.4566234487305],[75.49100897316686,198.06763442295485],[75.7437855007043,197.98343680656745],[76.8268074969194,197.34874071850948],[77.22625862901957,197.2402844173003],[76.86935553371934,197.66192400678682],[77.1888424963682,197.50512739341463],[77.27834110522275,197.3973863650673],[77.48371043895747,197.30350744527038],[77.47608069591827,197.35365626246966],[77.85263464399281,197.23976671265115],[78.21413896896397,197.0554600715617],[78.22628724046665,197.16178902005856],[78.04658621595357,197.39473796290454],[78.13478600409707,197.372698037046],[77.9367732188035,197.60315531589202],[77.57919990106242,197.90908162413123],[77.91680559463222,197.83807991136325],[77.9262760081429,197.90943847047157],[77.82903651719829,198.01623405384458],[77.98930252395984,197.94337503474998],[77.96443451351827,198.0465277474048],[78.15912233004508,197.94785018210575],[78.14856738905799,198.08881792174833],[78.4477215670594,197.92893941496823],[79.08879792812257,197.68440555257104],[79.41051620093282,197.6875882661411],[80.05305941580573,197.38908256731597],[79.89030921235317,197.57465040368166],[79.27294808021813,197.92271772834135],[78.85835712409983,198.2176290513508],[78.84520494366987,198.26121874901082],[78.30849369776027,198.69662676768905],[78.06751369688838,198.99053388467877],[78.1448986395025,198.9814669270154],[78.41982472329624,198.74016068011963],[78.4174380213507,198.7867041921134],[78.73105714411716,198.6250932848958],[78.74616078117933,198.71015484081545],[79.20389868570939,198.53977540537142],[79.53110238938156,198.48746269881502],[79.78550122180177,198.3774761413207],[79.89435887481542,198.39110829479893],[79.82885979895308,198.43866455763637],[79.93813478275268,198.49104680238133],[80.28191127765088,198.4973897356682],[80.46114363039143,198.4193252317968],[80.60556912873142,198.26739254517008],[80.81133798195323,198.1397791380885],[80.75079963639251,198.0896239447494],[81.34607053075872,197.88213922536144],[81.4056201934397,197.99858386665554],[81.62542193058675,197.98320321402215],[81.75028666734414,197.90734619580854],[82.37269800544092,197.8080690772505],[82.48331795127551,197.82520575939526],[82.60817661466325,197.78089357034244],[83.50575330465566,197.84143897006948],[83.50446357467332,197.8747930838608],[83.79939530027258,197.8091594804298],[84.11051671966325,197.59991575756695],[84.19299978567605,197.6523559854532],[84.4235341721699,197.4877678572462],[84.61452432522655,197.27085335206922],[84.55588163978477,197.26540346613572],[84.80708906767958,197.0214449211819],[85.0036359452576,196.9672356901124],[85.21359278471733,196.76413452112882],[85.39347483411757,196.49097824749344],[85.5376251739446,196.41946310644067],[85.61374849074255,196.44776412586478],[86.11725177676479,196.27311798821023],[86.14177081368578,196.22433652630394],[86.27891394388031,196.06744512537483],[86.14199542589512,196.16998543831866],[86.24001422636852,196.03305458837562],[86.12944995930626,196.05357221785295],[86.25195101990552,195.91901328944647],[86.19622794203165,195.90317188403225],[86.26217699280143,195.80879127775486],[86.57515416124417,195.75007734127243],[86.54622232687284,195.6944387062333],[86.18323711424279,195.72198769755875],[86.04718252345077,195.4961175668091],[85.94695479683556,195.51995246806325],[85.90308290809504,195.62667784645978],[85.81240353861317,195.62271971350197],[85.86553594328343,195.48003988626715],[86.00624182457719,195.31192252642643],[85.97704923111978,195.23300523889282],[85.70240745616084,195.36431679338148],[85.5152704622694,195.57157667503367],[85.2009266912644,195.80898565788303],[85.16409976703999,196.01764504231534],[84.78058169224454,196.13345835018302],[84.75972802744761,195.9402420653427],[84.70903097246818,196.0939823934147],[84.5872936567938,196.1896285556207],[84.5292746752824,196.30504867975435],[84.17125291789274,196.4398244106274],[84.20235294872755,196.3473360397643],[84.09060605115492,196.28574642750078],[84.2024479263023,195.91119455713584],[83.65742784757889,195.98221886961582],[83.59965194651127,195.91177886406143],[83.48064460917756,195.95835929950616],[83.56984880049521,195.8495424397265],[83.55302400854745,195.48704629576974],[82.67573782058113,195.89793348774626],[82.93855163620955,195.51010159346833],[83.23257684393383,195.2640908089882],[83.52672136405192,194.8341590747923],[83.59151934999588,194.84037742692723],[83.65950357249469,194.73509068261507],[83.61609734669118,194.80602753832926],[83.74967877734026,194.75623687568648],[83.87237938394598,194.82552032816716],[83.99892580452185,194.7359433963625],[83.94673845979383,194.3759787901584],[83.50866999748357,193.95956172386585],[83.43773526539127,194.03977275683422],[83.31803320079794,193.92836809852236],[83.38392459130372,193.8384744993978],[83.12700168116245,193.79397867158247],[83.13398986339868,193.32772027122303],[83.00802290007357,193.25840458817106],[82.81917518939217,193.51322475945358],[82.73538544255352,193.5506667892525],[82.69842343422603,193.67359598660983],[82.3706521277241,193.8658400800356],[82.36577674971886,193.66523636071148],[82.22974461547818,193.61545865007685],[82.3561426720386,193.15837209473858],[82.04398911803618,193.39331700211275],[82.0131852577764,193.5173362765231],[81.73169243159654,193.7415540244803],[81.59412846796684,193.98060068385982],[81.44768448914583,193.9834031707734],[81.27629703586062,194.27654236009064],[81.1375060824634,194.0984440297989],[80.7804928693082,194.370615341677],[80.4770515796643,194.365597509621],[80.3284366409732,194.00867670284669],[80.49707192868814,193.3664078686931],[80.05935499962754,193.45871331279326],[79.82797760310122,193.2956904560939],[79.6624878036708,192.28403407203317],[79.75837022025668,190.9916490695585],[79.17819765306633,190.10912169540546],[78.93245495298112,190.68948014645275],[78.47447992573876,190.66852276756447],[78.17040079223699,191.11752140968014],[77.95940160961756,192.2985993869838],[78.13400114872427,192.94418635489833]]],[[[83.27463769782352,191.12293189528322],[83.36178706406253,190.89888713122863],[83.30291807535046,190.97250502501763],[83.04627461076261,191.88586640765195],[83.27463769782352,191.12293189528322]]],[[[80.91947598617348,193.65520789826584],[80.94706976535348,193.54377403092198],[80.89707857734277,193.68597189446373],[80.91586557341935,193.50371132980592],[80.8079436219915,193.52316770900924],[80.64096270293204,194.0262655518613],[80.87214869668284,193.98155130937974],[80.91947598617348,193.65520789826584]]],[[[81.97380025082205,193.52436152404218],[82.00889981780702,193.5139994663638],[82.01099413986456,193.45109013639058],[81.97380025082205,193.52436152404218]]],[[[83.62018557973283,191.71313009130367],[83.57745039525739,191.81225445882782],[83.5951643648254,191.84826856094128],[83.62018557973283,191.71313009130367]]],[[[83.48127461198268,192.0197910727968],[83.37167737869824,191.80901538394608],[83.07490860287974,192.41560880873794],[83.07806261688435,192.5118159392256],[83.11009938222988,192.36650299636898],[83.24585860164916,192.32138021883375],[83.26517358993648,192.22371690081818],[83.47312924091682,192.37865726414933],[83.48223126065862,192.26391218865507],[83.51511389398927,192.27585329385244],[83.48127461198268,192.0197910727968]]],[[[83.52687762735312,192.01076278274243],[83.57765440240811,191.87005350514414],[83.51433449447975,191.87843161950263],[83.52687762735312,192.01076278274243]]],[[[83.57211306912991,192.5449316994681],[83.53879727270206,192.5640109701436],[83.53923085529604,192.609192977928],[83.57211306912991,192.5449316994681]]],[[[83.81674295930948,192.26047742065782],[83.84367114987683,192.19048547063997],[83.8436985206497,192.139216232123],[83.81674295930948,192.26047742065782]]],[[[82.41073377077404,193.32790541155717],[82.37717852367891,193.36569552498364],[82.401560902508,193.36402502828653],[82.41073377077404,193.32790541155717]]],[[[83.29043158367391,191.73104646562777],[83.11995919898882,192.1044707523218],[83.1622387466885,192.14346763065646],[83.38903670749518,191.5821238981439],[83.29043158367391,191.73104646562777]]],[[[82.37206223678265,193.48077295501588],[82.33979905644017,193.37426612062308],[82.29335716573303,193.53372933087834],[82.37206223678265,193.48077295501588]]],[[[82.36024211386683,193.61581683621552],[82.35975384499778,193.65710199999907],[82.39778704245545,193.6178394234767],[82.36024211386683,193.61581683621552]]],[[[84.59207286761826,186.62748000658212],[84.6923169351064,186.9346310310745],[84.58210507116902,186.35630836621007],[84.5349862772552,186.42452607613316],[84.59207286761826,186.62748000658212]]],[[[84.37778893041485,189.66374736052998],[84.42672329708785,189.5163843962861],[84.4080095062636,189.51921698778503],[84.37778893041485,189.66374736052998]]],[[[84.37273504328884,189.96910141926784],[84.30030470679571,190.1504227884897],[84.31534630917749,190.16047297444288],[84.37273504328884,189.96910141926784]]],[[[84.68814299263482,187.5367712738808],[84.75302391414293,187.59995181365855],[84.72094829317791,187.29125251079557],[84.6627981924419,187.4377037138863],[84.68814299263482,187.5367712738808]]],[[[84.66555561943098,190.21228906888774],[84.6574063582656,190.9249712474053],[84.75140764252896,190.91392342291294],[84.77169277175717,190.52006146710085],[84.85690451287282,190.2346924532758],[84.761925363592,190.06574449766623],[84.60875803600717,189.29081747438215],[84.60183724894395,188.60963653617392],[84.53501218587947,188.68947867837977],[84.56813140907718,189.49446036568952],[84.43831120063771,189.74306235366416],[84.40001460372979,190.11158562442998],[84.66555561943098,190.21228906888774]]],[[[83.87011688746435,190.9502588363374],[84.18652522740314,191.16094399420285],[84.19585580569081,191.75564394109585],[84.1449416452992,191.72485983538283],[84.06106663906998,192.03659889873543],[84.13651639540193,191.8936043805484],[84.19331066323028,192.46836823915686],[84.21747509981313,192.16542228302868],[84.31460670634948,192.70878320244736],[84.40875305250763,192.03680055739676],[84.44062670818431,192.35348786923132],[84.39513096796361,192.67203915568467],[84.49351146131798,192.4130049173042],[84.44153790955018,192.1700637281807],[84.49313385499283,191.81421737417588],[84.58959263749952,191.57216488602677],[84.61925777085114,190.3913374648809],[84.52852744680231,190.28527492505722],[84.37014233073981,190.4358069495155],[84.37603579690654,190.31965521103155],[84.14606639708164,190.54026904111413],[84.22205825716429,190.55537668474204],[84.17718453155246,190.67725434856703],[83.78328135120421,190.68616955897352],[83.74026945523804,190.928256340242],[83.87011688746435,190.9502588363374]]],[[[84.02208763405709,191.16456910446914],[84.07692911842047,191.87663049915224],[84.15580259605893,191.61269576012663],[84.02208763405709,191.16456910446914]]],[[[84.05953870646667,191.92500326335085],[84.01893964925739,192.00182865260516],[84.04974289726323,191.9821800396258],[84.05953870646667,191.92500326335085]]],[[[84.37005388023627,192.37771838192634],[84.3590808445335,192.5369170529387],[84.40596591468581,192.37758608025962],[84.37005388023627,192.37771838192634]]],[[[84.36209064106389,192.57823055940682],[84.37081771550035,192.67721037602448],[84.40672783590617,192.4660075560006],[84.36209064106389,192.57823055940682]]],[[[84.17724104549393,192.98115211596038],[84.21342043141715,192.9194510856822],[84.19728677216781,192.89083689720954],[84.17724104549393,192.98115211596038]]],[[[83.79693288398121,192.8865970553054],[83.83012676245627,192.8200246267363],[83.8250537289419,192.76443562921082],[83.79693288398121,192.8865970553054]]],[[[83.81644749669061,192.95406859337592],[83.78733864125999,193.00581875715835],[83.79586335399179,193.03060103732366],[83.81644749669061,192.95406859337592]]],[[[83.74103154765146,193.10950169593644],[83.7666035255759,193.03373068909383],[83.7529806892917,193.03001035753135],[83.74103154765146,193.10950169593644]]],[[[84.00738554216305,192.83396187068692],[83.97427817625116,192.89843837591724],[83.98237157063741,192.9102664879435],[84.00738554216305,192.83396187068692]]],[[[84.03766988016935,192.8997573054013],[84.01296040987796,192.98012289683865],[84.0441652965629,192.95875027077608],[84.03766988016935,192.8997573054013]]],[[[83.96633646401054,192.99107868727762],[83.93295186659893,193.06971242389608],[83.96009134311828,193.04345551160316],[83.96633646401054,192.99107868727762]]],[[[83.54403425687511,193.49949242776162],[83.54344024945844,193.53631153592605],[83.574935304399,193.48766922439236],[83.54403425687511,193.49949242776162]]],[[[84.7506727427387,191.00915920380822],[84.76974296146011,191.26045944503332],[84.66550297201756,191.55760434937096],[84.67642788358776,192.16698443708856],[84.56878288618954,192.9339304996924],[84.64837849634492,193.42012498060626],[84.71611962626936,193.04889726249158],[84.7860692821936,191.953970716526],[84.7468377476537,191.8820046798924],[84.8423032512386,190.98549988752106],[84.78805571482921,190.88587175154038],[84.7506727427387,191.00915920380822]]],[[[84.42988828655213,193.175755640928],[84.45938570574542,193.0647314513492],[84.41448206574069,193.14057629061736],[84.42988828655213,193.175755640928]]],[[[84.4476103818612,193.2085285687241],[84.45464797138858,193.2412137460665],[84.48513552641248,193.13257000320888],[84.4476103818612,193.2085285687241]]],[[[84.24920602908111,193.0096563990749],[84.27666623177194,192.96252803257005],[84.27588488702129,192.91520364357655],[84.24920602908111,193.0096563990749]]],[[[84.1952927764209,193.18035903482433],[84.20844014744459,193.0075292015777],[84.11798494064335,192.97665282143382],[84.04771276286209,193.10642426854776],[84.07716859009759,192.94354263502703],[83.99882208703991,193.00624789467975],[84.04331255259476,192.982794273487],[83.98610677916963,193.13022060086388],[84.11051359410834,193.12770954643173],[84.08478991546069,193.3395079432174],[84.15045749364802,193.19282568972702],[84.1952927764209,193.18035903482433]]],[[[84.33668639231074,192.91178856453635],[84.35757437675903,193.06701266797964],[84.41794917743736,192.71984212743104],[84.33668639231074,192.91178856453635]]],[[[84.05924175586046,193.256316052806],[84.05076256229896,193.23879507943707],[84.01668876205868,193.310654093106],[84.05924175586046,193.256316052806]]],[[[84.49180528481861,192.88562694447594],[84.51272262143232,192.8007538502246],[84.45649965383564,192.93439049429884],[84.49180528481861,192.88562694447594]]],[[[83.84850659859391,193.46645613773936],[83.86451516476944,193.41707497872508],[83.83157532100796,193.4348779881968],[83.84850659859391,193.46645613773936]]],[[[85.923671207418,190.20083083574931],[85.77663710046045,190.4436432686102],[85.71969199157115,190.70548256994715],[85.78119082010254,190.94479889888657],[86.10005189531039,190.18279999594608],[86.10826416221806,189.9383926441325],[85.91847517833212,189.66705422163164],[85.99420567907174,189.95843320903498],[85.923671207418,190.20083083574931]]],[[[86.133653980275,190.00173435974204],[86.15895457581811,189.91564411740472],[86.12176078192047,189.96504744920577],[86.133653980275,190.00173435974204]]],[[[86.18502133145718,190.10484913430486],[86.20011510503296,190.11143165353442],[86.19517732499105,190.05155145772673],[86.18502133145718,190.10484913430486]]],[[[86.43340866267994,190.3921990146194],[86.26026517625337,189.91220304093991],[86.19528628391411,190.215525214293],[86.27363727244025,190.88664693151054],[86.34263938005287,190.7720521272975],[86.37243152831297,190.83737073129316],[86.47372449102872,190.54070287385113],[86.43340866267994,190.3921990146194]]],[[[86.19261685869243,190.77627712892527],[86.17768111014695,190.85458801403544],[86.2112155802409,190.831865529334],[86.19261685869243,190.77627712892527]]],[[[85.84458891000699,191.01704702892252],[85.8266255504872,191.2045412132767],[85.9003775965147,191.2738791136211],[85.95931065977237,191.02347885651488],[85.84458891000699,191.01704702892252]]],[[[85.78298017866452,191.30780389364867],[85.7619254281233,191.3348679829112],[85.76470335496735,191.37477644729907],[85.78298017866452,191.30780389364867]]],[[[85.80916187713973,191.60727761105593],[85.8352197986937,191.66193553260987],[85.8282947216347,191.5578827444132],[85.80916187713973,191.60727761105593]]],[[[86.39589085501869,191.00677016223477],[86.39840261347125,191.05537204222318],[86.39549291733019,190.93992833242336],[86.39589085501869,191.00677016223477]]],[[[86.12382526538573,192.37177462350672],[86.10553863710754,192.45207417970767],[86.1500697725437,192.35039976693383],[86.12382526538573,192.37177462350672]]],[[[85.99347422235496,192.18931109529353],[86.02231801832363,192.07208422477507],[85.93823333317803,192.02475560721535],[85.99347422235496,192.18931109529353]]],[[[86.22695070439141,192.38296614015476],[86.19591267603812,192.49209689734647],[86.23805795570627,192.44644898876027],[86.22695070439141,192.38296614015476]]],[[[86.11036035798269,192.63759573874322],[86.14871497343182,192.69509518361906],[86.16768412721109,192.65833567927587],[86.11036035798269,192.63759573874322]]],[[[86.1721445934078,192.74691305175713],[86.18096962561606,192.66771973352536],[86.14891477192477,192.69883463898196],[86.1721445934078,192.74691305175713]]],[[[87.00756040373582,192.59567735943875],[87.04639248754431,192.53729824092045],[86.97100238575212,192.5621907908322],[87.00756040373582,192.59567735943875]]],[[[84.5888643443439,194.49097986687346],[84.58616890235898,194.39848450723068],[84.56500386179393,194.43014576128638],[84.5888643443439,194.49097986687346]]],[[[84.30158897503445,194.8776391487655],[84.33359156430352,194.8514546549131],[84.30725693686641,194.8439879370204],[84.30158897503445,194.8776391487655]]],[[[84.0599732173346,194.8596833623441],[84.0926969171725,194.86645981762757],[84.10568521858971,194.78855009878723],[84.0321095935699,194.85932475898122],[84.0599732173346,194.8596833623441]]],[[[84.05108112589214,194.99038588412785],[83.95220125239192,194.88755565523286],[83.83847550898804,194.99609224928992],[83.88176648191167,195.00799559058868],[83.73973188637706,195.06252281292595],[84.03959146584018,195.03685027849298],[83.94261230475038,195.02367376061457],[84.05108112589214,194.99038588412785]]],[[[83.9951829628961,195.1528850327306],[84.04093196448997,195.0926517978953],[83.97720464359902,195.14790501338786],[83.9951829628961,195.1528850327306]]],[[[84.04766972004614,195.1517211930016],[84.14090811033215,195.13726142722945],[84.05284578466453,195.10209259501752],[84.04766972004614,195.1517211930016]]],[[[83.19387711286709,195.5179457851392],[83.26263817612903,195.44253569649587],[83.13763992949019,195.5132302424502],[83.19387711286709,195.5179457851392]]],[[[83.19387711286709,195.5179457851392],[83.36198069831462,195.48794456722496],[83.56587803916237,195.3013987707504],[83.29619431297178,195.4131057876282],[83.32347193335022,195.42314368555628],[83.19387711286709,195.5179457851392]]],[[[84.2515815993824,195.1446470990919],[84.24684109181614,195.10108855626086],[84.08333708667554,195.05496349147532],[84.18321100985531,195.10916657736576],[84.10484397875054,195.17902497827146],[84.3007048058421,195.17203982801308],[84.2515815993824,195.1446470990919]]],[[[86.64492301473881,193.19561474558392],[86.5241516324012,193.24024650252082],[86.45224864229006,193.368616139343],[86.57041378086086,193.39963083012447],[86.64492301473881,193.19561474558392]]],[[[85.93256317698709,194.81725076667993],[85.52888943427463,195.00218294471716],[85.31088792368689,194.9351274828392],[85.27120205722646,195.15174533093509],[85.2989004643127,195.0286259173769],[85.50344393403644,195.02884966904074],[85.33558334917164,195.11511846084468],[85.2745738107011,195.27445199894757],[85.05044021105793,195.29942243521302],[85.31007210432439,195.3357922336487],[85.658034514547,195.190180301685],[86.0763821787423,195.12236445173713],[86.44530135945276,194.9223359153399],[86.31151306363859,194.9105791286949],[86.07221393978473,194.69258965634072],[85.93256317698709,194.81725076667993]]],[[[84.84637567802692,194.7298316126525],[84.76565206120732,194.7953722244976],[84.84394878899931,194.81511359389813],[85.07822127830923,194.66934453669893],[84.84637567802692,194.7298316126525]]],[[[84.9649210228819,195.18457476985589],[84.91745571841474,195.07786638148465],[84.53249497114665,195.06275468171694],[84.51297005477383,195.12729537066204],[84.30875507393417,195.18658226320045],[84.65789934453862,195.20926058911937],[84.97296254396795,195.27917675616467],[85.03868158633205,195.20565306120292],[84.9649210228819,195.18457476985589]]],[[[84.23796044703697,195.4762969155104],[84.1992115502607,195.52142146214644],[84.23339405243082,195.50702450041834],[84.23796044703697,195.4762969155104]]],[[[84.29252806605817,195.57335951840722],[84.37415470337842,195.60508790139778],[84.45223744942481,195.5221264565962],[84.29252806605817,195.57335951840722]]],[[[83.89467712497796,193.44883300177963],[83.98291854979253,193.44848003287075],[84.01630961305924,193.3590340394334],[83.89467712497796,193.44883300177963]]],[[[84.33947062006148,193.45675420867494],[84.36654873791792,193.20585481036187],[84.29074630208981,193.32754158786636],[84.1902480703007,193.38708845972437],[84.30226311542295,193.2871079316638],[84.34212909757409,193.15836405716286],[84.22366731811027,193.13052636098283],[84.15728055087763,193.317205960301],[84.06318999553729,193.42248097150429],[84.11389784620148,193.4996610308483],[84.05119965075596,193.6205149834909],[84.08654508871638,193.84909489474703],[84.18881829482874,193.69175337697314],[84.28209746924058,193.71666979099197],[84.33947062006148,193.45675420867494]]],[[[84.44235987649027,193.30837406214533],[84.45435894105972,193.24933189471525],[84.41496195965439,193.3836164256258],[84.44235987649027,193.30837406214533]]],[[[84.04433873215136,193.95370758971032],[84.08765006844824,194.01254427211865],[84.21485739953442,193.9152549040123],[84.16553445076944,193.78936766164549],[84.04433873215136,193.95370758971032]]],[[[84.32085103834225,193.81452789653244],[84.31422751203348,193.79335182379987],[84.29230495762927,193.82261319197806],[84.32085103834225,193.81452789653244]]],[[[84.70147448332357,193.56942228294494],[84.73703348081337,193.56774139812327],[84.73005084902255,193.4721117539367],[84.70147448332357,193.56942228294494]]],[[[84.14733259095524,194.09277102462917],[84.19264575120891,193.9861424921081],[84.13085860615217,194.07330646060763],[84.14733259095524,194.09277102462917]]],[[[84.74727693896642,193.61488797649807],[84.53051329556605,194.12010993856705],[84.59280444678431,194.31404831393928],[84.73701810912515,193.77838262876617],[84.83760015528836,193.5341188796013],[84.8009498686117,193.47847450459167],[84.74727693896642,193.61488797649807]]],[[[84.26799926529236,194.3128572737516],[84.27672352481656,194.25222409900698],[84.26395758390125,194.26229589301968],[84.26799926529236,194.3128572737516]]],[[[83.74707761784971,194.84629591759696],[83.82300968675598,194.83476541430372],[83.73766774306466,194.8278082830778],[83.74707761784971,194.84629591759696]]],[[[83.73250109559704,194.97293767888223],[83.8416857759525,194.93343418638847],[83.7109672490801,194.96392667600776],[83.73250109559704,194.97293767888223]]],[[[83.50660496894189,194.91539123101384],[83.53469319300787,194.8708684317009],[83.50216307010479,194.8986795137263],[83.50660496894189,194.91539123101384]]],[[[83.6326913808317,192.793082503378],[83.6520335986285,192.69942223658776],[83.62979202908656,192.7461909786909],[83.6326913808317,192.793082503378]]],[[[83.29335690281965,193.26656381851353],[83.3160845410745,193.17697769479324],[83.27030350626478,193.28663445451835],[83.29335690281965,193.26656381851353]]],[[[83.45430114066558,193.15748033846586],[83.43263019908377,193.16068131090566],[83.41742693005611,193.22233417630434],[83.45430114066558,193.15748033846586]]],[[[83.68654684205123,192.93055213581036],[83.65035009733562,193.17947818196612],[83.69180769053152,193.1092694147677],[83.68654684205123,192.93055213581036]]],[[[83.45666129600893,193.44639767843535],[83.50481256320553,193.37327831546003],[83.46567739222598,193.38911860611051],[83.45666129600893,193.44639767843535]]],[[[82.86884702335598,193.43726022115405],[82.86053456908523,193.4191647777968],[82.82235732904353,193.46068053189106],[82.86884702335598,193.43726022115405]]],[[[83.20728626827655,193.57623304098072],[83.21290472656803,193.46324070937953],[83.13950116895735,193.75114258225557],[83.23789901901954,193.5962073649703],[83.20728626827655,193.57623304098072]]],[[[83.73870918524679,193.7794319024653],[83.72836005090592,193.8413471684663],[83.75983355287474,193.81156157100978],[83.73870918524679,193.7794319024653]]],[[[83.35392414428169,195.5442581103988],[83.29064039832588,195.60641808684582],[83.38726531913424,195.53557362653927],[83.35392414428169,195.5442581103988]]],[[[83.14925235578396,195.6149025775791],[83.23047988749536,195.573427545406],[83.06985974446239,195.56060343692204],[82.9397243126788,195.69442958803998],[82.96906153419323,195.72519714919758],[83.14925235578396,195.6149025775791]]],[[[85.39718892812076,195.54404551411727],[85.55608057592332,195.46967416045976],[85.60658116416947,195.36501430054292],[85.53383661757488,195.362552697472],[85.37571338035555,195.49553000522724],[85.2092872179778,195.48125028218115],[85.28393212248594,195.61138662116508],[85.37922937730376,195.56950435398232],[85.35132199321559,195.52316180628543],[85.39718892812076,195.54404551411727]]],[[[84.37515679441712,195.7099670496755],[84.3906279856208,195.72081960126124],[84.40925274163372,195.6726344962059],[84.37515679441712,195.7099670496755]]],[[[86.30430663795875,195.9392346282475],[86.22503672770532,195.99739377606508],[86.39278426032699,195.93686082270546],[86.30430663795875,195.9392346282475]]],[[[86.1584283621711,196.21400292107953],[86.13446864695408,196.25584393481103],[86.25119654515906,196.16507033479667],[86.1584283621711,196.21400292107953]]]]}},{"type":"Feature","properties":{"CC_1":null,"COUNTRY":"Vietnam","ENGTYPE_1":"Province","HASC_1":"VN.QT","ID_0":"VNM","ID_1":"VNM.50_1","ISO_1":null,"NAME_1":"Quảng Trị","NL_NAME_1":null,"TYPE_1":"Tỉnh","VARNAME_1":"Quang Tri"},"geometry":{"type":"MultiPolygon","coordinates":[[[[71.23089912867128,141.6386972790255],[71.33102177717942,141.53675675611873],[71.53056596526073,141.48711495818122],[71.50815679133751,141.41931579195818],[71.7028423838968,141.076568964136],[72.06884082994972,140.9643878103735],[72.09070244457428,141.03151402204827],[72.27378628250628,141.05557567358792],[72.366188680795,140.92647657019177],[72.43950224375237,140.92270506791286],[72.70790076236065,140.7005546928301],[72.89345721613043,140.71329309603675],[72.85632923259277,140.9694150141584],[72.89405679928413,141.12836992133538],[73.02787955705189,141.13328660215348],[73.04696206322325,141.20488280263456],[72.97439956768643,141.35259816678945],[73.05864346491137,141.48126736059172],[73.30538187980558,141.356507624331],[73.43969702800786,141.48849125047138],[73.27618835928632,141.6643493947864],[73.50217722725822,141.68594686611385],[73.86155111708693,141.82855408437186],[74.09404629320099,142.1337919816597],[75.14098010751917,141.2840219163678],[75.2001779000985,140.94916718008477],[76.30334534396803,139.22225754910278],[77.49598979243461,137.76713379411274],[77.35885065535604,137.71135940940607],[77.26774674752058,137.52795033324193],[77.3071547967306,137.4376743173037],[77.12134652832536,137.26563190535114],[77.16961907012288,137.23193523479392],[77.09248438210544,137.20607512688125],[77.18107367482423,137.06589843628888],[77.17976843928686,136.99003820628542],[77.1318982778121,137.11195237475823],[77.04558944945279,137.02925875466394],[77.09255725111126,136.97014617732296],[77.1045900594226,137.01252203798308],[77.10600167512251,136.87823034379696],[77.28468386603379,136.67857139139687],[77.0045446650243,136.41884657700552],[76.76304833554832,136.66577861543956],[76.57722344778762,136.6498897472364],[76.45239551998822,136.73380939499253],[76.05980240323859,136.77656842159868],[75.96753685788764,136.71246519846017],[75.97702924625511,136.63073062960905],[75.78249413455934,136.69193932375862],[75.67954107596549,136.6574217080746],[75.58477872755967,136.72260513205026],[75.59515299573387,136.52921172818054],[75.8362125506226,136.2777803105149],[75.93055309852986,136.25534468436342],[76.0054086472597,136.1222179658007],[76.02243997458683,136.15260071477135],[76.2754514030826,135.89744467911757],[76.39386533120825,135.66521228535123],[76.35220730840427,135.56401437685386],[76.21807041034324,135.58842533737075],[76.07790314589073,135.72055369406962],[75.85901263139625,135.79145845765908],[75.86631499707659,135.58357772271427],[76.02248506859164,135.3924389870029],[75.96051187499624,135.03893448188978],[75.80092772491295,134.99587135758478],[75.8764886609254,134.91401535220274],[75.99170928113676,134.4396600812404],[75.96736139236423,134.3694776775699],[75.81279379940068,134.523005304224],[75.57178894003084,134.43514846636776],[75.51111263011182,134.51110807372436],[75.50180161751891,134.75531128114244],[75.39024643566006,135.0824266733017],[75.06268557177529,135.30874625706673],[74.81119998322492,135.588110966062],[74.72152387764902,135.79145205801098],[74.76409000384014,135.9620062701107],[74.58050071178005,136.01992701578],[74.55227044970349,136.1335453477949],[74.63579305474478,136.253987561184],[74.51056485258113,136.4455946347577],[74.51380035843204,136.7971717822387],[74.2655436570468,137.14014268834893],[74.03253407900186,137.28625325423724],[74.02000737515213,137.12441371028302],[74.07528487989617,137.04082502936598],[74.01594660055926,136.57329358316258],[73.95465081377601,136.68752982899127],[73.78983693907563,136.66924133374155],[73.84862653880548,136.30333709386463],[73.67787491283254,136.2694517443381],[73.65169376685442,136.1473057011638],[73.58198444859937,136.44094275113562],[73.5064550025478,136.42405253932878],[73.55655819854503,136.3437875229268],[73.23906772852324,136.54455394894185],[73.26448396857671,136.63424643962003],[73.19491491618179,136.7381941508645],[73.14214342596944,136.6962380267973],[73.0978508608503,136.9491965400938],[73.01106261696272,136.94428518129752],[73.011645175818,137.24258657824834],[72.85548195548165,137.45114172831777],[72.80807062949677,137.62188630743296],[72.94816785937155,137.76707570640326],[72.85238499264624,137.89066320519302],[72.85956716183661,137.9737976212048],[72.78443981371203,137.9639009218112],[72.67683036098079,138.07816527717253],[72.5271328064682,138.02285799881912],[72.47271559516139,138.17426866149876],[72.32277316928305,138.24919164282034],[72.1619482907399,138.22323854299484],[72.1154080089226,138.29664182013178],[72.153964222198,138.39735607159858],[71.92607209954699,138.59429015855963],[71.88991531384981,138.80606330413133],[71.75349941212566,139.05808151628435],[71.452501526981,140.54108763114974],[71.20649735698959,140.77474304024847],[71.16125028755043,141.03114303794925],[71.33473716958866,141.04424715361634],[71.23089912867128,141.6386972790255]]],[[[76.634771319912,141.44137352934686],[76.69506748833419,141.4664988008387],[76.76113423670543,141.37195790502147],[76.69132777588533,141.35057450815145],[76.634771319912,141.44137352934686]]]]}},{"type":"Feature","properties":{"CC_1":null,"COUNTRY":"Vietnam","ENGTYPE_1":"Province","HASC_1":"VN.ST","ID_0":"VNM","ID_1":"VNM.51_1","ISO_1":null,"NAME_1":"Sóc Trăng","NL_NAME_1":null,"TYPE_1":"Tỉnh","VARNAME_1":"Soc Trang"},"geometry":{"type":"MultiPolygon","coordinates":[[[[57.101147136419144,54.79284761430694],[57.08836575441967,54.934167777433885],[57.254001631302714,54.88891358433398],[57.25886653277535,54.99155484754666],[57.435217793834966,54.938944176288786],[57.51765976371978,55.07592722357915],[57.86252031817574,54.823083598940144],[58.13707068153832,55.00757063598991],[58.19227610458615,54.90457699943799],[58.63082716820517,54.92279792922471],[58.650784310716105,55.03404657936204],[58.912520926888206,55.06550801017772],[58.95683075362517,54.943020443465215],[59.32716168266155,55.2037448850314],[61.26603282838726,55.97898236740765],[61.39463764001579,56.690310185027705],[61.29959552143647,56.729929742205336],[61.685307976046474,58.12362059276529],[62.01679604510441,58.39267701526302],[62.36375767933778,58.241772241948105],[63.25636022221828,57.44866124955485],[63.881241891454934,56.495893420999565],[64.36062528812772,55.98648248526781],[64.63339750430113,55.7024943147922],[65.0702729512782,55.46404897239953],[66.36033784624938,54.443410864316604],[67.45107516852745,53.471734112854925],[67.97866452981506,53.23082103754062],[68.24084939572334,53.11489671386714],[67.84081030182293,52.60230936016058],[67.71801228242482,52.37156889320367],[66.97911299406982,52.11857309121872],[66.9198150191418,51.91113975050471],[66.501066007758,51.6394735572552],[66.68656682265694,51.56237647099821],[66.72310984265798,51.215699157978634],[66.08487162355577,50.83563455074705],[65.69079250515797,50.7753418617957],[65.6021753897165,50.877871520082124],[63.98518451008751,50.72502433726072],[62.40366697480204,50.570587559183096],[61.71271095658002,50.42852229036801],[61.57370183874191,50.72310912400012],[61.662904546591584,50.75316854951784],[61.412963573646444,51.413264898495456],[62.031017894147595,51.55597408908787],[61.98317956005625,51.787167865297285],[61.74796538408103,52.04381116252823],[61.58983361572349,51.918194762834545],[61.49416728713062,51.97358093419534],[61.450333668541916,51.72965270517225],[61.2042125235005,51.809180775925334],[60.896985884961275,52.05288517388314],[60.979273781664006,52.10696485047361],[60.806677391705065,52.24069627351889],[60.34564964720934,52.20866956903957],[60.36106841880719,52.145348671435265],[60.17777221240296,52.12142743337544],[59.916698111716485,52.20878197049835],[59.935742570094135,52.01336166174952],[59.6924671455324,52.04590120561818],[59.458594285258364,52.20137616915035],[59.216821754536745,52.16733705584935],[58.907648681248105,52.32770344709452],[58.92108013980906,52.462209498768615],[58.619519910604225,52.56829201833151],[58.594597028711306,52.48282844850688],[58.326457612854156,52.69753736552542],[58.14179520251362,52.73311469318597],[58.06147823030465,52.614809695463705],[57.44000423539899,53.1634738937893],[57.30158828753591,54.528380481059166],[57.101147136419144,54.79284761430694]]]]}},{"type":"Feature","properties":{"CC_1":null,"COUNTRY":"Vietnam","ENGTYPE_1":"Province","HASC_1":"VN.SL","ID_0":"VNM","ID_1":"VNM.52_1","ISO_1":null,"NAME_1":"Sơn La","NL_NAME_1":null,"TYPE_1":"Tỉnh","VARNAME_1":"Son La"},"geometry":{"type":"MultiPolygon","coordinates":[[[[35.11246613838553,192.82650041134696],[35.20953792104211,192.84513000882538],[35.31304714623924,193.03132848142525],[35.347773954901356,192.97956935193932],[35.372389887153474,193.13697402574053],[35.32095519236369,193.25430959262923],[35.30597769387352,193.45681682512458],[35.34677941279272,193.5995385705918],[35.38852804060703,193.6044755930601],[35.37179443618897,193.8906413095234],[35.278105540037885,194.25133165040756],[35.309935575561155,194.49492758703263],[35.22439832619893,194.6622708832121],[35.20659057307716,194.83481407230352],[35.29805759060375,194.86969225362964],[35.225025255590204,194.99782374640165],[35.2240146886907,195.20320691252817],[35.37598774042934,195.20864308492986],[35.558073239420445,194.98774909184613],[35.67739696022729,194.964754714354],[35.74841418754866,195.02642088700213],[35.65511292209053,195.16731435686958],[35.50058261707973,195.6221577792116],[35.54024069774943,195.77273590908575],[35.59853375880637,195.72647845140003],[35.589413691229126,195.9387414835286],[35.48192292007275,196.38538474732786],[35.478664731292234,196.60687876182322],[35.41134248829167,196.81189272218285],[35.35001816631904,196.87163331634497],[35.30451198866774,196.85396968172586],[35.20333024846646,196.95396612673545],[35.225416691815106,197.2000907109036],[35.15463819659603,197.22755433189826],[35.06208045254264,197.51889638628094],[35.09061784632212,197.60959023365658],[35.187202765839444,197.619780487083],[35.18183029520293,197.659792014975],[35.28878165518178,197.59931126976667],[35.368806463506104,197.67940400389193],[35.38496310722867,197.81020115611676],[35.355047374041185,197.9978629438153],[35.37286198439506,198.1964584850432],[35.43886818211692,198.21260693803458],[35.48007079586584,198.28489706318956],[35.51829475772123,198.279660131242],[35.504192528445905,198.45795442487247],[35.54102489455753,198.48051217744427],[35.53450921220567,198.6478898075506],[35.57173992236064,198.78325820405576],[35.510550996947856,198.88651178475308],[35.59020392220085,199.04484802084264],[35.657729317035034,199.07252274043526],[35.70252250587238,199.0160612225402],[35.71709276145748,199.05262286042682],[35.61696647676896,199.35448159913366],[35.49221813477013,199.56470441858974],[35.52048915370207,199.66095115644953],[35.47759136086236,199.75444658935083],[35.502139760730394,199.78715785756626],[35.4518554404027,199.8554048897787],[35.42766845999011,200.00476870727877],[35.31675052670893,200.08719487625828],[35.26797867405217,200.18927135447217],[35.282619790986494,200.22913783438133],[35.25311023319067,200.2587986483292],[35.27063082277471,200.40205554839977],[35.36745619558287,200.48531072492],[35.32922614666345,200.55410389755562],[35.40775155790163,200.65518387205597],[35.39668594806506,200.73807101712066],[35.55995953806277,200.81213253085713],[35.850010608284364,200.73697703355677],[35.97854021811517,200.6496754713648],[36.06762885668269,200.66146212550842],[36.13327072364331,200.46042718480822],[36.24930412476563,200.40377148327667],[36.21960961060678,200.29979431013993],[36.32017933651286,200.21437514716823],[36.320797954808654,200.0948482360061],[36.40250494076015,200.063913850217],[36.30795915420843,199.8773556489955],[36.25720727394896,199.85459429029711],[36.25576718395362,199.78358671197614],[36.3228896135912,199.7656264591898],[36.38134884642393,199.67864517986686],[36.56022069006424,199.6731567513535],[36.51943150953943,199.5264595663946],[36.641986898116215,199.51223825153076],[36.65750391200886,199.42804027780483],[36.79579592445266,199.27583085883515],[36.903699086013916,199.25450062089925],[36.94636979808307,199.29669964386636],[37.05542654189277,198.99250201216248],[37.18776210259925,198.9714396956711],[37.22007977426297,199.0794892136778],[37.31180335079182,198.99494124003223],[37.40013390604133,199.01703497598106],[37.46636269674259,198.9593893029143],[37.436638983940746,198.8524632730684],[37.57795162117549,198.81243075523136],[37.68010114006663,198.88035427702647],[37.7753886820356,198.80777797953692],[37.88492000964327,198.83401901860958],[38.14456941924779,198.66254873196664],[38.52507560574017,198.70270413365034],[38.70282228118637,198.6494381501155],[38.806261838825506,198.7504989406454],[39.01783627177713,198.72376802741408],[39.042058608472544,198.6849625348474],[39.17550679974438,198.6586530523027],[39.21024399187628,198.61306897221152],[39.42105160664158,198.5887866682188],[39.39437455270587,198.5215897882817],[39.10560397902874,198.36781454719357],[39.12297772867663,198.22654497894712],[38.99589778621601,198.1441443789083],[39.040426957867126,197.94040605768265],[38.97665996748594,197.73121060680023],[39.0681854006875,197.64019208354023],[39.06054425364999,197.53574455868443],[39.161603854088256,197.4678011749587],[39.22678753577675,197.34439023316125],[39.282816234990676,197.39305630452228],[39.41400061508058,197.27187239579075],[39.476603811089696,197.28607673005223],[39.62781027740053,197.17253409929947],[39.67134065684141,197.01521999811072],[39.93667797220124,196.92072394093915],[40.10490435254381,197.04644753173386],[40.25664679270326,197.2846350175717],[40.55035669259954,197.3159274877163],[40.685698928788426,197.4538015227566],[40.96789881695648,197.25384195107654],[41.2397077335055,197.27882320032202],[41.35966978333922,197.48868811785667],[41.4711501714315,197.55936122215465],[41.4912125419239,197.52262303532467],[41.689376208104626,197.61965694711944],[41.60878226139083,197.40372631230457],[41.65621321859482,197.30802091481843],[41.607172825589615,197.17424696413738],[41.72571692114882,197.1602341376726],[41.66986704695071,197.0264010315629],[41.74393512872928,196.97244019952626],[41.94525657631459,197.0196454861395],[42.10835307856122,196.92640703527024],[42.092114356877644,196.85174428152365],[42.275071795836084,196.57531706721238],[42.057570364284274,196.1221680832327],[42.11330907759044,196.00287470146705],[42.05719388092602,195.7035440414069],[41.929856715093365,195.677709023647],[42.044873490062756,195.3985734784708],[41.79427917169983,195.12773205282838],[41.84931808920423,195.0451574349413],[41.74003304102693,194.83827049430982],[42.071576817030476,193.970847754104],[42.055068012991384,193.88667054995477],[41.81044254036369,193.91898865829455],[41.794056699931645,193.67667498189604],[41.70997529380835,193.77434528148962],[41.87448994016816,193.08151647938558],[42.31492222180583,191.96033676938936],[42.4319222510071,191.52987395620312],[42.629245224331285,191.1121906715402],[42.7530633354644,190.35955367989183],[42.79948022776949,190.29321854220376],[42.81740867052636,190.03855060107128],[43.01841460040911,189.77274672229746],[43.07521285756097,189.56636869804694],[43.01667631607204,189.64898770204627],[43.19001320040938,189.17935214140775],[43.60214266314544,188.72294220286815],[43.45437596842204,188.76269413205364],[43.08447658053099,189.143572480668],[43.11156269694438,189.07630075423782],[43.00637946589185,189.23955698712481],[42.94934031258743,189.27044444737984],[42.55136151014721,189.82348774684698],[42.51352980531264,189.66878592752602],[42.87396896497004,188.94941258263358],[42.866466361514654,188.8836585426127],[43.26114199033042,188.22280310820452],[43.219249554953,187.88494159960476],[43.27896202396712,187.71143586420916],[43.57507761095142,187.41139771546347],[43.44791182536845,187.44269834070914],[43.52768341742198,187.354831430268],[43.28998136707627,187.50406020707692],[43.26962738647266,187.42591707773886],[43.078372750533035,187.60578600267712],[42.93690967856799,187.92731444774387],[42.795380114621956,188.0508380163414],[42.78331871837103,187.96426289610224],[42.34110548843884,188.83994147513573],[42.212070061569236,189.09590081772905],[42.070433160410985,189.14778837756643],[41.88146646755452,189.40904037411036],[41.67390166089811,189.79584411675347],[41.69347554626338,189.50707732147518],[41.47759414353166,189.9351486822414],[41.24053373499396,190.57143344724915],[41.07131900136875,190.84196373816488],[40.9697858180742,191.14454753541477],[40.958296253004534,191.03573312442603],[40.67297236048937,191.60199274210675],[40.69573265051968,191.5061820761429],[40.39857966956538,192.07796214683125],[40.37366944249981,192.06376498154776],[40.242948335954274,192.49172764481364],[39.82625936447073,193.1228363537739],[39.789293683261796,193.03453667424716],[39.864029467697875,192.7944409851211],[39.72105172603891,192.97728506675577],[39.61711245400622,193.28250588296467],[39.304662160144005,193.59337810533557],[39.213434720466495,193.74587748219312],[38.95216038222574,193.73936551757552],[38.805184920084585,194.0373941519612],[38.68834729172773,194.1427190402796],[38.68726323616993,194.01684059201574],[38.54546648849674,193.93256138431371],[38.66156287873564,193.44958819091084],[38.61123907635317,193.32193838969113],[38.29110827501893,193.584473689104],[38.26728352034,193.3946575548591],[38.20702298175924,193.38511980960203],[38.14435582878518,193.51138467613168],[37.94055069385186,193.62031046717163],[37.8607120068743,193.1108792810481],[37.72908400320152,193.3006056443219],[37.641288280492695,193.05244224958815],[37.76557015573385,192.73244728175484],[37.68494619237448,192.47121366836868],[37.797288640061666,192.04470307849522],[37.799919322181445,191.82129346313093],[37.92353917867642,191.55619436178964],[37.873933457146464,191.35390519687914],[37.81363144885083,191.43214683322867],[37.80004377492451,191.33866050373214],[37.65364321852886,191.4113937036848],[37.68125585074721,191.2238054756948],[37.98748886525256,190.5144482532444],[37.92662299554169,190.3580632811483],[37.71262417286745,190.35781296221086],[37.6179150975247,190.48840066028248],[37.41612207628431,191.00000728575816],[37.370570654381666,190.95403303564032],[37.16042408333412,191.30811840778972],[37.00061818016684,191.4288000381477],[36.95633024877483,191.5949092405648],[36.733724732259795,191.64405643300174],[36.69227567046847,191.54315958838856],[36.6029998862257,191.6667567180942],[36.54363955334624,191.56502951351706],[36.45396655067393,191.6258060276214],[36.246024188162615,192.28188433539603],[36.25573291870017,192.44512365077964],[36.16805115041697,192.6005134256257],[36.09169508801359,192.49664765955117],[36.04053832725764,192.12993230205865],[35.91026724582188,192.13263178326466],[35.87329256482579,191.8721167312813],[35.7961582404838,191.89702744596286],[35.6939915123895,192.14717445851275],[35.63322754098173,192.0625340239004],[35.427523955141915,192.17619004318271],[35.39949849311773,192.32643239678882],[35.30331173519419,192.09587012626335],[35.18583556645411,192.14902180819124],[35.143545349861,192.32579042295222],[35.174471697620305,192.60642837475487],[35.08376244113397,192.75497944889958],[35.11246613838553,192.82650041134696]]]]}},{"type":"Feature","properties":{"CC_1":null,"COUNTRY":"Vietnam","ENGTYPE_1":"Province","HASC_1":"VN.TN","ID_0":"VNM","ID_1":"VNM.53_1","ISO_1":null,"NAME_1":"Tây Ninh","NL_NAME_1":null,"TYPE_1":"Tỉnh","VARNAME_1":"Tay Ninh"},"geometry":{"type":"MultiPolygon","coordinates":[[[[74.33307546365799,90.21010072592381],[74.48184415251293,89.9528284876122],[74.7115817767269,89.91445721166826],[74.69589713410679,89.78767326503765],[74.5037297530923,89.69907351171275],[74.02172075137872,89.6975497881788],[73.7055462470014,89.64015087499885],[73.56865616873117,89.49573917619816],[73.31315835921419,89.402693760307],[72.60333791060214,89.27418405189674],[71.75754130146885,88.79203193314501],[71.21685962525456,88.53887515180267],[71.2357012605617,88.36353270488182],[70.68751910344288,87.9904799416745],[70.87945193564809,88.02664453902202],[70.71135309130749,87.90535084977131],[71.0550262438213,88.03605159051746],[70.62963005799352,87.74383833929689],[70.9233041700848,87.80426707581562],[70.42069003233242,87.56431412781346],[70.53467372493955,87.51619266596109],[70.90226629633872,87.67836548088195],[70.98735145919395,87.56568570451284],[70.70772867136432,87.40617032581613],[70.88109260235355,87.41073176817628],[70.41351038893396,87.15346095349045],[70.64434771235719,87.12559534832614],[70.93145785969443,87.24183107603879],[70.82667717971955,87.1086056162186],[71.40455903352182,87.26160988360057],[71.28320243093069,87.01913519331147],[70.78490473860882,86.77263274662849],[71.04490914467692,86.65775371867169],[71.01721861702286,86.58326637565354],[69.04440496793326,85.30392289948702],[67.67836118596608,83.91739366067463],[66.51473019787255,82.85089388356994],[66.1999490001053,82.4310145515781],[65.22914986656566,82.06025064781639],[65.0335516508718,81.91779736194054],[65.09097532465086,82.10275064551671],[64.97284782767579,81.97687794168216],[64.9304079390414,82.59603433734767],[64.62627855020469,82.33848417673201],[64.65219133799249,82.46388953166377],[64.50682206259285,82.25044944065145],[64.3440608189881,81.74493817957293],[64.03612783166082,81.40359055785798],[63.812123769115125,81.44477276038428],[62.9547850644359,80.48939405901757],[63.068189190970394,80.77757850654554],[63.35455370522183,80.95625239144132],[63.926628053878915,82.16353922808294],[64.02660334864231,82.75022277698417],[63.61681848255934,82.27709344045248],[63.36027063881051,81.91247363586692],[63.39615451921434,82.21199084551336],[63.28679687577022,82.10935596670248],[63.269791780867216,82.35090315870126],[63.12907717491062,82.42686602873441],[63.376402676311166,83.06528913126542],[62.995806784441214,82.95875177952935],[62.83769540970863,83.02162585014324],[62.81588958030823,83.33955511018127],[63.08092561554161,83.89547223918319],[62.67087921000736,83.70637118060456],[63.35761531256706,84.83055918288144],[63.26643785091858,84.83991075351521],[63.420003135910726,85.03957725007021],[63.3981958282729,85.14282647122666],[63.80077203506005,85.49279057059442],[63.90711217462512,85.70878132562973],[63.75004370918464,85.6517305559488],[63.67305445524845,85.71676472256374],[63.87428148721635,85.92825820856524],[63.89394371405892,86.06832902050508],[64.11411453886379,86.36784616825388],[64.05379833512296,86.57191392026725],[63.825407069736954,86.49586696759435],[63.57055801306787,86.53010416268874],[63.70573917788605,86.89750345906586],[63.91256700069092,86.95277973254889],[64.13351210106646,87.23104117133946],[64.99995383302989,87.80174612304157],[65.84676208655583,88.04444496427614],[66.115222325266,88.29115490049394],[66.43549050938314,88.49967969307531],[66.45217891440521,88.58877693837275],[66.89896306895253,88.86093786443533],[67.28683950328548,89.2079982767332],[67.23983561130055,89.2906188605527],[67.544287554915,89.56430441578782],[68.34152264287127,89.79744995539664],[68.86970457925625,89.73656618097195],[69.64128659976254,89.8930443806535],[70.26751968337012,90.15983478511727],[70.67470255961328,90.09172170860921],[71.45412601003767,90.15949364386292],[71.53021347203367,90.11496807836565],[71.98401631338085,90.07057822967647],[73.17934834420731,90.2648628596863],[73.57677446496749,90.26719916026005],[73.99577424641791,90.19136987457927],[74.33307546365799,90.21010072592381]]]]}},{"type":"Feature","properties":{"CC_1":null,"COUNTRY":"Vietnam","ENGTYPE_1":"Province","HASC_1":"VN.TB","ID_0":"VNM","ID_1":"VNM.55_1","ISO_1":null,"NAME_1":"Thái Bình","NL_NAME_1":null,"TYPE_1":"Tỉnh","VARNAME_1":"Thai Binh"},"geometry":{"type":"MultiPolygon","coordinates":[[[[64.84267681244347,178.78565856965443],[64.86366920251366,179.09225870843557],[65.26055217844049,180.091463954255],[65.18138395684228,180.3092826190204],[64.71423880408778,180.37566219775965],[64.81217426058126,180.8189394118766],[64.52373586141023,181.1611985383314],[65.14927230948796,181.5355362833056],[64.90111111239004,181.62315920907469],[65.57988275465856,182.13179439541665],[66.13414363469097,182.0669708460069],[66.33350313716093,182.3411360884265],[67.00086152587123,182.2826632303846],[66.97661252632642,182.4942954583948],[67.24391159314455,182.71755325979353],[67.96619797169205,183.49196109083556],[67.7492097492784,183.6292916816771],[68.02796531186813,183.89746400893407],[68.10535328461467,183.69283952876043],[68.33356844686557,183.77041628219916],[68.3600395027718,184.13107096943048],[68.47028358230249,184.02360240726514],[68.39817844435501,183.80376587960905],[68.498448164273,183.67798215585498],[69.1711813548199,184.18779323716197],[69.20856779685629,184.00949582077564],[69.41391942806284,184.02772256226282],[69.70183170176658,184.2696751948504],[70.08919377051556,184.8203546333748],[70.22287239944671,184.51513434883995],[70.0058360149697,183.7629347760154],[70.78015535092885,183.04287088799256],[71.2961964861962,182.46483532044806],[71.23190517165844,181.96332322651608],[71.62953059860114,181.84625237531844],[71.89082780487996,181.4114821214185],[72.17607361085098,181.4335303917996],[72.34950544451695,181.67206581827344],[72.41232340053219,181.93806396819667],[73.00275471245124,181.8526435594596],[73.18891296182537,181.61836944490176],[73.62629833272817,181.83761382858864],[73.52314072709812,182.2399854452154],[73.89148796538237,182.39393765060942],[74.14671050889908,182.22739125405457],[74.79547276242047,182.86676523487097],[75.07686008549143,182.55812910649848],[75.53598109163319,182.63992105525398],[76.01121489155716,182.30723813227615],[75.29811982425883,181.198053465238],[74.98481219462064,180.38723092021644],[75.14208951368782,180.1395113626237],[75.08589866308039,179.45366377878867],[75.36818832462451,179.03487979121002],[74.98643759936374,177.78186153178345],[73.87990025131414,176.49324885885858],[74.01332545512555,175.64734624654892],[74.38464297423147,175.29348329970327],[73.81127034886705,174.27758771538646],[73.5465755071082,174.10731492158254],[73.38964188096239,174.57270373643567],[72.51646176374558,175.6161830412281],[71.78814699168562,175.39231249518562],[71.5397940602711,175.15519705198597],[70.96829006947877,174.9242503506215],[70.29163505838378,175.08634110763492],[69.83948264536,175.79890340338278],[68.83644468774854,176.24700761769876],[68.3934799981788,176.78474810927847],[66.91921200726868,175.59622778356987],[66.60780949453341,175.69998120080277],[66.56031540056115,176.32309172739124],[67.26447495181851,176.81317683524537],[67.25875228929006,177.26284773305747],[65.71411212826816,177.59968599666712],[65.42686004827482,177.85492051283205],[65.80090643661356,178.49215040143997],[64.84267681244347,178.78565856965443]]],[[[74.99660627069139,177.6038763673065],[75.13647107532799,177.7360644274749],[75.0374426455359,177.483315183612],[74.68294388613916,177.28564788362448],[74.99660627069139,177.6038763673065]]],[[[75.47151632345013,178.9856515657467],[75.23516770695014,178.21414173176385],[75.3977704726372,178.96340437537438],[75.47151632345013,178.9856515657467]]]]}},{"type":"Feature","properties":{"CC_1":null,"COUNTRY":"Vietnam","ENGTYPE_1":"Province","HASC_1":"VN.TY","ID_0":"VNM","ID_1":"VNM.56_1","ISO_1":null,"NAME_1":"Thái Nguyên","NL_NAME_1":null,"TYPE_1":"Tỉnh","VARNAME_1":"Thai Nguyen"},"geometry":{"type":"MultiPolygon","coordinates":[[[[57.52237577420097,201.4857660141913],[56.68259750952014,201.5642475316157],[56.83206172715473,201.8075627965091],[56.33287612670263,202.18454490003057],[55.83953386584248,201.88895471599142],[55.61968269129601,201.9396571886703],[55.7302500174817,202.32690025107334],[54.85543431059807,202.20491127479028],[54.6257193958142,202.42637566847807],[54.18433097132574,202.2214828905088],[53.80347407555232,202.4709458752436],[53.89738969528679,202.6956392049741],[53.518337382923285,202.71098351198287],[53.391771240804175,202.8997722605278],[53.111609912247715,202.79418739237562],[52.78253598366557,202.89902132473742],[52.54507076417508,202.83364636944995],[52.03531594569179,202.91278564793603],[52.121173620804846,203.0372680441009],[51.984346159806535,203.30356742752224],[52.14649796624762,203.48483045879914],[52.03986816478191,203.49430940938845],[52.65838242771588,204.1063179305805],[52.620340499502696,204.18669253398443],[52.91291837844264,204.44456439133432],[52.78874308231427,204.43647779588602],[52.57699241986607,204.30601911603625],[52.51949437391163,204.34051959171336],[52.73860832107823,204.8110121947568],[52.98026188227186,204.89136596405382],[53.18391418962572,205.0348959922154],[53.17011344838848,205.29297179083176],[53.73889617692983,205.6837732116744],[53.81644513583526,205.88516055869974],[53.941290178067376,205.99019780915],[54.3323160244546,206.23039377064964],[54.3091896565918,206.25922646053368],[54.56625203033941,206.50504768646832],[55.17785026621362,206.8314391863537],[55.73499160563926,207.1222571431728],[56.239027220716935,207.13974919455828],[56.95291281976313,207.2546411560301],[56.9340354004444,207.11825682108542],[57.1178075620393,207.10998005544326],[57.092065133450475,207.04861832396162],[56.78855702974098,206.9224863683807],[56.97924145349427,206.88401132064163],[56.77683800696258,206.81975750849878],[56.64363302965141,206.71196553582172],[56.459259091037744,206.33292026431954],[57.12247402958866,206.40065550799812],[57.253820697674875,206.63629769126908],[57.505842964175955,206.78540238532992],[58.175824146456016,206.94720332025702],[58.21765775070168,207.03339036615597],[58.51070417963514,207.0590960889186],[58.83345762221299,207.1653567244037],[59.02101486277523,207.14526625745796],[59.47360115697819,207.18128442848632],[59.46178082663728,207.21050029654083],[59.94981800487019,207.18217262311055],[60.08667659987254,207.23324142681906],[60.446476458454846,207.14962520280454],[61.11721687742144,207.1177251290338],[61.62195852931988,207.09053412027706],[61.72299905278231,207.0469375742168],[61.545932977273715,207.03434786340398],[61.74016790571341,206.93902636617617],[61.89061261313832,206.91370607003597],[61.75077524531817,206.90765585894033],[61.733910591983815,206.8180187720366],[62.288070985925714,206.62876983560378],[62.63250128951057,206.62046655487754],[63.00697119941782,206.4962284456005],[63.73264667915756,206.3690275464807],[64.2588476863884,206.31726084080668],[64.29825343031307,206.3401705096755],[64.45470918965029,206.3122258657058],[64.6135817934626,206.18836033808034],[64.55925393858217,206.16150151458035],[64.65764255104213,206.10363386315478],[64.47460336056194,205.9654358299515],[64.7212429859128,205.85142779750754],[64.6746545021874,205.7913446475766],[64.21505483945543,205.89048955342048],[63.658550377818976,205.83733481700114],[63.31967458240873,205.86644869913013],[62.84928747311146,205.75876564786944],[62.644398545263165,205.5105622366272],[63.22354604435524,205.4943840510228],[63.273828606016366,205.0666583272805],[63.546426534649925,205.01441827475966],[63.48017877636051,204.90756153197583],[63.83300445738763,204.84419574668578],[63.91776123749881,204.62471399392427],[63.56639630196683,204.4445341985983],[64.00709996352678,204.24737371939256],[64.04381363670122,204.08418189223605],[63.45648937848632,204.12932498858186],[63.1797170697654,204.07005326855722],[62.52839826925768,204.1540753888176],[62.216850384057196,204.32316346800206],[62.22721250008738,204.03277276787793],[62.409429273240065,203.91684329894127],[62.2602875961461,203.95646051144476],[62.04555573670007,203.79760405752944],[62.21303602027439,203.2625188484499],[61.51718718542793,203.15568530207085],[61.21691235176777,202.4991016327138],[61.57272752152241,202.60662670601738],[61.265218412016466,202.33331199008262],[60.92671593275011,202.29293142667416],[60.7707687725417,202.02265071021543],[61.20474422004057,201.81760299888674],[60.388010926451415,201.60082680004246],[60.147976625886685,201.86604337264106],[59.72717481567567,202.10415318891214],[59.78928951381574,202.56792335815055],[59.119581981802355,202.25465383666565],[57.95112885210409,202.07719901864354],[57.5661787072902,201.78188499017813],[57.52237577420097,201.4857660141913]]]]}},{"type":"Feature","properties":{"CC_1":null,"COUNTRY":"Vietnam","ENGTYPE_1":"Province","HASC_1":"VN.TH","ID_0":"VNM","ID_1":"VNM.57_1","ISO_1":null,"NAME_1":"Thanh Hóa","NL_NAME_1":null,"TYPE_1":"Tỉnh","VARNAME_1":"Thanh Hoa"},"geometry":{"type":"MultiPolygon","coordinates":[[[[47.6635143865209,175.35880557892645],[47.59753100270089,175.46449065934547],[47.79199027055638,175.9837376502574],[47.96179786604766,176.16386953472923],[47.987241465884615,176.39754396085033],[48.111116116233646,176.60645637920882],[47.895972319383894,176.7200206898178],[47.86609375802236,177.1932559300662],[47.759432295192084,177.63449154149762],[47.67482664256062,177.78367090693067],[47.62552909858113,178.2350159956981],[47.20061814087247,178.20098798190895],[46.809547977461904,178.719346221399],[46.74192467747987,178.9703657112745],[46.237476411577155,179.80859375210042],[45.80579488832717,180.02355678609453],[45.41987227136302,180.4730054252418],[45.26175000100792,180.53943918872073],[45.08685646488317,180.88054945400762],[44.7762125047209,180.96120333370826],[44.45178893624611,181.3896418438114],[44.15860657444258,182.10206492830613],[44.10999912362371,182.524708201139],[43.999523744780674,182.86166641685514],[43.919811296399175,184.20542706060405],[44.05399476897348,184.32423685049054],[44.199931908089354,184.7768289992042],[44.345019839557736,184.52135390989335],[44.36753223384426,184.7291930975668],[44.22899395638211,185.29353492931406],[43.94622136954953,185.94398027267064],[43.92701659084471,186.1681777741732],[43.809446419097895,186.3442240212666],[43.66122107809721,186.13712493413863],[43.75356749572714,185.5937241788103],[43.700027407604594,185.45740827133213],[43.53829451373552,185.4843486085044],[43.46664984955622,185.415133203352],[43.4013923811263,185.5084963054024],[43.438296441678844,185.20054240725028],[43.25153578420676,184.601038751651],[43.16902826320316,184.82328415563092],[43.079863031026974,184.74713110055814],[42.956138665289345,185.69311495227427],[42.66049585673278,185.94923549049184],[42.50157747818059,186.31416839054825],[42.53183837474615,186.42702052904818],[42.41119626906546,186.55234702262814],[42.56245409763036,186.56781853165796],[42.470010463446336,186.80452548476768],[42.53524263633073,186.91609918990696],[42.43509094532979,187.23647492164844],[42.495264706922015,187.34162530000953],[42.33756393122805,188.0973340068512],[42.39322331001266,188.25245182827007],[42.45834371361761,188.18146421608236],[42.34110548843884,188.83994147513573],[42.78331871837103,187.96426289610224],[42.795380114621956,188.0508380163414],[42.93690967856799,187.92731444774387],[43.078372750533035,187.60578600267712],[43.26962738647266,187.42591707773886],[43.28998136707627,187.50406020707692],[43.52768341742198,187.354831430268],[43.44791182536845,187.44269834070914],[43.57507761095142,187.41139771546347],[43.27896202396712,187.71143586420916],[43.219249554953,187.88494159960476],[43.26114199033042,188.22280310820452],[43.20933347587184,188.37227133204198],[43.42824184074867,188.28919344391392],[43.709457327558624,187.94049744292104],[44.015690335661304,187.6754942608197],[44.44357509813136,187.2961803195683],[44.751074228214044,186.75023922447937],[44.82588424494029,186.6221920516608],[45.11833892488331,186.40628949875423],[45.4746172519803,185.94187873953672],[45.41938453401848,186.15006951534724],[45.54739931089976,186.1082265126937],[45.67576521878979,185.85764030711547],[45.70548819868581,185.91582380746854],[46.01420563677027,185.59765492389403],[46.49129295948962,185.09650911754946],[46.74006760054464,184.73808196611142],[47.04227567053006,184.31399220755543],[47.07236308144082,184.3116997457589],[47.26365499088959,184.00925383965404],[47.44515799610809,183.71342230249314],[47.52789077924034,183.5245178299201],[47.87611508569402,182.76117214941468],[48.24189991225162,182.12272602461366],[48.340284699544696,181.80706174538813],[48.50273562719404,181.49805135263742],[48.752433269727916,181.03523117682016],[48.725039248731925,181.1238360910129],[48.877300666126,180.83557110079104],[49.505547765948165,179.92045616899117],[49.84115812626263,179.26997721594884],[49.95432053759191,179.23429205188944],[50.45760395471412,178.7945768615514],[50.66596385046103,178.6730393767135],[50.827211723188675,178.5826978826267],[50.80657809889437,178.65067151668782],[51.098960425653665,178.51741050303903],[51.46032433404608,178.23159031754744],[51.77469226095075,178.03625946433718],[51.80863469020812,177.9653753219147],[52.300528038681044,177.60957299064526],[52.63913985888998,176.97968796599525],[53.252601276463224,176.59085802349523],[53.605808093698464,176.32456403055505],[53.91834130186003,176.02891925046987],[54.24549835974713,175.56888150786193],[54.27223275797584,175.41225546993144],[54.79400909802695,174.81091092657186],[54.96505850908742,174.6203211732974],[55.052702219987765,174.4612080155107],[55.45888484549728,174.1235698780021],[55.59612887463585,174.02863818786943],[56.6778426703238,173.26538627443978],[56.80266082761339,173.0881830449905],[57.20327451741771,172.74902856458064],[58.02908979564076,172.1652004352647],[58.729660302695585,171.86717493929672],[59.679429382729786,171.23921114990458],[60.917393348544465,170.88780096170552],[61.02655158737522,170.80313732746106],[62.346598174915705,170.51516300181993],[62.059912966256675,169.87390336968167],[61.64868805836999,169.918493508751],[61.51334527493702,169.6395345186586],[61.60802516271244,169.42266560093913],[60.29992973653482,169.3385662326842],[59.98599451675344,169.1723550486064],[60.00275218995412,168.6937333264296],[60.34714320255991,168.6668743490713],[59.794979800879645,168.14207134105268],[59.707911707833624,167.70480359089706],[59.97803679041774,167.48635429433932],[59.17536282831715,166.8142594689282],[58.90136576174851,166.96764017293123],[58.755830762714524,166.93183253601242],[58.61073081523732,166.42698487502102],[58.69289131579742,165.57731661389585],[58.85278495572727,165.02724155702893],[59.3269302884122,164.00552136426327],[59.20868905313169,164.09037387545592],[59.09235169487857,163.86037958358116],[59.61067244245085,163.19805307623915],[59.80723810312418,163.03447391211745],[59.93308052630458,162.7910133167668],[59.86178645580782,162.62427404474272],[59.77133051153362,162.79723091531758],[59.412769681691785,162.87721555158788],[59.23086729140297,163.07691498352824],[59.21229633335674,163.04066837743648],[58.966326580308724,163.30900437777214],[58.73554612228154,163.22066452042594],[58.44070877466001,163.28786809324743],[58.12924685392341,163.55820579725446],[58.02528792340723,163.52367423956008],[57.92315506804171,163.759503708714],[57.751991906241784,163.83144852849267],[57.65763677351829,163.94306632377248],[57.5218226148601,163.9886497605633],[57.39065908620762,164.1449687998296],[57.320872153729184,164.16009821545782],[57.1914252462561,164.32689692943663],[57.08706395047635,164.3750387722356],[57.02345855550785,164.28020477147268],[56.767131074653335,164.38468856242207],[55.801106269832005,165.3107455651961],[55.71295872939645,165.46918011483575],[55.426072247809984,165.62917564878404],[55.11964912124532,165.67109953568234],[55.092998678537725,165.59387899669318],[54.77349014061423,165.71977112996086],[54.52014670296011,165.65378076347528],[54.331926905117605,165.822864072024],[54.03823800222721,165.95170752628067],[53.92945725590208,165.88203038942416],[53.722436799828955,165.9929511832567],[53.69466195477187,166.09576089707872],[53.085477343791844,166.6197010709771],[53.115627646746475,166.69426738758915],[52.900571430536374,166.9724350653267],[52.74435126347519,167.01869454145768],[52.39593816448132,166.53496356899328],[52.27327936824341,166.70191032094556],[52.110348013623025,166.7589144984926],[52.09641627948068,166.8605417296335],[51.967984751018555,166.93075652981284],[51.5948056265549,167.4877885382913],[51.6852084671521,167.52583743951737],[51.379894849923886,167.93720685846836],[51.41928916331905,168.09763169127893],[51.206456497606126,168.24933225842685],[50.78675001666499,169.20759187464515],[50.724800816812866,169.10457764127582],[50.07443373004341,170.27858573531233],[50.061513439968195,170.4763489434536],[49.94163523641229,170.67128870048998],[49.97597346149014,170.8291552653763],[49.69828600423617,171.25987263187073],[49.666717743653976,171.5608641034444],[49.52701195076096,172.131338901344],[49.525138267032844,172.50240109458213],[49.60863123209076,172.60066608977462],[49.61183075214155,172.8760299714108],[49.84437478178886,172.65448729629222],[49.88490270085749,172.8255694298275],[49.65993909710993,173.61892188994386],[49.540202632813426,173.78888939127518],[49.39240459039106,173.83145519437127],[49.06687264680009,174.19120980704804],[48.73892738021615,174.18800165329387],[48.65009550762893,174.34189450315642],[48.335600157035074,174.5207623404467],[48.08715648460749,174.91496633114483],[48.001365250225575,174.94266905526422],[47.925949337932714,175.1922600339339],[47.69427623651777,175.26522441686737],[47.6635143865209,175.35880557892645]]],[[[60.01420132599176,162.7293006803906],[59.81817650590225,163.06014465075214],[59.92095332309955,163.0436443977064],[60.01420132599176,162.7293006803906]]],[[[60.6726923154232,162.77626205482653],[60.650919989098064,162.82445807710624],[60.76579124696017,162.74127270332457],[60.6726923154232,162.77626205482653]]],[[[61.06754880775037,162.81964941287768],[61.15661316527821,162.7705382334272],[61.1646171308246,162.70378614655047],[61.06754880775037,162.81964941287768]]],[[[61.097089308455445,162.97603103271663],[61.04184961258777,162.85137492667295],[60.80323109998966,162.9840338082973],[60.76944321668395,163.11412216064934],[60.952246332703645,163.09806289791777],[61.097089308455445,162.97603103271663]]],[[[61.36946631979586,168.82569357014762],[61.40874100473377,168.77953198457988],[61.26497942483292,168.80111760814435],[61.36946631979586,168.82569357014762]]]]}},{"type":"Feature","properties":{"CC_1":null,"COUNTRY":"Vietnam","ENGTYPE_1":"Province","HASC_1":"VN.TT","ID_0":"VNM","ID_1":"VNM.54_1","ISO_1":null,"NAME_1":"Thừa Thiên Huế","NL_NAME_1":null,"TYPE_1":"Tỉnh","VARNAME_1":"Thua Thien Hue"},"geometry":{"type":"MultiPolygon","coordinates":[[[[82.54826890831193,129.45056018860635],[82.48116763533734,129.44908366772037],[82.32190139127385,129.78613432281398],[82.2274219643945,129.81855157727358],[82.2121973928374,129.54544932741965],[81.92740024791155,129.31666642828597],[81.93724814380194,128.90655676094622],[81.83394478531167,128.73928448052484],[81.65974428112027,128.95026831890885],[81.5659379783228,129.35279138376018],[81.30612760302652,129.82648987496063],[81.31971885829233,130.02978170814603],[81.26479205893588,130.34097987508176],[81.0029007383175,130.3365225965735],[80.91431647111754,130.2190037518005],[80.99568397869086,129.85978599215088],[80.92988955205173,129.72091814461243],[80.71452169850342,129.92783553257337],[80.58991553963482,130.27202091190867],[80.51508490916231,130.32766389032054],[80.4222705522415,130.14152773620913],[80.23061859106195,130.38864443323573],[80.180009751983,130.70691501435783],[80.24127963619769,130.86832015127808],[80.0730269051735,131.12487272389123],[79.98974068456819,130.97881713289695],[79.84627819383314,131.06120721195464],[79.81849944620862,130.80257867569938],[79.60207005885881,130.94888370256047],[79.5574173371867,130.80908712482454],[79.31266451223425,130.7748298715319],[78.60084740920696,131.65771702860187],[78.49998028918267,131.64973356632893],[78.32956720871135,131.91706493536762],[78.13023973797652,132.09323074089554],[77.98383491870132,132.00890530160933],[77.6934264346659,132.16519856765703],[77.30952166653698,132.54837770944968],[77.10851038252187,133.14880307492842],[77.1529256972939,133.26179625434133],[77.09931655596525,133.3092463964257],[77.11890219774045,133.53206429423645],[76.41061427471797,134.32280336565236],[76.35046767012088,134.24459568110666],[76.19811474723073,134.3175903766379],[76.15855356175496,134.26308823718222],[75.99170928113676,134.4396600812404],[75.8764886609254,134.91401535220274],[75.80092772491295,134.99587135758478],[75.96051187499624,135.03893448188978],[76.02248506859164,135.3924389870029],[75.86631499707659,135.58357772271427],[75.85901263139625,135.79145845765908],[76.07790314589073,135.72055369406962],[76.21807041034324,135.58842533737075],[76.35220730840427,135.56401437685386],[76.39386533120825,135.66521228535123],[76.2754514030826,135.89744467911757],[76.02243997458683,136.15260071477135],[76.0054086472597,136.1222179658007],[75.93055309852986,136.25534468436342],[75.8362125506226,136.2777803105149],[75.59515299573387,136.52921172818054],[75.58477872755967,136.72260513205026],[75.67954107596549,136.6574217080746],[75.78249413455934,136.69193932375862],[75.97702924625511,136.63073062960905],[75.96753685788764,136.71246519846017],[76.05980240323859,136.77656842159868],[76.45239551998822,136.73380939499253],[76.57722344778762,136.6498897472364],[76.76304833554832,136.66577861543956],[77.0045446650243,136.41884657700552],[77.28468386603379,136.67857139139687],[77.10600167512251,136.87823034379696],[77.1045900594226,137.01252203798308],[77.09255725111126,136.97014617732296],[77.04558944945279,137.02925875466394],[77.1318982778121,137.11195237475823],[77.17976843928686,136.99003820628542],[77.18107367482423,137.06589843628888],[77.09248438210544,137.20607512688125],[77.16961907012288,137.23193523479392],[77.12134652832536,137.26563190535114],[77.3071547967306,137.4376743173037],[77.26774674752058,137.52795033324193],[77.35885065535604,137.71135940940607],[77.49598979243461,137.76713379411274],[78.15615177438629,137.2102225049269],[79.0193470737729,136.65958173711192],[79.81978410408271,136.25264271956496],[81.40536746805377,135.65633255510755],[81.98063860032401,135.28672582015173],[82.85860995953678,134.89281862522523],[83.4541408320663,134.42058690666806],[83.9466072759819,133.87918239805686],[84.07789219726834,133.86927511642253],[84.27765178151282,133.5412099923746],[84.59616741658542,133.4803881618742],[84.79141623930093,133.60493449795342],[84.70707553966892,133.74416535727096],[84.79534367157727,133.79416311179753],[85.06221015217946,133.23716995865914],[85.43849674316384,132.13882784711922],[85.86913378189925,131.89236904295345],[86.20212678128128,131.93445603868724],[86.317545469852,132.1093251056762],[86.6946875810866,131.89575217754702],[86.85255878394736,132.03807216094063],[87.02623503881834,131.92235205606917],[86.70323180290782,131.74407329580396],[86.46477030845278,131.81175301376578],[85.91965561067158,131.2597986587757],[85.6241377750656,131.3438548890669],[85.51379499805503,131.20042752445755],[85.02508132390213,131.19417372826427],[84.50309812384842,131.5816974744347],[84.22244931118425,132.02486667232512],[83.82496303209058,131.60356093520048],[83.58097206645793,131.8157820476766],[83.4416264775006,132.1805484737652],[83.08581331671563,131.8523315347189],[83.00614359179359,131.62376707513818],[83.02506074005382,131.13530885182624],[82.89237420035695,131.09876873663],[82.80921951674463,130.4219673211676],[82.55888427928443,129.8873767455124],[82.54826890831193,129.45056018860635]]]]}},{"type":"Feature","properties":{"CC_1":null,"COUNTRY":"Vietnam","ENGTYPE_1":"Province","HASC_1":"VN.TG","ID_0":"VNM","ID_1":"VNM.58_1","ISO_1":null,"NAME_1":"Tiền Giang","NL_NAME_1":null,"TYPE_1":"Tỉnh","VARNAME_1":"Tien Giang"},"geometry":{"type":"MultiPolygon","coordinates":[[[[76.27977443782646,59.10336021741203],[76.90740410595056,58.95291535945759],[76.46251021237396,58.83031139375147],[76.53332571943702,58.977476898035874],[76.27977443782646,59.10336021741203]]],[[[75.56775539040059,58.66111615754403],[75.1110940177692,58.75561535087475],[74.06434086844612,59.09900646573137],[73.16630379625825,59.55171415924002],[71.95252862165408,59.903450197204975],[71.20100354078849,60.21009093221673],[70.29086585417853,60.68893943885534],[69.99954303546558,60.90855845945989],[69.56151781792113,61.344640962233605],[68.98670815778547,61.81445310233773],[67.63298593644771,63.27233940376373],[67.21031076953965,63.554390405350574],[66.97819989131588,63.99076789594007],[66.37438895652537,65.15872308422533],[66.09188651607235,65.4745153843117],[65.57200519195501,65.56168829801378],[65.38074375022968,65.99391165013179],[65.08697305701858,66.23355836988934],[64.79839147177148,66.27538087229931],[64.56895348296575,65.92055217529303],[64.43524376383476,65.8237978814016],[64.12793247744881,66.11175948795017],[63.99575683917219,66.01139933367548],[63.19969200055867,66.94023980651284],[62.29681830893668,68.20901278639658],[62.095984839278785,68.26053763952225],[61.945325947012066,67.32542742878897],[61.85590933996156,67.12353083035889],[61.47188308004806,67.12079741438373],[60.98916892989959,67.63183212754052],[60.40904837643747,68.02877570901383],[60.47443215997859,68.29877689817592],[60.27676909473529,68.42097258482852],[60.06191649522326,69.51147416462744],[60.06669525282405,69.83971891177313],[60.396878225901986,69.7638273950312],[60.555041176835815,70.93669381902498],[61.02589909796852,72.17259426723146],[61.26029968816744,73.03898866023692],[61.241968429340886,73.41650545693624],[61.1290538781479,73.99209524263588],[62.02658312535609,73.15251910827746],[61.722937901394545,74.43992831942127],[62.15290554295639,74.47735606363227],[62.239052944210414,74.43268636356146],[62.475566680119314,74.05211412329123],[62.609903454317376,73.66382697695177],[62.901529264908525,73.14453512791641],[62.92461626787349,73.18055912673685],[63.628951160727496,72.02283375243938],[63.74678934556879,71.82501586009172],[64.55123349476685,70.06767282186361],[64.64775081051413,69.66748025153984],[64.77580263506772,69.32775318326746],[64.93489513424583,69.04931645981542],[64.92871112098024,69.32812120082258],[65.05283734644502,69.11162965567415],[65.72771411077706,68.22766130064949],[65.81006395677093,68.03504947600346],[66.04392331772058,67.68616564069724],[65.75034404033094,67.60917775340579],[66.11526438835436,66.82769797277436],[66.27336700926973,66.76577696046247],[66.39947850422531,66.64718591408457],[66.58526803825109,66.36645549507753],[66.4546997794511,66.46920542548129],[66.64795545443097,66.16103784671266],[66.92598061253753,65.94052205966477],[67.00147767584292,66.37568190704584],[67.12075668565487,66.2189121129305],[67.1670761312084,66.30781407000916],[67.39273609482763,65.932451125107],[67.43118639455031,66.02615750053691],[67.60707500861454,65.77764024439296],[67.69769841565979,65.49542311581232],[68.02447321165745,65.2563320154515],[67.81191145102808,65.78322565797613],[67.96353710743387,65.77575800112045],[68.21192150638981,65.89798838067006],[68.10865106911479,66.38034947828824],[68.26764918506862,66.41132587941811],[68.45546200619181,66.23984168766953],[68.53191568363425,66.03698427123064],[68.84345064436559,65.46638858853882],[69.31202463424809,65.14256571860255],[69.39991722702081,65.75788128853173],[69.96118322715056,66.01763352355711],[70.43577419867034,66.22874389133199],[70.72719103302043,65.86573384627681],[71.22805940214401,65.33208179322915],[73.33956879713969,63.69704430870782],[75.06221993457646,62.97410813762244],[76.36841124565638,62.48785092068388],[74.15573971064455,62.305215118192635],[75.65831537180898,60.16479270354881],[74.85530261228581,59.76774333816098],[75.32159432636641,59.62921864059103],[75.95291867753691,59.436446561455],[76.17036750765043,59.06905335911054],[75.52693921813173,58.8580549436616],[75.56775539040059,58.66111615754403]]]]}},{"type":"Feature","properties":{"CC_1":null,"COUNTRY":"Vietnam","ENGTYPE_1":"Province","HASC_1":"VN.TV","ID_0":"VNM","ID_1":"VNM.59_1","ISO_1":null,"NAME_1":"Trà Vinh","NL_NAME_1":null,"TYPE_1":"Tỉnh","VARNAME_1":"Tra Vinh"},"geometry":{"type":"MultiPolygon","coordinates":[[[[68.24084939572334,53.11489671386714],[67.97866452981506,53.23082103754062],[67.45107516852745,53.471734112854925],[66.36033784624938,54.443410864316604],[65.0702729512782,55.46404897239953],[64.63339750430113,55.7024943147922],[64.36062528812772,55.98648248526781],[63.881241891454934,56.495893420999565],[63.25636022221828,57.44866124955485],[62.83141571281973,58.09270112678496],[62.99649938189169,58.08236715981362],[63.317139553159095,57.749933526283336],[63.77427957321896,57.95847761987447],[63.85170813639986,58.21552464551567],[64.04883704392643,58.06873035906116],[64.22612105072575,58.32926320242655],[64.46123877977443,58.19044701773905],[64.54274763343514,58.48120720613294],[64.93954260995793,57.88875575244937],[65.11312974492273,58.30719182569051],[64.9925084442522,59.51330262434247],[64.97063763440931,59.70870493345759],[65.1801652465652,59.49125809571645],[65.71599262833942,59.4335195139771],[65.89840345742195,59.03879764450214],[66.20325653489333,59.221184530437945],[66.11056200635487,59.64251981601307],[65.99099152296331,59.72436497780157],[65.88616027738658,60.33213638369329],[65.95685765725392,60.470342663044875],[66.83424482056007,59.307640063961344],[67.14843310495972,58.8160993795959],[67.45376437025176,58.51830797020588],[68.44076492306442,57.86231365498068],[69.26417467578841,57.382749662040766],[70.00237578910361,57.03175874801555],[70.71333115063459,56.68954043809557],[71.70655484359045,56.0155592108623],[72.01622709633749,55.79929898988394],[73.32193153524256,54.871567834802605],[72.47549075358393,54.51985538422116],[72.60353142149907,54.04391454309218],[72.74052591557373,54.001035737565914],[72.7969114318058,53.7037772986996],[72.42561634573507,53.26418833524533],[71.88948827846711,52.94660153125893],[71.2482443547877,52.75121476845167],[69.96165930328519,52.58207495166576],[69.92669380756496,52.646957740769466],[69.5518493864539,52.573078770510584],[69.31406293706519,52.62278917587311],[69.31729970917851,52.76261103434912],[68.38511495976397,53.205531379936275],[68.24084939572334,53.11489671386714]]]]}},{"type":"Feature","properties":{"CC_1":null,"COUNTRY":"Vietnam","ENGTYPE_1":"Province","HASC_1":"VN.TQ","ID_0":"VNM","ID_1":"VNM.60_1","ISO_1":null,"NAME_1":"Tuyên Quang","NL_NAME_1":null,"TYPE_1":"Tỉnh","VARNAME_1":"Tuyen Quang"},"geometry":{"type":"MultiPolygon","coordinates":[[[[52.54507076417508,202.83364636944995],[52.08722258899874,202.34216541702972],[51.64590307220617,202.11518432053134],[51.47761686935276,201.96367513320217],[51.329939664705165,201.94763912795406],[50.98358289015002,201.6995029376622],[50.564248839392306,201.13071775438607],[50.48940013406084,201.3111603158422],[50.07531877551908,201.1527534629628],[50.066636526472635,201.24098132220496],[49.77497951874881,201.11870344829538],[49.45797241923522,200.8871265774836],[49.3695569358882,200.6423220984361],[49.18070816521886,200.56485175681408],[48.86308501805004,200.4632899404377],[48.91227034701286,200.69359776292177],[48.594540173860885,200.6810536687061],[48.71366829392631,200.84928908540797],[48.452785275581554,201.10528132550084],[48.56249779123004,201.2287746496131],[48.543911951709404,201.35592628213212],[48.37666377157912,201.27497240552557],[48.312053886873194,201.36778872420433],[48.51584509923377,201.57180107701026],[48.53422200212631,201.69907638902697],[48.200249518266446,201.56426794504065],[47.90617468302726,201.61176477658904],[47.613570825367646,201.41531005347616],[47.57276994322184,201.52784247222849],[47.38783386981051,201.3850470335172],[47.188043551078756,201.313280940038],[47.165140471091604,201.37608762703633],[47.013196578699784,201.27304569786025],[46.9283599695319,201.25171077995046],[46.98718616494119,201.37554426353],[46.83509784758289,201.3643184346036],[47.16325495115044,201.74835164998188],[47.108627334618284,201.77654111059957],[47.50261617253878,202.28781323289786],[47.45527727441398,202.3697071260491],[47.351777748518955,202.3093770764992],[47.28278766614256,202.45709543557376],[47.18232894224995,202.42535907142982],[47.20417753529385,202.6348016931831],[47.01628312808349,202.55926669227335],[47.21391008638397,202.9116428600617],[46.97350719046681,202.73078171638423],[46.9004279678434,202.73138816939527],[47.25973011961095,203.16639745454648],[47.196319418789344,203.15529380814044],[47.48728001285231,203.53871461315663],[47.07814459154036,203.24281549270262],[46.95269538275081,203.1999891837296],[46.892714616802174,203.27784555350553],[46.55535069162352,203.1449093554898],[46.467877791180804,203.21249523176766],[46.64875800316667,203.5076359312111],[46.700681660142784,203.71593910764724],[47.01116651039249,203.94994329099276],[46.97751964623096,203.86920398082],[47.10277743621866,203.92955864449758],[47.63076182671502,204.46366614109618],[47.52952621358996,204.5533075369926],[47.9326075641919,204.76839673783576],[47.978157055767056,204.86929645432073],[47.83857178833901,204.86462306386304],[48.17381704824646,205.06153243084998],[48.19575075555351,205.01633586938283],[48.405852650300204,205.08817464024676],[48.449370741122266,205.06172164114528],[48.800409467503606,205.19626150272742],[48.92281455979311,205.1362157804057],[48.77198356769726,204.9902702666208],[49.2837518210123,205.27700385826242],[49.367681037352135,205.39954422899874],[49.51236651109059,205.45707186351163],[49.60585220380872,205.5486818838433],[49.504432604915344,205.58174077520334],[49.902203825560555,205.73837738535596],[50.00747666749536,205.90350592318117],[50.33631089538514,206.0639500021886],[50.31347811044169,206.13728563511475],[50.651840985502005,206.3160884424043],[50.731585832759635,206.4568077322603],[51.12008014117406,206.7390843266295],[51.171925827132014,206.8796582529702],[51.42796084963595,207.0325305111197],[51.42057791165401,207.07274799518473],[51.65180577828609,207.23989382357863],[51.825176438234315,207.31850698825588],[51.72290629900134,207.41093066106828],[52.0078136124736,207.64241378123975],[52.57241244500885,207.82498964223248],[52.64388791751331,207.80759680437797],[52.797307315124755,207.88760981850322],[52.89646836139903,207.8958807051008],[53.20950834253101,208.0474625022494],[53.30537303323863,208.0437966194141],[53.21460309493972,207.95781346917474],[53.52452239945928,208.07104819254658],[53.69022395753878,208.19000368923753],[54.407517744781956,208.39897325591903],[54.759065135086225,208.43951625390667],[55.38051981329828,208.65270996760736],[55.65911958910669,208.69447700197523],[55.61085068481883,208.66538484926446],[55.74813087271954,208.64755269440414],[55.70684758492261,208.6223212193398],[55.80239509399371,208.5853794416249],[56.01085015627485,208.57248619533794],[56.03935267720961,208.53286168907005],[55.9516448661989,208.4987227394443],[55.96285115443632,208.45373006593454],[55.50188085766427,208.29616079465768],[55.306171768950776,208.1810728650811],[55.263597180868935,208.10061349875394],[55.470804556914295,208.17034623950929],[55.30029093400773,208.08509647631325],[54.88083834885852,207.9576842330491],[54.66178803522028,207.75362573339808],[54.45654023976536,207.65855011332368],[54.406287534257494,207.57251501623614],[54.17587192771744,207.39899381665995],[54.25338872705108,207.40809226061725],[53.868791442836326,207.17886973038918],[53.97485091301658,207.196297952107],[53.47093149894322,206.8999889266173],[53.41605259031517,206.77537742326243],[53.235994740923246,206.6397427452797],[53.43128714669199,206.6273022797446],[53.50963040750548,206.56754349394663],[53.77683431124927,206.68784858458164],[53.28212699366928,206.2910109656117],[53.36141497414702,206.263114373707],[53.153109678883055,206.07254389113842],[53.35718626755926,206.048539893809],[53.318066752739306,205.89668887488696],[53.43421881470362,205.94137141724102],[53.37867161328019,205.8530262609899],[53.941290178067376,205.99019780915],[53.81644513583526,205.88516055869974],[53.73889617692983,205.6837732116744],[53.17011344838848,205.29297179083176],[53.18391418962572,205.0348959922154],[52.98026188227186,204.89136596405382],[52.73860832107823,204.8110121947568],[52.51949437391163,204.34051959171336],[52.57699241986607,204.30601911603625],[52.78874308231427,204.43647779588602],[52.91291837844264,204.44456439133432],[52.620340499502696,204.18669253398443],[52.65838242771588,204.1063179305805],[52.03986816478191,203.49430940938845],[52.14649796624762,203.48483045879914],[51.984346159806535,203.30356742752224],[52.121173620804846,203.0372680441009],[52.03531594569179,202.91278564793603],[52.54507076417508,202.83364636944995]]]]}},{"type":"Feature","properties":{"CC_1":null,"COUNTRY":"Vietnam","ENGTYPE_1":"Province","HASC_1":"VN.VL","ID_0":"VNM","ID_1":"VNM.61_1","ISO_1":null,"NAME_1":"Vĩnh Long","NL_NAME_1":null,"TYPE_1":"Tỉnh","VARNAME_1":"Vinh Long"},"geometry":{"type":"MultiPolygon","coordinates":[[[[63.25636022221828,57.44866124955485],[62.36375767933778,58.241772241948105],[62.01679604510441,58.39267701526302],[61.67169971342154,58.84649974165801],[61.323061543606414,59.29757589716654],[60.907693585247635,60.37809199968023],[60.554338066448636,61.46614571476142],[60.34878342019934,61.73459651859811],[58.8722406770542,62.9697271367756],[59.21953284776096,63.993948648385555],[59.611890425896476,65.17029797937253],[59.82101462342463,64.94620683662116],[60.3026772286546,64.53029791908612],[60.40408483323124,64.82480433384093],[60.83508849750058,63.93097927282977],[61.43540104363366,63.85704420675612],[61.455359757516725,64.12983826238069],[61.696388636671635,64.00310911017206],[61.669369102474185,64.90075534690443],[61.911568075731864,64.79575446471213],[62.11419071205633,64.87285985746496],[62.13112145951165,65.33906357111373],[61.78686449335714,66.01728231337586],[61.74574317837954,66.2864529714168],[61.60100945297141,66.31783705447035],[61.354623679312354,66.82815731573825],[61.47188308004806,67.12079741438373],[61.85590933996156,67.12353083035889],[61.945325947012066,67.32542742878897],[62.095984839278785,68.26053763952225],[62.29681830893668,68.20901278639658],[63.19969200055867,66.94023980651284],[63.2411391692769,66.2781603320466],[63.47280941040235,65.60313386242412],[64.12473522112958,65.10642469032499],[64.29332887516664,64.86482496027064],[64.66361678971904,63.58004370267188],[64.91842667337681,62.893892284630176],[65.00516904131842,62.92737928622427],[65.20385816063812,62.441626407975996],[65.5050322673604,61.722558704677674],[65.92497169823744,60.90928966537477],[66.433925163285,60.00878385353141],[66.83424482056007,59.307640063961344],[65.95685765725392,60.470342663044875],[65.88616027738658,60.33213638369329],[65.99099152296331,59.72436497780157],[66.11056200635487,59.64251981601307],[66.20325653489333,59.221184530437945],[65.89840345742195,59.03879764450214],[65.71599262833942,59.4335195139771],[65.1801652465652,59.49125809571645],[64.97063763440931,59.70870493345759],[64.9925084442522,59.51330262434247],[65.11312974492273,58.30719182569051],[64.93954260995793,57.88875575244937],[64.54274763343514,58.48120720613294],[64.46123877977443,58.19044701773905],[64.22612105072575,58.32926320242655],[64.04883704392643,58.06873035906116],[63.85170813639986,58.21552464551567],[63.77427957321896,57.95847761987447],[63.317139553159095,57.749933526283336],[62.99649938189169,58.08236715981362],[62.83141571281973,58.09270112678496],[63.25636022221828,57.44866124955485]]]]}},{"type":"Feature","properties":{"CC_1":null,"COUNTRY":"Vietnam","ENGTYPE_1":"Province","HASC_1":"VN.VC","ID_0":"VNM","ID_1":"VNM.62_1","ISO_1":null,"NAME_1":"Vĩnh Phúc","NL_NAME_1":null,"TYPE_1":"Tỉnh","VARNAME_1":"Vinh Phuc"},"geometry":{"type":"MultiPolygon","coordinates":[[[[50.224343376040764,196.71312338241708],[50.593973063411944,197.93658511502596],[50.50115852732987,198.23112920106504],[50.190790559415746,198.37889301544865],[49.87305734902726,198.4307426630839],[49.77966391023928,198.59990492705194],[50.053252593177696,199.38031011216358],[49.98809351371798,199.56886653990705],[49.75762074951114,199.6032481981395],[49.199512393814494,199.15393859339562],[49.217823002372704,200.18282596997136],[49.134275757007245,200.29363633961228],[49.18070816521886,200.56485175681408],[49.3695569358882,200.6423220984361],[49.45797241923522,200.8871265774836],[49.77497951874881,201.11870344829538],[50.066636526472635,201.24098132220496],[50.07531877551908,201.1527534629628],[50.48940013406084,201.3111603158422],[50.564248839392306,201.13071775438607],[50.98358289015002,201.6995029376622],[51.329939664705165,201.94763912795406],[51.47761686935276,201.96367513320217],[51.64590307220617,202.11518432053134],[52.08722258899874,202.34216541702972],[52.54507076417508,202.83364636944995],[52.78253598366557,202.89902132473742],[53.111609912247715,202.79418739237562],[53.391771240804175,202.8997722605278],[53.518337382923285,202.71098351198287],[53.89738969528679,202.6956392049741],[53.80347407555232,202.4709458752436],[54.18433097132574,202.2214828905088],[54.6257193958142,202.42637566847807],[54.85543431059807,202.20491127479028],[55.7302500174817,202.32690025107334],[55.61968269129601,201.9396571886703],[55.83953386584248,201.88895471599142],[56.33287612670263,202.18454490003057],[56.83206172715473,201.8075627965091],[56.68259750952014,201.5642475316157],[57.52237577420097,201.4857660141913],[57.60311687176915,201.1916319058649],[57.11391717694606,200.30433903261212],[56.880630813558874,199.666222881643],[56.548150875323074,199.53580009955584],[55.99556780882854,198.67064324568997],[56.097554565198664,198.2666770614269],[56.67509781174245,197.97421105529003],[56.26478404730162,197.58981247750347],[56.07761756730996,197.6891205582107],[56.04504742808406,197.48397885229147],[55.44526676810816,197.14398504330586],[55.082422915848,197.43055692968983],[55.1806576438238,197.5774037211654],[54.90469501378071,197.31861930367117],[54.790042395711964,197.55824211999305],[54.68065572505577,197.4452603282865],[54.612413663296536,197.60595975053673],[54.09972025134502,197.35711840692363],[54.47492633501996,197.0650595679641],[53.94020590365297,196.92312208189807],[53.989531010331426,196.65826038959534],[53.395721664512976,196.54593738839716],[53.74440685442406,196.0110808544821],[53.63108987104449,195.75472737538075],[53.397085478803206,195.8275893692488],[52.381041640301156,195.06131618636695],[51.232889895491965,194.38262214261647],[50.42678396074845,194.37518266065376],[50.15806977916902,194.64226712423505],[50.224343376040764,196.71312338241708]]]]}},{"type":"Feature","properties":{"CC_1":null,"COUNTRY":"Vietnam","ENGTYPE_1":"Province","HASC_1":"VN.YB","ID_0":"VNM","ID_1":"VNM.63_1","ISO_1":null,"NAME_1":"Yên Bái","NL_NAME_1":null,"TYPE_1":"Tỉnh","VARNAME_1":"Yen Bai"},"geometry":{"type":"MultiPolygon","coordinates":[[[[37.40013390604133,199.01703497598106],[37.37180651514402,199.10397557329512],[37.4128135660636,199.19832684054205],[37.49859295837068,199.2362911342924],[37.603152842681354,199.2141298549679],[37.61518446602442,199.2976374648501],[37.674435453282534,199.29742236034923],[37.70813807853959,199.3643310988037],[37.672466724829015,199.50465154657465],[37.44494997825399,199.70161894675724],[37.46050661843063,199.74039900326414],[37.28368935484652,199.91054538636888],[37.264004114742626,200.13501720379548],[37.305423257969096,200.21340334246534],[37.46100577496169,200.25477507096906],[37.60180391279476,200.16284964564534],[37.77160722300902,200.36356355304954],[37.856936520308196,200.38735622186704],[37.92292426530999,200.29967392183192],[37.88193609861473,200.25059050246367],[38.008402564755734,200.1250094680641],[38.48706531410781,199.9969141465145],[38.58684185112679,200.05886618674697],[38.81939347570743,199.9321251861402],[39.14655380949796,199.86653562925693],[39.413515396393684,199.94363179183605],[39.474304080287695,200.05988373737586],[39.40235003169312,200.1534828041562],[39.462843944145284,200.1934459903552],[39.672876607109856,200.10007983139081],[39.905954779753976,200.14265422090716],[39.9148829935797,200.07557521313132],[40.08813481469744,200.04408180247802],[40.07161995012776,199.8561042859758],[40.13506555316395,199.8147746327195],[40.38655713378546,200.00270129221659],[40.43854349362205,200.085888530453],[40.92421675429529,200.39205696920556],[41.10561884003016,200.82112470521753],[40.987846538042504,200.98986099565315],[41.092651184931015,201.13563345635114],[41.39540229898173,201.35521067323708],[41.506220037158876,201.5947058707082],[41.466941687167576,201.6786395406178],[41.89262239170262,201.9767863289122],[42.259876468562986,202.05838854394813],[42.22129367313566,201.9379211392591],[42.99475828378681,201.81968945455878],[43.70624279995874,202.42082893557807],[43.85691412325738,202.48232357761924],[43.912158771805906,202.55680884487694],[44.41179809275187,202.68766369184536],[44.56664675812158,202.85625457651514],[44.764716660153965,202.93801668602845],[44.630212521932705,202.9266774722378],[44.377750421360794,202.82672632125644],[44.282967127930974,202.82720910709648],[44.466023482700905,202.98554752256888],[44.93730217077662,203.28332408993703],[45.15633754908163,203.37469218904033],[45.23138001693559,203.3646516479759],[45.484933206660536,203.49749983089416],[45.49428959396526,203.4450604320105],[45.87896377208173,203.59854383977145],[45.805518057637414,203.4185386221299],[45.6820145651365,203.3071802707077],[45.64482453533088,203.21749738673077],[45.73774595194296,203.21243329075259],[45.859237383381675,203.27462828308182],[45.81936208874955,203.2055528729913],[45.99835385683245,203.26991350219862],[46.700681660142784,203.71593910764724],[46.64875800316667,203.5076359312111],[46.467877791180804,203.21249523176766],[46.55535069162352,203.1449093554898],[46.892714616802174,203.27784555350553],[46.95269538275081,203.1999891837296],[47.07814459154036,203.24281549270262],[47.48728001285231,203.53871461315663],[47.196319418789344,203.15529380814044],[47.25973011961095,203.16639745454648],[46.9004279678434,202.73138816939527],[46.97350719046681,202.73078171638423],[47.21391008638397,202.9116428600617],[47.01628312808349,202.55926669227335],[47.20417753529385,202.6348016931831],[47.18232894224995,202.42535907142982],[47.28278766614256,202.45709543557376],[47.351777748518955,202.3093770764992],[47.45527727441398,202.3697071260491],[47.50261617253878,202.28781323289786],[47.108627334618284,201.77654111059957],[47.16325495115044,201.74835164998188],[46.83509784758289,201.3643184346036],[46.98718616494119,201.37554426353],[46.9283599695319,201.25171077995046],[47.013196578699784,201.27304569786025],[46.93431802390582,201.1261191253128],[47.03049756256539,201.1704038770892],[46.92858925383587,200.9517946107223],[46.61140399510266,200.82154417309977],[46.27928968150529,200.84047709113847],[46.08471956294202,200.67264494164138],[45.85111724524424,200.56515718429588],[45.83543377320564,200.51270695365326],[45.57871919056229,200.36201240585126],[45.58111223578122,200.2782823600799],[45.33076839903589,200.13520783315914],[45.245806163429094,200.18919289065846],[44.52631687991829,199.8724908269744],[44.31153540453759,199.69445046832382],[44.119950166789515,199.64211736534378],[44.005833168500075,199.36398983684455],[43.669284625702346,199.22042458798504],[43.565064102115045,199.12412448796442],[43.64752815587672,199.03533229488997],[43.546031614014254,198.8249202772085],[43.562380707281065,198.10676984953204],[43.322895673621446,197.5459820552819],[43.07189101712329,197.18175955738064],[42.95799321800018,197.20944033561824],[42.8914708563871,197.03165848709904],[42.9411163675185,196.73039375506704],[42.752166453430156,196.71804241885138],[42.67985181033018,197.04459485395657],[42.596274840535855,197.07685511246427],[42.54761822629679,196.94473970611168],[42.46434500325675,196.98689241474773],[42.445400285900774,196.8340930896117],[42.10835307856122,196.92640703527024],[41.94525657631459,197.0196454861395],[41.74393512872928,196.97244019952626],[41.66986704695071,197.0264010315629],[41.72571692114882,197.1602341376726],[41.607172825589615,197.17424696413738],[41.65621321859482,197.30802091481843],[41.60878226139083,197.40372631230457],[41.689376208104626,197.61965694711944],[41.4912125419239,197.52262303532467],[41.4711501714315,197.55936122215465],[41.35966978333922,197.48868811785667],[41.2397077335055,197.27882320032202],[40.96789881695648,197.25384195107654],[40.685698928788426,197.4538015227566],[40.55035669259954,197.3159274877163],[40.25664679270326,197.2846350175717],[40.10490435254381,197.04644753173386],[39.93667797220124,196.92072394093915],[39.67134065684141,197.01521999811072],[39.62781027740053,197.17253409929947],[39.476603811089696,197.28607673005223],[39.41400061508058,197.27187239579075],[39.282816234990676,197.39305630452228],[39.22678753577675,197.34439023316125],[39.161603854088256,197.4678011749587],[39.06054425364999,197.53574455868443],[39.0681854006875,197.64019208354023],[38.97665996748594,197.73121060680023],[39.040426957867126,197.94040605768265],[38.99589778621601,198.1441443789083],[39.12297772867663,198.22654497894712],[39.10560397902874,198.36781454719357],[39.39437455270587,198.5215897882817],[39.42105160664158,198.5887866682188],[39.21024399187628,198.61306897221152],[39.17550679974438,198.6586530523027],[39.042058608472544,198.6849625348474],[39.01783627177713,198.72376802741408],[38.806261838825506,198.7504989406454],[38.70282228118637,198.6494381501155],[38.52507560574017,198.70270413365034],[38.14456941924779,198.66254873196664],[37.88492000964327,198.83401901860958],[37.7753886820356,198.80777797953692],[37.68010114006663,198.88035427702647],[37.57795162117549,198.81243075523136],[37.436638983940746,198.8524632730684],[37.46636269674259,198.9593893029143],[37.40013390604133,199.01703497598106]]]]}}]}
