shapeName,Target Area
Burgenland,297623.000000
Kärnten,564555.000000
Niederösterreich,1698995.000000
Oberösterreich,1505320.000000
Salzburg,562704.000000
Steiermark,1253005.000000
Tirol,764255.000000
Vorarlberg,401607.000000
Wien,1931830.000000
