shapeName,Target Area
Brussels-Capital,1222637.000000
Flanders,6698876.000000
Wallonia,3662495.000000
