{"type":"FeatureCollection","bbox":[24.25410515144269,42.66666666666668,103.74589484855731,213.33333333333334],"features":[{"type":"Feature","properties":{"CC_1":null,"COUNTRY":"Vietnam","ENGTYPE_1":"Province","HASC_1":"VN.AG","ID_0":"VNM","ID_1":"VNM.1_1","ISO_1":null,"NAME_1":"An Giang","NL_NAME_1":null,"TYPE_1":"Tỉnh","VARNAME_1":"An Giang"},"geometry":{"type":"MultiPolygon","coordinates":[[[[59.525103739399,64.36124399928056],[59.318574151767635,64.19346221664598],[58.75166175328944,64.10858591142413],[58.916871412872,63.72918742163588],[57.73228594126191,63.33053841480406],[57.46123861282208,63.78040645325487],[57.399311875428275,63.72382003753742],[57.34031374992871,63.81545515366772],[56.954891693458265,63.38306961997759],[56.885743034866564,63.46303600824233],[56.55060349448584,63.04162694037062],[56.50892953252416,63.09033575732811],[56.26665187941785,62.75580032678674],[55.36273243888109,63.55352130093875],[54.167846354025926,64.299773240527],[52.43324760609956,64.72623934225925],[52.02160995756693,65.27285988526727],[51.68719800045115,65.98618777008544],[51.47009042903331,66.23006174864399],[51.474203771717406,66.59651345878183],[52.47706090510821,66.61570862281586],[52.80534972322778,66.90701160075112],[53.432238184402586,67.91731349699171],[55.07078882347701,68.87162087554282],[55.00838540467312,69.25616121030849],[54.82056987169853,69.5138681889969],[54.69016242363283,69.55739734572511],[54.62771939246051,70.00391093275839],[54.297087024171056,70.81750725052028],[54.50980146489444,70.93411458812957],[54.46301895999908,71.0336105250639],[54.60466113446015,71.09292890866816],[54.571007091962755,71.22740098412969],[54.74395475385743,71.33768774231727],[54.858657662497116,71.30800456691404],[54.879395858723846,71.51542158352774],[55.29091186100983,71.61190851521548],[55.296178222756325,71.41882939162143],[55.101619243214856,71.15665445515108],[55.73204594976799,71.17620666146392],[56.09789896408969,71.03954344113629],[56.05770255748942,70.8721586466278],[56.17663385064199,70.28361877232962],[56.32628935388517,70.33171089061295],[56.60727065095507,69.83314231384963],[56.90653217461694,69.76573997256277],[56.89689792885523,69.45233216374275],[57.381712761402454,69.2972068033821],[57.37231278743426,69.19832828706154],[57.063097345886185,68.9532023861317],[57.27856211200806,68.81651050409971],[57.814796063144634,68.8760930934716],[57.90299740124654,68.79545486987405],[57.762864693822095,68.32468295545237],[57.799390338895186,67.95540665204427],[58.1325840652483,67.18332608076628],[58.41919394755262,67.11271640768696],[58.66838979885532,66.915130124775],[58.971600408978844,66.94988457611987],[59.38157625199085,66.75397147055315],[59.728041245869306,66.8827741792103],[60.144315876014275,66.58991321009074],[60.40577818940031,65.98875198522981],[60.40999043167078,65.53602050834529],[60.194212721824705,65.59940810890163],[60.100459532268886,65.4432957647126],[60.165698968700994,65.42314639628931],[59.845261109264236,65.21098022628064],[59.89075909861679,64.91907448613293],[59.476371426883084,64.59063685265119],[59.438776672644316,64.46642282714461],[59.525103739399,64.36124399928056]]]]}},{"type":"Feature","properties":{"CC_1":null,"COUNTRY":"Vietnam","ENGTYPE_1":"Province","HASC_1":"VN.BV","ID_0":"VNM","ID_1":"VNM.7_1","ISO_1":null,"NAME_1":"Bà Rịa - Vũng Tàu","NL_NAME_1":null,"TYPE_1":"Tỉnh","VARNAME_1":"Ba Ria - Vung Tau"},"geometry":{"type":"MultiPolygon","coordinates":[[[[77.27200717314403,64.59071297944324],[77.12629478960629,64.73954274050294],[77.10378001896942,65.10498040018108],[77.23687807346643,65.06688008129241],[77.32763487973877,65.1656490854419],[77.48020070155994,65.11392604296317],[77.76720359199851,65.44391817561376],[77.71353060848702,65.66152915803104],[77.29679606706067,65.61185240987842],[76.90236492676961,65.99486952788442],[76.39836304206224,65.93377012856831],[76.4042625119018,66.4198695925058],[76.73621759378581,66.81521480723957],[76.55105729894187,67.04207146378363],[76.72822140027682,67.33491038140433],[76.51616019704292,67.67258704505122],[76.3834347173028,67.82401666952934],[76.41607181688019,67.91549918232816],[76.62090848357893,67.9024574029877],[76.57347761716728,68.01588109030912],[76.85466454136971,68.15897709978884],[77.50742490183073,68.11941742633626],[77.55991614235103,68.24799530379345],[77.92410764690078,68.49893146521842],[77.98165831235977,68.98531857972823],[78.05284697897942,68.95464441483719],[77.95232496563787,69.16810622014242],[78.1518929421107,69.17342930234001],[78.4455972381171,69.43535770832838],[78.73749192321738,69.52267010663593],[78.78523155589093,69.27223376304478],[78.97841839308197,69.3963622959127],[79.15516165524903,69.3185266671458],[79.7898113278853,69.30672635742826],[79.84784721614714,68.83016962939325],[79.7862648040299,68.72271596074508],[79.8722673379781,68.63711180720634],[79.78356291350596,68.52487622212134],[79.99340418798684,68.32438606349868],[80.39464660396638,68.50946860630805],[80.34636497031961,68.76173152673265],[80.47002709396808,69.00552605672054],[81.0028263809121,69.53644146037041],[81.13254877027916,69.52380347234768],[81.40329793724852,69.882200820239],[81.4901569761226,69.87515149234514],[81.55376351160163,69.73375646590924],[81.70713514267487,69.76066385842255],[81.85402574197923,69.48464945568115],[82.08361485706955,69.51120389521347],[82.0978429838482,69.22422247773729],[82.42503076068637,68.94423020058903],[82.5570398177565,68.64044820438951],[82.473483116749,68.45957245508544],[82.80098251272186,67.74248959801982],[82.75394960161387,67.7823667185666],[82.84470112016332,67.57729125534462],[82.84053324368146,67.20710335060194],[82.19369297633536,66.43254314468467],[81.71687846331643,66.39731123905995],[81.40915627691925,66.04961033189652],[80.63573773737305,66.04985326055201],[80.21581741706449,65.90137117580888],[79.663266294944,65.44955771792965],[79.30466845369034,65.02916361310527],[79.16894457494475,65.00678416960812],[78.76525478975522,65.32814612421625],[78.30754973761086,65.25481584111039],[77.72709298531636,64.83467860777223],[77.39229854115668,64.3639346491728],[77.2750409790218,64.45904553948267],[77.27200717314403,64.59071297944324]]],[[[77.55874886039526,65.26989140198656],[77.45538478347596,65.18781265904911],[77.61919821230454,65.41146567638393],[77.55874886039526,65.26989140198656]]]]}},{"type":"Feature","properties":{"CC_1":null,"COUNTRY":"Vietnam","ENGTYPE_1":"Province","HASC_1":"VN.BG","ID_0":"VNM","ID_1":"VNM.3_1","ISO_1":null,"NAME_1":"Bắc Giang","NL_NAME_1":null,"TYPE_1":"Tỉnh","VARNAME_1":"Bac Giang"},"geometry":{"type":"MultiPolygon","coordinates":[[[[64.41836768708627,188.92497900556836],[64.26452834477305,189.2234563297852],[64.3468310550631,189.5127278161487],[64.18116076321141,189.53791333015744],[64.20614097013198,189.61802993686163],[63.99327605252407,189.65127527194096],[63.99732010192229,189.8797794212607],[63.94241042869623,189.8726402112092],[63.81443144545462,189.98762128562845],[63.87498634105367,190.09399257187724],[63.97661133210861,190.06047092113994],[64.11042476006742,190.15182475557089],[63.97259204851008,190.1518270297027],[64.14171510837107,190.43757552256082],[64.44222334057771,190.3924914452426],[64.44479049493792,190.69821921192715],[64.58691346239303,190.78558335402627],[64.64614455043223,190.73334613509718],[64.597579913573,190.85941155583689],[64.69245892288399,191.12852514165928],[64.7856495755541,190.93603861467662],[65.0362847229409,190.76355663351177],[65.17439127735189,190.77713405071393],[65.39539397642854,190.6422549115405],[65.44954372189706,190.8042064041957],[65.35329547853134,191.0652346959944],[65.5753671153837,191.18846740691296],[65.63566020491426,191.4190682970082],[65.51571508478563,191.53590812343325],[65.5915731233962,191.6393681942231],[65.48408283264973,191.73557052131574],[65.67824118997335,192.40587653715238],[65.40488969049265,192.55139128245904],[65.68562468289912,193.01810651660247],[66.13628216045049,193.27116455717444],[66.32402257351636,193.17799585434216],[66.77676980406493,193.28433618917873],[67.04957788879932,193.03537379098765],[66.87771073002683,192.93024404261615],[66.86753741603354,192.00783405926802],[67.61021720842501,191.79087208445304],[67.65456745479686,191.69542109996172],[68.11101924474804,191.7407925587714],[68.11370457051213,191.31104988860997],[68.16849086841509,191.3502188067037],[68.14900635181628,191.28035143364946],[68.33771155473883,191.1949603436822],[68.40102318549233,191.3008346135008],[68.45577680946846,191.21812830487136],[68.55056776346947,191.26347891082932],[68.62895214932816,191.14890534758183],[68.53646834981112,190.82552920033842],[68.70880604779182,190.6835905335121],[69.04693659091001,190.65193780928223],[69.51070963117803,190.8133308982508],[69.40350364936944,191.04912085049602],[69.75934909651522,191.21287506296972],[69.80010011709828,191.13378155879596],[70.03916409843669,191.14332728012437],[70.21905906542041,191.27335361604713],[70.34167002635638,191.66086364374885],[70.6278579511241,191.85368649572806],[70.47571764880084,192.11035828286478],[70.6815281038738,192.36699549524764],[70.69067446045419,192.5151940537588],[71.14990954518215,193.0259451546775],[71.4193583234929,192.98936330747227],[71.62323472297479,193.08824385767073],[71.83688384543122,193.0085177150826],[72.20705389154807,193.1007433401835],[72.54456912087879,192.9310184460235],[72.51585593970484,192.70160943311362],[72.89009861856194,192.3738734815178],[73.11674624837543,192.33394126249723],[73.12724282305567,192.63194881354403],[73.44449103999897,192.74921577054127],[73.6659984430369,192.53970540298192],[74.04914447401163,192.5518686401253],[74.14731088921623,192.32587484541614],[74.27434107275869,192.26975524254925],[74.2321107338758,192.13138737422662],[74.16182110316832,192.16640916884666],[74.0210170062553,192.02005024970413],[74.07735700147425,191.8034580162449],[74.13753974509383,191.8604101316108],[74.554435634036,191.75613850991448],[74.68413278069852,191.53973827897408],[74.56739138626918,191.3229385706786],[74.8164535376535,191.07732454348337],[74.96659550410382,191.1945875275673],[74.96811339090986,191.03231775783712],[75.14479758209683,191.13489777298173],[75.21920657196418,191.0086214821248],[75.58337174220907,191.1931368545576],[75.76550116318516,190.98896266947557],[75.5741577325479,190.76726269772385],[75.65201625917277,190.52577477167745],[75.60390347876935,190.27295918759583],[75.92163693276729,190.11776542915646],[76.07223214331573,189.89497925037014],[76.08924414700734,189.77809275568703],[75.94559586144027,189.59904021125243],[75.44042089482862,189.4237448513561],[75.58482896545631,189.1157455273427],[75.50681100589532,188.76812169222993],[75.40717516004581,188.7522684612876],[75.2642731674742,188.3556233474722],[75.05732568327946,188.11150847587058],[74.84892657701485,188.2866322433463],[74.46639592772856,188.2656949580738],[74.39593723666324,188.16557485097343],[74.23626355528683,188.21604747241935],[74.21554553659053,188.32722743521143],[73.87998936268309,188.3255281645613],[73.96885337211025,187.9243080775545],[73.556938056207,187.87851040564954],[72.70616653895237,188.00741413502212],[72.61343416092295,188.0946679290361],[72.35264226830482,188.07240422326217],[71.91414239005024,188.23003527012213],[71.87975641246967,188.086387236492],[71.58260385231007,188.11009894590435],[71.53178788314744,188.21834638566642],[71.35935282896213,188.199966532748],[71.26412902418701,188.3621976066969],[70.86493101633009,188.36069600356015],[70.73225267025607,188.6956540504426],[70.43136216168314,188.7230405555106],[70.30748612181934,188.8022044009874],[70.05362809470486,188.73991698749546],[69.93855434617754,188.81539722758325],[69.6211460167931,188.80363061137808],[69.48400752350993,188.53432819136518],[69.07141334208055,188.38912636343565],[68.97670570990353,188.14844757892897],[68.79121391532628,188.13949728246828],[68.76817709814583,188.0564299262893],[68.52490645527509,188.26536578826108],[68.54428602746101,188.3510221800792],[68.42079078575063,188.35944470728643],[68.38003964323325,188.23452317258838],[68.52748849450127,187.84416501680036],[68.272642069198,187.54698452549832],[67.99923253942501,187.66726631371503],[67.81813858595223,187.9002162223843],[67.77156595694267,188.1229710068769],[67.50333721090853,187.93765033283213],[67.29511177921626,187.94303653356553],[67.44020949559868,188.1620489926274],[66.91089095671914,188.21683807155364],[66.69165505831995,188.5583148138515],[66.49355243684039,188.62650496659552],[66.3908938395373,188.4147297343798],[65.9989395311269,188.536476050652],[65.96122103719676,188.66347821777126],[65.87332948129747,188.6253464168066],[65.66372754318647,188.752985957662],[65.537600757415,188.6021161134635],[65.58805333064844,188.47861415977164],[65.46735153180218,188.55006709283762],[65.46732664210565,188.94538549264115],[65.0222838773134,189.1656368353546],[64.93936195586393,189.02122770801031],[64.99513748470325,188.89631395129965],[64.85234531116208,188.70472002355513],[64.39353805973238,188.8631213639743],[64.41836768708627,188.92497900556836]]]]}},{"type":"Feature","properties":{"CC_1":null,"COUNTRY":"Vietnam","ENGTYPE_1":"Province","HASC_1":"VN.BK","ID_0":"VNM","ID_1":"VNM.4_1","ISO_1":null,"NAME_1":"Bắc Kạn","NL_NAME_1":null,"TYPE_1":"Tỉnh","VARNAME_1":"Bac Kan"},"geometry":{"type":"MultiPolygon","coordinates":[[[[60.36188391019477,197.047041005177],[59.82441288403829,197.4472808053678],[59.8315451676514,197.62183566159842],[59.71607591816766,197.6528600382869],[59.65594720347834,198.03647101442982],[59.37995266324955,198.37694007589354],[59.506927789953195,198.63741348174426],[59.38266099167372,198.84392360722367],[59.510931941679964,198.9687171161115],[59.505297525429235,199.08934860288016],[59.699482232787915,199.32755516123171],[59.45379061903176,199.3550795670535],[59.30530594092908,199.65854112998232],[59.045157413089825,199.98916204822333],[59.15314653539913,200.14942337863275],[59.0940438059304,200.47119846286196],[59.286555718692135,200.57802811165462],[59.38139796280481,200.53717591889776],[59.48585644230691,200.6441668006529],[59.353867220120556,200.75517838798385],[59.67699470131626,200.88120662818568],[59.560518164017246,200.98500899734816],[59.59299388358814,201.13035461374534],[59.751457831197506,201.1665610675173],[59.733773951555335,201.3952822460395],[59.92680567708396,201.49036776179926],[59.97189779527582,202.07763542657548],[60.15926936423007,202.16050467726265],[60.411325906542565,202.0998721167933],[60.532396767771374,202.291149973725],[60.33762081654161,202.21036021452463],[60.29346424993466,202.49790938959558],[60.37693784689715,202.52790222694478],[60.414720816166295,202.78732247280698],[60.82035574179145,203.08268109227822],[60.75008421508821,203.29976445362541],[60.82452528964027,203.45898469201558],[60.73985276121049,203.71316716995162],[60.534785831110455,203.91223683760546],[60.45113536337478,203.89099071837782],[60.27554221952203,204.19631213454363],[60.299602210127965,204.3342337825218],[60.087568815216294,204.56120386296783],[60.11618179412613,204.71962278717243],[60.17759139575162,204.72227051870536],[60.31162949741487,204.99409818438036],[60.42434124391852,204.994093314394],[60.47689996881013,205.09493647455162],[60.86997010870243,205.10557682365683],[60.83847669599896,205.32115194745563],[61.073123032265336,205.48070805147142],[61.353168544698434,205.45873243410455],[61.532117527002164,205.75007883503338],[61.810577640596435,205.6844563446366],[61.85411458503185,205.80501407804832],[61.90365781380621,205.6915912186988],[62.01350151992281,205.84779717234846],[62.32572733408261,205.9428954398616],[62.52559626967441,205.70650784600096],[62.44677155340436,205.61534986254148],[62.55134756965256,205.4364255235949],[62.71081438337912,205.3852659434138],[62.18139787573385,204.75126320140092],[62.46252231782411,204.43839118867766],[62.43267691122543,204.1925615966507],[62.59587769881875,204.21468580658146],[62.731119676239594,204.02058794895467],[62.61154585249623,203.84384038532266],[62.821822889368306,203.77874713379543],[63.00030235969555,203.47585532724787],[63.307339072770525,203.50039708081957],[63.29855082967316,203.40283766200224],[63.55674233954585,203.45005081272004],[64.00756990498274,203.28614620272302],[64.05446188897572,203.15312597967406],[64.15740161084062,203.18090582474733],[64.35704322051767,203.52571361479323],[64.56933478323668,203.46723400087564],[65.12615951883245,203.82524839740472],[65.5176901648386,203.94971795104394],[65.57814458368853,204.0939333007906],[65.78803856902948,203.99845489764195],[65.92551786663373,204.04672340157504],[65.84685211109156,203.8306794483289],[66.07994513063633,203.73936492963898],[66.13262138211063,203.4212707710171],[66.32900547552137,203.34745960132514],[66.33905160130337,202.89160184827796],[66.06860340199947,202.59022977565087],[66.18230992746281,202.09028420044328],[66.55130850707131,202.01077117201052],[66.7307733328734,202.1859642952448],[66.84953907955682,202.17765658285555],[67.02900822409522,201.92640204976587],[67.28520680897317,201.71366636718648],[67.39604882164838,201.47534648204376],[67.19077104601419,201.09937283657587],[67.35654978847744,200.80367459768263],[67.66482498323619,200.58311332924453],[67.59170702034235,200.0506187581191],[67.4217339239767,199.8880014949225],[67.55429428361111,199.60087394916252],[66.99432518919377,198.996614712005],[67.04309461035363,198.86923327790453],[66.8646011251684,198.78648554612758],[66.7428156577834,198.45994129584096],[66.37983287925633,198.5007018076518],[66.28771796630183,198.35570769403307],[66.14053439603587,198.34557453157407],[66.1666033899102,198.05044874661743],[66.09074999017825,197.94627521046598],[66.25713303996959,197.68469709341565],[66.2167584965321,197.50236158793396],[66.29269093932534,197.448427990819],[66.2565260534204,197.09845000986695],[66.1260485227855,197.06692791309922],[66.12860788198955,196.97359568290125],[66.26416483588622,196.96802372838036],[66.11633904243176,196.82898810503133],[65.64408567779583,196.88756663466145],[65.5718787231223,197.07953199942435],[65.39478986671983,197.16398137297838],[65.2123028978664,196.82304032099785],[65.02686338698615,196.73210454901547],[64.7859482790127,196.82777675925504],[64.76906397171018,196.67257181260567],[64.30611680118747,196.32473583898582],[64.13156037124033,196.343584717111],[63.82133327497204,195.9233014572991],[63.622202635070785,195.944978462735],[63.599237975455004,195.77783690687596],[63.160129224855396,195.77497098714107],[63.00749251412462,195.63793470634909],[62.944931561299384,195.31346051889477],[62.52302709329633,195.46991499742592],[62.638948032502675,196.2255937475389],[62.75616016109287,196.2687065816777],[62.575106869322774,196.55902459192924],[62.71800126725176,196.78874587849134],[62.692038345682874,196.99445415381078],[62.537258373836615,197.16971121058273],[62.484019783813345,197.65180262477017],[62.289531726989225,197.7424322070152],[62.227027615413974,197.7020858471784],[62.1128551570611,197.80683018949088],[61.96974016835711,197.78966822543256],[61.85374672336157,197.93830210803893],[61.56448066986316,198.0700151891238],[61.48882639091899,197.8621036419484],[61.26306214869275,197.8360318303235],[61.21652786289677,197.74582219877797],[60.731293048655395,197.6171917974339],[60.59945120032608,197.27021193521995],[60.64554865088815,197.1469238148818],[60.566930727482486,197.14718215743122],[60.572246023422544,197.04874834925414],[60.36188391019477,197.047041005177]]]]}},{"type":"Feature","properties":{"CC_1":null,"COUNTRY":"Vietnam","ENGTYPE_1":"Province","HASC_1":"VN.BL","ID_0":"VNM","ID_1":"VNM.2_1","ISO_1":null,"NAME_1":"Bạc Liêu","NL_NAME_1":null,"TYPE_1":"Tỉnh","VARNAME_1":"Bac Lieu"},"geometry":{"type":"MultiPolygon","coordinates":[[[[58.60833156993317,49.50154647781941],[58.64239702207838,49.71320151640828],[58.343692878157476,50.069448517646336],[58.17280286411713,49.956663946163665],[57.93007415909882,50.04597557622749],[57.947226193918866,50.11426688045521],[57.693066045310914,50.06093316435139],[57.2319194369489,50.33747663934474],[56.99957048463957,50.27104507402093],[56.87712253957529,50.383347151126635],[56.76905196918439,50.3470726781149],[56.67093659403737,50.45148805753313],[56.75785473078017,50.84536839193176],[56.865906569588255,50.91614988933182],[56.917776777489856,51.12047086852317],[57.07360867050521,51.15649573395176],[57.03268087631789,51.349199858327644],[56.85880154037994,51.33581300035827],[56.65778864958464,51.62845010229673],[56.632724198462704,51.578487392248675],[56.537990169454574,51.85745024579308],[57.23044029241771,52.483302009517026],[56.75991994050618,52.96191363724554],[56.71386538030223,53.117795977351165],[57.26505321651487,53.70149791701506],[56.87446590290851,53.843307523728036],[57.05512040403967,54.22349656139639],[57.243077166981934,54.23112945997609],[57.22136256331008,54.722716893333555],[57.31583155454323,55.063066573872675],[57.479122801470524,55.01324552637974],[57.54418120380203,55.28246234717685],[57.639985425950805,55.293549644885466],[57.5705462544653,55.659460603795324],[57.392369659628045,55.62430715967911],[57.448777223525,55.80651980233449],[57.15341227235109,56.119580223074955],[57.1533628508619,56.41125903812655],[57.24891013128593,56.546561325717306],[57.387946120580295,56.22487816559912],[57.61001062364585,56.120190334962565],[57.75194859779068,56.254836122177835],[57.83084429369509,56.03401889135443],[58.11828600660229,56.00463272838171],[58.140561971928996,56.075410098720454],[58.180219566801185,55.97394650169972],[58.386039182176155,55.98672779418778],[58.42492169557588,56.10013461516214],[58.60701852889043,56.14092937595433],[58.62201967918289,56.05950426536428],[58.77411957935658,56.13002827435423],[58.9606219532099,56.0844084896296],[58.98024890130136,55.98095612059914],[59.126690471450466,55.96556652495181],[59.22797526304955,56.08711578169279],[59.293439359616364,55.94036043853641],[59.44202088684342,55.91386133467498],[59.484274353044306,56.011257477458614],[59.6126700881995,55.96019956811245],[59.95709105330059,56.08734555989231],[60.084536876361724,55.960138651006346],[60.183908289968485,55.7487116613903],[60.07357149990543,54.419458978956214],[60.474268820145284,53.97709123187439],[60.551024444729414,54.11229638659521],[60.694757158778756,54.106595308401154],[60.88141660345943,53.92309508593395],[60.91175026729953,54.017321727412636],[61.13248028707694,53.944592274324556],[61.10478376599009,53.79972568492425],[61.324464350483815,53.670264843850184],[61.51671298573959,53.73863552888738],[61.68444406526643,53.60439265478357],[61.88164574445442,53.59080686087964],[61.877870291199315,53.80259130450525],[62.087790202806836,53.7325783312851],[62.24570608356253,53.789652323391195],[62.238317259688785,53.86144918459711],[62.63296918543636,53.97200997047522],[62.76756790417464,53.842554286396265],[62.69378373539504,53.770282298234186],[62.93776954454384,53.553238943004025],[63.141277103460894,53.50526084202306],[63.19547553269389,53.77754156626418],[63.272875596098395,53.732263008722356],[63.41592136531551,53.89371552398128],[63.59523998873818,53.64190195405569],[63.617023309422464,53.38746824440915],[63.087154023498655,53.15380013032273],[63.24377465012706,52.44009860661871],[63.16659694053396,52.39576007978514],[63.259763725311,52.08200441100786],[62.28025465256425,51.570469626302874],[60.033928801716804,50.662787538786404],[59.42755547127716,50.30256243885167],[58.60833156993317,49.50154647781941]]]]}},{"type":"Feature","properties":{"CC_1":null,"COUNTRY":"Vietnam","ENGTYPE_1":"Province","HASC_1":"VN.BN","ID_0":"VNM","ID_1":"VNM.5_1","ISO_1":null,"NAME_1":"Bắc Ninh","NL_NAME_1":null,"TYPE_1":"Tỉnh","VARNAME_1":"Bac Ninh"},"geometry":{"type":"MultiPolygon","coordinates":[[[[66.44672787942824,185.97484495956272],[66.31661798128646,185.97052521927588],[66.32113006209441,186.11141567042037],[66.04527874929616,186.24077234332367],[65.94170177916183,186.1163814409179],[65.63227931928168,186.2381032375319],[65.39144577946354,186.0805224878803],[65.21932938448744,186.18410881826574],[65.10039286278942,186.16194031757357],[65.07762584368734,186.23366215822696],[65.19017005035457,186.2995843255231],[65.13468947969069,186.29158647220538],[65.30017148031408,186.6993730714899],[65.08139135685873,187.0057487061489],[65.01881899106914,186.94298693491336],[64.74940065355075,186.97799005472118],[64.63797349013221,187.19649356956145],[64.4494293200513,187.10707435535707],[64.40839099710217,187.31449669581147],[64.15654830129374,187.5973674648428],[64.28847006348414,187.6882647800023],[64.1997822968537,188.11014728251047],[64.27198415156413,188.23711647254967],[64.04801240684735,188.4470428272355],[64.1775365775536,188.52657149682648],[64.06494380568385,188.74524930071897],[64.3140471073927,188.8806292253768],[64.29970861473163,188.9423107348605],[64.41836768708627,188.92497900556836],[64.39353805973238,188.8631213639743],[64.85234531116208,188.70472002355513],[64.99513748470325,188.89631395129965],[64.93936195586393,189.02122770801031],[65.0222838773134,189.1656368353546],[65.46732664210565,188.94538549264115],[65.46735153180218,188.55006709283762],[65.58805333064844,188.47861415977164],[65.537600757415,188.6021161134635],[65.66372754318647,188.752985957662],[65.87332948129747,188.6253464168066],[65.96122103719676,188.66347821777126],[65.9989395311269,188.536476050652],[66.3908938395373,188.4147297343798],[66.49355243684039,188.62650496659552],[66.69165505831995,188.5583148138515],[66.91089095671914,188.21683807155364],[67.44020949559868,188.1620489926274],[67.29511177921626,187.94303653356553],[67.50333721090853,187.93765033283213],[67.77156595694267,188.1229710068769],[67.81813858595223,187.9002162223843],[67.99923253942501,187.66726631371503],[68.272642069198,187.54698452549832],[68.23449128816237,187.37838912218305],[68.39852661397612,186.83381902788685],[68.20829008460922,186.6132088032232],[68.23665996301695,186.413054615971],[67.99066970357958,186.1769085942795],[67.93510652796888,186.0240280413792],[67.71467817055255,186.13676171547115],[67.69879972288295,186.0644416259852],[67.43685515621597,186.11233958591333],[67.44552921081437,186.04645218185203],[66.8747086158476,185.81136156882422],[66.89572561919756,185.98732096273724],[66.6944135015413,186.03384952853128],[66.56009137483534,186.17466722541735],[66.44672787942824,185.97484495956272]]]]}},{"type":"Feature","properties":{"CC_1":null,"COUNTRY":"Vietnam","ENGTYPE_1":"Province","HASC_1":"VN.BR","ID_0":"VNM","ID_1":"VNM.6_1","ISO_1":null,"NAME_1":"Bến Tre","NL_NAME_1":null,"TYPE_1":"Tỉnh","VARNAME_1":"Ben Tre"},"geometry":{"type":"MultiPolygon","coordinates":[[[[72.11040964029138,58.2767884087808],[70.5699594472799,59.81994795603379],[68.74390422416556,60.89692948806018],[68.46472660788208,61.232282977809376],[67.76444743698428,62.25089611987469],[67.31348800795354,62.68344793590198],[67.1881216572093,62.638525823110996],[66.45576872896523,63.360948643751136],[65.62686644633517,63.488316282207265],[65.5166195938416,63.76725922496657],[65.58933994251244,64.05795038919224],[66.19766234243113,63.802336940507274],[66.36678233913372,63.88741633019447],[66.80719466152473,63.892116124156786],[67.51231561045164,64.23384195015399],[68.43849683229101,64.42464494703424],[68.57486862155868,64.29949957649333],[69.3367939635484,64.52890170145604],[69.63266546220227,64.51143589591331],[70.24213646713024,64.15534225258143],[70.56734543415406,64.15799771309162],[71.22668708416703,63.7191402474068],[72.97764545937939,63.30561521341222],[73.18165034244768,63.09530533518887],[73.68950188857859,62.854517766516636],[73.67870129465884,62.7372729724788],[73.93717683974747,62.61917159628627],[74.08429608423232,62.41113840818403],[74.08833906146924,61.915108245917445],[73.46999343551194,61.14080427819471],[73.05403369288261,60.984143826986326],[72.87161428845222,60.7366584407848],[72.71347368553208,60.67891672257533],[72.53148356704976,60.43821386759758],[72.51952876041364,59.94870495870805],[72.94874357267302,59.375343821664764],[72.69590536598606,58.86125757822748],[72.11040964029138,58.2767884087808]]]]}},{"type":"Feature","properties":{"CC_1":null,"COUNTRY":"Vietnam","ENGTYPE_1":"Province","HASC_1":"VN.BD","ID_0":"VNM","ID_1":"VNM.8_1","ISO_1":null,"NAME_1":"Bình Định","NL_NAME_1":null,"TYPE_1":"Tỉnh","VARNAME_1":"Binh Dinh"},"geometry":{"type":"MultiPolygon","coordinates":[[[[102.25677569705522,102.23842387650467],[102.37199369445591,102.16698568328457],[102.35911696750375,102.07452462198582],[102.21253333279188,102.14811635992392],[102.1015408084379,102.4051940337791],[102.25677569705522,102.23842387650467]]],[[[101.14518491853141,102.96463612839987],[101.181758526849,102.89177638164534],[101.12496844306203,102.91554266049445],[101.14518491853141,102.96463612839987]]],[[[101.22430300963981,103.79315463935448],[101.10322208638186,103.93593666966429],[100.91813610551193,103.91744905002362],[100.71611821538298,103.64803190776895],[100.76220715995477,103.29975849794367],[100.9312092058273,102.98919665112778],[100.94044608905403,102.79041108696197],[100.85444393859561,102.88723347131508],[100.65010388129025,102.90565534061355],[100.55975960529358,103.07309159728023],[100.37299458095951,102.9343046236137],[100.08270091212438,102.87488919379355],[100.05615977881426,102.37476975471596],[99.96403858373294,102.31637799087076],[99.71669221514749,102.47776174855373],[99.67237764222926,102.36467615251537],[99.76839028596963,102.20445780459215],[99.64276102761987,102.13342901757278],[99.67516529346598,101.80890409642706],[99.56651677932894,101.83787733590339],[99.29062207790668,101.59305197446984],[98.95250128246944,101.60412449963934],[98.68904082493641,101.16543581446048],[98.32069656022209,100.99937469549769],[97.92275605098315,100.97750171062421],[97.49518677837105,101.26624627995085],[96.91831281250164,101.18458280018551],[96.93872334595746,101.31402565101224],[96.79917188156391,101.38950949111036],[96.72535279319133,101.57495745352813],[96.29309977708208,103.02061274705419],[96.50366468266802,103.169562866143],[96.42890928763019,103.3082186076644],[96.50743541388302,103.72648037940964],[96.39466068352574,103.92819501189481],[96.42263035352713,104.12448084219639],[96.13277921792528,104.28652765061454],[96.03834658990957,104.66145677519522],[96.08946977078871,104.72017121624212],[95.80176382019744,104.95807660953683],[95.70606665637553,105.25489933705487],[95.46659098861907,105.45825444153719],[95.5307377183956,105.88023047175047],[95.59362506590506,105.86862077744514],[95.56566891169874,106.2560490828612],[95.69113805057978,106.40243088974137],[95.56365872235925,106.69289705156464],[95.585031666532,107.00071252906105],[95.35003818858166,107.07755486614569],[95.0700655015052,107.62899150898234],[94.88199724845296,107.78493956187639],[94.72824057336587,108.26617302225246],[94.59633087592393,108.36668749800229],[94.75742177726326,108.74190088116954],[94.6732028949321,108.8354534945047],[94.69258756881959,109.01853350707661],[94.62420741109405,109.02589888973951],[94.5717529714463,109.34085620899519],[94.45379254008698,109.42940564883828],[94.51014567652484,109.66760274686132],[94.31302305264366,109.99737522551108],[94.35643818968559,110.10350435647129],[94.09380805743116,110.51621098404418],[94.20278242753866,110.71437436971136],[93.94108953870078,111.30925530182114],[93.96038007679522,111.47654874326427],[93.83899372773058,111.67414580686217],[94.1616571059896,111.55587527142403],[94.25778026023461,111.63681247039574],[94.28742676220824,111.88196415147324],[94.15698472649183,112.13325670222942],[94.20773828194173,112.23507954099487],[94.13154741492193,112.36135972116988],[94.18649095228133,112.4575947389884],[94.10106564548562,112.67102161757443],[94.1043498503616,112.73298361901031],[94.25676498318337,112.70645101686942],[94.2365447853526,112.90266157593524],[94.64144262943331,113.13957673211976],[94.67546118448497,113.27575593160138],[94.78346646943801,113.22548594495409],[94.9430542276985,113.48075561934466],[94.98657414394424,113.36592027231086],[95.30172566194885,113.18972537057067],[95.59286077416675,113.3192866365791],[95.53750142686559,114.08714707176351],[95.63793001493332,114.20317708344099],[95.77910335709933,114.12288115899872],[96.26630620084607,114.19531158730078],[96.40727238116057,114.40959893125117],[96.54684333807087,114.29032967909029],[96.65281227613903,114.40835969070181],[96.96471660569995,114.28114109783226],[97.37773918009735,114.49084542920126],[97.68401141749477,114.28216031698706],[97.73249234644659,114.34282716801721],[97.95315663436241,114.1600118396354],[98.12026489197208,114.2030262180506],[98.37009402670179,114.11562906886653],[98.48288855458114,113.90435666612227],[98.56543525365612,113.9180366527343],[98.69491364279958,113.70005880191916],[98.68211213959397,113.47357792791914],[99.1021148747854,113.13453734664844],[98.9955864849161,113.13728815604534],[98.93755828377053,113.03159016792563],[99.00916061288719,112.74631716842175],[99.59247711665186,111.62462008928613],[99.5021593013858,111.33655669947278],[99.63740985363869,111.03940420910023],[99.56279272657595,110.87458391033667],[99.71160786767923,110.55181597897261],[100.30101530476449,109.76906856886073],[100.22193859590229,109.6982832763292],[100.4413160107514,109.2078354322705],[100.31019816631193,109.16815798866386],[100.29672867413238,108.86047813171443],[100.71808769963985,108.13636274134721],[100.77644877643884,108.14701228877593],[100.72323106876973,108.0070516333272],[100.60320256057616,108.01684105838508],[100.54015313681039,107.85319460980351],[101.09963169124853,106.74976363021744],[101.0235541155325,106.65053353454749],[101.12926954543978,106.4750698030942],[101.07044060623254,106.26955091515299],[101.16869034714435,106.13905351055244],[100.98260030284345,106.03798172108237],[101.1419182466708,105.60421815653031],[101.47514498034009,105.27506134852726],[101.56198649402735,105.35731998253637],[101.61440970421938,105.16714229480387],[101.5489203743164,105.11879227531347],[101.62957857590493,104.57593651592231],[101.49907821243,104.27577117968553],[101.58939138814583,104.06532295928501],[101.53138494737911,103.75836697791291],[101.44251961412941,103.85511615298124],[101.22430300963981,103.79315463935448]]]]}},{"type":"Feature","properties":{"CC_1":null,"COUNTRY":"Vietnam","ENGTYPE_1":"Province","HASC_1":"VN.BI","ID_0":"VNM","ID_1":"VNM.9_1","ISO_1":null,"NAME_1":"Bình Dương","NL_NAME_1":null,"TYPE_1":"Tỉnh","VARNAME_1":"Binh Duong"},"geometry":{"type":"MultiPolygon","coordinates":[[[[70.18462107603159,73.59334321867553],[70.0059090468141,73.73827689143579],[70.08685408538024,73.84708939738486],[70.00374019344726,74.03650887638585],[69.78230407343601,74.01943952349124],[69.72859012961888,74.1871156757324],[69.65540645049111,74.11197948047933],[69.48911925202826,74.23895628153292],[69.54907360402773,74.46339242581699],[69.44579469580059,74.52230108648452],[69.48879159359788,74.63742908263052],[69.34680376943278,74.8303778022173],[69.24219164082936,74.7551641481259],[69.12322790173286,74.8749826061509],[69.26571850848393,74.99880137651262],[69.11426517717136,75.03696291709393],[69.16603939859583,75.3255310239738],[69.03492739209638,75.26626363024828],[69.05194382477102,75.39130073990577],[68.94428903995498,75.4115995139238],[69.03655008910084,75.76636914056854],[68.8936352821555,76.06505711829827],[69.11226766645393,76.33372420670808],[69.37911908839804,77.21660425266569],[69.79544083739222,77.43114459108465],[69.92472818740134,77.68541833181992],[70.65461153768277,77.73854127607947],[71.28941477089333,77.382749258282],[71.40972705974683,77.57343524597742],[71.59912137055831,77.25201620211661],[71.2414388623755,76.87723347088671],[71.31813716930002,76.64402130322097],[71.22524845417956,76.47952948993525],[71.47827292185711,76.26205667761792],[72.049463167027,76.4653795510791],[72.08536560123412,76.18709386579367],[72.72954504582822,76.09256223642929],[72.78862170748327,76.44213710328792],[72.7318694279629,76.62436035142267],[72.8685380532002,76.56018055154301],[72.9925351119986,76.64720401020358],[73.06728839240121,76.57157296546029],[73.22670359188012,76.87376251589463],[73.31097846763878,76.88461481411908],[73.32069881294268,76.98390393172245],[73.48295639125563,76.99847495136974],[73.65050488100235,77.21997580171045],[73.61908471704312,77.488134006188],[74.10089485537956,77.65471911978584],[74.22374831791514,77.31663646309227],[73.95994654950867,76.94149312656651],[73.79749411151515,76.9132974285198],[73.8428692361932,76.6046747750399],[73.98166110175387,76.60466974670942],[73.9737888190172,76.38954223260443],[74.26236856245546,76.34432291932005],[74.41959769723763,76.43557651482749],[74.77477826306233,76.33665450517685],[74.82825946350118,75.98908544211405],[74.78364275202065,75.67508211859263],[74.97791824150806,75.5894223190892],[74.92074105911249,75.71674846156375],[75.09827744608863,75.946855172084],[75.26409170770268,75.94624727682977],[75.34308450981051,76.08985005909838],[75.70593891510896,76.07322867848043],[75.85403804211037,75.81334983178887],[75.68939259626953,75.57960940485042],[75.72856212837468,75.42684263681667],[75.54025117719907,75.15514040658128],[75.61594593991249,74.84876059265953],[75.40157446857383,74.82560350843407],[75.47190873487008,74.57790756473811],[75.29452786886725,74.46838241587439],[75.33223843874924,74.28285354384512],[75.64983869854167,74.2170719990173],[75.78258113742132,74.08263750605887],[75.73443371901392,73.97951421820304],[75.87192891712628,73.9325200053334],[76.02043440393308,73.71901793569992],[75.89752893327324,73.68968010694682],[75.87138391147634,73.54793229745714],[76.00538994627371,73.30221503872811],[75.9343747176186,73.29916239971887],[75.79177967166449,72.94047690382362],[75.86478343280518,72.87899969592061],[75.74699920509867,72.71638578857365],[75.64102007748068,72.80459662749836],[75.35434465423978,72.31708374483644],[75.23283419629541,72.3821535472557],[74.97350988849803,72.2919118891596],[74.5903099149498,72.53710093357816],[74.47809907610721,72.78820409439648],[74.14163689552782,72.70522164641773],[74.30539025186836,72.43333015022952],[73.87398690715594,72.12068692461865],[74.12196313392828,71.7655347379483],[73.8874382936209,71.59725589355419],[73.73693651705413,71.64324037499442],[73.83535257378355,71.40956616882684],[74.05799276393141,71.29003451735515],[74.03243806180356,71.17500605094031],[74.29986921311225,71.12429156929858],[74.34730323138248,70.95698130279771],[74.52299878713846,71.00224806683963],[74.61669775970766,70.91372788638434],[74.43226405713496,70.83422603659271],[74.26293723458407,70.61715690911136],[73.9421112953837,70.56283170793043],[73.96573274864045,70.65417499161961],[73.82559533594682,70.8520857454213],[73.72365587601435,70.70829656581006],[73.755134588969,70.57956832003934],[73.62625352991374,70.50427372364194],[73.56606974309896,70.62361323452454],[73.62118236542743,70.64215392102999],[73.24157580736329,70.87834197105563],[73.19964267894385,70.68201080457428],[73.30919462043737,70.59936423278506],[73.04390960063196,70.55936572942144],[72.92486275900677,70.70408152886297],[72.98275214590409,70.87567990747665],[72.8734116309239,71.15862737701511],[72.6829789746345,71.15559008699874],[72.48638151670266,71.30248653910115],[72.46148176573911,71.8363900043271],[72.2320670225881,71.82024686624142],[72.0958294132919,71.94971587043898],[72.11375925210181,72.17885570527794],[71.90973219225151,72.2192388591518],[71.86708748685862,72.39373290009021],[71.95329272674422,72.50332862335006],[71.87333739805823,72.57338978957526],[71.81608608491905,72.47242885730824],[71.60936561452257,72.67345039339033],[71.55271665567777,72.56867450887256],[71.35448893390664,72.57754140288843],[71.06143332221065,72.88825710519889],[71.17619234580316,73.07697254885228],[71.05327954795939,73.07270507270914],[70.97854166993493,73.20620617012489],[71.0847346156246,73.24833354993048],[71.08581138806493,73.43275651123426],[70.8607542647016,73.66609235157301],[70.42460152352783,73.73134815658872],[70.46595443273199,73.81539676103705],[70.26212248346238,73.84804659860404],[70.30244863508969,73.65810567147008],[70.18462107603159,73.59334321867553]]]]}},{"type":"Feature","properties":{"CC_1":null,"COUNTRY":"Vietnam","ENGTYPE_1":"Province","HASC_1":"VN.BP","ID_0":"VNM","ID_1":"VNM.10_1","ISO_1":null,"NAME_1":"Bình Phước","NL_NAME_1":null,"TYPE_1":"Tỉnh","VARNAME_1":"Binh Phuoc"},"geometry":{"type":"MultiPolygon","coordinates":[[[[69.92472818740134,77.68541833181992],[69.95972364360328,78.1127792695206],[70.18099797592517,78.279661705177],[70.23953207198915,78.21717595698532],[70.5536670918982,78.2750044768652],[70.66608058633403,78.53827763968405],[70.62612317310747,78.91998995756475],[70.43243175240191,79.0400146202174],[70.23200821135747,79.69213004913153],[70.2484489392035,79.91726726101112],[70.07844012361974,80.07503306642934],[69.81217910364967,80.78204727396401],[70.1909511580766,81.46466101828922],[70.07442397219579,81.6066603026041],[70.16445355081592,81.91358333128193],[70.32308378706354,81.86794997393997],[70.39548339044906,81.94606252206324],[69.79456566463931,83.12899389230581],[70.01701588374993,83.14578252637725],[70.13239971361527,83.29768439607388],[70.25541208059933,83.31713040124679],[70.41830324498487,83.13244733198049],[70.66481077037085,83.07909796594333],[70.88023687362873,83.20980611031622],[71.09868895355746,83.1721285597274],[71.10546715950015,83.08280737389347],[72.17866434230797,83.14886103529201],[72.27288201964652,83.00016920133582],[72.3081189270822,83.1514585968714],[72.33958448857676,83.09445293971409],[72.54141767414596,83.04937523968533],[72.42652534223498,83.21333653357007],[72.46316719472236,83.30815734500037],[72.72655588835897,83.19347065284764],[72.81068226734028,83.04384360270217],[73.22680209441089,83.09268602311401],[73.5584423083287,83.60090361384742],[73.51568201398067,83.62837133444941],[74.01479695110588,84.38971793830999],[74.40312105179694,84.37986552833098],[74.48815249326692,84.26717835096082],[74.582234593948,84.30461038970387],[74.70990912069222,84.20761476608816],[74.87422497756347,84.28655321247344],[75.38337922177945,84.16480298358572],[76.25682081829552,84.45336313281159],[76.24761551769913,84.53209031161695],[76.41899427425781,84.61207185024648],[76.48294873899444,84.74778325620275],[76.36597413073072,84.78011421599365],[76.57424476548587,84.84609840100396],[76.58394086609475,84.91948799205902],[76.61669773884539,84.84461524829682],[76.88114803119676,85.0016540816354],[76.97606557181884,85.25817371700977],[77.19750276138603,85.3168907050977],[77.22257480194835,85.4032544916586],[77.10328161117116,85.49957631724219],[77.16817418019329,85.62414492277344],[77.36610252093456,85.53066589238915],[77.56607835063261,85.97149359983365],[77.88251089433416,86.13241386365962],[77.83413264681982,86.1869072212938],[78.04773728372359,86.64012552620713],[78.35937033076075,86.71074562201167],[78.43545778392121,86.83640511581041],[78.61604929897032,86.84969828640563],[78.88706451738189,85.02282719996731],[78.80033941341706,84.91782794094858],[78.8751317672731,84.80076622435038],[79.00655706807382,84.78742710252845],[78.88923467701701,84.46497602070842],[78.94309434093135,83.82652659699875],[79.04058734932936,83.93001647327446],[79.0423045689766,83.77867875102572],[79.42453995086314,83.64885762215421],[79.50166336861945,83.69439053911775],[79.95656261734636,83.52548509161124],[80.25778193643404,83.12970913359148],[80.32310302650215,82.76851949664311],[80.59105385936327,82.61739153521073],[80.87522970484261,81.98461778369241],[81.09853469394125,81.8958663190071],[81.11323711453129,81.72366115259972],[80.86799130463866,81.37023625404144],[80.92299190287262,81.29621839915194],[80.79366164763361,81.23056813548259],[80.73747757059125,81.08980285276975],[80.79805393995362,80.9774144477071],[80.72125228354682,80.83571397509846],[80.67179638108779,80.9083067307196],[80.33591898810839,80.7823549694235],[80.2955623112252,80.67409339079161],[79.70937202213237,80.50949049036066],[79.54698351390309,80.35946894370267],[79.46878717868756,79.9778129549123],[79.54280387889716,79.91301536849113],[79.32785656566375,79.59097821530845],[79.41126885701235,79.50031379074107],[79.36306803291728,79.4194147587566],[79.7639735474544,79.12930256439753],[79.79081332037784,78.91753064412164],[79.68724931582341,78.76733851343745],[79.85299238930033,78.607043162157],[79.73783755423612,78.59759099216431],[79.85704480325606,78.39911911624893],[80.08547194308866,78.4095629551665],[80.12256143628083,78.32960662549519],[77.83188306213947,77.78275539708062],[77.7236370137873,77.60271774697569],[77.4321475433801,77.55191652848028],[77.44508031630549,77.44682030712183],[77.13677453539002,77.20857697574934],[77.14030341939358,76.94846415999345],[77.22546042669184,76.8669850934934],[77.00003889458726,76.55442531427364],[77.02654312903144,76.36135764371426],[76.7763355589738,76.30247350611323],[76.78620086906527,76.163520934596],[76.49377846535553,76.04713763460265],[76.52396492465171,75.96477199070317],[76.31742164610169,75.81510385459065],[76.13676800570359,75.8565405457658],[76.22208496310193,75.76244518643861],[76.12616876315364,75.65967704730649],[76.01555137657085,75.6967338732747],[75.87006393550811,75.5062365083396],[75.68939259626953,75.57960940485042],[75.85403804211037,75.81334983178887],[75.70593891510896,76.07322867848043],[75.34308450981051,76.08985005909838],[75.26409170770268,75.94624727682977],[75.09827744608863,75.946855172084],[74.92074105911249,75.71674846156375],[74.97791824150806,75.5894223190892],[74.78364275202065,75.67508211859263],[74.82825946350118,75.98908544211405],[74.77477826306233,76.33665450517685],[74.41959769723763,76.43557651482749],[74.26236856245546,76.34432291932005],[73.9737888190172,76.38954223260443],[73.98166110175387,76.60466974670942],[73.8428692361932,76.6046747750399],[73.79749411151515,76.9132974285198],[73.95994654950867,76.94149312656651],[74.22374831791514,77.31663646309227],[74.10089485537956,77.65471911978584],[73.61908471704312,77.488134006188],[73.65050488100235,77.21997580171045],[73.48295639125563,76.99847495136974],[73.32069881294268,76.98390393172245],[73.31097846763878,76.88461481411908],[73.22670359188012,76.87376251589463],[73.06728839240121,76.57157296546029],[72.9925351119986,76.64720401020358],[72.8685380532002,76.56018055154301],[72.7318694279629,76.62436035142267],[72.78862170748327,76.44213710328792],[72.72954504582822,76.09256223642929],[72.08536560123412,76.18709386579367],[72.049463167027,76.4653795510791],[71.47827292185711,76.26205667761792],[71.22524845417956,76.47952948993525],[71.31813716930002,76.64402130322097],[71.2414388623755,76.87723347088671],[71.59912137055831,77.25201620211661],[71.40972705974683,77.57343524597742],[71.28941477089333,77.382749258282],[70.65461153768277,77.73854127607947],[69.92472818740134,77.68541833181992]]]]}},{"type":"Feature","properties":{"CC_1":null,"COUNTRY":"Vietnam","ENGTYPE_1":"Province","HASC_1":"VN.BU","ID_0":"VNM","ID_1":"VNM.11_1","ISO_1":null,"NAME_1":"Bình Thuận","NL_NAME_1":null,"TYPE_1":"Tỉnh","VARNAME_1":"Binh Thuan"},"geometry":{"type":"MultiPolygon","coordinates":[[[[82.84053324368146,67.20710335060194],[82.84470112016332,67.57729125534462],[82.75394960161387,67.7823667185666],[82.80098251272186,67.74248959801982],[82.473483116749,68.45957245508544],[82.5570398177565,68.64044820438951],[82.42503076068637,68.94423020058903],[82.0978429838482,69.22422247773729],[82.08361485706955,69.51120389521347],[82.6367555659636,69.76306492724379],[82.88711120931882,70.21550590192058],[82.68781755062103,70.6081038146007],[82.68781625425746,71.39576697428727],[82.33792226623756,72.05046067811436],[82.01166341289597,72.2906137192367],[81.71667753255642,72.1874721454868],[81.41279304249494,72.43125711030618],[80.8191481140591,72.6708123875286],[81.05704553466926,72.67845765307638],[81.17250031268631,72.85215866951833],[81.13285997901258,72.9481415322586],[81.30261873919335,73.11692008969162],[81.35088925659915,73.05497384413512],[81.48138510398033,73.37646552804203],[81.26274323431885,73.66106223424171],[81.52213795505979,73.83461056639692],[81.54962049817658,74.12070355197496],[81.64561433377231,74.1382212761748],[81.69287262235471,74.4063024346175],[81.81076138784107,74.44082675564789],[81.74331948977267,74.49809169971101],[81.88159812163619,74.67383110123279],[81.96202708033985,74.61613040024596],[81.94853635845766,74.86935019189954],[82.0121940836913,74.79337465916234],[82.25385642290365,74.98229934637996],[82.18619541412198,75.34945790349913],[82.2483683775471,75.52702741480968],[82.19070725396264,75.68577332098144],[82.37487679586387,75.82356363720942],[82.46288400017664,76.29068285031599],[82.8241591716103,76.46519280903846],[83.08509106291194,76.13976734939949],[83.35560118384292,75.98847540147558],[83.61595123122835,75.97708059412236],[84.03573195642834,75.80230814436871],[84.40119148635182,76.0007811915494],[84.48846295992082,76.27039999029613],[84.5495401778916,76.21091504177073],[84.63313464173521,76.31169592562276],[85.29080652655809,76.37929475859828],[86.82921804528715,76.22665565287474],[86.90855166732673,76.10755867335422],[87.17128952125492,76.13080373557194],[87.90005678089202,75.88615570658536],[88.00406285357938,75.37298968501251],[88.07121470756114,75.33108034838753],[88.05529140080476,75.1264004704535],[88.17590462839419,74.91105171200915],[88.10123419200593,74.84782741411121],[88.10085611310407,74.61934266862762],[88.22923647357527,74.66206852295234],[88.230471868928,74.94476690500231],[88.5641798280664,75.23189524511461],[88.70817532554612,75.19423221132581],[88.87609130960664,75.51328043662146],[88.95390323944928,75.37355191714181],[89.02231748442595,75.47368267027986],[89.67394705136122,75.68658965129445],[89.78064817351876,75.86301963136589],[90.42388372528549,76.29726310521141],[90.6834473021234,76.69409959105074],[90.99317910049169,76.91336245953427],[90.83078486266608,77.22677971828877],[90.7100019961686,77.29346387295202],[90.61221385929294,77.20530187013276],[90.43665286077815,77.59984407287553],[90.59247474566442,77.75874821959945],[90.52062753458287,77.8536556713652],[90.67799658326163,78.06022626442906],[90.86522908974604,78.06292181023328],[91.18649477762206,78.24986063597572],[91.20974178966186,78.16827147359658],[91.367373347369,78.21949566793623],[91.48282454840599,77.95727665114036],[91.73546056354233,78.0124179816491],[91.81668689664848,78.18560480203246],[91.97480489596393,78.11346470948845],[92.18622010802454,78.22254617134315],[92.3651814070365,78.06731367629506],[93.08600112126204,78.26115919949639],[93.59225820459197,77.99054735177775],[93.76559668199245,78.10341354597692],[93.93876157802332,78.49978645276602],[94.05864223164494,78.56814912303162],[94.72592897066758,78.51829218769475],[95.15249065751152,77.63689279380077],[95.52248098449607,77.50896269323593],[95.66196134631224,77.59827362887397],[96.07223632270154,77.61782183375162],[96.02938542138757,76.9519406570632],[96.34288382578909,76.68961742947837],[97.0060309749681,76.56625756825508],[97.02819799072226,76.43289033256767],[97.2525587093469,76.2761418412275],[97.3813849253278,76.3183652730933],[97.37171843536126,76.13882176098399],[97.23918244398747,76.07515414027607],[97.09367544657316,76.0926457686983],[96.83623007984079,75.92009369229673],[96.37524599615921,75.8305267801954],[96.26900772146695,75.5533342427021],[96.0245615744584,75.4562624533928],[95.76224143440149,74.36114654480305],[95.51212317839891,74.13859144557037],[95.4239831593474,74.32029373480545],[95.02656524803531,74.4496140875753],[94.56772547950986,74.33973732880985],[94.51161391660393,74.24825723718943],[94.28281280477513,74.34713482371765],[94.08755180328359,74.2891154852289],[93.88693604830645,74.0917559088599],[93.44620450893888,73.95385365619624],[93.23301119927272,73.67811122399094],[92.92047065635828,72.79491924771698],[92.74459995009707,72.67188654992471],[92.60349975697159,72.76735066309543],[92.39535608089908,72.70710811654753],[92.25009053119918,72.52014535978012],[92.18599354453193,72.59263777679882],[91.8023019454884,72.58475583371403],[91.6034465240937,72.3977566777211],[91.39060198699333,71.65262249138468],[91.24553154140054,71.75042935067079],[91.09807763283918,71.72030188072196],[90.96372914432563,71.50805102303136],[90.93138854803081,71.22007375187843],[90.7760267110086,71.23915906243273],[90.76931566787786,71.50360718098189],[90.12886707640025,71.67429115495688],[89.74420929291836,71.46748782828293],[89.16098708132445,71.39112578901326],[88.57507711050398,71.19673196956354],[88.05708288205993,70.26471266112785],[87.80799887485517,69.16811311328009],[87.56375932670697,68.74161765685825],[87.34885014792243,68.81779985012689],[87.23541385350642,68.75425137871329],[86.91164631320655,68.92455760795319],[86.48671939256388,68.98928482666871],[85.63999333100548,68.73945454992139],[85.1209150365189,68.1693492712407],[84.59512873797601,67.93907739933518],[84.30399240288453,67.93937895387783],[82.84053324368146,67.20710335060194]]],[[[87.54877466939602,68.71659444867427],[87.57791857912531,68.68972125230324],[87.53864453927264,68.69433060662212],[87.54877466939602,68.71659444867427]]],[[[98.55617356427324,66.5413393324668],[98.4850171651447,66.44403411187731],[98.49665417396845,66.5533785339238],[98.55617356427324,66.5413393324668]]],[[[98.47617188222809,66.82099953137728],[98.53457550428934,66.69994017790178],[98.34425956073642,66.65334072789604],[98.13349914104843,66.76366299532903],[98.02626964379424,67.13160185307946],[98.11614214263349,67.2152196651226],[98.35058406494264,67.20317118992482],[98.47617188222809,66.82099953137728]]],[[[96.78794923786258,74.87808271946857],[96.91131007640072,74.91368988830311],[96.86972385116677,74.80553259876237],[96.78794923786258,74.87808271946857]]]]}},{"type":"Feature","properties":{"CC_1":null,"COUNTRY":"Vietnam","ENGTYPE_1":"Province","HASC_1":"VN.CM","ID_0":"VNM","ID_1":"VNM.13_1","ISO_1":null,"NAME_1":"Cà Mau","NL_NAME_1":null,"TYPE_1":"Tỉnh","VARNAME_1":"Ca Mau"},"geometry":{"type":"MultiPolygon","coordinates":[[[[52.20749653317708,42.75249539926597],[52.25428830028308,42.7420160879845],[52.165281704733765,42.66666666666668],[52.20749653317708,42.75249539926597]]],[[[51.95736218813443,42.96142482380394],[52.048491138600156,43.10411165853228],[52.11724291044392,43.011625876021085],[52.022410314051044,42.94887239871912],[52.04511501472978,42.822751328654796],[51.86366072814129,42.773508006884676],[51.81562868680347,42.83337539146699],[51.95736218813443,42.96142482380394]]],[[[52.315173341467926,44.43372669808404],[52.038595515547975,44.351878984697805],[51.63689073042701,44.56310728534001],[50.72659348230745,44.81797794163138],[50.62287194798794,45.167660828560926],[50.822916946327645,45.363061777155764],[51.07274644717322,45.18040457916107],[51.57268388977504,45.38701909624263],[51.37516729323902,45.86990630660624],[51.553886214348324,46.239407326999434],[52.3495457361658,46.43928076146391],[52.77463326845299,46.97685614932544],[52.785215186930664,47.14549459985674],[52.720320041118065,47.06906829943522],[51.751606759255836,46.74588002731355],[51.418090776048835,47.13204790783639],[51.62018809398715,48.17929381150104],[51.72893853688943,51.3823246722646],[51.89978120784171,52.157424733378214],[52.06121069615535,55.351601333461055],[52.17750907526786,55.33758012367816],[52.575289030644264,54.93386872322719],[52.97757361834803,55.70042922461739],[53.30656583932247,55.370395970562036],[53.50270515947455,55.632376222397],[53.86950371208583,55.45780262326771],[53.95434048161474,55.66038831989245],[56.87446590290851,53.843307523728036],[57.26505321651487,53.70149791701506],[56.71386538030223,53.117795977351165],[56.75991994050618,52.96191363724554],[57.23044029241771,52.483302009517026],[56.537990169454574,51.85745024579308],[56.632724198462704,51.578487392248675],[56.65778864958464,51.62845010229673],[56.85880154037994,51.33581300035827],[57.03268087631789,51.349199858327644],[57.07360867050521,51.15649573395176],[56.917776777489856,51.12047086852317],[56.865906569588255,50.91614988933182],[56.75785473078017,50.84536839193176],[56.67093659403737,50.45148805753313],[56.76905196918439,50.3470726781149],[56.87712253957529,50.383347151126635],[56.99957048463957,50.27104507402093],[57.2319194369489,50.33747663934474],[57.693066045310914,50.06093316435139],[57.947226193918866,50.11426688045521],[57.93007415909882,50.04597557622749],[58.17280286411713,49.956663946163665],[58.343692878157476,50.069448517646336],[58.64239702207838,49.71320151640828],[58.60833156993317,49.50154647781941],[58.36687669574186,49.26050909669101],[58.28939669400747,48.81694721728738],[57.5976637479617,47.37530719677256],[56.93085128568749,46.70381677342426],[55.991161243795034,46.399361968411306],[55.34780883837907,45.586737266620126],[55.332655441439286,45.42063749438254],[55.10241639010871,45.1878161600532],[53.88383684361766,44.77013838049208],[53.69108474665768,44.793288839028776],[53.49880303508064,44.674387985155526],[52.315173341467926,44.43372669808404]]],[[[48.502005510416964,48.841187829104214],[48.55673937246292,48.696240837358836],[48.48587376667261,48.759955171139396],[48.502005510416964,48.841187829104214]]]]}},{"type":"Feature","properties":{"CC_1":null,"COUNTRY":"Vietnam","ENGTYPE_1":"City","HASC_1":"VN.CN","ID_0":"VNM","ID_1":"VNM.12_1","ISO_1":null,"NAME_1":"Cần Thơ","NL_NAME_1":null,"TYPE_1":"Thành phố","VARNAME_1":"Can Tho"},"geometry":{"type":"MultiPolygon","coordinates":[[[[59.93871503065538,59.743939716038895],[57.95999665770134,61.60285221115432],[57.9188650277013,61.808618795809764],[57.51495498532733,62.27152981265719],[57.440069537639346,62.198612694733],[57.35975501729144,62.29908211032398],[57.30199212108038,62.24143861938807],[56.48734500969832,62.95308389405939],[56.55060349448584,63.04162694037062],[56.885743034866564,63.46303600824233],[56.954891693458265,63.38306961997759],[57.34031374992871,63.81545515366772],[57.399311875428275,63.72382003753742],[57.46123861282208,63.78040645325487],[57.73228594126191,63.33053841480406],[58.916871412872,63.72918742163588],[58.75166175328944,64.10858591142413],[59.318574151767635,64.19346221664598],[59.525103739399,64.36124399928056],[60.049222342769106,63.989689905171396],[60.75155956659484,63.30998559423933],[60.97925993415966,62.779029282672795],[61.62542420914988,62.188831170949136],[62.736708405334305,61.456035985033424],[63.449568632503556,60.46342827246629],[63.16141280999698,60.26144517865086],[62.68187826480725,60.14084187017936],[62.08983171784722,60.38058585466152],[61.94277017945924,60.17732456380467],[61.49103822842877,59.97270840908158],[61.35797088209401,60.09372431289175],[61.52774832817608,60.25051484566414],[61.231319818929734,60.383695560011496],[61.209649007306545,60.25634333604964],[60.91378697323157,60.04163846077764],[60.50818172458837,60.47485091461618],[60.538757971840454,60.537302088999986],[60.40879338095257,60.59447424445335],[60.35469122989296,60.47755688576665],[60.281161723230944,60.509012670243706],[60.14793467172634,60.21319526330443],[60.20085379125384,60.190367927984816],[59.93871503065538,59.743939716038895]]]]}},{"type":"Feature","properties":{"CC_1":null,"COUNTRY":"Vietnam","ENGTYPE_1":"Province","HASC_1":"VN.CB","ID_0":"VNM","ID_1":"VNM.14_1","ISO_1":null,"NAME_1":"Cao Bằng","NL_NAME_1":null,"TYPE_1":"Tỉnh","VARNAME_1":"Cao Bang"},"geometry":{"type":"MultiPolygon","coordinates":[[[[67.02900822409522,201.92640204976587],[66.84953907955682,202.17765658285555],[66.7307733328734,202.1859642952448],[66.55130850707131,202.01077117201052],[66.18230992746281,202.09028420044328],[66.06860340199947,202.59022977565087],[66.33905160130337,202.89160184827796],[66.32900547552137,203.34745960132514],[66.13262138211063,203.4212707710171],[66.07994513063633,203.73936492963898],[65.84685211109156,203.8306794483289],[65.92551786663373,204.04672340157504],[65.78803856902948,203.99845489764195],[65.57814458368853,204.0939333007906],[65.5176901648386,203.94971795104394],[65.12615951883245,203.82524839740472],[64.56933478323668,203.46723400087564],[64.35704322051767,203.52571361479323],[64.15740161084062,203.18090582474733],[64.05446188897572,203.15312597967406],[64.00756990498274,203.28614620272302],[63.55674233954585,203.45005081272004],[63.29855082967316,203.40283766200224],[63.307339072770525,203.50039708081957],[63.00030235969555,203.47585532724787],[62.821822889368306,203.77874713379543],[62.61154585249623,203.84384038532266],[62.731119676239594,204.02058794895467],[62.59587769881875,204.21468580658146],[62.43267691122543,204.1925615966507],[62.46252231782411,204.43839118867766],[62.18139787573385,204.75126320140092],[62.71081438337912,205.3852659434138],[62.55134756965256,205.4364255235949],[62.44677155340436,205.61534986254148],[62.52559626967441,205.70650784600096],[62.32572733408261,205.9428954398616],[62.01350151992281,205.84779717234846],[61.90365781380621,205.6915912186988],[61.85411458503185,205.80501407804832],[61.810577640596435,205.6844563446366],[61.532117527002164,205.75007883503338],[61.353168544698434,205.45873243410455],[61.073123032265336,205.48070805147142],[60.83847669599896,205.32115194745563],[60.86997010870243,205.10557682365683],[60.47689996881013,205.09493647455162],[60.42434124391852,204.994093314394],[60.31162949741487,204.99409818438036],[60.17759139575162,204.72227051870536],[60.11618179412613,204.71962278717243],[59.76970383557455,204.7258622102689],[59.651135899394106,205.18023934575206],[59.78672132705504,205.49208333211863],[59.58940178829682,205.5847085170821],[59.48327621506581,206.10208873717994],[59.255785987844234,206.14820180087156],[59.17050979200975,206.31008858950318],[58.99059285879162,206.34100021402693],[58.97311859958421,206.4413489511538],[58.53956820420733,206.75415615729153],[58.18705141460163,206.76454610914215],[58.130672337477506,206.93415722806265],[57.97939425340466,206.9818271670642],[57.92434536692134,207.12428581394397],[57.31697887017209,207.36802946237458],[57.3296735388892,207.5404270663264],[57.720150018174444,207.48324177468385],[57.75141644487834,207.88785721560834],[57.91525279240785,207.93338774628046],[58.02207287897249,208.1375834682753],[58.330540020971554,208.20297500243908],[58.32609258834549,208.6497200184402],[58.46665623162988,208.77036882989265],[58.928573830597294,208.90032882102162],[59.22506954883559,208.87223027008812],[59.65596799481639,208.9843813523555],[60.12008990289124,210.1433249777186],[60.34345761909044,210.14150663157713],[60.47218928678969,210.23022343406018],[60.42275435711103,209.87702099172628],[60.549186570634724,209.6995972283181],[60.740845647264486,209.66618258158556],[60.90830151772174,209.7432199671304],[61.02929470810906,209.64277042084305],[61.333102583088554,209.7959498994992],[61.63422264990194,209.58371494619206],[62.02865964428266,209.58332905909808],[62.01461837925774,209.68838651593413],[62.214932881990926,209.48673944506018],[62.19306754754098,209.3654765752362],[62.33112268994257,209.24015423876727],[62.74404730316495,209.13199666949882],[63.03363480028449,208.76758834055693],[63.204784301729134,208.841137080685],[63.421803184716445,208.60596220535155],[63.387098344377904,208.53011862072526],[63.541520444498936,208.512286601133],[63.450027228874774,208.4397592230464],[63.522004035318986,208.25435688534526],[63.7235337357593,208.11481290796996],[63.706891737081946,207.99862953893117],[63.854757767676176,207.95399792378004],[63.93176933291742,208.1907966950258],[64.25357736670112,208.27559607499532],[64.60174289055102,208.19171229820518],[64.62510386950073,208.30786084361392],[65.05094910282445,208.21647159657726],[65.15586545264887,208.52732745585658],[65.08458141316044,208.7825559500896],[65.73859553375388,208.77904296037474],[65.97204033556116,208.87682062723914],[66.12301582046217,208.73065599660342],[66.59740577723898,208.84316473407267],[66.81268584004889,208.7048713928045],[67.18153490773638,208.7329088902413],[67.43817479359065,208.39779160682698],[67.55713947127816,208.367518024563],[67.54032647645906,208.2369930198588],[67.86167914726946,207.8746006017812],[67.80384784331474,207.71485981295695],[67.7023011442455,207.68274164036444],[67.83823097646841,207.57806838850277],[67.79821192156659,207.52564051498422],[68.10758758100077,207.38761831279618],[68.15678210815538,207.47805682629726],[68.35307968135339,207.35317644705538],[68.51721836330069,207.46468940956368],[68.721508957297,207.2486681989195],[68.90598812343757,207.3749072812543],[68.90919849211981,207.5013410352735],[69.12150112856416,207.5789368396811],[69.46056186403912,207.48570111390237],[69.40837272084991,207.6138097034468],[69.5514473137185,207.65681400046506],[69.64007632126845,207.5535608974835],[69.80260453399525,207.79681153542106],[69.94503878159233,207.70325608356947],[70.07184844711742,207.86420088891248],[70.19797805395173,207.78142547765756],[70.38768428595617,207.92083328726025],[70.35063239258155,208.08719676775613],[70.47911713965124,208.28574479518778],[70.61198964110208,208.30172385249276],[70.6561890988655,208.21651763207345],[70.78114944154234,208.23810248761507],[70.80476808766399,208.0965968123463],[71.05417717769113,207.9724393489336],[71.33202852912571,208.13499666604565],[71.4580928939158,208.0567509990309],[71.59861389525048,207.74329978106857],[71.80690468396753,207.6043299075973],[71.79184143065139,207.50101226928982],[71.9620739767284,207.37509429944916],[72.10972551759669,207.49277695594478],[72.14836939438197,207.67857842104],[72.25089721337277,207.61472171972179],[72.37629065183367,207.67185114757098],[72.6398862930066,207.52276560394094],[72.53848080224545,207.35934857267532],[73.18985481364145,206.93922597771086],[73.16576598146071,206.76002248255998],[73.71370924261876,206.86422774141303],[73.90121833890643,206.6675264624178],[73.71618837316015,206.31719631595195],[73.37521380346831,206.2592193905696],[73.3987266863586,206.11121568312387],[73.15237434246193,205.96821069544146],[73.15640649999185,205.70357096712968],[73.30646148159948,205.60938280029666],[73.0301313673054,205.41030437056193],[73.11429956996083,205.33226733884436],[73.08265691767329,205.21226587345754],[72.90782969686074,205.1591566839691],[72.70863008649646,204.79204054069388],[72.78335921594966,204.73460863586453],[72.7260325723692,204.55817445185968],[72.62981136412995,204.527564635045],[72.79755587939947,204.38783955127204],[72.57035028983009,204.11174519828455],[72.41744351028983,204.1768018361378],[71.93372348844471,204.0998336763856],[71.73293866350227,204.42010939821895],[71.52371840138379,204.4090390754957],[71.50467354047873,204.13438307924676],[71.42615759891648,204.08685731029962],[71.416070187481,203.80882179881712],[71.32329448606046,203.79325611039678],[71.22786090131807,203.44821789667748],[71.25979880559463,202.95718160251232],[71.18638761770387,202.87020898582867],[71.15339687604998,202.94754595416202],[70.98867957787584,202.82783918205342],[70.99371975118538,202.6163235716472],[71.07967515099647,202.5447125128064],[71.00941318674661,202.33995048970147],[70.66882773604475,202.22961003906437],[70.70973236496829,202.17460585328058],[70.57684265792416,202.0556284694428],[70.40826774051438,202.14316177246064],[70.25810181505292,202.08914564096398],[70.28999651361121,202.0203321145798],[70.19645575067861,201.96594080801233],[70.25962385629758,201.9444078600119],[70.14803180066347,201.84907892181633],[70.25254252823672,201.81167618396796],[70.23400483521105,201.7227530978861],[69.86645066142059,201.58900691510502],[69.74163095164731,201.6609910048325],[69.57362742264448,201.61088171623425],[69.45712686683417,201.7432749406557],[69.26697466827564,201.7828333236087],[68.93144817875076,201.58972236971024],[68.6849976534502,201.80911973677038],[68.71961395672119,201.9846780642826],[68.5558342845401,202.21818707613843],[68.45281079770508,202.16283068606995],[68.11762068784375,202.38084023624094],[68.00440040471187,202.62035629566867],[67.6051724257687,202.77359510837604],[67.41810569707734,202.70316089208248],[67.11581668542564,202.2572216735446],[67.02900822409522,201.92640204976587]]]]}},{"type":"Feature","properties":{"CC_1":null,"COUNTRY":"Vietnam","ENGTYPE_1":"City","HASC_1":"VN.DA","ID_0":"VNM","ID_1":"VNM.19_1","ISO_1":null,"NAME_1":"Đà Nẵng","NL_NAME_1":null,"TYPE_1":"Thành phố","VARNAME_1":"Da Nang"},"geometry":{"type":"MultiPolygon","coordinates":[[[[85.00272612830244,129.8373770516842],[85.05351714880148,130.11654270950234],[85.42510808768576,130.51124622663525],[85.45237290493219,130.96344452257668],[85.6058748107477,131.01506075473912],[85.54305094774489,131.30717803047946],[85.62182961796529,131.45149923113593],[86.02010256641707,131.6809817319046],[86.21669323456562,131.48035332244686],[86.5043720605894,131.38448564984873],[86.85846809520197,131.67046218597767],[87.15448927059785,131.44782531095584],[87.61353153118253,131.28305054098323],[87.99897312521493,131.29809672669268],[88.08403486041172,131.37245633311917],[88.28965552666264,131.30961105001467],[88.69590900366147,131.59470645959664],[88.85876106633893,131.54656078015535],[89.1136574926008,131.64485032792632],[89.10994046293972,131.5243654304776],[88.69825634803972,131.42285509295792],[88.6737284560227,131.0965709349885],[88.53580616556542,131.1199534425659],[88.48586803253946,130.85682116342662],[88.38635539404706,130.8740237125036],[88.3633666522047,130.66084422036676],[88.69052554308138,130.26688564005593],[89.20409879895513,130.09133116420801],[89.26641032893609,130.26636880970844],[89.4497481973138,130.3750582034931],[89.48791394050889,130.50091321858935],[89.50101402601753,130.4138587252715],[89.5579252668335,130.44023678425305],[89.59239925242362,130.3156799660049],[89.64481344853057,130.54261834494307],[89.32394145909552,130.63897717748213],[89.50690611782599,130.82759353867218],[89.51451885436832,130.96257707453435],[89.82743209526689,131.00157032090905],[89.96374267677423,130.79815635674552],[90.14104112682408,130.82605490368786],[90.33510797813709,130.67125402016458],[90.45484046008099,130.91730248192314],[90.69800734659925,130.6134028633335],[90.40406970455363,130.5464222767884],[90.35575881057113,130.35938037735525],[90.27254044383862,130.45540351953989],[89.93235171864902,130.35380162214219],[89.86204409276895,130.42440287896426],[89.77492810203546,130.36348838837665],[89.70188529921342,130.03902942839838],[90.15443411957446,128.93338192270497],[90.02704719002449,128.8291529705323],[89.86623617220505,128.84110547683463],[89.80317386851449,128.94508691986854],[89.32748812757966,128.60684040338754],[89.23519904272769,128.83765053073418],[89.03746338375744,128.853085726338],[88.98085673234803,128.56723198104865],[88.70214655107065,128.7079806638409],[88.63014498458037,128.48083422302858],[88.52480905712474,128.44974573385505],[88.2167178386909,128.6449672136931],[87.9655940783611,128.40342430861355],[87.76873902717325,128.3890540447706],[87.68647340903125,128.47791239897666],[87.23529998930348,128.42908732449854],[86.86388580126763,128.29469270342832],[86.46750528350071,128.6300865918208],[86.52554900791148,128.83055987538265],[86.80424172668965,129.08700631959093],[86.83294072318947,129.36102659299297],[86.55155638240645,129.64678411328643],[86.57457011997238,129.95658606605974],[85.93500676708686,129.60322441632212],[85.829834742259,129.7586896156307],[85.50347978472368,129.91867198362428],[85.00272612830244,129.8373770516842]]],[[[89.15407012930166,131.6971236164376],[89.20323724749386,131.82237977052432],[89.29231259249336,131.76058416822366],[89.25325058229909,131.64819459712928],[89.15407012930166,131.6971236164376]]]]}},{"type":"Feature","properties":{"CC_1":null,"COUNTRY":"Vietnam","ENGTYPE_1":"Province","HASC_1":"VN.DC","ID_0":"VNM","ID_1":"VNM.15_1","ISO_1":null,"NAME_1":"Đắk Lắk","NL_NAME_1":null,"TYPE_1":"Tỉnh","VARNAME_1":"Dak Lak"},"geometry":{"type":"MultiPolygon","coordinates":[[[[88.72757681863578,85.67221265162719],[88.73487139047046,85.78200133716716],[88.39275312173237,86.24726155335081],[88.20833127182918,86.596444811166],[88.02913255631877,86.59799942697805],[87.90909115092843,86.85500345265272],[87.67338433511696,86.87341778303917],[87.62565334643206,87.01536080673831],[87.50396285145062,86.93355305879189],[87.45287910781241,87.02336819712602],[87.16428126068546,86.94006567941514],[87.16930437827452,87.03783073478102],[86.82940507540081,87.27576704537965],[86.71270872902595,87.46232230981326],[86.64904067698495,87.88464182294808],[86.5597591433454,87.8925938582553],[86.62295691417513,87.98572193332461],[86.51879906885114,88.01204925659538],[86.49270184586449,88.17427426227471],[86.6300976312868,88.24554803405482],[86.51094174741029,88.31155904766247],[86.56972530445638,88.29408317856712],[86.58050044814814,88.42987010330975],[86.64717509475129,88.3793533399848],[86.65531592924442,88.4728217367716],[86.82560033248845,88.57313973852878],[87.0716309204051,88.53262895731143],[87.26963165670385,88.64435075103057],[87.45209650332932,88.98889589431697],[87.33835888120504,89.17177153925797],[87.20444330854237,89.21429631669787],[87.13848815966684,89.35235915717686],[86.7917251659495,89.56365636524234],[86.43482775566191,89.5393212433699],[86.17512147233546,89.69514880317632],[86.26607119798557,89.85344146217679],[86.2243920617953,89.93042065748519],[86.39966721265829,90.10809013680586],[86.67023709509365,90.20049783436747],[86.62770728735225,90.57868090247628],[86.54159076535394,90.60271497232952],[86.53164736924992,90.90708157771735],[86.3481414133306,90.96553640111955],[86.4630840635222,91.05994400515503],[86.34951136377386,91.24394525766253],[86.43300502630053,91.44456085839433],[86.24365415990314,91.65132776319865],[86.4078824784324,91.96151128218487],[86.37234039180447,92.03860760998306],[85.92806824531172,92.11574066478944],[85.79496287519032,92.26033306058525],[85.76862179634485,92.4309036461483],[85.86904626881412,92.66056501312772],[85.70504509972174,92.80381041122547],[85.44096119048021,92.68211828955837],[85.20996999139882,92.42999823738128],[84.41809393124879,92.44515904197746],[83.63077772922527,92.62705121519919],[83.43016797991699,92.59101882420947],[83.3349132787436,92.6839635253751],[83.04137227557189,92.58076668909803],[82.95754495731934,92.66759032502291],[82.84140686793268,92.57714199541272],[82.51269044799362,92.5802330175053],[82.31102652477158,93.00692629209989],[82.1438310016174,93.08414812551668],[82.08648336294696,93.23504752445379],[81.96443108498434,93.28779851549854],[81.96370251178274,93.41901062055818],[81.81967014760438,93.51895134268257],[81.74281054927359,93.73982275998209],[81.8548832526151,93.9534390703186],[81.74662552195701,94.04499387239372],[81.78560493265888,94.11798310778548],[81.66403142621273,94.25498058430618],[81.67949513448889,94.55582709402955],[81.86150958236883,94.6107629821786],[81.73216136739956,94.91673057899762],[81.71209447443789,95.295453600581],[82.9769418631922,98.39459353949015],[83.34731569171103,98.67894842042021],[83.44268399830905,98.64205110832316],[83.45096687039924,98.83472012647849],[83.68292160671297,98.91723552929888],[83.95775598980362,99.18396491319848],[84.57489506689907,99.10249210787188],[84.70460923693187,99.18143210186187],[84.7245492704155,99.10127254738931],[85.11029167578006,99.29112152856905],[85.12540716664917,99.43494280889118],[85.543480163738,99.51568165988479],[85.68258260415242,99.3890225892829],[85.95739709302634,99.44097513129438],[86.06970640952714,99.34216322134465],[86.31748453108723,99.3839500965558],[86.69087858247765,99.2175262281784],[86.76775327445093,99.35552134901555],[87.11781046314478,99.33974821842469],[87.10861720526422,99.41921632485244],[87.28941892794803,99.42078355279084],[87.41686655054166,99.31090531685842],[87.9358503540628,99.63359640021204],[88.09254975774735,99.64259970629905],[88.13313417033312,99.53208418443042],[88.57407225991028,99.72940630354681],[89.1092201363491,99.5613744721285],[89.29641300240117,99.36330972235329],[89.64476143453767,99.28500062234345],[89.68997272654487,99.1908111864176],[89.9663924713256,99.25258697426653],[90.01695559873302,99.1937623470215],[90.2540248261933,99.24362732076709],[90.52772806404175,98.99772100977],[91.17720033176627,98.87690468031582],[91.27763904410587,98.60694043699155],[91.46444482119337,98.46206310135332],[91.46682097130167,98.06079008974612],[91.75999826105753,97.9308974409396],[91.83333346976993,97.98593201309767],[91.9751688938028,97.73647142265236],[92.02612834663944,97.6051768414843],[91.9625740238415,97.55218635630435],[92.19535522737107,97.06442369382003],[92.49681360343209,96.87533260501469],[92.50827249161983,96.6324371659052],[92.56847663362147,96.63044839059958],[92.4268675490305,96.47700870954934],[92.51550172869823,96.35610774105027],[92.827290367004,96.23541614990584],[92.7796838505911,96.15181883742352],[93.15006137692284,95.75312849637105],[93.03624335526337,95.45266768397893],[93.67380194510812,95.26167717533457],[93.93531470316265,95.37733442676367],[94.18712956192445,95.12770862046595],[94.53120960455537,95.16823965256063],[94.68834446309167,95.03568066727384],[94.78195037737183,95.10301369444755],[94.8726320790005,95.01241225838464],[94.89992873710418,94.8685596384437],[95.20349784693853,94.66780395157146],[95.20655922797623,94.39739385915423],[95.3672551643271,94.51499029734057],[95.74545743617277,94.43577654070877],[96.15782245635918,93.60711314792424],[96.47851361885384,93.62601149952127],[96.83666144794908,93.41723665547165],[96.83541641801904,93.20530832180033],[97.03474133493874,92.99414916326133],[97.90818448092732,92.8819658228176],[98.20030387596942,92.99678587796565],[98.20560730737142,92.70187313324385],[98.37538709492578,92.6103563464964],[98.42093496749158,92.30257130922136],[98.3424857285917,92.18554129374886],[98.46014363209693,91.92149671872117],[98.42477228100907,91.73749448359466],[98.36329990336375,91.71907520280885],[98.40512729727037,91.57324546832487],[98.28350089228276,91.47670179879775],[97.88783427293916,91.6074606745487],[97.4474665184391,91.39680223924483],[97.58114294127783,91.22108166545695],[97.54812219389305,90.98748035187931],[97.36955055081049,90.80067527027073],[97.16532162893071,90.81657369906586],[97.00105467904493,90.58854515243375],[97.01774108517525,90.46854960667842],[97.34485967621538,90.29902042568692],[97.40559302915656,90.11745752536314],[97.13891432252069,89.64038171943363],[97.20254653511374,89.53897101136059],[96.98317624468307,89.28705625040102],[97.20931684148425,89.14662545161787],[97.12325509369961,88.84730795475083],[96.74924083821509,88.95260411476563],[96.42544306087872,89.19466690465761],[96.33038780029833,89.14373194849861],[96.23712632443231,89.36598789158249],[96.09463771703476,89.43278519739658],[95.834553898503,89.36774167836246],[95.76227113374337,89.139810552314],[95.65092226760683,89.0869354585861],[95.39450784483118,89.1761474680954],[95.22461996458547,89.03901843336833],[94.89165787836846,88.46687159725577],[95.0085182712459,88.38744988670017],[94.93386170196213,88.2316009379271],[95.06299159623512,88.10721903156941],[95.10360241529085,87.8041480574061],[94.98829974354997,87.6186286993114],[95.08581858329492,87.33605984308528],[95.03257815409026,87.25859141262805],[94.87812032597661,87.05622434668635],[94.42166962863315,86.94636402075676],[94.35668443738564,86.84876579948762],[94.08594462797181,86.79297305845535],[94.02725172682337,86.91148647889793],[93.90529756052202,86.89755731730914],[93.80075303515436,87.00071215339894],[93.52983313949805,87.01773524012346],[93.42866049251207,86.94205155564121],[93.46768890600687,86.86912188973452],[93.12353722501224,86.79025341229806],[92.85467615357133,87.1436406736627],[92.714288391797,86.90236926275533],[92.64091708940536,87.00456943383458],[92.65476380722946,86.8510702969007],[92.47905832259065,86.7313064908245],[92.40765795770021,86.78540807069727],[92.36274039539018,86.47054246326532],[92.24480685494018,86.56763410658318],[92.06395580037152,86.38661921579038],[91.77989872853107,86.3547061578415],[91.57762527098383,86.50284584663738],[91.20314074539287,86.42758062537924],[91.1742844322019,86.28271321237959],[91.25326576070519,86.20510072980342],[91.15799346035587,86.23061813765605],[90.77152292210701,85.90724316446428],[90.5641516963147,86.03586986833844],[90.36048087404325,85.8721181806615],[90.23753052890024,85.62378383902701],[90.3103105544924,85.56662549593796],[90.14266948523843,85.42969387165631],[90.1250756805565,85.5900796323003],[90.01095596215657,85.67077787412327],[89.96467257012627,85.54746435875595],[89.89882351209428,85.67544441616711],[89.80391740260751,85.54984645048398],[89.5319503828318,85.56549235530521],[89.50074473171631,85.6776192978149],[89.39154240959648,85.62638048457194],[89.32909627677122,85.81009651146097],[88.80111951228122,85.57316932599907],[88.72757681863578,85.67221265162719]]]]}},{"type":"Feature","properties":{"CC_1":null,"COUNTRY":"Vietnam","ENGTYPE_1":"Province","HASC_1":"VN.DO","ID_0":"VNM","ID_1":"VNM.16_1","ISO_1":null,"NAME_1":"Đắk Nông","NL_NAME_1":null,"TYPE_1":"Tỉnh","VARNAME_1":"Dak Nong"},"geometry":{"type":"MultiPolygon","coordinates":[[[[80.72125228354682,80.83571397509846],[80.79805393995362,80.9774144477071],[80.73747757059125,81.08980285276975],[80.79366164763361,81.23056813548259],[80.92299190287262,81.29621839915194],[80.86799130463866,81.37023625404144],[81.11323711453129,81.72366115259972],[81.09853469394125,81.8958663190071],[80.87522970484261,81.98461778369241],[80.59105385936327,82.61739153521073],[80.32310302650215,82.76851949664311],[80.25778193643404,83.12970913359148],[79.95656261734636,83.52548509161124],[79.50166336861945,83.69439053911775],[79.42453995086314,83.64885762215421],[79.0423045689766,83.77867875102572],[79.04058734932936,83.93001647327446],[78.94309434093135,83.82652659699875],[78.88923467701701,84.46497602070842],[79.00655706807382,84.78742710252845],[78.8751317672731,84.80076622435038],[78.80033941341706,84.91782794094858],[78.88706451738189,85.02282719996731],[78.61604929897032,86.84969828640563],[78.87238225513282,86.84759568174357],[79.30684106561742,87.18758238823656],[79.44278848800592,87.15286085937724],[79.75701725444827,87.28487962295786],[79.79851729164828,87.1617740773445],[80.16676428423604,87.29398725982128],[80.64519265673714,86.73669694036018],[80.62461310783935,86.58041945614886],[80.95486856895347,86.26485437834833],[81.01845655563126,86.35287971201478],[81.15056519900656,86.32978012003358],[81.26641060819493,86.82173210818586],[81.51419146179497,86.93481342523022],[81.52269214546746,87.04173858820225],[82.36163409066512,87.49179785418283],[82.38616421049414,87.7405694043717],[82.48953458619685,87.82452995651133],[82.36467998310772,88.25184889769041],[82.62125576705387,88.68897843679795],[82.59361249187324,88.86623251869683],[82.70705783948499,88.95699652662104],[82.74821457044776,89.17076499101627],[82.55921012367646,89.39477269761377],[82.8637706791546,89.87902741244481],[82.78520259278022,89.97578223079452],[82.80479136841763,90.48794515677052],[82.65164175631413,90.67760065980168],[82.63733694371196,90.97593985509684],[82.76127382531297,91.25781646267049],[82.51388589026965,91.57579588276704],[82.59743560189303,91.8072668773928],[82.50744022909646,92.02189025176045],[82.51269044799362,92.5802330175053],[82.84140686793268,92.57714199541272],[82.95754495731934,92.66759032502291],[83.04137227557189,92.58076668909803],[83.3349132787436,92.6839635253751],[83.43016797991699,92.59101882420947],[83.63077772922527,92.62705121519919],[84.41809393124879,92.44515904197746],[85.20996999139882,92.42999823738128],[85.44096119048021,92.68211828955837],[85.70504509972174,92.80381041122547],[85.86904626881412,92.66056501312772],[85.76862179634485,92.4309036461483],[85.79496287519032,92.26033306058525],[85.92806824531172,92.11574066478944],[86.37234039180447,92.03860760998306],[86.4078824784324,91.96151128218487],[86.24365415990314,91.65132776319865],[86.43300502630053,91.44456085839433],[86.34951136377386,91.24394525766253],[86.4630840635222,91.05994400515503],[86.3481414133306,90.96553640111955],[86.53164736924992,90.90708157771735],[86.54159076535394,90.60271497232952],[86.62770728735225,90.57868090247628],[86.67023709509365,90.20049783436747],[86.39966721265829,90.10809013680586],[86.2243920617953,89.93042065748519],[86.26607119798557,89.85344146217679],[86.17512147233546,89.69514880317632],[86.43482775566191,89.5393212433699],[86.7917251659495,89.56365636524234],[87.13848815966684,89.35235915717686],[87.20444330854237,89.21429631669787],[87.33835888120504,89.17177153925797],[87.45209650332932,88.98889589431697],[87.26963165670385,88.64435075103057],[87.0716309204051,88.53262895731143],[86.82560033248845,88.57313973852878],[86.65531592924442,88.4728217367716],[86.64717509475129,88.3793533399848],[86.58050044814814,88.42987010330975],[86.56972530445638,88.29408317856712],[86.51094174741029,88.31155904766247],[86.6300976312868,88.24554803405482],[86.49270184586449,88.17427426227471],[86.51879906885114,88.01204925659538],[86.62295691417513,87.98572193332461],[86.5597591433454,87.8925938582553],[86.64904067698495,87.88464182294808],[86.71270872902595,87.46232230981326],[86.82940507540081,87.27576704537965],[87.16930437827452,87.03783073478102],[87.16428126068546,86.94006567941514],[87.45287910781241,87.02336819712602],[87.50396285145062,86.93355305879189],[87.62565334643206,87.01536080673831],[87.67338433511696,86.87341778303917],[87.90909115092843,86.85500345265272],[88.02913255631877,86.59799942697805],[88.20833127182918,86.596444811166],[88.39275312173237,86.24726155335081],[88.73487139047046,85.78200133716716],[88.72757681863578,85.67221265162719],[88.6805853975447,85.4523820101061],[88.76979284311501,85.40630769743312],[88.74693085019888,85.24275120414642],[88.68741968128366,85.27925517380854],[88.59764554542976,85.12038335565298],[88.5338528530443,85.20609470200871],[88.48458465642003,85.09119034474995],[88.21978557914174,85.0849810406474],[87.87835673189795,85.2061742623888],[87.72005276680815,85.11984874947852],[87.68220302308919,85.16824215761187],[87.70082573720182,85.0478194324591],[87.53233152757946,84.95815995467439],[87.3548980333848,84.94154966687518],[87.28317112756315,84.5092699755359],[87.06562936213321,84.31918035595596],[87.24871654551914,84.15612126173535],[87.6098649262969,84.15350959756275],[87.58089766674016,83.80865539176992],[87.67640559943158,83.8145323444994],[87.80714107115504,83.4434892215569],[87.940390193542,83.38357312464773],[88.05064186134899,83.13487063532327],[88.00634495475444,82.99433074778672],[88.17007801676976,82.91294767935536],[88.26697027703034,82.97530956581292],[88.42599868493707,82.76372366538978],[88.44470724296382,82.55430925126485],[88.74783208291147,82.42309860574214],[88.2545671585519,81.67012758729363],[88.1710323395459,81.72308125790913],[87.7630579947738,81.4784067865876],[87.70661026888449,81.34625959504794],[87.35600050126428,81.2767361413023],[87.22227793368283,81.16650859922724],[87.03573180575405,81.48664678048937],[86.94484406095029,81.46098608472414],[86.92898356135733,81.5375692186877],[86.76008503809547,81.37584952031726],[86.67980417891818,81.24408466452844],[86.47237546337202,81.30157600876184],[86.2634327591307,81.50391666499976],[86.37051803247618,81.54576829263375],[86.28661751471027,81.60524183054733],[86.29191300159813,81.76657971439181],[86.40693453455023,81.83980960323518],[86.35433785072598,82.0493204328485],[86.25137651411639,82.10036787534018],[85.70766540123891,82.0593435425921],[85.68641901076667,82.13394045708583],[85.50587800988892,81.9741241509928],[85.42148722096731,82.02648499312619],[84.98006849752295,81.80923312173368],[84.54438267184203,82.09905513058837],[84.49512935406092,82.03730118922941],[84.44992179206726,82.11003738090014],[84.52342547691006,82.1739708114858],[84.41643094368531,82.36384350032644],[84.53260549577756,82.425820191415],[84.4793057762511,82.55527675957671],[84.25647279330803,82.64049816309448],[84.17482791732844,82.56445153068839],[84.0351996804397,82.6106905696303],[83.8597052070837,82.53580329539186],[83.90770702186528,82.26148199972725],[83.73647253525941,82.23100916912671],[83.69753186917514,82.0988539525227],[83.3390870207603,81.93189167386238],[83.26315090084162,81.68192761154093],[83.16206919632435,81.68908912522032],[82.42232299155695,81.11248706776645],[82.33348459029102,81.20274333191998],[82.02416370231752,81.2111468431187],[82.01217209986345,81.27156205239837],[81.74042100118155,81.14277154830944],[81.68567977343493,80.97745252207305],[81.42811919439123,80.73862313947726],[81.18787161754437,80.83175571399937],[81.01145686454849,80.63697554815924],[80.72125228354682,80.83571397509846]]]]}},{"type":"Feature","properties":{"CC_1":null,"COUNTRY":"Vietnam","ENGTYPE_1":"Province","HASC_1":"VN.DB","ID_0":"VNM","ID_1":"VNM.20_1","ISO_1":null,"NAME_1":"Điện Biên","NL_NAME_1":null,"TYPE_1":"Tỉnh","VARNAME_1":"Dien Bien"},"geometry":{"type":"MultiPolygon","coordinates":[[[[26.154172664430778,204.04932447150378],[26.336238411060343,203.82023030305888],[26.41375143041938,203.38970300877975],[26.519252459762747,203.3962124009826],[26.555555917919673,203.24652852804817],[26.900336341001367,203.0475392334571],[26.936922461819282,202.57563156275376],[26.865930495989492,202.61175730788378],[26.826010159848448,202.50221291143092],[27.14238224901072,202.23663574464155],[27.226931304978535,202.03311813094635],[27.468048742992902,201.91598134005957],[27.53860240417654,201.70400510796964],[28.090955252890783,200.9761239144667],[28.143623953208202,200.76755450857408],[28.43193900950736,200.5539511975442],[28.55473129896185,200.56196255487274],[28.65387698279437,200.74536538244084],[28.8233952853888,200.75361978761663],[29.240563603142327,200.46412615518864],[29.23105503832927,200.05715318026157],[29.458153765252835,199.79424699147762],[29.848839979659417,199.69643463345983],[30.07554280794769,200.1464932492262],[29.970652885218616,200.46191010784867],[29.70810700152437,200.6571860722229],[29.863444838120024,200.76082180405223],[30.01597491006427,200.57324470920443],[30.470326627913977,200.41898104523887],[30.63529003982655,200.19161226531511],[30.597980699322683,199.79100353838885],[30.503346019267116,199.72494764578502],[30.54613298048619,199.25443473211948],[30.940200448391415,198.90497259520475],[30.877260898531528,198.78857619995298],[31.348251780571033,198.49449533797934],[31.717710488040446,198.49420031829027],[31.77544830211105,198.42742970819702],[31.861152544763254,198.63467285466515],[32.08917196963164,198.59140232800993],[32.33612327217714,198.77557506893686],[32.4656639038962,198.7744178781645],[32.47313080377258,198.94078067787487],[32.580391174181834,198.72565184784386],[32.51352107024273,198.5173884953574],[32.66218590689998,198.48729224321463],[32.8749594510974,198.2069496195645],[32.8426301380322,198.1627717484871],[33.093806686239255,198.02495845242476],[33.2380278639311,198.31265213301762],[33.487651130821625,198.3620403757694],[33.66217290713323,198.26568566961552],[33.88309617595195,198.4167540143539],[34.261751155336576,198.37026107660503],[34.20825557480974,198.51402919369698],[34.34888725411984,198.86950080846316],[34.5467505306837,198.79528195091441],[34.68931610663641,198.53390881359883],[34.8372588817227,198.47681819558835],[34.84253500867497,198.5482324998235],[35.00584847367495,198.54822572433454],[35.06190772041406,198.6298996018624],[35.3778138292146,198.47173929451446],[35.49516744504165,198.49818961857923],[35.83772642510101,198.2520922020919],[36.30635909593062,198.1443496889607],[36.3490376550674,198.25410863610696],[36.15628964950561,198.512286028124],[36.30303119864699,198.91752487788403],[36.52340978654168,198.98278542541698],[36.52037065880468,199.1213934321093],[36.79700397792436,199.43101126086566],[37.42829129694923,199.42988589306114],[37.39901770869384,199.35370583424304],[37.55052931193041,199.15542394478874],[37.722442702957416,198.50102970030545],[37.86403714273184,198.29828157493708],[38.062940999195135,198.28082714400466],[38.22478006994696,197.99511368806867],[38.050141328745056,197.76834804755978],[38.28346880918172,197.4280456653157],[38.51351863846597,197.32006693792772],[38.60326901989365,197.15378764237605],[38.378566193483636,196.9643793223381],[38.32227046332061,196.62789460246248],[38.397162792512255,196.56683166298592],[38.355128782814305,196.4721676417138],[38.47996837624432,196.24614574081116],[38.77042865774131,196.08661278270372],[38.84308137556523,195.76451034652135],[38.97553969746292,195.62772090031314],[38.91381957164535,195.54776956189934],[39.02864885417714,195.35274622150135],[38.95953632327889,195.12937465808614],[39.289401104755164,194.6955470581008],[39.560081131287895,194.0498057097089],[39.52381700458852,193.9636073009266],[39.40564725635074,194.07648268457032],[39.23197130019498,193.99424423349055],[39.11416844622125,193.7471177631632],[38.94909797100953,193.63151798553235],[39.1406777628228,193.41340729742123],[39.01004515759452,193.1385555170303],[38.92097167579834,193.12340414451253],[38.820568542805454,192.90185630705452],[38.85999163337838,192.76664055039848],[38.700588332832574,192.7172573758469],[38.67460260921056,192.3514831822873],[38.5252488474512,192.36292352212394],[38.330013942525184,192.21765539944883],[38.059763622234776,192.1886747460601],[37.93066745636373,191.82331813035617],[38.02327424304033,191.50401932886513],[37.93881069979697,191.28457361531312],[37.604708631353134,191.15607272253786],[37.18304800735079,191.26713024650337],[37.19874260856611,191.19913654707696],[36.80833495148869,191.19002562729275],[36.67997185662377,191.03931565270094],[36.969212758178976,190.7271199888949],[37.00941884099414,190.5397459993273],[37.28333933730515,190.48801345212755],[37.08042383893745,190.08056580386025],[37.38991677555417,189.90991908690918],[37.56075163312446,189.93712401008577],[37.748404131098646,189.83578894641545],[37.834770758126766,189.51239913726457],[37.72027255978683,189.16757028816713],[37.78066388121176,189.04632144487687],[37.72514614836385,188.85197026848354],[37.79036346449521,188.4808974771422],[37.67986282823338,188.15652536061046],[37.54136834362389,188.22490341685696],[37.32835265922591,187.9913874299824],[37.46361406001407,187.29877884817654],[37.63574353741385,187.08622299353502],[37.3903423423368,186.98798185471753],[37.06375367005995,187.0178232900381],[36.66664961586912,187.35803057556694],[36.249967908670506,187.43906597411546],[36.161264686522316,187.38067984538472],[36.22717041695565,187.27431007142442],[36.17331838789863,187.20606183365248],[36.32137518305402,187.01704611493932],[36.060439710118864,187.03272798876486],[36.04192635707106,186.82675555091205],[36.208657987575485,186.5858315039957],[36.08620728520088,186.37664541516043],[36.28243605299205,185.9791978116771],[36.284307275152386,185.7002398556871],[36.17207961574224,185.72197190728755],[36.041765567249435,185.61387937584615],[36.05108058055262,185.41449852184957],[36.170824888408085,185.27197299429824],[36.08414011601724,185.13831227560388],[35.99438680978556,185.20961429679704],[35.69884653408824,185.09554592685194],[35.434521612963366,185.13820178515365],[35.18668029919063,185.2615832464857],[35.1401363998295,185.21129130575088],[34.87909314588962,185.38352793829495],[34.76236836639307,185.2623040241163],[34.473933475322106,185.33944425028028],[34.33813851863973,185.16161991619788],[34.24804211356429,185.22098963640153],[34.20022165662535,185.6036954915695],[34.048200741445484,185.6566822413194],[34.00007393250264,186.01855315424183],[33.85960299225911,186.1370738456092],[33.48706050644517,187.01267832404778],[32.83651243904559,187.1095943322342],[32.697146062622544,187.2998977026009],[32.76795875083354,187.44143863462548],[32.71442098500229,187.6616973724003],[32.508178621210035,187.87613044390866],[32.60445082088156,187.95301878168613],[32.37898931567069,188.22145937946158],[32.300668886681095,188.14312142139863],[32.10085233932448,188.25776009438553],[32.15740956844116,188.37343879228692],[32.11348797752117,188.54209393399663],[32.19410812491903,188.69346356835828],[32.156957848379186,188.93558125695856],[32.20612963610492,188.95161113633696],[31.673724151061446,189.30921438422234],[31.28771085544657,189.20141419735495],[31.16055130539913,189.41421568024572],[31.46595356243794,189.6101657873579],[31.562905320623457,189.78974782884063],[32.04176348436478,189.82264038126536],[32.07844201674878,189.9832874188774],[31.968609690197113,190.15877068663895],[32.09552463209369,190.54157815208927],[32.06719120003548,190.75291882768593],[32.32216812335624,191.00396592188338],[32.53614023846664,191.57364095354225],[32.342709617821654,191.5459851559396],[32.243901138153596,191.34601491760827],[31.83689918594058,191.1967587870324],[31.890018131046286,191.44214429521358],[31.977730004813047,191.48435636849854],[31.987074076087666,191.7824562655218],[32.20760082702995,191.8270919031987],[32.27713191824677,192.09581877610586],[32.78490984425193,192.5865959049075],[32.76019968529134,192.66645013089584],[33.14728570783109,193.04980942744575],[33.049474056385925,193.28088078288818],[33.0977860231177,193.4531231885203],[33.00157137927567,193.7650002147107],[33.094386672224275,194.1414491315838],[32.99537913593777,194.29244098196784],[33.103747246066305,194.40376130324705],[32.883187633742494,194.85132711394806],[32.72599068217349,194.65413712156328],[31.99805714591303,194.4806817707087],[31.917548449668715,194.37671800720366],[31.708444350522974,194.57346749315778],[31.760730007910652,195.0693275420411],[31.67792516572381,195.1117315653991],[31.68450085400368,195.9239554432895],[31.5916407155805,196.0047897969206],[31.278980297940222,195.9313346768145],[31.211487428354175,195.76717506181933],[31.36694458565042,194.76114486365185],[31.06750521843834,194.43598117000064],[30.948927121009095,194.4274436608091],[30.673871122941723,194.06890131185298],[30.40290733479804,193.89032775114762],[29.881883537703924,193.93258746467458],[29.74279627071522,193.86223234279453],[29.617711437642484,194.1526671554274],[29.669049070315538,194.21254910991732],[29.444522925361472,194.74048777627556],[29.504653837705074,195.14791279071835],[29.63850164165835,195.40324799024472],[29.48205660765821,195.60080389496767],[29.462331084775517,196.1787644936569],[29.083311258815556,196.40663867419744],[29.205065693075273,196.6512620297868],[29.172356322568273,196.85453228806665],[28.14250083448856,197.41310068736476],[27.848943223086927,197.75501373117854],[27.920108256810934,197.95476149399477],[28.201973022363244,198.082086653312],[28.096472997225323,198.22516302799485],[27.925336200965358,198.21914722408331],[27.69273769716607,198.49697569004],[27.33785017994797,198.65482699511335],[27.38830075982718,198.77269565237418],[27.305554771784156,198.85599439732795],[27.29443829088957,199.1358761010847],[27.140537855407878,199.13588701457326],[26.991680517081996,199.27728718921867],[26.781660303025788,199.30841493960344],[26.7548924072324,199.55696912619834],[26.478266029410527,199.7224748448244],[26.272225416055868,199.7224080807699],[26.22969096095204,200.0358356484574],[25.961135573553882,200.19933178817078],[25.891573176846087,200.12638454045424],[25.681322106416715,200.2056666591612],[25.61281023998094,200.52673135581085],[25.458343870939704,200.50217561768523],[25.22476330314337,200.6189335920219],[25.1300980238082,200.96621221592133],[25.178589775183475,201.05997469858443],[24.628244194706998,201.33490705814452],[24.80221194239277,201.7059199426283],[24.63209251903813,201.71619868691633],[24.496397938603444,201.95881339864374],[24.56407232488979,202.07252630120905],[24.25410515144269,202.40232093126525],[24.40863470972013,202.74808363542917],[24.741491722030595,202.79575461879725],[25.265621736097447,202.7102469229738],[25.476012666115707,202.54923172274118],[25.558393354255582,202.66717259988388],[25.332528241490476,203.13414792714678],[25.5222371578869,203.1518471374208],[25.523883896391066,203.29222850753692],[25.790403291767067,203.5658586048822],[25.9177897367483,203.85261117799712],[26.154172664430778,204.04932447150378]]]]}},{"type":"Feature","properties":{"CC_1":null,"COUNTRY":"Vietnam","ENGTYPE_1":"Province","HASC_1":"VN.DN","ID_0":"VNM","ID_1":"VNM.17_1","ISO_1":null,"NAME_1":"Đồng Nai","NL_NAME_1":null,"TYPE_1":"Tỉnh","VARNAME_1":"Dong Nai"},"geometry":{"type":"MultiPolygon","coordinates":[[[[76.51616019704292,67.67258704505122],[76.32288897856155,67.5762107993595],[76.24782839735292,67.28616563542786],[75.46049279238889,67.60128448623334],[75.11054592796012,68.05347328238615],[74.853823803124,67.92870377247786],[74.66012487161409,67.94441800366084],[74.60248309166074,67.8192172104063],[74.44867069812834,67.84122155807884],[74.25795871222405,68.1636330240268],[73.87157520801351,68.37616899052213],[73.63643653292925,68.70154276124099],[73.63629393953063,68.88500629587655],[73.81178914976074,69.12284674687524],[74.41880183874034,69.56818750608134],[74.44608658185271,69.32649761212933],[74.75474804610099,69.49970832269318],[74.98715681368996,69.40629463038464],[74.89784539309187,69.6287800981965],[75.08940618921568,69.88663201445786],[74.69143450106571,70.52646956184549],[74.73939515179167,70.65654544538661],[74.61669775970766,70.91372788638434],[74.52299878713846,71.00224806683963],[74.34730323138248,70.95698130279771],[74.29986921311225,71.12429156929858],[74.03243806180356,71.17500605094031],[74.05799276393141,71.29003451735515],[73.83535257378355,71.40956616882684],[73.73693651705413,71.64324037499442],[73.8874382936209,71.59725589355419],[74.12196313392828,71.7655347379483],[73.87398690715594,72.12068692461865],[74.30539025186836,72.43333015022952],[74.14163689552782,72.70522164641773],[74.47809907610721,72.78820409439648],[74.5903099149498,72.53710093357816],[74.97350988849803,72.2919118891596],[75.23283419629541,72.3821535472557],[75.35434465423978,72.31708374483644],[75.64102007748068,72.80459662749836],[75.74699920509867,72.71638578857365],[75.86478343280518,72.87899969592061],[75.79177967166449,72.94047690382362],[75.9343747176186,73.29916239971887],[76.00538994627371,73.30221503872811],[75.87138391147634,73.54793229745714],[75.89752893327324,73.68968010694682],[76.02043440393308,73.71901793569992],[75.87192891712628,73.9325200053334],[75.73443371901392,73.97951421820304],[75.78258113742132,74.08263750605887],[75.64983869854167,74.2170719990173],[75.33223843874924,74.28285354384512],[75.29452786886725,74.46838241587439],[75.47190873487008,74.57790756473811],[75.40157446857383,74.82560350843407],[75.61594593991249,74.84876059265953],[75.54025117719907,75.15514040658128],[75.72856212837468,75.42684263681667],[75.68939259626953,75.57960940485042],[75.87006393550811,75.5062365083396],[76.01555137657085,75.6967338732747],[76.12616876315364,75.65967704730649],[76.22208496310193,75.76244518643861],[76.13676800570359,75.8565405457658],[76.31742164610169,75.81510385459065],[76.52396492465171,75.96477199070317],[76.49377846535553,76.04713763460265],[76.78620086906527,76.163520934596],[76.7763355589738,76.30247350611323],[77.02654312903144,76.36135764371426],[77.00003889458726,76.55442531427364],[77.22546042669184,76.8669850934934],[77.14030341939358,76.94846415999345],[77.13677453539002,77.20857697574934],[77.44508031630549,77.44682030712183],[77.4321475433801,77.55191652848028],[77.7236370137873,77.60271774697569],[77.83188306213947,77.78275539708062],[80.12256143628083,78.32960662549519],[80.21450025639633,78.28469474203231],[80.33181993055346,78.43023280352932],[80.38086998147374,78.72863568648074],[80.46007284090773,78.62890093660174],[80.40104580754014,78.5725859723122],[80.46404294694383,78.48508901331645],[80.39311425685533,78.42299290827164],[80.52640654477855,78.35730895656984],[80.4913907143264,78.46637465701691],[80.60390863388659,78.2821395645932],[80.57451283829124,78.0727463110907],[80.4718408983783,77.99894891251613],[80.54808900114341,77.96719265613669],[80.68892290694862,78.09357703670072],[80.95129211804047,78.11995342808292],[81.06742909780415,77.92695201814517],[81.18053211145788,78.01774135311133],[81.20457153728971,77.94292045939709],[81.30581787189868,77.98919176777696],[81.65110895566053,77.55450248311938],[81.52683097369774,77.48431741870445],[81.54493281117846,77.38561899294733],[81.18731599082663,77.11998612140584],[81.18918193565159,76.94526260902539],[81.32093271194927,77.02524110706744],[81.33815003033872,76.88598167796997],[81.47349569472807,76.92103855304886],[81.44927278785879,77.02765882227669],[81.68578084690387,77.07920306352929],[81.81603727052685,77.00181055487286],[81.83871444565025,76.6220291480018],[81.92753428815341,76.62700291037855],[81.93840228962199,76.51773178967107],[82.1162439853376,76.49331577545718],[82.36841691304093,76.16156925282537],[82.46288400017664,76.29068285031599],[82.37487679586387,75.82356363720942],[82.19070725396264,75.68577332098144],[82.2483683775471,75.52702741480968],[82.18619541412198,75.34945790349913],[82.25385642290365,74.98229934637996],[82.0121940836913,74.79337465916234],[81.94853635845766,74.86935019189954],[81.96202708033985,74.61613040024596],[81.88159812163619,74.67383110123279],[81.74331948977267,74.49809169971101],[81.81076138784107,74.44082675564789],[81.69287262235471,74.4063024346175],[81.64561433377231,74.1382212761748],[81.54962049817658,74.12070355197496],[81.52213795505979,73.83461056639692],[81.26274323431885,73.66106223424171],[81.48138510398033,73.37646552804203],[81.35088925659915,73.05497384413512],[81.30261873919335,73.11692008969162],[81.13285997901258,72.9481415322586],[81.17250031268631,72.85215866951833],[81.05704553466926,72.67845765307638],[80.8191481140591,72.6708123875286],[81.41279304249494,72.43125711030618],[81.71667753255642,72.1874721454868],[82.01166341289597,72.2906137192367],[82.33792226623756,72.05046067811436],[82.68781625425746,71.39576697428727],[82.68781755062103,70.6081038146007],[82.88711120931882,70.21550590192058],[82.6367555659636,69.76306492724379],[82.08361485706955,69.51120389521347],[81.85402574197923,69.48464945568115],[81.70713514267487,69.76066385842255],[81.55376351160163,69.73375646590924],[81.4901569761226,69.87515149234514],[81.40329793724852,69.882200820239],[81.13254877027916,69.52380347234768],[81.0028263809121,69.53644146037041],[80.47002709396808,69.00552605672054],[80.34636497031961,68.76173152673265],[80.39464660396638,68.50946860630805],[79.99340418798684,68.32438606349868],[79.78356291350596,68.52487622212134],[79.8722673379781,68.63711180720634],[79.7862648040299,68.72271596074508],[79.84784721614714,68.83016962939325],[79.7898113278853,69.30672635742826],[79.15516165524903,69.3185266671458],[78.97841839308197,69.3963622959127],[78.78523155589093,69.27223376304478],[78.73749192321738,69.52267010663593],[78.4455972381171,69.43535770832838],[78.1518929421107,69.17342930234001],[77.95232496563787,69.16810622014242],[78.05284697897942,68.95464441483719],[77.98165831235977,68.98531857972823],[77.92410764690078,68.49893146521842],[77.55991614235103,68.24799530379345],[77.50742490183073,68.11941742633626],[76.85466454136971,68.15897709978884],[76.57347761716728,68.01588109030912],[76.62090848357893,67.9024574029877],[76.41607181688019,67.91549918232816],[76.3834347173028,67.82401666952934],[76.51616019704292,67.67258704505122]]]]}},{"type":"Feature","properties":{"CC_1":null,"COUNTRY":"Vietnam","ENGTYPE_1":"Province","HASC_1":"VN.DT","ID_0":"VNM","ID_1":"VNM.18_1","ISO_1":null,"NAME_1":"Đồng Tháp","NL_NAME_1":null,"TYPE_1":"Tỉnh","VARNAME_1":"Dong Thap"},"geometry":{"type":"MultiPolygon","coordinates":[[[[61.62542420914988,62.188831170949136],[60.97925993415966,62.779029282672795],[60.75155956659484,63.30998559423933],[60.049222342769106,63.989689905171396],[59.525103739399,64.36124399928056],[59.438776672644316,64.46642282714461],[59.476371426883084,64.59063685265119],[59.89075909861679,64.91907448613293],[59.845261109264236,65.21098022628064],[60.165698968700994,65.42314639628931],[60.100459532268886,65.4432957647126],[60.194212721824705,65.59940810890163],[60.40999043167078,65.53602050834529],[60.40577818940031,65.98875198522981],[60.144315876014275,66.58991321009074],[59.728041245869306,66.8827741792103],[59.38157625199085,66.75397147055315],[58.971600408978844,66.94988457611987],[58.66838979885532,66.915130124775],[58.41919394755262,67.11271640768696],[58.1325840652483,67.18332608076628],[57.799390338895186,67.95540665204427],[57.762864693822095,68.32468295545237],[57.90299740124654,68.79545486987405],[57.814796063144634,68.8760930934716],[57.27856211200806,68.81651050409971],[57.063097345886185,68.9532023861317],[57.37231278743426,69.19832828706154],[57.381712761402454,69.2972068033821],[56.89689792885523,69.45233216374275],[56.90653217461694,69.76573997256277],[56.60727065095507,69.83314231384963],[56.32628935388517,70.33171089061295],[56.17663385064199,70.28361877232962],[56.05770255748942,70.8721586466278],[56.09789896408969,71.03954344113629],[56.672158934284916,70.81472451380614],[56.94643072647024,70.85995292739456],[57.772058714222815,70.44420895311367],[58.01139735496311,70.75142802530536],[58.10700414575097,70.76425305029359],[58.162736688172544,70.94297167107],[58.244947066471994,70.93557195788901],[58.24520668766609,71.02123984064123],[58.547495986364474,71.25067319700976],[58.761042499523015,71.72829255860682],[59.04397696054721,71.52164833316387],[59.287180442118384,71.63644264768187],[59.53445006041113,71.45290221916949],[59.57951998756331,71.50321193852415],[59.768852005555004,71.15465273229343],[60.51254015092552,70.80625908103586],[60.849125623327446,70.12399278775746],[60.660466844282176,70.10872816309355],[62.73299709722286,68.15158280410729],[63.33969374854603,67.91904597120417],[64.18617255676494,66.78457819398766],[64.54266694709477,66.76079027207258],[64.5416024270346,66.28251778134997],[63.619039897849504,65.29627190865885],[63.45136447805765,64.82283587715376],[63.12718478779817,64.87090717180044],[63.13930525176363,64.32336851592194],[63.29126713789626,64.27543985758474],[63.19165468921587,64.17401752567505],[63.66166575586498,64.01986596545984],[64.00200871956531,63.797067919160305],[63.820282489746816,63.66489078818493],[63.966020841472876,63.436554880090924],[64.09717242534398,63.444711970614094],[64.08907321837879,63.32206267853036],[64.29711303567277,63.06555840796334],[64.22365144213657,62.84756087340656],[64.02149365907157,62.768652689807055],[63.807690810823956,62.81037589385586],[63.74333102440031,62.41589339484137],[63.53061305443301,62.47922965072028],[63.50298639481956,62.366744729997066],[62.96301379720237,62.42679243605189],[62.66673034904754,62.80778152171042],[62.56522434257827,62.69741816042501],[62.137743839016146,62.98688382214138],[61.62542420914988,62.188831170949136]]]]}},{"type":"Feature","properties":{"CC_1":null,"COUNTRY":"Vietnam","ENGTYPE_1":"Province","HASC_1":"VN.GL","ID_0":"VNM","ID_1":"VNM.21_1","ISO_1":null,"NAME_1":"Gia Lai","NL_NAME_1":null,"TYPE_1":"Tỉnh","VARNAME_1":"Gia Lai"},"geometry":{"type":"MultiPolygon","coordinates":[[[[82.9769418631922,98.39459353949015],[83.23247405443053,99.0302408827311],[83.07717039854809,100.95701310445318],[82.55783182407993,102.03880484786008],[82.53086824685873,102.49401457912256],[82.31395409858469,102.82384553990683],[82.12038214894051,103.39077799339772],[81.2020164291725,103.9715610782951],[81.32165866744994,104.22625553215728],[81.256759848124,104.36946312130752],[81.46070039535296,104.70022970620695],[81.23803321324296,104.84158273936686],[81.40631346196865,105.06017014641964],[81.43761897490783,105.40758769203555],[81.28225464875524,105.43679787206908],[81.4053273118508,105.57756910029599],[81.38995700844515,105.77231088694256],[81.86859557086404,106.14634176518449],[82.01565705629207,106.12788408352202],[81.96302213194745,106.48306113665029],[82.21567449705678,106.48286445962627],[82.31347995647924,106.6187674107773],[82.50542658940323,106.55060191072934],[82.83913029575291,106.66994324675649],[82.84719697338014,106.85947431107907],[82.98271346594457,107.0616276862503],[83.19850893833137,106.95257532278357],[83.37995610214905,107.10098714783548],[83.45865214891654,107.32945491816578],[83.36592850901012,107.4412743238659],[83.46090404148613,107.5228220298203],[83.54049743301293,107.91342776604318],[83.462996636446,108.21072834635619],[83.68938452697576,108.53754793590836],[83.79852710390482,108.87268562005389],[84.60971926227514,108.66941349687868],[84.62141971122932,108.78694788871793],[84.78306865771053,108.8224379943761],[84.83888720648397,108.9295297444012],[85.21358775223224,108.79911100215848],[85.33084975899807,109.0188724813599],[85.4262809272253,109.02228960023413],[85.40345933897657,109.37966857108917],[85.86053894232526,109.58909553336906],[86.08444021220069,109.54399684438415],[86.4885874608417,109.12211488983529],[86.92587745660886,109.08387070970107],[87.22871076945847,109.17742395296214],[87.30459796925115,109.1173041778416],[87.69416412284787,109.5454829985146],[87.84628086277726,109.42516981770737],[88.02188298871376,109.87443500585312],[88.19566011802132,109.982676019251],[88.0847516930126,110.19215403106331],[88.36333818636825,110.24667576999464],[88.48251854894941,110.54119274958217],[88.59752904221126,110.47231691618065],[88.85756564306224,110.51149683752926],[88.77826450211558,110.43290511412451],[88.88860150621811,110.37693415455303],[89.08115691054539,110.60370839384403],[89.39824254235621,110.6621128822182],[89.51462414839597,110.82050337966693],[89.88539931137008,110.94604710252595],[90.23258479982282,110.82148150918835],[90.47528324863086,110.89156937110894],[90.41992786832998,111.04807196421096],[90.76634353872178,111.46517700584234],[90.79856461330141,111.64604234867538],[91.42173825598888,112.40757718391392],[91.28112288941743,112.55672461234047],[91.3062182926323,112.69017832302036],[91.14363155240568,112.85111664561917],[91.12913053442851,113.04802063469172],[91.32624868688877,113.29134219497494],[91.51721971750989,113.30776899729946],[91.68967178313486,113.16416950367785],[91.76133179256774,112.9500240411147],[92.01118115370731,112.77731167703995],[92.75319923847094,112.66573582407678],[93.0052027621598,112.78854659245921],[93.04677153158437,113.0434338064665],[93.2129427862437,113.17694375552956],[93.72075815726447,112.9010623127789],[93.74842995739495,112.69745142726606],[93.94424949493931,112.53033114400024],[94.10106564548562,112.67102161757443],[94.18649095228133,112.4575947389884],[94.13154741492193,112.36135972116988],[94.20773828194173,112.23507954099487],[94.15698472649183,112.13325670222942],[94.28742676220824,111.88196415147324],[94.25778026023461,111.63681247039574],[94.1616571059896,111.55587527142403],[93.83899372773058,111.67414580686217],[93.96038007679522,111.47654874326427],[93.94108953870078,111.30925530182114],[94.20278242753866,110.71437436971136],[94.09380805743116,110.51621098404418],[94.35643818968559,110.10350435647129],[94.31302305264366,109.99737522551108],[94.51014567652484,109.66760274686132],[94.45379254008698,109.42940564883828],[94.5717529714463,109.34085620899519],[94.62420741109405,109.02589888973951],[94.69258756881959,109.01853350707661],[94.6732028949321,108.8354534945047],[94.75742177726326,108.74190088116954],[94.59633087592393,108.36668749800229],[94.72824057336587,108.26617302225246],[94.88199724845296,107.78493956187639],[95.0700655015052,107.62899150898234],[95.35003818858166,107.07755486614569],[95.585031666532,107.00071252906105],[95.56365872235925,106.69289705156464],[95.69113805057978,106.40243088974137],[95.56566891169874,106.2560490828612],[95.59362506590506,105.86862077744514],[95.5307377183956,105.88023047175047],[95.46659098861907,105.45825444153719],[95.70606665637553,105.25489933705487],[95.80176382019744,104.95807660953683],[96.08946977078871,104.72017121624212],[96.03834658990957,104.66145677519522],[96.13277921792528,104.28652765061454],[96.42263035352713,104.12448084219639],[96.39466068352574,103.92819501189481],[96.50743541388302,103.72648037940964],[96.42890928763019,103.3082186076644],[96.50366468266802,103.169562866143],[96.29309977708208,103.02061274705419],[96.72535279319133,101.57495745352813],[96.38851439220048,101.55127235437747],[96.32084039954319,101.65251714870197],[95.99535202382225,101.66282931477824],[95.80593469885781,101.47571499286764],[95.59665206303418,101.53401845169044],[95.58468800427113,101.41157642632434],[95.49037221768593,101.38483922306884],[95.3556720578537,100.98872406506287],[95.21724860669238,100.96714498866797],[95.10035651000095,100.60402314668848],[95.23261434075167,100.45653142789132],[95.21577523696737,100.34850256800101],[95.55646107203812,100.27355008782378],[96.12436193284046,100.45786271403594],[96.07000850469852,100.24545014113983],[96.24404682530461,100.0367672214685],[96.28331519170577,99.14796600815716],[96.64294263574648,98.76636884527028],[96.78794988853801,98.42475459134047],[97.0163859956198,98.26946211125079],[96.92085522887128,97.65135822535878],[96.76614023295568,97.53852284673717],[96.82978565569432,97.29300463697577],[96.65257291913983,97.02526008341216],[96.69346911558985,96.9596228614945],[96.52748186718254,96.95540607795463],[96.47595003469371,96.83129476974139],[96.37518171493203,96.8879561447277],[96.29365309231153,96.75374108703531],[96.19484309397677,96.80962069479122],[96.18039802600862,96.68308609257546],[96.12716157226383,96.75422813549815],[96.07611598413564,96.68336461316748],[95.96664646814118,96.74510036817998],[95.97668788028584,96.63972783917761],[95.83435223611944,96.62535971810044],[95.78625876317969,96.50037977789698],[95.88980696211424,96.43279552743975],[95.67413287641641,96.11228654360008],[95.76684637368662,95.45007023276256],[95.05921322487173,95.24725542861198],[94.8726320790005,95.01241225838464],[94.78195037737183,95.10301369444755],[94.68834446309167,95.03568066727384],[94.53120960455537,95.16823965256063],[94.18712956192445,95.12770862046595],[93.93531470316265,95.37733442676367],[93.67380194510812,95.26167717533457],[93.03624335526337,95.45266768397893],[93.15006137692284,95.75312849637105],[92.7796838505911,96.15181883742352],[92.827290367004,96.23541614990584],[92.51550172869823,96.35610774105027],[92.4268675490305,96.47700870954934],[92.56847663362147,96.63044839059958],[92.50827249161983,96.6324371659052],[92.49681360343209,96.87533260501469],[92.19535522737107,97.06442369382003],[91.9625740238415,97.55218635630435],[92.02612834663944,97.6051768414843],[91.9751688938028,97.73647142265236],[91.83333346976993,97.98593201309767],[91.75999826105753,97.9308974409396],[91.46682097130167,98.06079008974612],[91.46444482119337,98.46206310135332],[91.27763904410587,98.60694043699155],[91.17720033176627,98.87690468031582],[90.52772806404175,98.99772100977],[90.2540248261933,99.24362732076709],[90.01695559873302,99.1937623470215],[89.9663924713256,99.25258697426653],[89.68997272654487,99.1908111864176],[89.64476143453767,99.28500062234345],[89.29641300240117,99.36330972235329],[89.1092201363491,99.5613744721285],[88.57407225991028,99.72940630354681],[88.13313417033312,99.53208418443042],[88.09254975774735,99.64259970629905],[87.9358503540628,99.63359640021204],[87.41686655054166,99.31090531685842],[87.28941892794803,99.42078355279084],[87.10861720526422,99.41921632485244],[87.11781046314478,99.33974821842469],[86.76775327445093,99.35552134901555],[86.69087858247765,99.2175262281784],[86.31748453108723,99.3839500965558],[86.06970640952714,99.34216322134465],[85.95739709302634,99.44097513129438],[85.68258260415242,99.3890225892829],[85.543480163738,99.51568165988479],[85.12540716664917,99.43494280889118],[85.11029167578006,99.29112152856905],[84.7245492704155,99.10127254738931],[84.70460923693187,99.18143210186187],[84.57489506689907,99.10249210787188],[83.95775598980362,99.18396491319848],[83.68292160671297,98.91723552929888],[83.45096687039924,98.83472012647849],[83.44268399830905,98.64205110832316],[83.34731569171103,98.67894842042021],[82.9769418631922,98.39459353949015]]]]}},{"type":"Feature","properties":{"CC_1":null,"COUNTRY":"Vietnam","ENGTYPE_1":"Province","HASC_1":"VN.HG","ID_0":"VNM","ID_1":"VNM.26_1","ISO_1":null,"NAME_1":"Hà Giang","NL_NAME_1":null,"TYPE_1":"Tỉnh","VARNAME_1":"Ha Giang"},"geometry":{"type":"MultiPolygon","coordinates":[[[[50.09056861305572,200.4214149806772],[49.72386964971494,200.31972864118114],[49.63929590182744,200.72182303519634],[50.03172036918881,201.04462332476578],[49.87220083277087,201.32305659347458],[50.044116221775525,201.49183946529814],[49.92048652517357,201.60321819832967],[49.78159708001479,201.57905395599363],[49.68087653013182,201.68101899148883],[49.76000852209628,201.80676271703308],[49.15910848643156,202.170126555644],[49.09481186485113,202.3389345241205],[48.83314969911717,202.39991654763418],[48.65172956938462,202.80016097680675],[48.91912601704289,203.06465869847554],[48.56486118603998,203.33783888093004],[48.50582255713484,203.50826104998308],[48.2980050444991,203.569526853523],[48.40305031110624,204.08463534071885],[48.84572475617242,204.10035115243167],[48.8047716432708,204.5360519756503],[48.54495026777274,204.6032663053282],[48.27580156277544,204.83063273515086],[48.13495291790764,205.30432505141397],[47.722487264733566,205.22507936090838],[47.458968255417474,205.42742325425823],[47.530498195167986,205.63168395096596],[47.64993697670683,205.4427289834554],[47.91894492093427,205.42774410798194],[48.03077425642273,205.5740162193535],[48.14538059683454,205.5476023201655],[48.23877098206371,205.79851339548645],[48.90696333263058,206.17248384417596],[49.19833935267904,206.49849815003756],[49.36168606464678,206.53631702847179],[49.60937812100094,206.9492682407087],[49.796765656821194,207.05102095694176],[49.70309198986106,207.07676249218844],[49.96154513144497,207.1491146481744],[50.03995870588525,207.25652633201014],[50.171825458533306,207.2432114100464],[50.3239261915767,206.94914122851142],[50.24913208455569,206.83978787030767],[50.40851326988017,206.84027892124053],[50.52999026073242,206.99523345472485],[50.467369018316965,207.02598019444935],[50.53056689567351,207.1688659742023],[50.55733270164996,207.083812833353],[50.835642983655845,207.0350187204812],[51.03303336390895,206.8378462399755],[51.363144393799985,206.9426426211998],[51.57267198578274,206.86804227051329],[51.71167627535474,206.98314589875667],[51.59182001697644,207.20381653985314],[51.733630043672015,207.3045580377831],[51.89367221661652,207.28315498901063],[52.157659312793356,207.82943152132944],[52.30464122063069,207.83044480825046],[52.535211968552225,208.0073144462983],[52.79962829455064,208.01939854177283],[53.06248781611133,208.25912146392122],[53.04027082718222,208.65589581145593],[52.777555976563484,208.75068753781582],[52.797077670869434,208.8616568823302],[52.71877527089411,208.87555681226456],[52.54931366192553,209.55481154772903],[52.583156931401035,209.7479144120391],[52.49699285426838,209.81143137232303],[52.41717727466581,210.20728205100144],[52.62420606236044,210.24157811471304],[52.67919450303979,210.12410746622672],[53.04154807250972,210.364816855261],[53.06732672421644,210.29848731110027],[53.20426818949149,210.32305900705865],[53.262249134210855,210.74859798804363],[53.424879218475546,210.93249828594594],[53.64413881646472,210.89221762602554],[53.75860060652111,210.67065595397267],[53.96080734088445,210.6050123815947],[53.95963486537999,210.82903943137188],[54.12429078039715,211.17229318380774],[54.49126110608283,211.19451206487363],[54.50757718679723,211.31537331554628],[54.777308462131344,211.3735029377562],[55.057582629877,211.70436448084268],[55.39759882920038,211.91576694412896],[55.59771558513149,211.79864904884246],[55.56905248229065,211.69475467499842],[56.16416010720638,211.91122042422802],[56.336282757086195,212.1508577203837],[56.46378810688357,212.02847012327766],[56.58368452905408,212.07732203668445],[56.625140401205044,211.9795489273756],[56.866556052626756,211.9409803640137],[56.91275348548604,211.8360871443864],[57.07614084268149,212.02608702725334],[57.007183891880416,212.1322014747692],[57.12222278035084,212.17575756403713],[57.25055849078615,212.5082446211274],[57.16468263572098,212.65939409117877],[57.24440761414324,212.76928843937813],[57.51622045186467,212.76362367154542],[57.55857340359295,212.95150870809542],[57.932230919416796,213.33333333333334],[58.18061589331947,213.08543020961622],[58.22830476890227,212.79845411663337],[58.56196035612561,212.40459807833486],[58.96195299889743,212.11328128416775],[59.05132978929889,212.30768127296994],[59.17503852011513,212.278787512791],[59.27112672729315,212.03770723161472],[59.71790331617866,211.51263778711998],[59.75976081710546,211.20419055320005],[60.0744923919797,211.0173317222191],[60.24401475450341,211.07287420017659],[60.57067358754845,210.70428573619833],[60.41862691187684,210.33577776020655],[60.47218928678969,210.23022343406018],[60.34345761909044,210.14150663157713],[60.12008990289124,210.1433249777186],[59.65596799481639,208.9843813523555],[59.22506954883559,208.87223027008812],[58.928573830597294,208.90032882102162],[58.46665623162988,208.77036882989265],[58.32609258834549,208.6497200184402],[58.330540020971554,208.20297500243908],[58.02207287897249,208.1375834682753],[57.91525279240785,207.93338774628046],[57.75141644487834,207.88785721560834],[57.720150018174444,207.48324177468385],[57.3296735388892,207.5404270663264],[57.31697887017209,207.36802946237458],[57.92434536692134,207.12428581394397],[57.97939425340466,206.9818271670642],[58.130672337477506,206.93415722806265],[58.18705141460163,206.76454610914215],[58.53956820420733,206.75415615729153],[58.97311859958421,206.4413489511538],[58.99059285879162,206.34100021402693],[59.17050979200975,206.31008858950318],[59.255785987844234,206.14820180087156],[59.48327621506581,206.10208873717994],[59.58940178829682,205.5847085170821],[59.78672132705504,205.49208333211863],[59.651135899394106,205.18023934575206],[59.76970383557455,204.7258622102689],[59.63686410960316,204.5529533596659],[59.319367840040215,204.43655294863237],[59.21704108151804,204.48500979926638],[59.12642066179689,204.39604631593537],[58.83027963946276,204.50207039971627],[58.65344610641332,204.6951501411887],[58.297159050037706,204.79402291124975],[57.87425642764323,204.75328681380836],[57.91785848501659,204.69620476826432],[57.800189820881165,204.44827349461644],[57.78276463825457,204.51908331469872],[57.477920021506144,204.56533760623412],[57.50799395181158,204.71692441580805],[57.357741500042756,204.90417055785423],[57.07246710967186,204.9139864250471],[56.93224397943566,205.0631845440001],[56.7996431905429,205.04712864229748],[56.67156389930412,205.22956568333606],[56.336087341585774,205.2970269303541],[56.06659855408159,205.46122641186795],[55.878883426994356,205.13358901620973],[56.18212293515893,204.60380530938588],[56.006326827974206,204.64170856118653],[55.83409139216049,204.4078370296753],[55.908258677316695,204.25741955302547],[55.69601674904189,204.0688405439142],[55.83840117965227,203.6214789199519],[55.62446090828867,203.11338080849907],[55.719518188297236,202.70107600795316],[55.40781391548753,202.5273915723965],[55.55323461061119,202.2493381344473],[55.43606001542908,202.02469063442084],[55.28332405679265,202.01253056004165],[55.36441638763078,201.56178309072413],[54.99455051773939,201.6028905337419],[54.914449708028904,201.5302743257332],[55.13888615071014,201.28949106247185],[55.11540393964738,201.09543680832198],[54.95265713379264,201.08194652459466],[54.98857196589061,200.82209337455086],[54.58171627415584,200.58368658085547],[54.57157696636305,200.89305235456132],[54.27184521745504,201.23914618485784],[53.950396435909376,201.19169230098748],[53.835481564034495,201.3312120690343],[53.62618568497878,201.3350769845115],[53.514600684061655,201.50982638273544],[53.41773526666787,201.51546267683196],[53.330249813737296,201.2450961967478],[53.528310408127915,201.1068368403694],[53.62462066351099,200.83206511708656],[53.476838191541304,200.67754591779686],[53.3294507301926,200.65527113877644],[53.60974775776096,200.27961706632317],[53.52844916972458,199.94874781585168],[53.47261494561609,199.97796811114284],[53.34614673835011,199.6265302145225],[53.19353174261716,199.66335262284022],[53.15361380345884,199.8349975825791],[52.959558047811036,199.80664880449004],[52.87330197911776,199.65483031574325],[52.67296471462322,199.56711631207816],[52.55443463233223,199.64426715824638],[52.491471588928704,199.51626263046015],[52.13897314152457,199.49701567831775],[52.14161460396339,199.44176503578691],[51.894030676165585,199.52364018362223],[51.88047383089966,199.65865881326022],[51.73556140561317,199.6625536791826],[51.559214538387366,199.8125071516607],[51.51550547493565,200.00780679476557],[51.61222334946504,200.11876856117829],[51.552340126357976,200.45398872730738],[51.053073045865986,200.5686407507372],[50.98291167401544,200.70492160268807],[50.686161202647995,200.70694201604434],[50.547373961818046,200.82449288888094],[50.29369723238816,200.84997199649612],[50.08848027071081,200.56240137983303],[50.09056861305572,200.4214149806772]]]]}},{"type":"Feature","properties":{"CC_1":null,"COUNTRY":"Vietnam","ENGTYPE_1":"Province","HASC_1":"VN.HM","ID_0":"VNM","ID_1":"VNM.28_1","ISO_1":null,"NAME_1":"Hà Nam","NL_NAME_1":null,"TYPE_1":"Tỉnh","VARNAME_1":"Ha Nam"},"geometry":{"type":"MultiPolygon","coordinates":[[[[64.38979551246499,178.96056004202524],[64.2503235208489,178.90335667555627],[64.15212686660347,179.05655264118545],[64.04717448335974,179.01765356171342],[63.567716138853825,179.62795334375667],[63.514953354967695,180.21581016035213],[63.16870392182146,180.4022876497164],[63.15719357279781,180.53347828225793],[63.021703402185594,180.45765761683822],[62.62253199136038,181.1989913869349],[62.90166998644213,181.234712420105],[63.09670492898189,181.98768222218942],[63.31433714835086,182.16325795194481],[63.153914606152476,182.29247243957076],[63.389636385141266,182.27736019405893],[63.53646438462403,182.13365082808696],[63.81981677567766,182.0990042968159],[63.98451527134386,182.19782591253724],[63.981418539165155,182.3874957130914],[64.07987777092006,182.38210940293962],[64.48966078791382,182.53721308566804],[64.50583641897859,182.23175217622324],[64.64231903197081,182.1824788663124],[64.63208258248459,182.24845381929205],[64.85133871007736,182.35256830293613],[64.97049612940323,182.54513689782823],[65.06409907556805,182.49739631173696],[64.99129307159474,182.62082066265424],[65.12617574620931,182.78660493768768],[65.32621870980287,182.72025890681127],[65.48686710852203,182.47277904890532],[65.43068395015347,182.1199392306448],[65.74757453893835,181.6789947709253],[65.90986871757634,181.6403820534931],[66.18960177065473,181.8139586266501],[66.47216879076345,181.54773299701006],[66.55625748008897,181.27239312350162],[66.82263969924044,181.1907627363254],[66.9274326647066,181.0479462262297],[67.05323239092671,180.29599349137234],[66.92937750634069,180.16457896045847],[66.65150014183853,180.11347208749925],[66.59343351734007,180.40622676519902],[66.47644493616237,180.46471993713726],[66.17145425560126,180.3374239979581],[66.1677469289235,179.9558210215706],[65.99469839613197,180.07188126667054],[65.9365015228437,180.0276587444492],[65.8936500616718,180.10457630209163],[65.79089468769035,180.06879604514907],[65.69459164069207,180.16105456615588],[65.56506391123223,180.13483345716685],[65.54729773288395,179.89955185229402],[65.41165511276488,179.85406147557802],[65.31217579046806,179.46651530471792],[65.3967675022859,179.3479745933777],[65.08637928617114,179.3560327997984],[65.09689494648227,179.28164841650525],[64.98304456009741,179.36871557208127],[65.02554872281368,179.6622793358031],[64.85717261870248,179.79757541232544],[64.81335412922155,179.5920763982218],[64.71695768246614,179.61887731547347],[64.54127552142414,179.4789634788285],[64.5611836581899,179.36730080594356],[64.27966389068035,179.2789577604099],[64.31699407494129,179.08447441289303],[64.418482944465,179.035518001682],[64.38979551246499,178.96056004202524]]]]}},{"type":"Feature","properties":{"CC_1":null,"COUNTRY":"Vietnam","ENGTYPE_1":"City","HASC_1":"VN.HI","ID_0":"VNM","ID_1":"VNM.27_1","ISO_1":null,"NAME_1":"Hà Nội","NL_NAME_1":null,"TYPE_1":"Thành phố","VARNAME_1":"Ha Noi"},"geometry":{"type":"MultiPolygon","coordinates":[[[[57.78510459748658,186.29203632001125],[57.621080052181064,186.4943226281833],[57.55988326754396,186.7862658319533],[57.84344240089634,187.4141328613264],[57.49992555391379,188.03191954113922],[57.59551566306536,188.25844205227398],[58.12182507641358,188.71780927313722],[58.23366524942395,189.32629597601755],[58.630737744432786,189.61285484780598],[59.171208473628724,189.1738961567189],[59.43648032168441,188.1942833161954],[59.610822098902744,188.01488585756937],[60.05393116320053,187.91368589278997],[60.56868311947431,188.0084390106439],[61.007788797253156,188.19656102194364],[61.098719814366966,188.15561774643706],[61.140586943504005,188.25269430403372],[60.998796396437484,188.4994879634832],[61.23623368929321,188.5164925236286],[61.21706858727075,188.63824503342548],[61.44401217657623,188.66569535938484],[61.29604581865229,188.81759208096798],[61.53738069725946,188.88386002199175],[61.55651145233849,188.8111343036066],[61.608631046916244,188.85015849142673],[61.639443791885185,188.73992936198044],[61.768471110728804,188.82315586339166],[61.71829775488465,188.7714542117983],[61.84418544221832,188.61588493282056],[62.07715968098229,188.6936752256938],[62.09905625127726,188.77490819908283],[62.147472698174795,188.72144317126364],[62.290555417594994,188.84833159726014],[62.13905399362594,189.01023744957303],[62.13205412031821,189.18554015850947],[62.34967039788642,189.4897913480503],[62.457651729689125,189.5126506847403],[62.79657950517402,190.0582423182183],[62.79099568482409,190.24930933118046],[62.82349811017867,190.42248963072817],[62.95969318761118,190.53437710187353],[63.329122625153715,190.40505858173768],[63.552448039394825,190.44096033886615],[63.504746976871196,190.20170555198035],[63.68498751801693,189.87606447461047],[63.94241042869623,189.8726402112092],[63.99732010192229,189.8797794212607],[63.99327605252407,189.65127527194096],[64.20614097013198,189.61802993686163],[64.18116076321141,189.53791333015744],[64.3468310550631,189.5127278161487],[64.26452834477305,189.2234563297852],[64.41836768708627,188.92497900556836],[64.29970861473163,188.9423107348605],[64.3140471073927,188.8806292253768],[64.06494380568385,188.74524930071897],[64.1775365775536,188.52657149682648],[64.04801240684735,188.4470428272355],[64.27198415156413,188.23711647254967],[64.1997822968537,188.11014728251047],[64.28847006348414,187.6882647800023],[64.15654830129374,187.5973674648428],[64.40839099710217,187.31449669581147],[64.4494293200513,187.10707435535707],[64.63797349013221,187.19649356956145],[64.74940065355075,186.97799005472118],[65.01881899106914,186.94298693491336],[65.08139135685873,187.0057487061489],[65.30017148031408,186.6993730714899],[65.13468947969069,186.29158647220538],[65.19017005035457,186.2995843255231],[65.07762584368734,186.23366215822696],[65.10039286278942,186.16194031757357],[64.78050610561965,186.10344726901405],[64.79341152905012,186.04057009128357],[64.68015460214468,186.02524532871053],[64.70892910495805,185.7414741451508],[64.1889924642292,185.8742824343651],[64.05934231816097,185.55670606579977],[64.18376442685572,185.44164138403204],[64.11846467207303,185.32137973190027],[64.19452083017903,185.26039173747998],[63.97671048104679,185.03415159109247],[64.00297555472551,184.91603305265264],[64.35519534405735,184.72450282935492],[64.40718516870677,184.51963683478462],[64.15692160998422,184.27863743881963],[64.22791832868151,183.8493505077253],[64.32581309890627,183.7243729210234],[64.70734305032842,183.6254326978985],[64.77126126800869,183.1366389640289],[64.68854318285668,183.0521633931224],[64.81712566235147,182.73703883598668],[65.12617574620931,182.78660493768768],[64.99129307159474,182.62082066265424],[65.06409907556805,182.49739631173696],[64.97049612940323,182.54513689782823],[64.85133871007736,182.35256830293613],[64.63208258248459,182.24845381929205],[64.64231903197081,182.1824788663124],[64.50583641897859,182.23175217622324],[64.48966078791382,182.53721308566804],[64.07987777092006,182.38210940293962],[63.981418539165155,182.3874957130914],[63.98451527134386,182.19782591253724],[63.81981677567766,182.0990042968159],[63.53646438462403,182.13365082808696],[63.389636385141266,182.27736019405893],[63.153914606152476,182.29247243957076],[63.31433714835086,182.16325795194481],[63.09670492898189,181.98768222218942],[62.90166998644213,181.234712420105],[62.62253199136038,181.1989913869349],[62.35541773849799,181.58380750638773],[62.17590936081752,181.655981674965],[62.11741217037984,181.55895541082864],[61.92902257393285,181.63332605281],[61.89994295528777,181.84828565380903],[61.524500456737414,181.8082158474734],[61.49995916330225,181.92467385769675],[61.65517737892191,181.9282434316198],[61.74466564270291,182.03379142069468],[61.660116099304894,182.1398328853819],[61.64463889495946,182.42103653803105],[61.62094496793122,182.32820433254886],[61.561157197719204,182.50998327507628],[61.67471342115963,182.55430342671264],[61.69739342655679,182.73170384101576],[61.47576662080857,183.00952224192568],[61.52889189787369,183.1308173320358],[61.348492494286155,183.44270056428908],[61.33247724896898,183.809435838378],[61.170540163224395,183.79816390645001],[61.173997083588915,184.1354455242453],[61.26924877130583,184.19581809453996],[61.161764489955964,184.31115868881017],[61.14605010077899,184.216677186463],[60.799837397345655,184.35980194788308],[60.64344842668287,184.01750000662594],[60.341454631644524,183.95089887038915],[60.399956651606246,184.10764707262607],[60.60299063337609,184.1866534538392],[60.67424706689681,184.34386808929852],[60.63352009268838,184.55625519502192],[60.328248043251286,184.8180361088709],[60.223877038982835,184.75567803454635],[60.48246004727856,185.04193563069344],[60.48339253396857,185.14588545199754],[60.6578170093273,185.27758450839357],[60.612634346597766,185.34662670224373],[60.250079168584904,185.26837114094562],[60.16428939865399,185.3356931585522],[60.02122126238905,185.234886617276],[59.652171296062455,185.40985287598377],[59.536021175341816,185.56542794270118],[59.40339011353971,185.5351594340213],[59.15463506450842,185.6594921808732],[58.87799623760946,186.13598677385443],[58.604706878186185,186.23030816434775],[58.5498006700282,186.44227697839315],[58.19124900473988,186.24701163290604],[58.13136660933228,186.32289705507537],[57.89052253940954,186.28004761659815],[57.88804700793507,186.40645288462065],[57.78510459748658,186.29203632001125]]]]}},{"type":"Feature","properties":{"CC_1":null,"COUNTRY":"Vietnam","ENGTYPE_1":"Province","HASC_1":"VN.HT","ID_0":"VNM","ID_1":"VNM.29_1","ISO_1":null,"NAME_1":"Hà Tĩnh","NL_NAME_1":null,"TYPE_1":"Tỉnh","VARNAME_1":"Ha Tinh"},"geometry":{"type":"MultiPolygon","coordinates":[[[[61.251657943070164,151.86039435543222],[61.15821778276496,151.8572458083271],[60.94073457547862,152.0811032239451],[60.77053549274769,151.97318737436996],[60.58356828621241,152.11229165554022],[60.574823229440725,152.6559104644002],[60.50876151865863,152.65763861672417],[60.44333655234726,152.9339169885058],[60.14013400313546,152.88658862841984],[60.132721543443196,153.15918069636405],[59.93900642355465,153.3935808155781],[59.832713538585786,153.3114982002791],[59.74668279987251,153.5367842227145],[59.84510196438219,153.6643087455997],[59.72282603056871,154.10319583521246],[59.59055558884212,153.9604300259575],[59.64007813407333,154.2394059070926],[59.50069612700373,154.1895177152082],[59.266475837007995,154.2929617760494],[59.07999303411476,154.25749604274873],[59.1289575221474,154.22642596542332],[59.03292976337676,154.01264935887104],[58.86355180139775,154.0510623994493],[58.72943374367464,153.70587448248875],[58.44775079010811,153.8947191643725],[58.36324698929293,153.78454138576953],[58.23208606776977,153.82584794266046],[58.10563572194992,154.05774257291165],[57.93764060270464,154.04119584615154],[57.95205614800806,154.1374464132543],[57.765877864022855,154.25187706033262],[57.87111957997946,154.95097628062067],[57.652266080977775,154.99556671022384],[57.54697005395966,154.6450136326416],[57.538516590242104,154.8659001886268],[57.34743712364407,154.93417815273963],[57.30185578245155,154.85696392978386],[57.07107342209597,154.91409143213866],[56.92067474785281,155.34533688096099],[56.65600623970397,155.41755620936235],[56.29834700598312,155.66855526628504],[56.362240905533255,155.91157643725833],[56.23609433092732,156.1967905078871],[56.30224334717526,156.36924415238582],[55.92909060154972,156.40361228464113],[55.90009158104312,156.56818745397146],[55.80305141916108,156.61918550696356],[55.81980463869244,156.72802420215953],[55.61450955862685,156.7464331453395],[55.43258169932251,157.07005101275382],[55.51251980418549,157.80998168410056],[55.60667415939959,157.92676265899692],[55.566510106368256,158.11544123999954],[55.82678016268793,158.3756417884353],[55.770762480406276,158.70955438589388],[56.04145639003374,158.96109199369803],[56.3504076792223,158.83107949085186],[56.77904650619494,158.7210437756004],[57.15431518020085,159.00991577943336],[57.50312562326134,159.05754180984948],[57.61306893237497,158.88589703500762],[57.88167125888058,158.82509557271538],[57.973132147427215,158.69526575601077],[58.389132972629035,158.55776056773774],[58.831976718337,158.69799411292095],[59.010727202780046,158.6600058066711],[59.07634621234196,158.78483413177074],[59.461806782765265,158.88895381221764],[59.46117992016574,158.96171276750314],[59.783680409843164,158.8978960653332],[60.04980917977012,158.3540354075985],[60.21378777111681,158.25759586720537],[60.61762287339309,158.33047741240273],[60.68270252614866,158.48851357863307],[60.970565506691464,158.54102847795573],[60.99801343582358,158.4695071425685],[61.131798718326074,158.48021076340757],[61.07643448782229,158.37447067480952],[61.47655424627381,158.6271649469223],[61.64289485583823,158.5535142546624],[61.76311049836157,158.76490616177338],[61.80188001132274,159.17536779872802],[61.9113317926738,159.1945559720465],[62.05000429927259,159.5710669947224],[62.60083644226861,159.63831632162191],[62.325593933619096,160.42852439286395],[62.551482917024416,160.6604054795449],[62.680768367845666,160.64503192751025],[63.18017368693963,158.91899838468393],[63.52655755578406,158.23691454478853],[64.20103500254694,157.27131620768483],[64.490941962744,157.3346268046677],[64.45332696114856,157.25706833348],[64.67887973920448,156.8423494020846],[65.64212288136393,155.62681274841597],[66.3675340545839,155.0024479570961],[66.8506442963785,155.0140689264791],[67.66299428318938,154.4246967372948],[67.8262325047183,154.42024554375595],[68.97688545356733,153.20934444843277],[69.52548812447519,153.11183906775923],[69.56580693457663,153.33560743851083],[69.82540054699939,153.35571326688375],[69.67749375814373,153.0044087439069],[70.20065093135278,151.94275482037847],[70.3495220224409,151.83951098866166],[70.47899374082624,151.5595694700669],[70.6540118817532,151.50407056148384],[69.93327646131077,151.41221581463967],[69.92980068085231,151.60390044005726],[69.69850863234927,151.6121389410612],[69.45438098556163,151.74728118593842],[68.78720460604843,151.85280336908113],[68.62738180749525,151.5351234047679],[68.43000717365976,151.5255837267804],[68.20434584070563,151.20147665910298],[68.27329764770373,151.04533165577917],[68.19305915421744,150.9314918172256],[68.07132383770887,151.0397556675858],[67.98154767911196,150.97443079766634],[67.72206327683791,151.15989399593025],[67.37755541904376,151.10442737902227],[67.27875024757019,150.9969445256908],[67.20861577149148,151.06882410130433],[66.98985147712524,150.9764042508481],[65.9663215394776,151.18384201395526],[65.61450761204657,151.34174272501429],[65.64004295281791,151.55633679772086],[65.96137779904932,151.8117376505048],[65.66275876573938,152.20300325827014],[65.37156138306165,152.22322332473618],[64.96848652504048,152.67806228673956],[64.76556959745102,152.57607789074757],[64.57087516520119,152.62184869028198],[64.38113092067044,152.9658195839022],[64.23857839255952,152.8644220975369],[63.995833122715375,152.97219968058855],[63.71879191991681,152.70663043088703],[63.16993959667655,152.64001582123294],[63.09396145085334,152.5525239656308],[63.32109668549243,152.46296106276117],[63.25925052859337,152.3038313083051],[63.13138377471909,152.37399593338517],[63.06563874715153,152.25331145473515],[62.709115930125904,152.13824804738263],[62.300706062848036,152.3677079171765],[62.09983791167377,152.182934107308],[62.11745238015408,152.02656751107537],[61.93786590533143,151.8683241068387],[61.251657943070164,151.86039435543222]]],[[[70.01624821099222,153.09956150969384],[70.13366561854986,153.17858823022252],[70.13672353829688,153.12487388980776],[70.01624821099222,153.09956150969384]]],[[[63.55297563814028,160.50817097814837],[63.57086142172585,160.37130171168099],[63.467331870076556,160.30331562257254],[63.346011121864805,160.3504876087624],[63.356680453814235,160.49964293032738],[63.55297563814028,160.50817097814837]]],[[[64.74638410050002,160.97811384561214],[64.67091205430559,161.00533314554028],[64.5980711883488,161.14435075224856],[64.74638410050002,160.97811384561214]]],[[[63.38363114472658,160.81835494380135],[63.461685230170715,160.60793269755052],[63.275439424695506,160.61324582777758],[63.25403170780781,160.78903112330136],[63.38363114472658,160.81835494380135]]]]}},{"type":"Feature","properties":{"CC_1":null,"COUNTRY":"Vietnam","ENGTYPE_1":"Province","HASC_1":"VN.HD","ID_0":"VNM","ID_1":"VNM.22_1","ISO_1":null,"NAME_1":"Hải Dương","NL_NAME_1":null,"TYPE_1":"Tỉnh","VARNAME_1":"Hai Duong"},"geometry":{"type":"MultiPolygon","coordinates":[[[[67.96508350926655,182.57777557385037],[67.74589123286925,182.59919469210044],[67.35323967751737,183.10623881655846],[67.42354328090302,183.1119786879575],[67.38541060822394,183.32181310280274],[67.26374513787601,183.3378014640402],[67.15094781396445,183.4939663361836],[67.0291311670138,183.46453773077252],[66.85681674318016,183.71146271974376],[66.77049171455901,183.65236135902381],[66.48588359978125,183.9639194132516],[66.58267193116721,184.04797375835213],[66.4169903580837,184.22585472089932],[66.43671090476748,184.43107178546327],[66.54504528920396,184.46250585711277],[66.65256465104538,184.89359378229932],[66.54587854536943,185.0713678281981],[66.74581229634217,185.21869266779711],[66.69508281404447,185.52686778526785],[66.78293148590043,185.60605639098085],[66.52860177128122,185.7070689368356],[66.55870446493701,185.86769408349133],[66.44672787942824,185.97484495956272],[66.56009137483534,186.17466722541735],[66.6944135015413,186.03384952853128],[66.89572561919756,185.98732096273724],[66.8747086158476,185.81136156882422],[67.44552921081437,186.04645218185203],[67.43685515621597,186.11233958591333],[67.69879972288295,186.0644416259852],[67.71467817055255,186.13676171547115],[67.93510652796888,186.0240280413792],[67.99066970357958,186.1769085942795],[68.23665996301695,186.413054615971],[68.20829008460922,186.6132088032232],[68.39852661397612,186.83381902788685],[68.23449128816237,187.37838912218305],[68.272642069198,187.54698452549832],[68.52748849450127,187.84416501680036],[68.38003964323325,188.23452317258838],[68.42079078575063,188.35944470728643],[68.54428602746101,188.3510221800792],[68.52490645527509,188.26536578826108],[68.76817709814583,188.0564299262893],[68.79121391532628,188.13949728246828],[68.97670570990353,188.14844757892897],[69.07141334208055,188.38912636343565],[69.48400752350993,188.53432819136518],[69.6211460167931,188.80363061137808],[69.93855434617754,188.81539722758325],[70.05362809470486,188.73991698749546],[70.30748612181934,188.8022044009874],[70.43136216168314,188.7230405555106],[70.4187464943976,188.4583679076087],[70.35355180761562,188.43515050141994],[70.38018216186823,188.27163632814992],[70.19803928883455,187.83193238138807],[70.24991766699829,187.65459362799672],[70.12472520599285,187.5173533179975],[69.79308221469265,187.4998523499836],[69.76697645730161,187.392687591981],[69.88345013334269,187.22713635565773],[69.78727409034012,187.08103340437586],[69.9432249420697,186.91249315758157],[70.28166605168916,186.94195648707313],[70.41561686731968,186.82345086438036],[70.6034243573941,186.85166690865387],[70.57741277016179,186.70183134863473],[71.20766109222383,186.82254099331513],[71.50926994199497,186.61170792712642],[71.60654024796115,186.40662614234492],[71.18004886182148,186.29729860866246],[71.1318053340638,186.38583949538537],[71.00216227138796,186.14563750965908],[71.11661431217064,185.95239282046654],[71.33103005343169,185.86682226508674],[71.41001111545427,185.637980684821],[71.23076874372656,185.37955722461055],[71.17260915429009,185.43607255993808],[71.25572607916037,185.56511519554064],[71.14705124360223,185.61540969086806],[71.14007545388907,185.4519986085692],[71.0298260793204,185.3956543363306],[71.01273670181972,185.57706393641456],[70.91466327986075,185.57678183948272],[70.87485719007643,185.30053617280024],[70.94004232297699,185.28183464036033],[70.71590861165221,185.19909655048818],[70.89235526922191,184.954159062815],[70.84652088559274,184.88432754188477],[70.93977017788373,184.8526951996846],[70.90070114392333,184.803424248699],[70.98020235854109,184.76990078438976],[70.68542667720807,184.47289059311618],[70.69109506840466,184.6009481596569],[70.47808878998238,184.60103220483816],[70.41204888630332,184.5036931669643],[70.34785120004229,184.66322023611207],[70.24746631528842,184.68556167363357],[70.18119321186934,184.55735431055479],[70.39426117440082,184.31707813322132],[70.30006024890243,184.16091085479022],[70.5740916806769,184.14129952933976],[70.51699414056985,183.90019109438728],[70.46240321799507,183.97963463670877],[70.271202746464,183.89282323410328],[70.39967811576886,183.68625899969408],[70.4110043179178,183.43828564832302],[70.25609973498717,183.3235972045889],[70.16161540667673,183.3677040259986],[70.06611565642108,183.24388055286855],[69.9294738914859,183.24729879598925],[70.05701430450348,183.05472261226564],[69.9068059336142,183.014795859505],[69.88703621041654,183.16429802029003],[69.76504325637703,182.98239751028265],[69.50819960508116,183.1543520337115],[69.44210162282684,183.07626482366507],[68.94327143417152,182.7729137984268],[68.79267357542729,182.7743450079669],[68.73482512854666,182.8663441183174],[68.32882513580044,182.63859248759815],[68.22760704872498,182.70941540567816],[68.23639502915559,182.819891759181],[68.13529429412392,182.87972867845835],[68.18607803892644,182.69537673547094],[68.03105981323365,182.66676960708045],[67.92353115713382,182.79627326271262],[67.75412820920529,182.71247057346866],[67.96508350926655,182.57777557385037]]]]}},{"type":"Feature","properties":{"CC_1":null,"COUNTRY":"Vietnam","ENGTYPE_1":"City","HASC_1":"VN.HP","ID_0":"VNM","ID_1":"VNM.23_1","ISO_1":null,"NAME_1":"Hải Phòng","NL_NAME_1":null,"TYPE_1":"Thành phố","VARNAME_1":"Hai Phong"},"geometry":{"type":"MultiPolygon","coordinates":[[[[83.62823127818825,176.45128264078883],[83.58369149166084,176.22805769429627],[83.08481043937226,176.2613229087689],[83.61293064835644,176.70268569944295],[83.78750867484662,176.73491888389268],[83.62823127818825,176.45128264078883]]],[[[77.3782855038127,181.8368277058939],[77.39901638614826,181.79517826015345],[77.35266699019121,181.8007461042226],[77.3782855038127,181.8368277058939]]],[[[77.3071839787192,181.86320308188414],[77.25720525222472,181.85161094074726],[77.2772650871761,181.87641601955588],[77.3071839787192,181.86320308188414]]],[[[77.51284315292631,181.917762103833],[77.49274399579556,181.87468865116142],[77.43929610609985,181.90752821262268],[77.51284315292631,181.917762103833]]],[[[76.4563179659371,182.91920162379517],[76.48535586818684,182.95523127996907],[76.49883840778354,182.90848076017426],[76.4563179659371,182.91920162379517]]],[[[76.44183176176686,183.02486961745805],[76.48397154820776,183.02204831964812],[76.45681760254288,182.98546098935844],[76.44183176176686,183.02486961745805]]],[[[76.43458890892117,183.0911158111945],[76.45199896926975,183.1638169626687],[76.48004273423926,183.08043520721696],[76.43458890892117,183.0911158111945]]],[[[76.60245190195353,183.42627669110976],[76.5980927576534,183.37912552923666],[76.53007725323219,183.40277178048524],[76.60245190195353,183.42627669110976]]],[[[76.43207808429935,183.44253283083214],[76.42125570008082,183.4130934714918],[76.34899241546636,183.4548111694299],[76.43207808429935,183.44253283083214]]],[[[72.10798556626479,181.76358238462115],[71.87356907327731,181.93486517512687],[71.62829342394667,181.92871814814788],[71.51672293161558,182.0706667012271],[71.14248337277445,181.8446510091808],[71.06067989471039,181.9223318390185],[70.88116558126637,181.87727544416973],[70.86201293528914,181.71233054361699],[70.64317426970065,181.64430606195822],[70.60108575463077,181.74592458376094],[70.36510907594707,181.8061092718318],[70.22978492932164,181.60058320587714],[70.13155557883124,181.59483854721617],[70.05365593841519,181.78782052692043],[69.90675230500932,181.8385807742203],[69.95368021197365,182.0590318091174],[69.78827786665974,182.3039540791742],[69.36856013577797,182.63247807497459],[69.54613151674386,182.94309274735346],[69.44210162282684,183.07626482366507],[69.50819960508116,183.1543520337115],[69.76504325637703,182.98239751028265],[69.88703621041654,183.16429802029003],[69.9068059336142,183.014795859505],[70.05701430450348,183.05472261226564],[69.9294738914859,183.24729879598925],[70.06611565642108,183.24388055286855],[70.16161540667673,183.3677040259986],[70.25609973498717,183.3235972045889],[70.4110043179178,183.43828564832302],[70.39967811576886,183.68625899969408],[70.271202746464,183.89282323410328],[70.46240321799507,183.97963463670877],[70.51699414056985,183.90019109438728],[70.5740916806769,184.14129952933976],[70.30006024890243,184.16091085479022],[70.39426117440082,184.31707813322132],[70.18119321186934,184.55735431055479],[70.24746631528842,184.68556167363357],[70.34785120004229,184.66322023611207],[70.41204888630332,184.5036931669643],[70.47808878998238,184.60103220483816],[70.69109506840466,184.6009481596569],[70.68542667720807,184.47289059311618],[70.98020235854109,184.76990078438976],[70.90070114392333,184.803424248699],[70.93977017788373,184.8526951996846],[70.84652088559274,184.88432754188477],[70.89235526922191,184.954159062815],[70.71590861165221,185.19909655048818],[70.94004232297699,185.28183464036033],[70.87485719007643,185.30053617280024],[70.91466327986075,185.57678183948272],[71.01273670181972,185.57706393641456],[71.0298260793204,185.3956543363306],[71.14007545388907,185.4519986085692],[71.14705124360223,185.61540969086806],[71.25572607916037,185.56511519554064],[71.17260915429009,185.43607255993808],[71.23076874372656,185.37955722461055],[71.41001111545427,185.637980684821],[71.33103005343169,185.86682226508674],[71.11661431217064,185.95239282046654],[71.00216227138796,186.14563750965908],[71.1318053340638,186.38583949538537],[71.18004886182148,186.29729860866246],[71.60654024796115,186.40662614234492],[71.86662866062036,186.30770080625763],[71.9874261163612,186.3954220805999],[72.8056305227895,186.14136013160206],[73.10862672559398,186.1280096960132],[73.28833460680201,185.85256858673787],[73.31527311968001,185.19758126923296],[73.21383063142127,185.00369495284593],[73.12127656780581,184.8027906366067],[73.29567753116446,184.43021800194293],[73.50814993179608,184.26987443124764],[73.806123666543,184.2371572697232],[73.98313639445219,184.04411513035228],[74.41393237528497,184.29482125599236],[74.73520907005285,183.91948132825388],[74.26748140312897,183.79754510526723],[73.3098091595062,183.85349945879932],[73.21413441274635,183.6139799036532],[73.33440971121411,183.55248960192964],[73.52127495454727,183.05110498289886],[73.63953499923639,183.02749125019767],[73.54352117144754,182.7896864352726],[73.59434853623783,182.58923176020164],[73.73026615169407,182.4913821533889],[73.59366268795077,182.56027219567466],[73.56026002219893,182.69630990358866],[73.28623028776151,182.9369964022499],[72.65079490995737,182.59920237995559],[72.65874526459393,182.34250048298554],[72.46614396852706,181.99440771245654],[72.10798556626479,181.76358238462115]]],[[[75.96790377144899,182.92952136067373],[76.00464800700152,182.95851842016265],[76.02244093510075,182.9126668638973],[75.96790377144899,182.92952136067373]]],[[[75.91585633397924,182.981563366749],[75.8817410658887,183.03399376927877],[75.93963131124885,183.00000929489363],[75.91585633397924,182.981563366749]]],[[[75.44331685013333,183.5853046238749],[75.26329475267718,183.83709442125885],[74.89454253821812,183.88620308261633],[74.8930463117664,183.95293212223385],[74.94899526616861,183.9073151989148],[75.00291867953835,183.90745516789457],[75.02875514526292,183.93519006552063],[75.07102537838544,184.04140761379742],[75.16273776279559,184.1160386725534],[75.20654881025315,184.01191535875427],[75.19536360010522,184.27049543639305],[75.10100179612685,184.20753049328226],[75.21212623873191,184.28933633989863],[75.24733157895784,184.58202604241774],[75.1621922721392,184.66715575646197],[75.27598999171943,184.7921058998338],[75.27616406348001,184.58103399891806],[75.33680551941305,184.5249833879915],[75.55877316108062,184.54195965351465],[75.54182940806834,184.43997964696982],[75.70450018419999,184.61940438513582],[75.79071915800918,184.5772287760649],[75.76718055483137,184.42071517111182],[75.81324837184762,184.51019336453214],[75.90164602804008,184.3761540638408],[75.84419573418116,184.53894375115308],[75.96332190649576,184.62294675347204],[76.03852630938793,184.5596343758169],[76.02824813607374,184.63311311324],[76.13356383006517,184.62597550705163],[76.25796509693204,184.40915211346174],[76.22729705603403,184.2106367440033],[76.26887518581357,184.07885780767285],[76.35411162619594,184.1818349578817],[76.26932191275543,184.19635875388485],[76.28263096806323,184.28680559650442],[76.29498104396146,184.20940918587155],[76.40871664062757,184.29717587691903],[76.40616091890591,184.11231382973702],[76.44083373110699,184.16923849493082],[76.52745623041628,184.09371168591431],[76.57186851704839,184.19712270985713],[76.82478424309495,184.01863446765202],[76.82332952380412,183.93772610447994],[76.87474575584947,183.9875671213834],[76.92269732777616,183.80763184886305],[76.80393296614993,183.83517753585926],[76.71950783211611,183.98634984071901],[76.59588961201739,183.98362717711618],[76.84352192475525,183.68805428716004],[76.67301022801398,183.66508021288487],[76.65960033863466,183.7806363882847],[76.59266060243722,183.72382827000422],[76.34002744231258,184.15384806568207],[76.50237710815952,183.7149033520148],[76.50639201702916,183.6439413952386],[76.27836669602719,183.60453016499844],[76.34972392236601,183.5507600433142],[76.25713914911904,183.48907147405757],[76.11275920365216,183.77072272764104],[76.23856558193938,183.47536758021775],[76.52595173289463,183.31662624264698],[76.52623869345877,183.20176853518],[76.37071082131553,183.3224469661179],[76.40579924820848,183.00120993839138],[76.33907950284149,182.94368769246864],[76.23583479814744,183.10939270429157],[76.21214615385607,183.0351983532893],[76.1982623976605,183.1385697914942],[76.1007115612287,183.14086711021642],[76.14499395161253,183.010710818182],[75.92235010812271,183.14282688035445],[76.02324928921445,183.11007247252476],[76.03145542451959,183.18289881624347],[76.1861573868374,183.15939172265743],[76.20051205986302,183.22629964374363],[75.93835513215915,183.22123098158897],[75.96858835427304,183.3467734225381],[75.89359564041266,183.28300270910356],[75.75764068784873,183.3507781345115],[75.78444701450145,183.12168998268348],[75.7031026415515,183.23993655480396],[75.4813420082231,183.42751029184154],[75.44331685013333,183.5853046238749]]],[[[75.0547122512994,184.09128623432846],[75.02443613867256,183.93630536809482],[74.93180252716162,183.92420960546116],[74.847486954633,184.09754750086987],[74.90100595423026,184.18709545535947],[75.04701784248888,184.17430512148673],[75.0547122512994,184.09128623432846]]],[[[74.0265390358026,183.54972528512474],[74.06488329885566,183.60364072431454],[74.06849209991104,183.54956755810613],[74.0265390358026,183.54972528512474]]],[[[76.55506624590542,183.52794616811715],[76.57703478365407,183.5730965826515],[76.60136695830771,183.53648091231943],[76.55506624590542,183.52794616811715]]],[[[76.69515964134006,183.58561009948872],[76.75246423178906,183.63292489530718],[76.71074281112504,183.50278603688488],[76.63547333058045,183.6222710939713],[76.69515964134006,183.58561009948872]]],[[[76.82271260300129,183.57542880920985],[76.80022929390842,183.61471742660922],[76.842684697475,183.6265123603682],[76.82271260300129,183.57542880920985]]],[[[76.61614052049295,183.53194813093216],[76.70338367245702,183.4804028913055],[76.68640065723396,183.43221838896076],[76.61614052049295,183.53194813093216]]],[[[76.37467611826878,183.47763259550933],[76.37091817569524,183.50795224066573],[76.4134319803241,183.508900654876],[76.37467611826878,183.47763259550933]]],[[[76.5335904500289,184.2375900777269],[76.47402552001776,184.17568776008898],[76.46215289819297,184.20095792597152],[76.5335904500289,184.2375900777269]]],[[[75.13525741120837,184.1225154857686],[75.1029137353605,184.1697336572013],[75.13308485587493,184.19258558847636],[75.13525741120837,184.1225154857686]]],[[[75.04935135937886,184.19495734661967],[75.0677375887329,184.2595477613911],[75.14241945293378,184.24290885654534],[75.04935135937886,184.19495734661967]]],[[[75.16762560745529,184.5057081332043],[75.18898071401439,184.4569534136918],[75.16643697219665,184.43956163160863],[75.16762560745529,184.5057081332043]]],[[[75.11768511214221,184.43482373074139],[75.19003866343112,184.30752177637928],[74.91617732127082,184.21268812059066],[74.82527981504782,184.1386189256321],[74.76070324548743,184.21479302340776],[74.99535977555338,184.48417513903826],[75.11768511214221,184.43482373074139]]],[[[75.7777570566589,184.62309927429408],[75.80752844134174,184.59970505821533],[75.79191790474411,184.5822444385587],[75.7777570566589,184.62309927429408]]],[[[75.29691810594962,184.62659119876795],[75.34232743109023,184.63281714187752],[75.31434930513105,184.5677651620231],[75.29691810594962,184.62659119876795]]],[[[75.56865367811744,184.66805467090037],[75.62914444754733,184.66806454999767],[75.57539489940253,184.64208104548896],[75.56865367811744,184.66805467090037]]],[[[75.45596142585069,184.72622135092666],[75.51393113067202,184.69770991089968],[75.40832072581408,184.58173885216885],[75.32606395146674,184.77618219187138],[75.45596142585069,184.72622135092666]]]]}},{"type":"Feature","properties":{"CC_1":null,"COUNTRY":"Vietnam","ENGTYPE_1":"Province","HASC_1":"VN.HU","ID_0":"VNM","ID_1":"VNM.24_1","ISO_1":null,"NAME_1":"Hậu Giang","NL_NAME_1":null,"TYPE_1":"Tỉnh","VARNAME_1":"Hau Giang"},"geometry":{"type":"MultiPolygon","coordinates":[[[[58.140561971928996,56.075410098720454],[58.18156555785766,56.294714426435995],[58.3256641814961,56.412342173256334],[58.41135410146665,56.383281527653985],[58.51324137027178,56.6301082998437],[58.455731260759535,56.62639508570037],[58.50733361697697,56.69149305054746],[58.34615507620165,56.80378602528273],[58.11414714493536,56.78900241970967],[58.1339203670271,56.943140860622286],[57.953244106461135,56.897531297648776],[57.740008474265714,56.99849727514198],[57.62642151885998,57.27293375343772],[57.97949521259338,57.42064573013012],[58.08487962210573,57.56990523467887],[58.329519496357904,57.658299153805395],[58.484733901577776,57.831365540443855],[58.547478057766696,57.79716740833489],[58.58510153478377,57.9474545417176],[58.5175375482686,57.93365804426238],[58.493992786297,58.03831445198993],[58.601312506858136,58.0585259486191],[58.56859295880311,58.13475552850469],[58.604725889183825,58.08987907917052],[58.84449215068025,58.333522163536884],[58.78892534380462,58.57439350937115],[59.80616308293703,59.060157624715],[59.75660771731904,59.10615708888393],[60.0154806689099,59.67252107844261],[59.93871503065538,59.743939716038895],[60.20085379125384,60.190367927984816],[60.14793467172634,60.21319526330443],[60.281161723230944,60.509012670243706],[60.35469122989296,60.47755688576665],[60.40879338095257,60.59447424445335],[60.538757971840454,60.537302088999986],[60.50818172458837,60.47485091461618],[60.91378697323157,60.04163846077764],[61.209649007306545,60.25634333604964],[61.231319818929734,60.383695560011496],[61.52774832817608,60.25051484566414],[61.35797088209401,60.09372431289175],[61.49103822842877,59.97270840908158],[61.94277017945924,60.17732456380467],[62.08983171784722,60.38058585466152],[62.68187826480725,60.14084187017936],[63.16141280999698,60.26144517865086],[63.449568632503556,60.46342827246629],[64.05663523638863,59.948746913198136],[63.801150782260066,59.70476846659323],[63.49714628444733,58.468171684273926],[63.57353253206226,58.448963732419],[63.43928710788541,57.80469990802084],[61.79747034605886,56.80099596380778],[61.47275955572824,56.49385758039701],[61.45207798046707,56.590668905121085],[61.24807973939916,56.504969128770526],[61.216925323056685,56.40436154649439],[60.88864397177226,56.2896197199369],[60.86297087195096,56.36541004232374],[60.635553945639835,56.14879629713647],[60.42097229275937,56.286579233645874],[60.34256098211567,56.1535955235029],[60.2216821549785,56.15854534723784],[60.20608356655928,56.07432917093147],[60.09415552454705,56.078797705222044],[60.084536876361724,55.960138651006346],[59.95709105330059,56.08734555989231],[59.6126700881995,55.96019956811245],[59.484274353044306,56.011257477458614],[59.44202088684342,55.91386133467498],[59.293439359616364,55.94036043853641],[59.22797526304955,56.08711578169279],[59.126690471450466,55.96556652495181],[58.98024890130136,55.98095612059914],[58.9606219532099,56.0844084896296],[58.77411957935658,56.13002827435423],[58.62201967918289,56.05950426536428],[58.60701852889043,56.14092937595433],[58.42492169557588,56.10013461516214],[58.386039182176155,55.98672779418778],[58.180219566801185,55.97394650169972],[58.140561971928996,56.075410098720454]]]]}},{"type":"Feature","properties":{"CC_1":null,"COUNTRY":"Vietnam","ENGTYPE_1":"City","HASC_1":"VN.HC","ID_0":"VNM","ID_1":"VNM.25_1","ISO_1":null,"NAME_1":"Hồ Chí Minh","NL_NAME_1":null,"TYPE_1":"Thành phố","VARNAME_1":"Ho Chi Minh"},"geometry":{"type":"MultiPolygon","coordinates":[[[[74.44686630436821,64.97847386609547],[73.70409239167218,65.94365696461414],[73.55788351309903,66.36869483540647],[73.61340588376984,66.71851793821251],[73.49691013931394,67.33672551292841],[73.3819109515652,67.27776135190226],[73.26930869887023,67.57246733814821],[73.42659467045338,67.61867843124512],[73.37574898623436,67.78253236501452],[73.43112594960193,67.83420270269451],[73.30982119480379,68.02743310691794],[73.06613277163333,68.1183424295071],[72.9588005968693,68.05582367899238],[72.91699238030091,68.13796186494406],[72.71517132241408,67.94905366265404],[72.57284411738819,67.99795810347163],[72.52854822354949,67.87166689086193],[72.26714606277187,67.83043082317256],[72.26467543048895,67.97951609244764],[72.17160145424411,67.96680387878783],[72.21166397443628,68.04061338706525],[71.99952113177896,68.1604066979952],[71.9501370787199,68.08085633904983],[71.7055217653781,68.13742594333549],[71.70173728994216,68.07177773058349],[71.55439682312968,68.14070383746217],[71.43452181041141,68.07728625059043],[71.35921467207325,68.15141037032664],[71.37616021197726,68.47008046849432],[71.2085308384539,68.47197705730176],[71.14707646700693,68.83168446714241],[71.03447101368958,68.90405923865912],[70.91268801020962,68.82967175979005],[70.82626987308922,68.93558421452974],[70.7129697534061,68.91045495747689],[70.39882488966306,69.2757188783696],[70.85635907106054,69.64639264129936],[71.17017398525356,70.91550240823277],[70.27809552024696,71.38530182690492],[69.80534874147055,71.74778241339219],[69.37413669053144,71.69990139374539],[69.19078294020984,71.94846485729406],[69.81958957849763,72.14735604494594],[69.77536383194166,72.3008714719495],[69.94724673335108,72.59004424654584],[69.96424129795065,73.08922760703713],[70.21419378927456,73.53694007376349],[70.18462107603159,73.59334321867553],[70.30244863508969,73.65810567147008],[70.26212248346238,73.84804659860404],[70.46595443273199,73.81539676103705],[70.42460152352783,73.73134815658872],[70.8607542647016,73.66609235157301],[71.08581138806493,73.43275651123426],[71.0847346156246,73.24833354993048],[70.97854166993493,73.20620617012489],[71.05327954795939,73.07270507270914],[71.17619234580316,73.07697254885228],[71.06143332221065,72.88825710519889],[71.35448893390664,72.57754140288843],[71.55271665567777,72.56867450887256],[71.60936561452257,72.67345039339033],[71.81608608491905,72.47242885730824],[71.87333739805823,72.57338978957526],[71.95329272674422,72.50332862335006],[71.86708748685862,72.39373290009021],[71.90973219225151,72.2192388591518],[72.11375925210181,72.17885570527794],[72.0958294132919,71.94971587043898],[72.2320670225881,71.82024686624142],[72.46148176573911,71.8363900043271],[72.48638151670266,71.30248653910115],[72.6829789746345,71.15559008699874],[72.8734116309239,71.15862737701511],[72.98275214590409,70.87567990747665],[72.92486275900677,70.70408152886297],[73.04390960063196,70.55936572942144],[73.30919462043737,70.59936423278506],[73.19964267894385,70.68201080457428],[73.24157580736329,70.87834197105563],[73.62118236542743,70.64215392102999],[73.56606974309896,70.62361323452454],[73.62625352991374,70.50427372364194],[73.755134588969,70.57956832003934],[73.72365587601435,70.70829656581006],[73.82559533594682,70.8520857454213],[73.96573274864045,70.65417499161961],[73.9421112953837,70.56283170793043],[74.26293723458407,70.61715690911136],[74.43226405713496,70.83422603659271],[74.61669775970766,70.91372788638434],[74.73939515179167,70.65654544538661],[74.69143450106571,70.52646956184549],[75.08940618921568,69.88663201445786],[74.89784539309187,69.6287800981965],[74.98715681368996,69.40629463038464],[74.75474804610099,69.49970832269318],[74.44608658185271,69.32649761212933],[74.41880183874034,69.56818750608134],[73.81178914976074,69.12284674687524],[73.63629393953063,68.88500629587655],[73.63643653292925,68.70154276124099],[73.87157520801351,68.37616899052213],[74.25795871222405,68.1636330240268],[74.44867069812834,67.84122155807884],[74.60248309166074,67.8192172104063],[74.66012487161409,67.94441800366084],[74.853823803124,67.92870377247786],[75.11054592796012,68.05347328238615],[75.46049279238889,67.60128448623334],[76.24782839735292,67.28616563542786],[76.32288897856155,67.5762107993595],[76.51616019704292,67.67258704505122],[76.72822140027682,67.33491038140433],[76.55105729894187,67.04207146378363],[76.73621759378581,66.81521480723957],[76.4042625119018,66.4198695925058],[76.39836304206224,65.93377012856831],[76.34152827777133,65.8248826613565],[76.05669781006478,65.77258208696169],[76.01878316042762,65.68142828307602],[76.24004604469887,65.52625560247066],[76.27809013684815,65.39508454908947],[76.10995330671645,65.18504809731138],[75.25734198110345,64.84232660292054],[74.58377462660937,64.7154094348393],[74.44686630436821,64.97847386609547]]]]}},{"type":"Feature","properties":{"CC_1":null,"COUNTRY":"Vietnam","ENGTYPE_1":"Province","HASC_1":"VN.HO","ID_0":"VNM","ID_1":"VNM.30_1","ISO_1":null,"NAME_1":"Hoà Bình","NL_NAME_1":null,"TYPE_1":"Tỉnh","VARNAME_1":"Hoa Binh"},"geometry":{"type":"MultiPolygon","coordinates":[[[[60.2011803805758,178.89589879828793],[60.06304200922695,179.00547829161133],[59.970781538058326,178.87021405655642],[59.0674459830129,179.1513322281042],[58.740538364835544,179.01719942974273],[58.09344990445552,179.22555179143572],[57.63550497546816,179.5738260024808],[57.61635410142398,179.51753466337078],[57.16094300420802,179.72297376574642],[57.255721740568234,179.960081935428],[56.962090327203946,180.2390040217352],[57.015299895465084,180.3366647833833],[56.87252080356036,180.50949885724754],[56.3696715437611,180.71774702962236],[56.2377941967764,180.64150150340532],[56.03937505143907,180.96700355451463],[55.91266293301681,180.97546248342465],[55.53602391677829,181.31288561528925],[55.40375289147173,181.23910843866116],[55.30442539448925,181.3564428422022],[54.984588628946945,181.28080363169934],[54.8930969282186,181.12401859862294],[54.65898807241146,181.15255468970295],[54.36738557299222,181.36873315522607],[54.18987100420303,181.34866103041395],[54.233802841433075,181.53068748008687],[54.01300971426128,181.7146511995691],[54.00956184756022,181.87079298372652],[53.84065765222072,182.1324218974414],[53.35744376135832,182.4166545597653],[52.83706767829186,182.35150465199354],[52.76865463715741,182.22085067227772],[52.66819031790046,182.3175072778631],[52.66659883925537,182.7131181149781],[52.80064101787753,182.79898240105337],[52.687484246106315,182.9826015184568],[52.75371397551314,183.12106844121283],[52.66408831647688,183.15653186203218],[52.68469162828207,183.31281650808444],[53.07894073310175,183.53407283889214],[53.59734198663448,183.2553625881504],[53.75221574344389,183.2732384271902],[53.860759787193146,183.17914976444095],[53.87483330143894,183.23353621684572],[54.25625527362092,183.01516701840148],[54.60111171794649,183.06446359322894],[54.55534084743601,183.2206054479672],[54.316172153211824,183.37768438424152],[54.47141384017524,183.7725014252937],[54.54553923190293,183.7299836641762],[54.683835998284486,183.92209407078104],[54.39034136718512,184.06115715304725],[54.489132183659486,184.40241789288055],[54.39013358342373,184.4291140320102],[54.425359120038294,184.54742105993344],[54.159574813816135,185.14068682813112],[53.77366865969613,185.40470707468563],[53.6008285829925,185.76259285019114],[53.38727187541637,185.93033502899206],[53.14404560033595,186.44730112533782],[53.0222367572735,186.51628376064832],[52.859113368174285,187.05104785677892],[53.01735970065066,187.04364865882616],[53.112209224216976,187.30268150267108],[53.491176832845646,187.45185207245385],[53.63923967975514,187.13688369879227],[53.47874507702319,186.94063462427164],[53.700266237523856,186.90965816832053],[53.76511131218575,186.81549024179634],[54.03267239983913,186.8609989546251],[54.636174448289005,186.47742645311868],[54.64750177842458,186.37408207334286],[54.747120764499876,186.42704382214205],[55.143226843259704,186.18922037057794],[55.398280230407934,185.72740502274127],[55.72797025197606,185.50523796665985],[56.1403033156792,185.48022276098368],[56.47065039324994,185.6944556606446],[56.6055933750227,185.61195997418],[56.4886590743045,185.36821729359787],[56.57377375059493,185.21834391636696],[56.77638000141679,185.3047822679019],[56.7562364473702,185.40730995998416],[57.08894007379618,185.54640654519636],[57.20016403019768,185.43902113497307],[57.31563003727252,185.4907176325706],[57.36131881487955,185.30904156122384],[57.513431505468404,185.36669262810358],[57.75787017394313,185.30058186955],[57.7932561782196,185.42995473308713],[58.09576186541437,185.4881645352841],[57.9128638623111,186.1586966213152],[57.78510459748658,186.29203632001125],[57.88804700793507,186.40645288462065],[57.89052253940954,186.28004761659815],[58.13136660933228,186.32289705507537],[58.19124900473988,186.24701163290604],[58.5498006700282,186.44227697839315],[58.604706878186185,186.23030816434775],[58.87799623760946,186.13598677385443],[59.15463506450842,185.6594921808732],[59.40339011353971,185.5351594340213],[59.536021175341816,185.56542794270118],[59.652171296062455,185.40985287598377],[60.02122126238905,185.234886617276],[60.16428939865399,185.3356931585522],[60.250079168584904,185.26837114094562],[60.612634346597766,185.34662670224373],[60.6578170093273,185.27758450839357],[60.48339253396857,185.14588545199754],[60.48246004727856,185.04193563069344],[60.223877038982835,184.75567803454635],[60.328248043251286,184.8180361088709],[60.63352009268838,184.55625519502192],[60.67424706689681,184.34386808929852],[60.60299063337609,184.1866534538392],[60.399956651606246,184.10764707262607],[60.341454631644524,183.95089887038915],[60.64344842668287,184.01750000662594],[60.799837397345655,184.35980194788308],[61.14605010077899,184.216677186463],[61.161764489955964,184.31115868881017],[61.26924877130583,184.19581809453996],[61.173997083588915,184.1354455242453],[61.170540163224395,183.79816390645001],[61.33247724896898,183.809435838378],[61.348492494286155,183.44270056428908],[61.52889189787369,183.1308173320358],[61.47576662080857,183.00952224192568],[61.69739342655679,182.73170384101576],[61.67471342115963,182.55430342671264],[61.561157197719204,182.50998327507628],[61.62094496793122,182.32820433254886],[61.64463889495946,182.42103653803105],[61.660116099304894,182.1398328853819],[61.74466564270291,182.03379142069468],[61.65517737892191,181.9282434316198],[61.49995916330225,181.92467385769675],[61.524500456737414,181.8082158474734],[61.89994295528777,181.84828565380903],[61.92902257393285,181.63332605281],[62.11741217037984,181.55895541082864],[62.17590936081752,181.655981674965],[62.35541773849799,181.58380750638773],[62.62253199136038,181.1989913869349],[63.021703402185594,180.45765761683822],[63.15719357279781,180.53347828225793],[63.16870392182146,180.4022876497164],[63.514953354967695,180.21581016035213],[63.567716138853825,179.62795334375667],[63.20278818295603,179.53073447218077],[62.87091807044814,179.94137592867895],[62.76637353604073,179.74166101059092],[62.66316023588351,179.8104599535193],[62.43753205578568,179.76829460708518],[62.51702729407831,179.4904404584777],[62.4478185976961,179.4743139707417],[62.4906206082363,178.9525849031077],[62.38025568603188,178.94613903365192],[62.37165171108699,179.11175241925918],[62.21193306936782,179.16043075611842],[62.22667357080784,179.29606948972406],[61.94297316607296,179.46157400784818],[61.7314323819522,179.45075788865304],[61.82906942339468,179.35680064391275],[61.81187560624802,179.25440916386046],[62.203493076828046,178.6282873655849],[61.7353071994563,178.2460273862227],[61.633816537194456,178.25536647739492],[61.08568969521551,178.74920330560593],[60.611389137216,178.98354819046256],[60.50359027896376,178.86607383225558],[60.2011803805758,178.89589879828793]]]]}},{"type":"Feature","properties":{"CC_1":null,"COUNTRY":"Vietnam","ENGTYPE_1":"Province","HASC_1":"VN.HY","ID_0":"VNM","ID_1":"VNM.31_1","ISO_1":null,"NAME_1":"Hưng Yên","NL_NAME_1":null,"TYPE_1":"Tỉnh","VARNAME_1":"Hung Yen"},"geometry":{"type":"MultiPolygon","coordinates":[[[[65.12617574620931,182.78660493768768],[64.81712566235147,182.73703883598668],[64.68854318285668,183.0521633931224],[64.77126126800869,183.1366389640289],[64.70734305032842,183.6254326978985],[64.32581309890627,183.7243729210234],[64.22791832868151,183.8493505077253],[64.15692160998422,184.27863743881963],[64.40718516870677,184.51963683478462],[64.35519534405735,184.72450282935492],[64.00297555472551,184.91603305265264],[63.97671048104679,185.03415159109247],[64.19452083017903,185.26039173747998],[64.11846467207303,185.32137973190027],[64.18376442685572,185.44164138403204],[64.05934231816097,185.55670606579977],[64.1889924642292,185.8742824343651],[64.70892910495805,185.7414741451508],[64.68015460214468,186.02524532871053],[64.79341152905012,186.04057009128357],[64.78050610561965,186.10344726901405],[65.10039286278942,186.16194031757357],[65.21932938448744,186.18410881826574],[65.39144577946354,186.0805224878803],[65.63227931928168,186.2381032375319],[65.94170177916183,186.1163814409179],[66.04527874929616,186.24077234332367],[66.32113006209441,186.11141567042037],[66.31661798128646,185.97052521927588],[66.44672787942824,185.97484495956272],[66.55870446493701,185.86769408349133],[66.52860177128122,185.7070689368356],[66.78293148590043,185.60605639098085],[66.69508281404447,185.52686778526785],[66.74581229634217,185.21869266779711],[66.54587854536943,185.0713678281981],[66.65256465104538,184.89359378229932],[66.54504528920396,184.46250585711277],[66.43671090476748,184.43107178546327],[66.4169903580837,184.22585472089932],[66.58267193116721,184.04797375835213],[66.48588359978125,183.9639194132516],[66.77049171455901,183.65236135902381],[66.85681674318016,183.71146271974376],[67.0291311670138,183.46453773077252],[67.15094781396445,183.4939663361836],[67.26374513787601,183.3378014640402],[67.38541060822394,183.32181310280274],[67.42354328090302,183.1119786879575],[67.35323967751737,183.10623881655846],[67.74589123286925,182.59919469210044],[67.96508350926655,182.57777557385037],[67.40636862096176,182.2282032835078],[67.49125798232363,182.08669512436254],[66.9543262385604,182.26765351102895],[66.89652955452625,182.13039643085796],[66.53480698395356,182.26428585687103],[66.27673655797268,182.04911431413566],[66.45711916090008,181.9513844831917],[66.18960177065473,181.8139586266501],[65.90986871757634,181.6403820534931],[65.74757453893835,181.6789947709253],[65.43068395015347,182.1199392306448],[65.48686710852203,182.47277904890532],[65.32621870980287,182.72025890681127],[65.12617574620931,182.78660493768768]]]]}},{"type":"Feature","properties":{"CC_1":null,"COUNTRY":"Vietnam","ENGTYPE_1":"Province","HASC_1":"VN.KH","ID_0":"VNM","ID_1":"VNM.32_1","ISO_1":null,"NAME_1":"Khánh Hòa","NL_NAME_1":null,"TYPE_1":"Tỉnh","VARNAME_1":"Khanh Hoa"},"geometry":{"type":"MultiPolygon","coordinates":[[[[95.59881272817373,85.50434433620838],[95.37673358878457,85.81272793337739],[95.50805880020333,86.1407772011111],[95.25955200228455,86.45959996895114],[95.32377828187137,86.55486012948366],[95.26398529771915,86.93267636166308],[95.32993372243106,87.05609223969162],[95.03257815409026,87.25859141262805],[95.08581858329492,87.33605984308528],[94.98829974354997,87.6186286993114],[95.10360241529085,87.8041480574061],[95.06299159623512,88.10721903156941],[94.93386170196213,88.2316009379271],[95.0085182712459,88.38744988670017],[94.89165787836846,88.46687159725577],[95.22461996458547,89.03901843336833],[95.39450784483118,89.1761474680954],[95.65092226760683,89.0869354585861],[95.76227113374337,89.139810552314],[95.834553898503,89.36774167836246],[96.09463771703476,89.43278519739658],[96.23712632443231,89.36598789158249],[96.33038780029833,89.14373194849861],[96.42544306087872,89.19466690465761],[96.74924083821509,88.95260411476563],[97.12325509369961,88.84730795475083],[97.20931684148425,89.14662545161787],[96.98317624468307,89.28705625040102],[97.20254653511374,89.53897101136059],[97.13891432252069,89.64038171943363],[97.40559302915656,90.11745752536314],[97.34485967621538,90.29902042568692],[97.01774108517525,90.46854960667842],[97.00105467904493,90.58854515243375],[97.16532162893071,90.81657369906586],[97.36955055081049,90.80067527027073],[97.54812219389305,90.98748035187931],[97.58114294127783,91.22108166545695],[97.4474665184391,91.39680223924483],[97.88783427293916,91.6074606745487],[98.28350089228276,91.47670179879775],[98.40512729727037,91.57324546832487],[98.36329990336375,91.71907520280885],[98.42477228100907,91.73749448359466],[98.73436868047108,91.94298592974695],[98.66332951898461,91.97937519076189],[98.94201521443763,92.10152772193769],[98.95080195767494,92.20816457647304],[99.17923987326168,92.1939297087481],[99.23949406169305,92.28950674002233],[99.42115949315163,92.18012298319493],[99.54056330644084,92.27793829953377],[99.52005482468596,92.39066073884435],[99.65354891935294,92.4651011969684],[99.79648285852336,92.8110748643014],[100.03612733830826,92.63804239623533],[100.33733133162602,93.14475765646476],[100.87193059303232,93.17558822485309],[101.03633642803005,93.00773142252963],[101.37285821459321,93.3046526449936],[101.49290872703686,93.23698173143397],[101.99562405982986,93.36803914466097],[102.04746355576178,93.28440067056245],[102.15653783020662,93.43207067066419],[102.28322989097158,93.41943680594106],[102.57732975742485,93.64629878613701],[102.81411311570898,93.38525742039776],[102.5630855807873,93.31208103197218],[102.47386537657715,93.09934741648134],[102.5379357117952,93.05057993467699],[102.50072337963856,92.85507429062453],[103.02302047732053,91.76371044320607],[103.16414155330716,91.8054582157834],[103.09052257559303,91.67638294477007],[103.26187412415815,91.41137858072129],[103.42513711699344,91.43930615140331],[103.45671335529464,91.35053572679423],[103.57581946701931,91.39505115630242],[103.65855483980826,91.19997803201991],[103.3961977126909,91.15588238176187],[103.38493627862967,90.68936465221456],[103.31681388450875,90.63339819000532],[103.43761734415192,90.24992900383629],[103.37254303320873,90.21386756674045],[103.30529824319498,90.34192265224323],[103.17141674082698,90.35342924425039],[103.1518376608056,90.65251487459703],[102.95982700274699,90.69474015568551],[102.87191016291587,90.94230436315873],[103.09130789111435,91.03382942882293],[103.05547915224834,91.40500495301342],[102.935196118365,91.57215385602392],[102.9020330995362,91.39831158348218],[102.6884137125081,91.45762590371034],[102.59925159600508,91.37262233549302],[102.58272701637878,91.08634193070293],[102.41715468240096,91.32396501521617],[102.28993220128545,91.19015898223839],[102.2363252295462,91.30001177160455],[102.35456021816685,91.35274461936525],[102.4704794424767,91.68182166263394],[102.51815145209005,91.60740144707917],[102.62916834652083,91.64915355005165],[102.7449455893294,91.89860507160178],[102.43717948394364,92.4668603144566],[102.39158053732503,92.87669974025859],[102.23834390751645,92.84813019284312],[102.11690960166325,92.47024977149397],[101.89761091699782,92.42977498352828],[101.37131453512879,91.75551603764572],[101.07026223183627,91.6623182567634],[100.87028160715036,91.3513016931412],[100.88354316970897,91.10937921780378],[100.7961019252969,91.14398045569678],[100.6522951642867,90.91727362715187],[100.81997023717304,90.77079802636813],[100.75826483310294,90.6296471588469],[100.81307015793826,90.51032878152301],[100.71660601479859,90.29845343108136],[100.78930475536689,90.19628935975838],[101.12146171134165,90.50727031610978],[101.25188037157008,90.42625665798823],[101.11548385768626,89.8342530122638],[101.21584654772234,89.54822339626546],[101.6455317656628,89.28875401153722],[101.73906137569243,89.32749457534625],[101.87398822195898,89.14926669332021],[101.74889857292541,88.82145497350191],[101.86002378218016,88.56997007613516],[102.32513101120803,88.41618970844908],[102.3828269668998,88.28436287208832],[102.22368334036955,88.1644445359907],[102.23696806033401,88.01602772277205],[102.03538359729639,88.19683185782776],[101.94224610098497,88.08603458611965],[101.93130261168086,87.79998303549431],[101.84643950515418,87.69600454942382],[101.48859222265077,87.87779190507854],[101.52987014325085,88.02801137465846],[100.87847178030374,88.72932311676637],[100.54883406565752,88.92499376207645],[100.31631241894694,88.55735506254003],[100.39553433987885,88.34152308782616],[100.78409042670344,88.27933886579179],[100.83537977508288,87.56721352675066],[101.2935199671082,87.22424784284188],[101.21441261867855,87.10863387055115],[100.90762746451401,87.05288029964537],[100.81532894822256,86.4224896262966],[101.02564059162057,86.14722540263553],[100.85924914954622,85.60063666419052],[101.1008592385812,85.4607611059509],[101.11329091811882,85.34513698025037],[101.00912675851902,85.29575124176138],[100.98642448463515,85.13879035737185],[100.81731401574197,85.07538298433386],[100.90865406226304,84.41042090161797],[101.43901255158129,83.49052247429368],[101.66361747185766,83.4623340565316],[101.68403155762289,83.22105513304356],[101.82387655585812,83.22855915801992],[101.54132256507202,82.87588478682072],[101.70380837151225,82.40642758206292],[101.80604955264415,82.37822935502982],[101.69967538902176,82.17703578917843],[101.57028453032058,82.2142069577152],[101.4676932147808,82.07122877267831],[101.34604897151772,82.31622329416557],[101.08262889383052,82.3997486037905],[100.7908348463557,82.2528147394519],[100.67715530334631,82.07666712830756],[100.70895393565009,81.6412292839292],[100.85821809978782,81.58289883410919],[100.76354793829726,81.59978523271425],[99.88796876993634,81.49894613281909],[99.31936430717674,82.12999245356042],[99.19038976761684,82.55537837443536],[99.05046322676256,82.68321740880319],[98.87860330841805,82.6900020880989],[98.71385384161049,82.83358440768693],[98.53393079668469,82.73299414546462],[98.15941811778015,82.84740122782527],[98.05519900982826,82.98372208042898],[97.91786737356938,82.9721218399812],[97.711169796787,83.14241072539754],[97.46437799476502,83.07770117102356],[97.2766931698701,83.2431772872885],[97.22831230199199,83.20421898282166],[97.14602516637095,83.31259227481458],[96.99317662891052,83.2626785985521],[96.92196937710136,83.44735448024782],[97.05513659434985,83.60291413768427],[97.02714274669532,83.87729780343929],[96.65632098408732,84.0254560127974],[96.62238674481023,84.1187106939046],[96.40450174857597,84.17450253604179],[96.4951158466481,84.33592687997168],[96.21136899919995,85.0883751239926],[96.28561327157747,85.48386658629404],[96.16311539310018,85.54566914137169],[96.03976145496702,85.40982135022247],[95.59881272817373,85.50434433620838]]],[[[101.33898928485954,81.90002603185589],[101.37721259767011,82.03121242502624],[101.4920574164051,81.88975907366324],[101.30673889161862,81.78294974572118],[101.17480946855902,81.88040316272048],[101.143255946891,82.05032458660705],[101.33898928485954,81.90002603185589]]],[[[101.1014814819436,81.1677005856337],[101.06472626441875,81.30020572846622],[101.14997356061487,81.28237472630093],[101.16715724233059,81.14286104066773],[101.1014814819436,81.1677005856337]]],[[[101.29699107095914,85.72077016966416],[101.23006682163862,85.76213166080306],[101.3351228734238,85.79636560329979],[101.4047105422282,85.67642007391837],[101.29699107095914,85.72077016966416]]],[[[102.27436434086924,84.15999682094734],[102.22301672471622,84.20269190013653],[102.27179056303565,84.28801360856201],[102.27436434086924,84.15999682094734]]],[[[102.14630097962474,85.63749731570192],[101.97508809984225,85.61783779148689],[101.93404264242035,85.70211333254646],[102.14630097962474,85.63749731570192]]],[[[102.65453435019545,86.8518939412839],[102.60588807389647,86.81774225946846],[102.58354958964857,86.86696539650028],[102.65453435019545,86.8518939412839]]],[[[101.68705274788043,85.8211871489715],[101.71192102425485,85.75726835696138],[101.636385300612,85.7426299821379],[101.68705274788043,85.8211871489715]]],[[[101.20283157259013,85.94506508435292],[101.1083766817205,85.82904764356402],[101.0488536845895,85.89134800733426],[101.20283157259013,85.94506508435292]]],[[[101.85166093620737,86.3652649508729],[102.00591526841694,86.19058364389568],[102.15245998360191,86.35096658707783],[102.28497034656145,86.27249102644721],[102.25961722911792,86.04557034009218],[102.35179174648108,85.97018673959641],[102.22004129539798,85.86012143032066],[102.12990160456033,85.90053234392019],[102.21325240014352,85.97108524719863],[101.92141514654534,85.9803817827531],[101.96422450182565,86.08547969117214],[101.84040765138306,85.97825843422518],[101.90471503625197,85.82927101710595],[101.78642156179457,85.80870452425867],[101.61585422317108,85.99749377996235],[101.32657896487491,86.13105524292648],[101.27734242945886,86.3023087826288],[101.17378284979911,86.31767589149821],[101.21482588731456,86.39203265513173],[101.50645559291966,86.2268682930208],[101.54750695774004,86.42853023126526],[101.85166093620737,86.3652649508729]]],[[[102.73232845337637,86.97106806216132],[102.69997098590069,86.97909479344085],[102.7007274465205,87.01980250877827],[102.73232845337637,86.97106806216132]]],[[[102.68212030084241,87.95464423521928],[102.72158524341795,87.98169867457128],[102.81794544191685,87.83179339553266],[102.68212030084241,87.95464423521928]]],[[[102.55819752599875,89.23003316080296],[102.48668877240371,89.2053674973775],[102.41685655597233,89.34230227219474],[102.55819752599875,89.23003316080296]]],[[[101.90980001437521,89.29857577013183],[101.83074903216892,89.2827823657236],[101.83451692845081,89.38809455439112],[102.05580882957659,89.43340447110447],[101.90980001437521,89.29857577013183]]],[[[102.40628551413829,90.9024080344339],[102.57864544062882,90.97691090801762],[102.81864590337123,90.88099190977145],[102.82209678118996,90.66913193592599],[102.96308315668513,90.52938412772268],[102.97029948381949,90.28615206324001],[103.14706058458931,90.1267024142616],[103.0175036721983,90.02880235068449],[102.82650092629838,90.2222666428693],[102.70966527362229,90.22958429645153],[102.54872514799517,90.39977552991067],[102.31221681052502,90.48234915147233],[102.31846729889897,90.62496664646372],[102.16269787224206,90.70319183086436],[102.07134479607238,90.63918226060743],[101.9066875726493,90.81334251596309],[101.92359059744358,90.93951678466264],[102.0726838832581,91.05116598861383],[102.40628551413829,90.9024080344339]]],[[[100.9875192553793,87.81634138453019],[100.94279816959089,87.82833225891473],[101.01725556680134,87.8532684816262],[100.9875192553793,87.81634138453019]]],[[[101.00827416104491,88.34197402165833],[101.01095915577154,88.29742850355572],[100.9814010051146,88.32792829867968],[101.00827416104491,88.34197402165833]]],[[[101.1683053478582,88.1094696073996],[101.04042114911016,88.16285281382716],[101.13525818263604,88.2960222350859],[101.25402714164444,88.17139622949207],[101.1683053478582,88.1094696073996]]],[[[101.04415843836361,88.28747505376656],[101.0665533802345,88.32077155266572],[101.07894365987697,88.2799775930326],[101.04415843836361,88.28747505376656]]],[[[101.62946809521767,91.67731773164758],[101.7109141496664,91.7228037555693],[101.64850944191261,91.66488811534856],[101.62946809521767,91.67731773164758]]],[[[101.85170736470543,90.98086422851166],[101.88931294105211,91.02078577076843],[101.9127902817431,90.9968635727589],[101.85170736470543,90.98086422851166]]],[[[101.93758595140943,91.01058109860578],[101.94815371770953,91.03843734687094],[101.96223224737395,91.00326848828331],[101.93758595140943,91.01058109860578]]],[[[103.03109380664708,91.18988477588208],[102.99849284310906,91.10715175369725],[102.90218606538123,91.18144528311143],[103.03109380664708,91.18988477588208]]],[[[103.72816763872513,91.20740004117269],[103.72399530041086,91.28581629668031],[103.74589484855731,91.28059662262893],[103.72816763872513,91.20740004117269]]],[[[102.31204327715679,91.1821226602743],[102.41086804404421,91.19917146333779],[102.35391954313378,91.07905735786743],[102.31204327715679,91.1821226602743]]],[[[101.98908720423601,92.00552393566102],[101.79834432770345,91.86214017547671],[101.82669757655093,91.96277350604612],[101.98908720423601,92.00552393566102]]],[[[102.58787887334435,91.78230670720097],[102.62472150234773,91.84074940837259],[102.67534254690655,91.81658737410842],[102.58787887334435,91.78230670720097]]]]}},{"type":"Feature","properties":{"CC_1":null,"COUNTRY":"Vietnam","ENGTYPE_1":"Province","HASC_1":"VN.KG","ID_0":"VNM","ID_1":"VNM.33_1","ISO_1":null,"NAME_1":"Kiên Giang","NL_NAME_1":null,"TYPE_1":"Tỉnh","VARNAME_1":"Kien Giang"},"geometry":{"type":"MultiPolygon","coordinates":[[[[56.87446590290851,53.843307523728036],[53.95434048161474,55.66038831989245],[53.86950371208583,55.45780262326771],[53.50270515947455,55.632376222397],[53.30656583932247,55.370395970562036],[52.97757361834803,55.70042922461739],[52.575289030644264,54.93386872322719],[52.17750907526786,55.33758012367816],[52.06121069615535,55.351601333461055],[52.31910838501487,57.44728509062167],[52.66476824257798,58.75667360367392],[52.80182732847729,58.986818570325816],[53.42582142866648,59.02698685204488],[54.421501169760624,59.973697754111946],[54.71221566983386,60.0934840047993],[54.849196655774584,60.058459174277324],[54.93475133360528,59.84033637578002],[55.10081468819423,59.88411649330728],[55.137979581231924,60.0984717456085],[54.79706324685499,60.81023536179253],[53.85742786361814,61.78931700922246],[52.745548134066176,61.66184215412666],[52.58850953217043,61.73698621651478],[51.715559062127916,62.94384299885905],[51.27704911103988,63.209435545380494],[50.943045318428275,63.28029191457287],[50.55512972391265,63.0706768851193],[49.89138286467732,62.24664271822951],[49.625911858409445,62.38001784201189],[49.4528188530823,62.32735203703126],[49.559760167371756,62.511971895642176],[49.334696421561375,62.83715098625632],[49.40366765230766,62.842459701387554],[49.28568734233578,63.01690658645999],[49.359884392701105,63.12481031553974],[49.268975356779066,63.537018876807274],[48.96031286174051,63.96772319453896],[48.81291800735893,64.01689696031923],[48.68688450411406,63.85273182702666],[48.69399507001681,64.21727241257406],[48.43166964577073,64.67430484045639],[48.13173013944053,64.99868603314091],[47.69416509084756,64.85471489636703],[47.8049321226773,65.25543861811629],[47.65127606166086,65.5255495417015],[48.10797133937873,65.59556790472367],[48.314741002099005,65.3072429701543],[48.53392584554795,65.70438928316763],[48.923206914921764,65.89690455738041],[49.012010526347744,66.30935409260708],[49.319378255940286,66.5032748654865],[49.32278854879516,66.69147150976715],[49.48965386670394,66.77564836963475],[49.96276603359109,66.72230367801195],[49.95846158901642,66.8424628611902],[50.523757514825185,66.7971726953453],[51.20011382096742,66.58889120178887],[51.474203771717406,66.59651345878183],[51.47009042903331,66.23006174864399],[51.68719800045115,65.98618777008544],[52.02160995756693,65.27285988526727],[52.43324760609956,64.72623934225925],[54.167846354025926,64.299773240527],[55.36273243888109,63.55352130093875],[56.26665187941785,62.75580032678674],[56.50892953252416,63.09033575732811],[56.55060349448584,63.04162694037062],[56.48734500969832,62.95308389405939],[57.30199212108038,62.24143861938807],[57.35975501729144,62.29908211032398],[57.440069537639346,62.198612694733],[57.51495498532733,62.27152981265719],[57.9188650277013,61.808618795809764],[57.95999665770134,61.60285221115432],[59.93871503065538,59.743939716038895],[60.0154806689099,59.67252107844261],[59.75660771731904,59.10615708888393],[59.80616308293703,59.060157624715],[58.78892534380462,58.57439350937115],[58.84449215068025,58.333522163536884],[58.604725889183825,58.08987907917052],[58.56859295880311,58.13475552850469],[58.601312506858136,58.0585259486191],[58.493992786297,58.03831445198993],[58.5175375482686,57.93365804426238],[58.58510153478377,57.9474545417176],[58.547478057766696,57.79716740833489],[58.484733901577776,57.831365540443855],[58.329519496357904,57.658299153805395],[58.08487962210573,57.56990523467887],[57.97949521259338,57.42064573013012],[57.62642151885998,57.27293375343772],[57.740008474265714,56.99849727514198],[57.953244106461135,56.897531297648776],[58.1339203670271,56.943140860622286],[58.11414714493536,56.78900241970967],[58.34615507620165,56.80378602528273],[58.50733361697697,56.69149305054746],[58.455731260759535,56.62639508570037],[58.51324137027178,56.6301082998437],[58.41135410146665,56.383281527653985],[58.3256641814961,56.412342173256334],[58.18156555785766,56.294714426435995],[58.140561971928996,56.075410098720454],[58.11828600660229,56.00463272838171],[57.83084429369509,56.03401889135443],[57.75194859779068,56.254836122177835],[57.61001062364585,56.120190334962565],[57.387946120580295,56.22487816559912],[57.24891013128593,56.546561325717306],[57.1533628508619,56.41125903812655],[57.15341227235109,56.119580223074955],[57.448777223525,55.80651980233449],[57.392369659628045,55.62430715967911],[57.5705462544653,55.659460603795324],[57.639985425950805,55.293549644885466],[57.54418120380203,55.28246234717685],[57.479122801470524,55.01324552637974],[57.31583155454323,55.063066573872675],[57.22136256331008,54.722716893333555],[57.243077166981934,54.23112945997609],[57.05512040403967,54.22349656139639],[56.87446590290851,53.843307523728036]]],[[[50.08504738663001,58.56440243974854],[49.99704912551968,58.39202533811254],[49.49254408808614,58.39352906835801],[49.813304526227505,58.68342522641405],[50.08504738663001,58.56440243974854]]],[[[48.93227435922676,61.14187893813087],[48.990365646773505,60.89806684010865],[48.885413916282715,60.863783434728845],[48.80787482453689,61.044564882566966],[48.93227435922676,61.14187893813087]]],[[[48.82253847214949,62.15163443233671],[48.79994178882393,62.093159450106185],[48.81691400506076,62.23078000576162],[48.82253847214949,62.15163443233671]]],[[[52.088629050817815,60.097386750869205],[51.990384347674734,60.28240342512198],[52.12663029254272,60.39691323366348],[52.33804207751566,60.39291139710702],[52.23821881214574,60.365701290553034],[52.088629050817815,60.097386750869205]]],[[[48.905375622911016,62.31835502919916],[48.85833061630233,62.29128077883699],[48.868831645501245,62.35295741899294],[48.905375622911016,62.31835502919916]]],[[[48.915579279767314,62.38699247364208],[48.886420068729684,62.449760494946894],[48.93612632876756,62.40477773608992],[48.915579279767314,62.38699247364208]]],[[[49.359990872277194,62.44614974057884],[49.28126761413466,62.43626031086512],[49.34303993600808,62.45585596094853],[49.359990872277194,62.44614974057884]]],[[[49.1294362363345,62.47769680821788],[49.24387229834606,62.45869617636132],[49.13048053636823,62.452448479433414],[49.1294362363345,62.47769680821788]]],[[[48.59183079698152,62.47077258232198],[48.556176647656756,62.38512261432144],[48.5225433222718,62.417984597004335],[48.59183079698152,62.47077258232198]]],[[[36.78064510609762,52.65335593595134],[36.805335378624946,52.60877252073482],[36.77743157956602,52.61226041022125],[36.78064510609762,52.65335593595134]]],[[[37.03594848123848,52.94015760385199],[37.002245644667155,52.84654529410816],[36.88587850337159,52.84269540632581],[36.782690133741646,52.69815439864549],[36.66004006738746,52.711403326111586],[36.63710526693483,52.90504802137683],[36.49077790472892,52.89817967502146],[36.739686352525865,53.08851477407729],[37.013375370738714,53.0828693512143],[37.03594848123848,52.94015760385199]]],[[[37.33615075089761,53.11927601556209],[37.33944025689765,53.02456250312675],[37.21325186572423,53.09963108224853],[37.33615075089761,53.11927601556209]]],[[[37.44572653135988,53.12559440891126],[37.35739483061912,53.185805788537536],[37.43440779984112,53.25150592317726],[37.44572653135988,53.12559440891126]]],[[[43.75985982023802,58.9875351444045],[43.704962263359526,59.005393945645196],[43.7715231807144,59.04653527947913],[43.75985982023802,58.9875351444045]]],[[[42.92025122203969,59.83910473311825],[42.95605678799569,59.79335917026167],[42.917902983124584,59.79625251242682],[42.92025122203969,59.83910473311825]]],[[[42.54816216734215,59.72060865831606],[42.510839417120565,59.75957634595447],[42.595326961518936,59.756184105584424],[42.54816216734215,59.72060865831606]]],[[[42.80481608541981,59.77195210537301],[42.86572830132487,59.77771648555804],[42.773511694850185,59.73128082506532],[42.80481608541981,59.77195210537301]]],[[[47.166154260055194,56.557158442073145],[47.086080966779285,56.58014428396769],[47.18760565664772,56.59769470325159],[47.166154260055194,56.557158442073145]]],[[[46.75922228077091,56.6340021999036],[46.748012640105905,56.680780869394674],[46.76853862572972,56.68594482008658],[46.75922228077091,56.6340021999036]]],[[[46.70712625544147,56.68140357330325],[46.69296793920608,56.712753285576774],[46.72623124038146,56.730836415706314],[46.70712625544147,56.68140357330325]]],[[[47.04180494117285,56.72887459715243],[47.037043046749766,56.802203625311485],[47.07202861103466,56.806909009666434],[47.04180494117285,56.72887459715243]]],[[[47.162630084966906,56.87775656274197],[47.122843169063515,56.88869146428064],[47.17484979180823,57.032668220739936],[47.162630084966906,56.87775656274197]]],[[[46.639882668005804,56.85301221992968],[46.55512122024102,57.14174432198085],[46.6593873500705,57.22082032101173],[46.63863254364545,57.43092206414793],[46.71901683505949,57.369525213311555],[46.71445668495713,56.8460095910788],[46.639882668005804,56.85301221992968]]],[[[47.114604581821695,57.19834099606375],[47.01512430464638,57.085868468702046],[47.02945905150032,57.16863845770081],[47.114604581821695,57.19834099606375]]],[[[46.967700666476,57.34035042612716],[47.03118903691822,57.39923790575589],[46.988805966765696,57.26723340371499],[46.967700666476,57.34035042612716]]],[[[46.65861716576958,57.570532194374145],[46.649666721220306,57.52081833885545],[46.628204536647736,57.626802439606394],[46.65861716576958,57.570532194374145]]],[[[46.743376527193,57.73217253497708],[46.7426931014968,57.795021311227316],[46.7880323434247,57.769019389369646],[46.743376527193,57.73217253497708]]],[[[48.5043083229136,61.882225573317136],[48.47612264483314,61.79730008707492],[48.44902480567324,61.888717420265],[48.5043083229136,61.882225573317136]]],[[[48.303629607463215,61.974504844513106],[48.37359982356429,61.913231056626564],[48.27344534284162,61.85903221390216],[48.303629607463215,61.974504844513106]]],[[[42.70674485261762,59.79569632826706],[42.61967284177485,59.83759195594812],[42.68763871802423,59.87221727614674],[42.70674485261762,59.79569632826706]]],[[[42.87459677397601,59.92028367389693],[42.85158026970853,59.973526036727655],[42.93120013214047,59.953797255669265],[42.87459677397601,59.92028367389693]]],[[[42.953064117001645,60.150396401722],[42.92399772470929,60.05807565804047],[42.78821020021809,60.161522374638096],[42.798587377935135,60.41003533364572],[42.953064117001645,60.150396401722]]],[[[42.82429302022383,60.561054247841426],[42.86804722391555,60.571683607877475],[42.951075196363014,60.3907964248497],[42.82429302022383,60.561054247841426]]],[[[42.83843419316681,60.657600774087996],[42.760198691167105,60.674333435090176],[42.7617420771348,60.763555008916725],[42.83843419316681,60.657600774087996]]],[[[43.53621799785991,64.68022268806261],[43.6049680527865,64.23587656349584],[43.54516443268881,63.8319131133763],[43.61113617841176,63.526204473913864],[43.49166618300564,63.186296082011474],[43.37864056321476,63.108533426793045],[43.03077580368278,62.249017839300336],[43.09508781664301,62.094716015037356],[42.88721467315411,61.70002419636915],[43.14965395280248,61.53711518829684],[43.02749629974525,61.08175871644877],[43.26341725696734,60.80076151564605],[43.108497711376806,60.92576085390658],[43.0269433530012,60.864482508335776],[42.94660479404382,60.946452558210694],[42.82660977318101,60.86211233670197],[42.66788263531486,61.269804041254034],[42.59325553305212,61.28394691846168],[42.13082974225771,63.483529066487364],[41.74635684568989,64.03562845165345],[41.49499809603085,64.0555854401399],[41.22684823306295,64.26269174454696],[41.08212722211281,64.27731930581557],[40.9303316715458,64.82663623664897],[40.82855368950543,64.88744580729511],[40.888053092858556,65.06498003016665],[41.830113957036076,64.84580426017754],[41.98555706342773,64.94988719558836],[42.119762900509805,65.32177935780994],[42.348973325160216,65.42297576953582],[42.416094600653075,65.75133787833055],[42.66472366031296,65.89221746121001],[42.798442132422224,65.83600464561665],[43.09681744312875,65.43498000561902],[43.16292740163519,65.47461096737761],[43.601084662450134,64.95175438091954],[43.61682551271638,64.76876880569723],[43.53621799785991,64.68022268806261]]],[[[43.078829944846845,60.73064998897152],[43.003410965664195,60.815045007514435],[43.069116894110735,60.770222943659455],[43.078829944846845,60.73064998897152]]],[[[46.449550691760784,63.99928634328111],[46.47677825575155,63.9649647719293],[46.35148312374969,63.9414872191659],[46.449550691760784,63.99928634328111]]],[[[46.22936781085566,64.01414043242363],[46.22392246253331,64.03291061395862],[46.27356459192627,64.03816410270274],[46.22936781085566,64.01414043242363]]],[[[46.5572999582876,64.0428742499501],[46.50359721813572,64.01985584504834],[46.53894854157835,64.10476985404057],[46.5572999582876,64.0428742499501]]],[[[46.280697618493775,64.13653642152786],[46.29714600385102,64.20525057544518],[46.3181156728698,64.17415506978787],[46.280697618493775,64.13653642152786]]],[[[46.34427637237519,64.34080618502131],[46.50793039481001,64.3684055992194],[46.41415505619441,64.27256066037948],[46.34427637237519,64.34080618502131]]],[[[48.66756344692112,62.68234816642847],[48.59131888781767,62.80816576563269],[48.67832430001883,62.82685160987268],[48.66756344692112,62.68234816642847]]],[[[46.597331444927875,65.53587723413176],[46.57560932094351,65.52076297651722],[46.591268791210105,65.57722405243267],[46.597331444927875,65.53587723413176]]],[[[46.42465144434832,65.19051955817183],[46.38626230862046,65.24370683002084],[46.465248086848504,65.29114150590327],[46.42465144434832,65.19051955817183]]],[[[48.29040109533876,62.11137568173239],[48.24723663391241,62.144868306208934],[48.26090059798336,62.17328692471735],[48.29040109533876,62.11137568173239]]],[[[48.5786002772236,62.27333046351413],[48.53670164985311,62.27668016853578],[48.552336347970574,62.30409971327344],[48.5786002772236,62.27333046351413]]],[[[46.621403456646235,64.11560167993909],[46.66580933760027,64.1220031365881],[46.662246517431534,64.09000109423465],[46.621403456646235,64.11560167993909]]]]}},{"type":"Feature","properties":{"CC_1":null,"COUNTRY":"Vietnam","ENGTYPE_1":"Province","HASC_1":"VN.KT","ID_0":"VNM","ID_1":"VNM.34_1","ISO_1":null,"NAME_1":"Kon Tum","NL_NAME_1":null,"TYPE_1":"Tỉnh","VARNAME_1":"Kon Tum"},"geometry":{"type":"MultiPolygon","coordinates":[[[[82.95851670946769,122.49432020378295],[83.11278830766115,122.51007999484949],[83.37661104450615,122.15683352775214],[83.38669272536859,121.85013312661088],[83.88927707201684,121.23602753922489],[84.13737188773688,121.2927338191082],[84.10775319628645,120.84247689573127],[84.23563784089441,120.38862578808885],[84.42263615310551,120.4757676188053],[84.59347347037556,120.40002703008362],[84.59252809723819,120.32212735050864],[85.00949686842002,120.20393978222188],[85.11424523111931,120.2533903644399],[85.23284179739605,120.16937163386122],[85.70826854436977,120.18727127793528],[85.9195518865328,119.99367557016198],[86.16995546975475,120.21288833871097],[86.31297638084096,120.18657665644288],[86.41952697562282,119.97374972620065],[86.53635916449825,119.93736719893329],[86.56763848391465,119.7955142718429],[87.11180320221156,119.58528763408127],[87.10666309561098,119.2034616946335],[86.9507397991829,118.80311213055813],[86.85488539493242,118.77439742453596],[86.86151476121466,118.58752170400064],[86.61156460906732,118.4190798286246],[86.82510337066587,117.93280590530064],[87.04757701331161,117.78066829411472],[87.32370412482209,117.82431671746052],[87.65595568957102,117.71621073651532],[87.83319266077207,117.44918919210511],[88.0957762735084,117.38328532362009],[88.11243762320638,117.25520531652134],[88.77833480190715,117.38905978813213],[88.91928689824428,117.52052551032872],[88.78227620841665,117.83920537410852],[88.7367060876361,118.32278937974584],[88.90866499054071,118.51778370623767],[89.14327828756791,118.46344283682372],[89.4332605152547,118.21000203706363],[89.75223950482237,118.19487319049381],[89.9256285130456,118.05280518012613],[90.09438604162074,117.62869162934699],[90.23268364214006,117.5798149658988],[90.26005305983895,117.43570407576105],[90.5755030204784,117.22027193618788],[90.69569545364266,116.81669154692537],[90.9896567332864,116.66761468833815],[91.00911535090903,116.47478997781955],[91.14012075753982,116.50129321559413],[91.29601838181831,116.07844197851904],[91.49472932201226,115.8707666143131],[91.88102536962985,115.76263014518497],[91.94667818048855,115.63469444118759],[92.14147154427253,115.57877503943736],[92.1826960005622,115.46547679972065],[92.59603730057569,115.58050740479788],[92.6882664182859,115.32851110321971],[92.84462951222335,115.27419535766025],[92.9696676556417,114.93638447692581],[92.87397395031238,114.67406977098963],[92.646290579923,114.44546094176542],[92.80986482328346,114.2860719480162],[92.57923699046088,113.7918903657846],[92.51923576664413,113.79309457617475],[92.4738589497921,113.60278314497475],[92.65630482216622,113.52815305927805],[92.98108532523942,113.5521757290004],[93.2129427862437,113.17694375552956],[93.04677153158437,113.0434338064665],[93.0052027621598,112.78854659245921],[92.75319923847094,112.66573582407678],[92.01118115370731,112.77731167703995],[91.76133179256774,112.9500240411147],[91.68967178313486,113.16416950367785],[91.51721971750989,113.30776899729946],[91.32624868688877,113.29134219497494],[91.12913053442851,113.04802063469172],[91.14363155240568,112.85111664561917],[91.3062182926323,112.69017832302036],[91.28112288941743,112.55672461234047],[91.42173825598888,112.40757718391392],[90.79856461330141,111.64604234867538],[90.76634353872178,111.46517700584234],[90.41992786832998,111.04807196421096],[90.47528324863086,110.89156937110894],[90.23258479982282,110.82148150918835],[89.88539931137008,110.94604710252595],[89.51462414839597,110.82050337966693],[89.39824254235621,110.6621128822182],[89.08115691054539,110.60370839384403],[88.88860150621811,110.37693415455303],[88.77826450211558,110.43290511412451],[88.85756564306224,110.51149683752926],[88.59752904221126,110.47231691618065],[88.48251854894941,110.54119274958217],[88.36333818636825,110.24667576999464],[88.0847516930126,110.19215403106331],[88.19566011802132,109.982676019251],[88.02188298871376,109.87443500585312],[87.84628086277726,109.42516981770737],[87.69416412284787,109.5454829985146],[87.30459796925115,109.1173041778416],[87.22871076945847,109.17742395296214],[86.92587745660886,109.08387070970107],[86.4885874608417,109.12211488983529],[86.08444021220069,109.54399684438415],[85.86053894232526,109.58909553336906],[85.40345933897657,109.37966857108917],[85.4262809272253,109.02228960023413],[85.33084975899807,109.0188724813599],[85.21358775223224,108.79911100215848],[84.83888720648397,108.9295297444012],[84.78306865771053,108.8224379943761],[84.62141971122932,108.78694788871793],[84.60971926227514,108.66941349687868],[83.79852710390482,108.87268562005389],[83.68938452697576,108.53754793590836],[83.462996636446,108.21072834635619],[83.54049743301293,107.91342776604318],[83.46090404148613,107.5228220298203],[83.36592850901012,107.4412743238659],[83.45865214891654,107.32945491816578],[83.37995610214905,107.10098714783548],[83.19850893833137,106.95257532278357],[82.98271346594457,107.0616276862503],[82.84719697338014,106.85947431107907],[82.83913029575291,106.66994324675649],[82.50542658940323,106.55060191072934],[82.31347995647924,106.6187674107773],[82.21567449705678,106.48286445962627],[81.96302213194745,106.48306113665029],[82.01565705629207,106.12788408352202],[81.86859557086404,106.14634176518449],[81.38995700844515,105.77231088694256],[81.4053273118508,105.57756910029599],[81.28225464875524,105.43679787206908],[81.24398069349411,106.08994606623652],[81.11067078511361,106.28016536738168],[80.45550092596189,106.17652895430825],[80.14581564124309,106.62473461111132],[80.23394595053982,106.68315750419241],[80.25329150648008,107.06158257829843],[80.38821652972074,107.05629561712082],[80.39201004409928,107.25816185648934],[80.18738280480471,107.28061956967758],[79.87549590069553,107.51470728502255],[79.93215003624623,107.76166442028686],[80.20045633923884,108.174913185038],[80.15097303583994,108.2501183427139],[80.34627007600724,108.34887557698167],[80.6862292509502,108.98483492242052],[80.61330261821078,109.14321791921786],[80.70495212716126,109.27768236551952],[80.66528619269621,109.74367052771882],[80.50433106339682,109.91776379440024],[80.71195634892013,110.43011456526312],[81.0321163955409,110.65032908118232],[81.1637856919222,111.07640050439853],[81.25161843502453,110.94516743843099],[81.56322006991843,110.95898721470242],[81.57756032181041,111.22618703370651],[81.8474101611289,111.99323382619394],[81.76084201058906,112.1350060248937],[81.94186145328115,112.31694672243493],[82.02862301927996,112.6731242942154],[81.87595744062538,112.99642247130421],[82.16866303328082,113.23864623441088],[82.09450740938959,113.40658598793337],[82.19639699998496,113.86510354805252],[82.2692513779039,113.87246511882414],[82.20354474391888,114.05630607835754],[82.32697945317585,114.26210907185185],[82.28153043375708,114.5651069432742],[81.89736453170232,114.64266582701974],[82.12366233575084,114.8984225064416],[81.93930332195366,115.19142807691404],[81.72152331996944,115.30501362488371],[81.92321758794515,115.52533063485693],[81.90126075764148,115.6234297109435],[82.09422039388272,115.67647737430562],[82.64392355066371,116.21040403414428],[82.59304884517971,116.5093024207722],[82.13286758515578,116.67451407349863],[81.97798669823699,116.92930160983053],[81.708633628271,116.93632010182783],[81.6399670984467,117.09737434168063],[81.41284518913042,117.26027817032472],[81.4468568201112,117.41271332785317],[81.27992227267558,117.57441317172834],[81.39510933678602,117.60165414747185],[81.28623027349256,117.8366144563444],[81.3391650086583,117.97138555637834],[81.6011343215971,117.98076246242154],[82.07950995762673,118.31698736957243],[82.5976621084614,118.08943541110393],[82.6835302563389,118.34421592587724],[82.89210065795383,118.27951586073975],[82.96057333910127,118.34088785494322],[82.70695168838932,118.75282618735591],[82.97801090571318,118.96991979645564],[82.81033226722795,119.27694577741578],[82.97511681969142,119.3038877886992],[83.01970085145878,119.46801847173055],[82.72654063922084,119.8820418646714],[82.53824062541591,120.00457342147371],[82.68008027299503,120.16184459626388],[82.74010624708312,120.08835758662103],[82.95296204812435,120.20740869112907],[82.94132355734561,120.35182212163755],[83.07228670183773,120.39618823164251],[83.00602395098703,120.39658084295633],[82.87226027922905,121.04561306536932],[82.9670277215599,121.30981458139358],[83.07819873565589,121.34190327508671],[82.98300573993643,121.56247199144491],[82.81219684449181,121.58316117008401],[82.79785385127123,121.95622169042154],[82.64927408913587,122.12223236785363],[82.83867478889432,122.26085673583806],[82.95851670946769,122.49432020378295]]]]}},{"type":"Feature","properties":{"CC_1":null,"COUNTRY":"Vietnam","ENGTYPE_1":"Province","HASC_1":"VN.LI","ID_0":"VNM","ID_1":"VNM.36_1","ISO_1":null,"NAME_1":"Lai Châu","NL_NAME_1":null,"TYPE_1":"Tỉnh","VARNAME_1":"Lai Chau"},"geometry":{"type":"MultiPolygon","coordinates":[[[[42.99829701460403,194.21672362793964],[42.81900815980072,194.15186621479498],[42.57797817434584,194.31379940443955],[42.56339575965885,194.07683772891855],[42.26704228818935,194.09566998590128],[42.14742848186484,194.2325200906013],[42.05882350112767,194.71621644089748],[41.98145197739782,194.6178442647131],[41.78420295520605,194.64170258702438],[41.52984553823873,194.93814960758417],[41.48748074066272,195.11669916669356],[41.22509885551342,195.13039718627692],[41.28813357494746,195.451792578212],[40.907691908478895,195.43787493768104],[40.76969163974584,195.61666095588728],[40.62430436148905,195.6469511260739],[40.61603027844221,195.79894722962098],[40.72006342644983,195.85541005611498],[40.891512453257114,196.27139015434082],[40.71400754579275,196.32596368202798],[40.70324728092262,196.57747264468767],[40.486876393590514,196.74214238753672],[40.5461778909076,196.9681541887859],[40.30256426434351,197.08497387443006],[40.159394328771725,197.56496545400643],[39.97220369112815,197.5327242263743],[39.69345959432015,197.7878501557366],[39.0392985757998,198.0068467287924],[38.81906645223721,197.94164868950307],[38.664535402919284,197.77884348211438],[38.6924254040532,197.56079610001137],[38.51351863846597,197.32006693792772],[38.28346880918172,197.4280456653157],[38.050141328745056,197.76834804755978],[38.22478006994696,197.99511368806867],[38.062940999195135,198.28082714400466],[37.86403714273184,198.29828157493708],[37.722442702957416,198.50102970030545],[37.55052931193041,199.15542394478874],[37.39901770869384,199.35370583424304],[37.42829129694923,199.42988589306114],[36.79700397792436,199.43101126086566],[36.52037065880468,199.1213934321093],[36.52340978654168,198.98278542541698],[36.30303119864699,198.91752487788403],[36.15628964950561,198.512286028124],[36.3490376550674,198.25410863610696],[36.30635909593062,198.1443496889607],[35.83772642510101,198.2520922020919],[35.49516744504165,198.49818961857923],[35.3778138292146,198.47173929451446],[35.06190772041406,198.6298996018624],[35.00584847367495,198.54822572433454],[34.84253500867497,198.5482324998235],[34.8372588817227,198.47681819558835],[34.68931610663641,198.53390881359883],[34.5467505306837,198.79528195091441],[34.34888725411984,198.86950080846316],[34.20825557480974,198.51402919369698],[34.261751155336576,198.37026107660503],[33.88309617595195,198.4167540143539],[33.66217290713323,198.26568566961552],[33.487651130821625,198.3620403757694],[33.2380278639311,198.31265213301762],[33.093806686239255,198.02495845242476],[32.8426301380322,198.1627717484871],[32.8749594510974,198.2069496195645],[32.66218590689998,198.48729224321463],[32.51352107024273,198.5173884953574],[32.580391174181834,198.72565184784386],[32.47313080377258,198.94078067787487],[32.4656639038962,198.7744178781645],[32.33612327217714,198.77557506893686],[32.08917196963164,198.59140232800993],[31.861152544763254,198.63467285466515],[31.77544830211105,198.42742970819702],[31.717710488040446,198.49420031829027],[31.348251780571033,198.49449533797934],[30.877260898531528,198.78857619995298],[30.940200448391415,198.90497259520475],[30.54613298048619,199.25443473211948],[30.503346019267116,199.72494764578502],[30.597980699322683,199.79100353838885],[30.63529003982655,200.19161226531511],[30.470326627913977,200.41898104523887],[30.01597491006427,200.57324470920443],[29.863444838120024,200.76082180405223],[29.70810700152437,200.6571860722229],[29.970652885218616,200.46191010784867],[30.07554280794769,200.1464932492262],[29.848839979659417,199.69643463345983],[29.458153765252835,199.79424699147762],[29.23105503832927,200.05715318026157],[29.240563603142327,200.46412615518864],[28.8233952853888,200.75361978761663],[28.65387698279437,200.74536538244084],[28.55473129896185,200.56196255487274],[28.43193900950736,200.5539511975442],[28.143623953208202,200.76755450857408],[28.090955252890783,200.9761239144667],[27.53860240417654,201.70400510796964],[27.468048742992902,201.91598134005957],[27.226931304978535,202.03311813094635],[27.14238224901072,202.23663574464155],[26.826010159848448,202.50221291143092],[26.865930495989492,202.61175730788378],[26.936922461819282,202.57563156275376],[26.900336341001367,203.0475392334571],[26.555555917919673,203.24652852804817],[26.519252459762747,203.3962124009826],[26.41375143041938,203.38970300877975],[26.336238411060343,203.82023030305888],[26.154172664430778,204.04932447150378],[26.152736572504057,204.15715347552424],[26.50486597213676,204.26317377040357],[26.426794611208404,204.5267941003532],[26.6886858032294,204.56343844025602],[27.03420324863041,205.01344134581387],[27.195741412181206,205.04673017038908],[27.035737503881535,205.1277585109319],[26.820345134629633,205.55173616362356],[26.959711553637536,205.6575177413174],[27.084379302510765,205.58916160130414],[27.394244211321396,205.78799057357548],[27.47861449567008,206.0536049118839],[27.611688391084737,206.1279890838736],[27.571627739451667,206.36148168991676],[27.722396776202,206.54552350039756],[27.872998241930528,206.57331177759545],[27.885879258032233,206.64812253635307],[28.170277515193813,206.6365078875274],[28.594926528209992,206.2730430364228],[28.57462136850561,206.20688582385642],[28.756806201980304,206.00249335593898],[28.792860141974185,205.78309412198308],[28.96696702171107,205.8157914325349],[29.133701523393825,206.1155783136996],[29.709591194888624,205.61596765545724],[30.039345714945522,205.76963451762236],[30.254147382370014,205.65902440914283],[30.28777255785431,205.50507355818812],[30.551727661239298,205.33245154950689],[30.71583815754695,205.34323211717685],[30.849324036027927,205.11207827298006],[31.08861708367011,205.0586874456602],[31.027765928027343,204.97994075031352],[31.095582464723,204.87007640298773],[31.44021487631867,204.86682462178854],[31.888665562923748,204.6537154402417],[32.04407926729339,204.4204602394791],[31.96654441483904,204.28465988025076],[32.08824396249289,204.20157008896877],[32.0363118886726,204.0899953956885],[32.23231348711815,203.9207780764342],[32.149997627355994,203.8478898717364],[32.34537198308,203.70113405408785],[32.38215802918182,203.52936622903945],[32.49033631282933,203.50401696054317],[32.59272120712142,203.22694921392306],[32.84454498563081,203.24576400181348],[32.94547650668974,203.16106225083433],[33.18718370944635,203.1719989858367],[33.21596920671336,203.01228764817844],[33.63931809187512,202.74762689495344],[34.160873551092095,202.8392262988625],[34.073236094947724,203.14245711457974],[34.22078980782255,203.52179843872923],[34.52384071117891,203.54721480794564],[34.893729268488464,203.88991070731123],[34.98880793521762,203.83038967974704],[35.26937979638376,204.06362665655325],[35.04497184223926,204.33331421182476],[35.02252677712466,204.49902723956254],[35.19975929438065,204.8645387454561],[35.292174408686066,204.87225351310218],[35.392085179156666,205.07335966581365],[35.75173467258412,205.04817101932133],[36.01212650454417,205.33287313118754],[36.11559310430332,205.2957993552352],[36.34894714709506,205.46514705047338],[36.3746194262941,206.05661505798722],[36.743958239018546,206.5412069587745],[36.743783172738375,206.85248974083086],[37.33732258173309,206.71896235424626],[37.4896568856824,206.5465219231009],[37.68865944737397,206.5108744735056],[37.7515911741046,206.35853217474437],[38.01010483255872,206.22082398209176],[38.01789824634113,206.08254176682814],[37.87827671171338,205.99608043291815],[37.91878548855074,205.64917040289072],[38.21756696664289,205.36734744860303],[38.17340159549625,205.14130930967082],[38.50284869617011,204.69718186378253],[38.719029141286974,204.585178504921],[38.6814177456632,204.53351723080135],[38.95151821801372,204.38981749739452],[38.97361758384453,204.29170283255962],[39.13128512198226,204.33928113742817],[39.386906112765416,204.22576424545704],[39.32350217432808,204.10873620181437],[39.51112687271337,203.68505414935717],[39.6133024559159,203.64316792443236],[39.543803181351464,203.40844425127767],[39.19263602189243,203.00322457706903],[39.53917614163838,202.52152712547039],[39.7001993496581,202.47048472745752],[39.699506195441,202.31232433287016],[39.93797602794643,202.14799872070768],[40.14688646322607,202.23995816324006],[40.7270044659811,202.2447915354079],[40.88068980457264,202.33635650216098],[41.13626968605018,202.3254830524512],[41.40866130327375,202.0666202808138],[41.427712504314314,201.65815183135666],[41.57139106206622,201.57447026326108],[41.57810538474281,201.46638907185334],[41.44364878477637,201.40227139279918],[41.48410428511661,201.35700804501386],[41.377090613207585,201.18231019234997],[41.628207588632336,201.07193852754185],[42.06208192187151,200.66687182128385],[42.23020605687155,200.3091940724872],[42.207518016050614,200.19205305809533],[42.3628143591198,199.9616061482734],[42.529190114766685,199.88537691917327],[42.44602049875169,199.69870713861548],[42.684864474956896,199.60199409406155],[42.96841040806121,199.25789824922362],[43.20018181259226,199.22208656402472],[43.275807403349845,198.8200991465547],[43.210953905224116,198.5431149338545],[43.40730510378139,198.1710182492752],[43.36075509818269,197.913535315785],[43.490311806020166,197.74361238871302],[43.3728438936079,197.61460879239814],[43.693553420649664,197.23780807948833],[43.54650956207539,197.1542263040513],[43.24286814668575,196.68154617966604],[42.99621776691077,196.84846785765063],[42.717401335284116,196.72561887838427],[42.6361621392861,196.5569185113249],[42.66696470029747,196.0905672268367],[42.99187569986137,195.76362644819534],[42.96395975123313,195.67795051577215],[43.33659297547836,195.3107001678868],[43.48137074407014,195.01088644354564],[43.442771892838955,194.86133371144751],[43.31690892984576,194.85409710795832],[43.332475773782924,194.67134750552768],[43.0988217205045,194.704170647421],[42.93313573674347,194.6059726944686],[42.89281647518394,194.39648581304183],[42.99829701460403,194.21672362793964]]]]}},{"type":"Feature","properties":{"CC_1":null,"COUNTRY":"Vietnam","ENGTYPE_1":"Province","HASC_1":"VN.LD","ID_0":"VNM","ID_1":"VNM.37_1","ISO_1":null,"NAME_1":"Lâm Đồng","NL_NAME_1":null,"TYPE_1":"Tỉnh","VARNAME_1":"Lam Dong"},"geometry":{"type":"MultiPolygon","coordinates":[[[[82.46288400017664,76.29068285031599],[82.36841691304093,76.16156925282537],[82.1162439853376,76.49331577545718],[81.93840228962199,76.51773178967107],[81.92753428815341,76.62700291037855],[81.83871444565025,76.6220291480018],[81.81603727052685,77.00181055487286],[81.68578084690387,77.07920306352929],[81.44927278785879,77.02765882227669],[81.47349569472807,76.92103855304886],[81.33815003033872,76.88598167796997],[81.32093271194927,77.02524110706744],[81.18918193565159,76.94526260902539],[81.18731599082663,77.11998612140584],[81.54493281117846,77.38561899294733],[81.52683097369774,77.48431741870445],[81.65110895566053,77.55450248311938],[81.30581787189868,77.98919176777696],[81.20457153728971,77.94292045939709],[81.18053211145788,78.01774135311133],[81.06742909780415,77.92695201814517],[80.95129211804047,78.11995342808292],[80.68892290694862,78.09357703670072],[80.54808900114341,77.96719265613669],[80.4718408983783,77.99894891251613],[80.57451283829124,78.0727463110907],[80.60390863388659,78.2821395645932],[80.4913907143264,78.46637465701691],[80.52640654477855,78.35730895656984],[80.39311425685533,78.42299290827164],[80.46404294694383,78.48508901331645],[80.40104580754014,78.5725859723122],[80.46007284090773,78.62890093660174],[80.38086998147374,78.72863568648074],[80.33181993055346,78.43023280352932],[80.21450025639633,78.28469474203231],[80.12256143628083,78.32960662549519],[80.08547194308866,78.4095629551665],[79.85704480325606,78.39911911624893],[79.73783755423612,78.59759099216431],[79.85299238930033,78.607043162157],[79.68724931582341,78.76733851343745],[79.79081332037784,78.91753064412164],[79.7639735474544,79.12930256439753],[79.36306803291728,79.4194147587566],[79.41126885701235,79.50031379074107],[79.32785656566375,79.59097821530845],[79.54280387889716,79.91301536849113],[79.46878717868756,79.9778129549123],[79.54698351390309,80.35946894370267],[79.70937202213237,80.50949049036066],[80.2955623112252,80.67409339079161],[80.33591898810839,80.7823549694235],[80.67179638108779,80.9083067307196],[80.72125228354682,80.83571397509846],[81.01145686454849,80.63697554815924],[81.18787161754437,80.83175571399937],[81.42811919439123,80.73862313947726],[81.68567977343493,80.97745252207305],[81.74042100118155,81.14277154830944],[82.01217209986345,81.27156205239837],[82.02416370231752,81.2111468431187],[82.33348459029102,81.20274333191998],[82.42232299155695,81.11248706776645],[83.16206919632435,81.68908912522032],[83.26315090084162,81.68192761154093],[83.3390870207603,81.93189167386238],[83.69753186917514,82.0988539525227],[83.73647253525941,82.23100916912671],[83.90770702186528,82.26148199972725],[83.8597052070837,82.53580329539186],[84.0351996804397,82.6106905696303],[84.17482791732844,82.56445153068839],[84.25647279330803,82.64049816309448],[84.4793057762511,82.55527675957671],[84.53260549577756,82.425820191415],[84.41643094368531,82.36384350032644],[84.52342547691006,82.1739708114858],[84.44992179206726,82.11003738090014],[84.49512935406092,82.03730118922941],[84.54438267184203,82.09905513058837],[84.98006849752295,81.80923312173368],[85.42148722096731,82.02648499312619],[85.50587800988892,81.9741241509928],[85.68641901076667,82.13394045708583],[85.70766540123891,82.0593435425921],[86.25137651411639,82.10036787534018],[86.35433785072598,82.0493204328485],[86.40693453455023,81.83980960323518],[86.29191300159813,81.76657971439181],[86.28661751471027,81.60524183054733],[86.37051803247618,81.54576829263375],[86.2634327591307,81.50391666499976],[86.47237546337202,81.30157600876184],[86.67980417891818,81.24408466452844],[86.76008503809547,81.37584952031726],[86.92898356135733,81.5375692186877],[86.94484406095029,81.46098608472414],[87.03573180575405,81.48664678048937],[87.22227793368283,81.16650859922724],[87.35600050126428,81.2767361413023],[87.70661026888449,81.34625959504794],[87.7630579947738,81.4784067865876],[88.1710323395459,81.72308125790913],[88.2545671585519,81.67012758729363],[88.74783208291147,82.42309860574214],[88.44470724296382,82.55430925126485],[88.42599868493707,82.76372366538978],[88.26697027703034,82.97530956581292],[88.17007801676976,82.91294767935536],[88.00634495475444,82.99433074778672],[88.05064186134899,83.13487063532327],[87.940390193542,83.38357312464773],[87.80714107115504,83.4434892215569],[87.67640559943158,83.8145323444994],[87.58089766674016,83.80865539176992],[87.6098649262969,84.15350959756275],[87.24871654551914,84.15612126173535],[87.06562936213321,84.31918035595596],[87.28317112756315,84.5092699755359],[87.3548980333848,84.94154966687518],[87.53233152757946,84.95815995467439],[87.70082573720182,85.0478194324591],[87.68220302308919,85.16824215761187],[87.72005276680815,85.11984874947852],[87.87835673189795,85.2061742623888],[88.21978557914174,85.0849810406474],[88.48458465642003,85.09119034474995],[88.5338528530443,85.20609470200871],[88.59764554542976,85.12038335565298],[88.68741968128366,85.27925517380854],[88.74693085019888,85.24275120414642],[88.76979284311501,85.40630769743312],[88.6805853975447,85.4523820101061],[88.72757681863578,85.67221265162719],[88.80111951228122,85.57316932599907],[89.32909627677122,85.81009651146097],[89.39154240959648,85.62638048457194],[89.50074473171631,85.6776192978149],[89.5319503828318,85.56549235530521],[89.80391740260751,85.54984645048398],[89.89882351209428,85.67544441616711],[89.96467257012627,85.54746435875595],[90.01095596215657,85.67077787412327],[90.1250756805565,85.5900796323003],[90.14266948523843,85.42969387165631],[90.3103105544924,85.56662549593796],[90.23753052890024,85.62378383902701],[90.36048087404325,85.8721181806615],[90.5641516963147,86.03586986833844],[90.77152292210701,85.90724316446428],[91.15799346035587,86.23061813765605],[91.25326576070519,86.20510072980342],[91.1742844322019,86.28271321237959],[91.20314074539287,86.42758062537924],[91.57762527098383,86.50284584663738],[91.77989872853107,86.3547061578415],[92.06395580037152,86.38661921579038],[92.24480685494018,86.56763410658318],[92.36274039539018,86.47054246326532],[92.40765795770021,86.78540807069727],[92.47905832259065,86.7313064908245],[92.65476380722946,86.8510702969007],[92.64091708940536,87.00456943383458],[92.714288391797,86.90236926275533],[92.85467615357133,87.1436406736627],[93.12353722501224,86.79025341229806],[93.46768890600687,86.86912188973452],[93.42866049251207,86.94205155564121],[93.52983313949805,87.01773524012346],[93.80075303515436,87.00071215339894],[93.90529756052202,86.89755731730914],[94.02725172682337,86.91148647889793],[94.08594462797181,86.79297305845535],[94.35668443738564,86.84876579948762],[94.42166962863315,86.94636402075676],[94.87812032597661,87.05622434668635],[95.03257815409026,87.25859141262805],[95.32993372243106,87.05609223969162],[95.26398529771915,86.93267636166308],[95.32377828187137,86.55486012948366],[95.25955200228455,86.45959996895114],[95.50805880020333,86.1407772011111],[95.37673358878457,85.81272793337739],[95.59881272817373,85.50434433620838],[95.20989644278822,85.31869975506272],[95.20362207740438,85.1319900285779],[94.99450118220558,85.04803717822641],[95.34118800537203,84.67528842879618],[95.42751771593949,84.35176209597708],[95.3275136611457,84.13193370756261],[95.23045271192449,84.11702488421267],[95.07154141956153,83.77807833024112],[95.09393714630137,83.47938601327118],[94.88394187519236,83.21712320081976],[94.90971697179356,82.66905344027151],[94.79914723426775,82.44046770162878],[94.79825449345505,81.86663988323227],[94.54894995043108,81.70744341630973],[94.43132170367826,81.40190557450859],[95.03074829722162,81.16623640407404],[94.92604274251535,80.92166352091527],[94.97261441886437,80.77472994380435],[95.23082804342921,80.62621135240077],[95.34878133694993,80.21865780391052],[95.26447235913959,80.20678992459118],[95.00614003748916,79.81141208541757],[94.86376134791966,79.8430006471521],[94.495054814912,79.65177316859177],[93.81895024524974,79.55435953725721],[93.717290117774,79.43929923856037],[93.70996538047405,79.08722383776946],[94.05864223164494,78.56814912303162],[93.93876157802332,78.49978645276602],[93.76559668199245,78.10341354597692],[93.59225820459197,77.99054735177775],[93.08600112126204,78.26115919949639],[92.3651814070365,78.06731367629506],[92.18622010802454,78.22254617134315],[91.97480489596393,78.11346470948845],[91.81668689664848,78.18560480203246],[91.73546056354233,78.0124179816491],[91.48282454840599,77.95727665114036],[91.367373347369,78.21949566793623],[91.20974178966186,78.16827147359658],[91.18649477762206,78.24986063597572],[90.86522908974604,78.06292181023328],[90.67799658326163,78.06022626442906],[90.52062753458287,77.8536556713652],[90.59247474566442,77.75874821959945],[90.43665286077815,77.59984407287553],[90.61221385929294,77.20530187013276],[90.7100019961686,77.29346387295202],[90.83078486266608,77.22677971828877],[90.99317910049169,76.91336245953427],[90.6834473021234,76.69409959105074],[90.42388372528549,76.29726310521141],[89.78064817351876,75.86301963136589],[89.67394705136122,75.68658965129445],[89.02231748442595,75.47368267027986],[88.95390323944928,75.37355191714181],[88.87609130960664,75.51328043662146],[88.70817532554612,75.19423221132581],[88.5641798280664,75.23189524511461],[88.230471868928,74.94476690500231],[88.22923647357527,74.66206852295234],[88.10085611310407,74.61934266862762],[88.10123419200593,74.84782741411121],[88.17590462839419,74.91105171200915],[88.05529140080476,75.1264004704535],[88.07121470756114,75.33108034838753],[88.00406285357938,75.37298968501251],[87.90005678089202,75.88615570658536],[87.17128952125492,76.13080373557194],[86.90855166732673,76.10755867335422],[86.82921804528715,76.22665565287474],[85.29080652655809,76.37929475859828],[84.63313464173521,76.31169592562276],[84.5495401778916,76.21091504177073],[84.48846295992082,76.27039999029613],[84.40119148635182,76.0007811915494],[84.03573195642834,75.80230814436871],[83.61595123122835,75.97708059412236],[83.35560118384292,75.98847540147558],[83.08509106291194,76.13976734939949],[82.8241591716103,76.46519280903846],[82.46288400017664,76.29068285031599]]]]}},{"type":"Feature","properties":{"CC_1":null,"COUNTRY":"Vietnam","ENGTYPE_1":"Province","HASC_1":"VN.LS","ID_0":"VNM","ID_1":"VNM.35_1","ISO_1":null,"NAME_1":"Lạng Sơn","NL_NAME_1":null,"TYPE_1":"Tỉnh","VARNAME_1":"Lang Son"},"geometry":{"type":"MultiPolygon","coordinates":[[[[67.04957788879932,193.03537379098765],[67.17783864992471,193.20134502221808],[67.11045813042645,193.49857335343813],[67.47658070809368,193.88553162958829],[67.46477141831959,194.03409436982594],[67.55388352157671,194.11115549563206],[67.57730463094083,194.43355340365866],[67.47000393731008,194.49995990556764],[67.400342592339,194.43168149817936],[66.66971832799908,194.8153733992485],[66.53514810685623,195.08780566171347],[66.26728035248489,195.04970170424227],[66.08716675830482,195.48789085305282],[66.21614386019044,195.72748239743044],[66.32661625611358,195.75233211784405],[66.26103919472038,195.83106877302043],[66.28232440834697,196.28931790739472],[66.4308050814768,196.38756813872692],[66.43238474864441,196.6782876996448],[66.11633904243176,196.82898810503133],[66.26416483588622,196.96802372838036],[66.12860788198955,196.97359568290125],[66.1260485227855,197.06692791309922],[66.2565260534204,197.09845000986695],[66.29269093932534,197.448427990819],[66.2167584965321,197.50236158793396],[66.25713303996959,197.68469709341565],[66.09074999017825,197.94627521046598],[66.1666033899102,198.05044874661743],[66.14053439603587,198.34557453157407],[66.28771796630183,198.35570769403307],[66.37983287925633,198.5007018076518],[66.7428156577834,198.45994129584096],[66.8646011251684,198.78648554612758],[67.04309461035363,198.86923327790453],[66.99432518919377,198.996614712005],[67.55429428361111,199.60087394916252],[67.4217339239767,199.8880014949225],[67.59170702034235,200.0506187581191],[67.66482498323619,200.58311332924453],[67.35654978847744,200.80367459768263],[67.19077104601419,201.09937283657587],[67.39604882164838,201.47534648204376],[67.28520680897317,201.71366636718648],[67.02900822409522,201.92640204976587],[67.11581668542564,202.2572216735446],[67.41810569707734,202.70316089208248],[67.6051724257687,202.77359510837604],[68.00440040471187,202.62035629566867],[68.11762068784375,202.38084023624094],[68.45281079770508,202.16283068606995],[68.5558342845401,202.21818707613843],[68.71961395672119,201.9846780642826],[68.6849976534502,201.80911973677038],[68.93144817875076,201.58972236971024],[69.26697466827564,201.7828333236087],[69.45712686683417,201.7432749406557],[69.57362742264448,201.61088171623425],[69.74163095164731,201.6609910048325],[69.86645066142059,201.58900691510502],[70.23400483521105,201.7227530978861],[70.25254252823672,201.81167618396796],[70.14803180066347,201.84907892181633],[70.25962385629758,201.9444078600119],[70.19645575067861,201.96594080801233],[70.28999651361121,202.0203321145798],[70.25810181505292,202.08914564096398],[70.40826774051438,202.14316177246064],[70.57684265792416,202.0556284694428],[70.70973236496829,202.17460585328058],[70.66882773604475,202.22961003906437],[71.00941318674661,202.33995048970147],[71.27699377894731,202.02460428726857],[71.27317244183926,201.835240276943],[71.04782162932597,201.70345814205],[71.00005255169864,201.50502573901645],[71.18705838590124,201.47930849004356],[71.23246342546128,201.39459128250073],[71.29697747031025,201.45305951477724],[71.65012869428533,201.32642453411344],[71.80109644164558,201.40711638932763],[72.06610674459702,201.34139769398806],[72.05538559367591,201.15574866776592],[72.14999295984153,201.0464272505282],[72.13953192269013,200.7987016647118],[72.37991399375996,200.70761613837445],[72.2973289058369,200.5452716559206],[72.402984573693,200.47051901307384],[72.52416022699371,200.07658227044712],[72.4496348268153,199.8983724213571],[72.26839702456068,199.8817986881949],[72.17504817224295,199.6527836420556],[72.42701595563882,199.37632606045943],[72.5130988329585,199.4098788711568],[72.54521271121618,199.31487493154876],[72.44901779307739,199.2999297679966],[72.37124880474123,199.11574785949963],[72.48731849873491,198.75845841279124],[72.63728694943917,198.63617529945262],[72.55218673997632,198.5179290005419],[72.56991620379252,198.28979749928217],[72.46917184448964,198.0588538744377],[72.59523850811489,197.84022363662103],[72.31723935824533,197.55947694606542],[72.32867708271661,197.37973431194666],[72.44826741448115,197.24282805125011],[72.4105627633814,197.1602122629613],[72.49415141571042,197.09594459257784],[72.59117143434278,197.2612720125195],[72.6710533064697,197.2306069577477],[72.89277100269815,197.62434121013658],[73.19339291841473,197.70142771242328],[73.39932220072417,197.5981078844756],[73.45474238825213,197.4321629091877],[73.54214652024942,197.4385129003264],[73.6118117200677,197.29382821621655],[73.90627175427214,197.26120449893057],[73.91450961983827,197.3482071760474],[74.41596108117281,197.35251696628438],[74.68392870482528,197.23172891489315],[74.76970538682843,197.2867460527603],[74.8698134576702,197.17333393362327],[74.94602425995305,196.77669820865208],[75.19943528150722,196.77364923655776],[75.27285170672641,196.64737751292523],[75.46696522737088,196.72229231872743],[75.6026608343879,197.01480148543078],[75.93725206273125,196.8881408318936],[76.20005777503852,196.77384544937516],[76.352665945133,196.36199128935482],[75.7436931696622,195.81450056358204],[75.79823424231273,195.60000310057234],[75.96978853307289,195.5123360922601],[76.6093930197426,195.38591185879739],[76.76906537661901,195.2224880915989],[76.90244126657089,195.2120647413274],[77.20009332104573,194.86959753356666],[77.53306926682356,194.755996016042],[77.81204395588111,194.52763135971506],[77.79432424941865,194.42487748439422],[78.06754828876925,194.2417666902759],[78.36743872026295,194.2314751916141],[78.51393929849482,194.50031594103368],[78.7585891488048,194.5361769371052],[78.87406279657878,194.6564327707275],[79.13202643601899,194.4622277786602],[79.10568031865742,194.33852016439786],[79.41787243980593,193.9557680407627],[79.37828795482707,193.9245789626165],[79.50885255512749,193.83510250524986],[79.58132024823756,193.50064852331928],[79.47596811882376,193.39053597465414],[79.56491023954692,193.04529399891655],[79.22291818794625,192.89867761125763],[79.19729068868247,192.95350996201373],[79.04984114697969,192.92635578040478],[79.0006795561051,192.99433603907966],[78.85626029690673,192.96307571553038],[78.73726360976946,192.68540572076708],[78.35838149069652,192.55437804686733],[78.32586086400282,192.4458037218739],[78.02321876690003,192.49158974465547],[77.8928668539741,192.3640385570924],[78.09161186110475,192.12057637758056],[78.17982575740615,192.14440215573634],[78.34211663878594,191.6975583813118],[78.27183286554501,191.58951308913112],[78.29797817026626,191.1498128560385],[78.54004654554002,190.74645729090457],[78.41574202026331,190.3789230510418],[78.29107799412583,190.3545923809729],[78.03215546983503,190.63245429706132],[77.53690739041052,190.33975411674294],[76.81356009739136,190.4878964767354],[76.56709282264957,190.13820727575867],[76.40053196963834,190.16000418265358],[76.26280604780783,189.93593547983178],[76.07223214331573,189.89497925037014],[75.92163693276729,190.11776542915646],[75.60390347876935,190.27295918759583],[75.65201625917277,190.52577477167745],[75.5741577325479,190.76726269772385],[75.76550116318516,190.98896266947557],[75.58337174220907,191.1931368545576],[75.21920657196418,191.0086214821248],[75.14479758209683,191.13489777298173],[74.96811339090986,191.03231775783712],[74.96659550410382,191.1945875275673],[74.8164535376535,191.07732454348337],[74.56739138626918,191.3229385706786],[74.68413278069852,191.53973827897408],[74.554435634036,191.75613850991448],[74.13753974509383,191.8604101316108],[74.07735700147425,191.8034580162449],[74.0210170062553,192.02005024970413],[74.16182110316832,192.16640916884666],[74.2321107338758,192.13138737422662],[74.27434107275869,192.26975524254925],[74.14731088921623,192.32587484541614],[74.04914447401163,192.5518686401253],[73.6659984430369,192.53970540298192],[73.44449103999897,192.74921577054127],[73.12724282305567,192.63194881354403],[73.11674624837543,192.33394126249723],[72.89009861856194,192.3738734815178],[72.51585593970484,192.70160943311362],[72.54456912087879,192.9310184460235],[72.20705389154807,193.1007433401835],[71.83688384543122,193.0085177150826],[71.62323472297479,193.08824385767073],[71.4193583234929,192.98936330747227],[71.14990954518215,193.0259451546775],[70.69067446045419,192.5151940537588],[70.6815281038738,192.36699549524764],[70.47571764880084,192.11035828286478],[70.6278579511241,191.85368649572806],[70.34167002635638,191.66086364374885],[70.21905906542041,191.27335361604713],[70.03916409843669,191.14332728012437],[69.80010011709828,191.13378155879596],[69.75934909651522,191.21287506296972],[69.40350364936944,191.04912085049602],[69.51070963117803,190.8133308982508],[69.04693659091001,190.65193780928223],[68.70880604779182,190.6835905335121],[68.53646834981112,190.82552920033842],[68.62895214932816,191.14890534758183],[68.55056776346947,191.26347891082932],[68.45577680946846,191.21812830487136],[68.40102318549233,191.3008346135008],[68.33771155473883,191.1949603436822],[68.14900635181628,191.28035143364946],[68.16849086841509,191.3502188067037],[68.11370457051213,191.31104988860997],[68.11101924474804,191.7407925587714],[67.65456745479686,191.69542109996172],[67.61021720842501,191.79087208445304],[66.86753741603354,192.00783405926802],[66.87771073002683,192.93024404261615],[67.04957788879932,193.03537379098765]]]]}},{"type":"Feature","properties":{"CC_1":null,"COUNTRY":"Vietnam","ENGTYPE_1":"Province","HASC_1":"VN.LO","ID_0":"VNM","ID_1":"VNM.38_1","ISO_1":null,"NAME_1":"Lào Cai","NL_NAME_1":null,"TYPE_1":"Tỉnh","VARNAME_1":"Lao Cai"},"geometry":{"type":"MultiPolygon","coordinates":[[[[43.693553420649664,197.23780807948833],[43.3728438936079,197.61460879239814],[43.490311806020166,197.74361238871302],[43.36075509818269,197.913535315785],[43.40730510378139,198.1710182492752],[43.210953905224116,198.5431149338545],[43.275807403349845,198.8200991465547],[43.20018181259226,199.22208656402472],[42.96841040806121,199.25789824922362],[42.684864474956896,199.60199409406155],[42.44602049875169,199.69870713861548],[42.529190114766685,199.88537691917327],[42.3628143591198,199.9616061482734],[42.207518016050614,200.19205305809533],[42.23020605687155,200.3091940724872],[42.06208192187151,200.66687182128385],[41.628207588632336,201.07193852754185],[41.377090613207585,201.18231019234997],[41.48410428511661,201.35700804501386],[41.44364878477637,201.40227139279918],[41.57810538474281,201.46638907185334],[41.57139106206622,201.57447026326108],[41.427712504314314,201.65815183135666],[41.40866130327375,202.0666202808138],[41.13626968605018,202.3254830524512],[40.88068980457264,202.33635650216098],[40.7270044659811,202.2447915354079],[40.14688646322607,202.23995816324006],[39.93797602794643,202.14799872070768],[39.699506195441,202.31232433287016],[39.7001993496581,202.47048472745752],[39.53917614163838,202.52152712547039],[39.19263602189243,203.00322457706903],[39.543803181351464,203.40844425127767],[39.6133024559159,203.64316792443236],[39.51112687271337,203.68505414935717],[39.32350217432808,204.10873620181437],[39.386906112765416,204.22576424545704],[39.13128512198226,204.33928113742817],[38.97361758384453,204.29170283255962],[38.95151821801372,204.38981749739452],[39.1258518443031,204.62133488507015],[39.189215420414214,204.89245910450575],[39.38563132723631,204.946104883886],[39.46358614170474,205.27289663668617],[39.35161350153274,205.37209856865044],[39.340462800420376,205.65720767353343],[39.919971265381186,206.43852228679353],[39.9004133597114,206.5655732080046],[40.109154591354184,206.68083541964992],[40.334976364382555,206.60049568313786],[40.42614473842147,206.353182219293],[41.176335327752426,205.69104899541594],[41.13676940407704,205.60527471509667],[41.273659698845734,205.45734363376081],[41.439611747713435,205.46671380700312],[42.05543125885389,204.63721216753385],[42.68063537658966,204.0321350656971],[42.74052977895262,204.0936841663761],[43.05207457680775,203.6775990696629],[43.12759166184119,203.74382821730072],[43.527934678742994,203.35699298019603],[43.600894233932685,203.41742084185069],[43.70334700093796,203.37900997798246],[43.8227717433591,203.5190903009256],[43.97052846047569,203.48168746312135],[44.040288328945266,203.55693904665466],[43.965335252704094,203.7228090420738],[44.06778430815033,203.77933568993484],[44.01867313087382,203.9833309752394],[44.08412803452446,204.02915625478258],[43.974838556508466,204.1615613043277],[44.06388924199927,204.1828101520936],[44.344459320078506,205.34092296886112],[44.22772657903426,205.43638726654405],[44.34199271460439,205.8231766549062],[44.62534137812833,206.20210517454524],[44.88017533710081,206.36986164629403],[45.14986454552327,206.8144546723532],[45.42087017779074,206.74883222641628],[45.873843597995304,206.9724216601228],[45.94761190014247,206.91056672142813],[46.26704859301051,207.00064675737642],[46.48175535205832,207.16728327583914],[46.66733142495761,207.1700140037025],[46.797386856462424,207.01019380507455],[46.62554811805654,206.41515766995047],[46.79933498873153,206.09897538305978],[46.78037587681183,205.98799150160607],[47.118777326975426,205.87553401556644],[47.31619125144165,205.89483206159852],[47.51599235347725,205.78335642318027],[47.530498195167986,205.63168395096596],[47.458968255417474,205.42742325425823],[47.722487264733566,205.22507936090838],[48.13495291790764,205.30432505141397],[48.27580156277544,204.83063273515086],[48.54495026777274,204.6032663053282],[48.8047716432708,204.5360519756503],[48.84572475617242,204.10035115243167],[48.40305031110624,204.08463534071885],[48.2980050444991,203.569526853523],[48.50582255713484,203.50826104998308],[48.56486118603998,203.33783888093004],[48.91912601704289,203.06465869847554],[48.65172956938462,202.80016097680675],[48.83314969911717,202.39991654763418],[49.09481186485113,202.3389345241205],[49.15910848643156,202.170126555644],[49.76000852209628,201.80676271703308],[49.68087653013182,201.68101899148883],[49.78159708001479,201.57905395599363],[49.92048652517357,201.60321819832967],[50.044116221775525,201.49183946529814],[49.87220083277087,201.32305659347458],[50.03172036918881,201.04462332476578],[49.63929590182744,200.72182303519634],[49.72386964971494,200.31972864118114],[50.09056861305572,200.4214149806772],[50.088950441537506,200.11585868668587],[50.21021068652196,200.04040697175563],[50.38536568524931,200.1262806492608],[50.53988408935963,200.05327903592612],[50.40955647877024,199.9721188762199],[50.492166303651004,199.55025827413243],[50.28876367046695,199.55280103948445],[50.236772663286665,199.639877156053],[50.059791973836454,199.58131242728382],[50.117215797075715,199.38619200446328],[50.030413164243114,199.32913982137765],[50.04920048641026,198.8480981845894],[49.83018600506919,198.5486765794921],[48.73956255504047,199.47941175362743],[48.68135740018827,199.68468623058442],[48.28575911550861,199.85144668985703],[48.08582789768902,199.59648609132245],[47.94817837869693,199.57419448570317],[48.109005214878906,199.36235554558138],[48.111625379760504,199.16232292657548],[48.17980911851384,198.9062529673256],[48.06597089166442,198.86977448367875],[48.00097458264068,198.66229428576906],[47.89192028435954,198.61760198073625],[47.871677018751434,198.34251494962658],[48.27119302521715,197.86426964209815],[48.43766882377398,196.95966068460262],[48.388347248492444,196.84787624396924],[47.957087212808666,196.57969622969705],[47.938131091859425,196.43576227292408],[47.598252728995796,196.17626982565665],[47.44044186026324,196.2903154590886],[47.30355217968502,196.6574110940553],[46.96542038760624,196.75772311527746],[46.864062533955156,196.90732357617662],[46.55662048796616,196.81409238143132],[46.1084261375183,197.02271289694644],[46.06867018305988,196.92746449896757],[46.3009745388636,196.71953461329744],[46.29899874990699,196.4891420358301],[45.917401724902206,196.31694037022055],[45.32064862583667,196.42727264049677],[44.84176641932825,196.6525309958513],[44.719840631780755,196.5299938291997],[43.957120243431525,196.6820252066296],[43.745468483853465,196.9312227689031],[43.81973806952746,197.04494376210408],[43.693553420649664,197.23780807948833]]]]}},{"type":"Feature","properties":{"CC_1":null,"COUNTRY":"Vietnam","ENGTYPE_1":"Province","HASC_1":"VN.LA","ID_0":"VNM","ID_1":"VNM.39_1","ISO_1":null,"NAME_1":"Long An","NL_NAME_1":null,"TYPE_1":"Tỉnh","VARNAME_1":"Long An"},"geometry":{"type":"MultiPolygon","coordinates":[[[[64.54266694709477,66.76079027207258],[64.18617255676494,66.78457819398766],[63.33969374854603,67.91904597120417],[62.73299709722286,68.15158280410729],[60.660466844282176,70.10872816309355],[60.849125623327446,70.12399278775746],[60.51254015092552,70.80625908103586],[59.768852005555004,71.15465273229343],[59.57951998756331,71.50321193852415],[59.99395097738201,71.4909686494155],[61.462882332971866,71.89347959112786],[62.03436337393509,72.27710401545953],[62.69633671081189,72.40265525287809],[62.90940000128807,71.95601028461087],[63.66410012638179,70.88981646758882],[63.48055357726571,70.51186710218313],[64.05753867318857,70.2622952845827],[64.46924707673323,70.19933337930769],[64.39721216120911,70.44065027619835],[64.70493152814862,70.71526291324217],[64.56794538343514,71.09167576125627],[65.31630831922698,70.38311413203014],[65.99789629259388,69.8978996034022],[67.02963082578026,69.89678020195473],[67.32573889632758,69.65226988972263],[67.29128085842183,70.19613495917557],[66.76361003480014,71.06724730097507],[66.90769839044738,71.3722069151852],[66.80800982869822,71.76111352987556],[66.91890807648946,71.83515781926234],[67.0303400625031,71.79247941404947],[67.07562445906355,71.62067356624016],[67.87876208715278,71.89605223701058],[68.25472655493162,71.82505754534917],[68.40497059295384,71.95085685643352],[68.2289396552479,72.19185405846478],[68.26130479505235,72.28908383348609],[68.3203745847642,72.22209107753154],[68.52701409415454,72.31689121770664],[69.06651017788275,71.98336459061721],[69.1284765354709,72.03142934196703],[69.19078294020984,71.94846485729406],[69.37413669053144,71.69990139374539],[69.80534874147055,71.74778241339219],[70.27809552024696,71.38530182690492],[71.17017398525356,70.91550240823277],[70.85635907106054,69.64639264129936],[70.39882488966306,69.2757188783696],[70.7129697534061,68.91045495747689],[70.82626987308922,68.93558421452974],[70.91268801020962,68.82967175979005],[71.03447101368958,68.90405923865912],[71.14707646700693,68.83168446714241],[71.2085308384539,68.47197705730176],[71.37616021197726,68.47008046849432],[71.35921467207325,68.15141037032664],[71.43452181041141,68.07728625059043],[71.55439682312968,68.14070383746217],[71.70173728994216,68.07177773058349],[71.7055217653781,68.13742594333549],[71.9501370787199,68.08085633904983],[71.99952113177896,68.1604066979952],[72.21166397443628,68.04061338706525],[72.17160145424411,67.96680387878783],[72.26467543048895,67.97951609244764],[72.26714606277187,67.83043082317256],[72.52854822354949,67.87166689086193],[72.57284411738819,67.99795810347163],[72.71517132241408,67.94905366265404],[72.91699238030091,68.13796186494406],[72.9588005968693,68.05582367899238],[73.06613277163333,68.1183424295071],[73.30982119480379,68.02743310691794],[73.43112594960193,67.83420270269451],[73.37574898623436,67.78253236501452],[73.42659467045338,67.61867843124512],[73.26930869887023,67.57246733814821],[73.3819109515652,67.27776135190226],[73.49691013931394,67.33672551292841],[73.61340588376984,66.71851793821251],[73.55788351309903,66.36869483540647],[73.12002086887514,66.03807229897598],[72.86454408140469,65.68111603585577],[72.63171190396703,65.74644006297859],[72.59956009167539,66.10392493342292],[72.51274620572323,66.17910692232813],[72.37868309875898,66.12886978746535],[72.28921869073595,65.85559574549352],[71.77753753765265,65.63104565905185],[71.82192359926236,65.43361882154953],[71.4694470987588,65.3831763287971],[71.47408362190706,65.50122202879405],[71.35084454395457,65.55001358104262],[71.23831288634256,65.45614902349931],[71.15428378469592,65.6002391262332],[71.02771390142283,65.49707155129732],[70.96467681119762,65.54902785611354],[70.59623495145094,65.18219118085793],[70.32767111873534,65.15815071945886],[70.24550499967935,65.26891466378162],[70.36557036130169,65.27224755444927],[70.27838147998193,65.37133477917945],[70.00834420326736,65.32992513739825],[69.86794029802896,65.59741110374941],[70.29892935453164,65.79970541133851],[70.16010096736754,65.88467138513388],[70.16653359150784,65.96903116646257],[69.7384465719356,66.2600732652942],[69.56783422174391,66.07632600608731],[69.36151936554994,66.21364648069876],[69.34841799594676,66.55895547312744],[69.10319738383694,66.68055778036342],[69.11888489969346,66.81262354444623],[68.77690895711477,67.15693069835922],[68.6842382898689,67.09791678774107],[68.41063560489756,67.34107425885908],[66.33336785591753,67.21020837899033],[66.34810093056659,66.60750906775247],[64.54266694709477,66.76079027207258]]]]}},{"type":"Feature","properties":{"CC_1":null,"COUNTRY":"Vietnam","ENGTYPE_1":"Province","HASC_1":"VN.ND","ID_0":"VNM","ID_1":"VNM.40_1","ISO_1":null,"NAME_1":"Nam Định","NL_NAME_1":null,"TYPE_1":"Tỉnh","VARNAME_1":"Nam Dinh"},"geometry":{"type":"MultiPolygon","coordinates":[[[[66.11701051531959,174.36509402262487],[66.35365808405854,175.3522757777234],[66.56141007061642,175.4571279953644],[66.65361936896075,175.8186460148798],[66.90360616833242,176.28325028913866],[66.71894093737293,177.3542137428741],[66.2310137368753,177.24584518808052],[66.10772617326118,177.6733370109509],[65.93897702261144,177.42730374023827],[65.66220482649577,177.23919427536748],[65.40684960235288,177.4587309987901],[65.61155122948055,177.52734852378444],[65.531578150287,177.6805741239408],[65.30613830302369,177.61513989957768],[64.90391337562448,177.76510515892144],[64.94745657249086,178.03825592432338],[64.74111680782705,178.33153203372817],[64.41457231094299,178.4955821409248],[64.58825354720477,178.81763026565636],[64.42203229586598,178.84007574707806],[64.38979551246499,178.96056004202524],[64.418482944465,179.035518001682],[64.31699407494129,179.08447441289303],[64.27966389068035,179.2789577604099],[64.5611836581899,179.36730080594356],[64.54127552142414,179.4789634788285],[64.71695768246614,179.61887731547347],[64.81335412922155,179.5920763982218],[64.85717261870248,179.79757541232544],[65.02554872281368,179.6622793358031],[64.98304456009741,179.36871557208127],[65.09689494648227,179.28164841650525],[65.08637928617114,179.3560327997984],[65.3967675022859,179.3479745933777],[65.31217579046806,179.46651530471792],[65.41165511276488,179.85406147557802],[65.54729773288395,179.89955185229402],[65.56506391123223,180.13483345716685],[65.69459164069207,180.16105456615588],[65.79089468769035,180.06879604514907],[65.8936500616718,180.10457630209163],[65.9365015228437,180.0276587444492],[65.99469839613197,180.07188126667054],[66.1677469289235,179.9558210215706],[66.17145425560126,180.3374239979581],[66.47644493616237,180.46471993713726],[66.59343351734007,180.40622676519902],[66.65150014183853,180.11347208749925],[66.92937750634069,180.16457896045847],[67.05323239092671,180.29599349137234],[67.50484161124427,180.1018048577442],[67.33932882377358,179.6630799860786],[67.42374868489883,179.47480944505617],[68.11195040937356,179.33914546583225],[68.11929094672725,179.08947084453396],[67.81375719429842,178.82821290302275],[67.86402770265533,178.53287243119436],[68.00469683927292,178.49808808628538],[68.69186065585033,179.06761642924002],[68.92817963778292,178.78310807980165],[69.45236065725553,178.55630751847286],[69.71509132519218,178.20029581527163],[70.06979838166937,178.07380164473344],[70.31969821652127,178.16991043425807],[70.41231344090764,178.28922884214083],[70.74669108658765,178.38296707971034],[71.30270001627687,177.79422697967192],[71.43978719961346,177.52193842965238],[71.34172949575601,177.26797867584241],[71.0102725732272,177.09399776461893],[70.92545954377015,177.30583275092337],[70.65882176066421,177.37860475921178],[69.51885439195044,177.13241657643698],[68.93580069575044,176.81817083091823],[67.04348727941284,174.61030168188634],[66.9919005595309,174.69099245626987],[66.74877932760089,174.5289462932674],[66.59296548165186,174.53104162025218],[66.59071162501819,174.4048612901146],[66.1271054344863,174.2812360967507],[66.11701051531959,174.36509402262487]]]]}},{"type":"Feature","properties":{"CC_1":null,"COUNTRY":"Vietnam","ENGTYPE_1":"Province","HASC_1":"VN.NA","ID_0":"VNM","ID_1":"VNM.41_1","ISO_1":null,"NAME_1":"Nghệ An","NL_NAME_1":null,"TYPE_1":"Tỉnh","VARNAME_1":"Nghe An"},"geometry":{"type":"MultiPolygon","coordinates":[[[[56.3504076792223,158.83107949085186],[56.42780217629267,159.0198006720268],[56.37660343699847,159.11286642870414],[56.46520531101111,159.251611930641],[56.27127862115645,159.49983865950983],[56.12791660814839,159.46890112753005],[55.95139908782077,159.7113505922092],[55.78842474597538,159.8009473057185],[55.891373090546956,159.9698100295498],[55.76426009366141,160.12072519554428],[55.56163835854709,160.10749669062116],[55.46131377053778,159.9901476734078],[54.86234909936067,160.03550844951644],[54.97069344296906,160.22370351122694],[54.874429389122234,160.30356890282235],[54.718813408761335,160.26699879490212],[54.71084013260616,160.3372317091293],[54.520568983642725,160.36569497115366],[54.535973658836866,160.45680214989528],[54.29829037441353,160.37381252798298],[54.22933947997758,160.46420069350236],[53.70480526034311,160.40075910614723],[53.656667578715656,160.8004901750584],[53.36551612091237,160.99187816143584],[52.953664503561804,160.95107745157495],[52.7802313545878,160.81154249325837],[52.615580063006526,160.93941822103181],[52.112586343258435,160.92757747666158],[52.00110682903501,161.1339952897665],[51.71994940255554,161.05029641310605],[51.510477181096704,161.1186816972881],[51.467262899413235,161.29234276160258],[51.318126238613075,161.31326694731396],[51.25738388539694,161.57702677628572],[50.93465863593073,161.5148240653148],[50.61975883451499,161.86213888620344],[50.40758013248662,161.91270071003416],[50.31885422242376,162.12156334544846],[49.89636946774019,162.30637550347478],[49.79881477763844,162.274775083142],[49.60638553099678,162.71939491838106],[49.439032709940435,162.8783852262451],[49.41549465209828,163.10622420055756],[49.264314782752976,163.24155347570263],[49.085722002092545,163.19416040340133],[48.920127929568594,163.45223937306477],[48.75503611981554,163.45882598456743],[48.66219863273649,163.27209639628538],[48.3928223742962,163.24723102125685],[48.11547574591567,163.4853986820586],[48.15652014944195,163.5894608127981],[47.88375527742534,163.85125501020818],[47.8728970665956,164.0700202404105],[47.518404406625294,164.26262974748923],[47.34139301426539,164.2476619534764],[46.90509834327965,164.4459637504774],[46.81797891050111,164.70498299158777],[46.66880088181041,164.77426003627747],[46.24007165016298,164.70942701181042],[45.867043379769534,164.8315067936838],[45.99946812268074,165.2017847673718],[45.73473111860157,165.27438881864248],[45.53247644067971,165.69201846551277],[44.989607546424295,165.7543493854015],[44.798335430974475,165.98462039005008],[44.695889830237554,165.86638543806598],[44.35532380195506,166.25661695303296],[44.226045812854245,166.1808624713909],[44.09372015164137,166.22224491812113],[43.571355951614485,166.101883595629],[43.18013336664799,166.31619970624396],[42.767306413995954,166.71249652048647],[42.71895910672953,166.86719263453946],[42.433921684720396,166.9852893953814],[42.38709799732669,166.9178125365162],[42.25277103001341,166.95657825969255],[42.254646586572974,167.08875677356076],[42.463672778929244,167.2325897770953],[42.603478444248104,167.2203747644549],[43.16767210903251,167.66866581168034],[43.137555443672625,167.80751445558644],[43.52296580725759,168.07066693443514],[43.75233917958279,168.033950564146],[43.85540896827124,168.1924459095782],[44.12814484689995,168.2899516007167],[44.35808342704547,168.1845260882619],[44.41280626451533,168.58276136471272],[44.298875846921895,168.61059362482422],[44.53181775029768,168.76398769476413],[44.52728563872039,168.9111199051314],[44.66271196115866,169.0573220527459],[44.81914088075949,169.02477094404625],[44.93207572995112,169.18104458153616],[44.72975880703579,169.40727104631844],[44.77745951921426,169.89104874771675],[44.54240300751761,170.07288877134155],[44.269154975372984,170.52504900419635],[44.36072917184538,170.69849907982376],[44.24272494412756,170.8731035664801],[44.40083575337746,171.21787062269613],[44.62300210568043,171.0288993381299],[45.06184383807771,170.96489191889256],[45.32477358549251,171.10443216812016],[45.3678877196906,171.36843830849284],[45.52043537183366,171.2776897643807],[45.7815872450449,171.33265080875145],[45.88690657112049,171.44843405373766],[46.4282144768632,171.44659314754975],[46.50847127518803,171.37804141257],[46.871919192211145,171.36896423942727],[47.05804420597618,171.2228834542622],[47.0217937800466,171.05535573787205],[47.26323050482394,171.1395997974286],[47.307659217210116,171.2492667408465],[47.5820774915346,171.35786569667653],[47.93921762288824,171.36029103557226],[47.96470850153827,171.44837033447857],[48.163669693660324,171.40061640307147],[48.23152286498071,171.0695402748024],[48.40355920477074,171.08296460897535],[48.417496576061545,170.89551381627007],[48.669080327184865,170.81679658480988],[48.89753370110182,170.86171722009354],[49.08270197084891,170.49385556949477],[49.40433476444597,170.38857634965086],[49.491011155447616,170.46700360795413],[49.63573475598382,170.35943603302184],[49.788286326675646,170.4937694741324],[50.19871442410065,170.63597987080317],[50.37992588252658,170.51457339444966],[50.597603581431414,170.53804627977271],[50.56344686381957,170.8654861130653],[50.71818994539932,170.92265831486915],[50.713924776999754,171.07135152740963],[50.83492736248335,171.1941104157451],[50.75084143934457,171.38139857114842],[51.397046415510005,172.00702184123844],[51.75988834961773,171.94435125171293],[51.88356088501528,172.11448116030792],[51.837440132708686,172.22526348821697],[52.19515965667764,172.3958179636219],[52.41443932966012,172.3334955194514],[52.61143534525083,172.4599335370028],[52.64966242605925,172.8666098744093],[52.75834315497179,173.0057470651461],[52.598072796676284,173.09104328013154],[52.77268319254401,173.33232478269468],[52.67302032380111,173.49497908409614],[52.77770359012826,173.78718639664453],[52.67176605073422,173.8441779203812],[52.91283909400104,174.16221456175634],[53.1566284334559,174.2389823622359],[53.52212439761146,174.74263647638065],[53.557166451592565,174.67420557208123],[53.93259550545981,174.701914975789],[54.00010297825553,174.50692324654585],[54.129346480209676,174.51003773259728],[54.41165508766509,174.22292624105177],[54.79752013694937,174.1121909257787],[54.87656925538396,173.9837849471481],[55.37307163447522,174.07737118010846],[55.81687399225,173.8725830004694],[56.03848033675034,173.8892746251542],[56.18343527203318,173.80214653667593],[56.392061130799924,173.2729554528085],[56.3088347261761,173.10908876747388],[55.98456489346958,173.13212934771516],[55.93993053342737,172.91483884035515],[55.790020952202546,172.79983735846196],[55.74234737719964,172.5113617854072],[55.84468602587782,172.10394900694212],[55.80072464620234,171.85127717424672],[56.11166504961347,171.61522514281145],[56.012528878635635,171.44460422160108],[56.13794804453117,171.345681731359],[56.11962232213544,171.19294326678667],[56.888652096488194,170.72624551927677],[57.00658130634248,170.86102671530108],[57.16636577663811,170.65340979382177],[57.253529446737275,170.2976340224678],[57.39092263613849,170.2538532625209],[57.291333003836854,170.08345795601338],[57.37978180531952,169.79826574420696],[57.273080220104546,169.7076412423887],[57.27595464531494,169.16411827060148],[57.37045411382741,169.1195269160319],[57.337824572484756,168.9904251564096],[57.47102470341097,168.97519158101537],[57.51487082370339,168.7998910804428],[58.06445989266127,169.55735290592352],[58.18927979083977,169.54716221170008],[58.27458322296363,169.26158427541247],[58.216810397302,169.15784329099841],[58.5628341517387,168.68334652318143],[58.54569926720988,168.56189179979543],[58.68956529901139,168.48908562855453],[58.81756662108273,168.61172478314614],[59.03501374352181,168.54783270884704],[59.139399114876205,168.39907643430425],[59.398582607957955,168.56470662738892],[59.64091883176239,168.5129915164164],[59.696594462695494,168.61799656866248],[59.95965141786578,168.66582691821685],[60.149840719347935,168.55554992022812],[60.16791786155036,168.38937735178231],[60.69772556299029,167.59563606823997],[60.90428370690978,167.5692383556242],[61.02150146389781,167.72878982520646],[61.102539568527305,167.7103365486959],[61.14456489177128,167.54015638739742],[61.208075828676655,167.5512864865321],[61.25759090487436,167.39630638473994],[61.3712280241906,167.39395811450748],[61.400597076073495,167.27304122880057],[61.532932182070866,167.24547317030627],[61.49506467130728,166.94561549947446],[61.622820516034444,167.04380448079857],[61.778598175905046,166.7880762427757],[62.03927281744856,166.82190889163155],[62.328234366146994,167.05491768795972],[62.43846036864708,166.80484265989034],[62.47729443384682,166.86361798062018],[62.58140873260376,166.70529424241698],[62.96519450129645,166.80926956441738],[63.012055971156684,166.63454145229824],[63.022560795222454,166.48609304535162],[62.7861641078031,166.49935645596807],[62.64416270203775,166.02997957827986],[62.50062948115655,165.92678777155626],[62.506150601638176,166.01714771724872],[62.29387409520711,165.8701214278422],[62.211258573802795,164.68815527782255],[62.273641261889864,164.53665653941556],[62.01466703038977,164.48172452262003],[61.79480249565226,164.30276123205633],[61.59451869054748,164.4764031396449],[61.31173058573777,164.25126326290774],[61.07822608164472,163.78346467503175],[60.96562505325408,163.14532279895096],[61.174341822944186,162.23816202668772],[61.40209051150186,162.05459171287944],[61.44456293429088,162.104644637652],[61.5335582589188,161.9929274175433],[61.773682931522565,161.93033564948024],[62.04561768574028,161.60985577074842],[62.13635259253459,161.18606227887818],[62.551482917024416,160.6604054795449],[62.325593933619096,160.42852439286395],[62.60083644226861,159.63831632162191],[62.05000429927259,159.5710669947224],[61.9113317926738,159.1945559720465],[61.80188001132274,159.17536779872802],[61.76311049836157,158.76490616177338],[61.64289485583823,158.5535142546624],[61.47655424627381,158.6271649469223],[61.07643448782229,158.37447067480952],[61.131798718326074,158.48021076340757],[60.99801343582358,158.4695071425685],[60.970565506691464,158.54102847795573],[60.68270252614866,158.48851357863307],[60.61762287339309,158.33047741240273],[60.21378777111681,158.25759586720537],[60.04980917977012,158.3540354075985],[59.783680409843164,158.8978960653332],[59.46117992016574,158.96171276750314],[59.461806782765265,158.88895381221764],[59.07634621234196,158.78483413177074],[59.010727202780046,158.6600058066711],[58.831976718337,158.69799411292095],[58.389132972629035,158.55776056773774],[57.973132147427215,158.69526575601077],[57.88167125888058,158.82509557271538],[57.61306893237497,158.88589703500762],[57.50312562326134,159.05754180984948],[57.15431518020085,159.00991577943336],[56.77904650619494,158.7210437756004],[56.3504076792223,158.83107949085186]]],[[[62.68766471893601,161.09798905948284],[62.76320232486514,161.12436389215745],[62.6530255059287,161.03640276675148],[62.68766471893601,161.09798905948284]]],[[[62.591329377303865,161.55595758383168],[62.48521481188129,161.5758599482516],[62.5994047855019,161.6098766176054],[62.591329377303865,161.55595758383168]]]]}},{"type":"Feature","properties":{"CC_1":null,"COUNTRY":"Vietnam","ENGTYPE_1":"Province","HASC_1":"VN.NB","ID_0":"VNM","ID_1":"VNM.42_1","ISO_1":null,"NAME_1":"Ninh Bình","NL_NAME_1":null,"TYPE_1":"Tỉnh","VARNAME_1":"Ninh Binh"},"geometry":{"type":"MultiPolygon","coordinates":[[[[65.80982420629653,174.06678790303425],[65.35928534547914,174.49020478689792],[65.46441066069228,174.77070755771285],[65.66560950630475,174.8258038012146],[65.91091930080113,175.48528275259284],[65.28494949326651,175.45419957447095],[65.2431996738687,175.50889179366055],[64.66502069318446,175.5258508448453],[64.29175750367416,175.91662636722148],[63.34506508557852,176.3911674986496],[63.292996700735976,176.4894443162327],[62.31968593656803,176.8781013743053],[62.28728322396005,176.97869376478354],[61.80819441674896,177.29003057519134],[61.81830088570505,177.39903476881975],[61.35893196887998,177.87898827472404],[61.03594361631078,177.98142955042877],[60.812031474838484,178.32358693998535],[60.4168274891101,178.38659317457575],[60.43913064125486,178.46831426995365],[60.264223515733995,178.58453505667453],[60.2011803805758,178.89589879828793],[60.50359027896376,178.86607383225558],[60.611389137216,178.98354819046256],[61.08568969521551,178.74920330560593],[61.633816537194456,178.25536647739492],[61.7353071994563,178.2460273862227],[62.203493076828046,178.6282873655849],[61.81187560624802,179.25440916386046],[61.82906942339468,179.35680064391275],[61.7314323819522,179.45075788865304],[61.94297316607296,179.46157400784818],[62.22667357080784,179.29606948972406],[62.21193306936782,179.16043075611842],[62.37165171108699,179.11175241925918],[62.38025568603188,178.94613903365192],[62.4906206082363,178.9525849031077],[62.4478185976961,179.4743139707417],[62.51702729407831,179.4904404584777],[62.43753205578568,179.76829460708518],[62.66316023588351,179.8104599535193],[62.76637353604073,179.74166101059092],[62.87091807044814,179.94137592867895],[63.20278818295603,179.53073447218077],[63.567716138853825,179.62795334375667],[64.04717448335974,179.01765356171342],[64.15212686660347,179.05655264118545],[64.2503235208489,178.90335667555627],[64.38979551246499,178.96056004202524],[64.42203229586598,178.84007574707806],[64.58825354720477,178.81763026565636],[64.41457231094299,178.4955821409248],[64.74111680782705,178.33153203372817],[64.94745657249086,178.03825592432338],[64.90391337562448,177.76510515892144],[65.30613830302369,177.61513989957768],[65.531578150287,177.6805741239408],[65.61155122948055,177.52734852378444],[65.40684960235288,177.4587309987901],[65.66220482649577,177.23919427536748],[65.93897702261144,177.42730374023827],[66.10772617326118,177.6733370109509],[66.2310137368753,177.24584518808052],[66.71894093737293,177.3542137428741],[66.90360616833242,176.28325028913866],[66.65361936896075,175.8186460148798],[66.56141007061642,175.4571279953644],[66.35365808405854,175.3522757777234],[66.11701051531959,174.36509402262487],[65.89289981710904,174.03562445847768],[65.80982420629653,174.06678790303425]]]]}},{"type":"Feature","properties":{"CC_1":null,"COUNTRY":"Vietnam","ENGTYPE_1":"Province","HASC_1":"VN.NT","ID_0":"VNM","ID_1":"VNM.43_1","ISO_1":null,"NAME_1":"Ninh Thuận","NL_NAME_1":null,"TYPE_1":"Tỉnh","VARNAME_1":"Ninh Thuan"},"geometry":{"type":"MultiPolygon","coordinates":[[[[97.23918244398747,76.07515414027607],[97.37171843536126,76.13882176098399],[97.3813849253278,76.3183652730933],[97.2525587093469,76.2761418412275],[97.02819799072226,76.43289033256767],[97.0060309749681,76.56625756825508],[96.34288382578909,76.68961742947837],[96.02938542138757,76.9519406570632],[96.07223632270154,77.61782183375162],[95.66196134631224,77.59827362887397],[95.52248098449607,77.50896269323593],[95.15249065751152,77.63689279380077],[94.72592897066758,78.51829218769475],[94.05864223164494,78.56814912303162],[93.70996538047405,79.08722383776946],[93.717290117774,79.43929923856037],[93.81895024524974,79.55435953725721],[94.495054814912,79.65177316859177],[94.86376134791966,79.8430006471521],[95.00614003748916,79.81141208541757],[95.26447235913959,80.20678992459118],[95.34878133694993,80.21865780391052],[95.23082804342921,80.62621135240077],[94.97261441886437,80.77472994380435],[94.92604274251535,80.92166352091527],[95.03074829722162,81.16623640407404],[94.43132170367826,81.40190557450859],[94.54894995043108,81.70744341630973],[94.79825449345505,81.86663988323227],[94.79914723426775,82.44046770162878],[94.90971697179356,82.66905344027151],[94.88394187519236,83.21712320081976],[95.09393714630137,83.47938601327118],[95.07154141956153,83.77807833024112],[95.23045271192449,84.11702488421267],[95.3275136611457,84.13193370756261],[95.42751771593949,84.35176209597708],[95.34118800537203,84.67528842879618],[94.99450118220558,85.04803717822641],[95.20362207740438,85.1319900285779],[95.20989644278822,85.31869975506272],[95.59881272817373,85.50434433620838],[96.03976145496702,85.40982135022247],[96.16311539310018,85.54566914137169],[96.28561327157747,85.48386658629404],[96.21136899919995,85.0883751239926],[96.4951158466481,84.33592687997168],[96.40450174857597,84.17450253604179],[96.62238674481023,84.1187106939046],[96.65632098408732,84.0254560127974],[97.02714274669532,83.87729780343929],[97.05513659434985,83.60291413768427],[96.92196937710136,83.44735448024782],[96.99317662891052,83.2626785985521],[97.14602516637095,83.31259227481458],[97.22831230199199,83.20421898282166],[97.2766931698701,83.2431772872885],[97.46437799476502,83.07770117102356],[97.711169796787,83.14241072539754],[97.91786737356938,82.9721218399812],[98.05519900982826,82.98372208042898],[98.15941811778015,82.84740122782527],[98.53393079668469,82.73299414546462],[98.71385384161049,82.83358440768693],[98.87860330841805,82.6900020880989],[99.05046322676256,82.68321740880319],[99.19038976761684,82.55537837443536],[99.31936430717674,82.12999245356042],[99.88796876993634,81.49894613281909],[100.76354793829726,81.59978523271425],[100.85821809978782,81.58289883410919],[100.75225987830618,81.53369236166965],[100.7765844664018,81.32511348619319],[101.0558858339303,81.13154361629398],[101.0547320510627,80.98741351323588],[101.23547326856976,80.93040198293798],[101.15709128869238,80.86128080767085],[101.26246796412451,80.84787457360254],[101.28520746063792,80.60412149116495],[100.9969853543253,80.48127777253163],[100.89326436714651,80.61173292740038],[100.95963823694977,80.38192236492955],[100.798664547515,80.21568473039476],[100.81701444747698,80.12411795342899],[100.68040775474165,80.04188515436327],[100.5696321193522,79.41636994204497],[100.41383025297799,79.39560889379791],[100.27613841283053,78.98094400409309],[100.15630288385853,78.88400507742395],[100.14967778546215,78.74235966815384],[100.09892073457803,78.8557852625067],[99.72658559571967,79.01526501938594],[99.43519686542214,78.94676070137754],[99.10494862519374,79.00231468073173],[98.99887131942137,78.72880526857826],[99.11469600014094,78.57443290088437],[98.93528838222737,78.34716990079758],[98.85934753457437,78.07469334944746],[98.90157202584314,77.66290281076401],[98.83183356870732,77.35681640809959],[98.87524691283603,77.05178616834105],[98.81809188896007,76.99911820316584],[98.88254928984985,76.56872576038116],[98.98708429489558,76.51077787365728],[98.9200905391101,76.36392510785086],[98.68837659511718,76.2841322002923],[98.56231049408981,76.06111956999983],[98.35783215818338,75.90530297458076],[97.86027047283953,75.79755405525148],[97.81676052876121,75.91534629874285],[97.47641866694677,76.12644001007848],[97.23918244398747,76.07515414027607]]]]}},{"type":"Feature","properties":{"CC_1":null,"COUNTRY":"Vietnam","ENGTYPE_1":"Province","HASC_1":"VN.PT","ID_0":"VNM","ID_1":"VNM.44_1","ISO_1":null,"NAME_1":"Phú Thọ","NL_NAME_1":null,"TYPE_1":"Tỉnh","VARNAME_1":"Phu Tho"},"geometry":{"type":"MultiPolygon","coordinates":[[[[53.491176832845646,187.45185207245385],[53.493100329055686,187.52140319337053],[52.85704317560593,187.9357608213178],[52.92596922405912,188.18306482247715],[52.8424328787572,188.22632710174787],[52.986415609464785,188.5725166703097],[52.772192270939534,188.75618219741574],[52.88634444739824,188.83748907522022],[52.8315493338893,189.11806590130666],[52.73325260201874,189.1947647088849],[52.76384396785834,189.7153382899909],[52.46754270417866,189.89922926214234],[52.452963955412976,189.97683939847124],[52.8279377581967,190.03425663974733],[52.78330621386745,190.18519976448235],[52.88556149920687,190.18458005963475],[52.87948110647772,190.3297672464565],[52.97836204284452,190.33893067838716],[53.18988139192841,190.070077402431],[53.37745802293085,190.16983694771213],[53.199734165646575,190.42584852683413],[53.192719296919734,190.6213631604755],[53.32065568216973,190.64876461518827],[53.458036685722455,190.8905895042848],[53.502203084115855,191.26970546323022],[53.21950215757531,191.87279454926974],[53.227395904929736,192.1177139086443],[53.04753665718306,192.3469740783489],[53.085532801129496,192.4972705885779],[53.370722285492626,192.6074660463648],[53.265832556726416,193.11094996345196],[53.44070672958962,193.10858516373474],[53.498392185772886,193.39606974013103],[54.00072197612415,193.6881574632625],[54.143320879046726,193.53456591846808],[54.16429291460106,193.6487099877253],[54.300516886813334,193.7066940901686],[54.23985677386933,193.82946131038932],[54.45972424134779,193.90210870278239],[54.438860450940766,193.9795937624209],[54.66167411496387,194.00060076102133],[54.78010916309201,194.14687808483836],[55.227841897370574,193.92263722079105],[55.49016469440757,193.90258834148386],[55.47393368557441,194.13758663666962],[55.379687697402595,194.151220576663],[55.368983607828866,194.33914495068942],[55.53702455266755,194.33430267021984],[55.60915688017524,194.20670724919842],[55.87455411172577,194.09294383892225],[56.04914134888301,194.12664632534575],[56.13203456184712,193.92784963150376],[56.350790366296934,193.978308684716],[56.65791527638903,193.68933615073433],[56.949679252881126,193.65627850623775],[56.97782870161493,193.48065392236992],[56.84027814677182,193.33330051075845],[56.926269233356706,193.19209303392458],[57.07562144163816,193.17184776370524],[57.12308559214083,193.02378620356228],[57.04107091035,192.9616818582742],[57.3685412562074,192.51085969925876],[57.286724772147544,192.40400069137976],[57.612420962585965,192.20441771560522],[57.615793557397964,191.98932615837998],[57.903686684325685,191.9344460938174],[57.875270965876766,191.7894758466473],[57.96642125448287,191.6845712964841],[58.11010932882895,190.92311375029254],[58.44010440521687,191.092518386864],[58.612103244026144,190.99202014573612],[58.68963963967019,190.82453345118486],[58.61821474158315,190.30520231681606],[58.713006120454786,190.143761535453],[59.195617283599105,189.85450608994134],[59.29808838751288,189.6822836709637],[59.171208473628724,189.1738961567189],[58.630737744432786,189.61285484780598],[58.23366524942395,189.32629597601755],[58.12182507641358,188.71780927313722],[57.59551566306536,188.25844205227398],[57.49992555391379,188.03191954113922],[57.84344240089634,187.4141328613264],[57.55988326754396,186.7862658319533],[57.621080052181064,186.4943226281833],[57.78510459748658,186.29203632001125],[57.9128638623111,186.1586966213152],[58.09576186541437,185.4881645352841],[57.7932561782196,185.42995473308713],[57.75787017394313,185.30058186955],[57.513431505468404,185.36669262810358],[57.36131881487955,185.30904156122384],[57.31563003727252,185.4907176325706],[57.20016403019768,185.43902113497307],[57.08894007379618,185.54640654519636],[56.7562364473702,185.40730995998416],[56.77638000141679,185.3047822679019],[56.57377375059493,185.21834391636696],[56.4886590743045,185.36821729359787],[56.6055933750227,185.61195997418],[56.47065039324994,185.6944556606446],[56.1403033156792,185.48022276098368],[55.72797025197606,185.50523796665985],[55.398280230407934,185.72740502274127],[55.143226843259704,186.18922037057794],[54.747120764499876,186.42704382214205],[54.64750177842458,186.37408207334286],[54.636174448289005,186.47742645311868],[54.03267239983913,186.8609989546251],[53.76511131218575,186.81549024179634],[53.700266237523856,186.90965816832053],[53.47874507702319,186.94063462427164],[53.63923967975514,187.13688369879227],[53.491176832845646,187.45185207245385]]]]}},{"type":"Feature","properties":{"CC_1":null,"COUNTRY":"Vietnam","ENGTYPE_1":"Province","HASC_1":"VN.PY","ID_0":"VNM","ID_1":"VNM.45_1","ISO_1":null,"NAME_1":"Phú Yên","NL_NAME_1":null,"TYPE_1":"Tỉnh","VARNAME_1":"Phu Yen"},"geometry":{"type":"MultiPolygon","coordinates":[[[[94.8726320790005,95.01241225838464],[95.05921322487173,95.24725542861198],[95.76684637368662,95.45007023276256],[95.67413287641641,96.11228654360008],[95.88980696211424,96.43279552743975],[95.78625876317969,96.50037977789698],[95.83435223611944,96.62535971810044],[95.97668788028584,96.63972783917761],[95.96664646814118,96.74510036817998],[96.07611598413564,96.68336461316748],[96.12716157226383,96.75422813549815],[96.18039802600862,96.68308609257546],[96.19484309397677,96.80962069479122],[96.29365309231153,96.75374108703531],[96.37518171493203,96.8879561447277],[96.47595003469371,96.83129476974139],[96.52748186718254,96.95540607795463],[96.69346911558985,96.9596228614945],[96.65257291913983,97.02526008341216],[96.82978565569432,97.29300463697577],[96.76614023295568,97.53852284673717],[96.92085522887128,97.65135822535878],[97.0163859956198,98.26946211125079],[96.78794988853801,98.42475459134047],[96.64294263574648,98.76636884527028],[96.28331519170577,99.14796600815716],[96.24404682530461,100.0367672214685],[96.07000850469852,100.24545014113983],[96.12436193284046,100.45786271403594],[95.55646107203812,100.27355008782378],[95.21577523696737,100.34850256800101],[95.23261434075167,100.45653142789132],[95.10035651000095,100.60402314668848],[95.21724860669238,100.96714498866797],[95.3556720578537,100.98872406506287],[95.49037221768593,101.38483922306884],[95.58468800427113,101.41157642632434],[95.59665206303418,101.53401845169044],[95.80593469885781,101.47571499286764],[95.99535202382225,101.66282931477824],[96.32084039954319,101.65251714870197],[96.38851439220048,101.55127235437747],[96.72535279319133,101.57495745352813],[96.79917188156391,101.38950949111036],[96.93872334595746,101.31402565101224],[96.91831281250164,101.18458280018551],[97.49518677837105,101.26624627995085],[97.92275605098315,100.97750171062421],[98.32069656022209,100.99937469549769],[98.68904082493641,101.16543581446048],[98.95250128246944,101.60412449963934],[99.29062207790668,101.59305197446984],[99.56651677932894,101.83787733590339],[99.67516529346598,101.80890409642706],[99.64276102761987,102.13342901757278],[99.76839028596963,102.20445780459215],[99.67237764222926,102.36467615251537],[99.71669221514749,102.47776174855373],[99.96403858373294,102.31637799087076],[100.05615977881426,102.37476975471596],[100.08270091212438,102.87488919379355],[100.37299458095951,102.9343046236137],[100.55975960529358,103.07309159728023],[100.65010388129025,102.90565534061355],[100.85444393859561,102.88723347131508],[100.94044608905403,102.79041108696197],[100.85994835390703,102.50329961897847],[101.25192059521133,101.85129439780121],[101.6780101586979,101.63364783642199],[101.4738974741236,101.50886508829569],[101.47260929303123,101.23450527334923],[101.70963325044944,101.12016341968712],[101.71672054529985,100.95347348559156],[101.64804470604942,100.99819592419216],[101.57072204758059,100.86696084156773],[101.62911526221501,100.66820841535639],[101.83763252673971,100.45816158857157],[101.97033729483292,100.58274943009908],[102.04772843328563,100.43779873431285],[101.95963936409021,100.4697390535177],[101.927406810628,100.21456147185815],[101.83461483857023,100.15834081336726],[101.84459499053621,99.87488735681106],[101.76479356228872,99.9103865465119],[101.70619182223335,99.77485658084441],[101.62489708527985,99.91542028673476],[101.37310842808687,99.85817955240648],[101.2663764250196,100.01493704372957],[101.34072364706425,100.1145013961015],[101.46701238915158,100.11355245973283],[101.64375618129255,100.30151932023932],[101.34476227280696,100.62268807111852],[101.18327281201083,100.66379170006819],[101.12678462540731,100.78461265897452],[100.91555074107666,100.62356435466316],[100.97717676166396,100.53422241795346],[100.86079981970789,100.18204112689914],[101.04238042688164,100.0515610065351],[100.83297489415217,99.88255536320015],[100.96129219606267,99.86665518701393],[100.93082087395756,99.67815070299199],[100.82862233428867,99.63613632057924],[101.01140746837888,99.63494119533779],[101.33874490207512,99.21499896525256],[101.39648539208989,99.31317236785979],[101.67034061111755,99.3185703942049],[101.63592661835047,99.1861334788085],[101.72541471512322,98.97640272034546],[101.57157464223242,98.95735852787193],[101.56563437021123,98.75492498076872],[101.94388475907307,98.06574661958479],[101.78934611160754,98.0085949610261],[101.84894563481069,97.7731238924125],[101.68800383207538,97.62166983656802],[101.7828817790331,97.29515088113517],[101.68964954469034,96.91743209613468],[101.79091137485993,96.60585106926739],[102.5741845571198,95.37141816206923],[103.27556224017151,94.57342472383078],[103.24894309757336,94.47609310359837],[103.55085406940768,94.19778867070788],[103.50219476528018,94.03802515154742],[103.58022454305487,94.0198361665125],[103.58222445900623,93.82698181353835],[103.50997438526841,93.80017161008485],[103.51167283838313,93.57606432584824],[103.16533135242071,93.44834479586869],[103.35950179914514,93.69448313793868],[103.35550934593007,93.8171762100562],[102.94292007449002,93.64007775830659],[102.97431195099962,93.56910780709086],[102.81411311570898,93.38525742039776],[102.57732975742485,93.64629878613701],[102.28322989097158,93.41943680594106],[102.15653783020662,93.43207067066419],[102.04746355576178,93.28440067056245],[101.99562405982986,93.36803914466097],[101.49290872703686,93.23698173143397],[101.37285821459321,93.3046526449936],[101.03633642803005,93.00773142252963],[100.87193059303232,93.17558822485309],[100.33733133162602,93.14475765646476],[100.03612733830826,92.63804239623533],[99.79648285852336,92.8110748643014],[99.65354891935294,92.4651011969684],[99.52005482468596,92.39066073884435],[99.54056330644084,92.27793829953377],[99.42115949315163,92.18012298319493],[99.23949406169305,92.28950674002233],[99.17923987326168,92.1939297087481],[98.95080195767494,92.20816457647304],[98.94201521443763,92.10152772193769],[98.66332951898461,91.97937519076189],[98.73436868047108,91.94298592974695],[98.42477228100907,91.73749448359466],[98.46014363209693,91.92149671872117],[98.3424857285917,92.18554129374886],[98.42093496749158,92.30257130922136],[98.37538709492578,92.6103563464964],[98.20560730737142,92.70187313324385],[98.20030387596942,92.99678587796565],[97.90818448092732,92.8819658228176],[97.03474133493874,92.99414916326133],[96.83541641801904,93.20530832180033],[96.83666144794908,93.41723665547165],[96.47851361885384,93.62601149952127],[96.15782245635918,93.60711314792424],[95.74545743617277,94.43577654070877],[95.3672551643271,94.51499029734057],[95.20655922797623,94.39739385915423],[95.20349784693853,94.66780395157146],[94.89992873710418,94.8685596384437],[94.8726320790005,95.01241225838464]]],[[[101.0817831072786,99.66863248074779],[101.14153241008749,99.67521849604405],[101.09103488518063,99.6456873561023],[101.0817831072786,99.66863248074779]]],[[[101.1951004940706,100.3143408668628],[101.21058603372911,100.29756053006984],[101.16864387875957,100.26804146542082],[101.1951004940706,100.3143408668628]]],[[[102.88418616924507,93.22398317445665],[102.85433700896566,93.18455816859455],[102.86786356503606,93.28109379018846],[102.88418616924507,93.22398317445665]]],[[[102.21193139512737,98.33879217228936],[102.0877243439515,98.31560314145597],[102.08346677792447,98.45802835726148],[102.21193139512737,98.33879217228936]]],[[[101.9066772495991,97.17465334513078],[101.86735144133901,97.17280858283347],[101.91103122860977,97.21806973348716],[101.9066772495991,97.17465334513078]]],[[[101.41820838370944,100.3454573792637],[101.38883537258945,100.39478692711612],[101.42214348147724,100.40422070713778],[101.41820838370944,100.3454573792637]]]]}},{"type":"Feature","properties":{"CC_1":null,"COUNTRY":"Vietnam","ENGTYPE_1":"Province","HASC_1":"VN.QB","ID_0":"VNM","ID_1":"VNM.46_1","ISO_1":null,"NAME_1":"Quảng Bình","NL_NAME_1":null,"TYPE_1":"Tỉnh","VARNAME_1":"Quang Binh"},"geometry":{"type":"MultiPolygon","coordinates":[[[[75.90574604401962,142.4519376218768],[75.43241343347854,141.88061068393264],[74.8171728871795,141.51523217810274],[74.45435654598884,141.3925348357886],[74.64915765892803,141.18016612122523],[74.39139142267375,140.91986138068893],[74.0490549116213,141.0188327126568],[73.87228108686736,140.78310097073242],[73.9341093403247,140.57927935683236],[73.87921891108284,140.45907838344343],[73.66818422412268,140.39852855868918],[73.55357413624044,140.13349396454458],[73.5220598395012,139.74509008840823],[73.22737151740603,139.6518148543328],[72.88526818200239,139.8954882980835],[72.7719161404479,139.87249063012845],[72.67254424821157,140.03918631787235],[72.37776272235978,139.9290676178493],[72.32006721226531,139.82089867233861],[71.73982072344457,139.8490522698443],[71.51827942524075,140.28295408974247],[71.57955137830474,140.3962787001314],[71.25181451452242,140.39692659627693],[71.11305671689867,140.5163029764779],[71.09251338389666,140.64366432240664],[70.90277825848831,140.28976720486907],[70.74561544653133,140.20814551211322],[70.27411171639399,140.33860968895243],[70.13894634952253,140.5463759635062],[69.9360665282924,140.47806987263257],[69.78969758683893,140.58543182116466],[69.74322199169131,140.88879701928758],[69.50721536503062,141.12035911536776],[69.66538580836414,141.41951913426612],[69.18322946790228,141.80008457580632],[68.92734554191158,142.23623161867954],[68.99136823817659,142.30987369283858],[68.62115910830376,142.72585758959565],[68.66678315566821,142.79225290258245],[68.41971834164754,142.91897088568305],[68.5345528533428,143.0381930046567],[68.64761349130804,142.99735236541306],[68.75146312330955,143.22421810012136],[68.47216402012903,143.25499684426194],[68.57322506389555,143.40321087727256],[68.43358173771794,143.4731662353218],[68.42119457090902,143.9069720600526],[68.10896345970113,143.9111993229028],[68.1699129160493,143.68445125593817],[68.11446108345035,143.52810102062784],[67.8464213168561,143.39273283698822],[67.84665453241908,143.3215271331653],[66.67119356951115,144.13665807723575],[66.67002063317439,144.24843015995125],[66.1258740445578,144.64238201816224],[63.61727125271,147.6941263411484],[63.44321173312216,147.69718094730663],[63.107248081392754,148.0665077661411],[63.04352860266724,148.0111522394613],[62.75821423118512,148.23936180928123],[62.424063085614314,148.1723563157957],[62.34347966816714,148.77024635840039],[62.192037100004555,148.84527755229416],[62.069822581815885,149.17064042795218],[61.78907816633874,149.29808431557498],[61.64048763241936,149.76607028177872],[61.70877284722551,150.01237339594874],[61.64021679135356,149.99668840641905],[61.412369374875816,150.26981896819504],[60.99516673169735,150.509755091667],[60.92486087764257,150.64347376149755],[61.01627253570604,150.73127910633593],[61.09827376179646,151.41272841520453],[61.239743261358015,151.52249782651896],[61.251657943070164,151.86039435543222],[61.93786590533143,151.8683241068387],[62.11745238015408,152.02656751107537],[62.09983791167377,152.182934107308],[62.300706062848036,152.3677079171765],[62.709115930125904,152.13824804738263],[63.06563874715153,152.25331145473515],[63.13138377471909,152.37399593338517],[63.25925052859337,152.3038313083051],[63.32109668549243,152.46296106276117],[63.09396145085334,152.5525239656308],[63.16993959667655,152.64001582123294],[63.71879191991681,152.70663043088703],[63.995833122715375,152.97219968058855],[64.23857839255952,152.8644220975369],[64.38113092067044,152.9658195839022],[64.57087516520119,152.62184869028198],[64.76556959745102,152.57607789074757],[64.96848652504048,152.67806228673956],[65.37156138306165,152.22322332473618],[65.66275876573938,152.20300325827014],[65.96137779904932,151.8117376505048],[65.64004295281791,151.55633679772086],[65.61450761204657,151.34174272501429],[65.9663215394776,151.18384201395526],[66.98985147712524,150.9764042508481],[67.20861577149148,151.06882410130433],[67.27875024757019,150.9969445256908],[67.37755541904376,151.10442737902227],[67.72206327683791,151.15989399593025],[67.98154767911196,150.97443079766634],[68.07132383770887,151.0397556675858],[68.19305915421744,150.9314918172256],[68.27329764770373,151.04533165577917],[68.20434584070563,151.20147665910298],[68.43000717365976,151.5255837267804],[68.62738180749525,151.5351234047679],[68.78720460604843,151.85280336908113],[69.45438098556163,151.74728118593842],[69.69850863234927,151.6121389410612],[69.92980068085231,151.60390044005726],[69.93327646131077,151.41221581463967],[70.6540118817532,151.50407056148384],[70.59807829031605,151.40601636685705],[70.7057120558869,151.29489926033781],[70.55384725110805,151.0884470215587],[70.36431988097385,151.06968056756125],[69.9965646544211,150.44530058563643],[69.93783945345156,150.0479823341737],[70.14888546304266,149.21699620367403],[70.69633324268815,148.09684504022417],[72.24170924394677,145.69668423804134],[73.16174531557236,144.69163106019172],[73.99850137311167,143.93071298257155],[75.90574604401962,142.4519376218768]]],[[[70.83715837993822,151.2077241899098],[70.91532221850962,151.23534468101877],[70.9026983640767,151.1805660345023],[70.83715837993822,151.2077241899098]]],[[[70.21482272190117,150.62429257837528],[70.26561070145276,150.58830928786546],[70.2036693966019,150.49201227242577],[70.21482272190117,150.62429257837528]]],[[[70.50709915729799,150.9522935485331],[70.4924121606052,150.92185686040634],[70.485086856636,150.98845641878464],[70.50709915729799,150.9522935485331]]],[[[70.79229786456452,151.27598584460733],[70.74321656065462,151.29624832528253],[70.76784361866098,151.32268877209492],[70.79229786456452,151.27598584460733]]]]}},{"type":"Feature","properties":{"CC_1":null,"COUNTRY":"Vietnam","ENGTYPE_1":"Province","HASC_1":"VN.QM","ID_0":"VNM","ID_1":"VNM.47_1","ISO_1":null,"NAME_1":"Quảng Nam","NL_NAME_1":null,"TYPE_1":"Tỉnh","VARNAME_1":"Quang Nam"},"geometry":{"type":"MultiPolygon","coordinates":[[[[82.95851670946769,122.49432020378295],[82.73312034305637,122.57432415417166],[82.26740412442486,122.2638068297475],[82.1081609833214,122.3905543454914],[81.93501147800919,122.37867408515014],[81.80332321491173,122.50627970619644],[81.89360084459794,122.80473244349167],[81.74640839814138,123.16455647767503],[81.35080796445364,123.21018858312374],[81.38744819286988,123.35736651037877],[81.26773421369423,123.45205914105968],[80.86165840208415,123.49709212441505],[80.838152556972,123.36751401349437],[80.29381728423043,123.3754007523007],[80.1019347935442,124.24950517256728],[79.8613639926659,124.3153804528425],[79.97700225107101,124.46441321825374],[79.76583744154233,124.84717380544129],[79.29324876781142,124.85618951616841],[79.12036648697193,124.98619903982447],[79.13165276492664,125.20066339517724],[78.99910666218634,125.20867332488723],[79.13095247320021,125.81289049160529],[79.01695283772509,125.85077921096658],[79.01197316713063,125.96580053423082],[78.85438210674616,125.9768929352344],[78.8772911302497,126.16855288368505],[78.80324614520501,126.24384522456715],[78.4300064697677,126.17111925103607],[78.48874325593303,126.60544314432295],[78.60233861471879,126.68174201558742],[78.59234851260564,126.92303331602861],[78.39334298557462,127.16647224932272],[78.64411174687775,127.36821221355167],[78.7817152615669,127.29843872215915],[79.06344783429884,127.47176646222294],[79.0984739477819,127.57384969649605],[79.18745956929126,127.53057942879748],[79.3500625662169,127.65718392990125],[79.50975312182248,127.6520376936618],[79.55714100244747,127.79664076477567],[79.89377736868157,127.94683119963848],[80.38113363756975,127.87782360184704],[80.63064733415705,128.16682434598093],[80.96642692257109,128.9655990115267],[80.93282821831009,129.05746440013723],[81.00590039391626,129.05070250921128],[81.18726826335374,129.45776544305116],[81.40332077678553,129.64067117276483],[81.50859149382987,129.6118108919797],[81.66014432887017,129.37056545976577],[82.04622829660607,129.29921870138878],[82.20685392790432,129.42890948751514],[82.11947323121659,129.6818788669973],[82.32070487454823,129.81052235939976],[82.84389056195835,129.91282705381238],[82.90652580197677,129.71252376176088],[82.85168002181307,129.57168627966354],[83.33525919042906,129.40227649637674],[83.47876368082231,129.18852840760758],[83.81480478626557,129.14274046841115],[84.00055908469703,129.2890900881675],[84.0222247629851,129.5474128180221],[84.48630341717173,129.7865155976273],[84.53475941497761,129.9657591742987],[84.67889575413933,129.9759647422833],[84.89700309483953,129.813567191969],[85.00272612830244,129.8373770516842],[85.50347978472368,129.91867198362428],[85.829834742259,129.7586896156307],[85.93500676708686,129.60322441632212],[86.57457011997238,129.95658606605974],[86.55155638240645,129.64678411328643],[86.83294072318947,129.36102659299297],[86.80424172668965,129.08700631959093],[86.52554900791148,128.83055987538265],[86.46750528350071,128.6300865918208],[86.86388580126763,128.29469270342832],[87.23529998930348,128.42908732449854],[87.68647340903125,128.47791239897666],[87.76873902717325,128.3890540447706],[87.9655940783611,128.40342430861355],[88.2167178386909,128.6449672136931],[88.52480905712474,128.44974573385505],[88.63014498458037,128.48083422302858],[88.70214655107065,128.7079806638409],[88.98085673234803,128.56723198104865],[89.03746338375744,128.853085726338],[89.23519904272769,128.83765053073418],[89.32748812757966,128.60684040338754],[89.80317386851449,128.94508691986854],[89.86623617220505,128.84110547683463],[90.02704719002449,128.8291529705323],[90.15443411957446,128.93338192270497],[90.63024808806323,128.3650803805119],[91.47373074825806,127.81579206614556],[91.61929383318325,127.01724081842711],[92.81775363254415,125.04658444763739],[93.93741045815715,123.69794608029903],[94.20882794830251,123.57774645720575],[94.39338474389133,123.5965540739261],[94.46637863728456,123.77628811959018],[94.5477110200579,123.67103599803926],[94.46896302779432,123.447202466658],[94.55425573419001,123.3586661522468],[94.60533615465677,123.44101632271172],[94.75505724693527,123.17741480720002],[94.72374200470756,122.92387247183795],[95.19135404096097,122.45906497122955],[94.91893939895063,122.13072071578588],[94.1324333706728,122.088700815256],[94.00932612826071,121.96792543297411],[93.70239394707149,121.9066618375041],[93.70232497949017,121.83023537045064],[93.3655459006951,121.78912965287434],[93.24387303313708,121.69510443871253],[93.07867794595774,121.71430926535447],[92.87213504944131,121.52627221263829],[92.563656310244,121.55918937909472],[92.39060241371588,121.38045324624521],[91.91152775962246,121.42106067390446],[91.87362052312943,121.5791550062676],[91.733216951641,121.4305543142072],[91.6126236341507,121.46527542588788],[91.51877271452818,121.28153342091234],[91.25283114367717,121.3139334033096],[91.0967530026456,121.20985940519671],[90.59938201715919,121.28129044244841],[90.38646324773129,121.02492627361875],[90.42583793919859,120.7849003798724],[90.20679984574996,120.62965209626019],[90.24551364753445,120.43018845594565],[90.45774617630255,120.41983921118069],[90.45150483794502,120.23367248663739],[90.31821312453785,120.07826351913981],[90.43090168246333,120.0431189957263],[90.47871435802882,119.82782620522934],[90.15375383995968,119.45895365481168],[90.17389221242675,119.39998763650766],[89.95422133705083,119.17139244711514],[89.94939496408496,118.86738848303933],[89.7070471603118,118.72277753172764],[89.78627008962637,118.57127205752758],[89.75223950482237,118.19487319049381],[89.4332605152547,118.21000203706363],[89.14327828756791,118.46344283682372],[88.90866499054071,118.51778370623767],[88.7367060876361,118.32278937974584],[88.78227620841665,117.83920537410852],[88.91928689824428,117.52052551032872],[88.77833480190715,117.38905978813213],[88.11243762320638,117.25520531652134],[88.0957762735084,117.38328532362009],[87.83319266077207,117.44918919210511],[87.65595568957102,117.71621073651532],[87.32370412482209,117.82431671746052],[87.04757701331161,117.78066829411472],[86.82510337066587,117.93280590530064],[86.61156460906732,118.4190798286246],[86.86151476121466,118.58752170400064],[86.85488539493242,118.77439742453596],[86.9507397991829,118.80311213055813],[87.10666309561098,119.2034616946335],[87.11180320221156,119.58528763408127],[86.56763848391465,119.7955142718429],[86.53635916449825,119.93736719893329],[86.41952697562282,119.97374972620065],[86.31297638084096,120.18657665644288],[86.16995546975475,120.21288833871097],[85.9195518865328,119.99367557016198],[85.70826854436977,120.18727127793528],[85.23284179739605,120.16937163386122],[85.11424523111931,120.2533903644399],[85.00949686842002,120.20393978222188],[84.59252809723819,120.32212735050864],[84.59347347037556,120.40002703008362],[84.42263615310551,120.4757676188053],[84.23563784089441,120.38862578808885],[84.10775319628645,120.84247689573127],[84.13737188773688,121.2927338191082],[83.88927707201684,121.23602753922489],[83.38669272536859,121.85013312661088],[83.37661104450615,122.15683352775214],[83.11278830766115,122.51007999484949],[82.95851670946769,122.49432020378295]]],[[[94.65560076746416,127.19865785450969],[94.59957478227126,127.17265363282776],[94.62260146885195,127.23529753797702],[94.65560076746416,127.19865785450969]]],[[[92.89404353685865,128.18207254227036],[92.85508960490336,128.2305100787561],[92.9409648017187,128.2847216635611],[92.89404353685865,128.18207254227036]]],[[[92.90933467227264,128.79634785533145],[92.92734811882366,128.4259726370843],[92.58010112948756,128.655633907098],[92.57027565468955,128.8033807531686],[92.41348581827283,128.7865438476233],[92.31562184717158,128.9065383424895],[92.51302251341568,129.0493202496943],[92.61382155168337,128.8955348144456],[92.90933467227264,128.79634785533145]]],[[[92.31936444519012,128.672708697014],[92.27029587901636,128.57993002462584],[92.23813346377491,128.647342840028],[92.31936444519012,128.672708697014]]],[[[91.93648206570039,129.04941549240104],[91.91583190755277,128.91290406196111],[91.87645496062436,128.9784595612743],[91.93648206570039,129.04941549240104]]]]}},{"type":"Feature","properties":{"CC_1":null,"COUNTRY":"Vietnam","ENGTYPE_1":"Province","HASC_1":"VN.QG","ID_0":"VNM","ID_1":"VNM.48_1","ISO_1":null,"NAME_1":"Quảng Ngãi","NL_NAME_1":null,"TYPE_1":"Tỉnh","VARNAME_1":"Quang Ngai"},"geometry":{"type":"MultiPolygon","coordinates":[[[[94.10106564548562,112.67102161757443],[93.94424949493931,112.53033114400024],[93.74842995739495,112.69745142726606],[93.72075815726447,112.9010623127789],[93.2129427862437,113.17694375552956],[92.98108532523942,113.5521757290004],[92.65630482216622,113.52815305927805],[92.4738589497921,113.60278314497475],[92.51923576664413,113.79309457617475],[92.57923699046088,113.7918903657846],[92.80986482328346,114.2860719480162],[92.646290579923,114.44546094176542],[92.87397395031238,114.67406977098963],[92.9696676556417,114.93638447692581],[92.84462951222335,115.27419535766025],[92.6882664182859,115.32851110321971],[92.59603730057569,115.58050740479788],[92.1826960005622,115.46547679972065],[92.14147154427253,115.57877503943736],[91.94667818048855,115.63469444118759],[91.88102536962985,115.76263014518497],[91.49472932201226,115.8707666143131],[91.29601838181831,116.07844197851904],[91.14012075753982,116.50129321559413],[91.00911535090903,116.47478997781955],[90.9896567332864,116.66761468833815],[90.69569545364266,116.81669154692537],[90.5755030204784,117.22027193618788],[90.26005305983895,117.43570407576105],[90.23268364214006,117.5798149658988],[90.09438604162074,117.62869162934699],[89.9256285130456,118.05280518012613],[89.75223950482237,118.19487319049381],[89.78627008962637,118.57127205752758],[89.7070471603118,118.72277753172764],[89.94939496408496,118.86738848303933],[89.95422133705083,119.17139244711514],[90.17389221242675,119.39998763650766],[90.15375383995968,119.45895365481168],[90.47871435802882,119.82782620522934],[90.43090168246333,120.0431189957263],[90.31821312453785,120.07826351913981],[90.45150483794502,120.23367248663739],[90.45774617630255,120.41983921118069],[90.24551364753445,120.43018845594565],[90.20679984574996,120.62965209626019],[90.42583793919859,120.7849003798724],[90.38646324773129,121.02492627361875],[90.59938201715919,121.28129044244841],[91.0967530026456,121.20985940519671],[91.25283114367717,121.3139334033096],[91.51877271452818,121.28153342091234],[91.6126236341507,121.46527542588788],[91.733216951641,121.4305543142072],[91.87362052312943,121.5791550062676],[91.91152775962246,121.42106067390446],[92.39060241371588,121.38045324624521],[92.563656310244,121.55918937909472],[92.87213504944131,121.52627221263829],[93.07867794595774,121.71430926535447],[93.24387303313708,121.69510443871253],[93.3655459006951,121.78912965287434],[93.70232497949017,121.83023537045064],[93.70239394707149,121.9066618375041],[94.00932612826071,121.96792543297411],[94.1324333706728,122.088700815256],[94.91893939895063,122.13072071578588],[95.19135404096097,122.45906497122955],[95.61013291994676,122.29845666853225],[95.61687969336121,122.3836514246278],[95.73298804339449,122.35914330510226],[95.9464406772001,122.56395701197796],[95.80130660161281,122.67548358539233],[95.83004697044824,122.73767454443032],[95.98650050924444,122.6186933794568],[96.16279521748865,122.68057966647358],[96.1033011699018,122.55753433028698],[96.21607949025227,122.39858831006875],[96.15826571242906,122.24570676845607],[96.49257139755363,121.87438464801477],[96.64567523594766,121.93936771837431],[96.57265384168545,121.84860037368409],[96.64095262670872,121.69543705686291],[96.78047934213166,121.67061769820906],[96.63975176690845,121.37083707671454],[96.95819502412598,120.87922787547964],[97.23040524192749,120.72214144898845],[97.42788473947799,120.70302033127176],[97.4364849703738,120.52589178941726],[97.29433943568074,120.33289274885566],[97.15263864984496,120.35174498825748],[97.23802457899663,120.25510861930879],[97.00359148688494,120.22701773202299],[96.93780760366649,120.07433035992527],[97.05244570828292,118.82056090768188],[97.65784757324656,117.00102162910372],[98.18472989107023,115.89741589019225],[99.0173220283282,114.5936326408747],[99.08893394786612,114.15521386462916],[98.91983625305622,114.10589889873582],[98.97600237994182,113.59053804031076],[99.1021148747854,113.13453734664844],[98.68211213959397,113.47357792791914],[98.69491364279958,113.70005880191916],[98.56543525365612,113.9180366527343],[98.48288855458114,113.90435666612227],[98.37009402670179,114.11562906886653],[98.12026489197208,114.2030262180506],[97.95315663436241,114.1600118396354],[97.73249234644659,114.34282716801721],[97.68401141749477,114.28216031698706],[97.37773918009735,114.49084542920126],[96.96471660569995,114.28114109783226],[96.65281227613903,114.40835969070181],[96.54684333807087,114.29032967909029],[96.40727238116057,114.40959893125117],[96.26630620084607,114.19531158730078],[95.77910335709933,114.12288115899872],[95.63793001493332,114.20317708344099],[95.53750142686559,114.08714707176351],[95.59286077416675,113.3192866365791],[95.30172566194885,113.18972537057067],[94.98657414394424,113.36592027231086],[94.9430542276985,113.48075561934466],[94.78346646943801,113.22548594495409],[94.67546118448497,113.27575593160138],[94.64144262943331,113.13957673211976],[94.2365447853526,112.90266157593524],[94.25676498318337,112.70645101686942],[94.1043498503616,112.73298361901031],[94.10106564548562,112.67102161757443]]],[[[99.12435916680342,122.24105279538013],[99.14584645798652,122.41328697247747],[99.62093655588461,122.39998554674112],[99.60081337618558,122.28099434129417],[99.3701181468295,122.17924155763504],[99.12435916680342,122.24105279538013]]],[[[99.0046811042046,122.8913682505408],[98.89843859883005,122.83484582668136],[98.8974529720649,122.87655954244947],[99.0046811042046,122.8913682505408]]]]}},{"type":"Feature","properties":{"CC_1":null,"COUNTRY":"Vietnam","ENGTYPE_1":"Province","HASC_1":"VN.QN","ID_0":"VNM","ID_1":"VNM.49_1","ISO_1":null,"NAME_1":"Quảng Ninh","NL_NAME_1":null,"TYPE_1":"Tỉnh","VARNAME_1":"Quang Ninh"},"geometry":{"type":"MultiPolygon","coordinates":[[[[80.02776233708818,183.44859517745726],[79.90597681413587,183.31806972505737],[79.95352588554356,183.45141396383377],[80.02776233708818,183.44859517745726]]],[[[79.51466051317601,184.2445170603621],[79.52590099850558,184.36607014965182],[79.70278140243873,184.21271456024508],[79.85068830137976,184.2670212529714],[79.82728845613097,183.8691451652884],[79.71705307189727,183.99241516650878],[79.43615469331816,183.9890166904617],[79.32463484803621,184.55022270279736],[79.51466051317601,184.2445170603621]]],[[[79.5636170002015,184.4087546061785],[79.59070468058668,184.4465680489665],[79.60622073355022,184.3087752032419],[79.5636170002015,184.4087546061785]]],[[[79.43876190132838,184.47759657774233],[79.4013744830155,184.54587671205965],[79.42569087765153,184.57167996023793],[79.43876190132838,184.47759657774233]]],[[[79.64651166482045,184.62830506869423],[79.55562008066062,184.6098272995663],[79.3722613549417,184.9309528657485],[79.3571042003746,184.76487185795094],[79.26310675774559,184.84832281984896],[79.28429838462161,185.02480374574628],[79.48693795809763,184.9132050162705],[79.76901912329949,184.9825855356335],[79.83034408725202,184.88199582740572],[79.84744079923725,184.9684327107338],[79.97281989132253,184.80742780428739],[79.74274988474174,184.80371566514853],[79.94546705915197,184.68900196777557],[79.64651166482045,184.62830506869423]]],[[[79.91760796661084,184.48598801296953],[79.9302928367136,184.44439545621972],[79.89490250646811,184.4623200332638],[79.91760796661084,184.48598801296953]]],[[[79.49151907737087,185.02149335132154],[79.4729289659307,184.9360734648835],[79.37612711519766,185.06924126364817],[79.49151907737087,185.02149335132154]]],[[[80.3738083523954,184.90373257154837],[80.19515000256331,184.99215682350646],[80.5024578954577,185.1517039735521],[80.59624322747432,185.06839766516654],[80.3738083523954,184.90373257154837]]],[[[80.20892782967235,183.65367626080175],[80.13792146285937,183.59658109962993],[80.03638609259215,183.71748170004278],[80.11006084747761,184.0555612202735],[80.2756074432217,183.92252493527297],[80.20892782967235,183.65367626080175]]],[[[80.14482306575925,184.51416034854074],[80.18557833320229,184.57341864371833],[80.19463554241445,184.50722220979222],[80.14482306575925,184.51416034854074]]],[[[80.25697250618109,185.57999490384142],[80.60610924997113,185.8532656249251],[80.50196513137591,185.56968318591296],[80.23618542975689,185.3089990029465],[79.75417810090009,185.1163514003381],[79.44373173421943,185.1425537216269],[80.086845002673,185.31438827580882],[80.25697250618109,185.57999490384142]]],[[[79.207393339032,184.91863246807415],[79.15941458057993,184.88908762628594],[79.02229352054567,185.16400688758964],[79.1036521037779,185.23843089943412],[79.207393339032,184.91863246807415]]],[[[79.70690136928285,185.1029305417742],[79.7718500564949,185.0719531522168],[79.63968548156508,185.08743871019325],[79.70690136928285,185.1029305417742]]],[[[79.97627646259885,185.3932259916344],[80.01203464315239,185.4008846441088],[80.00695051246947,185.3735277786173],[79.97627646259885,185.3932259916344]]],[[[73.21383063142127,185.00369495284593],[73.31527311968001,185.19758126923296],[73.28833460680201,185.85256858673787],[73.10862672559398,186.1280096960132],[72.8056305227895,186.14136013160206],[71.9874261163612,186.3954220805999],[71.86662866062036,186.30770080625763],[71.60654024796115,186.40662614234492],[71.50926994199497,186.61170792712642],[71.20766109222383,186.82254099331513],[70.57741277016179,186.70183134863473],[70.6034243573941,186.85166690865387],[70.41561686731968,186.82345086438036],[70.28166605168916,186.94195648707313],[69.9432249420697,186.91249315758157],[69.78727409034012,187.08103340437586],[69.88345013334269,187.22713635565773],[69.76697645730161,187.392687591981],[69.79308221469265,187.4998523499836],[70.12472520599285,187.5173533179975],[70.24991766699829,187.65459362799672],[70.19803928883455,187.83193238138807],[70.38018216186823,188.27163632814992],[70.35355180761562,188.43515050141994],[70.4187464943976,188.4583679076087],[70.43136216168314,188.7230405555106],[70.73225267025607,188.6956540504426],[70.86493101633009,188.36069600356015],[71.26412902418701,188.3621976066969],[71.35935282896213,188.199966532748],[71.53178788314744,188.21834638566642],[71.58260385231007,188.11009894590435],[71.87975641246967,188.086387236492],[71.91414239005024,188.23003527012213],[72.35264226830482,188.07240422326217],[72.61343416092295,188.0946679290361],[72.70616653895237,188.00741413502212],[73.556938056207,187.87851040564954],[73.96885337211025,187.9243080775545],[73.87998936268309,188.3255281645613],[74.21554553659053,188.32722743521143],[74.23626355528683,188.21604747241935],[74.39593723666324,188.16557485097343],[74.46639592772856,188.2656949580738],[74.84892657701485,188.2866322433463],[75.05732568327946,188.11150847587058],[75.2642731674742,188.3556233474722],[75.40717516004581,188.7522684612876],[75.50681100589532,188.76812169222993],[75.58482896545631,189.1157455273427],[75.44042089482862,189.4237448513561],[75.94559586144027,189.59904021125243],[76.08924414700734,189.77809275568703],[76.07223214331573,189.89497925037014],[76.26280604780783,189.93593547983178],[76.40053196963834,190.16000418265358],[76.56709282264957,190.13820727575867],[76.81356009739136,190.4878964767354],[77.53690739041052,190.33975411674294],[78.03215546983503,190.63245429706132],[78.29107799412583,190.3545923809729],[78.41574202026331,190.3789230510418],[78.54004654554002,190.74645729090457],[78.29797817026626,191.1498128560385],[78.27183286554501,191.58951308913112],[78.34211663878594,191.6975583813118],[78.17982575740615,192.14440215573634],[78.09161186110475,192.12057637758056],[77.8928668539741,192.3640385570924],[78.02321876690003,192.49158974465547],[78.32586086400282,192.4458037218739],[78.35838149069652,192.55437804686733],[78.73726360976946,192.68540572076708],[78.85626029690673,192.96307571553038],[79.0006795561051,192.99433603907966],[79.04984114697969,192.92635578040478],[79.19729068868247,192.95350996201373],[79.22291818794625,192.89867761125763],[79.56491023954692,193.04529399891655],[79.77880931873872,192.993457824677],[79.94455642048979,193.1625350215489],[79.91300969515244,193.23650341832706],[80.13888768522128,193.49306522198864],[80.6687682822093,193.78695951019012],[80.83521775653324,193.7103752911279],[80.85549591882238,193.4055107429239],[81.00751316408534,193.2218238845705],[80.85397265475444,193.0391439340443],[81.30585878039417,192.93487157540397],[81.42396868821781,192.9949178769273],[81.49029775944904,192.939040202821],[81.65120765772878,193.20696268988607],[81.8978871062808,193.25392697664535],[81.98566648135902,193.13858996893458],[82.640722095507,193.15367405459196],[82.78427341568278,193.22994706388073],[82.89665095798513,193.18135266185547],[84.00911009954766,193.64479522028952],[84.03054745709304,193.71123819937276],[84.37744916959613,193.7491650675085],[84.68290810739465,193.56100891249528],[84.82174457856209,193.70322296869352],[85.04299190644898,193.54656412181023],[85.18310552766631,193.2733101417944],[85.10146135630796,193.22889289386524],[85.30791491924799,192.94311960500852],[85.547928175872,192.97190773787236],[85.7353171300091,192.7583480250648],[85.846199821887,192.40457694169888],[86.0088816589752,192.37497318578912],[86.12788472874726,192.47315360255766],[86.7337598277855,192.49921052153644],[86.74308903074231,192.43109458534596],[86.8533556592114,192.24986324637698],[86.71617333403009,192.3376096892511],[86.7816383113687,192.16425458931926],[86.64039886928232,192.12869578531544],[86.73333458990273,191.97511633105796],[86.64112675859067,191.92139430309635],[86.6677185002581,191.81760165594656],[87.0778654543885,191.90083431907772],[86.99539808204328,191.8027934064624],[86.49013503082365,191.6462737433143],[86.12842611597489,191.23815709052366],[86.0007523104569,191.21894801901954],[86.01512027664458,191.35300330714017],[85.88098874206646,191.2978641360891],[85.85379198222114,191.11564757847486],[85.94113536770331,190.95183135532832],[85.86319147758655,190.8482924299196],[85.5332598107003,190.85577803288504],[85.4136233439168,191.0607102466576],[85.13187201346274,191.24111239362378],[85.23080613993329,191.529806882907],[84.75775244583711,191.49052111238115],[84.58907120104651,191.19551874501886],[84.62716791635395,191.39480605208956],[84.51663531881297,191.4664919808797],[84.5118455320092,191.60125878876346],[84.09226391534884,191.60777239107543],[84.07026998098222,191.48728874208555],[83.8673284459908,191.33898113778417],[83.76130563539687,190.84966817616098],[82.97963274800675,190.61537896068006],[82.78561301690443,190.42319571159945],[82.62363534022353,190.40742947866454],[82.65341424894075,190.27269804697397],[82.18079588033066,189.5516755872425],[81.06252985123264,189.55621961631647],[81.06689621991694,189.02594375730692],[81.30984055613138,188.81331105919932],[81.45155572741415,188.41307725174264],[81.5783428013638,188.48430473582698],[81.6158242242448,188.39614329941892],[81.59506672396272,188.45784275912672],[81.80294025550799,188.51346570015247],[82.09216233566958,188.73212214382295],[82.2528511560995,188.7230330741493],[81.8529784800287,188.1804806945394],[80.64959435244907,187.1804191263615],[80.58404532468249,187.22203074180064],[80.28202865777325,186.98258960265662],[80.35190851464914,186.95048089911162],[79.83754292210246,186.6855786065348],[79.55501142844125,186.23355114906514],[79.25161219590562,186.06199860224993],[79.02520528465838,186.15701530104852],[78.87659659114787,186.12493100919372],[78.8788047845547,186.21525273454372],[78.3266237437816,186.1346881568917],[78.188844662921,185.93373106380497],[77.87717161850017,185.7730908604517],[77.88288773187202,185.46346644160968],[77.35339876879736,185.4023704953859],[77.36897551631692,185.49882220233098],[76.94244949120638,185.50255105904037],[76.80501308149013,185.61530663289778],[76.56097179471959,185.58088300545344],[76.38493206217484,185.71570406777437],[76.09182040507595,185.58351927696722],[75.70661739823892,185.68097051234227],[75.34919794414836,185.63112445259594],[75.12862141895387,185.43835221345768],[75.18715096430105,185.1369376720315],[74.77231004525888,185.1530466077091],[74.53542122189947,185.07308920097537],[74.3285925592549,184.69655300693358],[74.41393237528497,184.29482125599236],[73.98313639445219,184.04411513035228],[73.806123666543,184.2371572697232],[73.50814993179608,184.26987443124764],[73.29567753116446,184.43021800194293],[73.12127656780581,184.8027906366067],[73.21383063142127,185.00369495284593]]],[[[79.11413239816183,184.87911974020915],[79.21554704147552,184.8050055378459],[79.12247688412012,184.80655357626588],[78.869277756849,185.1602539872449],[79.11413239816183,184.87911974020915]]],[[[75.68333844249835,185.2940969515584],[75.68708768824676,185.23491723765534],[75.66428903762969,185.3081263367345],[75.63864149453512,185.20760963041764],[75.51969974273813,185.2105730578841],[75.46495520318295,185.4806698557596],[75.7131705296729,185.4726399001951],[75.68333844249835,185.2940969515584]]],[[[77.29238896415255,185.47335942965753],[77.35803055210627,185.49202507711757],[77.32228020185786,185.43198191147434],[77.29238896415255,185.47335942965753]]],[[[79.98354522515578,185.50817608043914],[79.92466187190566,185.53402358934719],[79.96884616291294,185.56841393452453],[79.98354522515578,185.50817608043914]]],[[[79.77897079130837,185.5770564923078],[79.50839488815271,185.37112900317027],[79.06321171619508,185.4975155410707],[79.10010341140548,185.56285324374585],[79.11883721745335,185.49314598465827],[79.37905663648095,185.57032821024708],[79.39329266820778,185.527441366722],[79.85667306993302,185.7860809802942],[79.84177882621834,185.7212052425414],[79.91120089421781,185.75403071402602],[79.77897079130837,185.5770564923078]]],[[[79.86893032300281,185.6075880583804],[79.93857921668341,185.56712622672362],[79.81267721867253,185.52234400373607],[79.86893032300281,185.6075880583804]]],[[[80.0982417934705,185.97637285616116],[80.04374356388293,185.9614456697007],[80.05774607032983,185.99257873645172],[80.0982417934705,185.97637285616116]]],[[[80.4604716380346,185.9942720757337],[80.49317765463752,185.97476880338252],[80.48169441219397,185.9441419559178],[80.4604716380346,185.9942720757337]]],[[[78.06655996752117,185.63948020182804],[78.02156305826493,185.64901209289494],[78.07068187016095,185.66740543354453],[78.06655996752117,185.63948020182804]]],[[[79.32611982353798,185.2631029714919],[79.07001452937446,185.3433996972696],[79.1651756837905,185.3993811119799],[79.4853403349909,185.25204414126082],[79.32611982353798,185.2631029714919]]],[[[78.08431449573739,185.75779057671207],[77.9500882877657,185.6267143542311],[77.95605039103859,185.7451159088946],[78.08431449573739,185.75779057671207]]],[[[78.14598310802435,185.88066387270786],[78.17126864689297,185.92079617512],[78.22454418139901,185.91349787218272],[78.14598310802435,185.88066387270786]]],[[[80.6287179113212,183.11272317424528],[80.8088889523168,183.27563563105375],[80.6174587660382,183.0015846210891],[80.53917535455426,183.0186309342618],[80.6287179113212,183.11272317424528]]],[[[80.70436196073605,184.77915595256394],[80.75046404533319,184.7160569821029],[80.7153505523684,184.70810638740974],[80.70436196073605,184.77915595256394]]],[[[80.78522791166478,184.97229071007837],[80.71262106590301,185.03299134503203],[80.7417047151421,185.0511728309175],[80.78522791166478,184.97229071007837]]],[[[80.8678455106745,183.5761748570399],[80.98816188171595,183.62832626320431],[80.89815265777113,183.46344922758456],[80.81266132880782,183.5185119969477],[80.8678455106745,183.5761748570399]]],[[[81.36689616095478,185.3547879338494],[81.56043868153873,185.81051782443672],[81.72183034447431,185.87737631053847],[81.6404967130951,185.63754821308314],[81.73774163177832,185.4737814441523],[81.51738157871792,185.29888579863442],[81.04650005673912,184.6480708317023],[80.86453790126863,184.1342999831575],[80.76298700892,184.16360480078632],[81.015674647411,184.77575292655527],[80.83279807244901,184.87740150097113],[80.87445390642307,185.08545579154995],[81.36689616095478,185.3547879338494]]],[[[80.200035691271,185.214687657599],[80.81161303135801,185.59667662858925],[81.00241717247057,185.98772917107408],[80.90492187575951,185.92827438516753],[80.84793994946904,186.06213458898398],[80.93982434324846,186.03062497695842],[81.19557582908703,186.44290570007237],[81.1604470472959,186.2695022086635],[81.48732705068466,186.71027526054448],[81.46644311637398,186.34264901920395],[81.61761710181229,186.57709757435157],[81.61872177888598,186.7480782359887],[81.72928908857097,186.65962917574018],[81.56993969906704,186.4601840176155],[81.54650640006525,186.26376765431667],[81.64206519971,186.18189870980166],[81.33749442626076,185.43646797106803],[81.14872261275492,185.29747253168523],[80.917739794414,185.27146948106804],[80.8938789483401,185.20109180102895],[80.55910125161078,185.16465727271063],[80.69556390317848,185.2334939823349],[80.65338195894178,185.27725821509273],[79.96819079436226,184.9775515177441],[79.96409064181768,185.1004471084887],[80.200035691271,185.214687657599]]],[[[80.52698546105412,185.47115916931642],[80.83131491702542,185.97333910178975],[80.89086218277862,185.8643326204081],[80.52698546105412,185.47115916931642]]],[[[80.81530241249722,185.99103535932582],[80.76537009291896,186.00755171772326],[80.81506937783233,186.0203185199746],[80.81530241249722,185.99103535932582]]],[[[81.49440226076027,186.53281745068196],[81.51494275608137,186.62667383560603],[81.56013893137931,186.56309976141637],[81.49440226076027,186.53281745068196]]],[[[81.53137347994809,186.65647925789625],[81.57680119253142,186.7319905796066],[81.58382642339164,186.62047327537363],[81.53137347994809,186.65647925789625]]],[[[81.34275184362888,186.81123669528722],[81.3846382547736,186.7925637669618],[81.34466046782275,186.75660348787676],[81.34275184362888,186.81123669528722]]],[[[80.6187658274906,186.41630278177854],[80.65361740485422,186.39189197240177],[80.62332587090543,186.34370481867512],[80.6187658274906,186.41630278177854]]],[[[80.67972618523014,186.4861161394272],[80.64664693929338,186.50228906177554],[80.67149559151322,186.52908212301722],[80.67972618523014,186.4861161394272]]],[[[80.60213140916294,186.54487835585363],[80.61968550053075,186.50674280009437],[80.59359821095825,186.49225461187947],[80.60213140916294,186.54487835585363]]],[[[80.97997618014485,186.55319671290465],[80.94448564511154,186.57602621844444],[80.96363537279363,186.5922266821966],[80.97997618014485,186.55319671290465]]],[[[81.05980740011772,186.63081874001935],[81.04555976709644,186.67331290311841],[81.09396750787691,186.68289928086688],[81.05980740011772,186.63081874001935]]],[[[80.96526911115036,186.64242861779158],[80.9346508166288,186.6761997025453],[80.97384072153973,186.6784829492952],[80.96526911115036,186.64242861779158]]],[[[80.45326002684375,186.7521369726237],[80.47307635463123,186.7883675042712],[80.50325572505187,186.76735613047742],[80.45326002684375,186.7521369726237]]],[[[81.75092871550272,185.93991281546027],[81.86536184848212,186.12204783043327],[81.77345324054498,186.23409928567514],[81.9898677410607,186.6494999861383],[82.03152520522931,187.09876227400238],[82.42820431463625,187.62437942988052],[82.11610626428241,186.5951050844361],[82.02281604586526,186.51542948413032],[81.90758286857378,185.9988905936146],[81.77854818469588,185.88864142057855],[81.75092871550272,185.93991281546027]]],[[[81.89096833946375,187.1947210769296],[81.883709538803,187.11122262542938],[81.84290006957764,187.1465204112937],[81.89096833946375,187.1947210769296]]],[[[81.94189518674425,187.2424914784265],[81.97328282017975,187.2810842539679],[81.9672337771466,187.19864373064877],[81.94189518674425,187.2424914784265]]],[[[81.48345768816648,186.89342244912442],[81.5151367519577,186.87901517136635],[81.49576836042834,186.84102680749066],[81.48345768816648,186.89342244912442]]],[[[81.46565963200038,186.99972569166727],[81.40907228426543,186.8579286533329],[81.23409336248878,186.75853357364466],[81.15645322972352,186.8024908305347],[81.14785977933018,186.69855148839915],[81.02986870616257,186.68194948920845],[81.1015505559725,186.70115813784696],[81.05486612131381,186.770111011207],[81.28113422633076,186.87507689027237],[81.35441846551153,187.0644732166536],[81.39095187388185,186.97401726116178],[81.46565963200038,186.99972569166727]]],[[[81.60421286893455,186.88876718468785],[81.70081627622766,187.02856987056708],[81.67804603835837,186.80472383726828],[81.60421286893455,186.88876718468785]]],[[[81.26060092009591,186.9597487342451],[81.23517155517972,186.93501710211046],[81.21344250489474,186.97694668367885],[81.26060092009591,186.9597487342451]]],[[[81.87425889155296,186.9967963768347],[81.87980579979124,186.94718015661005],[81.82904014310532,187.00598606077764],[81.87425889155296,186.9967963768347]]],[[[80.99326411915156,186.9853960555448],[80.99460341357981,186.95010569958183],[80.94426157367806,186.9390723722499],[80.99326411915156,186.9853960555448]]],[[[83.81111151245885,186.04280020387856],[83.59140462979965,186.14727779899096],[83.54661841268084,186.31111203519677],[83.7292558877397,186.52544205271934],[84.14280623510459,186.12045944839568],[84.0833967978807,185.93133637233066],[83.6371369379175,185.61770666178512],[83.87147837069504,185.88774897524013],[83.81111151245885,186.04280020387856]]],[[[84.15140769970311,185.99469246443002],[84.17332467773593,185.93975430568153],[84.1173935716831,185.9594629817986],[84.15140769970311,185.99469246443002]]],[[[84.28131009720646,186.10306072661993],[84.31219199180009,186.11613625109928],[84.28434872337513,186.06617864750163],[84.28131009720646,186.10306072661993]]],[[[84.84452932357685,186.4599012396532],[84.50320130823303,186.11377494664183],[84.36597078098731,185.989833096381],[84.33494935885227,186.19599032802947],[84.68392742796223,186.76198197717605],[84.78771668796466,186.71317693557737],[84.86475228318524,186.7803918062961],[84.9672503994958,186.59842665536956],[84.84452932357685,186.4599012396532]]],[[[84.49601385867109,186.63318199635154],[84.48674502438483,186.68337346005575],[84.54693071034696,186.68542039345266],[84.49601385867109,186.63318199635154]]],[[[83.87266714766739,186.61564888573963],[83.88551622650597,186.7459418328887],[84.04856598060833,186.83985736855718],[84.10020832158764,186.6857265474008],[83.87266714766739,186.61564888573963]]],[[[83.82613515132384,186.79850157715674],[83.79163858124004,186.80680719053052],[83.80737179993052,186.8382954014282],[83.82613515132384,186.79850157715674]]],[[[83.95470422671801,187.0378249332505],[84.02006894285091,187.09360905595324],[83.97967363433942,187.01169103842375],[83.95470422671801,187.0378249332505]]],[[[84.95553742847433,186.9215461295288],[84.97298229588,186.95939791797704],[84.9375638034948,186.87122744611762],[84.95553742847433,186.9215461295288]]],[[[84.77509410744064,187.80029829820703],[84.76098122789297,187.85522357322785],[84.82106209629656,187.79814059976775],[84.77509410744064,187.80029829820703]]],[[[84.47006396929088,187.5823513921672],[84.49452614173359,187.508085557969],[84.31624770966856,187.42415102765187],[84.47006396929088,187.5823513921672]]],[[[84.98121417937912,187.8682444633845],[84.94985369165394,187.93936125575388],[85.02039637770339,187.9262523918455],[84.98121417937912,187.8682444633845]]],[[[84.83163789568034,188.02270204132645],[84.92837358608867,188.098565069707],[84.95250472955207,188.0753166096493],[84.83163789568034,188.02270204132645]]],[[[84.99353757241998,188.16046667730913],[84.98218185955913,188.09177706455677],[84.93012858059737,188.10216650753642],[84.99353757241998,188.16046667730913]]],[[[86.57900552411087,188.50071132605615],[86.62400381836879,188.46517517046843],[86.50562470180105,188.45212821588413],[86.57900552411087,188.50071132605615]]],[[[83.13912408149866,188.91230723791824],[83.06025734651435,188.7882700987615],[83.04640929471017,188.8107182478925],[83.13912408149866,188.91230723791824]]],[[[82.93605294511069,189.2097411632725],[82.97309952907344,189.20119823334835],[82.91783527649562,189.16598383473428],[82.93605294511069,189.2097411632725]]],[[[82.47218476781471,188.96025656592965],[82.5387201176137,189.00037175784516],[82.49629314068282,188.898940143656],[82.42015274438519,188.93397832271395],[82.47218476781471,188.96025656592965]]],[[[82.56730328947889,189.1423415469771],[82.29480836742103,188.89908058308276],[82.17435447342069,188.9480913545157],[82.26568110120324,189.00696680069174],[82.04600812319262,188.9501341906811],[82.5856566367463,189.19937366507017],[82.3931424609027,189.08818401787474],[82.56730328947889,189.1423415469771]]],[[[82.61085094490463,189.33848886507107],[82.63580208221127,189.28186048215878],[82.57101999612702,189.3114964571205],[82.61085094490463,189.33848886507107]]],[[[82.70713506177495,189.38522750927527],[82.86270837369408,189.4434968879725],[82.66598163900274,189.3066190992678],[82.70713506177495,189.38522750927527]]],[[[81.54805574811216,189.27350211213036],[81.58378863097401,189.18899930214425],[81.4383723316672,189.21305077447718],[81.54805574811216,189.27350211213036]]],[[[81.54805574811216,189.27350211213036],[81.82514393367707,189.37114017023478],[81.98156966239235,189.20757487542602],[81.61098173020089,189.16333266461297],[81.67390484600453,189.20852146285847],[81.54805574811216,189.27350211213036]]],[[[83.07690142610805,189.55978533634678],[83.02525514843775,189.48447935574663],[82.68233506426202,189.2661835774771],[82.9140318687275,189.4374237404953],[82.84603996705987,189.4903888283079],[83.20097787555923,189.65768918357028],[83.07690142610805,189.55978533634678]]],[[[86.1460969437098,188.9205469533734],[85.92172487743404,188.89372797109291],[85.83826051369519,188.99678095189114],[86.10169016644188,189.119981957075],[86.1460969437098,188.9205469533734]]],[[[85.61598098943567,190.3691583847064],[85.09286181415617,190.3253056479923],[84.73780153652257,190.1200882785883],[84.77262122154742,190.33157939142055],[84.7605182036859,190.21449433595592],[85.06641083608673,190.33886446627778],[84.85295268890239,190.33081690778673],[84.84847557629702,190.49030149489357],[84.54229651530245,190.4054310761201],[84.94460664947611,190.60034665951898],[85.36764656468087,190.60812637170645],[85.96360681201836,190.78824930269386],[86.42820595566897,190.79459383917523],[86.22308059975694,190.70061903719906],[85.77057824536347,190.31833478067207],[85.61598098943567,190.3691583847064]]],[[[83.82115553596805,189.49811239902178],[83.72727556920391,189.51892239675226],[83.8894848532127,189.62004070175985],[84.199892826465,189.62435203357677],[83.82115553596805,189.49811239902178]]],[[[84.33472996208795,190.18903644257313],[84.21165474972948,190.03656492173317],[83.52280141552234,189.69271272864734],[83.54167614326215,189.7686366611006],[83.23340372987158,189.69303118485982],[84.41538913161058,190.33336961011534],[84.45686490198167,190.26030954881585],[84.33472996208795,190.18903644257313]]],[[[83.45054657017901,190.18382705838815],[83.43294033692,190.23469343906157],[83.47903511391009,190.2385962063736],[83.45054657017901,190.18382705838815]]],[[[83.64520207058459,190.39880207795156],[83.78649204823212,190.4901070058295],[83.83897662320895,190.40980341266732],[83.64520207058459,190.39880207795156]]],[[[81.06798882324559,187.00817794436733],[81.22972760157951,187.08498472086748],[81.2402175541191,187.0249042085202],[81.06798882324559,187.00817794436733]]],[[[81.88552006794649,187.39810873555385],[81.7925146354707,187.17085918422154],[81.7233082191438,187.22775822059342],[81.57378710708998,187.2016585337259],[81.72136767698406,187.19722146851387],[81.7210178069487,187.1027087966253],[81.48913454382489,186.9741549687178],[81.47398979776023,187.1038987589704],[81.36210984853842,187.12886705514805],[81.49840870596314,187.24899957046682],[81.45263282381275,187.31621654987376],[81.65261131730614,187.58144380490333],[81.7440918686639,187.50436326658127],[81.9283820280781,187.60857826190326],[81.88552006794649,187.39810873555385]]],[[[81.9889852164578,187.3376262332963],[81.97736306625295,187.28893668478918],[81.98171303540084,187.38937550003962],[81.9889852164578,187.3376262332963]]],[[[81.66539141780287,187.6874439668147],[81.79926797418197,187.8095226425877],[81.95357365856627,187.79288055021763],[81.75702129195584,187.58192998087367],[81.66539141780287,187.6874439668147]]],[[[82.06475576000635,187.75170095543982],[82.03351072453542,187.71611468248477],[82.01796959364718,187.73633939654385],[82.06475576000635,187.75170095543982]]],[[[82.6097895198631,187.81848489243617],[82.67369804757057,187.84706074836797],[82.60668648495634,187.74572392711045],[82.6097895198631,187.81848489243617]]],[[[81.98299693921679,187.9765655759298],[81.97430412822837,187.8706594243017],[81.93465337838921,187.93418029656547],[81.98299693921679,187.9765655759298]]],[[[82.71914102552346,187.90280708740272],[82.7311935409665,188.37150560287546],[83.00551339947306,188.68438253824314],[82.81912881696235,188.0891837718759],[82.83805738970364,187.89907972936703],[82.7396232697354,187.81239012071006],[82.71914102552346,187.90280708740272]]],[[[82.40565865598036,188.3947005630158],[82.36851380748752,188.3186016432555],[82.35330107205405,188.3207000048252],[82.40565865598036,188.3947005630158]]],[[[81.8750175245436,188.6421723362403],[82.0075111013868,188.69822468574748],[81.84158000067585,188.60621068882],[81.8750175245436,188.6421723362403]]],[[[81.95590432064314,188.81268502434173],[82.12683262224618,188.85988813698765],[81.90783615839382,188.7788974319608],[81.95590432064314,188.81268502434173]]],[[[81.4832556522965,188.51212005010086],[81.497867491125,188.47420547254384],[81.46064883417307,188.48351200332667],[81.4832556522965,188.51212005010086]]],[[[80.28577592528158,186.20321212322492],[80.28757378613368,186.14856132985352],[80.26272331683758,186.16373444128394],[80.28577592528158,186.20321212322492]]],[[[79.8440681203276,186.30444975788012],[79.84079526344702,186.24190830186055],[79.80940179603184,186.30521348236968],[79.8440681203276,186.30444975788012]]],[[[80.10099184664837,186.33963060070386],[80.0629545414738,186.32378237327566],[80.06353775957038,186.3647928454124],[80.10099184664837,186.33963060070386]]],[[[80.43551045889043,186.35740497187737],[80.46666021857855,186.52568744112747],[80.51288431580738,186.5029569464681],[80.43551045889043,186.35740497187737]]],[[[80.26276662527265,186.62274228139407],[80.30961476425699,186.5918641799204],[80.24678890148844,186.57345457216599],[80.26276662527265,186.62274228139407]]],[[[79.07906299844034,186.12324598631176],[79.05043151052583,186.0986502025829],[78.99829434249133,186.1080423088313],[79.07906299844034,186.12324598631176]]],[[[79.86411980253712,186.53776213753176],[79.80372970357419,186.43144339031602],[79.83599063838973,186.65379245754508],[79.93984511513658,186.5825253031215],[79.86411980253712,186.53776213753176]]],[[[80.96947804776572,187.20177601087317],[80.98564190220995,187.2545255835456],[81.02648884328205,187.2523166520619],[80.96947804776572,187.20177601087317]]],[[[81.87799202692247,189.47312882097475],[81.83642100172189,189.53687011767357],[81.93011671049896,189.4876986810926],[81.87799202692247,189.47312882097475]]],[[[81.58588240888739,189.42522202242807],[81.68443389013257,189.41678358280174],[81.37196348107808,189.24540447608348],[81.2976194457163,189.39253772149723],[81.38993802842712,189.4802082424334],[81.58588240888739,189.42522202242807]]],[[[85.22263303267167,190.95580226665106],[85.39834265123474,190.93212629941382],[85.39507563149324,190.8047295442211],[85.28799370317805,190.76155183596947],[85.15615436951799,190.87235235085282],[84.90486109694699,190.76077501404396],[85.1078432975119,190.9938790449159],[85.21521392064442,190.9837075657334],[85.14101157781651,190.89997689827504],[85.22263303267167,190.95580226665106]]],[[[83.86446086285466,190.64581928616317],[83.89477079101111,190.67028393557766],[83.88657189531014,190.60911688444622],[83.86446086285466,190.64581928616317]]],[[[86.81956744352772,192.0400475258071],[86.74175682053024,192.09142635004306],[86.94017353517314,192.09335274448273],[86.81956744352772,192.0400475258071]]],[[[86.76085136299567,192.4241084592794],[86.74881584299224,192.48063123323965],[86.86408842266572,192.40004574244986],[86.76085136299567,192.4241084592794]]]]}},{"type":"Feature","properties":{"CC_1":null,"COUNTRY":"Vietnam","ENGTYPE_1":"Province","HASC_1":"VN.QT","ID_0":"VNM","ID_1":"VNM.50_1","ISO_1":null,"NAME_1":"Quảng Trị","NL_NAME_1":null,"TYPE_1":"Tỉnh","VARNAME_1":"Quang Tri"},"geometry":{"type":"MultiPolygon","coordinates":[[[[71.11305671689867,140.5163029764779],[71.25181451452242,140.39692659627693],[71.57955137830474,140.3962787001314],[71.51827942524075,140.28295408974247],[71.73982072344457,139.8490522698443],[72.32006721226531,139.82089867233861],[72.37776272235978,139.9290676178493],[72.67254424821157,140.03918631787235],[72.7719161404479,139.87249063012845],[72.88526818200239,139.8954882980835],[73.22737151740603,139.6518148543328],[73.5220598395012,139.74509008840823],[73.55357413624044,140.13349396454458],[73.66818422412268,140.39852855868918],[73.87921891108284,140.45907838344343],[73.9341093403247,140.57927935683236],[73.87228108686736,140.78310097073242],[74.0490549116213,141.0188327126568],[74.39139142267375,140.91986138068893],[74.64915765892803,141.18016612122523],[74.45435654598884,141.3925348357886],[74.8171728871795,141.51523217810274],[75.43241343347854,141.88061068393264],[75.90574604401962,142.4519376218768],[77.26004438238795,141.54100666730844],[77.21007491766052,141.0350822014978],[77.28227042800467,140.61428702370438],[77.56060765077534,140.16692264537485],[78.54009479599452,139.08331755553252],[80.26680989445276,137.65753783691156],[80.0639089993104,137.5521710292478],[79.87960972650588,137.25598523484413],[79.93110242971332,137.15186730004274],[79.56981846099362,136.81536919520892],[79.64814525642915,136.79479840593166],[79.50767350570263,136.72574085984695],[79.62429936537676,136.58545024901227],[79.591842433981,136.48476896499466],[79.55881270300662,136.6237681665864],[79.38561551478394,136.47663542209352],[79.4396766046027,136.41959774777357],[79.4765000948852,136.48088373249192],[79.4251985733927,136.30431379404706],[79.62065576247112,136.11359145963468],[78.99645525673503,135.6260641532762],[78.73366863141035,135.8572401710349],[78.41106667961506,135.7502400923693],[78.24967052285159,135.80924416851528],[77.57429432562719,135.6808611223664],[77.38539836122447,135.55071386182365],[77.36991709041413,135.4452210723962],[77.04926368396384,135.43510298965975],[76.85311686347528,135.3396931401907],[76.71130468924808,135.38231896781127],[76.65399170733662,135.1268796798869],[76.94011788405248,134.89614846634572],[77.08312796050176,134.90794216463547],[77.12010171073844,134.75674438390885],[77.16882107343407,134.8068012520204],[77.45137192255572,134.58997158629134],[77.53023627903076,134.34909984131286],[77.40694539504132,134.20151544242796],[77.19265331375505,134.1709298648872],[77.0248265204682,134.27481418834657],[76.69559258393583,134.2656744683376],[76.59815005399903,134.00413020866617],[76.7585624134909,133.83134336610215],[76.48093368033891,133.3625753095734],[76.2287021315626,133.26558122972293],[76.31663005926046,133.19935568931243],[76.34302244785388,132.71497342822383],[76.28494135833947,132.63040026764207],[76.10078816594996,132.7506059529044],[75.72817811174089,132.59097703154606],[75.65726586569303,132.65269856067346],[75.70667202278626,132.90844765318712],[75.64040608479017,133.23246900386883],[75.22189906351385,133.3783588286806],[74.93486054384499,133.60603603359354],[74.86514361750842,133.80092838859284],[74.96005567842624,133.99669810003633],[74.67469401135246,133.997231405114],[74.64697722921375,134.10967933476616],[74.83302099348934,134.29692778856585],[74.70120367878847,134.49679956908824],[74.8510910775737,134.9724385316365],[74.54722655882773,135.315925960305],[74.19328997894613,135.40162797575275],[74.10791343069317,135.17776102037251],[74.172749052403,135.09155577848844],[73.88855807414446,134.4365678327111],[73.82179758352135,134.55840700115812],[73.54290463072425,134.4712171868664],[73.5566685266274,134.06735024698958],[73.27483370231852,133.97052518361005],[73.20720812274162,133.8234615444166],[73.16143514010653,134.13691916792564],[73.03632181730543,134.09188660565107],[73.09777290579173,134.01576767020558],[72.63586467721726,134.14138446833553],[72.69775313500233,134.25388500833196],[72.60360024148108,134.35049368782938],[72.51246134729861,134.28427435500325],[72.4828409628373,134.56145752472332],[72.34337852137817,134.526559484675],[72.39283172609888,134.87121361026698],[72.19825083944687,135.073019314499],[72.19612163528622,135.29247294812836],[72.46679919467547,135.54332892588295],[72.35309605040074,135.67473517209248],[72.40501110991664,135.79771025739305],[72.29549112796256,135.7633738841989],[72.20357988548172,135.9014351365978],[71.96735320756139,135.78113693327913],[71.96521797433647,135.98664035546733],[71.76653229650297,136.05639430467446],[71.52096117013305,135.98631841758115],[71.47694133289573,136.0788210685633],[71.56739787626954,136.22732907414144],[71.28715638488428,136.45421274260602],[71.29677479642062,136.73842909805398],[71.1467190116339,137.04909387892963],[71.12897199051127,139.0267807705916],[70.78248368135645,139.27993061935987],[70.79003428783494,139.6245478240618],[71.09379378188304,139.69444190710632],[71.11305671689867,140.5163029764779]]],[[[79.60663810860973,142.42054922672142],[79.71110214980162,142.48648756994038],[79.78962830175472,142.37925212326402],[79.66898293818261,142.31290613900794],[79.60663810860973,142.42054922672142]]]]}},{"type":"Feature","properties":{"CC_1":null,"COUNTRY":"Vietnam","ENGTYPE_1":"Province","HASC_1":"VN.ST","ID_0":"VNM","ID_1":"VNM.51_1","ISO_1":null,"NAME_1":"Sóc Trăng","NL_NAME_1":null,"TYPE_1":"Tỉnh","VARNAME_1":"Soc Trang"},"geometry":{"type":"MultiPolygon","coordinates":[[[[60.084536876361724,55.960138651006346],[60.09415552454705,56.078797705222044],[60.20608356655928,56.07432917093147],[60.2216821549785,56.15854534723784],[60.34256098211567,56.1535955235029],[60.42097229275937,56.286579233645874],[60.635553945639835,56.14879629713647],[60.86297087195096,56.36541004232374],[60.88864397177226,56.2896197199369],[61.216925323056685,56.40436154649439],[61.24807973939916,56.504969128770526],[61.45207798046707,56.590668905121085],[61.47275955572824,56.49385758039701],[61.79747034605886,56.80099596380778],[63.43928710788541,57.80469990802084],[63.57353253206226,58.448963732419],[63.49714628444733,58.468171684273926],[63.801150782260066,59.70476846659323],[64.05663523638863,59.948746913198136],[64.31808983860444,59.866453745773505],[64.98372113089047,59.33997249950448],[65.4606646611256,58.68056870094442],[66.0132060861412,58.1150373645244],[66.3349443256881,57.936410196521656],[68.03288444959247,56.2933717788569],[68.59027252203485,55.9608585773134],[68.2164842703379,55.055822911778726],[67.58079574044227,54.72902252561521],[67.52252320442354,54.4742529151189],[67.15332490239918,54.12691650518063],[67.30722150507086,54.03685367468122],[67.32057812836018,53.60952440388688],[66.75971465345029,53.12210162995442],[66.43225873284824,53.02211662520028],[66.37615814549136,53.1264012290011],[63.86340932566709,52.338632953165444],[63.259763725311,52.08200441100786],[63.16659694053396,52.39576007978514],[63.24377465012706,52.44009860661871],[63.087154023498655,53.15380013032273],[63.617023309422464,53.38746824440915],[63.59523998873818,53.64190195405569],[63.41592136531551,53.89371552398128],[63.272875596098395,53.732263008722356],[63.19547553269389,53.77754156626418],[63.141277103460894,53.50526084202306],[62.93776954454384,53.553238943004025],[62.69378373539504,53.770282298234186],[62.76756790417464,53.842554286396265],[62.63296918543636,53.97200997047522],[62.238317259688785,53.86144918459711],[62.24570608356253,53.789652323391195],[62.087790202806836,53.7325783312851],[61.877870291199315,53.80259130450525],[61.88164574445442,53.59080686087964],[61.68444406526643,53.60439265478357],[61.51671298573959,53.73863552888738],[61.324464350483815,53.670264843850184],[61.10478376599009,53.79972568492425],[61.13248028707694,53.944592274324556],[60.91175026729953,54.017321727412636],[60.88141660345943,53.92309508593395],[60.694757158778756,54.106595308401154],[60.551024444729414,54.11229638659521],[60.474268820145284,53.97709123187439],[60.07357149990543,54.419458978956214],[60.183908289968485,55.7487116613903],[60.084536876361724,55.960138651006346]]]]}},{"type":"Feature","properties":{"CC_1":null,"COUNTRY":"Vietnam","ENGTYPE_1":"Province","HASC_1":"VN.SL","ID_0":"VNM","ID_1":"VNM.52_1","ISO_1":null,"NAME_1":"Sơn La","NL_NAME_1":null,"TYPE_1":"Tỉnh","VARNAME_1":"Son La"},"geometry":{"type":"MultiPolygon","coordinates":[[[[35.434521612963366,185.13820178515365],[35.69884653408824,185.09554592685194],[35.99438680978556,185.20961429679704],[36.08414011601724,185.13831227560388],[36.170824888408085,185.27197299429824],[36.05108058055262,185.41449852184957],[36.041765567249435,185.61387937584615],[36.17207961574224,185.72197190728755],[36.284307275152386,185.7002398556871],[36.28243605299205,185.9791978116771],[36.08620728520088,186.37664541516043],[36.208657987575485,186.5858315039957],[36.04192635707106,186.82675555091205],[36.060439710118864,187.03272798876486],[36.32137518305402,187.01704611493932],[36.17331838789863,187.20606183365248],[36.22717041695565,187.27431007142442],[36.161264686522316,187.38067984538472],[36.249967908670506,187.43906597411546],[36.66664961586912,187.35803057556694],[37.06375367005995,187.0178232900381],[37.3903423423368,186.98798185471753],[37.63574353741385,187.08622299353502],[37.46361406001407,187.29877884817654],[37.32835265922591,187.9913874299824],[37.54136834362389,188.22490341685696],[37.67986282823338,188.15652536061046],[37.79036346449521,188.4808974771422],[37.72514614836385,188.85197026848354],[37.78066388121176,189.04632144487687],[37.72027255978683,189.16757028816713],[37.834770758126766,189.51239913726457],[37.748404131098646,189.83578894641545],[37.56075163312446,189.93712401008577],[37.38991677555417,189.90991908690918],[37.08042383893745,190.08056580386025],[37.28333933730515,190.48801345212755],[37.00941884099414,190.5397459993273],[36.969212758178976,190.7271199888949],[36.67997185662377,191.03931565270094],[36.80833495148869,191.19002562729275],[37.19874260856611,191.19913654707696],[37.18304800735079,191.26713024650337],[37.604708631353134,191.15607272253786],[37.93881069979697,191.28457361531312],[38.02327424304033,191.50401932886513],[37.93066745636373,191.82331813035617],[38.059763622234776,192.1886747460601],[38.330013942525184,192.21765539944883],[38.5252488474512,192.36292352212394],[38.67460260921056,192.3514831822873],[38.700588332832574,192.7172573758469],[38.85999163337838,192.76664055039848],[38.820568542805454,192.90185630705452],[38.92097167579834,193.12340414451253],[39.01004515759452,193.1385555170303],[39.1406777628228,193.41340729742123],[38.94909797100953,193.63151798553235],[39.11416844622125,193.7471177631632],[39.23197130019498,193.99424423349055],[39.40564725635074,194.07648268457032],[39.52381700458852,193.9636073009266],[39.560081131287895,194.0498057097089],[39.289401104755164,194.6955470581008],[38.95953632327889,195.12937465808614],[39.02864885417714,195.35274622150135],[38.91381957164535,195.54776956189934],[38.97553969746292,195.62772090031314],[38.84308137556523,195.76451034652135],[38.77042865774131,196.08661278270372],[38.47996837624432,196.24614574081116],[38.355128782814305,196.4721676417138],[38.397162792512255,196.56683166298592],[38.32227046332061,196.62789460246248],[38.378566193483636,196.9643793223381],[38.60326901989365,197.15378764237605],[38.51351863846597,197.32006693792772],[38.6924254040532,197.56079610001137],[38.664535402919284,197.77884348211438],[38.81906645223721,197.94164868950307],[39.0392985757998,198.0068467287924],[39.69345959432015,197.7878501557366],[39.97220369112815,197.5327242263743],[40.159394328771725,197.56496545400643],[40.30256426434351,197.08497387443006],[40.5461778909076,196.9681541887859],[40.486876393590514,196.74214238753672],[40.70324728092262,196.57747264468767],[40.71400754579275,196.32596368202798],[40.891512453257114,196.27139015434082],[40.72006342644983,195.85541005611498],[40.61603027844221,195.79894722962098],[40.62430436148905,195.6469511260739],[40.76969163974584,195.61666095588728],[40.907691908478895,195.43787493768104],[41.28813357494746,195.451792578212],[41.22509885551342,195.13039718627692],[41.48748074066272,195.11669916669356],[41.52984553823873,194.93814960758417],[41.78420295520605,194.64170258702438],[41.98145197739782,194.6178442647131],[42.05882350112767,194.71621644089748],[42.14742848186484,194.2325200906013],[42.26704228818935,194.09566998590128],[42.56339575965885,194.07683772891855],[42.57797817434584,194.31379940443955],[42.81900815980072,194.15186621479498],[42.99829701460403,194.21672362793964],[43.16753191644495,194.10085601272812],[43.15707503013573,193.86499559941052],[43.476708056041865,193.79650985241173],[43.660082331324006,193.9571632333885],[43.898047919347476,193.81208388566182],[44.11760625163439,193.88325905772723],[44.753097876064444,193.54497967644988],[45.522404880905576,193.6849283514732],[45.90975918176729,193.59412039117404],[46.07534940688647,193.85817275572578],[46.52559565882007,193.85125655675813],[46.59422345695891,193.76670504190068],[46.882726544466145,193.74020079442312],[46.97633508146197,193.6425346113251],[47.42382571271811,193.64115415255637],[47.40077558006339,193.47666963859254],[46.877165676411906,193.04028505414286],[46.98059514980498,192.7138314245174],[46.75720687271557,192.48727845770935],[46.94663639187118,192.02159695887067],[46.804044021384954,191.58685700725653],[46.99920738087038,191.42068063878276],[46.9778002875637,191.20977511051734],[47.194948690186145,191.09158394924066],[47.33139329106691,190.8556867359305],[47.455407318825294,190.9633895493043],[47.73379249226896,190.7452697887597],[47.866934946021956,190.7884412556192],[48.18362184588392,190.60540887930938],[48.27232401024869,190.3019881692722],[48.816415941492096,190.20076254165278],[49.164205565155186,190.4871341990218],[49.427402439937154,190.89810272887107],[49.95845598896406,190.84689872623395],[50.08424430213226,191.002765028082],[50.65806147460476,190.55388741283323],[51.092051867497545,190.47960781568264],[51.141967706452164,190.7484716070467],[51.2806374483191,190.80574468420295],[51.338858889149385,190.74400407430784],[51.60317048055537,190.80721370398274],[51.61326463241583,190.52675389614703],[51.75572855852619,190.37032985427808],[51.763458056440754,190.19623507747448],[51.96951522157872,190.13022628518573],[51.965983859786775,189.95867633854593],[52.07231557377533,189.89276093439267],[52.250636656818045,189.9967261673727],[52.452963955412976,189.97683939847124],[52.46754270417866,189.89922926214234],[52.76384396785834,189.7153382899909],[52.73325260201874,189.1947647088849],[52.8315493338893,189.11806590130666],[52.88634444739824,188.83748907522022],[52.772192270939534,188.75618219741574],[52.986415609464785,188.5725166703097],[52.8424328787572,188.22632710174787],[52.92596922405912,188.18306482247715],[52.85704317560593,187.9357608213178],[53.493100329055686,187.52140319337053],[53.491176832845646,187.45185207245385],[53.112209224216976,187.30268150267108],[53.01735970065066,187.04364865882616],[52.859113368174285,187.05104785677892],[53.0222367572735,186.51628376064832],[53.14404560033595,186.44730112533782],[53.38727187541637,185.93033502899206],[53.6008285829925,185.76259285019114],[53.77366865969613,185.40470707468563],[54.159574813816135,185.14068682813112],[54.425359120038294,184.54742105993344],[54.39013358342373,184.4291140320102],[54.489132183659486,184.40241789288055],[54.39034136718512,184.06115715304725],[54.683835998284486,183.92209407078104],[54.54553923190293,183.7299836641762],[54.47141384017524,183.7725014252937],[54.316172153211824,183.37768438424152],[54.55534084743601,183.2206054479672],[54.60111171794649,183.06446359322894],[54.25625527362092,183.01516701840148],[53.87483330143894,183.23353621684572],[53.860759787193146,183.17914976444095],[53.75221574344389,183.2732384271902],[53.59734198663448,183.2553625881504],[53.07894073310175,183.53407283889214],[52.68469162828207,183.31281650808444],[52.66408831647688,183.15653186203218],[52.75371397551314,183.12106844121283],[52.687484246106315,182.9826015184568],[52.80064101787753,182.79898240105337],[52.66659883925537,182.7131181149781],[52.66819031790046,182.3175072778631],[52.76865463715741,182.22085067227772],[52.23890105237842,181.8470221035049],[52.2743690037236,181.4573718632102],[52.06303799939243,181.4448855116654],[52.05316590517137,181.36050230012094],[51.84874570324938,181.46036839558315],[51.64097162795113,181.34581229403327],[51.446501665457156,181.67947293240823],[51.157216081941144,181.69289180078573],[51.02871942001604,181.60095722277683],[51.04085778173099,181.76666697540074],[50.79864130798791,181.91697970505263],[50.55843700827705,182.24720920488974],[50.51916398551424,182.46876791434508],[50.05079511355203,182.5025137085013],[49.93796856068414,182.8182811037778],[49.635863793229625,183.0334000960852],[49.460003075555264,182.97638785435277],[49.286712378268156,182.79529816945833],[49.149174607152354,182.93008124462662],[49.07171813441764,182.93625265499605],[48.95038185187636,183.10425787040225],[48.91032313872992,183.54811196321114],[48.73832154250055,183.69660958341333],[48.56349906456585,183.72018676808568],[48.51495670325553,183.92218976337472],[48.30711795705157,183.83942520574956],[47.7952283483468,184.26591325955783],[47.7838962426467,184.1684732400876],[47.34126626352562,184.623086077679],[47.24138076475965,184.59204533213648],[47.32080926766273,184.74805589476105],[47.249227576583465,184.95397766261223],[46.87902113566723,185.2338315984888],[46.86527605140322,185.35939794991063],[46.745977152324734,185.39756210123716],[46.55257711410676,185.2874951442342],[46.50297768197731,185.07491777656912],[46.30685669421744,185.19422513631378],[46.34563621896422,185.46004437937285],[45.82444581640306,185.62838326536948],[45.771012433005495,185.74952322052633],[45.15323730303238,185.65162591541065],[45.04115455756001,185.91349557352464],[44.85884310393351,185.99136349871154],[44.732126505826706,185.84088914612917],[44.30624773677754,185.68580523601503],[44.364236175987635,185.58319713952264],[44.28143072343803,185.27891985143353],[44.08237976736945,185.14247097285556],[43.48466197628124,185.27191392691915],[43.31029107971764,185.08722465923822],[43.161200480411836,185.05686712374265],[43.090646556913576,185.1517026155122],[42.674004972868495,185.180077414839],[42.16825506326567,184.6787326015953],[41.97322957923495,184.807863585493],[41.610670098483865,184.54618773150983],[41.70988382006027,184.2928585612666],[41.38550332460289,184.02380107457532],[41.49582614395422,183.7652989369582],[41.412711908461276,183.60262142656615],[41.50225412168983,183.41738358998697],[41.28777687883724,183.24571951723016],[41.21452169060163,183.29542709711913],[41.1337522360336,183.21805428525272],[40.888110414034905,183.24529433518774],[40.833884843406,183.10156091811908],[41.00145610632922,182.60005138643237],[40.78002750875697,182.46251907054878],[40.35222438118306,182.41815889480478],[40.2475159803193,182.5015840392209],[40.17210606710834,182.86723591306793],[40.051833722519795,182.82098978396803],[39.863700826092646,183.09288902551575],[39.56133773716754,183.22065709706197],[39.50637772576584,183.3485427466051],[39.05788343598507,183.44384128117466],[38.94937793333011,183.38502321560782],[38.79316077956264,183.4955127616706],[38.64559359123286,183.4413904532095],[38.474902100086446,183.50810394192843],[38.20245232468011,183.99234599284648],[38.237963552217934,184.13896525111275],[38.054722238408196,184.33057591051363],[37.88070275520685,184.26766300575215],[37.738021168249325,183.95887250054733],[37.46933285221373,183.99793127914162],[37.31471774825862,183.84812541895366],[37.14958761244705,183.88976960755892],[36.9559014809565,184.12268442549217],[36.802122837143955,184.07418910920134],[36.2474400542741,184.31385296031414],[36.170426789649675,184.47954861839094],[35.91656855098086,184.3106085854654],[35.59672915278224,184.43672052440547],[35.477459450807004,184.63852429684],[35.58427458039224,184.88843916820633],[35.350930258493435,185.08749358772997],[35.434521612963366,185.13820178515365]]]]}},{"type":"Feature","properties":{"CC_1":null,"COUNTRY":"Vietnam","ENGTYPE_1":"Province","HASC_1":"VN.TN","ID_0":"VNM","ID_1":"VNM.53_1","ISO_1":null,"NAME_1":"Tây Ninh","NL_NAME_1":null,"TYPE_1":"Tỉnh","VARNAME_1":"Tay Ninh"},"geometry":{"type":"MultiPolygon","coordinates":[[[[70.23200821135747,79.69213004913153],[70.43243175240191,79.0400146202174],[70.62612317310747,78.91998995756475],[70.66608058633403,78.53827763968405],[70.5536670918982,78.2750044768652],[70.23953207198915,78.21717595698532],[70.18099797592517,78.279661705177],[69.95972364360328,78.1127792695206],[69.92472818740134,77.68541833181992],[69.79544083739222,77.43114459108465],[69.37911908839804,77.21660425266569],[69.11226766645393,76.33372420670808],[68.8936352821555,76.06505711829827],[69.03655008910084,75.76636914056854],[68.94428903995498,75.4115995139238],[69.05194382477102,75.39130073990577],[69.03492739209638,75.26626363024828],[69.16603939859583,75.3255310239738],[69.11426517717136,75.03696291709393],[69.26571850848393,74.99880137651262],[69.12322790173286,74.8749826061509],[69.24219164082936,74.7551641481259],[69.34680376943278,74.8303778022173],[69.48879159359788,74.63742908263052],[69.44579469580059,74.52230108648452],[69.54907360402773,74.46339242581699],[69.48911925202826,74.23895628153292],[69.65540645049111,74.11197948047933],[69.72859012961888,74.1871156757324],[69.78230407343601,74.01943952349124],[70.00374019344726,74.03650887638585],[70.08685408538024,73.84708939738486],[70.0059090468141,73.73827689143579],[70.18462107603159,73.59334321867553],[70.21419378927456,73.53694007376349],[69.96424129795065,73.08922760703713],[69.94724673335108,72.59004424654584],[69.77536383194166,72.3008714719495],[69.81958957849763,72.14735604494594],[69.19078294020984,71.94846485729406],[69.1284765354709,72.03142934196703],[69.06651017788275,71.98336459061721],[68.52701409415454,72.31689121770664],[68.3203745847642,72.22209107753154],[68.26130479505235,72.28908383348609],[68.2289396552479,72.19185405846478],[68.40497059295384,71.95085685643352],[68.25472655493162,71.82505754534917],[67.87876208715278,71.89605223701058],[67.07562445906355,71.62067356624016],[67.0303400625031,71.79247941404947],[67.4828143091136,71.78377131130988],[67.29375155129398,72.6057038448388],[66.91725590988342,73.1942401388107],[66.56529636158459,73.05043807710635],[66.37889004813088,72.84529684903102],[66.18438153687283,73.17361559801694],[66.04542683105923,73.14529704359396],[65.7830659114184,73.4525836811867],[65.47118788855248,73.61447422525575],[65.34608100298851,74.20779285003066],[64.80706712769009,74.26191980527736],[64.49366841076217,74.40270048760617],[64.19215940914695,74.76359425912372],[64.16518283835904,75.25781820951777],[63.669662287188785,75.2726639958098],[63.876082391415956,76.22167395907145],[63.7382769709483,76.28395287023291],[63.83134481932472,76.48221209148727],[63.745170831917875,76.63496271427015],[64.07340690112707,76.90560348965514],[64.07362752668783,77.17859498794738],[63.92557722772095,77.16582200955118],[63.785158723168514,77.29645361810137],[63.89787600239584,77.53802124453317],[63.82929264659437,77.74411063940462],[63.90875856201191,78.09452286969893],[63.69787947629176,78.4428501311678],[63.45788142539663,78.42532107836388],[63.12098406618111,78.57624943455932],[63.05880636465706,79.07470486955583],[63.26318651572061,79.0882455666637],[63.361450059742694,79.41087274635709],[63.93669498715897,79.7424118904383],[64.66103190513093,79.31332857755407],[64.96912818901326,79.64763167006713],[64.92832794783803,79.81875536239801],[65.16527661989348,80.02106147941191],[65.35677861919683,80.3751728255302],[65.29226470937893,80.55644288452586],[65.43800457603348,80.85923567070516],[65.97355911531263,80.8719782602511],[66.39896267270433,80.51728893382001],[66.905958745952,80.42710219437426],[67.28968236433826,80.61758190057903],[67.58915033549818,80.33358138939715],[68.15716619491074,80.2444400415737],[68.19777207759351,80.07222201518162],[68.52747573640302,79.72866451728567],[68.92417206290722,79.80587795736503],[69.30908006205765,79.97697383867813],[69.62152605227675,79.92307943649031],[69.9710534990602,79.70048114322628],[70.23200821135747,79.69213004913153]]]]}},{"type":"Feature","properties":{"CC_1":null,"COUNTRY":"Vietnam","ENGTYPE_1":"Province","HASC_1":"VN.TB","ID_0":"VNM","ID_1":"VNM.55_1","ISO_1":null,"NAME_1":"Thái Bình","NL_NAME_1":null,"TYPE_1":"Tỉnh","VARNAME_1":"Thai Binh"},"geometry":{"type":"MultiPolygon","coordinates":[[[[67.05323239092671,180.29599349137234],[66.9274326647066,181.0479462262297],[66.82263969924044,181.1907627363254],[66.55625748008897,181.27239312350162],[66.47216879076345,181.54773299701006],[66.18960177065473,181.8139586266501],[66.45711916090008,181.9513844831917],[66.27673655797268,182.04911431413566],[66.53480698395356,182.26428585687103],[66.89652955452625,182.13039643085796],[66.9543262385604,182.26765351102895],[67.49125798232363,182.08669512436254],[67.40636862096176,182.2282032835078],[67.96508350926655,182.57777557385037],[67.75412820920529,182.71247057346866],[67.92353115713382,182.79627326271262],[68.03105981323365,182.66676960708045],[68.18607803892644,182.69537673547094],[68.13529429412392,182.87972867845835],[68.23639502915559,182.819891759181],[68.22760704872498,182.70941540567816],[68.32882513580044,182.63859248759815],[68.73482512854666,182.8663441183174],[68.79267357542729,182.7743450079669],[68.94327143417152,182.7729137984268],[69.44210162282684,183.07626482366507],[69.54613151674386,182.94309274735346],[69.36856013577797,182.63247807497459],[69.78827786665974,182.3039540791742],[69.95368021197365,182.0590318091174],[69.90675230500932,181.8385807742203],[70.05365593841519,181.78782052692043],[70.13155557883124,181.59483854721617],[70.22978492932164,181.60058320587714],[70.36510907594707,181.8061092718318],[70.60108575463077,181.74592458376094],[70.64317426970065,181.64430606195822],[70.86201293528914,181.71233054361699],[70.88116558126637,181.87727544416973],[71.06067989471039,181.9223318390185],[71.14248337277445,181.8446510091808],[71.51672293161558,182.0706667012271],[71.62829342394667,181.92871814814788],[71.87356907327731,181.93486517512687],[72.10798556626479,181.76358238462115],[71.5953199540852,181.3632626386685],[71.34638421158711,181.0524142441468],[71.40062031933905,180.9425261154474],[71.30524192008443,180.6646320381177],[71.47534441212694,180.48474223517823],[71.52017723254139,179.8693315235355],[71.2716414575248,178.97794959800342],[71.45567917805705,178.46626640329728],[71.67990484447968,178.27029207978526],[71.54301021468459,177.63570261902365],[71.43978719961346,177.52193842965238],[71.30270001627687,177.79422697967192],[70.74669108658765,178.38296707971034],[70.41231344090764,178.28922884214083],[70.31969821652127,178.16991043425807],[70.06979838166937,178.07380164473344],[69.71509132519218,178.20029581527163],[69.45236065725553,178.55630751847286],[68.92817963778292,178.78310807980165],[68.69186065585033,179.06761642924002],[68.00469683927292,178.49808808628538],[67.86402770265533,178.53287243119436],[67.81375719429842,178.82821290302275],[68.11929094672725,179.08947084453396],[68.11195040937356,179.33914546583225],[67.42374868489883,179.47480944505617],[67.33932882377358,179.6630799860786],[67.50484161124427,180.1018048577442],[67.05323239092671,180.29599349137234]]],[[[71.56394528337009,179.75316491730058],[71.60062768568866,179.84637817161158],[71.60952563285159,179.6760751359874],[71.48645323396,179.52984864326132],[71.56394528337009,179.75316491730058]]],[[[71.53267186172769,180.46599520957918],[71.5539257656482,180.1124398386769],[71.50164700389249,180.4536450989808],[71.53267186172769,180.46599520957918]]]]}},{"type":"Feature","properties":{"CC_1":null,"COUNTRY":"Vietnam","ENGTYPE_1":"Province","HASC_1":"VN.TY","ID_0":"VNM","ID_1":"VNM.56_1","ISO_1":null,"NAME_1":"Thái Nguyên","NL_NAME_1":null,"TYPE_1":"Tỉnh","VARNAME_1":"Thai Nguyen"},"geometry":{"type":"MultiPolygon","coordinates":[[[[62.79099568482409,190.24930933118046],[62.52619142179363,190.45874416010545],[62.58931620057923,190.57993305087223],[62.39377951026225,190.88782195593805],[62.20513568593012,190.80968234204906],[62.11276511690552,190.8888306773888],[62.15229825206153,191.07319715926172],[61.75592885660346,191.19581522665754],[61.62370974498371,191.36957392516854],[61.38601659414106,191.3605829332654],[61.15982036733406,191.60807419789077],[61.202643536024596,191.76459515570124],[60.95158124351583,191.9108037681569],[60.82154233722059,192.21335170755034],[60.65627983338863,192.24412335604583],[60.379382973506296,192.62909891521215],[60.216544647370874,192.68683239844074],[59.72906141753831,193.1944618363928],[59.76826887452142,193.32602759890048],[59.545768261595356,193.82778752534088],[59.63821874645402,193.9939679195318],[59.5274485090649,194.0895593941931],[59.93459282992353,194.53468813566752],[59.86340428267464,194.69432814374608],[60.04175012271641,194.89218401546665],[59.93746121760286,194.96516598296364],[59.77101139595267,194.92319454214817],[59.697574640899326,195.0265567547594],[59.734843406489766,195.62105882612317],[59.94720135905755,195.56123195206607],[60.0658645330607,195.65466848397043],[59.96458095847899,196.12018821464497],[60.03434816938644,196.2569864835011],[60.210475291141236,196.28464963482742],[60.33197965507133,196.49104387356797],[60.29178760740702,196.93500089675914],[60.36188391019477,197.047041005177],[60.572246023422544,197.04874834925414],[60.566930727482486,197.14718215743122],[60.64554865088815,197.1469238148818],[60.59945120032608,197.27021193521995],[60.731293048655395,197.6171917974339],[61.21652786289677,197.74582219877797],[61.26306214869275,197.8360318303235],[61.48882639091899,197.8621036419484],[61.56448066986316,198.0700151891238],[61.85374672336157,197.93830210803893],[61.96974016835711,197.78966822543256],[62.1128551570611,197.80683018949088],[62.227027615413974,197.7020858471784],[62.289531726989225,197.7424322070152],[62.484019783813345,197.65180262477017],[62.537258373836615,197.16971121058273],[62.692038345682874,196.99445415381078],[62.71800126725176,196.78874587849134],[62.575106869322774,196.55902459192924],[62.75616016109287,196.2687065816777],[62.638948032502675,196.2255937475389],[62.52302709329633,195.46991499742592],[62.944931561299384,195.31346051889477],[63.00749251412462,195.63793470634909],[63.160129224855396,195.77497098714107],[63.599237975455004,195.77783690687596],[63.622202635070785,195.944978462735],[63.82133327497204,195.9233014572991],[64.13156037124033,196.343584717111],[64.30611680118747,196.32473583898582],[64.76906397171018,196.67257181260567],[64.7859482790127,196.82777675925504],[65.02686338698615,196.73210454901547],[65.2123028978664,196.82304032099785],[65.39478986671983,197.16398137297838],[65.5718787231223,197.07953199942435],[65.64408567779583,196.88756663466145],[66.11633904243176,196.82898810503133],[66.43238474864441,196.6782876996448],[66.4308050814768,196.38756813872692],[66.28232440834697,196.28931790739472],[66.26103919472038,195.83106877302043],[66.32661625611358,195.75233211784405],[66.21614386019044,195.72748239743044],[66.08716675830482,195.48789085305282],[66.26728035248489,195.04970170424227],[66.53514810685623,195.08780566171347],[66.66971832799908,194.8153733992485],[67.400342592339,194.43168149817936],[67.47000393731008,194.49995990556764],[67.57730463094083,194.43355340365866],[67.55388352157671,194.11115549563206],[67.46477141831959,194.03409436982594],[67.47658070809368,193.88553162958829],[67.11045813042645,193.49857335343813],[67.17783864992471,193.20134502221808],[67.04957788879932,193.03537379098765],[66.77676980406493,193.28433618917873],[66.32402257351636,193.17799585434216],[66.13628216045049,193.27116455717444],[65.68562468289912,193.01810651660247],[65.40488969049265,192.55139128245904],[65.67824118997335,192.40587653715238],[65.48408283264973,191.73557052131574],[65.5915731233962,191.6393681942231],[65.51571508478563,191.53590812343325],[65.63566020491426,191.4190682970082],[65.5753671153837,191.18846740691296],[65.35329547853134,191.0652346959944],[65.44954372189706,190.8042064041957],[65.39539397642854,190.6422549115405],[65.17439127735189,190.77713405071393],[65.0362847229409,190.76355663351177],[64.7856495755541,190.93603861467662],[64.69245892288399,191.12852514165928],[64.597579913573,190.85941155583689],[64.64614455043223,190.73334613509718],[64.58691346239303,190.78558335402627],[64.44479049493792,190.69821921192715],[64.44222334057771,190.3924914452426],[64.14171510837107,190.43757552256082],[63.97259204851008,190.1518270297027],[64.11042476006742,190.15182475557089],[63.97661133210861,190.06047092113994],[63.87498634105367,190.09399257187724],[63.81443144545462,189.98762128562845],[63.94241042869623,189.8726402112092],[63.68498751801693,189.87606447461047],[63.504746976871196,190.20170555198035],[63.552448039394825,190.44096033886615],[63.329122625153715,190.40505858173768],[62.95969318761118,190.53437710187353],[62.82349811017867,190.42248963072817],[62.79099568482409,190.24930933118046]]]]}},{"type":"Feature","properties":{"CC_1":null,"COUNTRY":"Vietnam","ENGTYPE_1":"Province","HASC_1":"VN.TH","ID_0":"VNM","ID_1":"VNM.57_1","ISO_1":null,"NAME_1":"Thanh Hóa","NL_NAME_1":null,"TYPE_1":"Tỉnh","VARNAME_1":"Thanh Hoa"},"geometry":{"type":"MultiPolygon","coordinates":[[[[53.52212439761146,174.74263647638065],[53.4272809830906,174.80584349091623],[53.82806303205482,175.31781924444815],[54.09830601768754,175.50743080601646],[54.124251924307885,175.67970202495562],[54.30801509068984,175.86669637576196],[54.011153582376274,175.91425438727285],[53.96700417454234,176.05375972133945],[53.553070716995464,176.3966930472362],[53.60823041156067,176.59063933501272],[52.88344937274511,176.41968136401061],[52.48943452346739,176.62254316041023],[52.4472740085995,176.7449315816461],[51.90277172630572,177.07876559901328],[51.372325258737156,177.09977966580635],[51.03066662625648,177.28418136144649],[50.84295073773619,177.28660590604875],[50.76993512350919,177.45419247844725],[50.42627086737232,177.42315061928159],[50.2429707001877,177.59619828411195],[50.222620499724265,177.93747994424254],[50.35051311723628,178.168492102579],[50.277257569856175,178.3110669017108],[50.340228206206376,178.97736642443198],[50.64945312090988,179.09709901982117],[51.02006989723643,179.39292604242667],[51.32843202834258,179.33408771542116],[51.39734329328183,179.44925219033354],[51.03958776815103,179.85271069156218],[50.81852197755392,179.9698118670073],[50.895450090082036,180.11771354121296],[50.771033309323535,180.20837724448685],[50.334087789454394,179.9973145655644],[50.25003905574301,179.89591925887714],[50.26080346907598,179.665515771338],[50.08994285979825,179.55616724799185],[49.5061408520788,179.46731687430477],[49.35161568792288,179.52908951500805],[49.32751414673955,179.3379278197131],[48.708106949643394,179.0173349310176],[48.474574374938314,179.14477619848634],[48.19614938464324,179.10775029062953],[48.08417081535701,179.19544994983715],[48.0333177219313,179.51249235596407],[48.137846400993375,179.68187386891194],[47.73606506095891,179.85632753991644],[47.71778183234194,180.14225698556126],[47.88256182552186,180.25838815650388],[47.847728988799766,180.37932776997562],[48.14877142063209,180.3931029117617],[48.38842170862914,180.61296170500427],[48.79448905404026,180.7030406870498],[48.981993630603796,180.972879795447],[49.31279047875153,181.05192255862283],[49.51025397904244,181.6222726324112],[49.978493576864885,181.75979158639555],[50.15396134920303,181.70584206222156],[50.423590610984384,181.93849966284887],[50.55843700827705,182.24720920488974],[50.79864130798791,181.91697970505263],[51.04085778173099,181.76666697540074],[51.02871942001604,181.60095722277683],[51.157216081941144,181.69289180078573],[51.446501665457156,181.67947293240823],[51.64097162795113,181.34581229403327],[51.84874570324938,181.46036839558315],[52.05316590517137,181.36050230012094],[52.06303799939243,181.4448855116654],[52.2743690037236,181.4573718632102],[52.23890105237842,181.8470221035049],[52.76865463715741,182.22085067227772],[52.83706767829186,182.35150465199354],[53.35744376135832,182.4166545597653],[53.84065765222072,182.1324218974414],[54.00956184756022,181.87079298372652],[54.01300971426128,181.7146511995691],[54.233802841433075,181.53068748008687],[54.18987100420303,181.34866103041395],[54.36738557299222,181.36873315522607],[54.65898807241146,181.15255468970295],[54.8930969282186,181.12401859862294],[54.984588628946945,181.28080363169934],[55.30442539448925,181.3564428422022],[55.40375289147173,181.23910843866116],[55.53602391677829,181.31288561528925],[55.91266293301681,180.97546248342465],[56.03937505143907,180.96700355451463],[56.2377941967764,180.64150150340532],[56.3696715437611,180.71774702962236],[56.87252080356036,180.50949885724754],[57.015299895465084,180.3366647833833],[56.962090327203946,180.2390040217352],[57.255721740568234,179.960081935428],[57.16094300420802,179.72297376574642],[57.61635410142398,179.51753466337078],[57.63550497546816,179.5738260024808],[58.09344990445552,179.22555179143572],[58.740538364835544,179.01719942974273],[59.0674459830129,179.1513322281042],[59.970781538058326,178.87021405655642],[60.06304200922695,179.00547829161133],[60.2011803805758,178.89589879828793],[60.264223515733995,178.58453505667453],[60.43913064125486,178.46831426995365],[60.4168274891101,178.38659317457575],[60.812031474838484,178.32358693998535],[61.03594361631078,177.98142955042877],[61.35893196887998,177.87898827472404],[61.81830088570505,177.39903476881975],[61.80819441674896,177.29003057519134],[62.28728322396005,176.97869376478354],[62.31968593656803,176.8781013743053],[63.292996700735976,176.4894443162327],[63.34506508557852,176.3911674986496],[64.29175750367416,175.91662636722148],[64.66502069318446,175.5258508448453],[65.2431996738687,175.50889179366055],[65.28494949326651,175.45419957447095],[65.91091930080113,175.48528275259284],[65.66560950630475,174.8258038012146],[65.46441066069228,174.77070755771285],[65.35928534547914,174.49020478689792],[65.37517536207727,174.3116090859289],[64.75258572313865,174.02405145965878],[64.59539111705907,173.84781468844858],[64.5692121433609,173.48695387235085],[64.72768574540602,173.52257356792185],[64.43930238385524,173.04223801546345],[64.35875592455399,172.64717741738215],[64.44328306314397,172.43894258572587],[63.978643512313326,171.58693532172546],[63.803186154068314,171.68333396500557],[63.677012823886606,171.59704945636756],[63.3542726753536,170.923497169913],[63.09813615305337,169.90464983825984],[63.03576732346158,169.28797389350606],[63.09047892281953,168.21331730233294],[63.00903344307175,168.27044132179168],[62.78918242845812,167.91941462321972],[62.962663237098745,167.24506430919948],[63.10117558440087,167.14307332229473],[63.158385005555985,166.89592832297953],[63.012055971156684,166.63454145229824],[62.96519450129645,166.80926956441738],[62.58140873260376,166.70529424241698],[62.47729443384682,166.86361798062018],[62.43846036864708,166.80484265989034],[62.328234366146994,167.05491768795972],[62.03927281744856,166.82190889163155],[61.778598175905046,166.7880762427757],[61.622820516034444,167.04380448079857],[61.49506467130728,166.94561549947446],[61.532932182070866,167.24547317030627],[61.400597076073495,167.27304122880057],[61.3712280241906,167.39395811450748],[61.25759090487436,167.39630638473994],[61.208075828676655,167.5512864865321],[61.14456489177128,167.54015638739742],[61.102539568527305,167.7103365486959],[61.02150146389781,167.72878982520646],[60.90428370690978,167.5692383556242],[60.69772556299029,167.59563606823997],[60.16791786155036,168.38937735178231],[60.149840719347935,168.55554992022812],[59.95965141786578,168.66582691821685],[59.696594462695494,168.61799656866248],[59.64091883176239,168.5129915164164],[59.398582607957955,168.56470662738892],[59.139399114876205,168.39907643430425],[59.03501374352181,168.54783270884704],[58.81756662108273,168.61172478314614],[58.68956529901139,168.48908562855453],[58.54569926720988,168.56189179979543],[58.5628341517387,168.68334652318143],[58.216810397302,169.15784329099841],[58.27458322296363,169.26158427541247],[58.18927979083977,169.54716221170008],[58.06445989266127,169.55735290592352],[57.51487082370339,168.7998910804428],[57.47102470341097,168.97519158101537],[57.337824572484756,168.9904251564096],[57.37045411382741,169.1195269160319],[57.27595464531494,169.16411827060148],[57.273080220104546,169.7076412423887],[57.37978180531952,169.79826574420696],[57.291333003836854,170.08345795601338],[57.39092263613849,170.2538532625209],[57.253529446737275,170.2976340224678],[57.16636577663811,170.65340979382177],[57.00658130634248,170.86102671530108],[56.888652096488194,170.72624551927677],[56.11962232213544,171.19294326678667],[56.13794804453117,171.345681731359],[56.012528878635635,171.44460422160108],[56.11166504961347,171.61522514281145],[55.80072464620234,171.85127717424672],[55.84468602587782,172.10394900694212],[55.74234737719964,172.5113617854072],[55.790020952202546,172.79983735846196],[55.93993053342737,172.91483884035515],[55.98456489346958,173.13212934771516],[56.3088347261761,173.10908876747388],[56.392061130799924,173.2729554528085],[56.18343527203318,173.80214653667593],[56.03848033675034,173.8892746251542],[55.81687399225,173.8725830004694],[55.37307163447522,174.07737118010846],[54.87656925538396,173.9837849471481],[54.79752013694937,174.1121909257787],[54.41165508766509,174.22292624105177],[54.129346480209676,174.51003773259728],[54.00010297825553,174.50692324654585],[53.93259550545981,174.701914975789],[53.557166451592565,174.67420557208123],[53.52212439761146,174.74263647638065]]],[[[63.232248774250266,166.8605574265326],[63.194908249310394,166.84343191909898],[63.12620112722553,167.18341026247631],[63.23492439681154,167.22151096279754],[63.232248774250266,166.8605574265326]]],[[[64.0235350306402,167.28846993681526],[64.01760706185091,167.3420532399219],[64.09181784256889,167.26632754497464],[64.0235350306402,167.28846993681526]]],[[[64.36126612766772,167.42656644775548],[64.42266562770726,167.38646581538814],[64.4125404022723,167.30744966837207],[64.36126612766772,167.42656644775548]]],[[[64.42572502535162,167.621098705133],[64.34795463071353,167.4593736102753],[64.18372640077403,167.56811856696444],[64.18840228960765,167.71816374787176],[64.33630783005867,167.73754310016852],[64.42572502535162,167.621098705133]]],[[[65.21044848281625,173.794236791813],[65.22470931626655,173.7633148006291],[65.16073209713586,173.7607113017176],[65.21044848281625,173.794236791813]]]]}},{"type":"Feature","properties":{"CC_1":null,"COUNTRY":"Vietnam","ENGTYPE_1":"Province","HASC_1":"VN.TT","ID_0":"VNM","ID_1":"VNM.54_1","ISO_1":null,"NAME_1":"Thừa Thiên Huế","NL_NAME_1":null,"TYPE_1":"Tỉnh","VARNAME_1":"Thua Thien Hue"},"geometry":{"type":"MultiPolygon","coordinates":[[[[85.00272612830244,129.8373770516842],[84.89700309483953,129.813567191969],[84.67889575413933,129.9759647422833],[84.53475941497761,129.9657591742987],[84.48630341717173,129.7865155976273],[84.0222247629851,129.5474128180221],[84.00055908469703,129.2890900881675],[83.81480478626557,129.14274046841115],[83.47876368082231,129.18852840760758],[83.33525919042906,129.40227649637674],[82.85168002181307,129.57168627966354],[82.90652580197677,129.71252376176088],[82.84389056195835,129.91282705381238],[82.32070487454823,129.81052235939976],[82.11947323121659,129.6818788669973],[82.20685392790432,129.42890948751514],[82.04622829660607,129.29921870138878],[81.66014432887017,129.37056545976577],[81.50859149382987,129.6118108919797],[81.40332077678553,129.64067117276483],[81.18726826335374,129.45776544305116],[80.9527010166553,129.62134416779736],[80.97552654299503,129.88141065292706],[81.1310587876492,130.035179016612],[80.93839976552445,130.21273491126414],[80.75161099089173,130.0666052030169],[80.57813111273073,130.12917283108385],[80.42777895931424,129.8825037322779],[80.20378832963036,130.01694661908732],[80.0825009833131,129.88265362725494],[79.72173968576001,129.7983740529202],[79.17259636804803,130.51620574186973],[79.04846987212463,130.48510438819787],[78.93936978312011,130.7154814126231],[78.743595316111,130.84574907120125],[78.51779595055224,130.72163597576767],[78.1939219587121,130.80854435723617],[77.79016257491845,131.10728791258927],[77.66786716328295,131.67855215991327],[77.75898004919632,131.80707296544335],[77.69565213125352,131.84332454205267],[77.7748221484791,132.07786553865498],[76.94178322000343,132.71927712323136],[76.82644054909404,132.61444429931868],[76.61778782505813,132.64625763555304],[76.54097857963559,132.57394636915927],[76.34302244785388,132.71497342822383],[76.31663005926046,133.19935568931243],[76.2287021315626,133.26558122972293],[76.48093368033891,133.3625753095734],[76.7585624134909,133.83134336610215],[76.59815005399903,134.00413020866617],[76.69559258393583,134.2656744683376],[77.0248265204682,134.27481418834657],[77.19265331375505,134.1709298648872],[77.40694539504132,134.20151544242796],[77.53023627903076,134.34909984131286],[77.45137192255572,134.58997158629134],[77.16882107343407,134.8068012520204],[77.12010171073844,134.75674438390885],[77.08312796050176,134.90794216463547],[76.94011788405248,134.89614846634572],[76.65399170733662,135.1268796798869],[76.71130468924808,135.38231896781127],[76.85311686347528,135.3396931401907],[77.04926368396384,135.43510298965975],[77.36991709041413,135.4452210723962],[77.38539836122447,135.55071386182365],[77.57429432562719,135.6808611223664],[78.24967052285159,135.80924416851528],[78.41106667961506,135.7502400923693],[78.73366863141035,135.8572401710349],[78.99645525673503,135.6260641532762],[79.62065576247112,136.11359145963468],[79.4251985733927,136.30431379404706],[79.4765000948852,136.48088373249192],[79.4396766046027,136.41959774777357],[79.38561551478394,136.47663542209352],[79.55881270300662,136.6237681665864],[79.591842433981,136.48476896499466],[79.62429936537676,136.58545024901227],[79.50767350570263,136.72574085984695],[79.64814525642915,136.79479840593166],[79.56981846099362,136.81536919520892],[79.93110242971332,137.15186730004274],[79.87960972650588,137.25598523484413],[80.0639089993104,137.5521710292478],[80.26680989445276,137.65753783691156],[82.5407912876524,135.90555860338654],[83.79316793572451,135.1900392491449],[85.90110781052653,133.40268842634384],[86.33721683603181,133.14384841745107],[86.48618802429837,133.14983889607998],[86.7648418488429,132.84494083659968],[87.07960517758458,132.8140092785696],[87.25011314944858,132.95985276887197],[87.15090299605095,133.0927376150172],[87.2284128159544,133.15251276018319],[87.9750657897369,131.83181013828957],[88.28380289163799,131.66629970469347],[88.51878723095307,131.67468045073628],[88.60800412288299,131.76985440395782],[88.85988314174644,131.63179466963697],[88.98413033121874,131.70948500575977],[89.1136574926008,131.64485032792632],[88.85876106633893,131.54656078015535],[88.69590900366147,131.59470645959664],[88.28965552666264,131.30961105001467],[88.08403486041172,131.37245633311917],[87.99897312521493,131.29809672669268],[87.61353153118253,131.28305054098323],[87.15448927059785,131.44782531095584],[86.85846809520197,131.67046218597767],[86.5043720605894,131.38448564984873],[86.21669323456562,131.48035332244686],[86.02010256641707,131.6809817319046],[85.62182961796529,131.45149923113593],[85.54305094774489,131.30717803047946],[85.6058748107477,131.01506075473912],[85.45237290493219,130.96344452257668],[85.42510808768576,130.51124622663525],[85.05351714880148,130.11654270950234],[85.00272612830244,129.8373770516842]]]]}},{"type":"Feature","properties":{"CC_1":null,"COUNTRY":"Vietnam","ENGTYPE_1":"Province","HASC_1":"VN.TG","ID_0":"VNM","ID_1":"VNM.58_1","ISO_1":null,"NAME_1":"Tiền Giang","NL_NAME_1":null,"TYPE_1":"Tỉnh","VARNAME_1":"Tien Giang"},"geometry":{"type":"MultiPolygon","coordinates":[[[[74.03270933858414,63.23374582840097],[74.21795197366984,63.054812267213386],[74.04279709757583,63.00356749832298],[74.09509175856704,63.110884507497666],[74.03270933858414,63.23374582840097]]],[[[73.68950188857859,62.854517766516636],[73.18165034244768,63.09530533518887],[72.97764545937939,63.30561521341222],[71.22668708416703,63.7191402474068],[70.56734543415406,64.15799771309162],[70.24213646713024,64.15534225258143],[69.63266546220227,64.51143589591331],[69.3367939635484,64.52890170145604],[68.57486862155868,64.29949957649333],[68.43849683229101,64.42464494703424],[67.51231561045164,64.23384195015399],[66.80719466152473,63.892116124156786],[66.36678233913372,63.88741633019447],[66.19766234243113,63.802336940507274],[65.58933994251244,64.05795038919224],[65.10933114054507,64.41803059112586],[64.91664121393157,64.39997221378222],[64.37811367643954,63.88563478880744],[64.00200871956531,63.797067919160305],[63.66166575586498,64.01986596545984],[63.19165468921587,64.17401752567505],[63.29126713789626,64.27543985758474],[63.13930525176363,64.32336851592194],[63.12718478779817,64.87090717180044],[63.45136447805765,64.82283587715376],[63.619039897849504,65.29627190865885],[64.5416024270346,66.28251778134997],[64.54266694709477,66.76079027207258],[66.34810093056659,66.60750906775247],[66.33336785591753,67.21020837899033],[68.41063560489756,67.34107425885908],[68.6842382898689,67.09791678774107],[68.77690895711477,67.15693069835922],[69.11888489969346,66.81262354444623],[69.10319738383694,66.68055778036342],[69.34841799594676,66.55895547312744],[69.36151936554994,66.21364648069876],[69.56783422174391,66.07632600608731],[69.7384465719356,66.2600732652942],[70.16653359150784,65.96903116646257],[70.16010096736754,65.88467138513388],[70.29892935453164,65.79970541133851],[69.86794029802896,65.59741110374941],[70.00834420326736,65.32992513739825],[70.27838147998193,65.37133477917945],[70.36557036130169,65.27224755444927],[70.24550499967935,65.26891466378162],[70.32767111873534,65.15815071945886],[70.59623495145094,65.18219118085793],[70.96467681119762,65.54902785611354],[71.02771390142283,65.49707155129732],[71.15428378469592,65.6002391262332],[71.23831288634256,65.45614902349931],[71.35084454395457,65.55001358104262],[71.47408362190706,65.50122202879405],[71.4694470987588,65.3831763287971],[71.82192359926236,65.43361882154953],[71.77753753765265,65.63104565905185],[72.28921869073595,65.85559574549352],[72.37868309875898,66.12886978746535],[72.51274620572323,66.17910692232813],[72.59956009167539,66.10392493342292],[72.63171190396703,65.74644006297859],[72.86454408140469,65.68111603585577],[73.12002086887514,66.03807229897598],[73.55788351309903,66.36869483540647],[73.70409239167218,65.94365696461414],[74.44686630436821,64.97847386609547],[73.9994524311033,64.95623690225375],[73.99277898036536,64.01195015216008],[73.7022788205131,63.71182574537282],[73.97801849290855,63.513221153339934],[73.98824464883462,63.21391138737742],[73.71451122084173,63.02002351873746],[73.68950188857859,62.854517766516636]]]]}},{"type":"Feature","properties":{"CC_1":null,"COUNTRY":"Vietnam","ENGTYPE_1":"Province","HASC_1":"VN.TV","ID_0":"VNM","ID_1":"VNM.59_1","ISO_1":null,"NAME_1":"Trà Vinh","NL_NAME_1":null,"TYPE_1":"Tỉnh","VARNAME_1":"Tra Vinh"},"geometry":{"type":"MultiPolygon","coordinates":[[[[68.59027252203485,55.9608585773134],[68.03288444959247,56.2933717788569],[66.3349443256881,57.936410196521656],[66.0132060861412,58.1150373645244],[65.4606646611256,58.68056870094442],[64.98372113089047,59.33997249950448],[64.66871514909806,59.77878737240779],[64.7919084343202,59.77676213857181],[65.03074528357214,59.55301128018926],[65.37259831014633,59.71402134426513],[65.43173133623603,59.8974789076772],[65.64248611503764,59.84573971288279],[65.83505557944905,60.05684004072434],[66.0680306720217,60.03448497531022],[66.17714356992398,60.2036397254305],[66.47360410895935,59.96132328488066],[66.68723616156893,60.22718164311174],[66.72076770804185,60.93453824549678],[66.89995547961718,60.86290627950833],[67.39870693185041,60.94433662100682],[67.50506556149669,60.77186277423649],[67.81933722667775,60.93273946815947],[67.80396697678344,61.13938498150179],[67.7070986777487,61.15868364951105],[67.78771111036488,61.48885369300785],[67.90305359678496,61.58652533609935],[68.46472660788208,61.232282977809376],[68.74390422416556,60.89692948806018],[70.5699594472799,59.81994795603379],[72.11040964029138,58.2767884087808],[71.56555556213661,57.74731990652285],[71.63790741709066,57.230158840746256],[71.7277651992364,57.20438695793999],[71.75728714431906,56.87746956742802],[71.4989123307727,56.318564359918305],[71.14360798295073,55.86428209794836],[70.71574641116653,55.56481895625041],[69.82236926172419,55.33641840617761],[69.79484277451239,55.414520826672366],[69.53568937232669,55.31883519632754],[69.36671830251086,55.37657377644809],[69.36247567835369,55.545719446062016],[68.69162561736468,56.06683586611649],[68.59027252203485,55.9608585773134]]]]}},{"type":"Feature","properties":{"CC_1":null,"COUNTRY":"Vietnam","ENGTYPE_1":"Province","HASC_1":"VN.TQ","ID_0":"VNM","ID_1":"VNM.60_1","ISO_1":null,"NAME_1":"Tuyên Quang","NL_NAME_1":null,"TYPE_1":"Tỉnh","VARNAME_1":"Tuyen Quang"},"geometry":{"type":"MultiPolygon","coordinates":[[[[60.216544647370874,192.68683239844074],[59.99389795023996,192.24852687460074],[59.69711476866778,192.17070105156395],[59.61561569888937,192.04772211025528],[59.486456027523026,192.12064411071768],[58.94894062034553,191.82175995739308],[58.8943842748739,191.9439915310932],[58.584206148697504,191.98549386909477],[58.55825072676933,192.07364398887967],[58.32706879116064,192.1207927287662],[58.106044346675574,192.06043432700127],[58.05549806433719,191.91965734415393],[57.903686684325685,191.9344460938174],[57.615793557397964,191.98932615837998],[57.612420962585965,192.20441771560522],[57.286724772147544,192.40400069137976],[57.3685412562074,192.51085969925876],[57.04107091035,192.9616818582742],[57.12308559214083,193.02378620356228],[57.07562144163816,193.17184776370524],[56.926269233356706,193.19209303392458],[56.84027814677182,193.33330051075845],[56.97782870161493,193.48065392236992],[56.949679252881126,193.65627850623775],[56.65791527638903,193.68933615073433],[56.350790366296934,193.978308684716],[56.13203456184712,193.92784963150376],[56.04914134888301,194.12664632534575],[55.87455411172577,194.09294383892225],[55.60915688017524,194.20670724919842],[55.53702455266755,194.33430267021984],[55.368983607828866,194.33914495068942],[55.271448484274124,194.38327801593664],[55.263233010597,194.53814588321737],[55.05394389430918,194.67804811863516],[55.18799623937519,194.71919628718842],[55.315682778763055,194.93658078102993],[55.214996563870024,195.04486742692788],[55.39415433861506,195.34307169629068],[55.52361290529009,195.40547400151323],[55.40310072477031,195.58922313644203],[55.27873107039361,195.61308422151288],[55.083866154613126,195.92975850881015],[54.946228227886834,195.99725109350342],[54.85453459615727,196.30815559918815],[54.60681571165133,196.40838771018352],[54.70649825105347,196.68397114836083],[54.66738492031801,196.81388991750782],[54.43709643924965,196.7345596597076],[54.320342787976124,196.8233058921635],[54.46406624011991,197.4081382157515],[54.36765752347258,197.47373662755606],[54.44388882446824,198.03215932238066],[54.16484377173005,197.99683109527055],[54.068206086650825,197.87655152144512],[53.900563503117745,197.9522480349253],[53.706422468323304,198.2491773359434],[53.6002653300652,198.21578163622993],[53.26543145450706,198.3562826132617],[53.03788872153753,198.64778605078024],[53.02575310432819,199.16938176090991],[52.87330197911776,199.65483031574325],[52.959558047811036,199.80664880449004],[53.15361380345884,199.8349975825791],[53.19353174261716,199.66335262284022],[53.34614673835011,199.6265302145225],[53.47261494561609,199.97796811114284],[53.52844916972458,199.94874781585168],[53.60974775776096,200.27961706632317],[53.3294507301926,200.65527113877644],[53.476838191541304,200.67754591779686],[53.62462066351099,200.83206511708656],[53.528310408127915,201.1068368403694],[53.330249813737296,201.2450961967478],[53.41773526666787,201.51546267683196],[53.514600684061655,201.50982638273544],[53.62618568497878,201.3350769845115],[53.835481564034495,201.3312120690343],[53.950396435909376,201.19169230098748],[54.27184521745504,201.23914618485784],[54.57157696636305,200.89305235456132],[54.58171627415584,200.58368658085547],[54.98857196589061,200.82209337455086],[54.95265713379264,201.08194652459466],[55.11540393964738,201.09543680832198],[55.13888615071014,201.28949106247185],[54.914449708028904,201.5302743257332],[54.99455051773939,201.6028905337419],[55.36441638763078,201.56178309072413],[55.28332405679265,202.01253056004165],[55.43606001542908,202.02469063442084],[55.55323461061119,202.2493381344473],[55.40781391548753,202.5273915723965],[55.719518188297236,202.70107600795316],[55.62446090828867,203.11338080849907],[55.83840117965227,203.6214789199519],[55.69601674904189,204.0688405439142],[55.908258677316695,204.25741955302547],[55.83409139216049,204.4078370296753],[56.006326827974206,204.64170856118653],[56.18212293515893,204.60380530938588],[55.878883426994356,205.13358901620973],[56.06659855408159,205.46122641186795],[56.336087341585774,205.2970269303541],[56.67156389930412,205.22956568333606],[56.7996431905429,205.04712864229748],[56.93224397943566,205.0631845440001],[57.07246710967186,204.9139864250471],[57.357741500042756,204.90417055785423],[57.50799395181158,204.71692441580805],[57.477920021506144,204.56533760623412],[57.78276463825457,204.51908331469872],[57.800189820881165,204.44827349461644],[57.91785848501659,204.69620476826432],[57.87425642764323,204.75328681380836],[58.297159050037706,204.79402291124975],[58.65344610641332,204.6951501411887],[58.83027963946276,204.50207039971627],[59.12642066179689,204.39604631593537],[59.21704108151804,204.48500979926638],[59.319367840040215,204.43655294863237],[59.63686410960316,204.5529533596659],[59.76970383557455,204.7258622102689],[60.11618179412613,204.71962278717243],[60.087568815216294,204.56120386296783],[60.299602210127965,204.3342337825218],[60.27554221952203,204.19631213454363],[60.45113536337478,203.89099071837782],[60.534785831110455,203.91223683760546],[60.73985276121049,203.71316716995162],[60.82452528964027,203.45898469201558],[60.75008421508821,203.29976445362541],[60.82035574179145,203.08268109227822],[60.414720816166295,202.78732247280698],[60.37693784689715,202.52790222694478],[60.29346424993466,202.49790938959558],[60.33762081654161,202.21036021452463],[60.532396767771374,202.291149973725],[60.411325906542565,202.0998721167933],[60.15926936423007,202.16050467726265],[59.97189779527582,202.07763542657548],[59.92680567708396,201.49036776179926],[59.733773951555335,201.3952822460395],[59.751457831197506,201.1665610675173],[59.59299388358814,201.13035461374534],[59.560518164017246,200.98500899734816],[59.67699470131626,200.88120662818568],[59.353867220120556,200.75517838798385],[59.48585644230691,200.6441668006529],[59.38139796280481,200.53717591889776],[59.286555718692135,200.57802811165462],[59.0940438059304,200.47119846286196],[59.15314653539913,200.14942337863275],[59.045157413089825,199.98916204822333],[59.30530594092908,199.65854112998232],[59.45379061903176,199.3550795670535],[59.699482232787915,199.32755516123171],[59.505297525429235,199.08934860288016],[59.510931941679964,198.9687171161115],[59.38266099167372,198.84392360722367],[59.506927789953195,198.63741348174426],[59.37995266324955,198.37694007589354],[59.65594720347834,198.03647101442982],[59.71607591816766,197.6528600382869],[59.8315451676514,197.62183566159842],[59.82441288403829,197.4472808053678],[60.36188391019477,197.047041005177],[60.29178760740702,196.93500089675914],[60.33197965507133,196.49104387356797],[60.210475291141236,196.28464963482742],[60.03434816938644,196.2569864835011],[59.96458095847899,196.12018821464497],[60.0658645330607,195.65466848397043],[59.94720135905755,195.56123195206607],[59.734843406489766,195.62105882612317],[59.697574640899326,195.0265567547594],[59.77101139595267,194.92319454214817],[59.93746121760286,194.96516598296364],[60.04175012271641,194.89218401546665],[59.86340428267464,194.69432814374608],[59.93459282992353,194.53468813566752],[59.5274485090649,194.0895593941931],[59.63821874645402,193.9939679195318],[59.545768261595356,193.82778752534088],[59.76826887452142,193.32602759890048],[59.72906141753831,193.1944618363928],[60.216544647370874,192.68683239844074]]]]}},{"type":"Feature","properties":{"CC_1":null,"COUNTRY":"Vietnam","ENGTYPE_1":"Province","HASC_1":"VN.VL","ID_0":"VNM","ID_1":"VNM.61_1","ISO_1":null,"NAME_1":"Vĩnh Long","NL_NAME_1":null,"TYPE_1":"Tỉnh","VARNAME_1":"Vinh Long"},"geometry":{"type":"MultiPolygon","coordinates":[[[[64.98372113089047,59.33997249950448],[64.31808983860444,59.866453745773505],[64.05663523638863,59.948746913198136],[63.449568632503556,60.46342827246629],[62.736708405334305,61.456035985033424],[61.62542420914988,62.188831170949136],[62.137743839016146,62.98688382214138],[62.56522434257827,62.69741816042501],[62.66673034904754,62.80778152171042],[62.96301379720237,62.42679243605189],[63.50298639481956,62.366744729997066],[63.53061305443301,62.47922965072028],[63.74333102440031,62.41589339484137],[63.807690810823956,62.81037589385586],[64.02149365907157,62.768652689807055],[64.22365144213657,62.84756087340656],[64.29711303567277,63.06555840796334],[64.08907321837879,63.32206267853036],[64.09717242534398,63.444711970614094],[63.966020841472876,63.436554880090924],[63.820282489746816,63.66489078818493],[64.00200871956531,63.797067919160305],[64.37811367643954,63.88563478880744],[64.91664121393157,64.39997221378222],[65.10933114054507,64.41803059112586],[65.58933994251244,64.05795038919224],[65.5166195938416,63.76725922496657],[65.62686644633517,63.488316282207265],[66.45576872896523,63.360948643751136],[67.1881216572093,62.638525823110996],[67.31348800795354,62.68344793590198],[67.76444743698428,62.25089611987469],[68.46472660788208,61.232282977809376],[67.90305359678496,61.58652533609935],[67.78771111036488,61.48885369300785],[67.7070986777487,61.15868364951105],[67.80396697678344,61.13938498150179],[67.81933722667775,60.93273946815947],[67.50506556149669,60.77186277423649],[67.39870693185041,60.94433662100682],[66.89995547961718,60.86290627950833],[66.72076770804185,60.93453824549678],[66.68723616156893,60.22718164311174],[66.47360410895935,59.96132328488066],[66.17714356992398,60.2036397254305],[66.0680306720217,60.03448497531022],[65.83505557944905,60.05684004072434],[65.64248611503764,59.84573971288279],[65.43173133623603,59.8974789076772],[65.37259831014633,59.71402134426513],[65.03074528357214,59.55301128018926],[64.7919084343202,59.77676213857181],[64.66871514909806,59.77878737240779],[64.98372113089047,59.33997249950448]]]]}},{"type":"Feature","properties":{"CC_1":null,"COUNTRY":"Vietnam","ENGTYPE_1":"Province","HASC_1":"VN.VC","ID_0":"VNM","ID_1":"VNM.62_1","ISO_1":null,"NAME_1":"Vĩnh Phúc","NL_NAME_1":null,"TYPE_1":"Tỉnh","VARNAME_1":"Vinh Phuc"},"geometry":{"type":"MultiPolygon","coordinates":[[[[59.171208473628724,189.1738961567189],[59.29808838751288,189.6822836709637],[59.195617283599105,189.85450608994134],[58.713006120454786,190.143761535453],[58.61821474158315,190.30520231681606],[58.68963963967019,190.82453345118486],[58.612103244026144,190.99202014573612],[58.44010440521687,191.092518386864],[58.11010932882895,190.92311375029254],[57.96642125448287,191.6845712964841],[57.875270965876766,191.7894758466473],[57.903686684325685,191.9344460938174],[58.05549806433719,191.91965734415393],[58.106044346675574,192.06043432700127],[58.32706879116064,192.1207927287662],[58.55825072676933,192.07364398887967],[58.584206148697504,191.98549386909477],[58.8943842748739,191.9439915310932],[58.94894062034553,191.82175995739308],[59.486456027523026,192.12064411071768],[59.61561569888937,192.04772211025528],[59.69711476866778,192.17070105156395],[59.99389795023996,192.24852687460074],[60.216544647370874,192.68683239844074],[60.379382973506296,192.62909891521215],[60.65627983338863,192.24412335604583],[60.82154233722059,192.21335170755034],[60.95158124351583,191.9108037681569],[61.202643536024596,191.76459515570124],[61.15982036733406,191.60807419789077],[61.38601659414106,191.3605829332654],[61.62370974498371,191.36957392516854],[61.75592885660346,191.19581522665754],[62.15229825206153,191.07319715926172],[62.11276511690552,190.8888306773888],[62.20513568593012,190.80968234204906],[62.39377951026225,190.88782195593805],[62.58931620057923,190.57993305087223],[62.52619142179363,190.45874416010545],[62.79099568482409,190.24930933118046],[62.79657950517402,190.0582423182183],[62.457651729689125,189.5126506847403],[62.34967039788642,189.4897913480503],[62.13205412031821,189.18554015850947],[62.13905399362594,189.01023744957303],[62.290555417594994,188.84833159726014],[62.147472698174795,188.72144317126364],[62.09905625127726,188.77490819908283],[62.07715968098229,188.6936752256938],[61.84418544221832,188.61588493282056],[61.71829775488465,188.7714542117983],[61.768471110728804,188.82315586339166],[61.639443791885185,188.73992936198044],[61.608631046916244,188.85015849142673],[61.55651145233849,188.8111343036066],[61.53738069725946,188.88386002199175],[61.29604581865229,188.81759208096798],[61.44401217657623,188.66569535938484],[61.21706858727075,188.63824503342548],[61.23623368929321,188.5164925236286],[60.998796396437484,188.4994879634832],[61.140586943504005,188.25269430403372],[61.098719814366966,188.15561774643706],[61.007788797253156,188.19656102194364],[60.56868311947431,188.0084390106439],[60.05393116320053,187.91368589278997],[59.610822098902744,188.01488585756937],[59.43648032168441,188.1942833161954],[59.171208473628724,189.1738961567189]]]]}},{"type":"Feature","properties":{"CC_1":null,"COUNTRY":"Vietnam","ENGTYPE_1":"Province","HASC_1":"VN.YB","ID_0":"VNM","ID_1":"VNM.63_1","ISO_1":null,"NAME_1":"Yên Bái","NL_NAME_1":null,"TYPE_1":"Tỉnh","VARNAME_1":"Yen Bai"},"geometry":{"type":"MultiPolygon","coordinates":[[[[42.99829701460403,194.21672362793964],[42.89281647518394,194.39648581304183],[42.93313573674347,194.6059726944686],[43.0988217205045,194.704170647421],[43.332475773782924,194.67134750552768],[43.31690892984576,194.85409710795832],[43.442771892838955,194.86133371144751],[43.48137074407014,195.01088644354564],[43.33659297547836,195.3107001678868],[42.96395975123313,195.67795051577215],[42.99187569986137,195.76362644819534],[42.66696470029747,196.0905672268367],[42.6361621392861,196.5569185113249],[42.717401335284116,196.72561887838427],[42.99621776691077,196.84846785765063],[43.24286814668575,196.68154617966604],[43.54650956207539,197.1542263040513],[43.693553420649664,197.23780807948833],[43.81973806952746,197.04494376210408],[43.745468483853465,196.9312227689031],[43.957120243431525,196.6820252066296],[44.719840631780755,196.5299938291997],[44.84176641932825,196.6525309958513],[45.32064862583667,196.42727264049677],[45.917401724902206,196.31694037022055],[46.29899874990699,196.4891420358301],[46.3009745388636,196.71953461329744],[46.06867018305988,196.92746449896757],[46.1084261375183,197.02271289694644],[46.55662048796616,196.81409238143132],[46.864062533955156,196.90732357617662],[46.96542038760624,196.75772311527746],[47.30355217968502,196.6574110940553],[47.44044186026324,196.2903154590886],[47.598252728995796,196.17626982565665],[47.938131091859425,196.43576227292408],[47.957087212808666,196.57969622969705],[48.388347248492444,196.84787624396924],[48.43766882377398,196.95966068460262],[48.27119302521715,197.86426964209815],[47.871677018751434,198.34251494962658],[47.89192028435954,198.61760198073625],[48.00097458264068,198.66229428576906],[48.06597089166442,198.86977448367875],[48.17980911851384,198.9062529673256],[48.111625379760504,199.16232292657548],[48.109005214878906,199.36235554558138],[47.94817837869693,199.57419448570317],[48.08582789768902,199.59648609132245],[48.28575911550861,199.85144668985703],[48.68135740018827,199.68468623058442],[48.73956255504047,199.47941175362743],[49.83018600506919,198.5486765794921],[50.04920048641026,198.8480981845894],[50.030413164243114,199.32913982137765],[50.117215797075715,199.38619200446328],[50.059791973836454,199.58131242728382],[50.236772663286665,199.639877156053],[50.28876367046695,199.55280103948445],[50.492166303651004,199.55025827413243],[50.40955647877024,199.9721188762199],[50.53988408935963,200.05327903592612],[50.38536568524931,200.1262806492608],[50.21021068652196,200.04040697175563],[50.088950441537506,200.11585868668587],[50.09056861305572,200.4214149806772],[50.08848027071081,200.56240137983303],[50.29369723238816,200.84997199649612],[50.547373961818046,200.82449288888094],[50.686161202647995,200.70694201604434],[50.98291167401544,200.70492160268807],[51.053073045865986,200.5686407507372],[51.552340126357976,200.45398872730738],[51.61222334946504,200.11876856117829],[51.51550547493565,200.00780679476557],[51.559214538387366,199.8125071516607],[51.73556140561317,199.6625536791826],[51.88047383089966,199.65865881326022],[51.894030676165585,199.52364018362223],[52.14161460396339,199.44176503578691],[52.13897314152457,199.49701567831775],[52.491471588928704,199.51626263046015],[52.55443463233223,199.64426715824638],[52.67296471462322,199.56711631207816],[52.87330197911776,199.65483031574325],[53.02575310432819,199.16938176090991],[53.03788872153753,198.64778605078024],[53.26543145450706,198.3562826132617],[53.6002653300652,198.21578163622993],[53.706422468323304,198.2491773359434],[53.900563503117745,197.9522480349253],[54.068206086650825,197.87655152144512],[54.16484377173005,197.99683109527055],[54.44388882446824,198.03215932238066],[54.36765752347258,197.47373662755606],[54.46406624011991,197.4081382157515],[54.320342787976124,196.8233058921635],[54.43709643924965,196.7345596597076],[54.66738492031801,196.81388991750782],[54.70649825105347,196.68397114836083],[54.60681571165133,196.40838771018352],[54.85453459615727,196.30815559918815],[54.946228227886834,195.99725109350342],[55.083866154613126,195.92975850881015],[55.27873107039361,195.61308422151288],[55.40310072477031,195.58922313644203],[55.52361290529009,195.40547400151323],[55.39415433861506,195.34307169629068],[55.214996563870024,195.04486742692788],[55.315682778763055,194.93658078102993],[55.18799623937519,194.71919628718842],[55.05394389430918,194.67804811863516],[55.263233010597,194.53814588321737],[55.271448484274124,194.38327801593664],[55.368983607828866,194.33914495068942],[55.379687697402595,194.151220576663],[55.47393368557441,194.13758663666962],[55.49016469440757,193.90258834148386],[55.227841897370574,193.92263722079105],[54.78010916309201,194.14687808483836],[54.66167411496387,194.00060076102133],[54.438860450940766,193.9795937624209],[54.45972424134779,193.90210870278239],[54.23985677386933,193.82946131038932],[54.300516886813334,193.7066940901686],[54.16429291460106,193.6487099877253],[54.143320879046726,193.53456591846808],[54.00072197612415,193.6881574632625],[53.498392185772886,193.39606974013103],[53.44070672958962,193.10858516373474],[53.265832556726416,193.11094996345196],[53.370722285492626,192.6074660463648],[53.085532801129496,192.4972705885779],[53.04753665718306,192.3469740783489],[53.227395904929736,192.1177139086443],[53.21950215757531,191.87279454926974],[53.502203084115855,191.26970546323022],[53.458036685722455,190.8905895042848],[53.32065568216973,190.64876461518827],[53.192719296919734,190.6213631604755],[53.199734165646575,190.42584852683413],[53.37745802293085,190.16983694771213],[53.18988139192841,190.070077402431],[52.97836204284452,190.33893067838716],[52.87948110647772,190.3297672464565],[52.88556149920687,190.18458005963475],[52.78330621386745,190.18519976448235],[52.8279377581967,190.03425663974733],[52.452963955412976,189.97683939847124],[52.250636656818045,189.9967261673727],[52.07231557377533,189.89276093439267],[51.965983859786775,189.95867633854593],[51.96951522157872,190.13022628518573],[51.763458056440754,190.19623507747448],[51.75572855852619,190.37032985427808],[51.61326463241583,190.52675389614703],[51.60317048055537,190.80721370398274],[51.338858889149385,190.74400407430784],[51.2806374483191,190.80574468420295],[51.141967706452164,190.7484716070467],[51.092051867497545,190.47960781568264],[50.65806147460476,190.55388741283323],[50.08424430213226,191.002765028082],[49.95845598896406,190.84689872623395],[49.427402439937154,190.89810272887107],[49.164205565155186,190.4871341990218],[48.816415941492096,190.20076254165278],[48.27232401024869,190.3019881692722],[48.18362184588392,190.60540887930938],[47.866934946021956,190.7884412556192],[47.73379249226896,190.7452697887597],[47.455407318825294,190.9633895493043],[47.33139329106691,190.8556867359305],[47.194948690186145,191.09158394924066],[46.9778002875637,191.20977511051734],[46.99920738087038,191.42068063878276],[46.804044021384954,191.58685700725653],[46.94663639187118,192.02159695887067],[46.75720687271557,192.48727845770935],[46.98059514980498,192.7138314245174],[46.877165676411906,193.04028505414286],[47.40077558006339,193.47666963859254],[47.42382571271811,193.64115415255637],[46.97633508146197,193.6425346113251],[46.882726544466145,193.74020079442312],[46.59422345695891,193.76670504190068],[46.52559565882007,193.85125655675813],[46.07534940688647,193.85817275572578],[45.90975918176729,193.59412039117404],[45.522404880905576,193.6849283514732],[44.753097876064444,193.54497967644988],[44.11760625163439,193.88325905772723],[43.898047919347476,193.81208388566182],[43.660082331324006,193.9571632333885],[43.476708056041865,193.79650985241173],[43.15707503013573,193.86499559941052],[43.16753191644495,194.10085601272812],[42.99829701460403,194.21672362793964]]]]}}]}
