Integration Number,Time (s),Max Area Error
0,0.139000,0.949769
1,0.154000,0.288955
2,0.174000,0.034426
3,0.204000,0.034426
4,0.198000,0.034426
5,0.194000,0.001479
