Integration Number,Time (s),Max Area Error
0,0.068000,0.750200
1,0.067000,0.750200
2,0.082000,0.045932
3,0.097000,0.045932
4,0.106000,0.008216
