Integration Number,Time (s),Max Area Error
0,0.016000,0.956289
1,0.058000,0.499156
2,0.038000,0.050228
3,0.046000,0.050228
4,0.046000,0.005971
