{"type":"FeatureCollection","bbox":[53.29142605954727,46.263133559489,218.08214636116696,197.13467143177408],"crs":{"type":"name","properties":{"name":"EPSG:cartesian"}},"properties":{"note":"Created using cartogram-cpp / go-cart.io with custom projection, not in EPSG:4326"},"features":[{"type":"Feature","properties":{"Level":"ADM1","shapeGroup":"BRA","shapeID":"BRA-ADM1-79741978B95631206","shapeISO":"BR-ES","shapeName":"Espírito Santo","shapeType":"ADM1"},"geometry":{"type":"MultiPolygon","coordinates":[[[[218.07608582171326,103.71499733706689],[218.08214636116696,103.63552411912852],[217.96282824512988,103.72705916879768],[217.98746674257865,103.82567566055195],[218.07608582171326,103.71499733706689]]],[[[179.5018505951192,120.31784982614388],[179.50349962933893,120.50701048671809],[179.76651314501487,120.21840161876398],[180.1594413780736,119.9158706698772],[179.70713747301983,120.06568045273414],[179.5018505951192,120.31784982614388]]],[[[167.87284890407014,131.48034360715837],[169.01733700370397,130.95208442738777],[170.00058315859764,130.48798817890844],[170.29708031233758,130.3515488130459],[171.14636217369628,129.93791943977243],[171.98612179986506,129.53412750449885],[173.05938481132046,129.02470488919812],[174.12650620653392,128.50702464417208],[174.43487794877126,127.95664612987107],[176.37221294224457,126.18791759384808],[177.40019556988506,125.42005147364797],[177.94439732095725,125.00979905919519],[178.871063475031,124.31717784043212],[179.8831335070148,122.8058959434079],[179.20105297808377,122.85317122706188],[178.85046930246438,122.55343658176938],[179.08641371640203,122.08080283279463],[178.7170195372339,122.09478367231567],[178.49534410757872,122.27069980186019],[177.4295989709981,122.78109592586803],[178.00275792526992,122.47285202438701],[178.49373520365054,122.26700582774069],[178.47233323093633,122.20113130344484],[177.7300246587127,122.52949845404738],[179.10374852589365,121.90807766904257],[179.2097392139947,121.48146944865906],[179.51657992398214,121.25470377988364],[180.41601045466928,119.9172053469887],[180.13737383047658,120.13526395653832],[179.90184008420036,120.1382509071727],[179.57662726064245,120.48638287308664],[179.14819331113785,120.70826538098927],[179.34642702327506,120.46306561999108],[179.1868494456146,120.49119232912945],[179.68957876560404,120.06242679272664],[180.39428065796784,119.76884937676189],[180.77188868014417,118.85934434884243],[181.15868402505248,117.91111661193335],[180.8183906522587,118.13364238839432],[181.0415112332301,117.82282706324503],[180.57506794019434,117.98519580870311],[180.55015741396318,117.93200837268247],[180.86612546496235,117.68017199233206],[180.6029491856554,117.94520542546309],[180.88813690705572,117.78685964382771],[181.1218702624578,117.34004900688439],[180.97060818552353,116.76620919010077],[180.25214936186313,117.48013232108319],[180.4824912286391,117.08478672452135],[179.98152291039412,117.08577419459422],[180.2679140180175,116.25076090592361],[180.83775932069767,115.43766549154887],[181.15354346713013,113.45633597192764],[181.6121012055607,112.54055991997697],[180.70106501733326,113.52634039176255],[180.19660857509336,113.88440021643466],[179.51825124788377,114.29241047155855],[178.51764711464466,114.37127254056941],[177.82369393709624,114.90187463957929],[177.55751989577368,114.79662786465795],[177.0177826299898,115.10524368674761],[176.61678021922452,115.33957791338732],[176.00551321619534,115.64198182395779],[175.4295617611042,115.92245797625506],[175.23899545065206,115.81214303165501],[173.78269076468638,116.69763352868408],[173.02885481878872,116.8732031776733],[172.31427187797127,117.44579009477839],[171.04522803194536,118.08176610691454],[170.1451153176839,118.52964871243069],[170.18329694242834,118.66831786284267],[169.722274729044,118.92537788048111],[169.08422948150223,120.26906829766769],[168.3026210942466,121.08320262045504],[168.18609589251935,121.57919486949115],[167.57883361302007,121.93979567300038],[167.38690041206291,122.2224941611369],[166.3831227955588,122.76130279018581],[165.40059803514342,123.40925558702955],[165.24259537000657,124.30940000046222],[164.80831644858065,124.54021450763912],[164.97578449616606,124.81977785868641],[164.5222344236291,125.28110728177913],[164.71829767964303,125.22113915532813],[164.46334344337765,125.53177761879341],[163.74338688106602,126.00419608561464],[163.677741075052,126.2169182008011],[164.12154277547182,126.15587683647242],[163.97195328159074,126.54645026017225],[165.85342061199208,125.79526276561245],[167.45373763528602,125.16249419026384],[167.6671007358635,125.15742733533959],[167.2837556788015,125.95301070096637],[167.07779943842957,126.26969950441895],[167.71250474161076,126.0434695744662],[168.0828048539955,126.04967016965867],[167.80899694164194,126.39859797350985],[167.1368392853336,126.8161924706703],[166.95383936414183,127.10551949485324],[167.40943381298874,127.0400734047152],[167.34623463376073,127.19654369565296],[167.7928550280796,127.11487132967622],[167.23306675110734,127.57518927088455],[168.11939330541392,127.19756720089481],[168.15870097301732,127.31961600143647],[167.6954259320973,127.5891033240201],[167.86021877530385,127.66522276738989],[167.59778659801117,127.88245750586832],[167.71396199750276,127.95611613546019],[167.26091944798304,128.20996815196236],[167.4306943476356,128.17235658823176],[167.07600957923694,128.42954559983255],[167.12622339048863,128.49498419365506],[165.86437349246995,129.2762510281841],[165.50392129518536,129.4229330532958],[165.20495510515116,129.65082118867042],[165.44131106870307,129.69957405727473],[165.26010862609587,129.74981348682803],[164.85878649657093,129.97991931692718],[163.7969375448969,130.58013215911978],[163.4484084063262,130.71463593788815],[163.47793830454933,130.64899927607996],[163.1496242488282,130.834361727069],[163.0250479441853,131.0163769847412],[163.82833892019713,130.72355520601792],[164.1772141155381,130.49336528431235],[165.37522678239023,130.05884643226526],[165.65988468681405,130.02140478955198],[164.9752614873495,130.58314142552192],[163.876352973342,131.115577531078],[163.4222604763222,131.72033862172563],[162.11782577808293,132.19760763229925],[162.30324375335653,132.20570460573452],[161.8388669948692,132.6060068267974],[162.14641397788648,132.63441088525803],[161.93276271909517,132.8097732147055],[162.33626180558852,132.8142994123403],[162.6425691147711,132.68908431085322],[162.70564605086636,132.7288084849109],[162.90428616387015,132.63086527683186],[163.23635359512394,132.63333244055502],[163.74393653465754,132.36406494636043],[164.33719282193374,132.1492997210195],[164.157849921795,132.3295767085438],[162.6910640870666,133.1109949448032],[162.78771914735293,133.11429168659524],[163.0099340521022,133.00286166292392],[163.29157510977865,132.98553404774364],[163.79464183395444,132.7064745333771],[164.40987296179216,132.44954699299424],[164.88620049067956,132.3586941294762],[164.77129893679634,132.50297290685836],[165.25314105618392,132.4434727657016],[165.8409186429273,132.18877923069962],[166.70888401821108,131.92487938931984],[167.87284890407014,131.48034360715837]]]]}},{"type":"Feature","properties":{"Level":"ADM1","shapeGroup":"BRA","shapeID":"BRA-ADM1-79741978B49479692","shapeISO":"BR-RJ","shapeName":"Rio de Janeiro","shapeType":"ADM1"},"geometry":{"type":"MultiPolygon","coordinates":[[[[162.973486683623,89.88095241842183],[163.75427047587903,89.91106239623086],[164.04980561049632,88.48913502433885],[163.4918965816098,89.07547630734545],[163.32172237788876,88.70444111871942],[162.88246356609355,89.40138090200436],[162.973486683623,89.88095241842183]]],[[[157.51142899786961,90.08514419952216],[157.57409213087445,89.33135239999628],[157.30979441068672,90.07643163687996],[157.51142899786961,90.08514419952216]]],[[[178.21050975619437,86.74403137913322],[178.20034986795415,86.89303553381262],[178.29912041067314,86.92656461560667],[178.21050975619437,86.74403137913322]]],[[[163.46636081747405,88.20673074301871],[163.5265893643201,88.47679426786503],[163.77444970500386,87.6272290587568],[163.46636081747405,88.20673074301871]]],[[[154.12155708716492,86.68096162519572],[154.24023536719187,86.44727524535256],[154.2211624270485,86.18453079518514],[154.12155708716492,86.68096162519572]]],[[[152.96974271743932,88.65234996276476],[153.08826497393994,88.27046360156527],[152.97330728388746,88.51490373702997],[152.96974271743932,88.65234996276476]]],[[[155.6859493475176,87.182885582394],[155.9015752351201,86.53399685665892],[155.89409199101596,87.43555103704996],[156.25885743542938,87.07564104772278],[156.44032997314147,86.42716296503325],[156.69427935318026,86.196388087577],[156.9250269538664,85.55919425690867],[157.02203070873253,85.97959241894914],[157.2645846684199,84.97686877484588],[157.73042896979283,84.48560668186812],[157.63469295404315,84.17379631184694],[157.3831350271405,84.70235001275715],[156.6818938833889,84.42168624593155],[156.38017784492246,85.19605013126707],[156.09697354371593,85.41839702411318],[156.271464875246,84.37362198847278],[155.96030629911957,85.33702120698362],[155.5861492032554,85.90601061453008],[155.6859493475176,87.182885582394]]],[[[156.8804337563027,88.61598713462334],[156.77650570609563,88.66018984943392],[156.83774653713851,88.86063772183584],[156.8804337563027,88.61598713462334]]],[[[177.86351139969076,85.03246152001057],[177.61675678928924,84.92005832414799],[177.84963620159292,85.30875922660894],[177.86351139969076,85.03246152001057]]],[[[157.64899089298842,88.32803675316092],[157.773992026646,88.28225859667819],[157.79158572583273,87.9981377420788],[157.64899089298842,88.32803675316092]]],[[[158.35628356621476,85.76657327342187],[158.12248980119207,85.57444337184003],[157.6886350490995,86.3924656905954],[157.89811577507194,87.12871656712824],[158.76124983493452,85.97585384484525],[158.55394802388804,86.67383418151528],[159.54053555125495,85.53601749720114],[160.98801868285392,85.36581517947062],[161.6438863197045,84.25240098204043],[159.9219175952414,84.97899031497963],[158.35628356621476,85.76657327342187]]],[[[154.68149422304174,89.68379411087474],[154.29804502724872,90.15891259294432],[154.32353445368273,90.3980938735482],[154.68149422304174,89.68379411087474]]],[[[165.40059803514342,123.40925558702955],[166.3831227955588,122.76130279018581],[167.38690041206291,122.2224941611369],[167.57883361302007,121.93979567300038],[168.18609589251935,121.57919486949115],[168.3026210942466,121.08320262045504],[169.08422948150223,120.26906829766769],[169.722274729044,118.92537788048111],[170.18329694242834,118.66831786284267],[170.1451153176839,118.52964871243069],[171.04522803194536,118.08176610691454],[172.31427187797127,117.44579009477839],[173.02885481878872,116.8732031776733],[173.78269076468638,116.69763352868408],[175.23899545065206,115.81214303165501],[175.4295617611042,115.92245797625506],[176.00551321619534,115.64198182395779],[176.61678021922452,115.33957791338732],[177.0177826299898,115.10524368674761],[177.55751989577368,114.79662786465795],[177.82369393709624,114.90187463957929],[178.51764711464466,114.37127254056941],[179.51825124788377,114.29241047155855],[180.19660857509336,113.88440021643466],[180.70106501733326,113.52634039176255],[181.6121012055607,112.54055991997697],[181.97996519178554,111.74423186701196],[181.9473153976413,109.53738116013605],[182.67952608605287,108.15542558326742],[183.09372016469314,107.81658250076572],[183.72012942725087,105.78039433114972],[184.05921769009433,105.00332783072326],[184.82280257307292,103.04899041074296],[185.11404751531472,102.16933392639142],[185.2153422853871,101.27751466824716],[185.02890933735807,100.89749559903657],[184.1242030643469,99.3145514238525],[182.9149142057281,98.22864795271599],[181.82822803771828,97.36654921171132],[181.27343905223128,97.11896664508706],[180.50823674052086,96.61795998300227],[179.8105739857818,96.22537817696495],[179.50872158183083,95.43469666274478],[178.19192472083566,92.50567519048293],[177.8185737421411,91.90060099837149],[177.4677400466163,92.00048772103513],[177.19489899103746,90.73603354938712],[177.52360927951344,89.61620727390422],[177.6920607157944,88.83377290603316],[178.44643388522883,88.26320373766916],[178.9196466805323,88.7757877993725],[178.83809610317292,88.2840469574931],[177.88489447497525,87.32748615994848],[177.83423060941436,86.74374015893952],[177.31648607992622,86.12400663547808],[177.47030795877814,85.41897218344364],[177.6843488581664,85.52018354899604],[177.52991508755946,85.05170136675494],[176.7978527662938,85.35603566340887],[174.53646972816964,85.0002064774858],[173.18159001668724,84.88638480704435],[171.65863489279047,84.82623778703518],[170.86713119956661,84.8463900491948],[170.09502272226445,84.41016291477514],[168.2927107810944,84.27054777196193],[166.66397601368087,84.42457947112464],[165.54587968635286,85.13754154557004],[165.26339530723573,85.71358296429388],[165.50087251472203,85.8408538737718],[165.02957197377702,86.25218947254488],[164.8091491475782,89.03410009393201],[164.98954678379474,90.29425449897931],[164.42326942314904,91.93633180517465],[163.77194325596983,92.50870149105685],[163.5854242887143,91.64123846937889],[163.1798173485229,91.9383493358988],[162.49855867535433,90.38231554722313],[162.96658306234903,89.07580610163693],[163.76828637732353,87.52454366895391],[164.00643187681223,87.49205443449807],[164.09820804302197,86.83874548260019],[164.67889827062976,86.46420994918404],[164.77500134056493,85.47374904935872],[165.11841479454645,85.31274966302553],[164.93927139841603,84.53464010365292],[163.0101534081368,84.6630407384916],[161.71294883775164,83.97330659704161],[161.6817732033102,84.32896323830056],[159.06464508429622,88.45251415398725],[158.1693967320979,89.94839970579889],[157.76112721647007,90.03364492487081],[157.72821924605626,90.58377036340639],[156.75049609826027,90.47336778401475],[156.53914467955934,90.52159330626861],[156.44327558579226,89.7159157567785],[156.17269883775475,90.90258616297254],[156.32283326687437,88.84803761835138],[156.11917324771315,88.92561743595245],[155.50302464547366,88.97341844855819],[155.31069357166976,89.99644686940503],[154.98182141852737,90.6502616306388],[154.80144049070358,90.22807999343225],[154.6560820338753,90.79901749700502],[154.29681549331934,90.73499598548345],[154.19894194521248,92.3518538350881],[154.03030778594717,92.32797392272134],[153.91158205170063,93.21896765183499],[153.49296052503428,93.90506881311806],[153.6057492015143,93.24161460955844],[153.74222389342808,93.15920738041176],[153.75061926653026,92.49961337179721],[153.23390935959537,93.4104878035736],[153.54830388139695,91.81455931570902],[153.73648537107312,91.07144814243418],[153.24198986442488,91.85663589512778],[152.92452872658845,90.9865576569706],[152.55636503150652,91.29269196790577],[152.25310262470467,91.63014162096154],[152.31063060048714,90.86310088752553],[152.64268398780243,89.52448170285145],[153.4798240620573,86.55251750492843],[153.55188756189656,87.47790689534368],[153.95531268911643,86.61649818503783],[153.72884500110501,86.71495282901782],[153.86848608707595,85.84152082371924],[154.250257320986,85.73208164940233],[154.3585206119918,84.649620957262],[154.60345606838877,85.69468794562283],[154.6825132514062,84.89648571491931],[155.32556243437935,84.05375936321128],[155.41089430317612,82.68589092994601],[154.78039853448078,83.66242299247875],[154.33900659612206,83.42250936888922],[154.44042351292518,83.25423361431196],[153.81985631948095,84.1873091958116],[153.25918460435483,85.35926936535822],[152.7310951131581,86.6057978727479],[152.1213407688978,87.83577719138066],[151.90053803418417,88.94483729043377],[152.02489304221427,89.34954497954342],[151.3316831747481,92.24749476722656],[150.8541295861375,95.0405431867234],[151.02532026923532,94.83545180506269],[150.9718107303701,96.41580414893818],[151.32396222061166,96.0929545027613],[151.60482776149112,97.15526888511089],[151.79270716082635,96.600179483976],[152.06391197347284,97.48532830447488],[152.37843913801908,95.99686565713215],[152.4683961459303,96.88588359766587],[153.3904432883578,96.43241305685832],[153.45373601552325,97.64387714716796],[153.31196910277956,97.89199582372687],[153.3427930720126,99.02452409845996],[153.5669267968047,100.96016538458885],[152.92868850343797,104.06014085054912],[152.20112971505245,105.5854239709519],[152.17332179134092,104.94225667894229],[151.9184600753398,106.5628510678988],[151.91473696951445,105.4332657614958],[151.4766965249347,106.04715042493848],[151.43620533589907,105.07460662715417],[150.98544295027892,107.0634522722485],[150.97476997189642,106.26910492370739],[150.66354779281528,107.62356263086936],[150.66944510558747,109.15644204146861],[150.51460588283845,109.39585537167957],[150.52075187748449,110.24333777170533],[150.30687547653008,111.36587322050686],[150.1135445234779,114.69404843557284],[149.91296756905373,115.16043873386307],[150.17091805068566,115.91016383398969],[150.47672703313853,115.21107071604477],[150.68241092573186,116.17193820729864],[150.95851523825118,115.65261607820386],[151.17337187201719,117.04725310104334],[151.51999070388507,116.37340210346757],[152.0797704828531,116.31651547924446],[152.12426075624512,115.75556754921473],[152.45285939948846,116.52828795049075],[152.88335674353644,117.23628768532348],[153.242207458354,116.9256003609901],[153.98788417876074,117.61138093384805],[154.2989305550821,117.79946852092168],[154.6532184309792,116.97599246089118],[154.8490511131335,117.23325197100324],[154.99774763261397,116.77018755024483],[155.05801881530405,117.18263264415634],[155.32977561845672,116.58640051137516],[155.46193998594484,117.00072131057573],[155.72314768179982,116.26357949195273],[155.99270737374655,116.50364334747562],[156.41711536027546,115.92749683281946],[156.83867838403467,116.78203048010658],[157.29574062809567,116.10241985361922],[157.6670320407706,116.03706215881257],[157.9963241361131,115.33218580831283],[158.73306003048145,114.79110265777719],[158.8562448220741,113.64190822635177],[159.23806276079773,112.43731348139983],[159.48994138547974,112.7177562610672],[159.83483955953992,112.93977624850228],[159.6256992066773,113.61486727163002],[159.76047526793226,113.80105763681564],[160.52524199083732,114.51537212094597],[161.76208435677773,114.60434487771538],[163.12084900080612,114.24449976134753],[166.14500258646592,113.27949148183671],[165.64605921522997,114.30092506201525],[165.22915836436937,115.04344189691227],[164.2523990118316,115.91660053273957],[164.03104330600794,116.4105555266802],[164.7925661693478,117.48059108527255],[164.1337575267324,118.25803463936286],[164.13317935818446,118.92195513441922],[164.36465499980454,118.65978572074377],[164.05453373037156,120.1973663652035],[164.36324590481223,120.30978755870751],[163.76684080765048,121.28770027562774],[163.93242465351244,121.8650494268343],[164.57096055529524,122.04733205355001],[163.44672057960406,123.04608151688277],[163.8992245830678,123.07821931530776],[165.09872812078606,122.46417501469672],[165.22601330925602,123.03962061910107],[164.9802303124756,123.44343416509983],[165.40059803514342,123.40925558702955]]]]}},{"type":"Feature","properties":{"Level":"ADM1","shapeGroup":"BRA","shapeID":"BRA-ADM1-79741978B40792346","shapeISO":"BR-PA","shapeName":"Pará","shapeType":"ADM1"},"geometry":{"type":"MultiPolygon","coordinates":[[[[109.49082661301827,184.1443337665874],[109.49177784434495,184.0124187242135],[109.36998319904215,184.01181527867277],[109.40735923508194,184.0944259486451],[109.3775786338997,184.17667522533878],[109.49082661301827,184.1443337665874]]],[[[109.45218663519205,184.39728101550276],[109.55463527162927,184.44736780609242],[109.45663613979013,184.21786785196142],[109.35465280866565,184.2938991350978],[109.42365904004916,184.4299146842409],[109.41309077186251,184.3900161972294],[109.45218663519205,184.39728101550276]]],[[[109.46360260564754,184.5050007264871],[109.5248885021061,184.4567653114792],[109.35691440461129,184.41226952097878],[109.46360260564754,184.5050007264871]]],[[[109.41095615907254,184.49262211727492],[109.53558936447729,184.5811104934932],[109.37085906469116,184.43666561091848],[109.41095615907254,184.49262211727492]]],[[[109.38220670865124,184.48500797880195],[109.53283684013964,184.7047446446976],[109.6754300714959,184.76191685959887],[109.67588686228996,184.7180180548845],[109.38220670865124,184.48500797880195]]],[[[109.50161190881595,184.51465941008544],[109.5901872813823,184.61253222090144],[109.55951455414633,184.45082650381957],[109.55307912871554,184.5222821276924],[109.50161190881595,184.51465941008544]]],[[[109.59334108291287,184.53707447045088],[109.63219832362395,184.64594680123133],[109.6190660359358,184.51284525242815],[109.59334108291287,184.53707447045088]]],[[[109.73488439028436,184.6932744982221],[109.72628848106508,184.71515846382107],[109.76400727523945,184.73798491735528],[109.73488439028436,184.6932744982221]]],[[[109.73115083434499,184.72471863937417],[109.68431832321733,184.68672189737913],[109.76406448862646,184.77081718998338],[109.73115083434499,184.72471863937417]]],[[[109.7772687045199,184.78331127286472],[109.75001434658121,184.78498308261322],[109.81636427093243,184.83636065216538],[109.7772687045199,184.78331127286472]]],[[[110.43320026743986,184.98958287524465],[110.44792030651125,184.96546277579802],[110.40960185299166,184.96146247155076],[110.43320026743986,184.98958287524465]]],[[[109.81562720673008,184.84979798264095],[109.7838523167657,184.88364310854314],[109.88059038510237,184.93756530973192],[109.81562720673008,184.84979798264095]]],[[[110.99640448394024,185.5108407929994],[111.0001536768222,185.54616894577026],[111.05749464930071,185.4947040552118],[110.99640448394024,185.5108407929994]]],[[[124.27453731479301,185.91476774678824],[124.19627807273966,185.84594961029757],[124.13506382646332,185.88299583823974],[124.27453731479301,185.91476774678824]]],[[[110.84116917244035,185.3592311405175],[110.82522241651607,185.38501138064305],[110.8780151928932,185.41854172762385],[110.84116917244035,185.3592311405175]]],[[[109.96361197866419,184.9940900347987],[109.91752973699083,184.91184267910972],[109.88863937422931,184.90892015631945],[109.96361197866419,184.9940900347987]]],[[[110.49038481792049,185.06018190586317],[110.51847794960706,185.0172000168635],[110.43430616513925,184.9964434600566],[110.49038481792049,185.06018190586317]]],[[[110.21187563413983,184.91558148295212],[110.37071831238292,185.0633393431736],[110.41117160223877,185.12285997060988],[110.41411641260311,184.96808258772023],[110.21187563413983,184.91558148295212]]],[[[110.47537785884322,185.05626574086864],[110.44337070449464,185.02240600793425],[110.4850537559329,185.10377716858397],[110.47537785884322,185.05626574086864]]],[[[110.577268597126,185.1652619214234],[110.6056438241467,185.1245016363692],[110.4835075828728,185.06623299995226],[110.577268597126,185.1652619214234]]],[[[110.32016819264983,185.0590384156963],[110.37307511155048,185.06975131679866],[110.26233051826009,185.03044731362044],[110.32016819264983,185.0590384156963]]],[[[110.03061134210623,184.93999890513692],[110.3069629973704,185.13447481880365],[110.33411579014961,185.07579159873356],[110.26434918848796,185.04131684258715],[110.20576172335606,184.96335839306346],[110.15685106016534,184.9681194785582],[110.03061134210623,184.93999890513692]]],[[[109.75392826385074,184.8792131152371],[109.85994566334739,185.0215002931407],[109.99668456274541,185.06741392435697],[109.75392826385074,184.8792131152371]]],[[[110.4824230591581,185.11166897260648],[110.4518539336319,185.14272486416618],[110.52846963283366,185.16339595763728],[110.4824230591581,185.11166897260648]]],[[[110.67479206946007,185.2271667066999],[110.60781901103528,185.1495737442415],[110.60254528954457,185.19037161048266],[110.67479206946007,185.2271667066999]]],[[[110.24299336845708,185.22050813899196],[110.30967265819854,185.29540250416832],[110.57002333838716,185.4259627936493],[110.58777500849554,185.47522286978108],[110.91421079232036,185.5726797465483],[110.9279238173265,185.48476079909042],[110.81277335680271,185.37699775956233],[110.80107559512055,185.33251365562472],[110.52693472130994,185.16660222189057],[110.39282756749841,185.1388358028844],[110.24299336845708,185.22050813899196]]],[[[122.65000853231915,185.97693675110298],[122.70535191170796,185.89261522468334],[122.50399546235474,185.80989891330955],[122.45651326484958,185.91523069454246],[122.65000853231915,185.97693675110298]]],[[[110.02660804709576,185.4585433208603],[110.02226766150346,185.48270589108796],[110.04915296193575,185.48473109779238],[110.02660804709576,185.4585433208603]]],[[[124.25630042979881,186.20467520183186],[124.22539494354231,186.1681371018268],[124.1850401652265,186.17921563439066],[124.25630042979881,186.20467520183186]]],[[[121.08185133645028,186.34055014609743],[120.9642352130905,186.32663144387914],[121.01641376221752,186.34532680456073],[121.08185133645028,186.34055014609743]]],[[[121.47081708309935,186.3173629230199],[121.40526717482238,186.2697633578359],[121.31515355128289,186.33619927669952],[121.47081708309935,186.3173629230199]]],[[[121.30911490170365,186.34264471640873],[121.48040964181186,186.36624079487598],[121.50077732341778,186.35179084781922],[121.30911490170365,186.34264471640873]]],[[[121.53964442582536,186.29528319538986],[121.51951861781053,186.23841464559027],[121.37221523006525,186.2537212626946],[121.58469276284198,186.35264803908498],[121.53964442582536,186.29528319538986]]],[[[119.0875258297269,186.19670291139326],[119.1621518626203,186.26946791667038],[119.15573939888793,186.24790245187967],[119.0875258297269,186.19670291139326]]],[[[120.40571454132701,186.36422736675388],[120.28733802674627,186.35699200901723],[120.29701017653208,186.37253449654136],[120.40571454132701,186.36422736675388]]],[[[123.05601021777758,186.07904864429122],[122.95049522876545,185.9992279048735],[122.93349133793191,186.0960971299006],[123.1750262827498,186.159034894006],[123.05601021777758,186.07904864429122]]],[[[122.49231532625967,186.06624635751038],[122.23565950338637,186.00531847882706],[122.5671846172709,186.1184456817602],[122.49231532625967,186.06624635751038]]],[[[120.85708921857332,185.9688958269374],[120.89757560032155,185.99235154050925],[120.98834675198711,185.98923794940566],[120.85708921857332,185.9688958269374]]],[[[121.7777869051578,186.07608464099243],[121.81179177361301,186.0682606027486],[121.7466858161433,186.03888036389208],[121.7777869051578,186.07608464099243]]],[[[122.29218694716856,186.21728525111996],[122.1321067579679,186.14583334888417],[122.18001021237117,186.10705455250397],[121.90060151991533,186.01890513537066],[122.01699693284704,186.02178473810298],[121.96205846661111,185.95221991737742],[121.88079684740725,185.97114070150454],[121.44499432325115,185.88344746047477],[121.4415834571693,185.9520634895182],[121.65130020819271,186.1159524633652],[121.86132585734981,186.16827066176853],[121.6466387425096,186.00413099369],[121.87818069882132,186.0783363874574],[122.22752085246955,186.24563574697157],[122.29218694716856,186.21728525111996]]],[[[121.87869373074832,186.10966939065534],[121.84312544333046,186.07202397191793],[121.81051453096786,186.09102922499528],[121.87869373074832,186.10966939065534]]],[[[122.5156763737426,186.25693061320686],[122.70299443408555,186.25769320123408],[122.18713276223426,186.1547311334776],[122.5156763737426,186.25693061320686]]],[[[83.85871765319175,181.31992639736234],[84.28795475903966,182.32656264331774],[84.46810785219444,182.30088677794373],[84.71774253632081,182.38511509065128],[84.84964621081727,182.51658362980575],[85.33692963980863,182.61288754288606],[85.33160834848668,182.58823166954284],[85.45203626719578,182.61292195763838],[85.61781108161786,182.76686426054493],[85.49937018547661,182.77982654428325],[85.52118872965559,182.85377344227652],[85.92706309318616,182.95960150137057],[85.90655521300847,183.0167166769889],[86.14738606791117,183.14008111766705],[86.14541510779551,183.1069856500558],[86.67003543139425,183.18863994870287],[86.67296095261736,183.13170213491742],[86.9836032082813,183.2012703584411],[87.15977443808669,183.20268298288832],[87.3317277859144,183.38203501831117],[87.26435137205482,183.38603467751062],[87.57807337488933,183.44185824965675],[87.73160959668941,183.5077686476123],[88.01237114902139,183.56575352712196],[88.07230498263903,183.62698955706824],[88.38811954272578,183.69090022173435],[88.54533126458861,183.66140939341608],[89.04761448391203,183.8015543717181],[89.1673515669152,183.9421307893369],[89.36882071456415,184.02020738618904],[89.52488351785644,184.2324445728524],[89.7778097985182,184.30830504280243],[89.91074433650658,184.43465237952725],[90.06457623889071,184.49099491264684],[90.28806659501946,184.42104860137226],[90.5176174221925,184.56501334982096],[90.62989530473493,184.5890731012774],[90.77719355074379,184.70003750035352],[90.88300035452522,184.72188024100365],[90.89770824038087,184.5862571031064],[91.07795972205199,184.5322320858727],[91.389542961622,184.65144310018104],[91.76939060270712,184.60581967343023],[92.10309349768532,184.8136422148414],[92.3402139061429,184.85169499749077],[92.4657206910566,184.9373889280526],[92.56936767612814,184.8812068396112],[92.69997103788683,184.94459812093248],[92.99180593861153,185.1789565064259],[93.29159788962264,185.21898825501506],[93.5241128547153,185.35124491200654],[93.76825915707711,185.2517808575371],[93.83997434619062,185.33351003908047],[94.08477949171055,185.41257247922738],[94.14763587037339,185.30376726042908],[94.48040686599275,185.28648494044728],[94.85817474132716,185.54046808533576],[94.9561361192615,185.89663696696587],[95.00831827827434,185.88890458174262],[95.12731179274635,186.07007118037635],[95.02310379736632,186.19507099494206],[95.05441687687917,186.44653916031956],[94.93635972993911,186.4893055489727],[95.0350387747207,186.5817785042637],[94.82425755408325,186.6990154036144],[95.04648575438354,186.90888577599014],[95.14152750578866,187.08126644883984],[95.25092457050118,186.9820731686001],[95.29971876925768,187.11749726768693],[95.50443029580474,187.29153796836417],[95.49869564912673,187.39598041864335],[95.71014560968143,187.6548662740259],[95.86578874259797,187.6849160781059],[96.01435241457304,187.5049285054328],[96.18535414325498,187.5112878918369],[96.16916137973723,187.38680591013124],[96.27176308740954,187.36827343679082],[96.32212517240148,187.4323555517562],[96.9094863641298,187.54955308427927],[97.18828086099853,187.50842776620385],[97.34595607149467,187.60510511530802],[97.35854710786043,187.68494293448703],[97.51380795081637,187.8226232441365],[97.7324449542324,187.8109654110346],[97.97916292470607,188.0088727265179],[98.11562306847117,188.0496139995227],[98.11671321552349,187.92252751853624],[98.4593922602053,188.12419406495084],[98.57812101483553,188.1089034584696],[98.53505103082671,187.9416343513847],[98.60450809262628,187.72829904093484],[98.55953869768958,187.6539286671763],[98.61384836637461,187.3771237496773],[98.51258637900338,187.2553421643087],[98.52128134519052,187.08789127430416],[98.33830914591704,186.93095999932655],[98.19354969390747,186.64104253917407],[98.24036152724742,186.47549329372777],[98.13232482251662,186.35216911225066],[98.0807999877839,186.09409987578837],[97.97717928410421,185.95108211188915],[98.34989093002233,186.02432956324537],[98.51751486133554,185.96954952436727],[98.84189001538562,185.99318224035773],[98.90545819264788,186.04944595043125],[99.09429087980105,185.9288933420332],[99.12385496729709,185.83631114379136],[99.19055543702332,185.79203321150578],[99.21138353389549,185.8201061584774],[99.31693537202261,185.8309474413885],[99.30381649059362,185.7758972673886],[99.38184352344273,185.77660173543805],[99.31040543109354,185.72370058665285],[99.36840826829494,185.704053342616],[99.32590814941278,185.65463099249024],[99.58830404485663,185.7048060831643],[99.5467035347873,185.67930379937272],[99.70749911533821,185.67934865501488],[99.65353377102176,185.63229900132],[99.72006944785515,185.66885013607526],[99.78619041635723,185.66428697356102],[99.7326504322935,185.61331897658616],[99.8988569238685,185.642857922123],[99.92156577228414,185.68017909775693],[100.03424147509766,185.66733914245594],[100.09987569445138,185.73970575851598],[100.1369679772411,185.74022031276652],[100.07888866347048,185.68920304534583],[100.13634400762723,185.6838902572533],[100.21855363815023,185.75045937704883],[100.14807646172022,185.66268456069463],[100.34578391799522,185.72485823602884],[100.37853394200751,185.70411038223347],[100.30629226333167,185.66251628379342],[100.35184012691296,185.62852752914367],[100.29615839506978,185.55034438512905],[100.52459587263736,185.65586089544416],[100.53352337850865,185.5887591933321],[100.38635919591147,185.50187922304215],[100.35029492433776,185.42093289263224],[100.38259220639179,185.3805869637659],[100.3387850527569,185.23670730543864],[100.62623953659828,185.15863690100008],[100.67387329947161,185.08367761985835],[100.73395874641592,185.08974318499645],[100.43037198714177,184.73149126864465],[100.4196101056506,184.6590064755477],[100.37073533200619,184.61425163698985],[100.47171449262206,184.48739413531462],[100.42702017725335,184.37454196526195],[100.52426343658654,184.24388522047093],[100.48096893830184,184.1806365102201],[100.52389577253383,184.14817540303096],[100.48402389471454,184.0474771419161],[100.5093329800894,183.88075363044524],[100.68769405027649,183.94100315445834],[100.79263227948371,183.76631833101285],[100.87932483248026,183.75291626987655],[100.85826447719955,183.66151510507845],[100.78997874424057,183.60560693134286],[100.81860480273428,183.54787732320762],[100.75080025827273,183.47447811763362],[100.73241971915122,183.3920143802228],[100.77851314015678,183.26658914743808],[100.98698229554262,183.37326185315808],[100.96484025797731,183.11755778147128],[100.87704334300898,183.01561520453257],[100.8577516717539,182.93857800278383],[100.76704388787061,182.83820888018002],[100.97580252744804,182.9703522357727],[101.03986479995925,182.91210413299186],[101.01554267398689,182.83449483712647],[100.93292426277033,182.76928860567983],[100.89959837310874,182.5861864649401],[100.85790692678653,182.52350641755345],[100.98970225430575,182.55760202102908],[100.99928873484262,182.46420414346525],[101.41530290239557,182.5824383066882],[101.38815216945495,182.4365110646083],[101.48935157135068,182.4530652813425],[101.49964046556656,182.54945073956006],[101.64654063919505,182.64889835560368],[101.6725281416053,182.74900226381703],[101.71401720943732,182.7760701739203],[101.70514659653644,182.68285221624396],[101.79047902727535,182.78633093799658],[101.82819512780982,182.7478209846213],[101.998753626928,182.82921680980573],[102.30477932433284,183.1622501820282],[102.45684048064207,183.6032857033174],[102.6849840553461,183.9557908158741],[103.2699080965426,184.6427277411888],[103.34035954179784,184.77788617886176],[103.6997447722815,185.14924053319606],[104.0342224092371,185.290934898975],[104.41477418788683,185.59336275791645],[104.80407135073649,185.84785283595582],[104.78399900123863,185.6730279698744],[104.87501333665463,185.70480804456474],[104.90705944156319,185.59626637637018],[104.0863837269443,184.9839571252309],[104.10315694503181,184.93152519333543],[104.32349285922346,184.9998112376577],[104.40974212517243,184.9857936298298],[104.40658450310295,184.9289959044965],[104.52769551902037,184.97052802689487],[104.74862339423659,185.2800493272535],[104.97287433175141,185.49329526748093],[105.41183713532735,185.7760172022903],[105.78311474487982,185.8941347943225],[105.98356323164654,185.9020362526424],[107.8002272953461,186.3015222959548],[108.5366998400119,186.51818063082462],[108.5367366118412,186.49483225613878],[108.9708009154233,186.67169419404877],[109.52911050336985,186.79932089101214],[109.7180912967003,186.77405563393148],[110.15435760264837,186.85394930286424],[110.27794133694015,186.78747887309797],[110.79236551582325,186.8661858916387],[111.11564659596382,186.85313724588752],[112.17756917425187,187.15423421864517],[112.27625196022642,187.12273777659124],[112.0827850603222,186.93582899926903],[110.93322077028316,186.12231542396768],[110.85466184566116,186.11644934460168],[110.79962829968557,186.24795295926668],[110.69758775152532,186.21854353593795],[110.66557201107422,186.17870730079184],[110.73708249341087,186.22660062281267],[110.80667178540168,186.0545362253915],[110.68299731775372,185.99258835459636],[110.60206235989767,185.86020796370116],[110.12952911470602,185.65938773786854],[109.9280738984619,185.50460497918726],[109.86963823640102,185.34007198326225],[109.20544971283793,184.9401782244156],[109.23041156550664,184.9087121212523],[108.98445780554013,184.70700673157143],[108.5190407259409,184.13342354871833],[108.32896945753437,184.04212340640092],[108.18788887149208,183.90758438573548],[107.34905206347139,183.5416304245166],[107.29721077812744,183.44560256179523],[107.48506113676109,183.27036535950225],[107.75770500137554,183.56069412157655],[108.2575592755894,183.81157899308383],[108.43427577586895,183.79279540763096],[108.93241674175633,184.17726048909884],[108.95427867093008,184.2505013845052],[109.26218990888684,184.50550861519412],[109.3655765871745,184.0095934945861],[109.49414075544468,184.00760359691753],[109.51953846819609,184.22783872430642],[109.96893665520938,184.87918165308295],[110.14770723031435,184.96209463282963],[110.20105935204036,184.90520282282398],[110.44205119827946,184.9409238046028],[110.53401093492546,185.02485338036027],[110.72468850023168,185.25632043716027],[111.06328235351852,185.49276983236234],[110.9960440835642,185.60010085578926],[111.18026522782758,185.8194025042953],[111.92032003073365,186.07126919018106],[112.14544856710356,186.07175963009925],[112.47808694058897,186.22891120159682],[113.19677361651694,186.41381225794981],[113.33866717029737,186.39042340980546],[113.15088635521097,186.23094876284867],[113.14560706160384,186.2081398752993],[113.38085733926928,186.16906584167126],[113.59796406132537,186.03268306241344],[113.50761583825413,186.12754168638187],[113.55257200439421,186.2261874285352],[114.38437678714422,186.3794862939357],[114.39093007068236,186.2621383370524],[114.53180476276295,186.35446506823615],[114.65169139588977,186.35038881237978],[115.00381296430916,186.43068471022445],[115.22373342099385,186.40014869793347],[115.76041146441187,186.54647026379257],[115.85270620096412,186.45208981687793],[115.57184079644976,186.28796698532176],[115.23139420983442,186.27830700626419],[114.91273257464294,186.2173733502407],[114.8540234326372,186.13544721689942],[114.9974829077625,186.1921582944298],[115.2879557061722,186.22622652252772],[115.76422837512605,186.30747268283932],[115.76675384266036,186.17889975240362],[115.88637538596517,186.27733312012998],[115.81635947046055,186.3345189930975],[116.11411418865899,186.43457849483133],[116.3615810355339,186.43824146535025],[116.45029260076167,186.23534126428578],[116.28231779668744,186.174124827759],[116.74113511087947,186.20729528307518],[116.81756929249784,186.28365234258462],[116.66492138039058,186.34245790357662],[116.85020726194259,186.5111549669387],[116.95593432922269,186.5099358079505],[116.8952535128109,186.53737466729046],[117.28118058252008,186.53595860767342],[117.03073240059402,186.42393396162407],[117.32020622084593,186.38990160336442],[117.3670800703072,186.47475719743454],[117.47823719483793,186.47420955967704],[117.42113824453716,186.51521526393807],[118.01400611799203,186.55182927686752],[117.87703635240405,186.46337506323331],[118.06612905974487,186.45508028202906],[118.11870427198272,186.50740861720828],[118.39533764184202,186.49817480180684],[118.33710701223205,186.41630935184185],[117.97049356543391,186.35463584117366],[118.17081431876831,186.33537814014096],[118.2662684090736,186.35142598242177],[118.53124359033646,186.4125608644005],[118.31314193229608,186.26711914132105],[118.1071688076963,186.2422621440118],[118.3106516697855,186.24297596895963],[118.31820216984232,186.1776257981349],[118.51363070960804,186.29617020434333],[118.54463952473176,186.25383775015598],[118.62433419161452,186.2406150833404],[118.88274508200492,186.2645732477657],[118.64701741654252,186.1109814520023],[118.96750799426275,186.20128801259872],[119.09577274050385,186.1791692704502],[119.45521017654545,186.33667593143136],[119.58131014379386,186.3007976518704],[119.44359375558936,186.26658620611963],[119.59412892942261,186.2108016136394],[119.51068481704904,186.1171635027173],[119.2133172373513,186.07005475026028],[119.55079422751318,186.05242593973065],[119.72736274560964,186.1870073881336],[120.26032396827111,186.35181143454886],[120.428111469113,186.33189829745106],[120.1358156760734,186.1911727248518],[120.3369601257117,186.19110368212017],[120.10416360926378,186.04623562702443],[120.340858438883,186.12021919172355],[120.43136508394619,186.1068518048616],[120.42732681635302,186.1594929285471],[120.66594393273398,186.2408814092188],[120.78041581241285,186.23665374318063],[120.59135116048687,186.03700623084782],[120.88288910973117,186.19239511144488],[121.04408879093253,186.22903198930402],[121.121372906396,186.17374877418183],[121.18892204933309,186.2771998079813],[121.37502352745979,186.25875509957564],[121.34464439845956,186.22664941441866],[121.46124576596158,186.22929458056905],[121.14726070667854,186.0786289164369],[121.20830868075575,186.06122263856975],[120.56834719236394,185.94579472095776],[120.9075200560059,185.9362930986099],[121.2818847909237,185.99950968804194],[121.18086982459432,185.9056490736184],[121.42661318458157,185.94132687065039],[121.42856085431859,185.8722914467701],[121.86221535048699,185.95902669781512],[121.84061518454678,185.86948755428426],[122.26998740170436,185.92254219808632],[122.23824534389274,185.95034749011597],[122.50848561613833,186.00803154804953],[122.39710314400341,185.93579901182522],[122.42790778147463,185.80917964847515],[122.52153859455322,185.80632674876244],[123.70732973556245,186.21942180758273],[123.49007059720051,186.20230534230976],[124.00222392200763,186.2786038204694],[124.00960028524253,186.15466428364454],[123.86050923489194,186.1693201159129],[123.46408259684618,185.89014406992584],[122.90395210990437,185.70480049104236],[123.5281522667914,185.8671221767018],[123.88795771614966,186.04237854838442],[123.8382310601175,185.91877906873123],[123.45590517533432,185.7569520989835],[123.93795659935984,185.92964110878077],[124.42071278924958,186.01923903144322],[124.10768978796888,185.88489706662233],[124.10806751395333,185.76148630447813],[123.79859307446924,185.62014998510574],[123.35457520543875,185.54216040245322],[123.15714904770212,185.42301520879417],[123.35065883954944,185.30404471622654],[122.83554284711167,185.0738869499421],[122.86843132171944,185.02297585478902],[122.53651157960675,184.92249077937976],[122.52742331498044,184.67340084625215],[122.21785005276067,184.55337789222756],[122.13752809807819,184.41963678035202],[121.56648016774881,184.25670904887428],[120.99873500953409,184.239249976081],[120.80701647189255,184.04332919931767],[121.3456982593814,184.05502453896187],[121.37928364865046,183.99681634845567],[121.02568516894142,183.84300347179146],[121.09134359578907,183.76869408256388],[120.3721571988599,183.35603886051928],[120.2265655609861,183.18551789385978],[119.97518812772472,183.12067972866691],[120.06088583466762,183.0845537052324],[119.13976352967511,182.801092730165],[118.92897995503206,182.83036401718985],[118.92168620884141,182.73094592859456],[118.41192685632558,182.4224866209005],[118.75682906608056,182.48034107221844],[118.52331193409127,182.32014216690894],[118.55863629090393,182.00131346975357],[118.12449474425898,181.9778985042288],[117.9435943066271,181.75384420121966],[117.44058592818068,181.66225902237412],[117.3693035892999,181.58688281427786],[117.32868819140717,181.65527116000675],[116.94194512454916,181.48798976209946],[116.86524718098424,181.3719752996541],[116.9686010294891,181.39372333960756],[117.04845027417551,181.19414778718732],[117.2226738733861,181.2262724412147],[117.23469841199751,181.09168444964502],[117.10534908273226,181.12774320259774],[117.1025910284377,181.05867345359133],[116.95027130096071,181.05970216897825],[116.93748578276288,180.9808768361824],[116.65141012869293,180.9271131252758],[116.76779154720391,180.82929875388507],[116.65581000223962,180.78746985642312],[116.78017897790038,180.7502335120658],[116.72861572807486,180.6528190637135],[116.62015141580343,180.65548038664144],[116.49624854410271,180.37848738469765],[116.3057713438069,180.3442014956056],[116.28924706850904,180.27426522437645],[116.04256718800292,180.2749415815445],[116.19749870255464,180.21622013498663],[115.8893944807723,180.10507110857026],[115.96475675379568,180.09460678338567],[115.67878025315474,180.01744450006737],[115.60187073283447,179.86981675052974],[114.84903859913555,179.71888485131598],[114.78425537916084,179.4975702766845],[114.66834985218823,179.50436880792722],[114.65066614064317,179.4093802310289],[114.27113769561954,179.31250479742152],[114.12838199244275,179.1116857448378],[114.20544961710834,179.06434306020674],[113.84986118530547,178.6425003356191],[113.51887459257306,178.56465787965797],[113.26831190210083,178.3699957047687],[112.61586021146711,178.21939465657758],[112.47583031783118,178.09556139581028],[112.47347275846421,177.919219205871],[112.35895995077705,177.90888743310154],[112.30850982999091,177.7587674602612],[111.82781006719867,177.59044810750802],[111.8055192504111,177.49491579036228],[111.29019032305581,177.0828756245837],[110.84861305890246,176.8513284381343],[110.39462936836507,176.88326288766274],[108.53965821535476,176.00806142698787],[108.12405894193054,175.63867915830764],[108.08055480430986,175.65151855319067],[108.08489242284526,175.6021930107114],[107.30074134515942,174.97850913680224],[107.60366466609233,174.89053756831538],[107.77423762902379,174.90375791343664],[108.06630137035178,175.01435872039616],[108.1771494528841,174.79999072309033],[108.63566168691301,174.66675422607779],[108.45210811048926,174.4638110215149],[108.14352260524274,174.42338956037344],[108.08816633514405,174.36715775102167],[108.05371915934118,174.199786748585],[108.14073920646767,174.04716147904864],[107.8874807418746,173.87016587575647],[107.87621964489185,173.8059789919471],[107.93604819446718,173.7992907394873],[107.95011677459429,173.72054791258725],[107.84985572015799,173.6280039520168],[107.66358361470884,173.5585603812502],[107.58517942383979,173.47779854332248],[107.5775868739886,173.29864728078752],[107.64279665876634,173.222832246767],[107.6052314185842,173.1599974933113],[107.3868326130909,173.18312917936316],[107.10091927819141,172.97465709703798],[106.93129608970578,172.7560150292147],[106.9063401970061,172.61600569585755],[106.62815684238907,172.44995761075563],[106.0745832500853,172.30529651102745],[105.56471502696641,172.02489241614114],[105.44595835069151,171.47321124051587],[105.30334972973849,171.29353485870587],[104.90844482345564,170.92681433578736],[104.86569820782516,170.79731331373517],[104.92341257070694,170.60683390203425],[105.2321462109406,170.4396371089002],[105.01766589693621,169.99672052383923],[104.6045910932364,169.4305663092066],[104.3940038003675,169.30213736221197],[104.2461566093329,169.0768646360357],[103.74961029212777,168.5683386453804],[103.55607122636867,168.5139291695865],[103.15843527792939,168.194133439811],[102.95035086793152,167.91743178556712],[102.7650667710849,167.83815859902148],[102.61715060702946,167.72951666303697],[102.55436241331398,167.59354663516405],[102.47200432341539,167.54713408490548],[102.33717953901268,167.29230447333754],[102.23251407659774,167.20990042451112],[102.20431981365098,167.09653504795463],[102.08948527289202,167.03830964424728],[101.96486119919044,166.87952430282235],[99.91932867109614,166.93252561182072],[97.58838463727567,167.10395637682103],[95.95953923893603,167.37284447759606],[95.52023748460432,167.4786699110944],[91.30716759689201,168.76694702790013],[87.86740680436671,169.94193315158026],[87.73130032192168,169.9289863375938],[87.63153319339355,170.14071764294857],[87.35605961311427,170.22535228897078],[87.24875934581826,170.32669101306894],[87.27788954287143,170.39996602309697],[86.99877490006615,170.69923612529846],[86.66826729750198,170.86474436633614],[86.64651677524171,170.96369401664822],[86.48425531794163,171.05413041662797],[86.35963141585437,171.07760378839728],[86.37764106564859,171.14363363753955],[86.32510271530816,171.2223448171285],[86.32582066864991,171.2806597277678],[86.27437643928971,171.33720937602766],[86.29793777320884,171.37563421050487],[86.25173932763028,171.42026898021578],[86.26427856796715,171.445561007489],[86.1974462605382,171.53572109621632],[86.22656304583828,171.5729973015171],[86.20383340758556,171.64661177164544],[86.2507932715053,171.75287826660954],[86.12115425606987,171.8572777392269],[86.10559185077116,171.92877610510004],[85.92961338695618,172.12219101899893],[85.74562345039418,172.54098598155855],[85.66371278749583,172.5887207130396],[85.47343201166763,172.85727588709025],[85.17559384975158,173.1164558318384],[85.09669075696942,173.18145888069054],[85.05113905780036,173.32213170544983],[84.84849856399299,173.54946585179508],[84.48641161067877,173.8450690328046],[84.29905379843045,174.1021976624792],[84.2892630059353,174.2107765820376],[84.33890571031407,174.2803196114834],[84.5808425565544,174.38891892647632],[84.65505162778278,174.56455454175548],[86.29243126810904,176.36405028732574],[86.83350609875475,176.78913653150954],[89.2629852667292,178.38746661542274],[89.91298508163206,178.86187663197262],[89.72192651796085,178.8612694288073],[90.09010123907247,179.11617573144648],[90.76802159606774,179.33582832483052],[91.1121942210516,179.54197017249084],[90.7504453417402,179.48075738177525],[90.36962735201604,179.31219181135867],[90.17739564233615,179.28399611255813],[90.10526175369077,179.2271962943475],[89.93097623406804,179.2311228014832],[89.84252848473537,179.1961591743001],[89.71054242607961,179.21341503967062],[89.41684130376964,179.11852955136584],[89.38081956827901,179.07591911073052],[89.12263796251423,179.02874868615822],[88.91004590360771,179.0343129179003],[88.89612103896125,179.07518167644807],[89.06847295550617,179.19144191590198],[89.03278259525678,179.25081687339647],[88.64945427932604,179.18716091820642],[88.62977878287401,179.2237996298413],[88.33604476910416,179.25523014084374],[88.1546517987571,179.2276272859586],[88.0617303120782,179.37700272202557],[87.94999525770712,179.3442512629606],[87.92942223851018,179.37174069638792],[87.80174575198427,179.35659178778855],[87.82229387886288,179.4124051664307],[87.71332316537836,179.38314222760215],[87.70668891767352,179.4094781010373],[87.62680278695842,179.38520711339828],[87.54890289067777,179.41295919992666],[87.51390536026794,179.38224819701722],[87.4304707640658,179.3903446186494],[87.38203152498838,179.36050213119196],[87.27310597286306,179.37383970212477],[87.23588054774272,179.34732134192691],[87.12619659357286,179.35523325519134],[87.15027188245054,179.3899811222459],[86.89686648797803,179.39523125662646],[86.82480879709641,179.43065611980379],[86.75574440096574,179.41188670708195],[86.7822975471817,179.44240624391466],[86.55467406042831,179.49399820633627],[86.33592664169119,179.45628378425874],[86.25729962133953,179.480367548267],[86.25856106766176,179.55477949078107],[86.07915603173292,179.54456036243226],[85.98519395994627,179.6237995274361],[85.64202151200416,179.65832868249615],[85.56912687249324,179.73839076841995],[85.71696373419627,179.85379987421624],[85.71564258865448,179.9082204066297],[85.56725364701433,179.9836165643733],[85.30223079797653,179.90607716852122],[85.19070270693746,179.82869430294474],[84.96027628037199,179.9322317925458],[84.78118702703787,179.91465065513484],[84.63261703963218,180.01941805080406],[84.57959621633569,180.01124905262344],[84.60911455848616,180.0813958724935],[84.52782388080425,180.16760414371294],[84.58616649266094,180.17817690589402],[84.12633368619042,180.34539083986306],[84.04566131275963,180.34593726069676],[83.89383727238294,180.43919867421795],[83.99522946924364,180.51292306236655],[84.00533357215092,180.62342802403953],[83.66876902156466,180.70218674926943],[83.79533104011459,180.97614581501477],[83.74203719425871,180.9927800145816],[83.85871765319175,181.31992639736234]]],[[[113.3881840454935,186.24116234797327],[113.2740935298782,186.19474603215085],[113.15345594428192,186.21964202427492],[113.3881840454935,186.24116234797327]]],[[[115.30472675574762,186.23446208290372],[115.00358880448528,186.19448195964415],[115.21805346393239,186.24904185272118],[115.30472675574762,186.23446208290372]]],[[[118.76181242556618,186.378806477888],[118.88706404335727,186.32193402923122],[118.62439235630305,186.24151199865221],[118.57132408956382,186.3000212841532],[118.76181242556618,186.378806477888]]],[[[116.72728786098409,186.28545032961534],[116.75009966245332,186.242449356958],[116.57788836463507,186.22709588338034],[116.72728786098409,186.28545032961534]]],[[[113.47218469502049,186.32462513362566],[113.61082163674887,186.3190894113732],[113.38878710200096,186.17245481961078],[113.47218469502049,186.32462513362566]]],[[[113.43963965128864,186.30908892574283],[113.34092558682173,186.2425922439478],[113.23668841217743,186.24461430984783],[113.43963965128864,186.30908892574283]]],[[[119.74017491806885,186.3846119426338],[119.59939475961599,186.31465784410977],[119.59081998268937,186.40066781676802],[119.74017491806885,186.3846119426338]]],[[[113.29930604612615,186.32621183109],[113.44344885065767,186.34329874740413],[113.38067595503047,186.29904116395662],[113.29930604612615,186.32621183109]]],[[[116.71584485886484,186.32010172149046],[116.73209546663702,186.2893923564992],[116.51523168125335,186.22478718730451],[116.71584485886484,186.32010172149046]]],[[[118.82883306169289,186.36610844334578],[118.82873745651504,186.41528333379313],[119.03252137392192,186.44151292747623],[119.02078760151987,186.37064242194515],[118.82883306169289,186.36610844334578]]],[[[118.16127607329395,186.3564256042889],[118.2515385955623,186.36749655885677],[118.194600059419,186.34034731262784],[118.16127607329395,186.3564256042889]]],[[[113.42101958333927,186.40523806662134],[113.45961110056682,186.39774710870563],[113.37352520219824,186.36998693809107],[113.42101958333927,186.40523806662134]]],[[[117.24775090045452,186.4029041013297],[117.21267783832138,186.42297438429588],[117.2580554358561,186.4292389595734],[117.24775090045452,186.4029041013297]]],[[[116.36692440844476,186.54620805699088],[116.48523631187254,186.49262771090508],[116.36681465915063,186.4452250525116],[116.1228912140844,186.45290666049857],[116.25515450439951,186.55355787572103],[116.36692440844476,186.54620805699088]]],[[[114.60400340952552,186.36436467889393],[114.57066279543383,186.40005393113995],[114.63407597353188,186.38092688863688],[114.74163193628954,186.3757848286507],[114.60400340952552,186.36436467889393]]],[[[114.87004426893529,186.55336771461555],[114.86448481757549,186.57407392006192],[114.99240345760006,186.56472974180204],[114.87004426893529,186.55336771461555]]],[[[115.34380366239563,186.59062327283667],[115.62595638136766,186.61964737583696],[115.5693851391915,186.5941902226577],[115.34380366239563,186.59062327283667]]],[[[104.2232483760468,185.0011714732134],[104.2225910538335,185.02908552558347],[104.54025202164269,185.2495407973995],[104.51753543903183,185.16554927862467],[104.40986498071979,185.0551594921457],[104.2232483760468,185.0011714732134]]],[[[104.54362334542161,185.25677473930563],[104.54258326848847,185.25595468103472],[104.14242493417949,184.99289372131494],[104.54362334542161,185.25677473930563]]],[[[111.09006377486661,186.96192761951312],[111.03222641932823,186.94939311739165],[111.11214050348556,186.99433088727116],[111.09006377486661,186.96192761951312]]],[[[110.5635279708383,186.85718278540037],[110.3199517251292,186.8065498882391],[110.55116922457754,186.9215567417094],[110.66097750133562,186.9278527880469],[110.5635279708383,186.85718278540037]]],[[[110.25838537083435,186.8498671991435],[110.24524528274023,186.8280886868015],[110.22133094147833,186.8323970151361],[110.25838537083435,186.8498671991435]]],[[[109.70987395500676,186.7869247757772],[109.69477561933878,186.82037540612254],[109.77164249017791,186.80610166179525],[109.70987395500676,186.7869247757772]]],[[[109.02098088853703,187.06109616665577],[109.06639449259366,187.06820191374044],[109.03269589915854,187.05284720144329],[109.02098088853703,187.06109616665577]]],[[[108.09994756877131,186.84189627892],[108.18547479967611,186.86921328154966],[108.14405184141353,186.82322853783614],[108.09994756877131,186.84189627892]]],[[[108.52901927508421,187.00361741852413],[108.69213059413909,187.05023154527245],[108.61784985531898,186.99885271082024],[108.44061969695129,186.9696792419167],[108.52901927508421,187.00361741852413]]],[[[105.33325314826914,186.1192468829141],[105.34421423275053,186.11282083005577],[105.26216026285942,186.1002553833398],[105.33325314826914,186.1192468829141]]],[[[108.74892173775443,187.1015180435118],[108.68395671747639,187.07920354781544],[108.77192966359915,187.13585747549064],[108.74892173775443,187.1015180435118]]],[[[108.80830437718944,187.14895371432016],[108.9455108660416,187.19332309058115],[108.77352310738013,187.11229512502143],[108.80830437718944,187.14895371432016]]],[[[106.68551046413184,186.62079688194592],[106.71451742530326,186.6302266497937],[106.59524404827232,186.57422868773864],[106.68551046413184,186.62079688194592]]],[[[106.8926957849869,186.63545237226532],[106.70738189129602,186.56783661937476],[107.35398180720009,186.89702169895241],[106.8926957849869,186.63545237226532]]],[[[107.27250355076626,187.15731709438197],[107.66999867161923,187.24388819740767],[107.93747162442033,187.34763731044586],[108.01951553971331,187.33142349362933],[106.91016459968463,186.76207044163488],[106.7134177362788,186.7046179397385],[107.16585995653851,187.11121389916542],[107.27250355076626,187.15731709438197]]],[[[105.72263109537661,186.31368231408536],[105.94713813324118,186.39408283371301],[106.8140166387131,186.9794899480797],[107.05086100127973,187.10825595900593],[107.06179007569091,187.06381313601486],[107.02673131003229,187.0350490315398],[106.61920122730587,186.61182891985578],[106.42724348579418,186.50009570391393],[106.1071102850895,186.37411211436807],[105.93173601640632,186.2484212442653],[105.69425856980831,186.23265323172592],[105.72263109537661,186.31368231408536]]],[[[107.00445804844394,187.00924762706848],[107.06325133090485,187.0629094723656],[107.13864858685238,187.14933680340872],[107.24755747125414,187.1692809297447],[107.00445804844394,187.00924762706848]]],[[[107.07113318900102,187.10984329819684],[107.11200344974819,187.14339926286328],[107.07959789966719,187.10240803295162],[107.07113318900102,187.10984329819684]]],[[[107.3427693997721,187.2159651749733],[107.42290677631385,187.23920892661283],[107.29916281088005,187.18199193811853],[107.3427693997721,187.2159651749733]]],[[[107.56890742109331,187.2611241604519],[107.55692277550149,187.26382163072446],[107.62800200829162,187.29086638914214],[107.56890742109331,187.2611241604519]]],[[[107.96910525106449,187.3650099384357],[107.93121599674377,187.34801113035059],[107.90033257341537,187.344976278088],[107.96910525106449,187.3650099384357]]],[[[104.89478793311775,185.74455672285842],[104.90088719260214,185.73511487558363],[104.82940879886937,185.72255419827258],[104.89478793311775,185.74455672285842]]],[[[105.34290978991737,185.89496323246482],[105.39569000063126,185.8980117290256],[105.36714138418964,185.8744029096419],[105.34290978991737,185.89496323246482]]],[[[105.32477466367075,185.89028705757414],[105.17550797520057,185.88399612878771],[105.33470100791463,185.97549632450614],[105.67242971380769,186.0365788988538],[105.59510699491545,185.95430201816345],[105.38099094962783,185.87848670273206],[105.40812549438542,185.90672320211706],[105.35695290390164,185.90441027883358],[105.32477466367075,185.89028705757414]]],[[[106.14921633550696,186.03071086249724],[106.20140944842845,186.0652601882146],[106.2286133530908,186.06276131121297],[106.14921633550696,186.03071086249724]]],[[[105.51873020144353,185.8537679791105],[105.46991029254251,185.84430506093724],[105.73803388712376,185.95990082959412],[105.70830648202983,185.90970441697135],[105.51873020144353,185.8537679791105]]],[[[107.90252379427746,186.64336134739366],[108.60520278709502,186.9059013483099],[109.16887376069508,187.0029579188936],[109.1631919776502,186.89502192432167],[108.71479039248288,186.68915870123374],[107.6987803447806,186.4152724639127],[107.4235759104557,186.40744818737022],[107.90252379427746,186.64336134739366]]],[[[104.94551536351315,185.68008531939054],[104.94614214977899,185.70614018668564],[105.09906038671396,185.75531008125256],[104.95781952700148,185.65565348823515],[104.94551536351315,185.68008531939054]]],[[[104.92865311254852,185.70764159316468],[104.92758416063464,185.66432175907593],[104.90996059581974,185.70125522578587],[104.92865311254852,185.70764159316468]]],[[[104.93878894078922,185.73425374456576],[105.0553634681093,185.77486173777424],[105.06225181154792,185.75186736080133],[104.93878894078922,185.73425374456576]]],[[[104.98994645466803,185.8690315287636],[104.96688088300394,185.8683719831662],[105.00645431563504,185.90113690161195],[104.98994645466803,185.8690315287636]]],[[[105.11306838218579,185.90940962367785],[105.14963620297544,186.00974298667188],[105.38593475945999,186.1295102074411],[105.68195979333518,186.1879930276993],[105.80325048227752,186.16792378109372],[105.64434254163432,185.9944695359864],[105.67447063683878,186.03836818436696],[105.32895971665658,185.9768408940427],[105.13956366026326,185.87040817300038],[105.11306838218579,185.90940962367785]]],[[[106.93744001717012,186.35730166250295],[106.83069838779528,186.36071440473847],[105.96241900429254,186.1121330704937],[106.00090554185851,186.23640093295782],[106.14812710407458,186.36459490041025],[106.6144880316512,186.53734827117478],[106.81191964337891,186.5779931015278],[107.52862461691741,186.9155114618294],[107.8864824158109,186.97757769121375],[107.76869180514043,186.88800558237375],[107.97136808037908,186.96763667078375],[107.91924190858751,186.98800026203332],[109.07552108046377,187.3770366605503],[109.20821043563902,187.3821679140366],[109.1096568413407,187.29914833161456],[107.73053806401103,186.67539591131333],[106.90949751136989,186.27794605219538],[106.93744001717012,186.35730166250295]]],[[[113.64919588195647,186.32259566175986],[113.5938809689512,186.36216089373744],[114.02068498928587,186.4691163733694],[114.30300829616966,186.38964225485805],[113.57369192634971,186.24354865158082],[113.64919588195647,186.32259566175986]]],[[[114.73643073780367,186.45889415313152],[114.82508830423434,186.48645687189162],[114.68310665621541,186.4276274253558],[114.66609645361726,186.48096151420944],[114.73643073780367,186.45889415313152]]],[[[114.27176680150933,186.40631181794208],[114.13757522113036,186.49932378909412],[114.49999599665686,186.52722331603127],[114.5313363644008,186.46363641283395],[114.27176680150933,186.40631181794208]]],[[[114.63195499781062,186.38435728923412],[115.00345771210493,186.5211877824734],[115.01999306594686,186.45610158340529],[114.63195499781062,186.38435728923412]]],[[[114.58564948161322,186.566031539739],[114.25343217434133,186.51348967170426],[114.21277156974779,186.57526139140262],[114.58564948161322,186.566031539739]]],[[[115.16151900159274,186.50472749082058],[115.18072846672922,186.57258147071533],[115.6372216296345,186.57574515810728],[115.25262289256497,186.4158718090483],[115.0773367918897,186.44604412878368],[115.16151900159274,186.50472749082058]]],[[[114.80597630766061,186.50806744878628],[114.89549889160794,186.50853537815564],[114.82959656406075,186.49055832049044],[114.80597630766061,186.50806744878628]]],[[[114.82228811863804,186.51870603202488],[114.7472660441545,186.520604496427],[114.84394488764143,186.53986388065857],[114.82228811863804,186.51870603202488]]]]}},{"type":"Feature","properties":{"Level":"ADM1","shapeGroup":"BRA","shapeID":"BRA-ADM1-79741978B42117141","shapeISO":"BR-RS","shapeName":"Rio Grande do Sul","shapeType":"ADM1"},"geometry":{"type":"MultiPolygon","coordinates":[[[[98.24990110364948,84.01188839051694],[98.42733007854662,84.0516676273559],[98.61114466545801,83.64549721700106],[98.82452502976426,83.72462455266945],[99.0542610306561,83.205267033898],[99.28188247928483,83.38329012385196],[99.6167435822986,83.00406348524729],[99.45877720419084,83.54886509352544],[99.67426918743794,83.28264378139671],[99.9491480517063,83.5422958913193],[100.3670274334422,83.11561637010898],[100.4475063690009,82.52984861358087],[100.80317230056025,82.63751279516738],[101.05507824684278,82.36480674229145],[101.1228951277123,82.66551661962116],[101.34624152239611,82.30160139019682],[101.57750258557448,82.32458743552351],[101.44877468187732,82.68946461955126],[101.55919324892898,82.79914281143238],[101.71291016078355,82.65386015079478],[101.77525421047756,82.20771719880248],[101.88542227026855,82.31344726753815],[102.12950660029495,81.62505626881038],[102.13132706789763,81.99144517584068],[102.30994848036698,81.68323524508935],[102.65177644524005,81.69641930161494],[102.77109851496998,81.39310762086242],[103.15508792377707,81.13454939681762],[103.3099353034176,80.6873565224706],[103.45609944877894,80.74593732602561],[103.62073392521366,80.33421185635294],[103.70476750894792,80.60418619390083],[103.80799205221993,80.388584227451],[104.2288250332798,80.27149104831153],[104.3302977683642,80.02609132073766],[104.62088212599056,79.82100896363265],[104.55898398317757,80.04800967146261],[104.71968172366252,80.08427935064934],[104.80937295940547,79.65744237797824],[105.06520565790032,79.2798601893918],[105.0044449792181,79.61542807400804],[105.18170339380151,79.11584119557227],[105.29388227355568,79.15266727935992],[105.62511946395318,78.76777840044764],[105.46446786978716,79.23499895499955],[105.86284364580696,78.94643127765534],[105.66849808880812,78.89096781676764],[106.04954374910669,78.4020136362676],[106.25548492144947,78.71477658815505],[106.31536074346589,78.38734496854397],[106.55825147266839,78.32833786004281],[106.67264307851731,77.96562961791429],[107.14674637906856,77.73717489316607],[107.12958771548776,77.53337408960284],[107.54069795454342,77.05714512112492],[107.25186566450087,77.21392476994018],[107.68528761758893,76.63816711078039],[107.6338548457007,76.37863539360603],[107.84839293386018,76.36967010034718],[108.1458824583252,75.70610350583566],[108.07289291763092,76.03969172815943],[108.2612766312329,75.8901645207723],[108.31693540553408,75.52594367195287],[108.68399292170665,75.23854705123259],[108.5422083182322,75.62811444257164],[108.79514620458889,75.46744245288863],[109.01501783862527,75.10901398287783],[109.09292873412204,75.31145077968107],[109.44648689486039,74.7437383654694],[109.50567529489348,74.94435018586097],[109.59844744208763,74.47483449029949],[109.88648514660997,74.35902171596221],[109.89347408573255,74.06048901174846],[110.03480368176109,73.82525388777803],[110.09419495331066,73.97511433750148],[110.43379583347644,73.75069651260614],[110.89903727773074,72.7723826772445],[111.14290347241601,72.84425403968444],[111.30289849585601,72.4303521422838],[111.72479713572855,72.13258269969279],[111.83928466475939,71.81973320169074],[112.08467010277438,71.68204124996215],[112.45918894207158,71.19455235575464],[113.25783144342935,70.68326756154998],[113.36435971334686,70.47259335130823],[113.5429172120253,70.4240477121973],[113.93935180123404,70.02047222628146],[113.98890304103925,69.81602984175272],[114.36162742966941,69.51048890526903],[114.49844235361846,69.2382629271209],[114.75806761986499,69.21625257417953],[115.27683076122503,68.76845698860706],[115.39155094317698,68.44004456698269],[115.77548447105328,68.03029047446441],[115.66827819030148,67.78639386605417],[116.01317950665678,67.24794199273482],[116.15907872803479,67.30634877851355],[116.52457201328588,66.93769089391495],[116.60064131042117,66.52765897644235],[116.71776771375049,66.5166128730829],[116.90721376466198,66.05347655211341],[117.34120035947407,65.65187233742485],[118.0623817782268,64.485603654686],[118.27459577132223,64.4406113294691],[118.82022019863014,63.87019246428299],[118.79640670760442,64.03390466077205],[120.02685475760495,63.24750565925177],[120.05567696795471,63.36926721251315],[120.35661219199345,63.04534282757125],[120.43755699918322,63.161481475978],[120.84034318083417,62.9022750219443],[120.96965768929039,62.995447719734926],[121.20683202221814,62.743391922238594],[121.35019245675521,62.78371538832934],[121.8505990062267,62.35269430361146],[121.66640986531515,62.605172190587524],[121.84962815973697,62.68481993531519],[121.91849610501181,62.43580783632419],[122.68089907832352,62.180394088807056],[123.07073690250681,62.22047534843927],[123.34220406723156,61.94302695185622],[123.35238589447596,62.05272447169649],[123.7338820738948,61.932226812272525],[123.64181306337707,62.01946905580404],[123.94231558073575,61.94390942396028],[123.9367955452516,61.74436695434662],[124.17452943328873,61.6460175755678],[124.37969158649226,61.71357270778437],[124.54171757151444,61.556802491155175],[124.72879919517723,61.65392792794737],[124.78213840148199,61.4670949255841],[124.93812440781203,61.45396217554756],[124.96443361036712,61.212519604071225],[125.50873008808176,60.75525185806678],[124.8062127606847,60.89611297515458],[124.73759157186133,60.98822131726505],[124.4086827126438,60.65801223107124],[124.22046830690148,60.71961123940998],[124.07350254295201,60.57069130522228],[124.09769004946277,60.67884420300215],[123.7015426284675,60.763694627496484],[123.81924193064906,60.65419414717973],[123.55536842642988,60.60538819159202],[123.82217161872839,59.697791815308754],[124.01236594956943,59.61828032217308],[123.81991200030083,59.426925305368954],[124.0181834514674,59.37136480912661],[123.68134270136481,59.27916221237527],[123.90047180943986,59.21644680297039],[123.92002030278391,58.9855389307639],[123.66360725478845,59.0108935971741],[123.5782817381586,58.810854748385864],[123.11438487406211,58.884934429202325],[123.08791562874039,58.71340569556014],[122.76667569537256,58.972650960681385],[122.76803301694436,58.609721209579575],[123.45747736018846,58.23861753658525],[122.97796207853462,58.645478249079076],[123.98467147707892,58.600746527389944],[124.70510746358575,58.25869622299809],[124.82320519217876,58.04201380496038],[125.76726030324723,57.60798569720064],[124.49249020912667,56.75176122190037],[123.81020089139052,56.010853659647424],[123.13256417356571,54.61579034459931],[122.75463726436762,54.09275609491858],[120.5674045461114,52.842735803139725],[119.06241266189997,52.064682759721826],[118.49405138670735,51.73208466007754],[117.50820853509224,51.395034215566376],[116.04991166626283,51.13485877526868],[115.04359454706453,50.575570452489934],[115.10081170987944,50.39585440238914],[114.96054121895993,50.53076412601815],[114.32658583609592,50.270526203175606],[113.94774893084126,49.66564237741681],[113.75864235755493,48.42983369140307],[113.42129818066859,47.741016957715075],[112.96594332103398,47.29608989010936],[110.74723883728424,46.263133559489],[110.53857868877229,46.348870809381836],[110.47042173801033,46.52603774310639],[110.0911574529923,46.64468258003615],[110.07136773632287,47.18205854596155],[110.31563060908282,47.0171034868277],[110.3620030317923,47.458985319578964],[110.04354944778792,48.17107763160402],[110.12856941276647,48.489820541725386],[110.21095020132056,48.441111450963305],[110.4877356354294,48.65364816987074],[110.77617169332771,48.47361452907718],[111.0777281441194,48.80780171077667],[111.02030581989733,49.418330626740044],[111.0998257284406,49.45822460820604],[111.33999658697046,49.24731080727031],[111.53641130265481,49.40233420180987],[111.76389315146156,49.09687262629321],[112.24500337092542,48.70950266029275],[112.70923475755093,48.70929063682331],[113.10703003555106,49.71814877411118],[112.2740045485723,50.91733213817928],[112.31770940156636,51.530576054925376],[111.88620504756068,51.67906097312468],[111.75151763046247,50.99843137114553],[111.93910110847224,50.75811856805177],[112.22384921843147,50.66914057180752],[112.08354989293721,50.43702781583527],[111.35632982625228,50.52654392866013],[111.37418934766539,50.095134405439346],[111.12836640251945,50.101694071987616],[111.10116516291862,49.97592039953715],[110.41113577318711,50.311084057790524],[110.32021080378341,50.4433293345874],[110.149893615321,50.444835965416786],[109.7081855507333,50.813424160441826],[109.66281739849421,50.7578892704958],[109.12403951667628,51.3863190812649],[108.89612646050844,51.43262920831796],[108.20130353123668,52.10728654480398],[108.05491552028946,52.52947980287233],[107.32328029896765,53.522692167399654],[107.36879692080505,53.595359754442924],[106.85631331722209,53.926313309211224],[106.6643543715681,54.23534140888485],[106.01639734280596,54.7186412198941],[106.03202269182742,54.78147551480056],[105.68465785178151,55.01490186875675],[105.45991366969767,54.94916870146398],[103.43430702844475,56.84136354657356],[103.34609512471015,57.12537433796904],[102.65412961293536,58.00365034957349],[101.93387078453877,58.439551387620924],[101.62767503446054,58.491351496804015],[101.31741396224044,58.90964779414118],[101.12623599343354,58.97101211850307],[100.74415210605535,59.612151482528446],[100.62744402877154,59.659554574113024],[100.53681251652364,59.42719629890434],[99.78450074154948,60.11419465631265],[99.72319665673427,60.34743899533158],[99.59226395993797,60.463854266632865],[99.51450969855425,60.715693631068916],[99.32557255648302,60.85807891256184],[99.31700316537044,61.062910510872406],[99.17604401799503,61.240532074344245],[99.1767293513768,61.3535010314502],[98.83154149564494,61.665096993556816],[98.84656700628659,61.75889307366624],[98.1423507196852,62.72592455243385],[97.88059412085849,62.74365134572399],[97.98972188587871,62.480974153919746],[97.948268204896,62.31385022916052],[97.741042201233,62.450448215924766],[97.60098337049678,62.20242679892619],[97.27360399301806,62.09636046929429],[96.84086577765801,62.286288149373036],[96.67474074596487,63.34627232693489],[96.47557764296737,63.76495573104141],[96.05914314977922,64.1681602287685],[95.66519887790814,64.93655306865448],[95.5681945714756,64.96127153412054],[95.4949777111051,65.12929665143037],[95.3663209400017,65.16342129841911],[95.19597211449442,65.53938841140035],[95.05190020782877,65.57802463604526],[94.74957179405331,65.92653404180788],[94.68926669554187,66.13734674318296],[94.51944080434467,66.2855013934443],[94.37711868148523,66.58075904220647],[94.28761111876717,66.55260970369292],[93.98873269025754,66.96476128173916],[93.99464514392214,67.0941119630461],[93.66842377037767,67.32262188486251],[93.65477895376247,67.48328509872783],[93.41670478430106,67.77149184435936],[93.43511264844662,67.84928570543674],[93.26391116190175,67.92593498738174],[93.17924077398474,68.12201000201675],[92.90581768497026,68.29500309398256],[92.73635601350176,68.70082462687762],[92.4743616702028,68.89617523173034],[92.44268786476223,68.78215945524337],[92.09207582915467,68.97857452465156],[91.87398689074232,68.8776113550585],[91.91958138592885,68.77435734839838],[91.82973519540745,68.37941942040139],[91.90246557557494,68.16141906302698],[91.80468359375699,67.92466644197103],[91.680973740466,67.9366662281919],[91.64264502771306,68.05591843338105],[91.5893032643067,67.93649287763515],[91.49317924189127,68.13472722632254],[91.21333452982648,68.00511172002551],[91.20796612645955,68.11491976612362],[91.00512327005583,68.20656664303866],[90.9892774988931,68.11158546633027],[90.7794256332117,68.35061716426098],[90.77389295209588,68.54695417679989],[90.50553040593977,68.81445255662099],[90.66287426759507,68.78986637268898],[90.8818420199976,69.0628922289956],[90.95970493522026,69.56494794610437],[91.11833565344685,69.79271229929383],[91.012636722194,70.52922451853652],[91.17115592078628,71.08111046654716],[91.44482983059967,71.09771010776126],[91.71777831284814,71.79835901548503],[91.67136058013392,72.02109609602469],[91.95380706495727,72.64983409601841],[91.98897189192965,73.28823284231964],[92.1685309556375,73.32519791532557],[92.23292871392212,74.68273472858115],[92.7048850495879,74.76426401207287],[92.71744543621945,75.11081887322695],[92.64998459795147,75.22713987726083],[92.68883778391496,75.53491704452911],[92.87834999874052,75.7735309625919],[92.77788497026971,76.36624337648185],[93.09434657635782,76.4931786484594],[93.17203410609237,76.88768188752492],[93.44986903745523,77.27488028870876],[93.30482503063267,77.71896530407149],[93.34540156190911,77.90912556681279],[93.68313167549435,77.95127110670535],[93.54333234509521,78.36062820162789],[93.56433165437663,78.65160631567788],[94.03977777905038,78.32774205792208],[94.19858453523362,78.0044046826678],[94.17672913691983,78.57101616686805],[93.73517703252543,79.24121180268756],[94.09965521755184,79.5706187515664],[94.06031786680452,79.95965998306707],[94.28343941989115,79.54539883658157],[94.337779091452,80.1017751899669],[94.52763161892582,79.88291811699898],[94.64630139163525,80.28835954291443],[94.50804599542441,80.63784034271144],[94.62163590392876,80.6775142261169],[94.5922948097105,80.99053033152367],[94.78545559253203,80.88884868855695],[94.88091895053367,81.34315659793678],[95.13718071759574,80.95908131536838],[95.13490890428949,81.30240203707932],[95.36986183028543,81.12739860393263],[95.35942825301835,81.28607586883561],[95.11753656453966,81.66402868704651],[95.18404526675624,81.80048691426418],[95.35739703771316,81.53879196892406],[95.49826816110264,81.60523177467562],[95.55737562060332,81.93192751288056],[95.41885891194528,82.58392083471946],[95.54702967551093,82.5939550097044],[95.49935469022516,83.2453447937005],[95.75429531976104,82.800519999989],[95.7761935858822,82.94764366960628],[95.99690018510825,82.7927790260978],[95.89297855636924,83.25628776750494],[96.0363000194006,82.94476811435223],[96.0988861957256,82.98314008459738],[96.0257812486621,83.532376844035],[96.33320686241971,83.04407893109439],[96.5637778821501,83.11382620161628],[96.37925149066244,83.46449694469001],[96.55562920296401,83.53254445274321],[96.90184043119342,82.93988973661146],[96.81447176884244,83.38892245407999],[97.10854649773468,82.93472021612484],[97.08553242032637,83.22818743906217],[97.23712334651887,83.24447933086935],[97.17460660231015,84.10307843016406],[97.28737702598616,83.77311615406173],[97.57595871142203,83.58784536798181],[97.67022095052303,84.17840299293167],[97.82203770669986,84.08153165413492],[97.8104948531948,84.41333412858151],[97.96489031409882,84.14123411273268],[98.02703391586947,84.44902900065854],[98.24990110364948,84.01188839051694]]]]}},{"type":"Feature","properties":{"Level":"ADM1","shapeGroup":"BRA","shapeID":"BRA-ADM1-79741978B59498174","shapeISO":"BR-SC","shapeName":"Santa Catarina","shapeType":"ADM1"},"geometry":{"type":"MultiPolygon","coordinates":[[[[133.45769373861108,62.41664543968249],[133.4450281187016,62.745854894697935],[133.7005033794871,62.66933208207609],[133.36402378517317,63.0651556445513],[133.74219557102887,63.11860114134396],[133.5599099772557,63.230050773073884],[133.659504976871,63.29878364935891],[133.46560896007227,63.47958682365366],[133.56440498785764,63.71787478942058],[134.23717719652063,63.55230316488638],[134.18859876350567,63.69238425120575],[134.7940578826982,63.23618159514585],[134.35588431393666,62.907518311655735],[134.50131840601392,62.72734185777155],[133.9053945088383,62.16308149619134],[134.12944890849687,62.0121324415728],[133.98454892782408,61.92089635893505],[133.878112503819,62.00888641510605],[133.59347124624318,61.86167303545002],[133.45769373861108,62.41664543968249]]],[[[134.68697579876107,63.92336104971729],[134.5808406376126,64.07730620929262],[134.6451555771884,64.06015502825315],[134.68697579876107,63.92336104971729]]],[[[125.76726030324723,57.60798569720064],[124.82320519217876,58.04201380496038],[124.70510746358575,58.25869622299809],[123.98467147707892,58.600746527389944],[122.97796207853462,58.645478249079076],[123.45747736018846,58.23861753658525],[122.76803301694436,58.609721209579575],[122.76667569537256,58.972650960681385],[123.08791562874039,58.71340569556014],[123.11438487406211,58.884934429202325],[123.5782817381586,58.810854748385864],[123.66360725478845,59.0108935971741],[123.92002030278391,58.9855389307639],[123.90047180943986,59.21644680297039],[123.68134270136481,59.27916221237527],[124.0181834514674,59.37136480912661],[123.81991200030083,59.426925305368954],[124.01236594956943,59.61828032217308],[123.82217161872839,59.697791815308754],[123.55536842642988,60.60538819159202],[123.81924193064906,60.65419414717973],[123.7015426284675,60.763694627496484],[124.09769004946277,60.67884420300215],[124.07350254295201,60.57069130522228],[124.22046830690148,60.71961123940998],[124.4086827126438,60.65801223107124],[124.73759157186133,60.98822131726505],[124.8062127606847,60.89611297515458],[125.50873008808176,60.75525185806678],[124.96443361036712,61.212519604071225],[124.93812440781203,61.45396217554756],[124.78213840148199,61.4670949255841],[124.72879919517723,61.65392792794737],[124.54171757151444,61.556802491155175],[124.37969158649226,61.71357270778437],[124.17452943328873,61.6460175755678],[123.9367955452516,61.74436695434662],[123.94231558073575,61.94390942396028],[123.64181306337707,62.01946905580404],[123.7338820738948,61.932226812272525],[123.35238589447596,62.05272447169649],[123.34220406723156,61.94302695185622],[123.07073690250681,62.22047534843927],[122.68089907832352,62.180394088807056],[121.91849610501181,62.43580783632419],[121.84962815973697,62.68481993531519],[121.66640986531515,62.605172190587524],[121.8505990062267,62.35269430361146],[121.35019245675521,62.78371538832934],[121.20683202221814,62.743391922238594],[120.96965768929039,62.995447719734926],[120.84034318083417,62.9022750219443],[120.43755699918322,63.161481475978],[120.35661219199345,63.04534282757125],[120.05567696795471,63.36926721251315],[120.02685475760495,63.24750565925177],[118.79640670760442,64.03390466077205],[118.82022019863014,63.87019246428299],[118.27459577132223,64.4406113294691],[118.0623817782268,64.485603654686],[117.34120035947407,65.65187233742485],[116.90721376466198,66.05347655211341],[116.71776771375049,66.5166128730829],[116.60064131042117,66.52765897644235],[116.52457201328588,66.93769089391495],[116.15907872803479,67.30634877851355],[116.01317950665678,67.24794199273482],[115.66827819030148,67.78639386605417],[115.77548447105328,68.03029047446441],[115.39155094317698,68.44004456698269],[115.27683076122503,68.76845698860706],[114.75806761986499,69.21625257417953],[114.49844235361846,69.2382629271209],[114.36162742966941,69.51048890526903],[113.98890304103925,69.81602984175272],[113.93935180123404,70.02047222628146],[113.5429172120253,70.4240477121973],[113.36435971334686,70.47259335130823],[113.25783144342935,70.68326756154998],[112.45918894207158,71.19455235575464],[112.08467010277438,71.68204124996215],[111.83928466475939,71.81973320169074],[111.72479713572855,72.13258269969279],[111.30289849585601,72.4303521422838],[111.14290347241601,72.84425403968444],[110.89903727773074,72.7723826772445],[110.43379583347644,73.75069651260614],[110.09419495331066,73.97511433750148],[110.03480368176109,73.82525388777803],[109.89347408573255,74.06048901174846],[109.88648514660997,74.35902171596221],[109.59844744208763,74.47483449029949],[109.50567529489348,74.94435018586097],[109.44648689486039,74.7437383654694],[109.09292873412204,75.31145077968107],[109.01501783862527,75.10901398287783],[108.79514620458889,75.46744245288863],[108.5422083182322,75.62811444257164],[108.68399292170665,75.23854705123259],[108.31693540553408,75.52594367195287],[108.2612766312329,75.8901645207723],[108.07289291763092,76.03969172815943],[108.1458824583252,75.70610350583566],[107.84839293386018,76.36967010034718],[107.6338548457007,76.37863539360603],[107.68528761758893,76.63816711078039],[107.25186566450087,77.21392476994018],[107.54069795454342,77.05714512112492],[107.12958771548776,77.53337408960284],[107.14674637906856,77.73717489316607],[106.67264307851731,77.96562961791429],[106.55825147266839,78.32833786004281],[106.31536074346589,78.38734496854397],[106.25548492144947,78.71477658815505],[106.04954374910669,78.4020136362676],[105.66849808880812,78.89096781676764],[105.86284364580696,78.94643127765534],[105.46446786978716,79.23499895499955],[105.62511946395318,78.76777840044764],[105.29388227355568,79.15266727935992],[105.18170339380151,79.11584119557227],[105.0044449792181,79.61542807400804],[105.06520565790032,79.2798601893918],[104.80937295940547,79.65744237797824],[104.71968172366252,80.08427935064934],[104.55898398317757,80.04800967146261],[104.62088212599056,79.82100896363265],[104.3302977683642,80.02609132073766],[104.2288250332798,80.27149104831153],[103.80799205221993,80.388584227451],[103.70476750894792,80.60418619390083],[103.62073392521366,80.33421185635294],[103.45609944877894,80.74593732602561],[103.3099353034176,80.6873565224706],[103.15508792377707,81.13454939681762],[102.77109851496998,81.39310762086242],[102.65177644524005,81.69641930161494],[102.30994848036698,81.68323524508935],[102.13132706789763,81.99144517584068],[102.12950660029495,81.62505626881038],[101.88542227026855,82.31344726753815],[101.77525421047756,82.20771719880248],[101.71291016078355,82.65386015079478],[101.55919324892898,82.79914281143238],[101.44877468187732,82.68946461955126],[101.57750258557448,82.32458743552351],[101.34624152239611,82.30160139019682],[101.1228951277123,82.66551661962116],[101.05507824684278,82.36480674229145],[100.80317230056025,82.63751279516738],[100.4475063690009,82.52984861358087],[100.3670274334422,83.11561637010898],[99.9491480517063,83.5422958913193],[99.67426918743794,83.28264378139671],[99.45877720419084,83.54886509352544],[99.6167435822986,83.00406348524729],[99.28188247928483,83.38329012385196],[99.0542610306561,83.205267033898],[98.82452502976426,83.72462455266945],[98.61114466545801,83.64549721700106],[98.42733007854662,84.0516676273559],[98.24990110364948,84.01188839051694],[98.3331922829419,84.19626740757994],[98.21346373633489,84.50877877356639],[98.36972235498007,84.41951341072212],[98.226906761041,84.67502869266016],[98.18285019407217,84.97254288094173],[98.37105295269654,84.7125274407788],[98.24493559966903,85.03003527463132],[98.37491248214792,84.91108989398631],[98.27983531665842,85.13509179185051],[98.39372663363652,85.07602572414672],[98.43386581055647,85.85397255652111],[98.33932893138162,85.97017030094271],[98.4324456933996,86.08719144438636],[98.23810124689058,86.41328493396585],[98.1071012858137,86.85970584164872],[98.02466709461378,86.92745390860873],[98.07117416635263,87.03488193248472],[97.90291864845233,87.38102329916055],[97.98415852669275,87.79907278930753],[97.84771601870327,87.9935045663673],[97.92122423373459,88.11786430807572],[97.82971016631396,88.98556509150829],[97.91969348861491,89.40743223090473],[97.8288795688429,89.87975280343807],[97.97688514245466,90.77852642249215],[98.14910276703151,90.59789579762074],[98.26141415067599,90.27794020992057],[98.45738766997033,90.07281737358078],[98.64114087320004,90.18105017365532],[98.83837597657487,90.23956870244275],[99.22772538925057,89.89965070310258],[99.32043900716666,89.55179514913127],[100.08700642549965,88.27248559900889],[100.50068120798565,88.30893399732369],[101.86188797366891,87.36073702900188],[102.33707489597667,86.61923672333312],[102.63121433397475,86.54190729605887],[103.00070617998864,86.06358446533613],[103.29205625070138,85.96870662301703],[104.22894796913633,85.2628429235458],[104.4926410024421,85.24084731826045],[105.10495315214695,84.69407236837165],[105.32095636769382,84.35449581501103],[106.45733794470505,83.42796918436756],[106.66244976642083,83.22036543493594],[107.69566176732042,82.80967318028621],[107.88110992480284,82.51552515042786],[108.56489559471208,82.24071251061156],[108.86711030245047,81.8330724624243],[109.4378845377797,80.86517714717682],[109.32389293274673,81.18779115577206],[110.2223322501271,80.94505499836097],[110.24655097169536,81.32854226954467],[109.73629113146104,82.13154519588731],[109.77413348990052,82.3201158824563],[109.37868018980745,82.79813723142416],[109.64265740436787,83.38709346860702],[110.23399501609536,83.19667881138284],[110.23508055539742,83.4411765068572],[110.74394049078131,83.10389537908654],[111.26971556969038,82.52370110652164],[111.11268456853348,82.84594005199317],[111.56730629488365,82.27768867489755],[111.59088112355415,82.51753814662894],[111.90240153367562,82.17857201855739],[112.25820742363847,82.22603546674573],[112.44373777516759,81.95930029000965],[112.5989657156876,81.89727332021465],[112.37275837316476,82.2531882864222],[112.62460870407048,82.48914627272742],[112.4852273308593,82.9256622223388],[112.96665548058628,82.66918936709388],[112.6673192775651,82.92127606502459],[112.63255775556091,83.16394815301959],[112.89876567136164,82.81946099716332],[113.35025979490791,82.65144908674236],[114.28194439003067,81.83047688584838],[115.06090623622504,81.08551997448038],[114.75452357627915,81.53466828541089],[115.12386910792392,81.58802820112385],[115.85143820742049,80.89233842013267],[115.91374729319355,81.00345450377435],[115.63717187064928,81.2795754602974],[115.91736286577708,81.11621660964673],[115.96348670837327,80.96025104008655],[116.26791660378373,80.7116454992206],[116.36278210785471,80.81374427377673],[117.1775327030687,80.153184167958],[116.95619823452184,80.47079294850128],[117.3781080255521,80.17132397158876],[117.55146873151442,79.84231428116607],[117.53434790715356,80.08621037719267],[118.35338979181091,79.45408163570549],[118.9684106303886,78.71859601296116],[119.98533267488222,77.85228332600795],[120.05921264169346,77.68948273683759],[120.11858309527217,77.7272793342692],[120.82310179466273,77.04958713421273],[121.71371448459,76.38036312216484],[122.17795334117197,76.23012058478263],[122.24966184270427,76.45744372097883],[122.96426977195108,76.06968425427739],[123.74952845116678,76.27258811185811],[124.67057486443292,75.8822107358609],[124.9637604583758,75.65848043692131],[125.70723278461371,75.19274983800891],[126.20090588871165,75.11476483719126],[127.46253144507756,74.51392993564264],[129.2605365210799,73.50939142053662],[129.44066711455588,73.52442982907391],[129.62057946423877,73.32650821388707],[130.0030568661956,73.1365985832372],[130.16265870972626,72.61201697806104],[130.69327143537186,71.66066214484437],[130.33931888427526,71.85645788508398],[129.8130263525898,71.81617647328932],[129.1617823318311,72.33278995682822],[129.40060865757835,71.84668389005192],[129.07177484646957,72.07595451236332],[128.99625297482103,72.03602309153284],[129.25215706782947,71.91808224310003],[129.83325972126224,71.23181951164375],[130.88433452751582,70.28536163382826],[131.27319180823935,69.63250977000587],[130.96778076284173,69.2513705055833],[131.03829807894311,68.49356341139341],[131.3394462979765,67.89666238960535],[132.27310593969392,67.23381193121845],[132.01402229899082,67.2092707743809],[132.08643794615992,66.98487201661197],[132.1703412014677,66.36581255669584],[132.68361142143,66.00199627928625],[132.48852944542605,65.66186447292448],[133.00804005536187,65.21214956970242],[133.3189949549875,65.25869808918556],[133.63328746347332,65.01543064511365],[133.4642039752792,65.00491555917566],[133.57248802163394,64.77189520091024],[133.37385473593855,64.8212925276952],[133.44307823675388,64.88467683581834],[133.15666896128425,65.05229268580176],[132.65824807348764,65.0687419146477],[132.6531504192235,64.7385514203122],[132.9276891590784,64.47970208068097],[133.23270923606393,64.46906041628452],[133.41181879569473,64.03607464689429],[133.22079722284636,64.15070462658909],[133.2181562275694,63.91524445744545],[132.7524173953015,64.01505136546756],[132.624329826851,63.809114540632855],[132.92029130894434,63.357027361629775],[133.32596197840527,63.048541430573295],[133.15066710020355,63.01243755473731],[133.06300628609256,63.11006037774369],[132.71550690798804,63.000155158987454],[133.06786569164197,62.4453449518699],[132.9825215380448,62.27663323691853],[133.08058103607547,62.126037454992556],[133.33073448379042,62.01080860360768],[133.31686114174892,61.75189761602026],[133.46770003700658,61.69453615608736],[133.1003097209978,61.498167792358196],[133.06579116330332,61.28405368437264],[133.22652790547824,61.202929222349965],[132.7655485410317,60.53949723889689],[132.87487820211396,60.40305790901216],[132.09945947004138,59.59825489060337],[132.21213639998817,59.45726549144184],[131.69967475263243,59.111352153477995],[129.31082796086525,58.94379905470592],[127.79834423121194,58.55763764847378],[125.76726030324723,57.60798569720064]]],[[[129.68790650305664,71.5163662535768],[129.4456677683836,71.76921310134429],[129.54877800563773,71.74120378642223],[129.68790650305664,71.5163662535768]]],[[[130.0754748990003,71.10180421107906],[129.97799047542338,71.22579522603002],[130.1343097370324,71.09636319292092],[130.0754748990003,71.10180421107906]]],[[[131.50115480207756,70.87080736220531],[131.69076177172172,70.76367074453293],[131.25351250087115,69.71105238491242],[130.78068901449493,70.48308828203652],[129.9074654384601,71.31339954898974],[130.39276911111054,71.54391610970227],[131.0261059175092,71.23788912033072],[130.89591793765138,71.49869536080519],[131.23169832744583,71.3859618881348],[131.50115480207756,70.87080736220531]]]]}},{"type":"Feature","properties":{"Level":"ADM1","shapeGroup":"BRA","shapeID":"BRA-ADM1-79741978B15323638","shapeISO":"BR-PR","shapeName":"Paraná","shapeType":"ADM1"},"geometry":{"type":"MultiPolygon","coordinates":[[[[129.59225517016978,75.27212271254447],[129.5095141395845,75.38438860053594],[129.70565084873346,75.30106865870796],[129.59225517016978,75.27212271254447]]],[[[129.81165726267778,75.26148305097111],[130.33549342261796,74.98227828998806],[130.11111645077258,75.08998466703893],[129.82214977510304,75.06210738472845],[129.81165726267778,75.26148305097111]]],[[[127.18821668497313,77.41443433935345],[127.19605382170982,77.35031503321338],[126.98230189646983,77.51523867258857],[127.18821668497313,77.41443433935345]]],[[[130.671839780561,75.58150910184054],[130.84591607500494,75.76282605783027],[131.5006265690002,75.46475725602235],[131.57569297131306,75.0120439574936],[131.89818328520354,74.60760109322608],[131.43336998068355,74.74578849330092],[130.90857303335352,75.16820357193365],[130.671839780561,75.58150910184054]]],[[[129.5953802993174,76.62702684970102],[129.73511560628947,76.51942101857001],[129.71913542917906,76.26019962146815],[129.5953802993174,76.62702684970102]]],[[[132.08462483300855,75.29280161474617],[133.57512436291782,74.93067128136161],[132.98727110730087,74.87251387623749],[132.1284193487634,74.46035832303312],[131.70487999452396,74.93006438537785],[131.7287352862136,75.35194812802453],[132.08462483300855,75.29280161474617]]],[[[127.59687037219135,76.89827694741282],[127.74214690677204,76.73469557290315],[127.58395170774219,76.84894692706632],[127.59687037219135,76.89827694741282]]],[[[130.9809165532845,74.96081621766089],[131.67924781498806,74.35141202328666],[131.55296256494216,74.22239297611786],[131.56081805247925,74.39928794885476],[130.5294029713672,75.16584708635048],[130.9809165532845,74.96081621766089]]],[[[129.7789690472146,75.55129844425647],[130.26543866620324,75.22747258315957],[130.30578121358775,75.09856865235466],[129.7789690472146,75.55129844425647]]],[[[130.0263635843077,75.25459162210043],[129.4191064330807,75.8130884632547],[130.3177826396342,75.06193001114858],[130.0263635843077,75.25459162210043]]],[[[130.11228216891413,76.39997218598458],[130.13094907460885,76.41572077667034],[130.27144234274155,76.26888348774597],[130.11228216891413,76.39997218598458]]],[[[129.78308171200416,76.58779661582476],[129.81573498797988,76.69034296204462],[130.12129719904394,76.42382231328956],[129.78308171200416,76.58779661582476]]],[[[130.12241802103907,76.65686669322209],[130.24270923917874,76.53200212244909],[130.093908879597,76.62403113691538],[130.12241802103907,76.65686669322209]]],[[[129.8056445703226,76.44959856503309],[129.93253066032796,76.32326783015738],[129.77015632295297,76.40454546413325],[129.8056445703226,76.44959856503309]]],[[[131.08145094564418,75.74681122539856],[131.19206407107572,75.70854557715505],[131.23422060784932,75.64448912911207],[131.08145094564418,75.74681122539856]]],[[[130.7887035937465,75.74258531958017],[130.4834544675436,75.99615982870196],[130.7443285029868,75.98528906184639],[130.7887035937465,75.74258531958017]]],[[[130.0030568661956,73.1365985832372],[129.62057946423877,73.32650821388707],[129.44066711455588,73.52442982907391],[129.2605365210799,73.50939142053662],[127.46253144507756,74.51392993564264],[126.20090588871165,75.11476483719126],[125.70723278461371,75.19274983800891],[124.9637604583758,75.65848043692131],[124.67057486443292,75.8822107358609],[123.74952845116678,76.27258811185811],[122.96426977195108,76.06968425427739],[122.24966184270427,76.45744372097883],[122.17795334117197,76.23012058478263],[121.71371448459,76.38036312216484],[120.82310179466273,77.04958713421273],[120.11858309527217,77.7272793342692],[120.05921264169346,77.68948273683759],[119.98533267488222,77.85228332600795],[118.9684106303886,78.71859601296116],[118.35338979181091,79.45408163570549],[117.53434790715356,80.08621037719267],[117.55146873151442,79.84231428116607],[117.3781080255521,80.17132397158876],[116.95619823452184,80.47079294850128],[117.1775327030687,80.153184167958],[116.36278210785471,80.81374427377673],[116.26791660378373,80.7116454992206],[115.96348670837327,80.96025104008655],[115.91736286577708,81.11621660964673],[115.63717187064928,81.2795754602974],[115.91374729319355,81.00345450377435],[115.85143820742049,80.89233842013267],[115.12386910792392,81.58802820112385],[114.75452357627915,81.53466828541089],[115.06090623622504,81.08551997448038],[114.28194439003067,81.83047688584838],[113.35025979490791,82.65144908674236],[112.89876567136164,82.81946099716332],[112.63255775556091,83.16394815301959],[112.6673192775651,82.92127606502459],[112.96665548058628,82.66918936709388],[112.4852273308593,82.9256622223388],[112.62460870407048,82.48914627272742],[112.37275837316476,82.2531882864222],[112.5989657156876,81.89727332021465],[112.44373777516759,81.95930029000965],[112.25820742363847,82.22603546674573],[111.90240153367562,82.17857201855739],[111.59088112355415,82.51753814662894],[111.56730629488365,82.27768867489755],[111.11268456853348,82.84594005199317],[111.26971556969038,82.52370110652164],[110.74394049078131,83.10389537908654],[110.23508055539742,83.4411765068572],[110.23399501609536,83.19667881138284],[109.64265740436787,83.38709346860702],[109.37868018980745,82.79813723142416],[109.77413348990052,82.3201158824563],[109.73629113146104,82.13154519588731],[110.24655097169536,81.32854226954467],[110.2223322501271,80.94505499836097],[109.32389293274673,81.18779115577206],[109.4378845377797,80.86517714717682],[108.86711030245047,81.8330724624243],[108.56489559471208,82.24071251061156],[107.88110992480284,82.51552515042786],[107.69566176732042,82.80967318028621],[106.66244976642083,83.22036543493594],[106.45733794470505,83.42796918436756],[105.32095636769382,84.35449581501103],[105.10495315214695,84.69407236837165],[104.4926410024421,85.24084731826045],[104.22894796913633,85.2628429235458],[103.29205625070138,85.96870662301703],[103.00070617998864,86.06358446533613],[102.63121433397475,86.54190729605887],[102.33707489597667,86.61923672333312],[101.86188797366891,87.36073702900188],[100.50068120798565,88.30893399732369],[100.08700642549965,88.27248559900889],[99.32043900716666,89.55179514913127],[99.22772538925057,89.89965070310258],[98.83837597657487,90.23956870244275],[98.64114087320004,90.18105017365532],[98.45738766997033,90.07281737358078],[98.26141415067599,90.27794020992057],[98.14910276703151,90.59789579762074],[97.97688514245466,90.77852642249215],[97.94381150906246,91.05018468314412],[97.57227118879926,92.13744113024148],[97.54323625370336,92.7731725393897],[97.18937230755839,93.61002087362691],[97.1891981454442,94.23378731078398],[97.10322966423753,94.36703853846002],[97.1579072938882,94.47610916530209],[97.05951163811909,94.84746563776662],[97.1124613510733,95.15881892223778],[97.01079748625071,95.43663991686472],[97.04324721663512,95.58294435151768],[96.91510698476269,95.99125671565696],[96.98146473678405,96.02404360323479],[96.80170861508253,96.79394864186085],[96.6867420304665,96.97809893509925],[96.67136441450624,96.7220541140127],[96.47141803682278,97.47968409549097],[96.41235768431515,97.37014506221908],[96.30952246602965,97.62590886982264],[96.31571300144634,97.19350632573841],[96.21474167412185,97.64598980825045],[96.24470680011936,98.11555623751742],[95.99720277187947,97.91867566497623],[96.09647409100886,97.6848623894811],[95.94979866679499,97.87892507450013],[95.92450509746887,97.63605988569363],[95.81779968743625,98.01564928069523],[95.69905397192302,97.97224292046212],[95.68844932060738,97.75795984300916],[95.57071997175734,97.8528950679199],[95.48447601210286,97.14859991224864],[95.28798191712505,97.932341965337],[95.229489746707,97.85680704309829],[95.14485207190188,98.22035579956733],[95.0616086779312,98.204320844399],[94.93863820057541,99.36873054153637],[95.09432077988275,100.37685334462432],[95.07765020987,101.25368412243728],[95.01869013937193,101.6678221230822],[94.8060401594901,102.36584795877195],[94.67022813941877,103.34272591148044],[94.55846076815858,105.05160664993048],[94.52600194958288,106.38376936686626],[94.34391012486364,107.83522844061457],[94.31970992458653,108.71492752240337],[94.2515079576761,109.31402199520033],[93.90322267448775,110.51392593016031],[93.63464241584661,111.91297048152775],[93.62965853436268,112.50035704859997],[93.70722681000453,113.51576728037911],[93.434050375633,116.02338597400777],[93.02685562290677,119.69105111295728],[93.01096559871269,120.07174944765924],[93.13169137233758,120.94394085414554],[93.06744602883171,122.54656673398355],[93.09952523932422,123.983401243491],[93.02087464326361,125.62841940209942],[93.01396405433297,126.95396369491951],[93.10264354124703,127.8715280604707],[93.15316660553098,128.10262471361366],[93.29374513777627,128.2833235425046],[93.37476786322947,129.41050227184022],[93.40818872924496,128.84616483194992],[93.54372968840877,129.59063934675146],[93.60249317482032,129.49078046040745],[93.7164152379176,128.61794563682918],[93.90831682507586,127.95125823828074],[94.11401372495669,127.25415505958466],[94.37959788889472,127.27370362397546],[94.72935669450179,125.75289728883999],[94.87304561201896,125.69270290227246],[95.32790219763196,124.37593399501924],[95.51998858252323,124.12638913728318],[95.78438148806377,122.922024042892],[96.01312100964486,122.79354882782464],[96.01141293160686,124.06468281247942],[96.1119111211034,123.79751254799702],[97.1497742880446,121.82913419196674],[97.56499134436963,120.50592107655152],[98.44398801452158,119.3401625343053],[98.63113484654752,118.69768692599226],[99.21348469008055,117.99925544956096],[99.65169774263464,116.87030404170893],[100.26611975430941,116.29461259183606],[101.48924763245165,114.33902735571337],[101.99259026709842,113.2647468423155],[102.25181228257276,112.51783779178061],[103.50618267135212,110.36198999416159],[103.86444010414742,110.05152415604107],[104.57111319512381,108.46789628822232],[104.41330436898228,108.13405641525026],[105.11008861227931,107.41234929158449],[105.62673897688563,107.53781906273657],[106.07938429267406,106.9555685738139],[106.32968005314329,106.97488703465721],[106.81691503171339,106.30417821868737],[107.75317585941357,105.6892501323538],[107.86586193982872,105.863385971479],[108.28732011987148,105.52160241854051],[108.44331635803104,105.12846356759212],[109.2759309173719,104.61103838687507],[109.28156620630625,104.4764110525075],[109.67038408216625,104.2420593169241],[110.06359594400246,103.9030154128449],[110.59843198588823,103.61372470550306],[110.7551185324323,103.74050782541225],[111.09138927000289,103.23042116254382],[111.23820201473414,103.42652562115413],[111.39510534772765,103.07577078842891],[111.20602454709018,102.9087431906738],[111.40995109516268,102.54839462792447],[111.7315979974051,102.16332713528084],[111.44076233331407,101.79722415506116],[113.04670473077877,100.37595216112796],[112.87030656026698,100.11630690343961],[113.30967487596453,99.61800819026627],[113.38345077858362,98.0711400723186],[113.20630490617815,97.93224463404256],[113.55104545239362,97.57109455821258],[113.26713384911535,97.61987265877856],[113.68381669150459,97.00090763437922],[113.47684398221547,97.12466351221819],[112.99568347423487,96.72315718986411],[113.20389413706762,96.47374068337938],[112.91430746739523,95.82246480355145],[113.19722310991446,95.46358844616988],[113.59170021890796,95.05257813463614],[113.5217065337047,94.33730062607188],[112.9900218900733,94.33054676380479],[113.27199667282285,94.00849499801227],[113.79992324092497,93.49920075731859],[113.99758907140337,93.4663874268573],[114.10786049996004,93.10149488211445],[114.27448258592499,92.87614282303873],[114.88711234473128,91.65590424019085],[115.78844206197327,90.53947187657583],[115.58765954389119,90.06469361850532],[115.6980807836984,89.89132507031806],[116.6021270388681,88.81755709246238],[117.6160049103151,88.00928662328957],[117.23029265209084,87.91300836818844],[117.50440649491212,87.4286450572646],[117.05416621093578,87.51001389403311],[117.34713886081296,87.16980075689307],[117.00982768005818,87.24404119016087],[117.38782493966012,86.48151474923053],[118.48300529439739,85.58898074227669],[118.64892325720211,85.64318129838779],[120.02204168699942,84.74041972664496],[120.11047086431691,84.92771938939279],[120.40106498332904,84.7870116532863],[120.3737268119148,84.66012882356907],[120.97693274156396,84.19141313182561],[122.65130111657346,83.78985989590976],[123.2646394292754,83.30518269197077],[124.28327666517612,82.89076350412903],[124.25601909797732,83.06838185892363],[124.66757023609492,82.64025167264751],[125.3595191501806,82.49981750104686],[126.67107394031427,81.13595175171267],[126.28273274948519,81.0213373536463],[126.27890499564069,80.54843173586275],[126.46910722819952,80.42449520940549],[126.29433325108972,80.33830540697598],[126.59215051137147,79.78805393733631],[126.31802193412489,79.72850697373349],[127.46010165181134,78.76151009722129],[127.83603012180524,79.02722204381031],[128.5178742329544,78.92750729351495],[129.80234212883067,78.02116267291568],[130.22725785847288,77.86329428796037],[130.50977311998906,78.0894181606992],[131.07866081824886,77.41745532748735],[131.09467172715532,77.15825393163297],[131.81263059007,76.31379278316248],[131.59168501767888,76.16833955121345],[132.68418413576399,75.2680579660242],[133.04757059203894,75.10447957814856],[130.96181721948025,75.80798332504594],[130.81940030083473,75.94503944090425],[130.61484367231324,76.05503122572217],[130.1708838774363,76.63058383993429],[130.38667700618643,76.62353894850155],[130.11660289869275,76.79506402845223],[129.82524125935828,76.69144646011115],[129.201269778564,77.19847102927848],[129.38934215141902,76.75464869361403],[128.68871944325025,77.10647069404585],[128.85147165627166,76.9144421754015],[129.40631685805255,76.60390464241351],[129.51678408453762,76.37432918035562],[129.29588570599086,76.54158222931774],[129.204309839938,76.4093954563744],[129.39294194999297,76.46486456763985],[129.86901291808374,75.92753436325816],[129.57799993444496,75.86781318608969],[129.07992961900828,76.14148428834861],[128.88153515374364,76.37093150711144],[127.59505874745705,76.98318604363243],[127.15437971736272,77.46469480829742],[126.44928645437534,77.84038710272378],[126.32698050585066,78.03941695140045],[126.19307421267338,78.02216450414349],[127.11252088896603,77.25422380507194],[127.09794909432959,77.09997290442448],[126.84720991872524,77.26601442917556],[127.0968607383073,77.05419366359338],[127.66878251121068,76.76141301465728],[128.06973306733616,76.43699285588735],[129.2518853254817,75.90906784602336],[129.74903820593383,75.32408610102513],[129.47748048493065,75.39665040607225],[129.66726416323107,75.07912456103155],[130.8011575600246,74.79640713622257],[131.176733260889,74.46177618672435],[130.60992802357293,74.49168927147215],[130.1231403882582,73.68029642550083],[128.3592470608242,74.54386915880794],[129.9264112053538,73.70052656817813],[130.0030568661956,73.1365985832372]]]]}},{"type":"Feature","properties":{"Level":"ADM1","shapeGroup":"BRA","shapeID":"BRA-ADM1-79741978B51424753","shapeISO":"BR-SP","shapeName":"São Paulo","shapeType":"ADM1"},"geometry":{"type":"MultiPolygon","coordinates":[[[[153.8987100085192,77.23167319142675],[154.06905410889735,76.89974458873456],[153.79050767775868,77.16054583677905],[153.8987100085192,77.23167319142675]]],[[[154.61237682976207,77.22833367278754],[154.4848879682137,77.51642786957336],[154.546556783367,77.48915385856128],[154.61237682976207,77.22833367278754]]],[[[152.9415871054695,80.48245030941135],[152.84344916386,80.80394087730623],[152.9290931839149,80.64404431985476],[152.9415871054695,80.48245030941135]]],[[[153.39690764821646,80.90606720125925],[153.3703384045776,80.45112314843585],[153.20014656686672,80.99267469284423],[153.39690764821646,80.90606720125925]]],[[[135.25001255607094,75.91039094290352],[137.71065706641502,76.0246341923888],[138.9370353789398,75.57176423757977],[137.56525421152617,75.76172509813426],[135.13797770812542,75.62861269649551],[134.79167474921493,75.26333286777111],[134.45815753022262,75.46414551918227],[134.46084741920757,75.98214432690696],[134.77545994050257,75.8050453564024],[135.25001255607094,75.91039094290352]]],[[[133.52900036680393,75.68317250447359],[134.60589482841027,75.28520815208276],[134.66042830534107,74.68128873774403],[133.0999036317918,74.82084900991451],[133.91761415636282,74.82665143034066],[133.80486560442134,75.06739786181124],[133.50802379032527,75.17498978318217],[133.52900036680393,75.68317250447359]]],[[[135.21203686080892,76.03822906658525],[134.77297762779799,75.86161309919716],[134.40766045485452,76.03808552738548],[134.24258554517093,75.80863473211429],[133.94135783091482,75.64065708787378],[133.2970227717654,76.18414501090453],[133.79682072107678,76.03481862511221],[134.80019402944134,76.25389860390615],[135.21203686080892,76.03822906658525]]],[[[151.15017959019323,74.71717231530253],[151.1750270752887,74.84189354781621],[151.24114370104317,74.79401519886727],[151.15017959019323,74.71717231530253]]],[[[150.06874354933655,78.10435833709913],[150.01270110197123,78.29045421897597],[150.0908434450096,78.22726179644164],[150.06874354933655,78.10435833709913]]],[[[152.23062135881958,76.99656083379422],[152.4883094526798,77.57681094945092],[152.40097113688483,78.5790808182167],[153.0032066756683,78.08788577171683],[153.273610544383,77.6485569715293],[153.43768852826474,76.9115420933984],[153.17693249337566,76.974661758002],[153.17907658000516,76.57917905216468],[153.55650357985502,76.19086139302891],[153.66191477120177,75.35462343390141],[153.19247369893174,76.16898961904977],[152.46630369505175,76.08099923105539],[152.10983313102577,76.8223805425896],[152.23062135881958,76.99656083379422]]],[[[149.91296756905373,115.16043873386307],[150.1135445234779,114.69404843557284],[150.30687547653008,111.36587322050686],[150.52075187748449,110.24333777170533],[150.51460588283845,109.39585537167957],[150.66944510558747,109.15644204146861],[150.66354779281528,107.62356263086936],[150.97476997189642,106.26910492370739],[150.98544295027892,107.0634522722485],[151.43620533589907,105.07460662715417],[151.4766965249347,106.04715042493848],[151.91473696951445,105.4332657614958],[151.9184600753398,106.5628510678988],[152.17332179134092,104.94225667894229],[152.20112971505245,105.5854239709519],[152.92868850343797,104.06014085054912],[153.5669267968047,100.96016538458885],[153.3427930720126,99.02452409845996],[153.31196910277956,97.89199582372687],[153.45373601552325,97.64387714716796],[153.3904432883578,96.43241305685832],[152.4683961459303,96.88588359766587],[152.37843913801908,95.99686565713215],[152.06391197347284,97.48532830447488],[151.79270716082635,96.600179483976],[151.60482776149112,97.15526888511089],[151.32396222061166,96.0929545027613],[150.9718107303701,96.41580414893818],[151.02532026923532,94.83545180506269],[150.8541295861375,95.0405431867234],[151.3316831747481,92.24749476722656],[152.02489304221427,89.34954497954342],[151.90053803418417,88.94483729043377],[152.1213407688978,87.83577719138066],[152.7310951131581,86.6057978727479],[153.25918460435483,85.35926936535822],[153.81985631948095,84.1873091958116],[154.44042351292518,83.25423361431196],[153.71871907488404,83.36251954340992],[153.61241100163014,83.76405172489088],[152.83783509172025,84.8571433230357],[152.8632176418388,83.67188773362867],[152.4789097326093,83.63447394677242],[152.77471982112377,82.68271030801343],[152.82651103572945,82.82975422119092],[152.97425092342598,81.54995037465605],[152.87297854095507,81.912363256999],[152.65806931846828,82.0201725075485],[152.85313259968814,81.5123097938214],[152.3157897978616,82.45016512565478],[152.68548638684013,81.28781410052864],[152.38194331837843,81.87784613307312],[152.24989010659095,81.73000275843552],[152.62885413159967,80.6077866877649],[152.53710664416033,80.42949241510354],[152.13430079479065,81.10714085864028],[151.9523229417814,80.14797847833987],[151.6821223463362,80.42777167907539],[151.9020214277648,78.90981661288289],[152.03498488279126,78.82212840433964],[152.28562073351725,77.6775130805417],[151.71713740644,77.54711187780916],[151.22888053304138,78.43111591931907],[148.97486327483114,80.19243380057183],[147.6894125764166,79.6774254286504],[147.68265295099184,77.88536026532087],[147.24395931917542,77.95240902713013],[147.1618076977545,77.66029053098632],[146.86911543430693,77.87948576209342],[146.93824087930577,78.2361051820547],[146.02962338787341,79.04553727632559],[146.35520351831886,78.75351528425743],[146.40067836449583,78.11038290715526],[146.23232038459201,78.31941153767913],[144.89724677300745,78.00782693827104],[144.27576451827917,77.50718499475164],[143.45464546918475,77.14352290705109],[142.21277701161452,76.93189202469831],[142.29001500731016,76.16314383774312],[140.85828289816436,75.87225891909975],[139.0696361957043,75.58125956506322],[138.73999812140113,75.77562337448558],[137.97256783247593,76.01149034659507],[136.9510072941948,76.10493376632255],[135.913874914561,76.10027444211394],[135.3116498750744,76.04961027626081],[134.72338262109724,76.30300952634758],[134.36850316934553,76.36625206901476],[133.58315100092608,76.1245058478355],[133.04997297199,76.35677576280241],[133.40241523524153,75.82368603544099],[133.44191705456342,75.22443376522882],[133.52835434222965,75.15497398120706],[133.79295274366805,75.06180468439685],[133.8034020776456,74.95149825188611],[133.89663487357893,74.82723120905743],[133.04757059203894,75.10447957814856],[132.68418413576399,75.2680579660242],[131.59168501767888,76.16833955121345],[131.81263059007,76.31379278316248],[131.09467172715532,77.15825393163297],[131.07866081824886,77.41745532748735],[130.50977311998906,78.0894181606992],[130.22725785847288,77.86329428796037],[129.80234212883067,78.02116267291568],[128.5178742329544,78.92750729351495],[127.83603012180524,79.02722204381031],[127.46010165181134,78.76151009722129],[126.31802193412489,79.72850697373349],[126.59215051137147,79.78805393733631],[126.29433325108972,80.33830540697598],[126.46910722819952,80.42449520940549],[126.27890499564069,80.54843173586275],[126.28273274948519,81.0213373536463],[126.67107394031427,81.13595175171267],[125.3595191501806,82.49981750104686],[124.66757023609492,82.64025167264751],[124.25601909797732,83.06838185892363],[124.28327666517612,82.89076350412903],[123.2646394292754,83.30518269197077],[122.65130111657346,83.78985989590976],[120.97693274156396,84.19141313182561],[120.3737268119148,84.66012882356907],[120.40106498332904,84.7870116532863],[120.11047086431691,84.92771938939279],[120.02204168699942,84.74041972664496],[118.64892325720211,85.64318129838779],[118.48300529439739,85.58898074227669],[117.38782493966012,86.48151474923053],[117.00982768005818,87.24404119016087],[117.34713886081296,87.16980075689307],[117.05416621093578,87.51001389403311],[117.50440649491212,87.4286450572646],[117.23029265209084,87.91300836818844],[117.6160049103151,88.00928662328957],[116.6021270388681,88.81755709246238],[115.6980807836984,89.89132507031806],[115.58765954389119,90.06469361850532],[115.78844206197327,90.53947187657583],[114.88711234473128,91.65590424019085],[114.27448258592499,92.87614282303873],[114.10786049996004,93.10149488211445],[113.99758907140337,93.4663874268573],[113.79992324092497,93.49920075731859],[113.27199667282285,94.00849499801227],[112.9900218900733,94.33054676380479],[113.5217065337047,94.33730062607188],[113.59170021890796,95.05257813463614],[113.19722310991446,95.46358844616988],[112.91430746739523,95.82246480355145],[113.20389413706762,96.47374068337938],[112.99568347423487,96.72315718986411],[113.47684398221547,97.12466351221819],[113.68381669150459,97.00090763437922],[113.26713384911535,97.61987265877856],[113.55104545239362,97.57109455821258],[113.20630490617815,97.93224463404256],[113.38345077858362,98.0711400723186],[113.30967487596453,99.61800819026627],[112.87030656026698,100.11630690343961],[113.04670473077877,100.37595216112796],[111.44076233331407,101.79722415506116],[111.7315979974051,102.16332713528084],[111.40995109516268,102.54839462792447],[111.20602454709018,102.9087431906738],[111.39510534772765,103.07577078842891],[111.23820201473414,103.42652562115413],[111.09138927000289,103.23042116254382],[110.7551185324323,103.74050782541225],[110.59843198588823,103.61372470550306],[110.06359594400246,103.9030154128449],[109.67038408216625,104.2420593169241],[109.28156620630625,104.4764110525075],[109.2759309173719,104.61103838687507],[108.44331635803104,105.12846356759212],[108.28732011987148,105.52160241854051],[107.86586193982872,105.863385971479],[107.75317585941357,105.6892501323538],[106.81691503171339,106.30417821868737],[106.32968005314329,106.97488703465721],[106.07938429267406,106.9555685738139],[105.62673897688563,107.53781906273657],[105.11008861227931,107.41234929158449],[104.41330436898228,108.13405641525026],[104.57111319512381,108.46789628822232],[103.86444010414742,110.05152415604107],[103.50618267135212,110.36198999416159],[102.25181228257276,112.51783779178061],[101.99259026709842,113.2647468423155],[101.48924763245165,114.33902735571337],[100.26611975430941,116.29461259183606],[99.65169774263464,116.87030404170893],[99.21348469008055,117.99925544956096],[98.63113484654752,118.69768692599226],[98.44398801452158,119.3401625343053],[97.56499134436963,120.50592107655152],[97.1497742880446,121.82913419196674],[96.1119111211034,123.79751254799702],[96.01141293160686,124.06468281247942],[96.01312100964486,122.79354882782464],[95.78438148806377,122.922024042892],[95.51998858252323,124.12638913728318],[95.32790219763196,124.37593399501924],[94.87304561201896,125.69270290227246],[94.72935669450179,125.75289728883999],[94.37959788889472,127.27370362397546],[94.11401372495669,127.25415505958466],[93.90831682507586,127.95125823828074],[93.7164152379176,128.61794563682918],[93.60249317482032,129.49078046040745],[93.54372968840877,129.59063934675146],[93.40818872924496,128.84616483194992],[93.37476786322947,129.41050227184022],[93.36902251412138,129.76538414023582],[93.53740745407205,130.710971240621],[93.72210521616148,130.8905296619671],[93.82611476785533,131.33545052866583],[94.4515340585616,131.36300242688463],[94.70855112101347,132.4904872212663],[94.73328778552812,133.5509614955426],[95.03974730934628,134.11444599925014],[95.08304622455367,134.8858085110803],[95.23769946437764,134.6850910620022],[95.33752628042285,135.42889968939176],[95.25619066505342,137.1092323751497],[95.3514261379595,137.49802568436087],[95.49218623198709,136.7815253480279],[95.83508925778642,137.69240519146916],[95.90664567685104,138.61556228538421],[95.92224942700479,140.296879478342],[96.10523350538735,140.06503010105496],[96.28795756419865,140.9914011343124],[96.57504498210253,140.55257662613272],[96.52277359633176,140.85040808050533],[96.43880864011231,142.08590186882753],[96.4472512557434,142.70754449850745],[96.54244667121905,143.52979802655085],[96.71306148150987,143.612159460781],[97.1117709331993,144.63246286982158],[98.04165045033412,143.94399896935283],[98.1904597273351,144.95304795183262],[98.28635918642276,145.1823129185559],[98.90647827021206,145.13009994700596],[99.37314634930328,144.88654926952444],[99.65844638890626,145.28594456037348],[100.04456464532635,145.1920194465971],[100.1837783273779,144.9954545265594],[101.1554559516608,144.11735526505382],[102.43240108255686,143.22928121197626],[102.844892152543,143.03969882668187],[103.43006587609986,142.55216539122512],[103.83603116830841,142.15473614463315],[105.00005661025445,141.31752981594812],[105.3593714643979,141.31693784445287],[106.62712994220539,140.8344172148995],[106.93641361852755,140.98325077722404],[107.38270675080031,140.76850817498436],[108.11416657384378,140.26678231181936],[108.40217862705556,140.02343797551242],[108.70664648160255,139.88617630060386],[109.06469653900967,139.7892916905779],[109.23568106329095,139.90943389789703],[109.67128012600034,139.70821566674178],[109.98741959884156,139.41670648025445],[109.80152717612128,139.3482212295572],[110.38964110126459,138.57634627821471],[111.28679819600265,137.5673731006263],[113.17022933753086,135.91668921881737],[113.61993954613553,135.87550356728838],[113.66345170769168,136.25437288275543],[112.88442202170903,137.42397027637128],[113.48479643250059,137.2504063683431],[113.67121572882058,137.14249039301347],[114.53568133347206,136.19891659999814],[115.59203664025101,135.39595030233994],[116.29633339581916,134.47581300088154],[117.12871351609806,133.91053650396748],[116.99793532213414,134.46247720393905],[116.30230523409921,135.35071153302027],[115.54173484693584,135.9179336746868],[114.86254789801256,136.60567386705492],[115.53721669686098,136.72444964997115],[116.36093659425133,136.5472227203966],[116.43598161585413,136.70668219415066],[116.82026892649229,136.70305056720147],[117.48834050189782,136.63479229259949],[118.50683141478547,136.63454058168762],[119.23443582506773,136.4317844404817],[119.45730116304689,136.5193773979788],[118.67371257562031,136.81424339445044],[118.3872571329506,137.0889963758419],[120.62479803678377,136.32589204228933],[121.10329430421513,136.50748464714297],[120.76506704125651,136.85685928579684],[122.27689340362005,136.29334874885134],[122.06454629481081,136.60232634466064],[121.55092508923147,136.89433179760056],[122.3946402548811,136.79092844384445],[123.10214640740102,136.76607868371178],[124.56246614167361,136.40988174022007],[124.76806763985923,136.62257515596022],[125.56453885420687,136.71256320475538],[126.41544087145036,136.445179572666],[126.31043674000566,136.41152949835364],[127.03656257636644,136.14766671840084],[127.52941897280905,136.02166614902006],[128.7742532455602,135.77790443927591],[129.45931787536176,135.487590711338],[129.81317816571791,134.58832941334776],[130.6497163358046,133.81690557744378],[131.38361135227456,133.565463508989],[132.22649336494345,133.42113155695273],[133.32914674570492,132.7819491563439],[133.61633814149263,132.34438796108702],[133.21283755343563,132.33961840353203],[133.60951512518662,131.43065943863874],[134.18591803221187,130.70201082030846],[135.46434923076268,130.04114164772722],[136.2355813118014,129.0380485475183],[136.49036870560008,128.92935239489353],[136.59535807307083,128.60458924133013],[137.23732011784523,127.94326097459651],[137.42080902753548,128.02014806032918],[137.5611877904645,127.63052818915102],[138.64765242712326,126.60098168169932],[139.0035110843731,125.79849144663234],[139.48444734442904,126.15865113214412],[139.4536862188466,126.88409639563719],[139.70303109096358,127.113679662119],[140.22851667298258,126.76166730367328],[140.2434039778174,127.36169781504483],[140.822635241707,126.64533962345676],[140.87282316057542,126.90905544942649],[141.17083899277088,126.87390498462584],[141.65228398698062,126.06709688882651],[141.82159422230407,125.94907745413404],[142.23951777774764,124.48937021653803],[142.03697961420585,124.27895977194936],[142.44087139687238,123.0511886860499],[142.55866379378278,121.84407238226582],[142.892102200001,121.4597667313558],[142.9099588171545,120.98416690997254],[143.4920115896849,119.90587987304578],[143.34168348738896,119.81672147466166],[143.28419089701623,119.24027340488085],[143.46112350574091,119.07141801128087],[143.24969300527596,118.52119584369302],[143.8980937701214,118.3852045755514],[143.75168605485283,117.22473418668966],[143.6255369450488,114.52313029202266],[143.8918007275782,113.88658352218738],[143.8426554857936,112.97557540350662],[144.48754703232015,112.57940517129236],[144.40862010433474,111.97405040870876],[144.85696000649529,111.77617531405592],[145.00544780393784,111.66665871646109],[144.85617816762203,110.79916158263109],[144.79768892844788,108.9079386654987],[144.41054158494978,108.16325695303178],[144.37132482473402,107.03536350809908],[144.80723507321326,106.55035457442288],[144.6765739941899,105.27745029065375],[144.37032994919502,103.43644767975013],[144.43380543706934,102.41830894963319],[144.82549392234196,103.34851103482701],[144.89094036995724,102.90667022225418],[145.3200911896402,104.02777234179898],[145.18577872250205,102.22814250427501],[145.42606787426683,103.06521796467123],[145.60960514580177,103.21271443351765],[145.75313506319782,103.24207936963288],[146.1816699069841,105.57476899141868],[146.23093272342396,103.53922600924065],[146.3862468175867,104.77191562838901],[146.55249030929048,104.84894432704023],[146.5654232502958,103.99372978241193],[146.78694475813725,106.06565680816225],[146.85053969477008,105.36636294651133],[146.82025034556005,105.9381358111894],[146.90710040397454,106.82767685618592],[146.96415891111295,108.4709654487141],[146.7304327262405,108.00633433173422],[146.78778156992598,109.32613773862977],[147.19215272378813,110.81286542986797],[147.11093485551328,112.03793794367499],[147.162456204052,112.93723330993703],[147.3101634429127,112.94867380637669],[147.27336709094052,110.74730966528861],[147.53546777265746,112.11746509201458],[147.57637060685227,111.39982176737375],[147.49290977011034,110.65464944366008],[147.78698035842933,111.20779252830395],[147.8445707324684,112.28235542410684],[148.0153733514764,111.2445432857023],[148.00848973304466,110.25111149717306],[148.42636005378193,111.08011199617106],[148.48510546655183,112.1441372594011],[148.7848337425533,113.13512611965584],[148.7907346571094,113.74451101412826],[149.19686262745344,114.64152581789536],[149.39277357445675,114.0750688279957],[149.66190095637288,114.87565829136047],[149.84107817472136,114.63247695217696],[149.91296756905373,115.16043873386307]]]]}},{"type":"Feature","properties":{"Level":"ADM1","shapeGroup":"BRA","shapeID":"BRA-ADM1-79741978B75114567","shapeISO":"BR-RN","shapeName":"Rio Grande do Norte","shapeType":"ADM1"},"geometry":{"type":"MultiPolygon","coordinates":[[[[184.1051769227749,179.6771208732487],[184.01682620734894,179.75477512161964],[184.1971143319399,179.77373742417012],[184.1051769227749,179.6771208732487]]],[[[178.97171838785408,180.88176565669622],[179.80473386294398,180.44705684960851],[180.14513561759728,180.56239696985287],[180.57687062552654,180.47162027078306],[181.11158465015959,180.63485018392038],[181.66678908248133,180.52389468319822],[182.39583858543168,180.0555877209004],[183.2374120301373,179.75825417619973],[183.49757394634472,179.8230666664145],[184.17065369390048,179.6244367830975],[184.34268803038125,179.8265819412284],[183.9378908798598,179.86801369121994],[185.59729040687992,179.90846442355476],[185.34794377638724,179.85409884785003],[185.6880339094409,179.8441427167275],[185.5567009363258,179.733546988455],[185.88720775145273,179.80767362638073],[186.18749049017535,179.65434032013965],[185.96275789341536,179.90396091002052],[186.74283692499802,179.84437373663803],[186.2607599895261,179.93872679273733],[187.03970655141183,179.95377036447516],[187.90093911036269,180.13336853945202],[189.816362204112,179.60455799229163],[191.2654039290746,179.21514570866873],[191.8419442190061,178.84151583311817],[192.6341586135905,177.99542282330145],[192.74510481387557,177.9909347421813],[193.69306303834207,176.9254462350362],[193.95081896869675,176.40287652921518],[194.14585714571976,176.26968008998915],[194.5356804219929,175.30042861099966],[194.7024634195655,175.20211731611022],[194.84588109533158,174.7388046885196],[195.1806691988783,174.45281371133328],[195.71197109539895,173.1667558101114],[195.88851460123215,173.09454092859892],[196.17599925056032,172.3228156165208],[196.37538118411464,172.19793124754798],[196.69116954059695,171.53593006602037],[196.29053900954378,171.38686522149854],[196.00795706245708,171.5485355856315],[195.7787708177495,171.25990662566244],[195.3831043770241,171.2977187634824],[195.23834471994684,171.43078386402584],[194.61806232537128,171.27771651871944],[193.72454622829096,171.63798238815173],[192.99807476014803,171.61368025170157],[192.84659307246284,171.75936575634967],[192.31598751462718,171.8679609555769],[192.17164067368046,171.73659342584753],[191.34170873620184,171.746903239778],[190.15878163577935,171.6967144508427],[189.84353718756086,171.92893769235883],[189.5342008062634,172.1605935968646],[189.29003679526807,171.9992132772094],[188.19692993407372,171.9357938471871],[188.1389210880619,172.14978386456986],[187.71837360645713,172.29538495984798],[187.85091126062264,172.55999515300357],[187.5595907929923,172.93094169826605],[187.10859013575612,172.7643386685775],[186.8264098793469,172.8702908451777],[186.60099072395616,172.4308667310546],[186.03582555149632,172.46763498577263],[186.00621234665843,171.5775077350821],[186.74209594049645,171.268403191273],[186.89054997210246,170.90318288048735],[186.69802067736413,170.85448126648976],[186.21429938240342,171.0685699014483],[185.97531506222393,170.44569676188314],[186.4735682969818,170.19676376473444],[186.504815176595,169.84703008840202],[186.04806073796016,169.6799925729143],[185.798672693748,169.1937172630893],[185.1575181605606,169.24603562765827],[184.91863146613775,168.91960986406264],[184.47859620320196,169.16871664881748],[184.69251058539896,169.71418168915505],[184.36960585595847,169.69876089128113],[184.28196312798107,169.976475582709],[183.6798454840692,170.29679075677524],[182.69701291384314,169.94667332467313],[182.41343460269542,170.3912147734742],[181.24774871065972,170.00522242857588],[180.63127920817777,169.64183811014288],[180.00080011584723,169.70169846398545],[179.78637620028073,170.28233201171747],[179.24739784120823,170.20853553239374],[177.8002425961144,170.14400225355513],[178.04604317493306,170.37381081119142],[177.99968552306737,170.89654908112814],[178.73764323473193,171.1283153465393],[178.7940918344981,171.66082060765933],[179.11048473472732,172.27115766997173],[179.54959206994718,172.59283989730963],[179.92281582535628,172.62984074748653],[179.95397775396836,172.8040397240137],[180.8993352801603,173.44454797875687],[180.72947511163454,174.08133040783562],[180.05793441824457,174.14388918441057],[179.92514776369805,173.9686979931993],[179.0041248343542,173.68421999493006],[178.89900106059468,173.5267474613368],[178.4399792763888,173.45004701101618],[178.31362874824757,173.23621478392042],[176.62288031148563,172.75671540580606],[176.05252787635817,172.77010621167832],[175.43968528885455,172.37114326001512],[175.5937828327411,172.04824174574685],[175.09403176529133,171.95186370018322],[174.51714637784755,171.5290538417531],[174.21478445195206,171.52936313891007],[174.23720122511253,171.43460880072882],[173.60627659872742,171.2510704572819],[173.50586178342866,171.3620379001247],[172.78996724014894,171.09413096587735],[172.83430239197315,171.00333717616496],[172.55238267002963,170.95291834210005],[172.56075795771147,171.07825356970397],[171.73683823500917,170.60861607141447],[171.45580031828896,170.7235139088264],[170.38429066152779,170.65285353851112],[170.02884555035786,170.51566163925193],[169.6521652941178,170.71291571860812],[169.20904050425221,170.6940358197248],[169.03371691551365,170.8882786979222],[168.14686135323518,170.91232375487232],[168.1228642717421,171.0735495450549],[168.47981837310908,171.25491405643163],[167.39650457115408,171.13813976760136],[167.31554608584793,171.5331140014327],[167.98259805811801,171.82242248665324],[167.93901635581616,171.9759347422133],[168.2070807110011,171.98626842739486],[168.88160331668257,172.5928351400733],[169.58972686480405,172.77122007993862],[169.69427414083935,172.59220575817508],[170.32180287686694,172.6578224763345],[170.93132780796938,172.95729643095552],[170.95441913850686,173.12999061161602],[172.3275500296993,173.9261183806096],[172.44476329118768,174.27047158147343],[173.15400105535804,174.95104519504133],[172.79479027469833,174.900306611654],[172.88085795131212,175.24756992113427],[173.3099998825312,175.48113635766242],[173.7887818516614,175.9997342605958],[174.64014780354535,176.39219089955043],[175.2658838907408,177.3464804911809],[175.71747125365954,177.6781169808327],[175.58054453303026,178.14522209078245],[175.88739085460514,179.07180145450303],[176.21043977113115,179.22772194323878],[176.3096124884319,179.93573954795943],[178.97171838785408,180.88176565669622]]],[[[183.66477136854638,179.80712107983297],[183.41515173967548,179.86156011926153],[183.6625550044977,179.83299803241323],[183.66477136854638,179.80712107983297]]]]}},{"type":"Feature","properties":{"Level":"ADM1","shapeGroup":"BRA","shapeID":"BRA-ADM1-79741978B4215359","shapeISO":"BR-PB","shapeName":"Paraíba","shapeType":"ADM1"},"geometry":{"type":"MultiPolygon","coordinates":[[[[167.39650457115408,171.13813976760136],[168.47981837310908,171.25491405643163],[168.1228642717421,171.0735495450549],[168.14686135323518,170.91232375487232],[169.03371691551365,170.8882786979222],[169.20904050425221,170.6940358197248],[169.6521652941178,170.71291571860812],[170.02884555035786,170.51566163925193],[170.38429066152779,170.65285353851112],[171.45580031828896,170.7235139088264],[171.73683823500917,170.60861607141447],[172.56075795771147,171.07825356970397],[172.55238267002963,170.95291834210005],[172.83430239197315,171.00333717616496],[172.78996724014894,171.09413096587735],[173.50586178342866,171.3620379001247],[173.60627659872742,171.2510704572819],[174.23720122511253,171.43460880072882],[174.21478445195206,171.52936313891007],[174.51714637784755,171.5290538417531],[175.09403176529133,171.95186370018322],[175.5937828327411,172.04824174574685],[175.43968528885455,172.37114326001512],[176.05252787635817,172.77010621167832],[176.62288031148563,172.75671540580606],[178.31362874824757,173.23621478392042],[178.4399792763888,173.45004701101618],[178.89900106059468,173.5267474613368],[179.0041248343542,173.68421999493006],[179.92514776369805,173.9686979931993],[180.05793441824457,174.14388918441057],[180.72947511163454,174.08133040783562],[180.8993352801603,173.44454797875687],[179.95397775396836,172.8040397240137],[179.92281582535628,172.62984074748653],[179.54959206994718,172.59283989730963],[179.11048473472732,172.27115766997173],[178.7940918344981,171.66082060765933],[178.73764323473193,171.1283153465393],[177.99968552306737,170.89654908112814],[178.04604317493306,170.37381081119142],[177.8002425961144,170.14400225355513],[179.24739784120823,170.20853553239374],[179.78637620028073,170.28233201171747],[180.00080011584723,169.70169846398545],[180.63127920817777,169.64183811014288],[181.24774871065972,170.00522242857588],[182.41343460269542,170.3912147734742],[182.69701291384314,169.94667332467313],[183.6798454840692,170.29679075677524],[184.28196312798107,169.976475582709],[184.36960585595847,169.69876089128113],[184.69251058539896,169.71418168915505],[184.47859620320196,169.16871664881748],[184.91863146613775,168.91960986406264],[185.1575181605606,169.24603562765827],[185.798672693748,169.1937172630893],[186.04806073796016,169.6799925729143],[186.504815176595,169.84703008840202],[186.4735682969818,170.19676376473444],[185.97531506222393,170.44569676188314],[186.21429938240342,171.0685699014483],[186.69802067736413,170.85448126648976],[186.89054997210246,170.90318288048735],[186.74209594049645,171.268403191273],[186.00621234665843,171.5775077350821],[186.03582555149632,172.46763498577263],[186.60099072395616,172.4308667310546],[186.8264098793469,172.8702908451777],[187.10859013575612,172.7643386685775],[187.5595907929923,172.93094169826605],[187.85091126062264,172.55999515300357],[187.71837360645713,172.29538495984798],[188.1389210880619,172.14978386456986],[188.19692993407372,171.9357938471871],[189.29003679526807,171.9992132772094],[189.5342008062634,172.1605935968646],[189.84353718756086,171.92893769235883],[190.15878163577935,171.6967144508427],[191.34170873620184,171.746903239778],[192.17164067368046,171.73659342584753],[192.31598751462718,171.8679609555769],[192.84659307246284,171.75936575634967],[192.99807476014803,171.61368025170157],[193.72454622829096,171.63798238815173],[194.61806232537128,171.27771651871944],[195.23834471994684,171.43078386402584],[195.3831043770241,171.2977187634824],[195.7787708177495,171.25990662566244],[196.00795706245708,171.5485355856315],[196.29053900954378,171.38686522149854],[196.69116954059695,171.53593006602037],[197.11826708550194,170.50495056923276],[197.51110053871932,169.89872967582372],[197.7432891948364,169.45097571680856],[197.90636903950363,169.35741467226134],[197.9798995930298,169.0421367701231],[198.0996063277684,169.01587700573901],[198.16641616341727,168.5426918177033],[198.52491602984017,168.0111140701825],[199.0014855200307,166.20991375317502],[198.96346636425034,165.74209652844533],[198.29080816517524,165.78435356630058],[198.05415384861308,166.2363992272977],[197.4139161890802,166.60865899557868],[196.2499613392986,166.75717387596788],[195.73489273716396,166.56874085770986],[195.6583536260664,166.36317113342895],[195.18670486017368,166.1838395728207],[195.05315919726485,166.29943481865695],[194.80564355649764,166.13032979009586],[194.5815319804287,165.56396099746559],[194.7744074948462,165.20019326941872],[194.0691862470762,165.1676368863163],[193.59576214152656,164.91374945127492],[193.49606808719943,164.99904150593292],[192.54332161742315,164.74938627698089],[192.1970218777476,164.78082740221538],[192.0013288101524,164.54913793849545],[191.52896826605942,164.59573357673642],[191.31572325869513,164.46063612349778],[190.65482226697958,164.65959569102742],[189.4494187606939,164.61323720283852],[189.2735815768594,164.7638824390204],[188.92301439752256,164.58051370555515],[189.0575934493151,164.45055560438453],[188.85941564102603,164.36469121382612],[188.47548971530574,164.51123262578156],[187.3271475304033,164.4615041830601],[187.09466872676305,163.8021070773764],[185.93278492422417,163.88881398859257],[185.83317934381336,163.50388115530134],[185.51775581311037,163.57112127640315],[185.25578931203657,162.82375032523936],[184.95815899154888,162.66851981083343],[185.21786914165725,162.49942489443063],[184.62373174014613,162.14798432547354],[184.30062953071132,162.15710245629379],[183.9022007499927,161.83074631221376],[183.62231367169798,161.8796874346763],[181.68038588686582,161.0267509823501],[180.87004992583914,161.36983555944698],[181.00530798328413,161.62456565428786],[180.46573907855978,161.83256174502318],[180.55169651036204,162.066799488189],[180.13506622329487,162.13095703673832],[180.3492622834008,162.43956896451007],[180.37051113404033,163.25961789896925],[179.96152720148777,163.5455621097197],[179.80545082009144,163.41714713100436],[178.5079155458973,163.41793155662717],[178.51764403436198,163.63132955540928],[178.9014989201829,163.70170885717206],[178.98676159375844,163.8962302458044],[179.64575457337202,164.05690898192864],[179.62631800157524,164.2188604678141],[179.85676038664693,164.2224978140578],[179.67702942840984,164.37967581050202],[180.56577160584348,164.5110587445963],[180.77918737554478,164.762017721528],[180.21946956232125,165.3880215343757],[181.06875386778015,165.9040233261411],[182.38076095946133,166.17482661824477],[182.05167533691585,166.42995850790354],[182.04696987537838,166.69276302371316],[181.44766037260558,166.84188355194425],[180.60527594711078,167.05629494959908],[179.9304852276026,167.4174806254191],[178.91690993623328,167.38099194963507],[178.67480837380566,167.12829353332893],[177.13979697786345,166.9935678600899],[176.74862877738144,166.47761908736447],[175.6648226774231,166.11719151444163],[174.8870967082984,165.98000966742944],[174.33486422352757,165.59945055831446],[174.4822651748037,165.52440931048739],[174.24757979151622,165.35884646107746],[174.02141309881455,165.55184734518417],[173.26753275356037,165.3819902826338],[172.0224663014642,164.64559453199004],[171.36807212674188,164.7190587934175],[170.98185958402925,164.53501620936817],[170.9188100636462,164.26643376093745],[170.05644479346282,164.52474715684983],[169.25540159739785,164.234867617955],[168.6970095879669,164.26828943855483],[168.45474336010423,164.96071768739077],[168.18046293883953,165.0435472575376],[167.57955792513718,164.78948491450166],[167.09509337673322,164.85126858958685],[166.65471339905784,164.66920188140725],[165.67408387529784,164.61700178798216],[164.4598389931788,165.2903008895883],[164.52302774921273,165.46138451460968],[165.06933363119572,165.55616362846655],[165.44372052795717,165.96852277064573],[165.31038740601915,166.09103144918248],[165.7578225063228,166.13572407671185],[166.58058064947923,166.91910650654904],[166.42509643455628,167.1214284412598],[165.98997152553093,167.09626581576256],[165.68260302144026,167.3803867534052],[165.08117346881684,167.43883106360363],[165.40334210600966,167.86213685042273],[165.28572225326823,168.07911841082708],[164.36289198815726,168.37520229910365],[164.633593678259,168.43934329296226],[164.50347977084326,168.7334142759872],[165.51448164185487,168.8698355396735],[165.5306993596177,168.99026074813213],[166.2878001368977,169.1631993148136],[165.914064743436,169.28800627702054],[165.77263171884948,169.52384263599146],[166.40516832834902,169.9316252378134],[166.29435849927341,170.0372732435824],[166.7205750628214,170.23199672648244],[167.7415496354912,170.93138065554942],[167.03274122492263,170.9227942802494],[167.39650457115408,171.13813976760136]]]]}},{"type":"Feature","properties":{"Level":"ADM1","shapeGroup":"BRA","shapeID":"BRA-ADM1-79741978B23146255","shapeISO":"BR-CE","shapeName":"Ceará","shapeType":"ADM1"},"geometry":{"type":"MultiPolygon","coordinates":[[[[178.97171838785408,180.88176565669622],[176.3096124884319,179.93573954795943],[176.21043977113115,179.22772194323878],[175.88739085460514,179.07180145450303],[175.58054453303026,178.14522209078245],[175.71747125365954,177.6781169808327],[175.2658838907408,177.3464804911809],[174.64014780354535,176.39219089955043],[173.7887818516614,175.9997342605958],[173.3099998825312,175.48113635766242],[172.88085795131212,175.24756992113427],[172.79479027469833,174.900306611654],[173.15400105535804,174.95104519504133],[172.44476329118768,174.27047158147343],[172.3275500296993,173.9261183806096],[170.95441913850686,173.12999061161602],[170.93132780796938,172.95729643095552],[170.32180287686694,172.6578224763345],[169.69427414083935,172.59220575817508],[169.58972686480405,172.77122007993862],[168.88160331668257,172.5928351400733],[168.2070807110011,171.98626842739486],[167.93901635581616,171.9759347422133],[167.98259805811801,171.82242248665324],[167.31554608584793,171.5331140014327],[167.39650457115408,171.13813976760136],[167.03274122492263,170.9227942802494],[167.7415496354912,170.93138065554942],[166.7205750628214,170.23199672648244],[166.29435849927341,170.0372732435824],[166.40516832834902,169.9316252378134],[165.77263171884948,169.52384263599146],[165.914064743436,169.28800627702054],[166.2878001368977,169.1631993148136],[165.5306993596177,168.99026074813213],[165.51448164185487,168.8698355396735],[164.50347977084326,168.7334142759872],[164.633593678259,168.43934329296226],[164.36289198815726,168.37520229910365],[165.28572225326823,168.07911841082708],[165.40334210600966,167.86213685042273],[165.08117346881684,167.43883106360363],[165.68260302144026,167.3803867534052],[165.98997152553093,167.09626581576256],[166.42509643455628,167.1214284412598],[166.58058064947923,166.91910650654904],[165.7578225063228,166.13572407671185],[165.31038740601915,166.09103144918248],[165.44372052795717,165.96852277064573],[165.06933363119572,165.55616362846655],[164.52302774921273,165.46138451460968],[164.4598389931788,165.2903008895883],[164.14912630207277,165.1029062409466],[163.29126079376226,165.12142217629295],[163.2273537146167,164.86640214027443],[162.70105645502343,164.8757685488581],[162.54205397024026,164.67297524289515],[161.84298850326732,164.56699179348453],[161.55268066750205,164.10119503675105],[161.11715468709622,164.1147539843559],[161.00430842270453,164.2714537815223],[160.7049608213929,164.18208771385386],[160.0858252233093,164.11629637879759],[159.99026167560083,164.68835364357466],[158.89698558635484,165.30633023325555],[158.49546436413914,165.3026075535912],[158.19305971220106,165.63236157719896],[157.82668512171355,165.69521917241295],[156.57215496341956,166.36900480343962],[156.4042870249633,166.5861371058835],[155.98873162777022,166.68316660279757],[155.85660636978582,166.92452305525237],[156.18299969337664,167.19747906922748],[155.1951885201892,167.33489495140805],[154.81000752557358,167.67970243987793],[154.19322939627523,167.80382733979562],[153.91568640235636,168.10778016706362],[153.57944385230937,168.23985832255806],[152.9563360652855,168.57579877422384],[151.74267849321598,168.9548189259422],[149.9012533919973,169.1133238292788],[148.29433282738015,169.43277645110362],[146.63660191790802,170.1454500642843],[145.99288504188928,170.25710383159566],[145.4971118437628,170.17128515919623],[144.71750990311506,170.26883702801655],[143.83149561521444,170.5789302322691],[143.9376394948693,170.75785236970387],[144.26315891496463,171.1128715529078],[144.97573292032982,171.26652827267978],[144.8960839126395,171.32912206583183],[145.23747253942045,171.3133166707541],[145.0200489218552,171.3776591974891],[145.2539566275724,171.74362798516182],[146.01116597266176,171.82678140677535],[145.30560542626677,171.8962153193454],[145.03873168848816,172.14347779672204],[143.95543190718843,172.27632804621535],[143.17652209492658,172.45506442373141],[143.28253857023387,172.55531563220268],[143.05371700071626,172.81728850827497],[143.16674226303178,173.13089767740234],[143.39049252876356,173.27082883909887],[143.16703638172413,173.56866747909947],[143.34764612451954,173.80493113515533],[143.33190165010225,173.99595516855197],[143.15633242771952,174.0166692994271],[143.45056454691837,174.19337432283862],[143.60051805338696,174.96330288226505],[143.92567096779229,175.1443706362342],[143.84873481449108,175.30015611400506],[144.09591841476896,175.52343310751553],[144.01839313320528,175.63626853409883],[144.22782053423856,175.69031336293747],[144.15635700874367,175.79557454122934],[144.46402737405947,175.97767956140046],[144.410338400619,176.18247307308167],[144.69006293719096,176.37687559021418],[144.31919854758033,176.4090703421371],[144.13393569441578,176.5374230642167],[143.85029782178225,176.49926801783616],[143.82836229823002,176.59024342027047],[143.628887002263,176.5760716459318],[143.77923718386376,176.69531614126683],[143.44925994948986,176.79330070463095],[143.40300788135107,176.97529299183736],[143.76253849016547,177.33316652379702],[143.61930772779021,177.34017373622427],[143.85453554936308,177.50872158971333],[144.20506313530217,177.69767534222964],[143.9888651396262,177.82598459801798],[144.1077604000673,177.93942289478468],[144.03891276766487,177.9521991828966],[144.47300845071337,178.14305698940726],[144.9746491493729,178.53909412578668],[145.44824720716693,178.76766638072297],[145.57476467417595,179.07813240794738],[146.1185824931854,179.39981428802665],[145.81395871477915,179.4820378689096],[146.28989260891052,179.80687388279787],[145.62944327287846,179.74280248068737],[145.21464780145044,179.59251441279307],[145.6589157768819,179.97107341474572],[145.54700777391722,180.30268366397968],[145.40382421011634,180.25104364660893],[145.82230749048833,180.5234177929937],[146.12262183082987,180.76921952785418],[145.5049889261362,180.71418814552146],[145.7071729504372,180.9237446040775],[145.60312659621235,181.05933264331122],[145.97813287996195,181.24325815031827],[146.13445096601694,181.62607996896384],[145.89179381618112,181.56627071728946],[145.9143478026029,181.7109814381443],[145.79132179566867,181.6779625966782],[147.03767654099727,182.53403697238195],[147.78607610898376,182.9269980959894],[147.96585562265847,183.3113572015542],[147.65469713451404,183.25718792686882],[147.7209730407087,183.38495441927677],[148.20471442461314,183.6154355926537],[150.03343242705884,184.14511600040055],[151.2748064357258,184.57849516294763],[151.33563413593703,184.51406846677304],[151.95542616550262,184.7545889178186],[153.40745005260862,185.1085717858386],[154.14684515521282,185.5366623561165],[154.53269322305903,185.56192867879344],[156.43163811761713,185.986072637653],[156.79126624759417,185.9537210286047],[156.93369878859224,186.037164017863],[158.0108549804978,186.16012607671377],[159.3969307521209,186.01476403104823],[159.13618616883167,185.87044483553217],[159.42822457896932,186.0245066286408],[160.68920913194947,185.94935624261495],[160.8297799198849,185.84236382872052],[162.38238061881606,185.60937084752473],[163.46683775500654,185.58979674926263],[164.4073351682718,185.22352030972291],[165.14127908183917,185.077094108391],[165.43858709302822,185.204858466082],[166.21658558795104,184.88507767586702],[166.9924569766057,184.85462402423897],[168.27538306904046,184.50150981120137],[169.4395825177724,184.5594277736087],[169.54896802597852,184.64010849690854],[169.95287275423857,184.20121274888118],[169.9656344503578,184.14455976822126],[170.2306344756034,183.95143223733805],[169.9819732319609,184.23876106834058],[171.0621124258687,183.92530906953724],[171.55153702436763,183.68384174886552],[172.3500332070214,183.15688747325015],[173.25261857684103,182.78465492668857],[174.3011574213176,182.29770337882172],[174.7459846976501,182.29108234111573],[175.1690306623583,181.79349385753696],[176.58572641857813,181.36894197731874],[176.88691938478192,181.50915760381497],[178.25131359338135,181.3903028956703],[178.97171838785408,180.88176565669622]]]]}},{"type":"Feature","properties":{"Level":"ADM1","shapeGroup":"BRA","shapeID":"BRA-ADM1-79741978B70025964","shapeISO":"BR-PI","shapeName":"Piauí","shapeType":"ADM1"},"geometry":{"type":"MultiPolygon","coordinates":[[[[147.7209730407087,183.38495441927677],[147.65469713451404,183.25718792686882],[147.96585562265847,183.3113572015542],[147.78607610898376,182.9269980959894],[147.03767654099727,182.53403697238195],[145.79132179566867,181.6779625966782],[145.9143478026029,181.7109814381443],[145.89179381618112,181.56627071728946],[146.13445096601694,181.62607996896384],[145.97813287996195,181.24325815031827],[145.60312659621235,181.05933264331122],[145.7071729504372,180.9237446040775],[145.5049889261362,180.71418814552146],[146.12262183082987,180.76921952785418],[145.82230749048833,180.5234177929937],[145.40382421011634,180.25104364660893],[145.54700777391722,180.30268366397968],[145.6589157768819,179.97107341474572],[145.21464780145044,179.59251441279307],[145.62944327287846,179.74280248068737],[146.28989260891052,179.80687388279787],[145.81395871477915,179.4820378689096],[146.1185824931854,179.39981428802665],[145.57476467417595,179.07813240794738],[145.44824720716693,178.76766638072297],[144.9746491493729,178.53909412578668],[144.47300845071337,178.14305698940726],[144.03891276766487,177.9521991828966],[144.1077604000673,177.93942289478468],[143.9888651396262,177.82598459801798],[144.20506313530217,177.69767534222964],[143.85453554936308,177.50872158971333],[143.61930772779021,177.34017373622427],[143.76253849016547,177.33316652379702],[143.40300788135107,176.97529299183736],[143.44925994948986,176.79330070463095],[143.77923718386376,176.69531614126683],[143.628887002263,176.5760716459318],[143.82836229823002,176.59024342027047],[143.85029782178225,176.49926801783616],[144.13393569441578,176.5374230642167],[144.31919854758033,176.4090703421371],[144.69006293719096,176.37687559021418],[144.410338400619,176.18247307308167],[144.46402737405947,175.97767956140046],[144.15635700874367,175.79557454122934],[144.22782053423856,175.69031336293747],[144.01839313320528,175.63626853409883],[144.09591841476896,175.52343310751553],[143.84873481449108,175.30015611400506],[143.92567096779229,175.1443706362342],[143.60051805338696,174.96330288226505],[143.45056454691837,174.19337432283862],[143.15633242771952,174.0166692994271],[143.33190165010225,173.99595516855197],[143.34764612451954,173.80493113515533],[143.16703638172413,173.56866747909947],[143.39049252876356,173.27082883909887],[143.16674226303178,173.13089767740234],[143.05371700071626,172.81728850827497],[143.28253857023387,172.55531563220268],[143.17652209492658,172.45506442373141],[143.95543190718843,172.27632804621535],[145.03873168848816,172.14347779672204],[145.30560542626677,171.8962153193454],[146.01116597266176,171.82678140677535],[145.2539566275724,171.74362798516182],[145.0200489218552,171.3776591974891],[145.23747253942045,171.3133166707541],[144.8960839126395,171.32912206583183],[144.97573292032982,171.26652827267978],[144.26315891496463,171.1128715529078],[143.9376394948693,170.75785236970387],[143.83149561521444,170.5789302322691],[143.5889218206339,170.38553004280826],[143.11397226964976,170.43780680150644],[142.57879299532965,170.4145140701419],[142.49184357176418,170.34328799874075],[143.06133666211815,169.7275775123364],[142.74922236791866,169.5284860231621],[143.75756992012322,168.90329954379632],[143.83162369852255,168.41710145095095],[143.44882022648923,168.0485714991521],[143.58528897271177,167.8578848612617],[143.2623364514958,168.00848648284958],[142.74861905778428,167.96915062159454],[142.2666004328295,168.1039848010908],[142.2253586366132,167.90258367652865],[142.05035214732874,167.98104884782538],[141.94920617314696,167.82979752164027],[141.5618146022828,168.08557410781873],[141.37225810001257,167.877088310612],[141.02727393186984,168.15730747263916],[140.68644135775668,168.12663897184234],[140.64138770712287,168.01072164722888],[140.51473122244383,168.0428475242609],[140.30455524018254,167.884089389692],[140.19487195936813,167.92962136423506],[140.13068279689298,167.80608690468],[139.92392280088802,167.78425424833307],[139.9632010620672,167.68732131309523],[139.27744140773376,167.59619887533782],[139.17074242553605,167.61567656126346],[139.00537494018693,167.36947240698876],[138.72255894646634,167.2940865788182],[138.4776598273171,167.026417187679],[138.1732565792882,167.0992009992782],[137.8180968195207,167.02508629281112],[137.6043581050059,167.06376209974246],[137.57915830092898,166.86363576694788],[137.26434654013843,166.74384830344866],[137.11492560675168,166.53811648949187],[136.9667276051966,166.57908414314073],[136.7392625973205,166.50878678664566],[136.46552463863853,166.59396262929016],[136.33855633837192,166.564579788785],[136.2170604975687,166.6094282402137],[135.8844186090264,166.60787065935884],[135.31463130452363,166.69949968078356],[134.76970270994786,166.64575793378214],[134.7702501290231,166.59139518603442],[134.5105485188206,166.56043399658074],[134.40810282753966,166.47589908699956],[134.21667307024308,166.51381870863162],[134.23920994895494,166.4544565118767],[133.78406455523873,166.5547232033637],[133.64951896603552,166.4973287813297],[133.15654896714955,166.59508464490733],[132.9659723244942,166.47046265791045],[132.7107641216588,166.51163563984153],[132.6825044885648,166.60170371879147],[132.50185388976197,166.59838059896185],[132.17686444144098,166.64814074344355],[132.1624540824922,166.7524548720622],[132.0389651507076,166.79730053365236],[131.70481137758955,166.77540752216345],[131.43232288546304,166.82385362519412],[131.04265835557035,166.7558955508824],[130.97927380702066,166.7778511470736],[130.6391245355942,166.74580483213987],[130.28809487040635,166.85435807762406],[129.97866648761342,167.0275669295944],[129.74758862540094,167.08197572203787],[129.02899005894437,167.07866232061198],[128.12575482128628,167.02390139031925],[127.58300596752815,166.92442348930794],[127.58353342124558,166.83518752148942],[127.80024949762097,166.7514156880846],[127.81457111078862,166.69969486238347],[128.46599047852746,166.58199363535334],[128.1316636404372,166.53541267028487],[128.22262080353164,166.50352113694896],[128.13347772651213,166.48070147952404],[128.33156543123198,166.42031610417774],[128.1717725728317,166.34621966925454],[127.76070937334032,166.3801421616651],[127.7350199886256,166.2290741323895],[127.48353100774041,166.16695621306047],[127.56296335564751,166.10408609011552],[127.20645095599225,166.0218274690373],[127.26024294311875,165.96470262580323],[126.55214023262624,166.02548189073408],[126.65572932338645,165.94045769614954],[126.472666060063,165.83229739790218],[125.94296449107318,165.81399496732888],[125.42698583245532,165.90947995093867],[125.0537626336218,165.9402917263479],[124.3089387324342,166.1165785279432],[123.94467072801257,166.09991223173722],[123.13745397327621,166.13367013547537],[122.71639090452857,166.18842590604672],[122.09269985462485,166.1861194409829],[122.10740183757684,166.12370259031434],[121.24422829719174,166.11646175209953],[120.83598380855831,166.04369520161046],[120.2064389392552,166.029978419884],[119.14868553780181,166.09147179451526],[117.92038822125592,166.0919755966736],[117.7977539176036,166.1320742784149],[117.17280110421213,166.1810806175218],[117.01702864850253,166.2608571007255],[116.68426952142917,166.29961323061715],[116.6084510701476,166.42169382405456],[116.96583779637223,166.46523886520137],[116.79226779377596,166.48787284937265],[116.78257461705242,166.5463040320705],[116.1663180116504,166.6540134735493],[116.159848899158,166.70706672381922],[115.96387271160924,166.7407867112556],[115.96899772314659,166.83066382234642],[115.73971481868325,166.87403881675272],[114.87918897644005,166.85353640605015],[114.65201300210224,166.76573258885958],[114.28783524843791,166.75287178944242],[113.73539130860767,166.8139743729552],[113.2400122118388,166.81269306355273],[113.21580631818486,166.86323397623096],[113.66016273298982,166.91986374193039],[114.32012680200143,167.15826582906723],[114.28176770593812,167.27631062616018],[114.77979579580301,167.43708236229125],[114.74040200915593,167.49643591490903],[114.96627677976873,167.58124373304895],[114.91952274149389,167.63713536381607],[115.43388663577028,167.7444466696765],[115.23619264080105,167.88272832239443],[114.97504378665857,167.89646713961986],[115.19624154185033,168.07009649595912],[115.08379478373584,168.12823813640549],[115.20222034844303,168.23866134913877],[115.01432378733759,168.37398704419311],[115.44795814625611,168.52968296434065],[115.43325153666557,168.57315995629932],[116.33105402300843,168.69030502840656],[116.7679753184295,168.80136547032933],[116.97071039728684,168.78993671870194],[116.82270720587042,168.82551940070982],[117.32087788527278,168.91235112205553],[117.35800613621065,168.97667401981573],[118.19244465216931,169.21368655425795],[118.57507198336049,169.25823952589013],[119.10674195587913,169.45111787647346],[119.04594225781301,169.47355866245098],[119.22233674190598,169.48556557017773],[119.15751405282083,169.51533024863107],[119.5516673317023,169.61069945083983],[119.46055709664748,169.62988977407744],[119.59685389767355,169.63159987311013],[119.52970472208973,169.66981286024446],[120.3212174388361,169.88792704924504],[120.40029546997866,169.87096319419595],[120.76720515778986,169.93996582657843],[121.80883514850973,169.95507250079356],[121.85896566633711,169.92489321843442],[122.30833658457834,169.96689823300926],[122.91837118230507,169.91736806701567],[123.68980748948086,169.9056621343118],[123.89351695153039,169.9487970050207],[124.08417949082235,169.93767232367296],[124.48831695381551,169.9869832068857],[124.66146220685027,169.94763698050923],[124.90858599879395,169.94999893445572],[124.94033603835156,169.90562245975423],[125.17334004955724,169.86396696842434],[125.42024485192238,169.933731814445],[125.71975860442456,169.9085504523655],[126.16991305813167,169.97200284360815],[127.4310519894197,169.92104845901545],[127.85115095355572,169.85880224298182],[128.31873192116333,170.00124226049232],[128.4603439932472,169.98968445775353],[128.77715176908828,170.0648826947653],[128.92271147101118,170.0558109864012],[129.35943693879486,170.18694645924865],[129.42578979303553,170.15800036783313],[129.46037083956628,170.23172994744536],[129.62650911124953,170.21087080570328],[129.8455090283275,170.28996164047845],[130.3543060635639,170.33803008436175],[130.45611617555767,170.29802221557935],[131.22204341604115,170.42193083680456],[131.77359484506965,170.46554566116419],[132.07127668110394,170.42793767731376],[132.16621075936553,170.4569911395102],[132.4894814866206,170.34801574126908],[133.03244633521007,170.5026348397799],[133.34297504915705,170.55284527251717],[133.49694070471912,170.61398718933592],[133.92545554714383,170.65764545619723],[134.2572187443126,170.75749653212148],[134.60674517127848,170.7992987598613],[135.1559433256499,171.0238333204573],[135.67697764837754,171.39690543684674],[135.7555565211212,171.52876215311872],[136.03634795619053,171.77022135874347],[135.9515141283643,171.7370887509049],[136.0619297715063,171.86978777600348],[136.03614818729403,171.9847795116687],[135.7393197157371,172.02856854471628],[135.69365150146365,172.16519641899527],[135.47722024469456,172.15884393871323],[135.4016555548069,172.29653530840434],[135.56877188502716,172.43338768486353],[135.42531780398755,172.62499592116933],[135.56812992917168,172.73703454055988],[135.55287536892416,172.99225997392557],[135.66688744631512,173.0405360382848],[135.6802316381889,173.3109570141802],[135.7692607047589,173.38475468779166],[135.97735548309817,173.42773482772228],[136.35797999105318,173.81079833076876],[136.52497465697405,173.89138662047964],[136.66379062205547,174.049812727156],[137.03119332621097,174.23481035204904],[137.18098881860357,174.4111128275114],[137.20049929224456,174.5604270767895],[137.38998917214363,174.70021183941375],[137.52944028227108,175.27579189759814],[137.38731476216785,175.7142367173846],[137.5573058750003,175.8511229519734],[137.46776822406264,175.9423341021594],[137.93969869520947,176.34313916320318],[138.08769199445987,176.63913765293748],[138.01722828419815,176.6640671593309],[138.07667408736182,176.77435255367647],[137.801666876563,176.87033117029858],[137.8940367900134,177.30766249602488],[138.17287152913536,177.51573118128005],[138.28727274777117,177.52671781992007],[138.28152075247803,177.5956123234434],[138.45098568362118,177.67648863380842],[138.7589359374451,177.98426823257665],[139.09157113303075,178.17241797207697],[139.48036023594372,178.5825321987718],[139.57260289440103,178.87548385594647],[139.98576745693794,179.25014960032834],[140.22554606857247,179.42196858188856],[140.68751051661638,179.9302279525608],[140.64233517090943,179.8401039103652],[140.73508649245773,179.84000575889405],[140.91971982240312,180.00708489836688],[140.92512709551914,179.94443186377654],[141.3329927046425,180.22958236670343],[141.402181683328,180.2006491597411],[141.786061842315,180.38668819651622],[141.90521519640737,180.5430243720491],[142.0689358701245,180.61556765559234],[142.42168604675675,181.01967324281603],[142.25768410015374,181.00104569744707],[142.3492176967856,181.1005672489827],[142.93747715829667,181.26243091759568],[143.36463021396622,181.5763983794308],[143.45172221784557,181.5692319242924],[143.70704102889056,181.84631707251435],[144.45130300544074,182.30127329462175],[144.73895742027386,182.51157797631328],[144.58989531667862,182.70865830066109],[144.93692939010225,183.04334935933738],[145.26764799604464,183.21497311886287],[145.33616098921078,183.11205254969383],[145.9277992342092,182.9192380522072],[147.7209730407087,183.38495441927677]]]]}},{"type":"Feature","properties":{"Level":"ADM1","shapeGroup":"BRA","shapeID":"BRA-ADM1-79741978B76176925","shapeISO":"BR-PE","shapeName":"Pernambuco","shapeType":"ADM1"},"geometry":{"type":"MultiPolygon","coordinates":[[[[199.3339953538853,159.78555524723623],[199.27898105291325,159.8329117309557],[199.30259529676295,159.92527004556283],[199.3339953538853,159.78555524723623]]],[[[205.68564479416818,180.39718998855668],[205.8637358713189,180.31631323703547],[205.5600392125184,180.32975940713567],[205.68564479416818,180.39718998855668]]],[[[164.4598389931788,165.2903008895883],[165.67408387529784,164.61700178798216],[166.65471339905784,164.66920188140725],[167.09509337673322,164.85126858958685],[167.57955792513718,164.78948491450166],[168.18046293883953,165.0435472575376],[168.45474336010423,164.96071768739077],[168.6970095879669,164.26828943855483],[169.25540159739785,164.234867617955],[170.05644479346282,164.52474715684983],[170.9188100636462,164.26643376093745],[170.98185958402925,164.53501620936817],[171.36807212674188,164.7190587934175],[172.0224663014642,164.64559453199004],[173.26753275356037,165.3819902826338],[174.02141309881455,165.55184734518417],[174.24757979151622,165.35884646107746],[174.4822651748037,165.52440931048739],[174.33486422352757,165.59945055831446],[174.8870967082984,165.98000966742944],[175.6648226774231,166.11719151444163],[176.74862877738144,166.47761908736447],[177.13979697786345,166.9935678600899],[178.67480837380566,167.12829353332893],[178.91690993623328,167.38099194963507],[179.9304852276026,167.4174806254191],[180.60527594711078,167.05629494959908],[181.44766037260558,166.84188355194425],[182.04696987537838,166.69276302371316],[182.05167533691585,166.42995850790354],[182.38076095946133,166.17482661824477],[181.06875386778015,165.9040233261411],[180.21946956232125,165.3880215343757],[180.77918737554478,164.762017721528],[180.56577160584348,164.5110587445963],[179.67702942840984,164.37967581050202],[179.85676038664693,164.2224978140578],[179.62631800157524,164.2188604678141],[179.64575457337202,164.05690898192864],[178.98676159375844,163.8962302458044],[178.9014989201829,163.70170885717206],[178.51764403436198,163.63132955540928],[178.5079155458973,163.41793155662717],[179.80545082009144,163.41714713100436],[179.96152720148777,163.5455621097197],[180.37051113404033,163.25961789896925],[180.3492622834008,162.43956896451007],[180.13506622329487,162.13095703673832],[180.55169651036204,162.066799488189],[180.46573907855978,161.83256174502318],[181.00530798328413,161.62456565428786],[180.87004992583914,161.36983555944698],[181.68038588686582,161.0267509823501],[183.62231367169798,161.8796874346763],[183.9022007499927,161.83074631221376],[184.30062953071132,162.15710245629379],[184.62373174014613,162.14798432547354],[185.21786914165725,162.49942489443063],[184.95815899154888,162.66851981083343],[185.25578931203657,162.82375032523936],[185.51775581311037,163.57112127640315],[185.83317934381336,163.50388115530134],[185.93278492422417,163.88881398859257],[187.09466872676305,163.8021070773764],[187.3271475304033,164.4615041830601],[188.47548971530574,164.51123262578156],[188.85941564102603,164.36469121382612],[189.0575934493151,164.45055560438453],[188.92301439752256,164.58051370555515],[189.2735815768594,164.7638824390204],[189.4494187606939,164.61323720283852],[190.65482226697958,164.65959569102742],[191.31572325869513,164.46063612349778],[191.52896826605942,164.59573357673642],[192.0013288101524,164.54913793849545],[192.1970218777476,164.78082740221538],[192.54332161742315,164.74938627698089],[193.49606808719943,164.99904150593292],[193.59576214152656,164.91374945127492],[194.0691862470762,165.1676368863163],[194.7744074948462,165.20019326941872],[194.5815319804287,165.56396099746559],[194.80564355649764,166.13032979009586],[195.05315919726485,166.29943481865695],[195.18670486017368,166.1838395728207],[195.6583536260664,166.36317113342895],[195.73489273716396,166.56874085770986],[196.2499613392986,166.75717387596788],[197.4139161890802,166.60865899557868],[198.05415384861308,166.2363992272977],[198.29080816517524,165.78435356630058],[198.96346636425034,165.74209652844533],[199.2226097200185,165.2915901572363],[199.1829062585953,164.83451635299912],[199.34128946954712,164.4830041646842],[199.3156972711844,164.10670728161818],[199.57829165671774,163.47871258484298],[199.59649806296596,162.80099260739271],[199.32355097086426,162.261431871155],[199.37305814609164,162.02353629738738],[199.4865070676158,162.25127498222855],[199.29470454447937,160.51937049610723],[199.4173312631103,160.04105813406454],[199.28785225203433,160.0859583551076],[199.243543412357,159.85130102102337],[199.0347121854661,159.84123224184003],[199.335649486159,159.74305665748],[199.01081873411817,159.61888656837942],[199.14586766581246,159.49185531690893],[199.09936374334032,159.1713874534547],[199.28438812793064,159.59569419029435],[199.06403346112714,158.41914747166192],[198.723989771721,157.25118399091036],[198.78181587675445,156.8357416473625],[198.40058450726593,155.51745276641142],[196.79199804911644,155.67003154350382],[196.32036535534635,155.77670768745716],[196.21505181189244,155.9592851830934],[195.6979337439708,155.92527582583884],[195.00527204903673,155.4319951233955],[194.15429625802807,155.16453465827811],[193.88174543788662,155.31634467921248],[193.76232957662285,155.70885266886705],[193.5412003121701,155.52980589582336],[192.9867685935534,155.66113022419742],[192.77250317425194,155.43712073589876],[191.46734275671025,155.32078253033484],[190.83740262635686,155.02688758472868],[191.08521685478053,154.666020914291],[190.85815348985378,154.39582936843513],[190.1231810615497,154.31648110625702],[189.75227936454985,153.87409621367112],[189.43328199312037,153.89780336415876],[189.4826133966475,153.3881534051924],[188.74456311845267,153.18335064648628],[187.92620752921397,152.9522799714349],[187.74086921097245,153.10231439305664],[186.29137206766316,152.52213448460975],[186.36824040578279,152.2061387684224],[185.94291966126454,152.15338323217165],[185.09620576768245,152.47486652192512],[184.1695209336006,152.83207791234102],[183.28488504343363,152.79804311384956],[182.84166474288364,153.0035781855285],[182.5444602887871,152.93964083206063],[181.8245683285265,152.3076843882393],[180.94013087895598,152.9828602999614],[180.4910123914153,153.08348927682263],[180.51558989012761,153.31471525927236],[179.8013285916877,153.72514844462978],[179.226886602087,153.56007222902736],[179.29106630443638,153.81982090067697],[178.85139445718312,154.04510549110182],[178.42349765045773,153.9203923015877],[178.4517512050671,154.161892342957],[177.99168745052032,154.544150138877],[177.3450410153609,155.08665828264083],[176.46857453937218,155.76118328225832],[176.03828240731931,155.92694094649144],[175.48683581546925,156.14516684277217],[174.50386513554037,156.1943770134069],[173.99023778532953,155.9719617947688],[173.420259031155,156.16398128505097],[173.68347309412164,156.20155780616028],[172.94731192233473,157.29455002964477],[172.12300660982424,156.99833074110109],[171.709086541881,156.12680066636824],[170.9581550896125,155.67912741879402],[169.7914996847127,155.19509211586336],[168.54685989881324,155.32971385700804],[167.53134047439517,154.94553673131614],[166.45203853288368,154.7142228761965],[166.30950291912717,156.10889960848564],[166.7624724538985,156.23739754634624],[166.41699071757384,156.61005266871723],[165.552728519691,156.35962079835014],[164.63287144051003,156.76895339134194],[164.59866359569094,157.10344010607253],[165.1110859526325,157.5413591634622],[164.66824132148253,157.82890811771836],[164.23064628021336,157.71020815459605],[163.87329927726907,157.67802344850827],[163.39495740103106,157.15303354903529],[163.09769603250913,157.11507940920123],[162.79728754287163,157.2918309519599],[162.86226450259232,157.7824321707821],[161.9432488871628,158.48089036480184],[160.35047839519444,158.71511833707342],[159.65471840347968,159.2433842980205],[158.0274966196553,159.99733670679365],[157.61913841542577,160.77774448387973],[156.55344833354928,161.25114800506987],[154.10244160140883,161.1734018115166],[153.49910880940485,161.3118177759468],[153.214541986132,161.42127871625783],[153.37816050072905,160.76742271828044],[151.31556228922423,161.6149321243074],[151.1188297264053,161.54940657776183],[151.35836204564296,161.20925528182988],[151.272227788577,161.03724166217052],[150.47670106334886,161.03745179284596],[149.5233200081492,161.45361525011884],[148.9500562614648,161.5608058224395],[147.90975905400705,162.3445743601139],[147.66299405900128,162.3923203430969],[147.07016928613479,161.68825894496769],[146.34332317982432,162.0985123223677],[146.12661797107728,162.0382232792406],[145.61356847686463,162.34033305957834],[144.7452156159313,162.5436354109483],[143.44320029595127,163.40841417365948],[143.58396941322061,163.65167060477768],[143.41076179795186,163.81724260730624],[143.97566223389668,163.65908377984988],[143.83482397446073,163.81800031863537],[143.98845257589764,163.95417009844613],[142.66705367431717,165.01092210906864],[142.30663353667762,165.68561109830898],[141.66594002891665,166.45557023707727],[141.25088429346152,166.69260032479707],[140.98293625238608,166.74895896832805],[140.85777341137052,166.99463886607248],[140.50847632808873,167.1618006728868],[140.37150462684747,167.29791544475904],[140.4376862450078,167.39410824787598],[139.90251581621874,167.49527180759782],[139.6644622024812,167.45211755795762],[139.27744140773376,167.59619887533782],[139.9632010620672,167.68732131309523],[139.92392280088802,167.78425424833307],[140.13068279689298,167.80608690468],[140.19487195936813,167.92962136423506],[140.30455524018254,167.884089389692],[140.51473122244383,168.0428475242609],[140.64138770712287,168.01072164722888],[140.68644135775668,168.12663897184234],[141.02727393186984,168.15730747263916],[141.37225810001257,167.877088310612],[141.5618146022828,168.08557410781873],[141.94920617314696,167.82979752164027],[142.05035214732874,167.98104884782538],[142.2253586366132,167.90258367652865],[142.2666004328295,168.1039848010908],[142.74861905778428,167.96915062159454],[143.2623364514958,168.00848648284958],[143.58528897271177,167.8578848612617],[143.44882022648923,168.0485714991521],[143.83162369852255,168.41710145095095],[143.75756992012322,168.90329954379632],[142.74922236791866,169.5284860231621],[143.06133666211815,169.7275775123364],[142.49184357176418,170.34328799874075],[142.57879299532965,170.4145140701419],[143.11397226964976,170.43780680150644],[143.5889218206339,170.38553004280826],[143.83149561521444,170.5789302322691],[144.71750990311506,170.26883702801655],[145.4971118437628,170.17128515919623],[145.99288504188928,170.25710383159566],[146.63660191790802,170.1454500642843],[148.29433282738015,169.43277645110362],[149.9012533919973,169.1133238292788],[151.74267849321598,168.9548189259422],[152.9563360652855,168.57579877422384],[153.57944385230937,168.23985832255806],[153.91568640235636,168.10778016706362],[154.19322939627523,167.80382733979562],[154.81000752557358,167.67970243987793],[155.1951885201892,167.33489495140805],[156.18299969337664,167.19747906922748],[155.85660636978582,166.92452305525237],[155.98873162777022,166.68316660279757],[156.4042870249633,166.5861371058835],[156.57215496341956,166.36900480343962],[157.82668512171355,165.69521917241295],[158.19305971220106,165.63236157719896],[158.49546436413914,165.3026075535912],[158.89698558635484,165.30633023325555],[159.99026167560083,164.68835364357466],[160.0858252233093,164.11629637879759],[160.7049608213929,164.18208771385386],[161.00430842270453,164.2714537815223],[161.11715468709622,164.1147539843559],[161.55268066750205,164.10119503675105],[161.84298850326732,164.56699179348453],[162.54205397024026,164.67297524289515],[162.70105645502343,164.8757685488581],[163.2273537146167,164.86640214027443],[163.29126079376226,165.12142217629295],[164.14912630207277,165.1029062409466],[164.4598389931788,165.2903008895883]]],[[[199.34748666669825,162.2261526906162],[199.40922966994404,162.30673954851346],[199.47903276419703,162.3212532098761],[199.34748666669825,162.2261526906162]]]]}},{"type":"Feature","properties":{"Level":"ADM1","shapeGroup":"BRA","shapeID":"BRA-ADM1-79741978B62581401","shapeISO":"BR-AL","shapeName":"Alagoas","shapeType":"ADM1"},"geometry":{"type":"MultiPolygon","coordinates":[[[[194.11024647565335,149.358052856171],[194.17443288611378,149.58771606836626],[194.24253630008968,149.5324631441306],[194.11024647565335,149.358052856171]]],[[[166.45203853288368,154.7142228761965],[167.53134047439517,154.94553673131614],[168.54685989881324,155.32971385700804],[169.7914996847127,155.19509211586336],[170.9581550896125,155.67912741879402],[171.709086541881,156.12680066636824],[172.12300660982424,156.99833074110109],[172.94731192233473,157.29455002964477],[173.68347309412164,156.20155780616028],[173.420259031155,156.16398128505097],[173.99023778532953,155.9719617947688],[174.50386513554037,156.1943770134069],[175.48683581546925,156.14516684277217],[176.03828240731931,155.92694094649144],[176.46857453937218,155.76118328225832],[177.3450410153609,155.08665828264083],[177.99168745052032,154.544150138877],[178.4517512050671,154.161892342957],[178.42349765045773,153.9203923015877],[178.85139445718312,154.04510549110182],[179.29106630443638,153.81982090067697],[179.226886602087,153.56007222902736],[179.8013285916877,153.72514844462978],[180.51558989012761,153.31471525927236],[180.4910123914153,153.08348927682263],[180.94013087895598,152.9828602999614],[181.8245683285265,152.3076843882393],[182.5444602887871,152.93964083206063],[182.84166474288364,153.0035781855285],[183.28488504343363,152.79804311384956],[184.1695209336006,152.83207791234102],[185.09620576768245,152.47486652192512],[185.94291966126454,152.15338323217165],[186.36824040578279,152.2061387684224],[186.29137206766316,152.52213448460975],[187.74086921097245,153.10231439305664],[187.92620752921397,152.9522799714349],[188.74456311845267,153.18335064648628],[189.4826133966475,153.3881534051924],[189.43328199312037,153.89780336415876],[189.75227936454985,153.87409621367112],[190.1231810615497,154.31648110625702],[190.85815348985378,154.39582936843513],[191.08521685478053,154.666020914291],[190.83740262635686,155.02688758472868],[191.46734275671025,155.32078253033484],[192.77250317425194,155.43712073589876],[192.9867685935534,155.66113022419742],[193.5412003121701,155.52980589582336],[193.76232957662285,155.70885266886705],[193.88174543788662,155.31634467921248],[194.15429625802807,155.16453465827811],[195.00527204903673,155.4319951233955],[195.6979337439708,155.92527582583884],[196.21505181189244,155.9592851830934],[196.32036535534635,155.77670768745716],[196.79199804911644,155.67003154350382],[198.40058450726593,155.51745276641142],[197.88688394666852,154.04405444906152],[197.5779859397274,153.16896507135624],[197.186187777,152.57129316521764],[196.52401991741561,151.86514701976557],[196.2410995272644,151.36694067331757],[194.80865182849908,149.8921228931148],[194.78213581540308,149.5683566651371],[194.27152138805297,149.3736304862968],[194.29755967051148,149.64573285665307],[194.0841165590565,149.6423745523037],[193.88852014835953,149.2972121842456],[193.7657020559511,149.1889663626965],[193.69527930755683,149.05301334938844],[193.7510458428095,148.9999450358728],[193.89584321440393,148.95694976279765],[193.67424881338286,148.66061339417953],[191.7487538786573,146.75656697360938],[190.17921356960767,145.79202588021832],[189.5936195660189,145.4369231559572],[189.35795605524896,144.8901771628626],[189.08222118465693,144.63367275927183],[188.13392525726533,144.14269352652067],[187.43414423993931,144.61408450923938],[187.00857312416454,144.50814423185946],[186.3558422749415,144.60433911537427],[186.43504110789715,145.21386665018008],[185.63529664055991,145.79516499022571],[184.59398937681095,145.76504506387153],[184.31792474966036,146.0106385489428],[183.3820133140535,146.18258211565177],[183.11986412459243,146.52093790681397],[182.2851367826031,146.85224336246463],[181.4814920910987,147.99959921554472],[180.66413320785375,148.06189462382218],[179.76226424336377,148.54778560813224],[179.2486101228588,148.887601518839],[178.1166116675236,149.0937412119406],[176.99717863828727,149.94542588951737],[176.75702585287317,150.13093717937357],[175.08932913776852,150.53897466997554],[173.92088535729025,150.87824868146186],[172.17229422270822,151.90061342647462],[171.07893504351713,152.05209630379386],[169.93419736386312,152.94789022753108],[169.7664508903005,153.01919104891027],[168.65481703766162,153.28865308442653],[168.48962962615462,153.53017493047088],[167.71182882914138,153.75522129136658],[166.56024274496565,154.14707097152132],[166.7708590947164,154.31181114673944],[166.45203853288368,154.7142228761965]]],[[[193.8638676952487,149.25370308945222],[194.09698696137042,149.28398620212866],[193.777731716676,149.00917678485797],[193.8638676952487,149.25370308945222]]]]}},{"type":"Feature","properties":{"Level":"ADM1","shapeGroup":"BRA","shapeID":"BRA-ADM1-79741978B73095331","shapeISO":"BR-SE","shapeName":"Sergipe","shapeType":"ADM1"},"geometry":{"type":"MultiPolygon","coordinates":[[[[168.65481703766162,153.28865308442653],[169.7664508903005,153.01919104891027],[169.93419736386312,152.94789022753108],[171.07893504351713,152.05209630379386],[172.17229422270822,151.90061342647462],[173.92088535729025,150.87824868146186],[175.08932913776852,150.53897466997554],[176.75702585287317,150.13093717937357],[176.99717863828727,149.94542588951737],[178.1166116675236,149.0937412119406],[179.2486101228588,148.887601518839],[179.76226424336377,148.54778560813224],[180.66413320785375,148.06189462382218],[181.4814920910987,147.99959921554472],[182.2851367826031,146.85224336246463],[183.11986412459243,146.52093790681397],[183.3820133140535,146.18258211565177],[184.31792474966036,146.0106385489428],[184.59398937681095,145.76504506387153],[185.63529664055991,145.79516499022571],[186.43504110789715,145.21386665018008],[186.3558422749415,144.60433911537427],[187.00857312416454,144.50814423185946],[187.43414423993931,144.61408450923938],[188.13392525726533,144.14269352652067],[185.80133883070525,143.85651887152267],[183.1991030193337,143.30823112140666],[182.67027205200333,143.2620981496658],[182.2632145448971,143.16762288114637],[180.57743992922752,142.89191977923022],[178.86693785572953,142.55235374464064],[178.46633139481827,142.51135838443378],[178.0870474668113,142.55890830243857],[178.22759529978828,142.44577993626018],[176.6087926165744,142.3671435354931],[176.13881533252916,142.21155779316084],[175.54103953819157,142.279547572464],[174.74039589651025,142.29880963993517],[172.574938307892,142.65786304279277],[172.4484161558663,142.7445313326543],[171.46015709883233,143.00776425034627],[171.16550380839868,142.94843932521667],[170.37023683779975,143.1899028171453],[169.40829732587463,143.57322261699224],[168.5536617584821,144.05467881380795],[168.7414244972734,144.04531228153613],[168.1253059186771,144.32784970355914],[167.85190968070512,144.59503778507778],[167.65543029375158,144.63484969826126],[166.80925432284084,145.60508805624798],[167.12886498840885,145.78043280808532],[166.185757234833,146.36220005598796],[166.10248592641145,146.59344715605698],[165.8315951807791,146.77441812763772],[165.98192897391698,146.8356151835995],[165.4851217696338,147.358672536672],[164.94557342789557,147.71368066151024],[164.84476231846327,147.96625475972067],[164.3566859875094,148.32581946717107],[164.21288245882113,148.7183811752158],[164.53422889397842,148.9435181560268],[165.08518487885254,148.86734565405968],[166.52457918786325,148.15304449832755],[167.1397943560865,147.56652338907398],[168.8241467569794,146.8940931049167],[169.23811115150198,146.7869424274789],[169.28184654023065,147.7361967175587],[168.86958539637914,148.18091857719446],[169.28997585718818,148.32733286299396],[170.51529357891195,148.12605014234418],[169.79091045885613,150.19000000860052],[169.11119134847422,150.4610183339773],[168.34587199957227,150.85718922055494],[167.98218569419757,151.35790747061264],[168.52417834122105,151.7815260610349],[167.8259326604724,152.1886186413268],[167.7676975982635,152.59729251607928],[168.55033130692067,152.68989925788588],[168.06381461444323,152.9507703002197],[168.0522063904352,153.12285350485897],[168.65481703766162,153.28865308442653]]]]}},{"type":"Feature","properties":{"Level":"ADM1","shapeGroup":"BRA","shapeID":"BRA-ADM1-79741978B49324277","shapeISO":"BR-MG","shapeName":"Minas Gerais","shapeType":"ADM1"},"geometry":{"type":"MultiPolygon","coordinates":[[[[167.87284890407014,131.48034360715837],[166.70888401821108,131.92487938931984],[165.8409186429273,132.18877923069962],[165.25314105618392,132.4434727657016],[164.77129893679634,132.50297290685836],[164.88620049067956,132.3586941294762],[164.40987296179216,132.44954699299424],[163.79464183395444,132.7064745333771],[163.29157510977865,132.98553404774364],[163.0099340521022,133.00286166292392],[162.78771914735293,133.11429168659524],[162.6910640870666,133.1109949448032],[164.157849921795,132.3295767085438],[164.33719282193374,132.1492997210195],[163.74393653465754,132.36406494636043],[163.23635359512394,132.63333244055502],[162.90428616387015,132.63086527683186],[162.70564605086636,132.7288084849109],[162.6425691147711,132.68908431085322],[162.33626180558852,132.8142994123403],[161.93276271909517,132.8097732147055],[162.14641397788648,132.63441088525803],[161.8388669948692,132.6060068267974],[162.30324375335653,132.20570460573452],[162.11782577808293,132.19760763229925],[163.4222604763222,131.72033862172563],[163.876352973342,131.115577531078],[164.9752614873495,130.58314142552192],[165.65988468681405,130.02140478955198],[165.37522678239023,130.05884643226526],[164.1772141155381,130.49336528431235],[163.82833892019713,130.72355520601792],[163.0250479441853,131.0163769847412],[163.1496242488282,130.834361727069],[163.47793830454933,130.64899927607996],[163.4484084063262,130.71463593788815],[163.7969375448969,130.58013215911978],[164.85878649657093,129.97991931692718],[165.26010862609587,129.74981348682803],[165.44131106870307,129.69957405727473],[165.20495510515116,129.65082118867042],[165.50392129518536,129.4229330532958],[165.86437349246995,129.2762510281841],[167.12622339048863,128.49498419365506],[167.07600957923694,128.42954559983255],[167.4306943476356,128.17235658823176],[167.26091944798304,128.20996815196236],[167.71396199750276,127.95611613546019],[167.59778659801117,127.88245750586832],[167.86021877530385,127.66522276738989],[167.6954259320973,127.5891033240201],[168.15870097301732,127.31961600143647],[168.11939330541392,127.19756720089481],[167.23306675110734,127.57518927088455],[167.7928550280796,127.11487132967622],[167.34623463376073,127.19654369565296],[167.40943381298874,127.0400734047152],[166.95383936414183,127.10551949485324],[167.1368392853336,126.8161924706703],[167.80899694164194,126.39859797350985],[168.0828048539955,126.04967016965867],[167.71250474161076,126.0434695744662],[167.07779943842957,126.26969950441895],[167.2837556788015,125.95301070096637],[167.6671007358635,125.15742733533959],[167.45373763528602,125.16249419026384],[165.85342061199208,125.79526276561245],[163.97195328159074,126.54645026017225],[164.12154277547182,126.15587683647242],[163.677741075052,126.2169182008011],[163.74338688106602,126.00419608561464],[164.46334344337765,125.53177761879341],[164.71829767964303,125.22113915532813],[164.5222344236291,125.28110728177913],[164.97578449616606,124.81977785868641],[164.80831644858065,124.54021450763912],[165.24259537000657,124.30940000046222],[165.40059803514342,123.40925558702955],[164.9802303124756,123.44343416509983],[165.22601330925602,123.03962061910107],[165.09872812078606,122.46417501469672],[163.8992245830678,123.07821931530776],[163.44672057960406,123.04608151688277],[164.57096055529524,122.04733205355001],[163.93242465351244,121.8650494268343],[163.76684080765048,121.28770027562774],[164.36324590481223,120.30978755870751],[164.05453373037156,120.1973663652035],[164.36465499980454,118.65978572074377],[164.13317935818446,118.92195513441922],[164.1337575267324,118.25803463936286],[164.7925661693478,117.48059108527255],[164.03104330600794,116.4105555266802],[164.2523990118316,115.91660053273957],[165.22915836436937,115.04344189691227],[165.64605921522997,114.30092506201525],[166.14500258646592,113.27949148183671],[163.12084900080612,114.24449976134753],[161.76208435677773,114.60434487771538],[160.52524199083732,114.51537212094597],[159.76047526793226,113.80105763681564],[159.6256992066773,113.61486727163002],[159.83483955953992,112.93977624850228],[159.48994138547974,112.7177562610672],[159.23806276079773,112.43731348139983],[158.8562448220741,113.64190822635177],[158.73306003048145,114.79110265777719],[157.9963241361131,115.33218580831283],[157.6670320407706,116.03706215881257],[157.29574062809567,116.10241985361922],[156.83867838403467,116.78203048010658],[156.41711536027546,115.92749683281946],[155.99270737374655,116.50364334747562],[155.72314768179982,116.26357949195273],[155.46193998594484,117.00072131057573],[155.32977561845672,116.58640051137516],[155.05801881530405,117.18263264415634],[154.99774763261397,116.77018755024483],[154.8490511131335,117.23325197100324],[154.6532184309792,116.97599246089118],[154.2989305550821,117.79946852092168],[153.98788417876074,117.61138093384805],[153.242207458354,116.9256003609901],[152.88335674353644,117.23628768532348],[152.45285939948846,116.52828795049075],[152.12426075624512,115.75556754921473],[152.0797704828531,116.31651547924446],[151.51999070388507,116.37340210346757],[151.17337187201719,117.04725310104334],[150.95851523825118,115.65261607820386],[150.68241092573186,116.17193820729864],[150.47672703313853,115.21107071604477],[150.17091805068566,115.91016383398969],[149.91296756905373,115.16043873386307],[149.84107817472136,114.63247695217696],[149.66190095637288,114.87565829136047],[149.39277357445675,114.0750688279957],[149.19686262745344,114.64152581789536],[148.7907346571094,113.74451101412826],[148.7848337425533,113.13512611965584],[148.48510546655183,112.1441372594011],[148.42636005378193,111.08011199617106],[148.00848973304466,110.25111149717306],[148.0153733514764,111.2445432857023],[147.8445707324684,112.28235542410684],[147.78698035842933,111.20779252830395],[147.49290977011034,110.65464944366008],[147.57637060685227,111.39982176737375],[147.53546777265746,112.11746509201458],[147.27336709094052,110.74730966528861],[147.3101634429127,112.94867380637669],[147.162456204052,112.93723330993703],[147.11093485551328,112.03793794367499],[147.19215272378813,110.81286542986797],[146.78778156992598,109.32613773862977],[146.7304327262405,108.00633433173422],[146.96415891111295,108.4709654487141],[146.90710040397454,106.82767685618592],[146.82025034556005,105.9381358111894],[146.85053969477008,105.36636294651133],[146.78694475813725,106.06565680816225],[146.5654232502958,103.99372978241193],[146.55249030929048,104.84894432704023],[146.3862468175867,104.77191562838901],[146.23093272342396,103.53922600924065],[146.1816699069841,105.57476899141868],[145.75313506319782,103.24207936963288],[145.60960514580177,103.21271443351765],[145.42606787426683,103.06521796467123],[145.18577872250205,102.22814250427501],[145.3200911896402,104.02777234179898],[144.89094036995724,102.90667022225418],[144.82549392234196,103.34851103482701],[144.43380543706934,102.41830894963319],[144.37032994919502,103.43644767975013],[144.6765739941899,105.27745029065375],[144.80723507321326,106.55035457442288],[144.37132482473402,107.03536350809908],[144.41054158494978,108.16325695303178],[144.79768892844788,108.9079386654987],[144.85617816762203,110.79916158263109],[145.00544780393784,111.66665871646109],[144.85696000649529,111.77617531405592],[144.40862010433474,111.97405040870876],[144.48754703232015,112.57940517129236],[143.8426554857936,112.97557540350662],[143.8918007275782,113.88658352218738],[143.6255369450488,114.52313029202266],[143.75168605485283,117.22473418668966],[143.8980937701214,118.3852045755514],[143.24969300527596,118.52119584369302],[143.46112350574091,119.07141801128087],[143.28419089701623,119.24027340488085],[143.34168348738896,119.81672147466166],[143.4920115896849,119.90587987304578],[142.9099588171545,120.98416690997254],[142.892102200001,121.4597667313558],[142.55866379378278,121.84407238226582],[142.44087139687238,123.0511886860499],[142.03697961420585,124.27895977194936],[142.23951777774764,124.48937021653803],[141.82159422230407,125.94907745413404],[141.65228398698062,126.06709688882651],[141.17083899277088,126.87390498462584],[140.87282316057542,126.90905544942649],[140.822635241707,126.64533962345676],[140.2434039778174,127.36169781504483],[140.22851667298258,126.76166730367328],[139.70303109096358,127.113679662119],[139.4536862188466,126.88409639563719],[139.48444734442904,126.15865113214412],[139.0035110843731,125.79849144663234],[138.64765242712326,126.60098168169932],[137.5611877904645,127.63052818915102],[137.42080902753548,128.02014806032918],[137.23732011784523,127.94326097459651],[136.59535807307083,128.60458924133013],[136.49036870560008,128.92935239489353],[136.2355813118014,129.0380485475183],[135.46434923076268,130.04114164772722],[134.18591803221187,130.70201082030846],[133.60951512518662,131.43065943863874],[133.21283755343563,132.33961840353203],[133.61633814149263,132.34438796108702],[133.32914674570492,132.7819491563439],[132.22649336494345,133.42113155695273],[131.38361135227456,133.565463508989],[130.6497163358046,133.81690557744378],[129.81317816571791,134.58832941334776],[129.45931787536176,135.487590711338],[128.7742532455602,135.77790443927591],[127.52941897280905,136.02166614902006],[127.03656257636644,136.14766671840084],[126.31043674000566,136.41152949835364],[126.41544087145036,136.445179572666],[125.56453885420687,136.71256320475538],[124.76806763985923,136.62257515596022],[124.56246614167361,136.40988174022007],[123.10214640740102,136.76607868371178],[122.3946402548811,136.79092844384445],[121.55092508923147,136.89433179760056],[122.06454629481081,136.60232634466064],[122.27689340362005,136.29334874885134],[120.76506704125651,136.85685928579684],[121.10329430421513,136.50748464714297],[120.62479803678377,136.32589204228933],[118.3872571329506,137.0889963758419],[118.67371257562031,136.81424339445044],[119.45730116304689,136.5193773979788],[119.23443582506773,136.4317844404817],[118.50683141478547,136.63454058168762],[117.48834050189782,136.63479229259949],[116.82026892649229,136.70305056720147],[116.43598161585413,136.70668219415066],[116.36093659425133,136.5472227203966],[115.53721669686098,136.72444964997115],[114.86254789801256,136.60567386705492],[115.54173484693584,135.9179336746868],[116.30230523409921,135.35071153302027],[116.99793532213414,134.46247720393905],[117.12871351609806,133.91053650396748],[116.29633339581916,134.47581300088154],[115.59203664025101,135.39595030233994],[114.53568133347206,136.19891659999814],[113.67121572882058,137.14249039301347],[113.48479643250059,137.2504063683431],[112.88442202170903,137.42397027637128],[113.66345170769168,136.25437288275543],[113.61993954613553,135.87550356728838],[113.17022933753086,135.91668921881737],[111.28679819600265,137.5673731006263],[110.38964110126459,138.57634627821471],[109.80152717612128,139.3482212295572],[109.98741959884156,139.41670648025445],[109.67128012600034,139.70821566674178],[109.23568106329095,139.90943389789703],[109.06469653900967,139.7892916905779],[108.70664648160255,139.88617630060386],[108.40217862705556,140.02343797551242],[108.11416657384378,140.26678231181936],[107.38270675080031,140.76850817498436],[106.93641361852755,140.98325077722404],[106.62712994220539,140.8344172148995],[105.3593714643979,141.31693784445287],[105.00005661025445,141.31752981594812],[103.83603116830841,142.15473614463315],[103.43006587609986,142.55216539122512],[102.844892152543,143.03969882668187],[102.43240108255686,143.22928121197626],[101.1554559516608,144.11735526505382],[100.1837783273779,144.9954545265594],[100.04456464532635,145.1920194465971],[99.65844638890626,145.28594456037348],[99.37314634930328,144.88654926952444],[98.90647827021206,145.13009994700596],[98.28635918642276,145.1823129185559],[98.1904597273351,144.95304795183262],[97.99286249782182,145.9464365199586],[98.02214110232654,146.19698063761575],[97.80001356433348,147.39153292054425],[97.92123704967914,148.01733039333484],[98.11462481950025,147.8702565075134],[97.95127427932351,148.53548076221995],[98.03186036883776,148.53368236712856],[98.32597594552918,148.05121052809386],[98.37046281814123,148.13187805502002],[98.18979207166171,148.6178949555394],[98.30046760563096,149.03400914181287],[98.52300514842265,149.19859179320528],[98.54903989735058,149.36474628125657],[98.6905035255436,149.31455216906187],[98.69084729305344,149.4637497818579],[98.91150477886633,149.3308515900764],[99.11576336886019,149.64651838199816],[99.03151662979501,150.0685325358873],[99.21001748003474,150.18689600253924],[99.22243715118292,150.40876687233697],[99.32244869750048,150.4322724861557],[99.4749538477529,150.84762013692458],[100.08803838946433,150.5905256430487],[100.24221442592014,150.79829833188708],[100.55940817963963,150.57763318308858],[100.5994636572302,150.6044224693004],[100.88027419528613,150.35128500235697],[100.94254715536223,150.45248418827907],[101.29554378446164,150.32952743542253],[101.25761861318615,150.5098541634444],[101.5329909515545,150.40881263617152],[101.52143315560883,150.57214823190657],[101.65319340139519,150.52694876481428],[101.75092482393059,150.22714782838054],[102.02974471847355,149.87864467098865],[102.16151831793206,149.81382244578367],[102.22966590593471,150.0042365043348],[102.33248698545576,149.94958812735592],[102.5510292999501,150.19790795855857],[102.47947994870688,150.3397191034268],[102.61658504209245,150.2426063121743],[102.75905294050017,150.27340535213273],[102.92851498568282,150.06485299859142],[103.09216860953791,150.07622635067585],[103.17048031927305,149.99413604012912],[103.38687498067085,150.01988137491514],[103.84833508398823,149.52658627969203],[103.95757910291951,149.3441729839297],[104.06872769132066,149.3356905257817],[105.05876467601598,148.51981452556905],[105.4525633275902,148.00686818072745],[105.6768631123323,147.79274586842035],[105.74730344035548,147.66170586647348],[105.98703615174745,147.4660775405521],[106.57830950297912,146.85930635023985],[107.42607981555494,146.0510794808964],[107.62155968098398,145.94461704139462],[109.1036446996895,144.5416065377971],[109.57526660104483,144.1457793985278],[110.65172646063827,143.33433809069217],[111.97247735722324,142.33262436808766],[112.52712379469183,142.05080439820765],[113.87842251292048,141.44604110490272],[115.09445012029136,141.01670070938388],[115.75646254866055,140.73939744700388],[116.57807938874035,140.47554206590456],[117.46345060876338,140.2738743814626],[119.77598580968565,139.86544129516952],[119.30501727900264,139.96785232139635],[121.3942436977498,139.7292637237112],[121.262857969417,139.72328375168647],[122.21009246442358,139.62068409949583],[123.57377381202302,139.53579623254876],[126.0023708317822,139.66236930591154],[125.71084732184558,139.84892686753778],[127.4614059914104,140.04986374470684],[127.65860693142645,140.13434228480946],[127.12369854736718,140.16218854408612],[125.00163830911274,140.03976168251808],[124.85970083327341,140.0758038145078],[124.3258129177556,140.05267584089617],[125.54124983126337,140.18595231506313],[126.28605614385697,140.21714980811407],[126.16763353544404,140.22088821218802],[126.55589912699281,140.26223508866593],[126.56751959150203,140.30448273411452],[127.67407155203159,140.50620441469223],[127.6993269379717,140.5768796402392],[128.51934811521156,140.757421560449],[128.72162251202042,140.86087126387451],[129.8232501462916,141.22130968500994],[129.85354502590812,141.2969519839627],[129.99017442767885,141.3101969981728],[130.45817097618516,141.62078728330283],[130.17340352661844,141.57261167515648],[130.21320162358978,141.68184341415542],[129.89992472331878,141.61970879035508],[129.88861893028024,141.84338992024107],[130.06122376764225,141.98634073193858],[129.8590873202308,142.03353241866597],[129.72136919488247,142.12203236948469],[129.48599604950874,142.1516500057866],[129.226154418055,142.13055441543037],[128.23612268291515,141.8216724040612],[127.8846616801937,141.84250263285273],[128.32920097139038,142.3546363657403],[129.17140599673706,143.0473398370448],[129.5845480577965,143.53786673902863],[129.2914555738238,144.13503923771995],[129.57089750305357,144.98427197346498],[129.543949929305,145.11168838126602],[129.77310694296477,145.5803606791788],[130.24936449527945,145.87105551929332],[130.5508933015345,147.2321759726768],[130.85249566853778,147.00982436389955],[131.1160054511797,147.43408654920745],[131.2875215373571,148.22560491226685],[131.34183793704318,149.00172751055067],[131.26355676945894,149.2710000473165],[130.60797785505386,150.97395112574787],[130.0099701013,151.9436413381564],[129.4656029445901,152.7425111050888],[128.85927492799198,153.44203751007132],[128.5089969984569,153.77600813293725],[128.08609056527547,154.35946567065807],[127.12678563694035,155.3714430079346],[126.64534041051833,155.93311521703583],[125.8568588232574,156.6976961787677],[125.22579972781196,157.3639519612576],[124.8561711138627,157.56327009520572],[124.13653027849948,158.0918704344713],[122.40257463652634,158.99887266804296],[121.64872883090734,159.35617401085932],[121.9058315325928,159.15587332707815],[119.88413185980181,159.97239671421377],[119.11388313280958,160.22979040689103],[117.74533977159771,160.4914331694291],[117.42428720294268,160.69577892304443],[118.1129833696983,160.67334975060186],[119.0244241289326,160.55714466996662],[119.95438567988316,160.3887984872228],[120.468222384315,160.3737881476929],[120.36221663248938,160.51778566172794],[119.20198101561675,160.85742859732602],[118.2177275025495,161.02606486245372],[117.336418592239,161.26396973895064],[116.18635335590162,161.42114953035718],[115.76039552261682,161.58311578002326],[116.5143913033855,161.54333505701362],[118.3593286894046,161.3502507725911],[119.14182160595269,161.21176768593213],[120.24073647019216,160.89842588771359],[120.5505848177587,160.871773158608],[121.3287251739574,160.6979667545358],[120.86289728628634,160.87600004808402],[121.63351494632096,160.74535535021732],[121.17490316473993,160.9874686479559],[122.56976792708015,160.57094685272938],[123.63152336951013,160.09849343997143],[124.1942339572873,159.73101365810973],[124.879955145909,159.33541804580622],[124.90325037994637,159.20398066673502],[126.12824206850411,158.33606695767497],[125.35295064436612,159.05906206013287],[125.45326946820825,159.0703842694154],[125.15705190758986,159.35030074501415],[126.22152214419376,158.72037454579808],[126.26407167167483,158.8009701877092],[126.93459140415132,158.45754511310736],[127.09649757112794,158.484920633098],[126.87719181093159,158.70414836098487],[127.05000433384095,158.64193704817433],[126.937651536907,158.86134199145596],[127.54999478567025,158.54817055866857],[127.76031082920314,158.53089219173063],[128.28025097567115,158.69420971394055],[128.81201692377263,158.32856078313293],[128.7830153396584,158.52743343758516],[129.05266548476945,158.5154218540423],[129.63743510781978,158.2171425539127],[129.44407557590085,158.51301517463997],[130.2505897072162,157.99435956437478],[130.19807783765478,158.09684896733137],[130.4414014964513,157.9006606613021],[130.35761849589426,158.0198113997625],[130.81475460390112,157.70934460157576],[132.20691878258128,156.88272813954765],[132.72106294542203,156.46693586820047],[132.73804836839065,156.50054284156028],[133.5776654820888,155.78711235369752],[133.6727710294684,155.7729282813423],[134.23306078026354,155.27154104921138],[134.3655918155874,155.21597894145435],[134.7968911351241,154.79506446025755],[135.80968602695563,154.04339784487235],[135.9491802404463,153.33675076237554],[136.1470340129277,153.033354089583],[137.0479112154882,152.33444416997764],[137.14594759367492,152.19204152787466],[137.8750490370297,151.67774141240267],[138.2999175505835,151.24503526858302],[138.53665217765422,151.1752697768439],[138.43099357785772,151.28025705206],[139.05070068799455,151.13677305383476],[139.59040874122593,150.89311884266172],[140.34833212640953,150.41247125285193],[140.42781639425738,150.41036852647454],[141.18254091948745,149.97598075663365],[141.50575343885902,149.6713510318836],[141.7245445696281,149.54622332450668],[142.18617151609155,149.15709479830957],[143.730119480626,148.13751511844572],[143.79897820810282,148.16135916194474],[145.00366440648872,147.38325040298668],[145.12851200977786,147.21392505725666],[145.5461603219308,147.0125627668552],[145.69234571765702,146.88636965021684],[145.82508552371033,146.86867602571633],[146.33265282387825,146.516763570981],[146.76334697673923,146.42930316668256],[147.5258317312656,145.79635112763225],[147.970081875036,145.6577506755463],[148.35911608923735,145.43635588892295],[148.54428467249244,145.49631412209425],[148.90919861564072,145.36863761262669],[150.83569645592988,143.79765733140206],[152.3356631560954,142.75003319873673],[153.101909631053,141.90378646042473],[153.73872708578364,141.65311754179282],[154.22153803816633,141.3965830987231],[154.49522056565564,141.39650747484484],[154.89499537268637,141.25046323101816],[154.9673011617869,141.35901564499738],[155.3010604357074,141.19580724576758],[155.43676677245415,141.07995305848476],[155.79305723578474,140.9820104152827],[155.74584187307337,141.04760649799766],[156.28661399966072,140.65674462125975],[156.52805660795366,140.6513187556489],[157.10130495625958,140.24272946027236],[157.12176596084996,140.26238555467376],[157.73544365529267,139.78698411345954],[157.99804993717996,139.68607055756428],[157.98300137577831,139.76189569121618],[158.21742085464766,139.68994179814467],[158.60695518363573,139.4065026955103],[159.1792808695842,139.12804080632833],[159.7871639981767,138.91479565580573],[160.08191335977327,138.67774855248453],[160.38629566801825,138.51394873726775],[160.42631373608106,138.41511202942155],[160.91983216757598,138.22081130162016],[161.0435716835058,138.12269530243617],[161.090415671182,138.12731848242777],[161.33447934327134,137.93915931379712],[161.89065998261088,137.6749142301128],[162.50101438934306,137.4713007292785],[162.47636877987247,137.41981072656017],[163.36523010669129,136.89856665781159],[163.2073756786832,136.89553948308193],[163.45438680710123,136.6739981019548],[163.24055130093927,136.63610257432856],[163.52593043808588,136.44434668034597],[163.31331923481412,136.4183846196784],[163.16532917424442,136.50655821790406],[162.95343533388066,136.22392032969856],[162.67723168162098,136.4164209145324],[162.50739017844703,136.23977890828976],[162.78447718492532,136.05088883002782],[161.96269937963973,136.31746716379678],[161.99858548370742,136.06675798543455],[162.20766364285544,135.92904938520596],[162.27079359226286,135.74337790560517],[162.80434131131716,135.5648090184984],[163.1998793765713,135.30736425850054],[163.1410959042015,135.24157380569525],[162.77987557342664,135.33834690765892],[162.3735824423161,135.53308866255483],[162.0777955969166,135.57166333057307],[161.48854526685147,135.79979113273868],[161.42262310196486,135.59638559286785],[161.98035629065816,135.01722693223303],[162.17447164020103,134.9405386182385],[162.31649091009908,134.7597077832472],[162.60943259044785,134.6071611516505],[162.29709968178665,134.61661730938707],[162.63122151489057,134.3818972586004],[162.50300769228505,134.39401780512074],[163.45526616822792,134.00967770800156],[164.03150397050558,133.67603680743022],[164.6040877751755,133.3401210320155],[164.7903816242993,133.30124185836428],[165.15149495620568,133.05769665292178],[165.29941777188586,133.0307127778014],[165.53437226449677,132.88517556254266],[165.4961316477644,132.9539077841269],[166.44756148980335,132.42332764087536],[166.89934000969785,132.27209276983686],[167.19979840968324,132.04772707049415],[167.738639247999,131.78425356726967],[167.37189445894347,131.71887724012606],[167.87284890407014,131.48034360715837]]]]}},{"type":"Feature","properties":{"Level":"ADM1","shapeGroup":"BRA","shapeID":"BRA-ADM1-79741978B57723689","shapeISO":"BR-RO","shapeName":"Rondônia","shapeType":"ADM1"},"geometry":{"type":"MultiPolygon","coordinates":[[[[72.06655103754997,168.95057723772135],[72.1546968939444,169.02333327188904],[72.70000784224315,169.21856846771877],[72.95073968419982,169.41116472259432],[72.9698738485177,169.51683034796002],[73.33575632078332,169.5738477274276],[73.43216743326326,169.62111483920458],[73.69165576556162,169.66490734652086],[73.84474090050642,169.55815720089268],[73.88518592359002,169.5682747021341],[73.90258204285243,169.5090732182347],[74.0320915778498,169.55779506213185],[74.14069167334831,169.65406262843416],[74.16403607281467,169.71668802142267],[74.33167077609053,169.79755915643432],[74.4527364675026,169.78425437885852],[74.44890183050299,169.75727429464672],[74.56410558100023,169.78673932186592],[74.55544101628931,169.86126665973126],[74.62067261640937,169.98049660021545],[74.68641378298645,169.9621830007418],[74.9430817976338,170.12392115732172],[74.98855647149576,170.10990790129486],[74.99913480135696,169.9877467542793],[75.03020426789605,169.98296233351277],[74.99826965479127,169.92519732602935],[75.06534709639146,169.9133360198982],[75.1995833434948,170.00731749669083],[75.41330082162311,170.30150926015378],[75.39618049862398,170.4211646112012],[75.43853483182045,170.53844814674514],[75.63020764370214,170.65886260958655],[75.67220237300401,170.62325435964976],[75.77012893933832,170.68635009703672],[75.80916914638632,170.66007162408155],[75.90045424944896,170.6773934383437],[75.95282275989672,170.72513839531626],[76.42626062535444,170.90016594778405],[76.3925382317052,170.82294145823107],[76.55390482123047,170.8532857680268],[76.7049424173708,170.93024188851754],[76.70285610093543,171.08043565379785],[76.75719723033278,171.142400420692],[76.73860076013844,171.22053126743174],[76.77185559331146,171.26393582219237],[76.9312973627718,171.30868778428834],[76.99700426804455,171.52272641351368],[77.05078078003352,171.49949544805023],[77.08299241219211,171.58164337662228],[77.00262847541491,171.67021074407327],[77.05277347040955,171.73934692893013],[76.99247292249663,171.7498970540843],[77.04047296715073,171.81178070184447],[77.03952296271409,171.8921130049998],[77.1494066834766,171.9887621010987],[77.27303942101418,171.96639094443753],[77.37362166048445,172.11836774830158],[77.33222955001112,172.16381780897507],[77.52526816958775,172.46832956101673],[77.5276305502639,172.5489743541634],[78.6665446822025,172.91192022591366],[78.93152557565956,172.81262020214655],[78.92173627371383,172.72676444224913],[78.96626898559701,172.66557124856126],[79.09571258061817,172.63170403209955],[79.14429083237877,172.51422506044233],[79.22927011459913,172.59903974469955],[79.27513591400705,172.56894238339558],[79.34192968382028,172.5826638549157],[79.37620453354607,172.55222215924803],[79.37461795809648,172.41946667992562],[79.4052930669464,172.41312773853002],[79.40225590980398,172.29371333733718],[79.47312043007824,172.25814295625477],[79.49726184319594,172.35521976281157],[79.60391684585704,172.3596350034394],[79.62241689968036,172.2971207212485],[79.59107727522598,172.2795646260385],[79.7003265088127,172.08212828118943],[79.82259688744111,172.10955934586542],[79.88047469814488,172.01659289066075],[80.0478468301507,172.07310963540445],[80.05848177566507,172.2387304938467],[80.13130409927284,172.22268728170073],[80.18423983512932,172.3037578789272],[80.28504652091769,172.26508181789373],[80.35580898128381,172.17219097069923],[80.42743684261545,172.1507531231765],[80.51281845589881,172.0289730969976],[80.45487353375567,171.80006695326836],[80.50748945062045,171.6684505205929],[80.4953017988198,171.58316271445634],[80.37171094062386,171.55031495372995],[80.38156554589028,171.3999487828224],[80.46963974837672,171.38329482642976],[80.45131297446807,171.25145050866402],[80.51701392378422,171.22302420161552],[80.49023049247658,171.19588895004662],[80.53298282733084,171.18836888385778],[80.55304909978913,171.0693992410487],[80.58847506477322,171.05340294654235],[80.55338038025403,170.9545723430647],[80.46830523884265,170.90485395891707],[80.52582872308574,170.8828628463483],[80.50720624360355,170.80804600418043],[80.5365728612594,170.8005641307103],[80.56281973246483,170.6737689738117],[80.45746844957989,170.2744934590195],[80.54680630613427,170.18410612027643],[80.5276949543107,170.15133998279822],[80.62611195823376,169.90344333746236],[80.85225958089976,169.63436411931073],[81.06077995853784,168.89832682908838],[81.17898278468334,168.64710870632558],[81.12472169049468,168.6744173775797],[81.26548510969631,168.10647530513808],[81.24118650339031,168.08276836504493],[82.83675082793047,168.19468225808703],[82.8847626803451,168.36534846013092],[82.93300834083061,168.23348842082822],[82.9519222496618,168.2947423063647],[83.01284119829215,168.19625420917794],[83.04970921704994,168.25676420288613],[83.04605760546792,168.500752420646],[83.07205781102843,168.42366605809292],[83.1394789560363,168.55369453459235],[83.17314105321275,168.7827817239543],[83.20983007653527,168.74218755912625],[83.27851542990408,168.7944399915734],[83.29124189715466,168.73126508526704],[83.35818605132201,168.66039079870478],[83.35716600420744,168.6095483624581],[83.47213442904952,168.4215421807972],[83.4982960897505,168.4229812379868],[83.5775744411379,168.1996900755948],[83.6783669560242,167.32344653029352],[83.81363793306052,166.9557374591845],[84.02453024369514,166.55828630993116],[84.08843736938285,166.64827105842562],[84.21106403874015,166.31724458395175],[84.33343828811701,166.21555190731306],[84.47606613838613,165.86037822368976],[84.62552076169425,165.81170551575016],[84.74859680472785,165.22750188841007],[84.72414588459696,165.1868940592504],[84.81363206984965,164.4928403042781],[85.11617436069685,163.71431430163094],[85.16925250003521,163.4236493052661],[85.14281765011955,163.274528309839],[85.19725131744251,162.76906673567404],[85.26377378960927,162.61506011111928],[85.313290100019,162.11527830521734],[85.44023198551501,161.57448054651422],[85.37781976545114,160.47202849000286],[85.2797883722053,160.4880989343656],[85.25441649189781,160.5480123643635],[85.06225387941905,160.6416006376362],[84.91822863401302,160.85148878427228],[84.80206060649846,160.8137484137305],[84.77597921922141,160.94740864931893],[84.68472867097171,160.96498259265996],[84.71945046612691,160.92683172598356],[84.6223530486678,160.95964964367482],[84.63888677148077,160.84723714617314],[84.5151282156072,160.89378860732975],[84.50079506960206,160.81999066421406],[84.37905670532871,160.9159775471733],[84.33916456061101,160.88182878144195],[84.26587624198496,160.95080725708743],[84.28511429432287,160.89684768939378],[83.99010548113,160.41367063852888],[83.73982493872796,160.40232754176716],[83.71577883303523,160.502743616116],[83.64024369795732,160.30681573207704],[83.52258429487505,160.27993947204934],[83.38814395735174,160.06113887857225],[83.39919527482164,159.98153512105674],[83.36167905722638,160.05107753395856],[83.34342922624445,159.94866229966084],[83.25187887746578,159.9447148782121],[83.21027172568006,159.8254083605874],[83.07314031384209,160.18336202826453],[82.88603667608781,160.19586522732016],[82.85047745755149,160.35065567725616],[82.81294146018695,160.28386863588008],[82.74260202052108,160.45176128970417],[82.50314801480273,160.5746254978875],[82.4159038375934,161.0351318979899],[82.37146410016535,160.92786120765987],[82.28729250500773,161.1013760814392],[82.26339655360047,160.89922985722467],[82.21234081909255,161.04656970728576],[82.11601903395076,160.73924427799562],[81.82633374861788,160.639358215032],[81.69173734749549,160.82432918428674],[81.67516394591189,160.7460080823038],[81.66273261505818,160.82392635460226],[81.62099171296452,160.67772050767582],[81.37259950121609,160.6668173765444],[81.38215626682046,160.79832545524437],[81.31440924608125,160.76929985712908],[81.25203456883938,160.93735438610935],[81.06951151926673,160.52275481795738],[80.87894087467342,160.7720274185771],[80.84470697642563,160.6698119209127],[80.83457173086613,160.79420079461264],[80.6317491644143,161.03030773474254],[80.45959164257536,160.8764032583365],[80.28941623779534,161.29186943602963],[80.24725960779465,161.25610166062253],[80.25578714718333,161.4759957876479],[80.18281716813873,161.42465194233847],[80.18222329478249,161.52711156828656],[80.0071903325682,161.6167843595759],[80.02220847641767,161.4969847722608],[79.94728994962152,161.51694542338254],[79.97274726303613,161.4142614364349],[79.89583415749227,161.27191172502975],[79.90609814936269,161.1505823847285],[79.6132613800593,161.06189076869944],[79.43765266821218,161.2081869123849],[79.42889967584465,161.37984162863032],[79.30030496791818,161.27657529966527],[79.14472272673447,161.46745557311016],[78.97759738777503,161.40996678865324],[78.94667712442221,161.49368891564316],[78.59394700501028,161.42452177659342],[78.52492616187698,161.21595422544877],[78.40719962146582,161.2147026644376],[78.41113180020254,160.9331848835607],[78.3201324747661,160.71601074747468],[78.20239190505434,160.77717998072097],[78.18147412015475,160.68128611885234],[77.99816990755383,160.69801756526823],[77.93381285945335,160.57355377403908],[77.89966263728279,160.6687892800686],[77.84307194190146,160.45231450145874],[77.81299640208609,160.64520831702268],[77.67670786020706,160.61436385986738],[77.5725890658224,160.3026238695264],[77.55932858648066,160.48024719856687],[77.25369051787607,160.4000399164628],[77.01939991929238,160.62740660336428],[77.03743792532282,160.78621497031847],[76.9418285067885,161.19515296927167],[76.86877156974828,161.0572130976725],[76.78193296330109,161.1434069800615],[76.48270054277695,161.09974723135917],[76.45048292664812,161.45802216568194],[76.3686850729158,161.4138467753572],[76.39828156746177,161.16093028777274],[76.35027307662787,161.16947262825641],[76.32838892428703,161.36684207402908],[76.22594192732032,161.45024636312465],[76.20803370698674,161.29133966817776],[76.1511655183966,161.39726037930131],[76.1922306481588,161.55381380258342],[76.08619932728683,161.78268376208337],[75.92741334430502,161.7062617343961],[75.86486848228262,161.84270055761635],[75.81950904993154,161.72593386695561],[75.68248791150948,161.83145878947334],[75.63275376672159,162.29030553657105],[75.54443167107533,162.31789295839593],[75.35016109028774,163.10602773755213],[75.16193388589228,163.014757437201],[75.20650891589509,162.88365423517035],[75.03045351539771,163.08300452236764],[75.06346111451197,163.2955673383472],[74.9455612501678,163.91610948539434],[74.76247951822903,163.99742665243272],[74.66362257718919,164.5529499631789],[74.73429680770485,164.63025637829503],[74.64399134135839,164.6514430772171],[74.58981495786468,164.96219692088758],[74.67039268720268,165.0730746496098],[74.59133462301233,165.10056631867815],[74.5721203759675,165.23921670077306],[74.70541587173142,165.40113561307973],[74.67243747908279,165.6357107257412],[74.75559495550831,165.76111708871483],[74.69320677367602,166.16414054587744],[74.53160252409417,166.45167953763792],[74.51668389887953,166.87307990989194],[74.42037639899178,166.93805861282542],[74.45209326154557,167.08910752098387],[74.38313343013883,167.43937290831354],[74.4548008477368,167.5548814764514],[74.45050329405632,167.76077980504414],[74.59168847656565,168.3690063642738],[74.53904541890427,169.23785186592454],[74.64798011221953,169.37103331017792],[74.58762937892637,169.49114737469995],[74.46207035987669,169.52663126560597],[74.34136124821583,169.4282290204655],[74.32627894349258,169.365943374941],[74.19860533769099,169.30568947542133],[74.20864441108344,169.27825852809642],[74.08068483572097,169.25385787710815],[74.03427434823837,169.3099888697604],[73.95228440200071,169.26622851866847],[74.0224618947378,169.34391590029912],[73.90330681176209,169.2855986391935],[73.87630966976008,169.33361885243738],[73.81666551805382,169.25650780913773],[73.79628428045206,169.2952740749062],[73.71277626532698,169.23418474041884],[73.70332523222463,169.2806343666174],[73.41012616461146,169.15981667140798],[73.41106808289473,169.18638863949374],[73.3297057221849,169.1745618753245],[73.29854089968657,169.13671775256725],[73.30043391721037,169.17108195315393],[73.13256345748,169.11819416098226],[73.08655287986387,169.07376362414828],[73.0521385845681,169.09147842976694],[72.65729308926493,168.95275270179238],[72.67456224997876,168.98211668451992],[72.3359259578664,168.90999101136444],[72.06655103754997,168.95057723772135]]]]}},{"type":"Feature","properties":{"Level":"ADM1","shapeGroup":"BRA","shapeID":"BRA-ADM1-79741978B66828713","shapeISO":"BR-AC","shapeName":"Acre","shapeType":"ADM1"},"geometry":{"type":"MultiPolygon","coordinates":[[[[72.06655103754997,168.95057723772135],[72.3359259578664,168.90999101136444],[72.27013767038143,168.7652429301421],[72.2359881782054,168.7815139821378],[72.20544607180489,168.69878776599728],[72.1091350028867,168.6339342806517],[71.59695009153798,167.84223580235548],[71.56271394937022,167.70818878065302],[71.3572662012921,167.57530489400926],[71.3687390155248,167.53223569539506],[71.27098325799983,167.44744889762467],[71.2199847170123,167.50518318278014],[71.08061885048113,167.4749169918368],[71.07751897040858,167.3170592815513],[71.00578287176518,167.26025018135604],[70.92986703290704,167.30189955081892],[70.91282435875526,167.15228021681833],[70.64692858927866,166.8659813080962],[70.54962239280836,166.55834811128483],[70.52354414776754,166.58599657437293],[70.45367124774593,166.2564559751104],[70.30951188471401,166.41739505317145],[69.93576923160816,166.34065273324654],[69.65833853310696,166.06654209523754],[69.60608404584912,165.88608760127553],[69.28963724504857,165.5726673589775],[69.09127289085646,165.24437060207057],[68.66111590707266,164.99363227010116],[68.58328964879765,164.87492137492438],[68.53165065211766,164.92658505478315],[68.37468928632597,164.83722551229351],[68.19826570157194,164.57220767669645],[67.75968155099903,164.30310868586957],[67.70079099759889,164.64702129932914],[67.7583803529977,164.79435111994582],[67.55393296132681,164.78278421110343],[67.51742552081038,164.67640092716246],[67.40987115619836,164.58024228652602],[67.32377881961835,164.6372216248423],[67.27437158823295,164.52431629806836],[67.13420605852383,164.57195400976798],[67.06232769260491,164.47387830625797],[66.83712127175835,164.45391644801384],[66.74601653839542,164.33644908986332],[66.49115682162711,164.2496111109864],[66.34841049216475,164.034299175899],[66.23288269997653,164.00022683131465],[65.8045393335344,163.53815468593967],[65.78856165410723,163.64107985616556],[65.34651458193719,163.40106882919247],[65.00627656819324,162.9521612869799],[64.95553095059283,162.94987844397724],[64.61394083881207,162.4848142015972],[64.32977394205649,162.2424385686409],[64.0422009298227,162.1501297132402],[64.05378476679,162.30388840096242],[63.92917859559216,162.4300477647498],[63.603043221334744,161.98934390902437],[64.39787703797292,164.70223238863062],[65.01356519456147,166.16383523214185],[65.17190778815944,166.33358307518108],[65.21039172049419,166.33107787680854],[65.34981531703433,166.5309302063086],[65.32733904154897,166.72772438687807],[65.30504716548778,166.73201009896258],[65.33433328747203,166.7895329965702],[65.40679720353988,166.803798615984],[65.39895331762311,166.8250347936138],[65.52073923232146,166.91091420522292],[65.51805973587939,166.9442288927819],[65.58282243591253,166.99650401564458],[65.35258115358269,166.87801858397933],[64.96182261165264,166.60603988350073],[64.8062826418908,166.4347647798778],[64.72046272450852,166.3892211272469],[64.38822359990841,166.01994152305338],[64.31705950174401,165.98661705483852],[64.10171852347828,165.7296536379667],[63.96554994886899,165.6752545959268],[63.678714310809916,165.46457170181117],[63.41486913406574,165.14189372102715],[63.14030610324444,164.94489325630968],[63.05034505057628,164.9585851689394],[62.92035751866689,164.81800350073524],[62.14124413038681,164.42342864214908],[61.53531119162976,164.01969221173198],[60.659036106882155,163.4262970130891],[60.79441319198452,163.64404606155807],[60.76841803697435,163.7277057979898],[60.92800575527496,163.99662149359625],[60.99787984890634,164.30263485740528],[60.75581063761082,164.2968884879358],[60.94943650401632,164.68482456581813],[60.87280477879419,164.68586463175836],[60.968298772361294,164.87172812380666],[60.866508532870625,164.81696844527278],[60.851972698648844,164.89562000557356],[60.72110186960931,164.89201989977948],[60.38272289781945,164.69820682295037],[60.232868711609996,164.68576184333932],[59.52932187518292,164.4608203616459],[58.118565761375976,163.89144491362123],[57.663860406396566,163.65887829034543],[57.72471472570583,163.81277973002958],[58.1625220470317,164.10383398213415],[58.1373567696599,164.1565466465275],[58.3470273780231,164.32423315812247],[58.61924803274555,164.44174077415258],[58.53075810927913,164.48124182487703],[58.847781165801266,164.5795980112652],[58.965802335325385,164.65110129029202],[58.85002438145057,164.7042967975576],[58.95749530933739,164.75334284091977],[58.82104361977933,164.72974298880874],[58.65862659958282,164.75713028637878],[58.369017839062735,164.7100269102807],[58.2686679862268,164.75102311228318],[58.10293222669158,164.73878167760336],[57.82556788886941,164.79814156220255],[57.369201702842176,164.71926015469262],[57.05328612149232,164.73956203601563],[56.954543237174285,164.71876922816844],[56.98931332971507,164.86383488421797],[56.67114483284608,164.8349497748279],[55.8118096267419,164.87408502429727],[55.905723980868956,164.95336707181488],[55.55780969241421,164.95764516382178],[55.569313237863,165.06195800015294],[55.25265175851269,165.1617123292781],[55.090892954464294,165.14281538982766],[54.65595686307401,165.1671900408317],[54.58069561581064,165.23800382830117],[55.03441935737267,165.28897864916974],[54.970355139808376,165.3728952551853],[54.22715458847451,165.3588642810554],[54.12678274649018,165.3943303786151],[53.767783140619514,165.3953391315829],[53.827775199391255,165.43544037452386],[53.31450263313417,165.42763017350887],[53.29142605954727,165.4523476244492],[53.521534714197166,165.47809906090117],[53.699311300039675,165.5500118622245],[53.47329012425495,165.64816381354825],[53.980277771765,165.65926418502642],[54.02224675804158,165.6952321880625],[54.897148515942284,165.8018947019351],[54.79947743134845,165.8851961424468],[54.59747649660875,165.88926005956705],[54.331485932787196,165.95852979030477],[57.16552196915747,166.03628805282787],[60.58140775253553,166.40363014329586],[61.32171737288657,166.6616968777812],[62.015101950161274,166.8994142534506],[62.79807085796156,167.17282009205582],[64.00522929218063,167.58845591508006],[64.56462723041825,167.7838289354292],[64.86525000507721,167.9493303505256],[65.73162439731018,168.43430592665322],[65.99149355969683,168.55614942259962],[67.15963280574626,169.1143651504405],[67.97281414058713,169.2130997325619],[69.01713151139252,169.3450500474891],[69.68425699680733,169.28410610242548],[71.05723143563694,169.0452759840793],[71.33913123365403,169.05963872852016],[72.06655103754997,168.95057723772135]]]]}},{"type":"Feature","properties":{"Level":"ADM1","shapeGroup":"BRA","shapeID":"BRA-ADM1-79741978B53151861","shapeISO":"BR-RR","shapeName":"Roraima","shapeType":"ADM1"},"geometry":{"type":"MultiPolygon","coordinates":[[[[84.28795475903966,182.32656264331774],[83.85871765319175,181.31992639736234],[82.15658892577237,181.0030361309002],[82.10148601380133,180.88695095202047],[82.01462204545884,180.82189295943198],[81.88982582941195,180.57252449342877],[81.80396325975528,180.47919477774943],[81.79479493450934,180.4084957377471],[81.65744807414926,180.15368140775067],[81.6890346650703,180.0706747356633],[81.71902506208828,180.0672464668499],[81.71200513228179,179.98496749913966],[81.5629669864409,179.8793508413795],[81.47898667073707,179.75380824127814],[81.4350092292798,179.7626522686562],[81.2592098235565,179.6834968282974],[81.27921522134736,179.75404157988118],[81.25044276701261,179.7514620105964],[81.27224334803961,179.78325247716185],[81.24100625688963,179.787607730429],[81.25014461543772,179.8301832341344],[81.20358211613811,179.82372646860773],[81.19980833501471,179.865063733252],[81.15069010236198,179.87549834760054],[81.15733931820152,179.93076281598948],[81.0429407969378,179.90899873671432],[81.03922853796583,179.93334554453534],[80.91400244610693,179.91857795531487],[80.8867183628768,179.85916257787673],[80.66022676730265,179.7253224467151],[80.58521371441996,179.63086134798436],[80.50371969330395,179.4111569034206],[80.52968936163926,179.41861898532213],[80.51872662715209,179.3420502018384],[80.4891806235169,179.32818338885463],[80.4888679799812,179.28014919117933],[80.39115564452383,179.1192096182929],[80.42417136780806,179.09367130004958],[80.37876539563116,179.04208422044243],[80.4481289286817,179.02064044443557],[80.48941455452508,178.93971631338866],[80.47124884688546,178.8904378120673],[80.38038445779208,178.99767058580204],[80.20953245684873,179.02762705232203],[80.10971588379203,178.9995910298235],[80.05373355022523,179.20177351717686],[79.98123232148434,179.229990460657],[79.91069357978344,179.31005471927952],[79.8558246754514,179.30624272927557],[79.74933450494885,179.4207884455709],[79.64694538545483,179.42805630177602],[79.69056173014995,179.52103913686426],[79.76802721967904,179.5005723012586],[79.82467107910958,179.5268900990427],[79.81933930768841,179.55454378823325],[79.90715192661106,179.59020160165096],[79.92317094671937,179.70503692062022],[80.07130775032955,179.88413981974503],[80.03145614106361,179.8867502386843],[80.0493488870983,180.00783039061386],[79.9929587259693,180.06370604863676],[79.99443309776906,180.1774855289872],[79.93752969794426,180.20192058393343],[79.93354121565734,180.35927666666547],[79.97714376457999,180.4479886508078],[79.95882059653717,180.50250016532502],[79.92643673406013,180.48822302478513],[79.96130462934985,180.6751370366821],[80.06016943895392,180.7800141598764],[80.05225061542407,180.84118985849432],[80.1133183113361,180.9244819042189],[80.11918142257534,181.03192494344339],[80.08138034559308,181.0418827060483],[80.10839055451454,181.4475486278421],[80.03484842331534,181.6523650471116],[80.1341579217903,181.75840852809742],[80.19647981551965,181.9706080140033],[80.14305111038878,182.16444042520664],[80.06570191834793,182.2196192574419],[80.00627884523993,182.2062092849127],[79.97272560267838,182.3730164877399],[79.9914933769241,182.5227116214952],[79.88282693862335,182.51663146795892],[79.84093993342827,182.65373434061587],[79.93328321604174,182.98410057069967],[79.92596074551014,183.12556545361306],[79.87176307663219,183.0361892454388],[79.86803036640961,183.09808890326497],[79.79694932968634,183.1088226431958],[79.80263005186812,183.16371615703392],[79.57270530529786,183.29939015147448],[79.4591714516037,183.50620239264057],[79.32279569942901,183.49174141647586],[79.17504602575158,183.56938764305508],[79.13987964751834,183.5303189553337],[79.06161748822588,183.6179642917728],[79.10617794870898,183.80419160178118],[79.23821594777777,183.9417899178281],[79.22368528215377,184.1079045468801],[79.2685360883365,184.12263915669976],[79.20861895346782,184.34697141187732],[79.07212059410045,184.51111347340523],[79.09185481842663,184.6121339750312],[78.98052402307373,184.77985047390266],[78.9024198345476,184.7662960256982],[78.938099918423,184.8583679947245],[78.76484240701294,185.10715192212996],[78.83438503148922,185.2482187692693],[78.76897808403172,185.82034379327723],[78.93127109021394,185.98449814842857],[78.92475730424388,186.13580918918979],[78.69884713086327,186.48942572365166],[78.22134155678407,186.8131909892184],[77.68640189271093,187.59945776307117],[77.34226266699969,188.3147625590135],[77.07464218675815,188.65794501168537],[76.96061539222119,189.14085877031584],[77.03369873137775,189.18252787962024],[77.43608969949321,188.70263656920764],[77.60728442946336,188.27341542987227],[77.81161057670897,188.08398888448244],[78.55763894742215,187.92157345762485],[78.58658819010158,187.85106088447756],[78.83577865335975,187.75919755719534],[79.0116550668902,187.55767080508343],[79.28058993175806,186.95614370821508],[79.36043301997725,186.93624156503745],[79.4427955662993,186.7575482236565],[79.52901329610046,186.88618074803517],[79.69159810049592,186.9021307148853],[79.84317199675284,186.72391737733483],[79.93085076514801,186.6659049437502],[79.89222831764789,186.75063924653517],[79.90838862283391,186.91873059839446],[80.00580350098868,186.60800076106284],[79.99901285356465,186.53709795169377],[80.03325993012159,186.52542129637675],[80.03598086815055,186.45743194648995],[80.08405776404815,186.39609460171067],[80.07843497141491,186.44010578366246],[80.14016850621933,186.39061398754563],[80.16579254982459,186.4839908653252],[80.13563026890903,186.61067337778854],[80.19550162454209,186.63106546374706],[80.24152242861888,186.54146406503267],[80.27173211835644,186.5818856113174],[80.29508019138524,186.5027375466968],[80.36469543835076,186.44576736750363],[80.32519776462321,186.30337240023252],[80.33995096867426,186.1245241823865],[80.40436650159252,186.0590631535308],[80.44305286840951,185.90024081915737],[80.41213221015298,185.78148106829357],[80.47118568314436,185.53383700170644],[80.50245270470558,185.50987028731973],[80.53972165862014,185.63058338634085],[80.62333942092555,185.73157117588212],[80.68042302619965,185.52245668940037],[80.72521756057965,185.81709758099717],[80.69956863368539,185.92233377560672],[80.71780168290532,186.13592012952094],[80.76872904784602,186.2115895040487],[80.79176757831729,186.39061542197746],[80.92202114820182,186.3542700127657],[80.95017170572703,186.23483968426115],[80.95687031114785,186.30321471536504],[80.9829211867144,186.31446860364062],[81.0208717996202,186.55421664504888],[81.05436032079817,186.56965989776072],[81.06444697377415,186.64114945309572],[81.105452642609,186.59018756613523],[81.16174228240688,186.7468707591436],[81.24544966415002,186.63956806475656],[81.2394451420402,186.52025294697432],[81.2781129719578,186.52400634997608],[81.34726760281801,186.22026300662674],[81.385088239329,186.23267584475462],[81.4094994040899,186.34014632180865],[81.45690373253997,186.3421769561404],[81.46528619559,186.41484068683093],[81.5842227274997,186.48528151484336],[81.57320217187208,186.24190621707407],[81.61912673346792,186.3842588450263],[81.66111070315493,186.37421040755046],[81.67620759272155,186.43644222507714],[81.7317195444508,186.45475246549023],[81.80272613210857,186.67435855180696],[81.91821930731618,186.85366806146862],[81.89687128235242,186.78987134817714],[81.9674109929128,186.85324991103008],[81.9744735426408,186.77761058689603],[82.02799790399209,186.87554562412484],[82.06980501512072,186.8645679398024],[82.2263501613705,187.47851911083544],[82.30208561710303,187.62706102977555],[82.42636078080652,187.62639645078053],[82.55258850023218,187.88020225352997],[82.5326884300344,188.00559679874965],[82.55834656021564,188.08422878372673],[82.67917799695313,188.14180487149036],[82.70299693825709,187.95724485979412],[82.80312114428034,188.14753675063795],[82.91421290553694,188.1862542525316],[83.04441892787244,188.53164845429438],[83.08473812998835,188.86056827768246],[83.12843176763887,188.92162132033224],[83.19503697458127,189.18653003795873],[83.23794110742149,189.15383226556088],[83.33078712918355,189.40360931547872],[83.46150880161527,189.55524255349036],[83.87805051314614,190.41084362782493],[83.88974373685136,190.89703736308257],[84.0086371728749,191.4287127438269],[83.99433117661637,191.592049354154],[83.9023247013441,191.53578282520752],[83.97165981868864,191.7059820926197],[84.1299591699553,191.7751364562364],[84.28659289619844,191.60203280611057],[84.48754717806894,191.66440328690655],[84.4684452270204,191.56695838811308],[84.65000119760171,191.77382165055408],[84.77449936180783,191.72862674828016],[85.07075151768863,192.13034763428735],[85.12035738233101,192.04097990815683],[85.05524828301131,191.89509381431046],[85.18526245118106,191.95674859769872],[85.0984934525159,191.40135563253833],[85.23683544752778,191.10212947633062],[84.50596409538454,189.45334268987116],[84.49787162645377,189.371766147095],[84.32942929242782,189.13830566344495],[84.28961331688859,188.97135076655758],[84.1095937746861,188.76885002408403],[84.02123447676688,188.5052737112582],[84.10152579990215,188.47597027379834],[84.15039342482478,188.58766048298605],[84.1774384046613,188.54707286063714],[84.12764051136251,188.42910499198223],[84.26025623969593,188.4237438378289],[84.31241488486685,188.51375947260377],[84.40483189358923,188.45165696748646],[84.4474844398491,188.52680181154022],[84.63727952405172,188.57037160519792],[84.69540847528735,188.66785438909423],[84.97649402749565,188.5893321192446],[84.62100170611042,188.1339435067498],[84.66007705211067,188.11973218878705],[84.51631408732828,187.94260102497364],[84.44949223243059,187.75407804495686],[84.72450201308979,187.78999029976325],[84.51750123675974,187.4938083385526],[84.64884743540912,187.3492335187837],[84.580397154027,187.25835917212999],[84.76139597135307,187.36791761806322],[84.68857883580726,187.201747262909],[84.4285804261424,186.94519219663084],[84.37506173371173,186.7317203317486],[84.06657678974625,186.4585963665379],[83.98617623167513,186.23186293324986],[83.69093314718206,185.9534109117756],[83.50181409157251,185.86199625828135],[83.4320356552841,185.76651709479785],[83.52800286822848,185.68722224431605],[83.40149146696527,185.54100940250333],[83.45817404539626,185.56483777072614],[83.42513012144404,185.43322872808565],[83.36400765245259,185.40983884199667],[83.19021299588674,185.17345941654557],[83.20877353113293,185.1653398472593],[83.11351096054378,185.08281957900076],[83.11309959473418,185.02713703490286],[82.95885323544115,184.85718281221662],[82.92270929465835,184.7193719807008],[82.805260512614,184.5677155222489],[82.65091281000409,184.13077364160057],[82.64288192161095,183.99017528358817],[82.7020808054675,183.95272795502524],[82.72360783035687,183.81108440146303],[82.67352391960057,183.59907414326028],[82.85540160941282,183.49081000434757],[82.94831878617599,183.50705528206512],[82.88109510316485,183.23946048487343],[82.90163536445142,183.19038069263763],[82.85500190991448,183.09485602309337],[82.8722211186776,183.0117761921991],[82.77274859907683,182.7607307116367],[82.78049881208582,182.67763406032978],[82.89215131390601,182.68477725008532],[82.91143922271341,182.72661039101504],[82.94022895434378,182.70559040358165],[82.84856184236804,182.5719053668551],[82.95943431534242,182.55893161238387],[83.04981484398276,182.60045648156716],[83.15502912836035,182.56557038725632],[83.15916008975819,182.52070346943032],[83.21730283565381,182.5280126962995],[83.22980780121878,182.47931034408506],[83.28519406797517,182.48203377328542],[83.2970736707965,182.43706781391893],[83.3899851912516,182.46544063884073],[83.37897510065417,182.4141460736325],[83.4248446378649,182.42636987946992],[83.44495263574967,182.3771456097657],[84.07981329238123,182.38973893097156],[84.09866916510622,182.36866454965207],[84.2725870727468,182.42507573591766],[84.24625764440947,182.39252550398004],[84.33204510668182,182.37568620358644],[84.24750973358834,182.3302002030171],[84.28795475903966,182.32656264331774]]]]}},{"type":"Feature","properties":{"Level":"ADM1","shapeGroup":"BRA","shapeID":"BRA-ADM1-79741978B34123138","shapeISO":"BR-AP","shapeName":"Amapá","shapeType":"ADM1"},"geometry":{"type":"MultiPolygon","coordinates":[[[[109.81963087391456,189.4106111845988],[109.73037292324034,189.38090856346435],[109.75786246191133,189.41273820572607],[109.81963087391456,189.4106111845988]]],[[[110.03331556731531,189.44492942148605],[110.11217233440392,189.53375654938569],[110.24223176611198,189.60223762345314],[110.35587635505587,189.5631705545128],[110.03331556731531,189.44492942148605]]],[[[110.05368828228409,189.5346703120398],[109.95398875115296,189.48381871654271],[110.10921985366551,189.63933460593478],[110.18126894496172,189.62997151803762],[110.05368828228409,189.5346703120398]]],[[[109.10309593102261,189.2292333868996],[109.07929046243409,189.30121372815807],[109.15122763556603,189.36008518660643],[109.08445397566152,189.5026360726023],[109.29650383404399,189.74977057899514],[109.71013818427535,189.9318376375361],[109.73054870165075,189.84975209657307],[109.626709392405,189.74765000093265],[109.67115463971923,189.59182990238332],[109.34771964778716,189.34943557077543],[109.10309593102261,189.2292333868996]]],[[[109.38819895444146,189.9556391822783],[109.66458462435006,190.0579741432196],[109.65972898859998,189.92246763729986],[109.35788775815567,189.7855904158106],[109.30025849261263,189.89130540548226],[109.38819895444146,189.9556391822783]]],[[[105.54101905074296,186.2976971501556],[105.72569257759882,186.39943372647286],[105.63813994544091,186.33842048649143],[105.54101905074296,186.2976971501556]]],[[[109.1433417614083,188.08643065482278],[108.61316277292421,187.8370119162676],[108.45839556596621,187.80338896140395],[108.85464574741863,188.06120143757863],[109.35490125366248,188.22609588672998],[109.1433417614083,188.08643065482278]]],[[[108.02994539791716,187.62012989552596],[108.43703025248541,187.72320563883133],[108.57569390416614,187.7745211239643],[108.69789635022089,187.83738063230967],[108.18702323317314,187.54437231389238],[107.52846318931586,187.37310184306742],[107.66398841092882,187.47737351856017],[108.02994539791716,187.62012989552596]]],[[[108.70806471054388,187.81875714962246],[108.717647624526,187.84610778976054],[108.74675376744517,187.85332450340718],[108.70806471054388,187.81875714962246]]],[[[108.58443875425286,187.78446244811892],[108.404209158697,187.72926113136583],[108.42597474444389,187.76854425375075],[108.58443875425286,187.78446244811892]]],[[[108.20241777956466,187.67446007326504],[108.14963661131057,187.66975095099997],[108.39747670723824,187.77214424124668],[108.35471334050641,187.70358293536245],[108.20241777956466,187.67446007326504]]],[[[104.80407135073649,185.84785283595582],[104.41477418788683,185.59336275791645],[104.0342224092371,185.290934898975],[103.6997447722815,185.14924053319606],[103.34035954179784,184.77788617886176],[103.2699080965426,184.6427277411888],[102.6849840553461,183.9557908158741],[102.45684048064207,183.6032857033174],[102.30477932433284,183.1622501820282],[101.998753626928,182.82921680980573],[101.82819512780982,182.7478209846213],[101.79047902727535,182.78633093799658],[101.70514659653644,182.68285221624396],[101.71401720943732,182.7760701739203],[101.6725281416053,182.74900226381703],[101.64654063919505,182.64889835560368],[101.49964046556656,182.54945073956006],[101.48935157135068,182.4530652813425],[101.38815216945495,182.4365110646083],[101.41530290239557,182.5824383066882],[100.99928873484262,182.46420414346525],[100.98970225430575,182.55760202102908],[100.85790692678653,182.52350641755345],[100.89959837310874,182.5861864649401],[100.93292426277033,182.76928860567983],[101.01554267398689,182.83449483712647],[101.03986479995925,182.91210413299186],[100.97580252744804,182.9703522357727],[100.76704388787061,182.83820888018002],[100.8577516717539,182.93857800278383],[100.87704334300898,183.01561520453257],[100.96484025797731,183.11755778147128],[100.98698229554262,183.37326185315808],[100.77851314015678,183.26658914743808],[100.73241971915122,183.3920143802228],[100.75080025827273,183.47447811763362],[100.81860480273428,183.54787732320762],[100.78997874424057,183.60560693134286],[100.85826447719955,183.66151510507845],[100.87932483248026,183.75291626987655],[100.79263227948371,183.76631833101285],[100.68769405027649,183.94100315445834],[100.5093329800894,183.88075363044524],[100.48402389471454,184.0474771419161],[100.52389577253383,184.14817540303096],[100.48096893830184,184.1806365102201],[100.52426343658654,184.24388522047093],[100.42702017725335,184.37454196526195],[100.47171449262206,184.48739413531462],[100.37073533200619,184.61425163698985],[100.4196101056506,184.6590064755477],[100.43037198714177,184.73149126864465],[100.73395874641592,185.08974318499645],[100.67387329947161,185.08367761985835],[100.62623953659828,185.15863690100008],[100.3387850527569,185.23670730543864],[100.38259220639179,185.3805869637659],[100.35029492433776,185.42093289263224],[100.38635919591147,185.50187922304215],[100.53352337850865,185.5887591933321],[100.52459587263736,185.65586089544416],[100.29615839506978,185.55034438512905],[100.35184012691296,185.62852752914367],[100.30629226333167,185.66251628379342],[100.37853394200751,185.70411038223347],[100.34578391799522,185.72485823602884],[100.14807646172022,185.66268456069463],[100.21855363815023,185.75045937704883],[100.13634400762723,185.6838902572533],[100.07888866347048,185.68920304534583],[100.1369679772411,185.74022031276652],[100.09987569445138,185.73970575851598],[100.03424147509766,185.66733914245594],[99.92156577228414,185.68017909775693],[99.8988569238685,185.642857922123],[99.7326504322935,185.61331897658616],[99.78619041635723,185.66428697356102],[99.72006944785515,185.66885013607526],[99.65353377102176,185.63229900132],[99.70749911533821,185.67934865501488],[99.5467035347873,185.67930379937272],[99.58830404485663,185.7048060831643],[99.32590814941278,185.65463099249024],[99.36840826829494,185.704053342616],[99.31040543109354,185.72370058665285],[99.38184352344273,185.77660173543805],[99.30381649059362,185.7758972673886],[99.31693537202261,185.8309474413885],[99.21138353389549,185.8201061584774],[99.19055543702332,185.79203321150578],[99.12385496729709,185.83631114379136],[99.09429087980105,185.9288933420332],[98.90545819264788,186.04944595043125],[98.84189001538562,185.99318224035773],[98.51751486133554,185.96954952436727],[98.34989093002233,186.02432956324537],[97.97717928410421,185.95108211188915],[98.0807999877839,186.09409987578837],[98.13232482251662,186.35216911225066],[98.24036152724742,186.47549329372777],[98.19354969390747,186.64104253917407],[98.33830914591704,186.93095999932655],[98.52128134519052,187.08789127430416],[98.51258637900338,187.2553421643087],[98.61384836637461,187.3771237496773],[98.55953869768958,187.6539286671763],[98.60450809262628,187.72829904093484],[98.75643953116278,187.73207139552517],[98.90906429485347,187.8306137248808],[99.08546295116304,187.78879679799996],[99.01493494440437,187.65501808351297],[98.92994745937746,187.60292445060898],[98.90174655185551,187.44865239409128],[99.14040469513861,187.48705901996348],[99.30204389617093,187.38661730408336],[99.21034373202134,187.33919954686826],[99.32900922024815,187.18319990345162],[99.56474783490016,187.2150133158714],[99.58966950077327,187.11548398938265],[99.77631387495614,187.0967067485933],[99.92995643497171,187.19713811203138],[99.95752568558491,187.07601145388486],[100.04415218931254,187.0804017636593],[100.21709839134527,187.293384446062],[100.3066690883508,187.28134831821197],[100.53700107304168,187.3906400374133],[100.60151106985553,187.49179492384445],[100.69273544060583,187.4921611386721],[100.81054703327777,187.58529565038782],[100.91161955436648,187.60248693879407],[100.99506476504249,187.69008899737338],[101.15382521785092,187.75315885802107],[101.16464041396834,187.69399253180154],[101.08520166181705,187.62042035863777],[101.42049930331625,187.52665972350354],[101.59268576916155,187.5575182134018],[102.01393228403214,187.80109716477165],[102.07301451427865,187.61811717444255],[101.88588766136799,187.48228227177327],[102.29111266525828,187.58590114250742],[102.30267792422823,187.52549118216967],[102.46846637480525,187.52946211816572],[102.61758699623644,187.5945105459224],[102.87183007345956,187.7912871409619],[103.59268241811739,188.14860955224498],[103.82035224711005,188.34744721947163],[103.90780972507882,188.3874047713839],[103.93384451513349,188.4402919475049],[104.22623933680299,188.6062008304312],[104.2679477970084,188.672969803871],[104.4309012240912,188.77279337843672],[104.48537348444074,188.89814860566923],[105.0968210569705,189.31552692870412],[105.46692866800745,189.6174188062048],[105.64196237133167,189.7129774381728],[105.61999312504409,189.73089638497603],[106.12158632410554,190.25607114748988],[106.15833515742662,190.4039678068587],[106.31874048649073,190.57770731007983],[106.40964209274071,190.61925117458287],[106.54349647256987,190.7995791083074],[106.68894158884163,190.91176298162776],[106.72737813496718,190.8927613768304],[107.19646941312158,191.37797662108056],[108.41676385828637,193.20509080418296],[108.60425819168005,193.34116170087947],[108.69083646268382,193.49674118977387],[109.34218317283613,194.16268105551444],[109.59538036017099,194.52840827301526],[110.20859809499251,195.1383733891874],[110.77284730497412,196.0550549384896],[110.81757233367563,195.89602382514266],[111.04688798112767,196.56189920815984],[111.37626823595697,197.07818727005588],[111.51372362861079,197.13467143177408],[111.82970510298385,196.67853085323185],[111.83849626142143,196.32794212411045],[111.59870071633713,195.78937867108476],[111.10786577712426,194.9694189475351],[111.2003914262368,195.00346663916545],[111.5240959182803,195.40631425752576],[111.6423820465725,195.40235269459038],[111.05315825294444,194.50923389215157],[110.65805733023069,193.76676807291977],[110.5225681483194,193.6109192377361],[110.11169937610781,192.72617185923426],[109.86681747551509,192.39767110031892],[109.85357458605135,192.28298941571268],[109.71448929679033,192.09871789348063],[109.55915412605657,191.61004689972768],[109.38843608059932,191.31644446156142],[109.49670237045972,191.34328213698183],[109.32058601580322,190.99979500406133],[109.33574317346128,190.90108407057858],[109.17151092281884,190.61683677082831],[109.11137275714094,190.6059594378026],[109.01291186469362,190.49285897218792],[109.22179010426072,190.57545122937887],[108.98334778159564,190.06669921117205],[109.02964790802315,190.07845031754732],[108.86706842060958,189.82334897067707],[108.95913744830187,189.8813441818722],[108.89051833103312,189.7174145682],[108.80315874007394,189.6514295304534],[108.95250422891597,189.626181686406],[108.9028331228412,189.55876069307737],[108.97450512365893,189.5758496311965],[108.86439281601731,189.35604901472684],[108.94068673270377,189.290170769929],[108.78828547061582,189.04682015285147],[109.07675352603184,189.08239602111536],[109.87845133013693,189.34662632360363],[110.44754486414067,189.25602642693065],[110.03902241024164,188.80831791234505],[109.74186577791323,188.60659842311355],[109.21217707179545,188.34868418555862],[108.76017769914557,188.20552910821408],[108.82178041988955,188.2011435238519],[109.69419135675219,188.50626216089756],[109.56923718874198,188.39242126354168],[109.34394510046641,188.25411637738858],[108.81580506358927,188.04598878924364],[108.37013728407689,187.78077192934492],[107.7488081024796,187.53977041130702],[106.65916021386116,186.97532972134545],[106.07689583375708,186.62028730694234],[104.84384065220301,185.95194699559545],[104.80407135073649,185.84785283595582]]]]}},{"type":"Feature","properties":{"Level":"ADM1","shapeGroup":"BRA","shapeID":"BRA-ADM1-79741978B86231154","shapeISO":"BR-AM","shapeName":"Amazonas","shapeType":"ADM1"},"geometry":{"type":"MultiPolygon","coordinates":[[[[83.85871765319175,181.31992639736234],[83.74203719425871,180.9927800145816],[83.79533104011459,180.97614581501477],[83.66876902156466,180.70218674926943],[84.00533357215092,180.62342802403953],[83.99522946924364,180.51292306236655],[83.89383727238294,180.43919867421795],[84.04566131275963,180.34593726069676],[84.12633368619042,180.34539083986306],[84.58616649266094,180.17817690589402],[84.52782388080425,180.16760414371294],[84.60911455848616,180.0813958724935],[84.57959621633569,180.01124905262344],[84.63261703963218,180.01941805080406],[84.78118702703787,179.91465065513484],[84.96027628037199,179.9322317925458],[85.19070270693746,179.82869430294474],[85.30223079797653,179.90607716852122],[85.56725364701433,179.9836165643733],[85.71564258865448,179.9082204066297],[85.71696373419627,179.85379987421624],[85.56912687249324,179.73839076841995],[85.64202151200416,179.65832868249615],[85.98519395994627,179.6237995274361],[86.07915603173292,179.54456036243226],[86.25856106766176,179.55477949078107],[86.25729962133953,179.480367548267],[86.33592664169119,179.45628378425874],[86.55467406042831,179.49399820633627],[86.7822975471817,179.44240624391466],[86.75574440096574,179.41188670708195],[86.82480879709641,179.43065611980379],[86.89686648797803,179.39523125662646],[87.15027188245054,179.3899811222459],[87.12619659357286,179.35523325519134],[87.23588054774272,179.34732134192691],[87.27310597286306,179.37383970212477],[87.38203152498838,179.36050213119196],[87.4304707640658,179.3903446186494],[87.51390536026794,179.38224819701722],[87.54890289067777,179.41295919992666],[87.62680278695842,179.38520711339828],[87.70668891767352,179.4094781010373],[87.71332316537836,179.38314222760215],[87.82229387886288,179.4124051664307],[87.80174575198427,179.35659178778855],[87.92942223851018,179.37174069638792],[87.94999525770712,179.3442512629606],[88.0617303120782,179.37700272202557],[88.1546517987571,179.2276272859586],[88.33604476910416,179.25523014084374],[88.62977878287401,179.2237996298413],[88.64945427932604,179.18716091820642],[89.03278259525678,179.25081687339647],[89.06847295550617,179.19144191590198],[88.89612103896125,179.07518167644807],[88.91004590360771,179.0343129179003],[89.12263796251423,179.02874868615822],[89.38081956827901,179.07591911073052],[89.41684130376964,179.11852955136584],[89.71054242607961,179.21341503967062],[89.84252848473537,179.1961591743001],[89.93097623406804,179.2311228014832],[90.10526175369077,179.2271962943475],[90.17739564233615,179.28399611255813],[90.36962735201604,179.31219181135867],[90.7504453417402,179.48075738177525],[91.1121942210516,179.54197017249084],[90.76802159606774,179.33582832483052],[90.09010123907247,179.11617573144648],[89.72192651796085,178.8612694288073],[89.91298508163206,178.86187663197262],[89.2629852667292,178.38746661542274],[86.83350609875475,176.78913653150954],[86.29243126810904,176.36405028732574],[84.65505162778278,174.56455454175548],[84.5808425565544,174.38891892647632],[84.33890571031407,174.2803196114834],[84.2892630059353,174.2107765820376],[84.29905379843045,174.1021976624792],[84.48641161067877,173.8450690328046],[84.84849856399299,173.54946585179508],[85.05113905780036,173.32213170544983],[85.09669075696942,173.18145888069054],[85.17559384975158,173.1164558318384],[85.06692309286224,173.04403033207],[85.10678385649324,172.88103415418453],[85.17397868466333,172.79384497321155],[85.06918786625837,172.72690578689026],[85.05808872154171,172.62333314971795],[84.92459800309325,172.60064267942255],[84.96772343472779,172.48276947178942],[85.19812890153902,172.22176496818588],[85.23308687593568,172.12300215125452],[85.18198054938021,172.10722998053478],[85.22761476239624,171.88185004658604],[85.18219291494829,171.87881830144934],[85.09537570126584,171.7062605447416],[85.15318676027248,171.58358618726567],[85.08441931246915,171.4893112937922],[85.12920846069945,171.44755482011516],[85.26271771836484,171.42255321836734],[85.14335861359145,171.36006486390494],[83.30057019747518,171.88342496404363],[82.31997613690827,172.11948185705043],[81.616106500515,172.23901834242508],[80.35580898128381,172.17219097069923],[80.28504652091769,172.26508181789373],[80.18423983512932,172.3037578789272],[80.13130409927284,172.22268728170073],[80.05848177566507,172.2387304938467],[80.0478468301507,172.07310963540445],[79.88047469814488,172.01659289066075],[79.82259688744111,172.10955934586542],[79.7003265088127,172.08212828118943],[79.59107727522598,172.2795646260385],[79.62241689968036,172.2971207212485],[79.60391684585704,172.3596350034394],[79.49726184319594,172.35521976281157],[79.47312043007824,172.25814295625477],[79.40225590980398,172.29371333733718],[79.4052930669464,172.41312773853002],[79.37461795809648,172.41946667992562],[79.37620453354607,172.55222215924803],[79.34192968382028,172.5826638549157],[79.27513591400705,172.56894238339558],[79.22927011459913,172.59903974469955],[79.14429083237877,172.51422506044233],[79.09571258061817,172.63170403209955],[78.96626898559701,172.66557124856126],[78.92173627371383,172.72676444224913],[78.93152557565956,172.81262020214655],[78.6665446822025,172.91192022591366],[77.5276305502639,172.5489743541634],[77.52526816958775,172.46832956101673],[77.33222955001112,172.16381780897507],[77.37362166048445,172.11836774830158],[77.27303942101418,171.96639094443753],[77.1494066834766,171.9887621010987],[77.03952296271409,171.8921130049998],[77.04047296715073,171.81178070184447],[76.99247292249663,171.7498970540843],[77.05277347040955,171.73934692893013],[77.00262847541491,171.67021074407327],[77.08299241219211,171.58164337662228],[77.05078078003352,171.49949544805023],[76.99700426804455,171.52272641351368],[76.9312973627718,171.30868778428834],[76.77185559331146,171.26393582219237],[76.73860076013844,171.22053126743174],[76.75719723033278,171.142400420692],[76.70285610093543,171.08043565379785],[76.7049424173708,170.93024188851754],[76.55390482123047,170.8532857680268],[76.3925382317052,170.82294145823107],[76.42626062535444,170.90016594778405],[75.95282275989672,170.72513839531626],[75.90045424944896,170.6773934383437],[75.80916914638632,170.66007162408155],[75.77012893933832,170.68635009703672],[75.67220237300401,170.62325435964976],[75.63020764370214,170.65886260958655],[75.43853483182045,170.53844814674514],[75.39618049862398,170.4211646112012],[75.41330082162311,170.30150926015378],[75.1995833434948,170.00731749669083],[75.06534709639146,169.9133360198982],[74.99826965479127,169.92519732602935],[75.03020426789605,169.98296233351277],[74.99913480135696,169.9877467542793],[74.98855647149576,170.10990790129486],[74.9430817976338,170.12392115732172],[74.68641378298645,169.9621830007418],[74.62067261640937,169.98049660021545],[74.55544101628931,169.86126665973126],[74.56410558100023,169.78673932186592],[74.44890183050299,169.75727429464672],[74.4527364675026,169.78425437885852],[74.33167077609053,169.79755915643432],[74.16403607281467,169.71668802142267],[74.14069167334831,169.65406262843416],[74.0320915778498,169.55779506213185],[73.90258204285243,169.5090732182347],[73.88518592359002,169.5682747021341],[73.84474090050642,169.55815720089268],[73.69165576556162,169.66490734652086],[73.43216743326326,169.62111483920458],[73.33575632078332,169.5738477274276],[72.9698738485177,169.51683034796002],[72.95073968419982,169.41116472259432],[72.70000784224315,169.21856846771877],[72.1546968939444,169.02333327188904],[72.06655103754997,168.95057723772135],[71.33913123365403,169.05963872852016],[71.05723143563694,169.0452759840793],[69.68425699680733,169.28410610242548],[69.01713151139252,169.3450500474891],[67.97281414058713,169.2130997325619],[67.15963280574626,169.1143651504405],[65.99149355969683,168.55614942259962],[65.73162439731018,168.43430592665322],[64.86525000507721,167.9493303505256],[64.56462723041825,167.7838289354292],[64.00522929218063,167.58845591508006],[62.79807085796156,167.17282009205582],[62.015101950161274,166.8994142534506],[61.32171737288657,166.6616968777812],[60.58140775253553,166.40363014329586],[57.16552196915747,166.03628805282787],[54.331485932787196,165.95852979030477],[54.56474758441966,166.04442233757376],[54.53690363175532,166.14598585193488],[55.237557931871144,166.38713262082624],[56.62022682317452,166.6203649504174],[56.83769516399832,166.69182859671483],[57.478495675280726,166.79347682307497],[57.7879743927608,166.90981671712103],[57.88560265574846,166.91714269418733],[58.13256399062655,167.06924553950776],[57.840321003258,167.14996320266675],[57.53453945273278,167.15386658583773],[57.38201456951915,167.2114169379753],[57.559266791483374,167.35288932650047],[57.69876533500047,167.39430547335425],[57.883683725566634,167.547955268538],[58.087634529755185,167.5796167604036],[58.07893896646338,167.60184391970466],[58.63284531337901,167.75605164432164],[58.74690589822197,167.83788696653193],[58.880100458907336,167.86312911926285],[58.8029745104423,167.89898785645522],[58.97309695406811,168.00641239124536],[58.86162317556623,168.03859068900567],[58.97801163066868,168.11215352194193],[59.075264709581255,168.35174551448551],[58.76445697725292,168.4811722694796],[59.04999274184716,168.57363252301235],[59.00692413352654,168.6046705418454],[59.17220268614172,168.623198101314],[59.282343117783306,168.69082276248642],[59.38002241534839,168.69091712692597],[59.342664721554584,168.7224649324627],[59.86684725458515,168.81247756372022],[59.913985874043235,168.91864209283847],[60.26029380708718,169.01582348619695],[60.221712453417965,169.04631274185795],[60.37399203434304,169.04613418026454],[60.5278800240894,169.1250094899297],[60.40949821121529,169.13647291408233],[60.64182151439673,169.14617583763277],[60.63193471524622,169.1948973426875],[60.73649334130272,169.19240315205116],[60.83908718151946,169.3075694537203],[60.7604403001838,169.3109052333496],[60.94568724802729,169.36717903920595],[60.90701372083306,169.39090235865464],[61.13517529353629,169.43484429601145],[61.598128537805394,169.67350051295566],[61.674819706286414,169.65817659754748],[61.8728916282621,169.88228953901557],[62.05542999540987,169.89703160960659],[62.08652484075285,169.95266692081293],[62.24026236718526,169.9999861567065],[62.240096191815,170.12129809467638],[62.33868774181957,170.14566039270238],[62.269875808589774,170.15020977440275],[62.472093303905126,170.1910573898166],[62.70392054512733,170.30754810025752],[62.826767488681796,170.3132824507449],[62.83951684548656,170.36749193504656],[63.099401556391186,170.37345701663787],[63.29125464976468,170.43832369845094],[63.26411933895639,170.4766947672616],[63.32354960524836,170.44624769988366],[63.41004106546575,170.52065141889608],[63.4062688417371,170.45658645981004],[63.59706054432136,170.47653025120363],[63.761518154279074,170.61940101355543],[63.954360172635425,170.6480035770443],[63.84671697367609,170.68030115487238],[63.97410815457274,170.68495933427118],[63.969064140024116,170.71858645111843],[64.14172740594316,170.74441649085765],[64.12121690177713,170.770902148372],[64.23223329493553,170.74497437615415],[64.27854491839183,170.81655632029788],[64.45289064091217,170.8763674341457],[64.67058887291402,170.89204632520776],[64.5644240285799,170.92732112393296],[64.69776108122996,170.93595905636164],[64.78777930917096,170.98593112688852],[64.69651006293027,170.99607738888568],[64.86658508364476,171.08041959355066],[64.88027585722308,171.0617575098263],[64.90981939603287,171.11337995394354],[65.04915763023757,171.09658635774514],[65.16199228018755,171.20346542427822],[65.29328859289352,171.22933500413316],[65.29727139200041,171.26301015103786],[65.47090146831366,171.37032688107658],[65.53047988826631,171.37456475830686],[65.6734195685644,171.47681594805266],[65.63918519432994,171.489589601127],[65.83090050767653,171.56453948807064],[65.98573538669496,171.71427024657544],[65.95949097957835,171.7236395494495],[66.05126757886322,171.7931060319073],[65.98691211828114,171.7814834378711],[66.07781928959045,171.8241087966726],[66.09100437944562,171.8630739346456],[66.0104948041985,171.8121249219939],[66.23241902124795,171.98755806671053],[66.50392536435925,172.0651939786218],[66.51920681296028,172.1311539678059],[66.64104646216276,172.20040559852725],[66.68723246706827,172.16053009119966],[66.85718511876448,172.25218686664914],[66.84071847494795,172.21330641696028],[66.8925566977492,172.24308125277636],[66.87199792982422,172.29638654959138],[67.02690841475396,172.34410596624],[67.01628427862259,172.30861638971538],[67.23578318504008,172.43477285829192],[67.20210092227708,172.44605245800017],[67.39284553169236,172.53176844916547],[67.55500053019858,172.55896187085725],[67.56279796597515,172.5944186690764],[67.67476938598486,172.62320219014407],[67.72364149324966,172.5854234973705],[67.68278379034784,172.55422072868154],[67.7363639310789,172.53857057019167],[67.78434695229106,172.57500116289395],[67.77336348992775,172.54650731220076],[67.94595979158811,172.5617446220454],[67.98878023499854,172.60984544584014],[67.94286432173968,172.60968777603426],[67.96530190930501,172.65187814923587],[68.02413300301654,172.66306242111094],[68.02256287776707,172.6907457914666],[68.16192573802081,172.71129893302648],[68.10289683329879,172.67107800570722],[68.2819274674523,172.69294843941822],[68.32281175188459,172.78797260209925],[68.25308048759035,172.94922184030628],[68.46822133346147,173.31956550025276],[68.65474121237935,174.61570883160067],[68.83576071095636,175.84895036026236],[69.07331999517217,176.40642675929564],[69.12706382300628,176.7069747002445],[69.21150836361461,176.75396892901844],[69.0957647487506,176.8730635083643],[69.15738348191194,176.9611995689486],[69.04175393650193,177.03818609308337],[68.99018780379384,177.11562929021517],[69.03663480882574,177.13620979574233],[68.73761559466207,177.3691418796281],[68.72633386372752,177.46506187931413],[68.59713654223097,177.54783108070555],[68.6278789709877,177.57903995867696],[68.43458841809323,177.7796218220177],[68.54969930979242,177.92741485800684],[68.43519182861571,178.03418957749363],[68.37831668782343,178.2218815784072],[68.01812369541663,178.43163690046964],[67.90064404738233,178.5465376731969],[67.74638910022712,178.61650191979533],[67.69633365768914,178.6933647109732],[67.54814201060614,178.72931821327106],[67.22541287678155,179.01081025598603],[67.05562990551837,179.08487550902305],[66.71436418996012,180.2409305167676],[66.35186301018092,180.78946940961583],[66.50578620677251,180.71466785333007],[66.61262332030076,180.7784964388627],[66.82054767574249,180.67589384711636],[66.83463421394538,180.7454191084825],[67.03761782353897,180.70182985107695],[67.15340740531104,180.62563926560225],[67.30932373926262,180.78732958699976],[67.41568556360103,180.75319321524327],[67.57619366896263,180.62077799877298],[67.5678186048363,180.6898825143776],[67.78999137816038,180.8071345931312],[68.24602988197765,180.43270886357163],[68.37712399880044,180.4707470412411],[68.41458275859563,180.3774408411474],[68.66130525838032,180.30556227948074],[68.6107158666288,180.4117099191829],[68.82048930074434,180.34689595031736],[68.48791510367104,180.63573005519197],[68.55433999317044,180.67563067728798],[68.3968681164231,180.88428884707196],[68.43404294934471,180.92808783161024],[68.2173499429444,181.08768494097967],[68.25738543422553,181.1209256491226],[68.07738026159187,181.23285241628224],[68.09119413930966,181.27940588307843],[67.87476077111856,181.46934943885506],[67.75902696814272,181.50129951704696],[67.60726023783187,181.62930590718653],[67.45305302009886,181.6716628555842],[67.43841469771998,181.58367467737295],[67.32273346051193,181.6820398381628],[66.93366851300381,181.80940668063278],[66.79159850453863,181.90967154511142],[66.5712971848572,181.92843835320653],[66.50632075761658,182.04247145767303],[66.3310701441166,182.0669965879912],[66.30804197174771,181.98663678090043],[66.19238755679295,182.0432844875564],[64.9682873624763,183.83098593775074],[65.12269040498185,183.73780526926248],[65.37987451279251,183.7526178855701],[65.56890129398823,183.6562067845383],[65.83809950225039,183.71015811158716],[66.29953735894408,183.4593353258209],[69.00883391998642,182.56409821622893],[69.71177724701522,182.37691021083083],[69.62603060129643,182.4169140529482],[69.62346522376171,182.47850919918653],[69.42724983754024,182.56417855457966],[69.41476832497047,182.6478471359977],[69.24585248039679,182.72079651943704],[69.25935769188777,182.97155871995406],[69.17671647745061,183.16075543803726],[69.33513871048608,182.9803214275817],[69.39191852653805,182.98332663555829],[69.7102687843289,182.7109670815729],[69.82366686237887,182.680287811095],[70.28053874980516,182.39417137892838],[70.2377553637378,182.51550017576932],[70.30643948905525,182.5930169197911],[70.24731313491957,182.70056218657808],[70.35984584633418,182.8634704572693],[70.76778828486582,182.8699933349363],[70.7356351401375,183.12848142911147],[70.83429323134317,183.13734108286633],[70.78821220570538,183.25312257054537],[70.94696273701875,183.24031028585125],[71.1488857709953,182.93796283664963],[71.28315405205774,182.82808772842918],[71.28360685134203,182.73255741532626],[71.42869536617589,182.55771638892358],[71.80683793608709,182.29041293793247],[71.99362114351031,182.24794674256697],[72.22287320792084,181.8547061427647],[72.32308323020804,181.79057185468946],[72.34249175682787,181.70874071654958],[72.42209865290353,181.65967399319132],[72.45235289681847,181.57280959754848],[72.65492597655839,181.3942055778332],[72.78304748763091,181.19037626809637],[72.70704956153213,181.12555794489612],[72.7638043377915,181.0265870923522],[72.90022557566432,180.9324953109484],[73.05221402150579,180.7271141603703],[73.49867127151144,180.8654502174228],[75.06458638798685,179.95811786428203],[75.27157775340591,180.05179248341003],[75.35834971907485,180.04276851277334],[75.43497474559628,180.0788612860753],[75.4622639603979,180.13747551199754],[75.62056526093701,180.18476719685],[75.78231257512957,180.34733960303498],[75.98300115204009,180.42639335951273],[76.04836970628725,180.4863901974146],[76.33582663378942,180.55788757944185],[76.31735266965326,180.5313072640899],[76.34947271013378,180.53955221211737],[76.38637007356205,180.464302227243],[76.15896350171005,180.23184756042616],[76.23102089964192,180.18851414132766],[76.48630937533754,180.36609224481236],[76.49539956307021,180.4408983256169],[76.67037300387007,180.60365680128294],[76.84833285498487,180.62983020792473],[76.96549784957804,180.75754451931226],[76.93079785523369,180.76026876711376],[76.99371738808429,180.8839140843904],[77.14107025680795,180.95867653281232],[77.13902481133121,180.91799718390286],[77.20375240584244,180.9327603768787],[77.31014444893589,181.05840265503556],[77.4508134205243,181.14616025475766],[77.46955110398369,181.12539483537637],[77.62117703280514,181.2557879672563],[77.65817592798082,181.18322565521527],[77.97570250884554,181.38269004790095],[78.04159215236734,181.47142024898378],[78.40876813427796,181.68730797926116],[78.26622955431627,181.52495422592006],[78.35159874139677,181.51081938502685],[78.43723793985026,181.6249607739774],[78.60770975334609,181.7211499612115],[78.70327109101716,181.8134798568039],[78.76868806981028,181.83460437414794],[78.92961598444788,182.00213125377434],[78.93309605712588,182.08834199104223],[78.98114869204696,182.1360632608962],[78.98674698076363,182.27337079358097],[79.13341211475986,182.3823264785259],[79.3270257779174,182.30396835067995],[79.45362510281444,182.41106429036114],[79.47248401935371,182.3371754936951],[79.57717625028161,182.5162739976346],[79.6629584581855,182.54273058558402],[79.67882861028025,182.48074436035887],[79.72512446394857,182.5321022041982],[79.73846925104888,182.49679099587254],[79.79023680015806,182.5354877446476],[79.84093993342827,182.65373434061587],[79.88282693862335,182.51663146795892],[79.9914933769241,182.5227116214952],[79.97272560267838,182.3730164877399],[80.00627884523993,182.2062092849127],[80.06570191834793,182.2196192574419],[80.14305111038878,182.16444042520664],[80.19647981551965,181.9706080140033],[80.1341579217903,181.75840852809742],[80.03484842331534,181.6523650471116],[80.10839055451454,181.4475486278421],[80.08138034559308,181.0418827060483],[80.11918142257534,181.03192494344339],[80.1133183113361,180.9244819042189],[80.05225061542407,180.84118985849432],[80.06016943895392,180.7800141598764],[79.96130462934985,180.6751370366821],[79.92643673406013,180.48822302478513],[79.95882059653717,180.50250016532502],[79.97714376457999,180.4479886508078],[79.93354121565734,180.35927666666547],[79.93752969794426,180.20192058393343],[79.99443309776906,180.1774855289872],[79.9929587259693,180.06370604863676],[80.0493488870983,180.00783039061386],[80.03145614106361,179.8867502386843],[80.07130775032955,179.88413981974503],[79.92317094671937,179.70503692062022],[79.90715192661106,179.59020160165096],[79.81933930768841,179.55454378823325],[79.82467107910958,179.5268900990427],[79.76802721967904,179.5005723012586],[79.69056173014995,179.52103913686426],[79.64694538545483,179.42805630177602],[79.74933450494885,179.4207884455709],[79.8558246754514,179.30624272927557],[79.91069357978344,179.31005471927952],[79.98123232148434,179.229990460657],[80.05373355022523,179.20177351717686],[80.10971588379203,178.9995910298235],[80.20953245684873,179.02762705232203],[80.38038445779208,178.99767058580204],[80.47124884688546,178.8904378120673],[80.48941455452508,178.93971631338866],[80.4481289286817,179.02064044443557],[80.37876539563116,179.04208422044243],[80.42417136780806,179.09367130004958],[80.39115564452383,179.1192096182929],[80.4888679799812,179.28014919117933],[80.4891806235169,179.32818338885463],[80.51872662715209,179.3420502018384],[80.52968936163926,179.41861898532213],[80.50371969330395,179.4111569034206],[80.58521371441996,179.63086134798436],[80.66022676730265,179.7253224467151],[80.8867183628768,179.85916257787673],[80.91400244610693,179.91857795531487],[81.03922853796583,179.93334554453534],[81.0429407969378,179.90899873671432],[81.15733931820152,179.93076281598948],[81.15069010236198,179.87549834760054],[81.19980833501471,179.865063733252],[81.20358211613811,179.82372646860773],[81.25014461543772,179.8301832341344],[81.24100625688963,179.787607730429],[81.27224334803961,179.78325247716185],[81.25044276701261,179.7514620105964],[81.27921522134736,179.75404157988118],[81.2592098235565,179.6834968282974],[81.4350092292798,179.7626522686562],[81.47898667073707,179.75380824127814],[81.5629669864409,179.8793508413795],[81.71200513228179,179.98496749913966],[81.71902506208828,180.0672464668499],[81.6890346650703,180.0706747356633],[81.65744807414926,180.15368140775067],[81.79479493450934,180.4084957377471],[81.80396325975528,180.47919477774943],[81.88982582941195,180.57252449342877],[82.01462204545884,180.82189295943198],[82.10148601380133,180.88695095202047],[82.15658892577237,181.0030361309002],[83.85871765319175,181.31992639736234]]]]}},{"type":"Feature","properties":{"Level":"ADM1","shapeGroup":"BRA","shapeID":"BRA-ADM1-79741978B79151088","shapeISO":"BR-MA","shapeName":"Maranhão","shapeType":"ADM1"},"geometry":{"type":"MultiPolygon","coordinates":[[[[129.0959997874599,180.44552322116348],[129.09361370847424,180.49366520079872],[129.21234923054953,180.465842410947],[129.0959997874599,180.44552322116348]]],[[[143.64549642571734,182.68058745764463],[143.72478899137622,182.76146254876667],[143.8377950848135,182.76946187145109],[143.9836487979737,182.82711545918067],[143.64549642571734,182.68058745764463]]],[[[142.8911929269262,182.54523499490713],[142.85871452693857,182.5791046171532],[142.90257813798343,182.60130553281977],[142.8911929269262,182.54523499490713]]],[[[143.12459237761342,182.56730742066725],[143.32025783553905,182.68429253622668],[143.40021341316987,182.62536824475563],[143.12459237761342,182.56730742066725]]],[[[143.07705993382194,182.55415235356767],[143.05238448038807,182.61646457973671],[143.13559960870037,182.59181086184748],[143.07705993382194,182.55415235356767]]],[[[143.4884465240746,182.6539957012595],[143.39667788156254,182.67461949514467],[143.60870327818938,182.7892991877912],[143.61989120201656,182.70851490811498],[143.4884465240746,182.6539957012595]]],[[[143.33935299583916,182.695745817824],[143.40462588614653,182.7396235783929],[143.45202646770508,182.70996424579832],[143.33935299583916,182.695745817824]]],[[[143.29394267541596,182.86118373377056],[143.14185506251357,182.8539795630149],[144.0055793467929,183.0439791116253],[144.0076034582686,182.8777652203254],[143.87833931878058,182.79229013586703],[143.67471053395272,182.7618972507555],[143.48900372549454,182.8843090096717],[143.29394267541596,182.86118373377056]]],[[[143.14774127173445,182.65380844950317],[142.83869418278474,182.6982403086668],[143.04798529206968,182.8871907587225],[143.09585699178803,182.82424363213426],[143.47825771856415,182.7835614445806],[143.14774127173445,182.65380844950317]]],[[[129.92151394277127,181.52366775180337],[130.63060133546003,181.78143951843043],[130.4680141309962,181.09444701407003],[129.74533604559207,180.87448747767712],[129.4258990652072,181.0299240801959],[129.7789518213991,181.26524057664474],[129.90204496138892,181.22565899239706],[129.92151394277127,181.52366775180337]]],[[[132.01448322186437,181.5070612351784],[131.91607265870005,181.50878419095883],[131.88458035519335,181.5850416623365],[132.1617475491098,181.54009891646507],[132.05116952275586,181.48237907913062],[132.22935336995482,181.42646499738424],[131.91231395223622,181.3496860965211],[132.01448322186437,181.5070612351784]]],[[[132.46913341988443,181.50828341765873],[132.59593455585167,181.57530000496212],[132.61918048259452,181.55108271218734],[132.46913341988443,181.50828341765873]]],[[[132.1101670329357,181.5073255511294],[132.1738247123555,181.53631824583195],[132.0908207944342,181.59921683057257],[132.40787619028416,181.64705449484993],[132.40187433961643,181.4923951982921],[132.2397848478176,181.43412670906008],[132.1101670329357,181.5073255511294]]],[[[140.69181064254715,182.78406684556808],[140.68746837490676,182.80815067405763],[140.74548153385996,182.84593118694042],[140.69181064254715,182.78406684556808]]],[[[134.33488331999746,182.19106314626202],[134.28412931665056,182.15541415697408],[134.2500803514552,182.1829573115922],[134.33488331999746,182.19106314626202]]],[[[131.19529076238052,181.5801352523946],[131.05451419280996,181.56126976625777],[131.49296857218735,182.0165829295514],[131.19529076238052,181.5801352523946]]],[[[134.3463738987086,182.20762594294337],[134.37301226467017,182.30215832708922],[134.45017873399462,182.27911832215523],[134.3463738987086,182.20762594294337]]],[[[137.0984787648419,182.52840430099718],[136.99871598120941,182.46946907622265],[137.0354661403407,182.61592207575524],[137.0984787648419,182.52840430099718]]],[[[134.53952007570095,182.21866934821526],[134.49635935259735,182.2953961848583],[134.61823479083108,182.40287540242608],[134.53952007570095,182.21866934821526]]],[[[134.4828157918697,182.29858504337406],[134.44640494677026,182.38319296812836],[134.5271496922756,182.42836258449205],[134.4828157918697,182.29858504337406]]],[[[136.3894837413681,182.59120835249578],[136.50476455600136,182.67052552696552],[136.3039208577968,182.51905042419833],[136.3894837413681,182.59120835249578]]],[[[130.90336353336824,182.45276775881746],[130.64986628515985,182.34361966567582],[130.83307660681544,182.52910885609526],[130.82411998896038,182.62775126015703],[131.1778009570704,182.59474947751096],[130.90336353336824,182.45276775881746]]],[[[131.77747532520738,181.65000115094784],[131.56004026543022,181.61654241128954],[131.33667341883375,181.73399391970202],[131.42174111251475,181.7760152669992],[131.58115323249228,182.12995834153983],[131.4919781580961,182.24732787100487],[131.6819460614248,182.34218230805342],[131.92356557830945,182.35255916310723],[131.97426552444807,182.4653306370475],[132.4073034631764,182.49423532603257],[133.13770234546286,182.7027568134424],[133.67572124842425,182.7501527011201],[133.630047682586,182.60702120012564],[133.4035941986432,182.53488210994837],[133.53281071147518,182.40229179597824],[133.41577301595322,182.28281776706604],[133.1393389523254,182.2478428470105],[132.73212045123952,181.89544599405667],[132.40637213356078,181.82811968691743],[132.3284649689237,181.87145355806325],[132.33396978060634,181.7894010924401],[131.77747532520738,181.65000115094784]]],[[[135.1791620379119,182.63905886041746],[135.13385705408956,182.69879977910924],[135.39059358231998,182.77991190120363],[135.51544263072338,182.73680253802593],[135.18682195964328,182.59431656463414],[135.1791620379119,182.63905886041746]]],[[[134.67506003438805,182.42752129120794],[134.91090333090196,182.77336842674535],[135.2028588454437,182.87815145472422],[134.88460814956704,182.49738523974185],[135.07510100261538,182.6428451835345],[135.25112666341175,182.52616255345933],[135.00315552636667,182.3417087288853],[134.80207916933324,182.34440664158322],[134.67506003438805,182.42752129120794]]],[[[137.38536365024885,182.80698762069022],[137.28633540029182,182.84787487527848],[137.31379374893902,182.8736151805185],[137.38536365024885,182.80698762069022]]],[[[136.92614665794338,182.86913471328933],[136.97389842453623,182.99452196518024],[137.05764731195717,182.86953328045757],[136.92614665794338,182.86913471328933]]],[[[136.10967789963456,183.0629298053841],[135.7182787814782,183.074949926665],[135.9533589933389,183.25314347049553],[136.56196565412571,183.38899074366051],[136.69617000582514,183.32142891105286],[136.40948568944492,183.28878823645454],[136.10967789963456,183.0629298053841]]],[[[136.71665757959062,183.28546619652866],[136.67365483542136,183.24630643047448],[136.68249486800664,183.3020689436811],[136.71665757959062,183.28546619652866]]],[[[130.707674443526,183.45989715485726],[130.80042197848977,183.499590842719],[130.85157087545178,183.48295521528738],[130.707674443526,183.45989715485726]]],[[[131.71499042633616,184.27344585165008],[131.64883746983264,184.2486750874732],[131.59201820315576,184.2651450243645],[131.71499042633616,184.27344585165008]]],[[[127.63079195004495,184.55441228366337],[127.48507049167678,184.5914019254959],[127.58197231875009,184.61750163037738],[127.61904715710676,184.71127353876852],[127.76938713764099,184.70536171613452],[127.97862157589151,184.76740031644778],[127.97887582167851,184.67294436497968],[127.63653288282418,184.59839444613067],[127.63079195004495,184.55441228366337]]],[[[130.9817238922007,184.78349647127413],[131.15182634765046,184.79480619057432],[131.04638065435523,184.7629953062546],[130.9817238922007,184.78349647127413]]],[[[131.14691471897294,184.84899751811025],[131.23899663072436,184.87987598046408],[131.23608481810427,184.84812701823935],[131.14691471897294,184.84899751811025]]],[[[130.97080184216705,184.82084916842098],[130.919929615782,184.80625780257063],[130.78595237622653,184.85074144485858],[130.97080184216705,184.82084916842098]]],[[[127.43348422937638,184.48152680721103],[127.56382790486276,184.51030326843724],[127.56224410046542,184.4709185521234],[127.43348422937638,184.48152680721103]]],[[[134.70737882450697,182.71143464267672],[134.79123300063216,182.70309896276842],[134.7057444259622,182.676222069046],[134.70737882450697,182.71143464267672]]],[[[135.50745721682304,182.835944518382],[135.57892683270785,182.75853114880965],[135.43431035272445,182.76577109362213],[135.50745721682304,182.835944518382]]],[[[135.24875995668808,182.7910059535481],[135.32793018219505,182.92519406938135],[135.55009402109238,182.92815560624967],[135.24875995668808,182.7910059535481]]],[[[136.5806666934006,182.9931187521833],[136.9062459411029,183.0197987891313],[136.68360519099397,182.79732011746609],[136.45785269796988,182.82822650490158],[136.4334435658975,182.93860138326016],[136.5806666934006,182.9931187521833]]],[[[136.1334549927796,183.06289817661957],[136.45066883433444,183.1971722590817],[136.18906994509115,182.8557128081965],[135.9620246203621,182.89027955583998],[135.76233262311925,182.77310293063732],[135.53326521276674,182.809597050047],[135.78821857720715,183.05032987137733],[136.1334549927796,183.06289817661957]]],[[[107.30074134515942,174.97850913680224],[108.08489242284526,175.6021930107114],[108.08055480430986,175.65151855319067],[108.12405894193054,175.63867915830764],[108.53965821535476,176.00806142698787],[110.39462936836507,176.88326288766274],[110.84861305890246,176.8513284381343],[111.29019032305581,177.0828756245837],[111.8055192504111,177.49491579036228],[111.82781006719867,177.59044810750802],[112.30850982999091,177.7587674602612],[112.35895995077705,177.90888743310154],[112.47347275846421,177.919219205871],[112.47583031783118,178.09556139581028],[112.61586021146711,178.21939465657758],[113.26831190210083,178.3699957047687],[113.51887459257306,178.56465787965797],[113.84986118530547,178.6425003356191],[114.20544961710834,179.06434306020674],[114.12838199244275,179.1116857448378],[114.27113769561954,179.31250479742152],[114.65066614064317,179.4093802310289],[114.66834985218823,179.50436880792722],[114.78425537916084,179.4975702766845],[114.84903859913555,179.71888485131598],[115.60187073283447,179.86981675052974],[115.67878025315474,180.01744450006737],[115.96475675379568,180.09460678338567],[115.8893944807723,180.10507110857026],[116.19749870255464,180.21622013498663],[116.04256718800292,180.2749415815445],[116.28924706850904,180.27426522437645],[116.3057713438069,180.3442014956056],[116.49624854410271,180.37848738469765],[116.62015141580343,180.65548038664144],[116.72861572807486,180.6528190637135],[116.78017897790038,180.7502335120658],[116.65581000223962,180.78746985642312],[116.76779154720391,180.82929875388507],[116.65141012869293,180.9271131252758],[116.93748578276288,180.9808768361824],[116.95027130096071,181.05970216897825],[117.1025910284377,181.05867345359133],[117.10534908273226,181.12774320259774],[117.23469841199751,181.09168444964502],[117.2226738733861,181.2262724412147],[117.04845027417551,181.19414778718732],[116.9686010294891,181.39372333960756],[116.86524718098424,181.3719752996541],[116.94194512454916,181.48798976209946],[117.32868819140717,181.65527116000675],[117.3693035892999,181.58688281427786],[117.44058592818068,181.66225902237412],[117.9435943066271,181.75384420121966],[118.12449474425898,181.9778985042288],[118.55863629090393,182.00131346975357],[118.52331193409127,182.32014216690894],[118.75682906608056,182.48034107221844],[118.41192685632558,182.4224866209005],[118.92168620884141,182.73094592859456],[118.92897995503206,182.83036401718985],[119.13976352967511,182.801092730165],[120.06088583466762,183.0845537052324],[119.97518812772472,183.12067972866691],[120.2265655609861,183.18551789385978],[120.3721571988599,183.35603886051928],[121.09134359578907,183.76869408256388],[121.02568516894142,183.84300347179146],[121.37928364865046,183.99681634845567],[121.3456982593814,184.05502453896187],[120.80701647189255,184.04332919931767],[120.99873500953409,184.239249976081],[121.56648016774881,184.25670904887428],[122.13752809807819,184.41963678035202],[122.21785005276067,184.55337789222756],[122.52742331498044,184.67340084625215],[122.53651157960675,184.92249077937976],[122.86843132171944,185.02297585478902],[122.83554284711167,185.0738869499421],[123.35065883954944,185.30404471622654],[123.15714904770212,185.42301520879417],[123.35457520543875,185.54216040245322],[123.79859307446924,185.62014998510574],[124.10806751395333,185.76148630447813],[124.13701553264715,185.6750562739899],[124.01571879207154,185.67350778807656],[123.98414186952513,185.65941280397954],[124.0255828395222,185.59857597446768],[124.36514052303036,185.6723886063266],[124.66906449201227,185.63598946446243],[124.57081557161922,185.58171670535313],[125.26210621773134,185.83115003759247],[125.03449888666525,185.69130163447647],[125.30146275297422,185.773131004101],[125.32498250545456,185.7310934774873],[125.00038166856847,185.6078626124517],[125.2969720706827,185.64248454537554],[125.01178361756868,185.54463100348278],[125.10367236550982,185.52999568004526],[125.72290110873415,185.75445959698044],[125.75858003050406,185.72855400652185],[125.2765166587216,185.5232003162519],[125.55481202995426,185.56584875710132],[126.46800487156156,185.8893442536004],[126.55704169026936,185.8209268828473],[126.08903273330915,185.68109471077344],[125.92367240758566,185.39984965613746],[125.98984781655162,185.36939665017962],[125.80307807537582,185.34065021167194],[125.72504564376973,185.2493339655607],[125.85028576105393,185.24807121086712],[125.80768060283623,185.30648110087725],[126.24491066584417,185.32529824545782],[126.57224699242309,185.53014313933346],[126.84670206733246,185.56160060315585],[126.68561827923341,185.49757724715624],[126.91970896749788,185.50919739863173],[126.77636901599764,185.4281545321325],[126.89303088604935,185.40853102164226],[127.03387900451284,185.44481912933475],[127.1658611075981,185.5043875136917],[126.77952070327493,185.23467523300235],[126.67575524201953,185.2413878495709],[126.54729701174588,185.11917897674283],[126.61750063247749,185.0824288787687],[126.80536799191557,185.13337798462896],[127.02379773554638,185.01393551297986],[127.46311746340419,185.05594410744135],[127.7843040040527,185.12430454224227],[127.45358021831493,184.96278843245327],[127.67592088462368,184.91533552773944],[127.03767549982265,184.54673842174776],[127.13910497867332,184.46833784552948],[127.56235353421036,184.46971084157653],[127.61393639922538,184.35621067977326],[127.44383312605234,184.21471725419957],[127.58946480006901,184.1699537521454],[127.87161074216543,184.21770254526513],[127.55120877989765,184.28657546068212],[127.70453905609315,184.3598164489173],[127.68525374314794,184.60354886050578],[127.97157786418282,184.64395228075034],[128.01919660523916,184.8025778919272],[128.74125870973876,185.12260850777744],[128.68210936829024,185.01796404260574],[129.06326415639145,185.170552100032],[129.0871731576274,185.06381146141234],[129.1371151015953,185.05830622686875],[129.27972428323542,185.0819009342447],[129.33440544779305,185.11553236830676],[129.36693609336075,185.17595266195457],[129.70540392722592,185.17124482605763],[129.962968581961,185.21282342502218],[129.99174881282894,185.14805070513424],[129.76734443461157,185.08540892731995],[130.03915246365264,185.11693079264379],[130.0618167353415,185.05159493646252],[129.5964064272794,184.9288549215473],[129.85525964802548,184.90930631565035],[130.03246664802066,184.94026498332917],[130.09879127535686,184.90069065010567],[130.50555857582418,184.9645304797965],[130.54625896650106,184.89765699217196],[130.8018614020397,185.0648310078307],[131.0038859896157,184.95447403338025],[130.77654824671637,184.85201235703542],[130.8477383890679,184.77575377100416],[130.6914020578767,184.71718516016796],[131.23960190108008,184.6943745909083],[130.5665067371074,184.47510838295278],[130.97389941994908,184.50627202318844],[131.1040856961174,184.5753342065852],[131.4044270626158,184.58546414134014],[131.531803677013,184.7216034151176],[131.80631427617126,184.68949874376048],[131.46939525007417,184.54274166090525],[131.8696720586291,184.60358820678016],[131.62104986367663,184.49243233934197],[131.79081825795578,184.5473121615926],[131.85278097593556,184.43391649334825],[131.98201430601597,184.47948299205032],[131.8053756685273,184.3396388762767],[131.51998987259327,184.24851693623145],[131.62158359849985,184.22455360135166],[131.885366999542,184.32047923224707],[131.8659327557167,183.98011198717845],[131.3006198091252,183.84857733874213],[131.7320229893118,183.81047741081625],[130.60289553559676,183.44098371880347],[130.77842530073997,183.4454184970596],[129.97930916414458,183.17370175118126],[129.97707938094743,183.07295817095172],[130.17184858257792,183.06386168326617],[130.58455951488466,183.2398301182464],[130.80385022067014,183.2506097720017],[131.13567153945465,183.4353608250412],[131.5691777569907,183.46635499361255],[131.77385347866033,183.2632017664356],[131.73894952670787,183.07887491822066],[131.79982158834375,182.90355385063148],[131.46105334568344,182.68872591635593],[130.77405832000335,182.63788137012142],[130.78841750779674,182.51123098812786],[130.650513966601,182.46353455775113],[130.61999645651468,182.3818510778843],[130.35320694303866,182.37217573695318],[130.47251662274556,182.33119799604904],[129.74699211987274,181.82659903629116],[129.14858105037095,181.81333471872847],[129.38484176253706,181.6869265976082],[129.7615926614093,181.75354973586764],[129.51291343814248,181.53858918807492],[129.54270889507862,181.36922762510474],[129.30606455553232,181.3014380946553],[129.21585963466677,180.94713289098326],[129.54075766957018,180.8326818055085],[128.8144222498612,180.50960341163093],[128.19220141013605,180.3661099819931],[128.3801725910639,180.1063275057332],[128.19796914232847,180.0974556479843],[128.30531758846922,180.004508325785],[128.52705856497127,180.07015912071222],[128.3891927925081,180.2716663410483],[128.78528691514228,180.39367544719647],[129.140224547614,180.37353060414324],[129.56305641832262,180.65421517111275],[129.66795945630497,180.6308270037312],[130.78540697924223,181.0593469292318],[131.0487901101331,181.55284741707175],[131.17563631893054,181.55711449832782],[131.35057573528198,181.68015031244786],[131.50429389396325,181.59112830620117],[131.83479198999657,181.59020012828063],[131.8778638240246,181.4666644679833],[131.9413793205035,181.483575997562],[131.88998438543456,181.4053455719322],[131.91394611700656,181.33898576167712],[132.19441667318497,181.38945169312998],[132.10912480748462,181.31592624147112],[132.63572134933696,181.54837034586382],[132.80159936140706,181.69509625893727],[132.96067422986735,181.67351233572015],[133.01381190394514,181.55353054078608],[133.090473939415,181.77092405413427],[133.52839023225098,182.02046030533216],[133.81019335244588,182.0597235201177],[134.0582030818868,182.26446650667566],[134.2995978520656,182.26402506428792],[134.2293333920908,182.19683034275414],[134.30376156323624,182.11383174177595],[134.8121317437425,182.33889302423728],[134.99835108637404,182.32844157849422],[135.57216979387533,182.59926598671103],[135.73858348335708,182.57028095471378],[135.54788024017586,182.41876655391948],[135.69488590673666,182.38828850080793],[136.00683181607215,182.5806698210465],[136.17526295855617,182.4182487477173],[136.54985767625845,182.55138909790003],[136.8260536807443,182.80085902146226],[136.95509549008355,182.80958190227727],[136.9766481878309,182.45396098137994],[137.27613015780636,182.54144116187203],[137.3197990284034,182.81948629537925],[137.44959674223048,182.75684106539006],[137.54890624425715,182.79784224507625],[137.25377712782662,182.98549916683726],[137.46337704082157,183.08347397484454],[138.37519240431106,183.13507462360806],[139.9432305350676,182.78560009601006],[140.99598931903222,182.73245636824532],[140.91772428923676,182.81849745403986],[141.3296554507906,182.61069351194405],[141.70890018285434,182.6366744401518],[141.74485588817006,182.55764507284846],[142.34869760723234,182.63769330125527],[142.4164662467122,182.550756017555],[142.75726239068868,182.58980160550556],[142.81399860045428,182.4555534440497],[143.8357130715353,182.7198108048608],[144.1256149045375,182.84407010399707],[144.17123111460447,183.03554100017726],[145.26764799604464,183.21497311886287],[144.93692939010225,183.04334935933738],[144.58989531667862,182.70865830066109],[144.73895742027386,182.51157797631328],[144.45130300544074,182.30127329462175],[143.70704102889056,181.84631707251435],[143.45172221784557,181.5692319242924],[143.36463021396622,181.5763983794308],[142.93747715829667,181.26243091759568],[142.3492176967856,181.1005672489827],[142.25768410015374,181.00104569744707],[142.42168604675675,181.01967324281603],[142.0689358701245,180.61556765559234],[141.90521519640737,180.5430243720491],[141.786061842315,180.38668819651622],[141.402181683328,180.2006491597411],[141.3329927046425,180.22958236670343],[140.92512709551914,179.94443186377654],[140.91971982240312,180.00708489836688],[140.73508649245773,179.84000575889405],[140.64233517090943,179.8401039103652],[140.68751051661638,179.9302279525608],[140.22554606857247,179.42196858188856],[139.98576745693794,179.25014960032834],[139.57260289440103,178.87548385594647],[139.48036023594372,178.5825321987718],[139.09157113303075,178.17241797207697],[138.7589359374451,177.98426823257665],[138.45098568362118,177.67648863380842],[138.28152075247803,177.5956123234434],[138.28727274777117,177.52671781992007],[138.17287152913536,177.51573118128005],[137.8940367900134,177.30766249602488],[137.801666876563,176.87033117029858],[138.07667408736182,176.77435255367647],[138.01722828419815,176.6640671593309],[138.08769199445987,176.63913765293748],[137.93969869520947,176.34313916320318],[137.46776822406264,175.9423341021594],[137.5573058750003,175.8511229519734],[137.38731476216785,175.7142367173846],[137.52944028227108,175.27579189759814],[137.38998917214363,174.70021183941375],[137.20049929224456,174.5604270767895],[137.18098881860357,174.4111128275114],[137.03119332621097,174.23481035204904],[136.66379062205547,174.049812727156],[136.52497465697405,173.89138662047964],[136.35797999105318,173.81079833076876],[135.97735548309817,173.42773482772228],[135.7692607047589,173.38475468779166],[135.6802316381889,173.3109570141802],[135.66688744631512,173.0405360382848],[135.55287536892416,172.99225997392557],[135.56812992917168,172.73703454055988],[135.42531780398755,172.62499592116933],[135.56877188502716,172.43338768486353],[135.4016555548069,172.29653530840434],[135.47722024469456,172.15884393871323],[135.69365150146365,172.16519641899527],[135.7393197157371,172.02856854471628],[136.03614818729403,171.9847795116687],[136.0619297715063,171.86978777600348],[135.9515141283643,171.7370887509049],[136.03634795619053,171.77022135874347],[135.7555565211212,171.52876215311872],[135.67697764837754,171.39690543684674],[135.1559433256499,171.0238333204573],[134.60674517127848,170.7992987598613],[134.2572187443126,170.75749653212148],[133.92545554714383,170.65764545619723],[133.49694070471912,170.61398718933592],[133.34297504915705,170.55284527251717],[133.03244633521007,170.5026348397799],[132.4894814866206,170.34801574126908],[132.16621075936553,170.4569911395102],[132.07127668110394,170.42793767731376],[131.77359484506965,170.46554566116419],[131.22204341604115,170.42193083680456],[130.45611617555767,170.29802221557935],[130.3543060635639,170.33803008436175],[129.8455090283275,170.28996164047845],[129.62650911124953,170.21087080570328],[129.46037083956628,170.23172994744536],[129.42578979303553,170.15800036783313],[129.35943693879486,170.18694645924865],[128.92271147101118,170.0558109864012],[128.77715176908828,170.0648826947653],[128.4603439932472,169.98968445775353],[128.31873192116333,170.00124226049232],[127.85115095355572,169.85880224298182],[127.4310519894197,169.92104845901545],[126.16991305813167,169.97200284360815],[125.71975860442456,169.9085504523655],[125.42024485192238,169.933731814445],[125.17334004955724,169.86396696842434],[124.94033603835156,169.90562245975423],[124.90858599879395,169.94999893445572],[124.66146220685027,169.94763698050923],[124.48831695381551,169.9869832068857],[124.08417949082235,169.93767232367296],[123.89351695153039,169.9487970050207],[123.68980748948086,169.9056621343118],[122.91837118230507,169.91736806701567],[122.30833658457834,169.96689823300926],[121.85896566633711,169.92489321843442],[121.80883514850973,169.95507250079356],[120.76720515778986,169.93996582657843],[120.40029546997866,169.87096319419595],[120.3212174388361,169.88792704924504],[119.52970472208973,169.66981286024446],[119.59685389767355,169.63159987311013],[119.46055709664748,169.62988977407744],[119.5516673317023,169.61069945083983],[119.15751405282083,169.51533024863107],[119.22233674190598,169.48556557017773],[119.04594225781301,169.47355866245098],[119.10674195587913,169.45111787647346],[118.57507198336049,169.25823952589013],[118.19244465216931,169.21368655425795],[117.35800613621065,168.97667401981573],[117.32087788527278,168.91235112205553],[116.82270720587042,168.82551940070982],[116.97071039728684,168.78993671870194],[116.7679753184295,168.80136547032933],[116.33105402300843,168.69030502840656],[115.43325153666557,168.57315995629932],[115.44795814625611,168.52968296434065],[115.01432378733759,168.37398704419311],[115.20222034844303,168.23866134913877],[115.08379478373584,168.12823813640549],[115.19624154185033,168.07009649595912],[114.97504378665857,167.89646713961986],[115.23619264080105,167.88272832239443],[115.43388663577028,167.7444466696765],[114.91952274149389,167.63713536381607],[114.96627677976873,167.58124373304895],[114.74040200915593,167.49643591490903],[114.77979579580301,167.43708236229125],[114.28176770593812,167.27631062616018],[114.32012680200143,167.15826582906723],[113.66016273298982,166.91986374193039],[113.21580631818486,166.86323397623096],[113.2400122118388,166.81269306355273],[112.83635296361496,166.82177759119622],[112.80369124321429,166.9316753527273],[111.92822829599501,166.88236997774428],[111.7731738792957,166.92373236451874],[111.16148030929239,166.90052466402048],[111.03550487644335,166.99675259160227],[110.95708167951572,166.99965925421265],[110.91351804687693,167.1056403162543],[111.02247297493675,167.2350927035058],[110.94949819880581,167.32930237468534],[110.72913554616383,167.3253241485598],[110.78275782681348,167.3677845870235],[110.56392783132797,167.40712874857067],[110.5649918964255,167.46722172655006],[110.71738953008747,167.49725661274925],[110.84542062646133,167.58931941668604],[111.06116471389372,167.6184941991214],[110.95528407822601,167.6719127273422],[111.03179932592137,167.69824276182084],[110.76660191722898,167.76720672152348],[110.84702884888712,167.80600639633275],[110.72142980403004,167.83581382192972],[110.47033980334736,167.81315051978035],[110.3319442851184,167.9541955923834],[110.22910257300667,167.97209491720295],[110.34486178150983,168.008639864413],[110.38217498236142,168.08426427740466],[110.20196439800537,168.23198305492554],[110.0838283626959,168.2181948573744],[110.14466362778576,168.32526927990713],[109.85560496758399,168.31489170034533],[109.66845721712505,168.355527092653],[109.77768499704,168.4077428732973],[109.7054723887069,168.43394734268145],[109.87777630106845,168.46204946457348],[109.91308745861673,168.5152979380008],[110.09964194979989,168.56625003562112],[110.0485343475292,168.62283281750868],[110.31252791528651,168.64409620367283],[110.40926096261299,168.7096405278004],[110.3932579897878,168.85337480905923],[110.62239215176274,168.91721620466637],[110.54732437117784,168.97970302384925],[110.71088593441165,169.09616281469985],[110.97314028266959,169.16409581489836],[111.02301485128649,169.25551671021267],[111.30597515536424,169.2954487963875],[111.49350222297159,169.4158707561559],[111.66065610962711,169.3829091735369],[112.2341248284882,169.46698081878628],[112.73014342020197,169.43551441065358],[113.23778004561422,169.5978253932922],[113.12105952379446,169.64375944794273],[113.58899719020405,169.7975928700945],[113.58098482187775,169.9323320227525],[113.08128976953746,170.09496272897854],[112.16658278101715,170.11009003807328],[111.34715845898242,170.04572532122162],[110.89478074455359,169.91903094890608],[110.72142452759925,169.94449524389722],[110.6319772561988,170.05091760405162],[110.53480574187901,170.0492776099598],[110.55183039185141,170.15877901639243],[110.46584548377135,170.1553372936329],[110.49107362909965,170.20287425213286],[110.16270483092562,170.34851834478116],[110.18347731458938,170.45895213668382],[110.00059448934645,170.47934543301],[110.06926275359044,170.55032615357902],[109.95400762631675,170.56438456580116],[110.02455799158939,170.60986799769307],[109.8548170070346,170.67999835881352],[109.9173088151696,170.63951829974303],[109.78176329825081,170.62432278343329],[109.80893503963807,170.78010469163775],[109.65612693947782,170.8156325348694],[109.74982461028416,170.85634014866682],[109.53931898610884,170.86092354810836],[109.52935889486312,171.03855297272747],[109.1874500639867,171.07398865998388],[109.66720241477996,171.1528901230827],[109.7388928287992,171.26036005874968],[109.60027116386412,171.3503945284907],[109.35350591768919,171.37612685732535],[109.11854443815466,171.32924236470183],[109.05729319027914,171.44179976396407],[108.86800448681231,171.5307212672552],[108.91809768707826,171.62205290913911],[109.08763978875761,171.6475514789104],[109.24960787216469,171.5999486635859],[109.81397371640082,171.79147112533036],[110.16535101624162,172.04288994248205],[110.11640961124692,172.11996818137334],[110.35791190832117,172.25173002001452],[110.45678834741207,172.41696518242983],[110.99112124650102,172.7051938112344],[110.99231225965423,172.81291366255525],[111.19113380768272,172.93778830262912],[111.37051992452645,173.1823861613932],[111.21134645962766,173.48664876414787],[111.16941765860933,173.95538027074394],[111.30737293289471,174.21697433958394],[111.11289083769252,174.47411911307736],[111.23639197628363,174.61033593867552],[111.19266883608978,174.87071001729208],[110.99330823165678,174.97667081011366],[110.73885795145529,174.97735647598296],[110.2634996885342,175.10845144451918],[109.92111139618852,175.08228748360716],[109.77930625705788,175.16527133790578],[109.79329495770199,175.31089806543145],[109.3088503029791,175.3876592922189],[109.01194842214457,175.30529434667034],[108.65110409279939,175.33961685386035],[108.20313201231014,175.48463771978965],[107.85816743194161,175.37112246328965],[107.76334810173483,175.2798435589529],[107.72661825306093,175.16776851667038],[107.60992511977621,175.04625531715112],[107.48405797176127,175.0871844925271],[107.4022630097302,174.99036145946786],[107.30074134515942,174.97850913680224]]],[[[131.31565406316733,184.98951629152882],[131.36860983412717,184.99689004720716],[131.7714981253046,185.166094048676],[131.89788561833515,185.03112684837],[131.65241494909213,184.8935228403532],[131.5973506750208,184.96101662297093],[131.2100010458418,184.90100100827652],[130.99234441085946,184.82316231021383],[131.06467177966206,185.07507194167846],[131.23998027015008,185.11594608610736],[131.13221857154036,184.9813345736748],[131.31565406316733,184.98951629152882]]],[[[131.19516156594403,185.04925132559958],[131.32130862512082,185.0091792048675],[131.18228185512808,184.98468757848906],[131.19516156594403,185.04925132559958]]],[[[131.29111955978001,184.99396981261583],[131.33333807146946,185.01049083359405],[131.2450398389987,185.06057410686964],[131.65924095518102,185.20143297437448],[131.3528903351813,184.9959392556868],[131.29111955978001,184.99396981261583]]],[[[127.92570906062203,184.77419942949197],[127.6067564034546,184.72424862906885],[127.46035074167528,184.59080634675203],[127.47189772261927,184.549814295325],[127.18672506908504,184.49836065692315],[127.67817036144916,184.8170748921316],[127.91129282364282,184.83480170523228],[127.92570906062203,184.77419942949197]]],[[[131.25766639813043,185.10453046555452],[131.44694982835236,185.22734795704704],[131.50596601230023,185.18006766735778],[131.25766639813043,185.10453046555452]]],[[[129.8551294672595,184.9669394974524],[130.0498775280265,185.0153896208564],[130.03182821659948,184.96246950603063],[129.8678810679914,184.91278173089654],[129.8551294672595,184.9669394974524]]],[[[127.72452739792499,184.92005076460487],[127.48606258254861,184.9649032670871],[127.80725937869813,185.10525635288596],[128.00250934178223,185.07235479378804],[127.72452739792499,184.92005076460487]]],[[[131.01882932143857,185.2060606617211],[131.39061378981404,185.33327922144932],[131.17856735054642,185.23686456405588],[131.01524206459135,185.12217009729045],[130.89114687876815,185.1571345624362],[131.01882932143857,185.2060606617211]]],[[[131.44745062613518,185.31694534146828],[131.3026100524841,185.29200864107108],[131.39909932006105,185.32747279089457],[131.3829613325831,185.40462687874435],[131.57145258702212,185.4369935856938],[131.5500809736972,185.30191406756308],[131.2096779747956,185.24457123674756],[131.44745062613518,185.31694534146828]]],[[[130.13315323739684,185.17296938000172],[130.24473368688712,185.26174153707046],[130.20910123008,185.22094747656678],[130.13315323739684,185.17296938000172]]],[[[129.09921886127668,185.06415506951026],[129.17407894198686,185.15217345658243],[129.34308599017587,185.18477059968603],[129.27271623770932,185.12317718186006],[129.32354991181947,185.11080504535147],[129.09921886127668,185.06415506951026]]],[[[124.48123548112852,185.71795741819676],[124.39065366859938,185.72101791155143],[124.58415170978229,185.7611662452196],[124.48123548112852,185.71795741819676]]],[[[125.7950712933698,185.70766358527018],[125.66813578222471,185.6234295119228],[125.60531775387815,185.65769897852908],[125.7950712933698,185.70766358527018]]],[[[125.80988585468572,185.79954295830512],[125.66466305099804,185.7802093736398],[125.86017549551904,185.83987907464422],[125.80988585468572,185.79954295830512]]],[[[125.49065012658988,185.57651335924731],[125.58679482406328,185.59742467262757],[125.55377888985285,185.57102365968083],[125.49065012658988,185.57651335924731]]],[[[126.0117753343639,185.47886778686353],[126.10500431741193,185.47713326319806],[126.02969947719468,185.43430255597832],[126.0117753343639,185.47886778686353]]],[[[127.28170053294947,185.71303980924023],[127.34281955334984,185.67187101244662],[126.97907568070858,185.64366309374572],[127.10491721018577,185.7184540925914],[127.28170053294947,185.71303980924023]]],[[[126.27514456851284,185.672700440553],[126.42866917406106,185.7125799254399],[126.36399228253433,185.5898160467525],[126.1867132776945,185.5574392893966],[126.27514456851284,185.672700440553]]],[[[124.3679233518458,185.67660108868884],[124.88640573621788,185.77626678042952],[124.69476522095758,185.66548522631018],[124.3679233518458,185.67660108868884]]],[[[124.1056912580164,185.66866275550558],[124.18242916658724,185.6806283087164],[124.26288437176223,185.78230405204172],[124.65255255386347,185.8995170187253],[124.46875059715458,185.8364589456384],[124.50452559436667,185.76895157836873],[124.3417511536737,185.72314261068067],[124.33743817341977,185.67049900984938],[124.03368568924375,185.60341437110952],[123.99532093992148,185.66073775197236],[124.1056912580164,185.66866275550558]]],[[[124.79794321746371,185.93668917040208],[125.06084224361004,185.95487859122937],[124.79878488442694,185.83147335208142],[124.91782828288535,185.84990965594156],[124.83182195685637,185.7951011259925],[124.58049980086734,185.79395167646908],[124.4825406529164,185.83730060093146],[124.79794321746371,185.93668917040208]]],[[[125.70243469096745,185.9742341062174],[125.78362543183084,185.97694441927075],[125.46966934192181,185.81428559739845],[125.31170666087553,185.8130766431445],[125.45838552428751,185.9155804044688],[125.70243469096745,185.9742341062174]]],[[[126.34078483113771,185.43370956881336],[126.38774220707217,185.44781316095612],[126.31007908473244,185.39087335748758],[126.34078483113771,185.43370956881336]]],[[[131.09255771319278,185.65209383474203],[131.3119310316127,185.75749968952277],[131.301183146732,185.72046080871868],[131.09255771319278,185.65209383474203]]],[[[126.97833206437679,185.4377223513854],[126.87805539997434,185.46624121622835],[127.04436539066123,185.4868430038261],[126.97833206437679,185.4377223513854]]],[[[127.16997819449688,185.37305206989416],[127.33904862082804,185.40695041122942],[127.10175544235219,185.32540195875168],[127.16997819449688,185.37305206989416]]],[[[130.4763721836015,185.64621134726195],[130.2534522446274,185.57284031722492],[130.3201173354397,185.63530238362904],[130.4763721836015,185.64621134726195]]],[[[128.16851919642383,185.48333584371005],[128.44551861836763,185.46074172485956],[128.19165967690535,185.4137107381428],[128.16851919642383,185.48333584371005]]],[[[130.30719159759306,185.5019848927856],[130.39988298343238,185.5099209911137],[130.30446531221992,185.45428302022836],[130.16690229095093,185.47217936323702],[130.4085497626958,185.58543814895083],[130.30719159759306,185.5019848927856]]],[[[130.65836366258554,185.65905431521526],[130.58402915820275,185.535157851744],[130.41239665659322,185.5143660830603],[130.5635293254092,185.65668076664355],[130.65836366258554,185.65905431521526]]],[[[129.97143292010074,185.4372812070553],[130.01010241497525,185.48576021037437],[130.0732702500849,185.50887443567768],[129.97143292010074,185.4372812070553]]],[[[128.16881635794522,185.4016274731853],[128.4098323320628,185.44765747715937],[128.32754944538087,185.3787961420548],[128.16881635794522,185.4016274731853]]],[[[127.46285579942958,185.36359519324182],[127.36565231764145,185.4506081524064],[127.61558820108357,185.49635187441743],[127.62932236328952,185.53123514709205],[127.88979308582162,185.5239946005503],[127.77140154607767,185.43854708770624],[127.46285579942958,185.36359519324182]]],[[[130.5901855628361,185.74162891123788],[130.75537571130639,185.8037628414303],[130.93968288409252,185.75211220517116],[130.96396513674128,185.68833508989866],[131.04350555012644,185.68192726422097],[130.66329999667386,185.55006122379893],[130.71217256857003,185.63906471358632],[130.5901855628361,185.74162891123788]]],[[[130.97714425760827,185.7957620515376],[131.35154037834045,185.81087859379755],[131.14278669571445,185.6962058204149],[130.95803719539003,185.71012454798236],[130.97714425760827,185.7957620515376]]],[[[127.02422041664877,185.5104720184012],[126.90965746356183,185.48434046496192],[126.93961178782115,185.5144304200483],[127.02422041664877,185.5104720184012]]],[[[127.06326549698923,185.5550574078714],[127.0405413583247,185.5246467846636],[126.92279576019521,185.53091345163864],[127.06326549698923,185.5550574078714]]],[[[125.85136359222213,185.3354483191676],[126.02051053259436,185.36778092149743],[126.16498753705248,185.53780068017903],[126.40568088006516,185.5846472894958],[126.34554046429571,185.54458027307336],[126.98724062703334,185.85032580770235],[126.90280556721204,185.74383927366216],[126.477650480677,185.54991868613843],[126.24678399817003,185.3566053791668],[125.85136359222213,185.3354483191676]]],[[[127.4841868843154,185.2262628802522],[127.56713328692484,185.12605975113996],[127.45612795458311,185.06128202192684],[127.16832760838233,185.0408335600593],[127.0256767558342,185.08195710621362],[127.4841868843154,185.2262628802522]]],[[[126.78998262460888,185.22811180681975],[127.03109650887896,185.16209083984313],[126.89240539840685,185.1012965391388],[126.80598538339115,185.14424997300978],[126.61959681324721,185.08938046750427],[126.71274585853646,185.23544289318812],[126.78998262460888,185.22811180681975]]],[[[130.19234322072393,185.11895488349208],[130.24930284367974,185.19027886997276],[131.12655144129357,185.50799113464282],[131.24472244909853,185.4746668348556],[130.99636949281293,185.307298961128],[130.82053601511936,185.29306545497337],[130.11827449091894,184.92419236434841],[130.19234322072393,185.11895488349208]]],[[[129.40308096133828,185.17686874161095],[129.47586234276363,185.24571624055432],[129.5250910384453,185.19866874207807],[129.40308096133828,185.17686874161095]]],[[[129.3445385335797,185.19803759026104],[129.22119540865256,185.21563215944718],[129.462718879796,185.33117689860094],[129.3445385335797,185.19803759026104]]],[[[130.94081413186385,185.47137142448932],[131.0412789080923,185.49372933566585],[130.9714630023263,185.45875103674734],[130.94081413186385,185.47137142448932]]],[[[129.59588384959443,185.2444085634577],[129.646129390815,185.32926403291893],[129.6586696667156,185.28063342510254],[129.59588384959443,185.2444085634577]]],[[[129.5538745662766,185.28799965229157],[129.56220414494595,185.32995342646112],[129.6202211146178,185.33708596615728],[129.5538745662766,185.28799965229157]]],[[[127.5349546065938,185.27400106247438],[127.62507466418465,185.29307483310458],[127.5386113322374,185.24178648755054],[127.5349546065938,185.27400106247438]]],[[[128.2660005594232,185.29546632053552],[128.33893857103266,185.34306666490608],[128.1731922175132,185.21550845113825],[128.2660005594232,185.29546632053552]]],[[[129.62336112246638,185.3854875225728],[129.76330191559074,185.45675720694663],[129.84846960196552,185.4876726193739],[129.62336112246638,185.3854875225728]]],[[[126.91155840458127,185.25945887958355],[127.4018978920383,185.38760417425712],[127.02368065528728,185.1859765533851],[126.80234810419122,185.23050203253413],[126.91155840458127,185.25945887958355]]],[[[127.73912936850346,185.27947755878637],[127.92692761099889,185.3800058360523],[128.23238330442206,185.3619374121375],[128.1662421859276,185.22212835394978],[127.67087825061557,185.14811299316648],[127.50646541895924,185.2008801061468],[127.73912936850346,185.27947755878637]]],[[[129.50779200847225,185.37436226027924],[129.60359142990075,185.48475075515614],[129.7041098169044,185.46525373303703],[129.50779200847225,185.37436226027924]]]]}},{"type":"Feature","properties":{"Level":"ADM1","shapeGroup":"BRA","shapeID":"BRA-ADM1-79741978B24975484","shapeISO":"BR-MT","shapeName":"Mato Grosso","shapeType":"ADM1"},"geometry":{"type":"MultiPolygon","coordinates":[[[[85.17559384975158,173.1164558318384],[85.47343201166763,172.85727588709025],[85.66371278749583,172.5887207130396],[85.74562345039418,172.54098598155855],[85.92961338695618,172.12219101899893],[86.10559185077116,171.92877610510004],[86.12115425606987,171.8572777392269],[86.2507932715053,171.75287826660954],[86.20383340758556,171.64661177164544],[86.22656304583828,171.5729973015171],[86.1974462605382,171.53572109621632],[86.26427856796715,171.445561007489],[86.25173932763028,171.42026898021578],[86.29793777320884,171.37563421050487],[86.27437643928971,171.33720937602766],[86.32582066864991,171.2806597277678],[86.32510271530816,171.2223448171285],[86.37764106564859,171.14363363753955],[86.35963141585437,171.07760378839728],[86.48425531794163,171.05413041662797],[86.64651677524171,170.96369401664822],[86.66826729750198,170.86474436633614],[86.99877490006615,170.69923612529846],[87.27788954287143,170.39996602309697],[87.24875934581826,170.32669101306894],[87.35605961311427,170.22535228897078],[87.63153319339355,170.14071764294857],[87.73130032192168,169.9289863375938],[87.86740680436671,169.94193315158026],[91.30716759689201,168.76694702790013],[95.52023748460432,167.4786699110944],[95.95953923893603,167.37284447759606],[97.58838463727567,167.10395637682103],[99.91932867109614,166.93252561182072],[101.96486119919044,166.87952430282235],[101.80407920305316,166.79010198109222],[101.68552314029566,166.61589896282197],[101.4128624260805,166.45318959363647],[101.2514926805396,166.1536450355761],[101.10437631991309,166.08077330748296],[100.82140515066862,165.85131934779128],[100.66390281272177,165.78617651677393],[100.67226849964203,165.704164971461],[100.51336003870071,165.57806964397463],[100.52432298548115,165.5352540723853],[100.43601062054015,165.48411626764667],[100.39060618187818,165.32884102834277],[100.28607461191325,165.28087328590703],[100.1290811008167,165.0836238353869],[99.96741625020567,164.9860259688233],[99.87336404897488,164.88553147474414],[99.8447444200974,164.76123442094533],[99.95864396159698,164.74453794429417],[99.90231306296168,164.66685531248552],[99.7275085163713,164.59776015600892],[99.72259053173728,164.4628520036191],[99.80020646326265,164.44035862645748],[99.68544080541973,164.3533593346585],[99.6142828071397,164.34734193231213],[99.42686318942665,164.1574227428941],[99.50533500772666,164.14261405706833],[99.49593151799291,164.09240832020683],[99.42305967102948,164.0772646570264],[99.4492986859488,163.86055066189937],[99.38444082169158,163.86894239637655],[99.29040846342178,163.66924040061517],[99.23115215366911,163.64894925366735],[99.27473263463573,163.5876772178514],[99.35810243567306,163.56522073856837],[99.36963477328895,163.3764339247787],[99.39681061857024,163.38603909096028],[99.37212239913752,163.31375262496763],[99.46641622641829,163.33404459896795],[99.42550729468799,163.29896206919975],[99.56337895858177,163.25210627781988],[99.6136072871187,163.26672021990964],[99.61335237944448,163.2217942547339],[99.5591354439172,163.05761027345477],[99.40961426712245,163.03405212138395],[99.45247791123408,162.97717470344404],[99.36462130866111,162.960520685905],[99.34330712431075,162.77640507771625],[99.23188531836655,162.709132134793],[99.05552821319567,162.67274133267998],[99.02176476436716,162.60795920965276],[98.7667943708744,162.55184554839536],[98.69251288742987,162.49758040632025],[98.6392533512282,162.28483262526547],[98.53630326586973,162.2780946768575],[98.66077680753271,161.85485515671937],[98.61783692501577,161.8193923733623],[98.73196141637656,161.59221828154122],[98.706147651886,161.52414233331396],[98.61205673437532,161.5176155284326],[98.54935142753008,161.56569856563962],[98.57783914393863,161.49405908638343],[98.46738744873682,161.2467967014922],[98.49695608624373,161.1764169696788],[98.43101371912013,161.03671767780688],[98.49128503693719,160.8091283354098],[98.26045026526648,160.4336002436093],[98.28107600708651,160.3440811850117],[98.18154961615343,160.28086547094478],[98.17344526645006,160.12311787130898],[98.04356594468383,160.1152291944204],[98.0352134925343,160.05744733759585],[97.86434179266072,160.01396376225586],[97.69187749037776,160.05161894608455],[97.62234480699189,160.19205375608985],[97.53168854311009,160.14138060028964],[97.39315744996193,160.18410639907944],[97.29122074501919,160.12910745970254],[97.14580366824394,160.13717764927642],[97.00616910229664,159.99749409809144],[96.88758243809025,159.9935688456889],[96.83436030883452,159.86086812148403],[96.89028771987918,159.8039950810981],[96.80825080997029,159.77358760335915],[96.82584395532297,159.59822090224003],[96.75236701844757,159.41415755437734],[96.70079725933778,159.4301484423787],[96.70494186074741,159.353540099102],[96.64304713725893,159.3575145760876],[96.62931359662042,159.41211049715176],[96.58517720587905,159.4098465996862],[96.63943433092419,159.26623834746536],[96.3405770004201,159.03831494524877],[96.20211616746481,159.13734500720403],[96.05974588424797,159.08111600895134],[95.46113529617756,159.40722819506556],[95.35546354279117,159.29959658296082],[95.3028602720929,159.18819795925464],[94.99317212254363,159.16393873843174],[95.0036774425252,159.06581715588942],[94.97041120775287,159.06886839513348],[95.00760750969674,159.0053560599991],[94.97034311570476,159.0360282220334],[94.82170825398325,159.001973910998],[94.86877702257823,158.76083784152772],[94.9024082248234,158.7554500024028],[94.98375581167797,158.6152963912915],[94.98506752849227,158.54441010448525],[94.95285236257753,158.55748194872928],[94.97465784740317,158.5148863707199],[94.93302099168325,158.41188497867842],[94.87834619432886,158.44847943542618],[94.84286342479999,158.39090293890536],[94.88397200869346,158.30820216590507],[94.84335643509392,158.35322399065535],[94.818490465858,158.1520799334599],[94.69730745732777,158.1259622177997],[94.65205583766283,158.0614446285211],[94.63881853953791,158.09605759718823],[94.6524824201505,158.01759406718406],[94.60482515310906,157.98176397297982],[94.54459656873401,158.01665332236885],[94.52154983142837,157.66247907247342],[94.45273601890729,157.58838254620366],[94.33075636407936,157.28753918788522],[94.34940794004157,157.16482718065615],[94.31054946653047,157.09359812870423],[94.28259571052283,156.63215403622033],[94.31419070615328,156.6051228612755],[94.432278847641,156.23067802562792],[94.55816466995094,156.06141443335636],[94.5712230292038,155.917314304872],[94.35971870198846,156.04230740628137],[94.19103466010316,156.18759099632678],[94.10054448938492,156.18424977328024],[94.03459062204377,156.23456297947413],[93.96838912780902,156.16063504518024],[93.82276414821445,156.294684414325],[93.62546208295578,156.3027374380235],[93.48501757315755,156.4844860812926],[93.41909330156291,156.48839047864936],[93.41690863828836,156.56170630704415],[93.54908454555468,156.8114485823191],[93.62388879391466,156.8455606142566],[93.74070494643172,156.82954609290056],[93.75419837681078,156.9896207332635],[93.66987920159258,157.59642560027385],[93.61844707310549,157.66198058298468],[93.53449526020991,157.6648291009729],[93.50870913218532,157.59231891397556],[93.4532361972717,157.5996072757159],[93.4592112509799,157.4837881505267],[93.2994256979157,157.34936029043743],[93.1688689158713,157.34686106864154],[93.15417971582576,157.11561644968648],[92.98107044010348,157.20168228456376],[92.79878396317588,157.158931273386],[92.6524419643958,157.2572487360973],[92.62989979302506,157.38270556011085],[92.5009425179469,157.4905025690207],[92.47941464259065,157.55315298161597],[92.36549181752825,157.59898215769226],[92.22709238475443,157.43610054076817],[92.23876214825526,157.36539948513217],[92.17136584708936,157.23632414335538],[92.06625993065241,157.23585465628355],[92.0476658706811,157.18166950493494],[91.97950374841786,157.18509937481318],[91.97289575692955,157.040579626536],[91.90460368828519,157.0445608222825],[91.79779446273673,157.19441888513956],[91.79065304403714,157.1107303233128],[91.74036619601306,157.1780399029808],[91.70911270591299,157.0987108499482],[91.66378685986194,157.15837644862359],[91.66854241897889,157.10328642116784],[91.55462049912137,157.23483534482054],[91.51064936891453,157.36882352556262],[91.44070791810151,157.36158647351917],[91.44675916369712,157.2887269348198],[91.38976090278527,157.29254436699094],[91.33520230026373,157.3418654558189],[91.34283247105625,157.2819762135378],[91.28497594261901,157.33621993840572],[91.28445009678998,157.22979122088066],[91.24601910741737,157.29652650031505],[91.23932040602793,157.24709380519923],[91.1295797247649,157.4511819380987],[91.14408090503592,157.3868416283211],[91.10181229124353,157.37394215485045],[91.13516865575218,157.05757024200219],[91.11238874113626,157.03651137883966],[91.1509321412243,156.6913953412023],[91.13133831281256,156.71624741546546],[91.16705356603843,156.38926465952886],[91.11442132139625,156.41618229210297],[91.10430021036585,156.03812188150775],[91.05289532143647,156.02212260079108],[91.10666550230977,155.59568106351338],[91.22562376544396,155.03539571921607],[91.22916289326186,154.7492130043845],[91.26809659482724,154.58687572856962],[91.26767022388944,154.63881429066177],[91.43323791033515,153.56766368492853],[91.44942078908889,153.2478077282479],[91.50651252033762,152.9877888382427],[91.54019111649568,152.56679192180093],[91.65684949345524,151.9899441082223],[91.59863346611989,152.11125570103152],[91.59032738048954,151.9652912914384],[91.52044117355483,152.07125215385247],[91.52706864563432,151.97868136574502],[91.41163799728832,152.25086605537655],[91.41052477744304,152.12273103339012],[91.3392303062284,152.38918610762963],[91.13477495217616,152.83914168797813],[91.17159777149602,152.6848386132349],[91.03607173948635,152.72011138287286],[91.14784230611491,152.06615464753548],[91.118449215933,152.02413663696342],[91.06145846241715,152.1596521026561],[91.059728245435,151.98792413704078],[90.97503614360397,152.17407789015112],[90.97606441299587,152.02720832345122],[90.9403711477509,152.137344958446],[90.92545073202561,152.00700265238163],[90.84978553952958,152.1709199461962],[90.70772693350257,152.32460698569145],[90.59680851634671,152.67772238603166],[90.60583966530308,152.54878731740263],[90.41096876714667,153.12152813058086],[90.3354216648134,153.20774984164976],[89.83224503264526,155.2568990921529],[89.66176212307582,156.1934178258482],[89.533475409855,156.5765494391878],[89.52406866340594,156.7047978181308],[89.39842379391547,157.07533749084945],[89.37449424607684,156.9701444238094],[89.43199722342365,156.6700891815062],[89.44495883636844,156.02680142661745],[88.95489289040191,152.92646447916837],[88.62930749960458,151.42960492575511],[88.3983819205026,152.17474551925773],[87.70229768665193,154.72066254895722],[87.10076176146137,155.2663374042968],[87.2479696999001,156.3881154074312],[86.62632827447328,158.4506912967613],[86.5923512944209,158.3399015920612],[86.46166353056915,158.72006398047995],[86.32503328420023,158.90458127252396],[86.27585338165136,159.0754019350137],[86.17544608344306,159.1611609917654],[86.10255988112313,159.3874160975734],[86.02066964475875,159.46704443747547],[85.93731786286861,159.7508910302119],[85.89979362382044,160.18315903268535],[85.87115030378669,160.1585441434816],[85.82954282978434,160.25947372621363],[85.80127914834978,160.2300149516516],[85.75882513501809,160.34065761475162],[85.75063956414363,160.28422336741673],[85.72837321579853,160.40005791461158],[85.7106259622285,160.34499060856643],[85.66933506544721,160.53060406970295],[85.63319617071687,160.43398731289074],[85.6196910563352,160.50036512020708],[85.59024112178797,160.41763218958573],[85.5137630632087,160.44243573239862],[85.50295943067115,160.36267090010585],[85.37781976545114,160.47202849000286],[85.44023198551501,161.57448054651422],[85.313290100019,162.11527830521734],[85.26377378960927,162.61506011111928],[85.19725131744251,162.76906673567404],[85.14281765011955,163.274528309839],[85.16925250003521,163.4236493052661],[85.11617436069685,163.71431430163094],[84.81363206984965,164.4928403042781],[84.72414588459696,165.1868940592504],[84.74859680472785,165.22750188841007],[84.62552076169425,165.81170551575016],[84.47606613838613,165.86037822368976],[84.33343828811701,166.21555190731306],[84.21106403874015,166.31724458395175],[84.08843736938285,166.64827105842562],[84.02453024369514,166.55828630993116],[83.81363793306052,166.9557374591845],[83.6783669560242,167.32344653029352],[83.5775744411379,168.1996900755948],[83.4982960897505,168.4229812379868],[83.47213442904952,168.4215421807972],[83.35716600420744,168.6095483624581],[83.35818605132201,168.66039079870478],[83.29124189715466,168.73126508526704],[83.27851542990408,168.7944399915734],[83.20983007653527,168.74218755912625],[83.17314105321275,168.7827817239543],[83.1394789560363,168.55369453459235],[83.07205781102843,168.42366605809292],[83.04605760546792,168.500752420646],[83.04970921704994,168.25676420288613],[83.01284119829215,168.19625420917794],[82.9519222496618,168.2947423063647],[82.93300834083061,168.23348842082822],[82.8847626803451,168.36534846013092],[82.83675082793047,168.19468225808703],[81.24118650339031,168.08276836504493],[81.26548510969631,168.10647530513808],[81.12472169049468,168.6744173775797],[81.17898278468334,168.64710870632558],[81.06077995853784,168.89832682908838],[80.85225958089976,169.63436411931073],[80.62611195823376,169.90344333746236],[80.5276949543107,170.15133998279822],[80.54680630613427,170.18410612027643],[80.45746844957989,170.2744934590195],[80.56281973246483,170.6737689738117],[80.5365728612594,170.8005641307103],[80.50720624360355,170.80804600418043],[80.52582872308574,170.8828628463483],[80.46830523884265,170.90485395891707],[80.55338038025403,170.9545723430647],[80.58847506477322,171.05340294654235],[80.55304909978913,171.0693992410487],[80.53298282733084,171.18836888385778],[80.49023049247658,171.19588895004662],[80.51701392378422,171.22302420161552],[80.45131297446807,171.25145050866402],[80.46963974837672,171.38329482642976],[80.38156554589028,171.3999487828224],[80.37171094062386,171.55031495372995],[80.4953017988198,171.58316271445634],[80.50748945062045,171.6684505205929],[80.45487353375567,171.80006695326836],[80.51281845589881,172.0289730969976],[80.42743684261545,172.1507531231765],[80.35580898128381,172.17219097069923],[81.616106500515,172.23901834242508],[82.31997613690827,172.11948185705043],[83.30057019747518,171.88342496404363],[85.14335861359145,171.36006486390494],[85.26271771836484,171.42255321836734],[85.12920846069945,171.44755482011516],[85.08441931246915,171.4893112937922],[85.15318676027248,171.58358618726567],[85.09537570126584,171.7062605447416],[85.18219291494829,171.87881830144934],[85.22761476239624,171.88185004658604],[85.18198054938021,172.10722998053478],[85.23308687593568,172.12300215125452],[85.19812890153902,172.22176496818588],[84.96772343472779,172.48276947178942],[84.92459800309325,172.60064267942255],[85.05808872154171,172.62333314971795],[85.06918786625837,172.72690578689026],[85.17397868466333,172.79384497321155],[85.10678385649324,172.88103415418453],[85.06692309286224,173.04403033207],[85.17559384975158,173.1164558318384]]]]}},{"type":"Feature","properties":{"Level":"ADM1","shapeGroup":"BRA","shapeID":"BRA-ADM1-79741978B25989506","shapeISO":"BR-MS","shapeName":"Mato Grosso do Sul","shapeType":"ADM1"},"geometry":{"type":"MultiPolygon","coordinates":[[[[93.37476786322947,129.41050227184022],[93.29374513777627,128.2833235425046],[93.15316660553098,128.10262471361366],[93.10264354124703,127.8715280604707],[93.01396405433297,126.95396369491951],[93.02087464326361,125.62841940209942],[93.09952523932422,123.983401243491],[93.06744602883171,122.54656673398355],[93.13169137233758,120.94394085414554],[93.01096559871269,120.07174944765924],[93.02685562290677,119.69105111295728],[93.434050375633,116.02338597400777],[93.70722681000453,113.51576728037911],[93.62965853436268,112.50035704859997],[93.42944336157417,113.49954068157406],[93.23566814850113,114.15212025543046],[93.17862845763057,114.62059425643565],[93.02824395892469,114.90351078060621],[92.977019948536,115.25910579203796],[92.97924811411198,115.0754076547258],[92.90726583347043,115.33799348220452],[92.9394739855147,114.72313711556227],[92.9000244148929,114.6978237158888],[92.89060198973559,114.19461291582715],[92.83012612849694,113.78208396980924],[92.85743619324123,113.4191540638556],[92.7847042031404,113.39494269752576],[92.7399127078584,112.98092631719399],[92.6836439754178,113.22719486641017],[92.58727024097226,112.65858618746394],[92.47783961270352,113.09339708902567],[92.4735635595962,112.78399247030858],[92.37621106051246,113.06929088712849],[92.18935475374178,115.45909254662409],[92.1660383929633,115.4511761238469],[92.11132262518213,116.0544718379832],[92.030901738605,116.2491235635527],[92.00111164319475,116.8263686559114],[91.89939031712427,117.69502672863234],[91.91002097579671,118.82394150716294],[91.86209715231061,119.34011887530781],[91.89075510744877,119.95150655093781],[91.83030758639048,121.10447289540251],[91.8042811862756,121.00047526582705],[91.77402183939786,122.10752788012809],[91.7814442830466,123.75238892185355],[91.87584419974334,126.14102461341963],[91.84165043993997,126.5386207384069],[91.90812138450698,128.07940281822232],[91.88511701903518,127.92435498201672],[91.88852932310931,128.6937375245227],[91.59206131828607,127.36860350549492],[91.59429046983135,127.62700213038931],[91.540625623462,127.51888431593595],[91.58131079522313,128.43653861094694],[91.45483293355572,127.80652989870744],[91.24241831821642,125.89523953054338],[91.19338001856265,126.08195855516539],[91.15363094113503,125.65352515897276],[91.11403027666547,125.72103249635026],[91.09596207942633,125.55289835837603],[91.0813019847927,125.64013652451754],[90.99006086306841,124.94468241896098],[90.9627267809686,125.29898462765699],[90.93241059334817,125.0565855944233],[90.84503724085103,125.16290038913202],[90.70527276509635,124.60066058556284],[90.70922129539744,124.77063098419423],[90.62116372399385,124.49806908342018],[90.61166558499528,124.63085296574428],[90.54203801212864,124.15041474560684],[90.49605717960925,124.25815778940878],[90.44421886962391,123.93545600085002],[90.31984876527335,124.05580314103561],[90.16631413893788,123.73901958997672],[90.1768503125605,124.26422382120644],[90.02165613926118,123.8512487194559],[89.96218201629667,123.54580446204127],[89.93028558436325,123.54264712567554],[89.8696551838721,123.2995362835231],[89.86592406270594,123.4344432987977],[89.70900773186698,123.16120284659019],[89.73238756530307,123.35335298239823],[89.64516768438318,123.16234821428631],[89.69132955617529,123.36774118356709],[89.67603258991987,123.4193092992533],[89.79199372974682,123.81669932883814],[89.9474130482222,124.75472280747594],[89.90789016812181,124.84117564350095],[90.03057986126026,125.55995448041477],[90.00060949881856,125.61335976644425],[90.11548657593785,126.20755022368168],[90.08765464525938,126.48403707401235],[90.14488190611374,126.74306054706987],[90.13887886770158,127.03942000588043],[90.46793669981713,128.60712453325792],[90.41721705392996,128.6729762480358],[90.56469514043704,129.19551469946933],[90.73244071130006,130.3500347748539],[90.91463738453686,131.33711309477957],[90.84484522491447,131.052153071789],[90.81087506513065,131.19609802848362],[90.96306652283224,131.89643159745927],[90.96152682967639,132.16269951333368],[90.87405688418679,131.82372537165264],[90.96577812613205,132.3537927294383],[91.07087227848501,132.67451141675477],[91.07864996214781,133.0370698644206],[90.942256927504,132.47898080099307],[91.0354233338893,132.99665982851104],[91.00749896442045,133.02063212932939],[91.21133491290685,134.40279992990847],[91.21879012211082,134.6554525452806],[91.16011151630136,134.52805503788875],[91.24268217670094,135.44862582738912],[91.17040713930263,135.1111768041769],[91.17383057344964,135.31742631158187],[91.25957811237106,135.82802222843225],[91.21493994704443,135.71159623428716],[91.60690820940252,137.59077270344875],[91.66766668277685,137.7044653898235],[91.79053228967133,138.36431257945608],[91.59603057575039,138.6012812689413],[91.98559344079105,140.5338444086181],[92.49199304643679,144.73060712053638],[92.51828040118176,145.25061148871492],[92.45086038226913,145.81796916172826],[92.43610457273519,145.64501962997912],[92.25197896509782,147.9644914724783],[92.11488548042125,149.6436292041443],[92.03414176269146,150.1362320750394],[92.03595322924292,150.5014845270753],[91.9159804357217,150.6000975573312],[91.55319133068222,151.48953969967894],[91.5550479732152,151.6088406899263],[91.42934397165787,151.9859191836927],[91.30450526191036,152.1801322035035],[91.187970044088,152.51380478691163],[91.17159777149602,152.6848386132349],[91.13477495217616,152.83914168797813],[91.3392303062284,152.38918610762963],[91.41052477744304,152.12273103339012],[91.41163799728832,152.25086605537655],[91.52706864563432,151.97868136574502],[91.52044117355483,152.07125215385247],[91.59032738048954,151.9652912914384],[91.59863346611989,152.11125570103152],[91.65684949345524,151.9899441082223],[91.54019111649568,152.56679192180093],[91.50651252033762,152.9877888382427],[91.44942078908889,153.2478077282479],[91.43323791033515,153.56766368492853],[91.26767022388944,154.63881429066177],[91.26809659482724,154.58687572856962],[91.22916289326186,154.7492130043845],[91.22562376544396,155.03539571921607],[91.10666550230977,155.59568106351338],[91.05289532143647,156.02212260079108],[91.10430021036585,156.03812188150775],[91.11442132139625,156.41618229210297],[91.16705356603843,156.38926465952886],[91.13133831281256,156.71624741546546],[91.1509321412243,156.6913953412023],[91.11238874113626,157.03651137883966],[91.13516865575218,157.05757024200219],[91.10181229124353,157.37394215485045],[91.14408090503592,157.3868416283211],[91.1295797247649,157.4511819380987],[91.23932040602793,157.24709380519923],[91.24601910741737,157.29652650031505],[91.28445009678998,157.22979122088066],[91.28497594261901,157.33621993840572],[91.34283247105625,157.2819762135378],[91.33520230026373,157.3418654558189],[91.38976090278527,157.29254436699094],[91.44675916369712,157.2887269348198],[91.44070791810151,157.36158647351917],[91.51064936891453,157.36882352556262],[91.55462049912137,157.23483534482054],[91.66854241897889,157.10328642116784],[91.66378685986194,157.15837644862359],[91.70911270591299,157.0987108499482],[91.74036619601306,157.1780399029808],[91.79065304403714,157.1107303233128],[91.79779446273673,157.19441888513956],[91.90460368828519,157.0445608222825],[91.97289575692955,157.040579626536],[91.97950374841786,157.18509937481318],[92.0476658706811,157.18166950493494],[92.06625993065241,157.23585465628355],[92.17136584708936,157.23632414335538],[92.23876214825526,157.36539948513217],[92.22709238475443,157.43610054076817],[92.36549181752825,157.59898215769226],[92.47941464259065,157.55315298161597],[92.5009425179469,157.4905025690207],[92.62989979302506,157.38270556011085],[92.6524419643958,157.2572487360973],[92.79878396317588,157.158931273386],[92.98107044010348,157.20168228456376],[93.15417971582576,157.11561644968648],[93.1688689158713,157.34686106864154],[93.2994256979157,157.34936029043743],[93.4592112509799,157.4837881505267],[93.4532361972717,157.5996072757159],[93.50870913218532,157.59231891397556],[93.53449526020991,157.6648291009729],[93.61844707310549,157.66198058298468],[93.66987920159258,157.59642560027385],[93.75419837681078,156.9896207332635],[93.74070494643172,156.82954609290056],[93.62388879391466,156.8455606142566],[93.54908454555468,156.8114485823191],[93.41690863828836,156.56170630704415],[93.41909330156291,156.48839047864936],[93.48501757315755,156.4844860812926],[93.62546208295578,156.3027374380235],[93.82276414821445,156.294684414325],[93.96838912780902,156.16063504518024],[94.03459062204377,156.23456297947413],[94.10054448938492,156.18424977328024],[94.19103466010316,156.18759099632678],[94.35971870198846,156.04230740628137],[94.5712230292038,155.917314304872],[94.4598170428622,155.89532955279333],[94.54879867972775,155.348329495703],[94.6515283285982,155.1800034103007],[94.77907628922969,155.21467313026503],[94.9413844067491,155.07290959056277],[95.02579948548099,154.94092346242027],[94.97681304352025,154.82130872162404],[94.87195022753696,154.8666529688782],[94.86408312916404,154.78711462968212],[94.75046040292295,154.67897729820206],[94.81959089468879,154.44233382886185],[95.05003939555075,154.17449381544247],[95.22020187127174,154.0969052055801],[95.27135867201744,154.1330495713529],[95.41376249733925,153.95313148646432],[95.52771781000305,153.62304331919077],[95.61402404171085,153.4687406917472],[95.85301822234169,153.29636824916125],[95.9084649602733,153.16910589088022],[96.0102651435442,153.06972082777028],[96.05718149524358,152.944025694326],[96.31140977890811,152.66703565932312],[96.38969056972455,152.2761609289176],[96.56383954326499,151.79716984527911],[96.96704781199472,151.0568033896182],[97.08081197364211,150.6360119706065],[97.1801510510403,150.4854439101496],[97.21075153041703,150.28371783155532],[97.46670316337931,149.79864803570604],[97.70554912252152,149.43767178077263],[97.78069291520076,149.08253750700237],[98.03186036883776,148.53368236712856],[97.95127427932351,148.53548076221995],[98.11462481950025,147.8702565075134],[97.92123704967914,148.01733039333484],[97.80001356433348,147.39153292054425],[98.02214110232654,146.19698063761575],[97.99286249782182,145.9464365199586],[98.1904597273351,144.95304795183262],[98.04165045033412,143.94399896935283],[97.1117709331993,144.63246286982158],[96.71306148150987,143.612159460781],[96.54244667121905,143.52979802655085],[96.4472512557434,142.70754449850745],[96.43880864011231,142.08590186882753],[96.52277359633176,140.85040808050533],[96.57504498210253,140.55257662613272],[96.28795756419865,140.9914011343124],[96.10523350538735,140.06503010105496],[95.92224942700479,140.296879478342],[95.90664567685104,138.61556228538421],[95.83508925778642,137.69240519146916],[95.49218623198709,136.7815253480279],[95.3514261379595,137.49802568436087],[95.25619066505342,137.1092323751497],[95.33752628042285,135.42889968939176],[95.23769946437764,134.6850910620022],[95.08304622455367,134.8858085110803],[95.03974730934628,134.11444599925014],[94.73328778552812,133.5509614955426],[94.70855112101347,132.4904872212663],[94.4515340585616,131.36300242688463],[93.82611476785533,131.33545052866583],[93.72210521616148,130.8905296619671],[93.53740745407205,130.710971240621],[93.36902251412138,129.76538414023582],[93.37476786322947,129.41050227184022]]]]}},{"type":"Feature","properties":{"Level":"ADM1","shapeGroup":"BRA","shapeID":"BRA-ADM1-79741978B26785705","shapeISO":"BR-GO","shapeName":"Goiás","shapeType":"ADM1"},"geometry":{"type":"MultiPolygon","coordinates":[[[[129.57089750305357,144.98427197346498],[129.2914555738238,144.13503923771995],[129.5845480577965,143.53786673902863],[129.17140599673706,143.0473398370448],[128.32920097139038,142.3546363657403],[127.8846616801937,141.84250263285273],[128.23612268291515,141.8216724040612],[129.226154418055,142.13055441543037],[129.48599604950874,142.1516500057866],[129.72136919488247,142.12203236948469],[129.8590873202308,142.03353241866597],[130.06122376764225,141.98634073193858],[129.88861893028024,141.84338992024107],[129.89992472331878,141.61970879035508],[130.21320162358978,141.68184341415542],[130.17340352661844,141.57261167515648],[130.45817097618516,141.62078728330283],[129.99017442767885,141.3101969981728],[129.85354502590812,141.2969519839627],[129.8232501462916,141.22130968500994],[128.72162251202042,140.86087126387451],[128.51934811521156,140.757421560449],[127.6993269379717,140.5768796402392],[127.67407155203159,140.50620441469223],[126.56751959150203,140.30448273411452],[126.55589912699281,140.26223508866593],[126.16763353544404,140.22088821218802],[126.28605614385697,140.21714980811407],[125.54124983126337,140.18595231506313],[124.3258129177556,140.05267584089617],[124.85970083327341,140.0758038145078],[125.00163830911274,140.03976168251808],[127.12369854736718,140.16218854408612],[127.65860693142645,140.13434228480946],[127.4614059914104,140.04986374470684],[125.71084732184558,139.84892686753778],[126.0023708317822,139.66236930591154],[123.57377381202302,139.53579623254876],[122.21009246442358,139.62068409949583],[121.262857969417,139.72328375168647],[121.3942436977498,139.7292637237112],[119.30501727900264,139.96785232139635],[119.77598580968565,139.86544129516952],[117.46345060876338,140.2738743814626],[116.57807938874035,140.47554206590456],[115.75646254866055,140.73939744700388],[115.09445012029136,141.01670070938388],[113.87842251292048,141.44604110490272],[112.52712379469183,142.05080439820765],[111.97247735722324,142.33262436808766],[110.65172646063827,143.33433809069217],[109.57526660104483,144.1457793985278],[109.1036446996895,144.5416065377971],[107.62155968098398,145.94461704139462],[107.42607981555494,146.0510794808964],[106.57830950297912,146.85930635023985],[105.98703615174745,147.4660775405521],[105.74730344035548,147.66170586647348],[105.6768631123323,147.79274586842035],[105.4525633275902,148.00686818072745],[105.05876467601598,148.51981452556905],[104.06872769132066,149.3356905257817],[103.95757910291951,149.3441729839297],[103.84833508398823,149.52658627969203],[103.38687498067085,150.01988137491514],[103.17048031927305,149.99413604012912],[103.09216860953791,150.07622635067585],[102.92851498568282,150.06485299859142],[102.75905294050017,150.27340535213273],[102.61658504209245,150.2426063121743],[102.47947994870688,150.3397191034268],[102.5510292999501,150.19790795855857],[102.33248698545576,149.94958812735592],[102.22966590593471,150.0042365043348],[102.16151831793206,149.81382244578367],[102.02974471847355,149.87864467098865],[101.75092482393059,150.22714782838054],[101.65319340139519,150.52694876481428],[101.52143315560883,150.57214823190657],[101.5329909515545,150.40881263617152],[101.25761861318615,150.5098541634444],[101.29554378446164,150.32952743542253],[100.94254715536223,150.45248418827907],[100.88027419528613,150.35128500235697],[100.5994636572302,150.6044224693004],[100.55940817963963,150.57763318308858],[100.24221442592014,150.79829833188708],[100.08803838946433,150.5905256430487],[99.4749538477529,150.84762013692458],[99.32244869750048,150.4322724861557],[99.22243715118292,150.40876687233697],[99.21001748003474,150.18689600253924],[99.03151662979501,150.0685325358873],[99.11576336886019,149.64651838199816],[98.91150477886633,149.3308515900764],[98.69084729305344,149.4637497818579],[98.6905035255436,149.31455216906187],[98.54903989735058,149.36474628125657],[98.52300514842265,149.19859179320528],[98.30046760563096,149.03400914181287],[98.18979207166171,148.6178949555394],[98.37046281814123,148.13187805502002],[98.32597594552918,148.05121052809386],[98.03186036883776,148.53368236712856],[97.78069291520076,149.08253750700237],[97.70554912252152,149.43767178077263],[97.46670316337931,149.79864803570604],[97.21075153041703,150.28371783155532],[97.1801510510403,150.4854439101496],[97.08081197364211,150.6360119706065],[96.96704781199472,151.0568033896182],[96.56383954326499,151.79716984527911],[96.38969056972455,152.2761609289176],[96.31140977890811,152.66703565932312],[96.05718149524358,152.944025694326],[96.0102651435442,153.06972082777028],[95.9084649602733,153.16910589088022],[95.85301822234169,153.29636824916125],[95.61402404171085,153.4687406917472],[95.52771781000305,153.62304331919077],[95.41376249733925,153.95313148646432],[95.27135867201744,154.1330495713529],[95.22020187127174,154.0969052055801],[95.05003939555075,154.17449381544247],[94.81959089468879,154.44233382886185],[94.75046040292295,154.67897729820206],[94.86408312916404,154.78711462968212],[94.87195022753696,154.8666529688782],[94.97681304352025,154.82130872162404],[95.02579948548099,154.94092346242027],[94.9413844067491,155.07290959056277],[94.77907628922969,155.21467313026503],[94.6515283285982,155.1800034103007],[94.54879867972775,155.348329495703],[94.4598170428622,155.89532955279333],[94.5712230292038,155.917314304872],[94.55816466995094,156.06141443335636],[94.432278847641,156.23067802562792],[94.31419070615328,156.6051228612755],[94.28259571052283,156.63215403622033],[94.31054946653047,157.09359812870423],[94.34940794004157,157.16482718065615],[94.33075636407936,157.28753918788522],[94.45273601890729,157.58838254620366],[94.52154983142837,157.66247907247342],[94.54459656873401,158.01665332236885],[94.60482515310906,157.98176397297982],[94.6524824201505,158.01759406718406],[94.63881853953791,158.09605759718823],[94.65205583766283,158.0614446285211],[94.69730745732777,158.1259622177997],[94.818490465858,158.1520799334599],[94.84335643509392,158.35322399065535],[94.88397200869346,158.30820216590507],[94.84286342479999,158.39090293890536],[94.87834619432886,158.44847943542618],[94.93302099168325,158.41188497867842],[94.97465784740317,158.5148863707199],[94.95285236257753,158.55748194872928],[94.98506752849227,158.54441010448525],[94.98375581167797,158.6152963912915],[94.9024082248234,158.7554500024028],[94.86877702257823,158.76083784152772],[94.82170825398325,159.001973910998],[94.97034311570476,159.0360282220334],[95.00760750969674,159.0053560599991],[94.97041120775287,159.06886839513348],[95.0036774425252,159.06581715588942],[94.99317212254363,159.16393873843174],[95.3028602720929,159.18819795925464],[95.35546354279117,159.29959658296082],[95.46113529617756,159.40722819506556],[96.05974588424797,159.08111600895134],[96.20211616746481,159.13734500720403],[96.3405770004201,159.03831494524877],[96.63943433092419,159.26623834746536],[96.58517720587905,159.4098465996862],[96.62931359662042,159.41211049715176],[96.64304713725893,159.3575145760876],[96.70494186074741,159.353540099102],[96.70079725933778,159.4301484423787],[96.75236701844757,159.41415755437734],[96.82584395532297,159.59822090224003],[96.80825080997029,159.77358760335915],[96.89028771987918,159.8039950810981],[96.83436030883452,159.86086812148403],[96.88758243809025,159.9935688456889],[97.00616910229664,159.99749409809144],[97.14580366824394,160.13717764927642],[97.29122074501919,160.12910745970254],[97.39315744996193,160.18410639907944],[97.53168854311009,160.14138060028964],[97.62234480699189,160.19205375608985],[97.69187749037776,160.05161894608455],[97.86434179266072,160.01396376225586],[98.0352134925343,160.05744733759585],[98.04356594468383,160.1152291944204],[98.17344526645006,160.12311787130898],[98.18154961615343,160.28086547094478],[98.28107600708651,160.3440811850117],[98.26045026526648,160.4336002436093],[98.49128503693719,160.8091283354098],[98.43101371912013,161.03671767780688],[98.49695608624373,161.1764169696788],[98.46738744873682,161.2467967014922],[98.57783914393863,161.49405908638343],[98.54935142753008,161.56569856563962],[98.61205673437532,161.5176155284326],[98.706147651886,161.52414233331396],[98.73196141637656,161.59221828154122],[98.61783692501577,161.8193923733623],[98.66077680753271,161.85485515671937],[98.53630326586973,162.2780946768575],[98.6392533512282,162.28483262526547],[98.69251288742987,162.49758040632025],[98.7667943708744,162.55184554839536],[99.02176476436716,162.60795920965276],[99.05552821319567,162.67274133267998],[99.23188531836655,162.709132134793],[99.34330712431075,162.77640507771625],[99.36462130866111,162.960520685905],[99.45247791123408,162.97717470344404],[99.40961426712245,163.03405212138395],[99.5591354439172,163.05761027345477],[99.61335237944448,163.2217942547339],[99.70874662820093,163.42938834410666],[99.79662799439505,163.44642842374014],[99.99421959010112,163.661614806546],[100.0890118245762,163.68439036097718],[100.07992915711034,163.71206850214207],[100.4440723642638,163.84323780015683],[100.4444904403483,163.8039432279569],[100.33537665184696,163.75766540617093],[100.26763646895496,163.65805113221907],[100.3416450452365,163.6051475143753],[100.24148417155678,163.5881556327198],[100.23484911191998,163.5218297054754],[100.11489486143769,163.4429779475372],[100.05026744547254,163.24656424794566],[100.30078242856985,163.11578006437279],[100.87212582656691,163.00936795169144],[101.127783587001,162.8945322121158],[102.30663277750321,162.51986631493128],[102.37906187657275,162.54976387882562],[102.33766567025593,162.75409574485133],[102.61462662554818,163.08751904616065],[102.85754237996625,163.27434442659379],[102.89033248007084,163.21208664700006],[102.95743125259597,163.2063405009247],[102.9305729232455,163.13960008465153],[103.03596661862315,163.151101544172],[103.15115153087089,163.10256313940096],[103.34998859363185,163.38752863159203],[103.3993775142534,163.39088545711968],[103.40758550704757,163.34136071014098],[103.62678191349015,163.28420240026645],[103.65836292487825,163.1853991497954],[103.78269012773069,163.2074837141991],[103.9693542211972,163.1459886749538],[104.03914627387094,163.0705913474872],[104.02407651551832,162.83145098350334],[104.06527466606241,162.79566655989717],[104.13556992772445,162.83624897648457],[104.11083149229981,162.96893761408933],[104.19991933107201,163.09284553133477],[104.27761963371843,163.0985789463817],[104.34382875388098,162.90679115014336],[104.39212572403889,162.89921727539829],[104.60676771481829,163.02255187915404],[104.68869556792221,163.026341758898],[104.72782729781943,163.077388821518],[105.0362228373506,163.19781792141592],[105.03158457583137,162.9963069712158],[105.2400939344164,163.05076989621983],[105.27495468069915,163.12796452771363],[105.3931394529535,163.08690496520111],[105.4843161122035,163.10522927359352],[105.57198808065294,163.0449390813732],[105.62291288826665,163.1080480355182],[105.78301962660953,163.07037924742983],[105.94418446782136,163.11046095505768],[106.52726478590431,162.85152935614832],[106.54422667088876,163.072827289634],[106.45424710610865,163.10308919343453],[106.39260581314615,163.2652789110914],[106.31081176420759,163.31706958542108],[106.31833418557011,163.46221985233026],[106.38812344778395,163.4993793298841],[106.5422711690311,163.49872405192218],[106.56106752737666,163.4114687452378],[106.7898305623192,163.44290533331355],[106.78938462495893,163.38845607271708],[106.91673050118024,163.40462874300172],[106.8772329717599,163.36416328761769],[106.96748867697904,163.31157755284306],[107.089634069054,163.42885620411576],[107.34569697276005,163.4083369197802],[107.4729226146909,163.5176018341837],[107.72508919379665,163.52133905627002],[107.7229877491492,163.55665776301197],[107.86276799743639,163.5987556023053],[108.13683142452604,163.61983520637875],[108.22703154628574,163.59906911719165],[108.587951524911,163.6964184856211],[108.7003199568282,163.66984189699207],[108.79230596429598,163.74147584916614],[109.09172390201641,163.79079125266142],[110.44023544862145,163.79039057303777],[110.50828653267203,163.98280985983888],[110.77126489386917,163.927727968028],[110.8725510353162,163.76409280674682],[112.21563623904926,163.85113212434766],[112.18643453465413,163.79508635704866],[111.34848903972222,163.739423434057],[111.10868177601051,163.63956490031356],[111.30813495700195,163.59489286831294],[111.23866667036087,163.46764422960337],[111.42399144683228,163.46611318871936],[111.45130692075554,163.3929850158592],[111.78825955318314,163.3364494976633],[112.86763430884956,163.49044168893948],[113.03504901524065,163.48310340739886],[113.08901036372473,163.44066514509646],[112.7510651905282,163.33158791687686],[112.33619252591684,163.27280107946987],[112.27358851899693,163.22036491292855],[112.54997943712694,163.2038045042132],[112.46839909355513,163.1743224364921],[112.62133129667161,163.08972887879509],[113.1008949199281,163.08640295513524],[112.76110029183066,162.9499782479119],[112.93286404987468,162.92693539135183],[112.71741586389643,162.8892208168735],[113.16444429596335,162.87807314658542],[112.87005647016133,162.8307000508753],[113.31357796803869,162.7849519172428],[113.36642014590635,162.66859424938198],[113.76878343347444,162.6421319352937],[113.91129509043466,162.5986871523021],[113.79470202435705,162.5458568343353],[113.96620371284159,162.54300421648094],[113.76809816545499,162.50174656442604],[114.16590196278642,162.49370046092804],[114.3272354521433,162.46133155768652],[115.0280720585008,162.49343924840565],[115.33574426737832,162.45467502395445],[115.57308414143085,162.47612421193352],[115.70738466805176,162.43361281677377],[116.91480755521093,162.32863508630695],[117.65845354163005,162.18599977149105],[117.82423151520942,162.17926209924292],[118.08430372810159,162.07879920986758],[117.45846144551365,162.0840932813518],[117.21957745128212,162.12878785532004],[119.25887792943665,161.6553696942786],[119.11578431487366,161.63729675388942],[119.53952862881641,161.55731495215014],[120.36091877861762,161.30116317157623],[120.57477928464856,161.1680848420166],[121.17490316473993,160.9874686479559],[121.63351494632096,160.74535535021732],[120.86289728628634,160.87600004808402],[121.3287251739574,160.6979667545358],[120.5505848177587,160.871773158608],[120.24073647019216,160.89842588771359],[119.14182160595269,161.21176768593213],[118.3593286894046,161.3502507725911],[116.5143913033855,161.54333505701362],[115.76039552261682,161.58311578002326],[116.18635335590162,161.42114953035718],[117.336418592239,161.26396973895064],[118.2177275025495,161.02606486245372],[119.20198101561675,160.85742859732602],[120.36221663248938,160.51778566172794],[120.468222384315,160.3737881476929],[119.95438567988316,160.3887984872228],[119.0244241289326,160.55714466996662],[118.1129833696983,160.67334975060186],[117.42428720294268,160.69577892304443],[117.74533977159771,160.4914331694291],[119.11388313280958,160.22979040689103],[119.88413185980181,159.97239671421377],[121.9058315325928,159.15587332707815],[121.64872883090734,159.35617401085932],[122.40257463652634,158.99887266804296],[124.13653027849948,158.0918704344713],[124.8561711138627,157.56327009520572],[125.22579972781196,157.3639519612576],[125.8568588232574,156.6976961787677],[126.64534041051833,155.93311521703583],[127.12678563694035,155.3714430079346],[128.08609056527547,154.35946567065807],[128.5089969984569,153.77600813293725],[128.85927492799198,153.44203751007132],[129.4656029445901,152.7425111050888],[130.0099701013,151.9436413381564],[130.60797785505386,150.97395112574787],[131.26355676945894,149.2710000473165],[131.34183793704318,149.00172751055067],[131.2875215373571,148.22560491226685],[131.1160054511797,147.43408654920745],[130.85249566853778,147.00982436389955],[130.5508933015345,147.2321759726768],[130.24936449527945,145.87105551929332],[129.77310694296477,145.5803606791788],[129.543949929305,145.11168838126602],[129.1935336593299,145.23396189794414],[128.88124357332387,145.39290863015304],[128.2146388266949,147.9101099632839],[128.05553124277384,149.2208389060097],[127.83986992062738,150.39024336430234],[127.5964195777426,151.32255929530942],[127.18526967010916,151.8582255958024],[126.60114382044031,152.4761050993022],[126.21543878901565,152.97151932015964],[125.91428823239674,153.4589519424685],[124.43514863793035,155.23615965032025],[124.23790540617837,155.39556287715942],[122.98443786455067,155.99041333729315],[122.27465517187653,156.3693692845409],[121.23785255740475,156.79717129112467],[121.02095181128772,157.04205551083362],[120.51849683211591,157.49924351593194],[118.70652997628083,157.5374230352184],[117.09801972785311,157.42097174071552],[114.98350930321457,157.07794949846968],[113.26380589380682,156.97578877963082],[110.18889592116278,156.67701407754282],[108.36359034484485,156.81722387964584],[108.95736294950402,155.58136780541608],[108.51189390525555,155.48138431590831],[108.71252727349759,154.66500316782935],[109.31096071819168,154.1970731339374],[109.45340600855224,153.4262603556869],[108.45771793368783,153.46581893397328],[108.60248508260386,152.19058154331302],[108.96584834874952,151.84989117659126],[108.9892101477372,150.35201562737336],[109.51022545484594,149.76973448507448],[110.07061783552396,149.08220881659238],[111.17104484781777,148.08292818826493],[111.49829186689878,147.6939867557339],[112.32978348375772,146.9362597999229],[112.70607012409488,146.5447628344943],[113.6532295390507,145.903712001711],[114.46789514999392,145.2824857780586],[116.48379147964977,144.66733955604872],[117.93494024282982,144.42938997557616],[119.46148612726235,144.05212714340618],[120.18801631025194,143.936782451318],[122.75607956580615,143.74029330881567],[125.59418252795427,143.8036810621053],[127.74015464472326,144.2520773973769],[129.28116993843255,144.78089252169454],[129.57089750305357,144.98427197346498]]]]}},{"type":"Feature","properties":{"Level":"ADM1","shapeGroup":"BRA","shapeID":"BRA-ADM1-79741978B61948801","shapeISO":"BR-TO","shapeName":"Tocantins","shapeType":"ADM1"},"geometry":{"type":"MultiPolygon","coordinates":[[[[101.96486119919044,166.87952430282235],[102.08948527289202,167.03830964424728],[102.20431981365098,167.09653504795463],[102.23251407659774,167.20990042451112],[102.33717953901268,167.29230447333754],[102.47200432341539,167.54713408490548],[102.55436241331398,167.59354663516405],[102.61715060702946,167.72951666303697],[102.7650667710849,167.83815859902148],[102.95035086793152,167.91743178556712],[103.15843527792939,168.194133439811],[103.55607122636867,168.5139291695865],[103.74961029212777,168.5683386453804],[104.2461566093329,169.0768646360357],[104.3940038003675,169.30213736221197],[104.6045910932364,169.4305663092066],[105.01766589693621,169.99672052383923],[105.2321462109406,170.4396371089002],[104.92341257070694,170.60683390203425],[104.86569820782516,170.79731331373517],[104.90844482345564,170.92681433578736],[105.30334972973849,171.29353485870587],[105.44595835069151,171.47321124051587],[105.56471502696641,172.02489241614114],[106.0745832500853,172.30529651102745],[106.62815684238907,172.44995761075563],[106.9063401970061,172.61600569585755],[106.93129608970578,172.7560150292147],[107.10091927819141,172.97465709703798],[107.3868326130909,173.18312917936316],[107.6052314185842,173.1599974933113],[107.64279665876634,173.222832246767],[107.5775868739886,173.29864728078752],[107.58517942383979,173.47779854332248],[107.66358361470884,173.5585603812502],[107.84985572015799,173.6280039520168],[107.95011677459429,173.72054791258725],[107.93604819446718,173.7992907394873],[107.87621964489185,173.8059789919471],[107.8874807418746,173.87016587575647],[108.14073920646767,174.04716147904864],[108.05371915934118,174.199786748585],[108.08816633514405,174.36715775102167],[108.14352260524274,174.42338956037344],[108.45210811048926,174.4638110215149],[108.63566168691301,174.66675422607779],[108.1771494528841,174.79999072309033],[108.06630137035178,175.01435872039616],[107.77423762902379,174.90375791343664],[107.60366466609233,174.89053756831538],[107.30074134515942,174.97850913680224],[107.4022630097302,174.99036145946786],[107.48405797176127,175.0871844925271],[107.60992511977621,175.04625531715112],[107.72661825306093,175.16776851667038],[107.76334810173483,175.2798435589529],[107.85816743194161,175.37112246328965],[108.20313201231014,175.48463771978965],[108.65110409279939,175.33961685386035],[109.01194842214457,175.30529434667034],[109.3088503029791,175.3876592922189],[109.79329495770199,175.31089806543145],[109.77930625705788,175.16527133790578],[109.92111139618852,175.08228748360716],[110.2634996885342,175.10845144451918],[110.73885795145529,174.97735647598296],[110.99330823165678,174.97667081011366],[111.19266883608978,174.87071001729208],[111.23639197628363,174.61033593867552],[111.11289083769252,174.47411911307736],[111.30737293289471,174.21697433958394],[111.16941765860933,173.95538027074394],[111.21134645962766,173.48664876414787],[111.37051992452645,173.1823861613932],[111.19113380768272,172.93778830262912],[110.99231225965423,172.81291366255525],[110.99112124650102,172.7051938112344],[110.45678834741207,172.41696518242983],[110.35791190832117,172.25173002001452],[110.11640961124692,172.11996818137334],[110.16535101624162,172.04288994248205],[109.81397371640082,171.79147112533036],[109.24960787216469,171.5999486635859],[109.08763978875761,171.6475514789104],[108.91809768707826,171.62205290913911],[108.86800448681231,171.5307212672552],[109.05729319027914,171.44179976396407],[109.11854443815466,171.32924236470183],[109.35350591768919,171.37612685732535],[109.60027116386412,171.3503945284907],[109.7388928287992,171.26036005874968],[109.66720241477996,171.1528901230827],[109.1874500639867,171.07398865998388],[109.52935889486312,171.03855297272747],[109.53931898610884,170.86092354810836],[109.74982461028416,170.85634014866682],[109.65612693947782,170.8156325348694],[109.80893503963807,170.78010469163775],[109.78176329825081,170.62432278343329],[109.9173088151696,170.63951829974303],[109.8548170070346,170.67999835881352],[110.02455799158939,170.60986799769307],[109.95400762631675,170.56438456580116],[110.06926275359044,170.55032615357902],[110.00059448934645,170.47934543301],[110.18347731458938,170.45895213668382],[110.16270483092562,170.34851834478116],[110.49107362909965,170.20287425213286],[110.46584548377135,170.1553372936329],[110.55183039185141,170.15877901639243],[110.53480574187901,170.0492776099598],[110.6319772561988,170.05091760405162],[110.72142452759925,169.94449524389722],[110.89478074455359,169.91903094890608],[111.34715845898242,170.04572532122162],[112.16658278101715,170.11009003807328],[113.08128976953746,170.09496272897854],[113.58098482187775,169.9323320227525],[113.58899719020405,169.7975928700945],[113.12105952379446,169.64375944794273],[113.23778004561422,169.5978253932922],[112.73014342020197,169.43551441065358],[112.2341248284882,169.46698081878628],[111.66065610962711,169.3829091735369],[111.49350222297159,169.4158707561559],[111.30597515536424,169.2954487963875],[111.02301485128649,169.25551671021267],[110.97314028266959,169.16409581489836],[110.71088593441165,169.09616281469985],[110.54732437117784,168.97970302384925],[110.62239215176274,168.91721620466637],[110.3932579897878,168.85337480905923],[110.40926096261299,168.7096405278004],[110.31252791528651,168.64409620367283],[110.0485343475292,168.62283281750868],[110.09964194979989,168.56625003562112],[109.91308745861673,168.5152979380008],[109.87777630106845,168.46204946457348],[109.7054723887069,168.43394734268145],[109.77768499704,168.4077428732973],[109.66845721712505,168.355527092653],[109.85560496758399,168.31489170034533],[110.14466362778576,168.32526927990713],[110.0838283626959,168.2181948573744],[110.20196439800537,168.23198305492554],[110.38217498236142,168.08426427740466],[110.34486178150983,168.008639864413],[110.22910257300667,167.97209491720295],[110.3319442851184,167.9541955923834],[110.47033980334736,167.81315051978035],[110.72142980403004,167.83581382192972],[110.84702884888712,167.80600639633275],[110.76660191722898,167.76720672152348],[111.03179932592137,167.69824276182084],[110.95528407822601,167.6719127273422],[111.06116471389372,167.6184941991214],[110.84542062646133,167.58931941668604],[110.71738953008747,167.49725661274925],[110.5649918964255,167.46722172655006],[110.56392783132797,167.40712874857067],[110.78275782681348,167.3677845870235],[110.72913554616383,167.3253241485598],[110.94949819880581,167.32930237468534],[111.02247297493675,167.2350927035058],[110.91351804687693,167.1056403162543],[110.95708167951572,166.99965925421265],[111.03550487644335,166.99675259160227],[111.16148030929239,166.90052466402048],[111.7731738792957,166.92373236451874],[111.92822829599501,166.88236997774428],[112.80369124321429,166.9316753527273],[112.83635296361496,166.82177759119622],[113.2400122118388,166.81269306355273],[113.73539130860767,166.8139743729552],[114.28783524843791,166.75287178944242],[114.65201300210224,166.76573258885958],[114.87918897644005,166.85353640605015],[114.95417962430805,166.72312707086272],[114.53201639086414,166.65251696406108],[114.00884579732408,166.66145142094012],[113.87036189732153,166.55193262511938],[111.46776247488467,166.431774661849],[111.49399644264534,166.3630329920272],[111.20181239577218,166.33215351625776],[111.33992709674932,166.31937820751304],[111.31936966073147,166.28909436631875],[111.06358867090395,166.26772124490108],[111.03789931411696,166.17851436938042],[110.46855718241234,166.10467362278465],[110.01779839232304,165.89844112886368],[109.53363583722029,165.8696056667023],[109.4840386200037,165.83606030142664],[109.57310845140658,165.7450413720155],[109.72165505462783,165.71726689653286],[109.81359824768828,165.58927499644017],[110.30330599689776,165.51659577358615],[110.75644498678564,165.50486370567],[111.23422014450009,165.4321779123729],[111.93503149961919,165.3829694249678],[111.92614773201925,165.36089971657498],[111.51979030182966,165.35821973962263],[111.01583111911494,165.40914545661974],[110.72720723915249,165.40581040799094],[110.79683017981809,165.33185918118681],[110.43885641601693,165.28170109085403],[110.65118114304465,165.2592637319743],[110.41294728923523,165.15210061701038],[110.66313436363541,165.1147864029971],[111.37445011831336,165.09957047488535],[110.6201724635924,165.04879092619717],[110.28866299474876,164.97798508523877],[110.3985080666701,164.89635379137428],[110.2771417336954,164.7916660954011],[110.4170331751749,164.75546807389804],[110.34794494852387,164.68122955597957],[110.58389782607387,164.6534893320775],[110.47985669849429,164.6168369141863],[110.81504077178984,164.55840960024068],[110.71351161609118,164.52301592670653],[110.91448222963403,164.5105001132488],[111.07152365422391,164.400567125844],[111.54467862944786,164.42805675962632],[111.59564564911892,164.38157978527576],[111.0277763032264,164.33600812176127],[110.94434418791997,164.22375489364106],[111.12942296510371,164.20468802512096],[110.98593010149922,164.15224792718587],[111.14315992441573,164.12409883052138],[111.23350381790746,163.96945815626034],[111.08904029079699,163.93028828266617],[111.14040222044534,163.81847349654353],[112.21563623904926,163.85113212434766],[110.8725510353162,163.76409280674682],[110.77126489386917,163.927727968028],[110.50828653267203,163.98280985983888],[110.44023544862145,163.79039057303777],[109.09172390201641,163.79079125266142],[108.79230596429598,163.74147584916614],[108.7003199568282,163.66984189699207],[108.587951524911,163.6964184856211],[108.22703154628574,163.59906911719165],[108.13683142452604,163.61983520637875],[107.86276799743639,163.5987556023053],[107.7229877491492,163.55665776301197],[107.72508919379665,163.52133905627002],[107.4729226146909,163.5176018341837],[107.34569697276005,163.4083369197802],[107.089634069054,163.42885620411576],[106.96748867697904,163.31157755284306],[106.8772329717599,163.36416328761769],[106.91673050118024,163.40462874300172],[106.78938462495893,163.38845607271708],[106.7898305623192,163.44290533331355],[106.56106752737666,163.4114687452378],[106.5422711690311,163.49872405192218],[106.38812344778395,163.4993793298841],[106.31833418557011,163.46221985233026],[106.31081176420759,163.31706958542108],[106.39260581314615,163.2652789110914],[106.45424710610865,163.10308919343453],[106.54422667088876,163.072827289634],[106.52726478590431,162.85152935614832],[105.94418446782136,163.11046095505768],[105.78301962660953,163.07037924742983],[105.62291288826665,163.1080480355182],[105.57198808065294,163.0449390813732],[105.4843161122035,163.10522927359352],[105.3931394529535,163.08690496520111],[105.27495468069915,163.12796452771363],[105.2400939344164,163.05076989621983],[105.03158457583137,162.9963069712158],[105.0362228373506,163.19781792141592],[104.72782729781943,163.077388821518],[104.68869556792221,163.026341758898],[104.60676771481829,163.02255187915404],[104.39212572403889,162.89921727539829],[104.34382875388098,162.90679115014336],[104.27761963371843,163.0985789463817],[104.19991933107201,163.09284553133477],[104.11083149229981,162.96893761408933],[104.13556992772445,162.83624897648457],[104.06527466606241,162.79566655989717],[104.02407651551832,162.83145098350334],[104.03914627387094,163.0705913474872],[103.9693542211972,163.1459886749538],[103.78269012773069,163.2074837141991],[103.65836292487825,163.1853991497954],[103.62678191349015,163.28420240026645],[103.40758550704757,163.34136071014098],[103.3993775142534,163.39088545711968],[103.34998859363185,163.38752863159203],[103.15115153087089,163.10256313940096],[103.03596661862315,163.151101544172],[102.9305729232455,163.13960008465153],[102.95743125259597,163.2063405009247],[102.89033248007084,163.21208664700006],[102.85754237996625,163.27434442659379],[102.61462662554818,163.08751904616065],[102.33766567025593,162.75409574485133],[102.37906187657275,162.54976387882562],[102.30663277750321,162.51986631493128],[101.127783587001,162.8945322121158],[100.87212582656691,163.00936795169144],[100.30078242856985,163.11578006437279],[100.05026744547254,163.24656424794566],[100.11489486143769,163.4429779475372],[100.23484911191998,163.5218297054754],[100.24148417155678,163.5881556327198],[100.3416450452365,163.6051475143753],[100.26763646895496,163.65805113221907],[100.33537665184696,163.75766540617093],[100.4444904403483,163.8039432279569],[100.4440723642638,163.84323780015683],[100.07992915711034,163.71206850214207],[100.0890118245762,163.68439036097718],[99.99421959010112,163.661614806546],[99.79662799439505,163.44642842374014],[99.70874662820093,163.42938834410666],[99.61335237944448,163.2217942547339],[99.6136072871187,163.26672021990964],[99.56337895858177,163.25210627781988],[99.42550729468799,163.29896206919975],[99.46641622641829,163.33404459896795],[99.37212239913752,163.31375262496763],[99.39681061857024,163.38603909096028],[99.36963477328895,163.3764339247787],[99.35810243567306,163.56522073856837],[99.27473263463573,163.5876772178514],[99.23115215366911,163.64894925366735],[99.29040846342178,163.66924040061517],[99.38444082169158,163.86894239637655],[99.4492986859488,163.86055066189937],[99.42305967102948,164.0772646570264],[99.49593151799291,164.09240832020683],[99.50533500772666,164.14261405706833],[99.42686318942665,164.1574227428941],[99.6142828071397,164.34734193231213],[99.68544080541973,164.3533593346585],[99.80020646326265,164.44035862645748],[99.72259053173728,164.4628520036191],[99.7275085163713,164.59776015600892],[99.90231306296168,164.66685531248552],[99.95864396159698,164.74453794429417],[99.8447444200974,164.76123442094533],[99.87336404897488,164.88553147474414],[99.96741625020567,164.9860259688233],[100.1290811008167,165.0836238353869],[100.28607461191325,165.28087328590703],[100.39060618187818,165.32884102834277],[100.43601062054015,165.48411626764667],[100.52432298548115,165.5352540723853],[100.51336003870071,165.57806964397463],[100.67226849964203,165.704164971461],[100.66390281272177,165.78617651677393],[100.82140515066862,165.85131934779128],[101.10437631991309,166.08077330748296],[101.2514926805396,166.1536450355761],[101.4128624260805,166.45318959363647],[101.68552314029566,166.61589896282197],[101.80407920305316,166.79010198109222],[101.96486119919044,166.87952430282235]]]]}},{"type":"Feature","properties":{"Level":"ADM1","shapeGroup":"BRA","shapeID":"BRA-ADM1-79741978B48368700","shapeISO":"BR-BA","shapeName":"Bahia","shapeType":"ADM1"},"geometry":{"type":"MultiPolygon","coordinates":[[[[161.83438892943082,142.79760760538647],[161.77685298046634,142.80143676669877],[161.7623280770035,142.82993334810482],[161.83438892943082,142.79760760538647]]],[[[161.69925204403737,142.95391586533717],[161.77248751244787,142.9316789059556],[161.78896480090307,142.8950609709902],[161.69925204403737,142.95391586533717]]],[[[163.04360909222328,143.09280108881003],[163.1407526561744,143.06708020694964],[163.0765933055564,143.05321150650397],[163.04360909222328,143.09280108881003]]],[[[164.06489635293326,142.6632606288453],[163.2715205292302,142.83329006935435],[163.13962296081826,143.01226247396227],[163.34990276998604,143.03232852902622],[163.30969939886424,142.97962401136164],[163.53156977208866,142.8931696599482],[163.61186748221175,142.92487770867595],[164.07005417551105,142.78535293123727],[163.65781258199226,143.13555811099343],[164.19963144637836,142.84549543540072],[164.4713990395359,142.63383680085195],[164.06489635293326,142.6632606288453]]],[[[162.02075579324327,143.9931417228891],[162.07122305778609,143.9744601538461],[162.1385577933092,143.90202899959021],[162.02075579324327,143.9931417228891]]],[[[163.69981531862257,143.33558154397105],[163.9323729636695,143.23636522165913],[163.8791655080076,143.16169924081134],[163.69981531862257,143.33558154397105]]],[[[164.6737027109714,142.94348771351747],[164.86752757974574,142.84531885333496],[164.8768145494895,142.75644434917842],[164.6737027109714,142.94348771351747]]],[[[163.90566481578705,143.28956664584183],[163.84343282336883,143.35162436540932],[164.05363335253634,143.22948709588985],[163.90566481578705,143.28956664584183]]],[[[163.47526268698056,143.57028153424423],[163.66203961113143,143.45330291072878],[163.6048099356123,143.4650447579357],[163.47526268698056,143.57028153424423]]],[[[162.76201832886525,144.01303694276348],[162.6967830301552,144.0932445620913],[162.86455508525233,143.95183999578714],[162.76201832886525,144.01303694276348]]],[[[162.41258924085363,142.39894058381753],[162.39797148856493,142.47247904438984],[162.53416680476488,142.3613054355998],[162.41258924085363,142.39894058381753]]],[[[161.98986618382196,142.71925461318153],[161.82176186190804,142.85242883475416],[162.43909203710203,142.56137836321494],[161.83854801979476,142.8579924083919],[161.81890057014306,142.9761389655916],[162.3943875403478,142.70766551979077],[162.6737321625838,142.63601571275046],[162.87844045344804,142.42400402823827],[162.79505288874117,142.23049035737716],[162.56735981976206,142.33448367224042],[162.45885951174225,142.5089504975462],[161.98986618382196,142.71925461318153]]],[[[175.71181244363555,129.88804783370475],[175.7545496218316,129.89066424716262],[175.7891742910283,129.85068839563263],[175.71181244363555,129.88804783370475]]],[[[163.38780207087947,141.23065774019858],[163.33853788176745,141.21387835507647],[163.35507183703714,141.27579864178398],[163.38780207087947,141.23065774019858]]],[[[163.28970034448292,141.31196901027445],[163.2509730649189,141.36344810129071],[163.3379773935741,141.31223953974157],[163.28970034448292,141.31196901027445]]],[[[163.29388053714942,141.37911802551315],[163.15360803053795,141.45716533907586],[163.2892324328309,141.4128047480841],[163.29388053714942,141.37911802551315]]],[[[162.7269464081469,141.6901233773961],[162.8381102198716,141.6568653447072],[162.87568432032822,141.61620252527803],[162.7269464081469,141.6901233773961]]],[[[163.12403045185133,141.92031070899526],[162.71273988530123,142.1015996351593],[162.67652728483066,142.25833394058697],[162.9375994035727,142.15613581289296],[163.18136523779947,141.94649903588947],[162.94900584685328,142.04951212467074],[163.23474586511392,141.8904344062574],[163.12403045185133,141.92031070899526]]],[[[162.66818283952279,141.7646541753699],[162.73130438341354,141.7957857586461],[162.64171206277567,141.7474467289996],[162.66818283952279,141.7646541753699]]],[[[162.2406281689103,142.02046849067182],[162.4969107488068,141.8824054149079],[162.35484353601964,141.92433331362975],[162.2406281689103,142.02046849067182]]],[[[163.17908859666193,141.48904759209913],[162.99153639167588,141.5727235839713],[163.21886521526062,141.50572724689337],[163.17908859666193,141.48904759209913]]],[[[162.3380300993438,142.40949812656328],[162.62551650233098,142.28711087485107],[162.56433839364738,142.2499257837357],[162.3380300993438,142.40949812656328]]],[[[162.10307210701072,142.51422482427347],[161.83210855747305,142.62970510264137],[161.73323976856273,142.77194120480954],[162.10625195772258,142.63573969409376],[162.25862861777463,142.50355522347087],[162.10307210701072,142.51422482427347]]],[[[174.12650620653392,128.50702464417208],[173.05938481132046,129.02470488919812],[171.98612179986506,129.53412750449885],[171.14636217369628,129.93791943977243],[170.29708031233758,130.3515488130459],[170.00058315859764,130.48798817890844],[169.01733700370397,130.95208442738777],[167.87284890407014,131.48034360715837],[167.37189445894347,131.71887724012606],[167.738639247999,131.78425356726967],[167.19979840968324,132.04772707049415],[166.89934000969785,132.27209276983686],[166.44756148980335,132.42332764087536],[165.4961316477644,132.9539077841269],[165.53437226449677,132.88517556254266],[165.29941777188586,133.0307127778014],[165.15149495620568,133.05769665292178],[164.7903816242993,133.30124185836428],[164.6040877751755,133.3401210320155],[164.03150397050558,133.67603680743022],[163.45526616822792,134.00967770800156],[162.50300769228505,134.39401780512074],[162.63122151489057,134.3818972586004],[162.29709968178665,134.61661730938707],[162.60943259044785,134.6071611516505],[162.31649091009908,134.7597077832472],[162.17447164020103,134.9405386182385],[161.98035629065816,135.01722693223303],[161.42262310196486,135.59638559286785],[161.48854526685147,135.79979113273868],[162.0777955969166,135.57166333057307],[162.3735824423161,135.53308866255483],[162.77987557342664,135.33834690765892],[163.1410959042015,135.24157380569525],[163.1998793765713,135.30736425850054],[162.80434131131716,135.5648090184984],[162.27079359226286,135.74337790560517],[162.20766364285544,135.92904938520596],[161.99858548370742,136.06675798543455],[161.96269937963973,136.31746716379678],[162.78447718492532,136.05088883002782],[162.50739017844703,136.23977890828976],[162.67723168162098,136.4164209145324],[162.95343533388066,136.22392032969856],[163.16532917424442,136.50655821790406],[163.31331923481412,136.4183846196784],[163.52593043808588,136.44434668034597],[163.24055130093927,136.63610257432856],[163.45438680710123,136.6739981019548],[163.2073756786832,136.89553948308193],[163.36523010669129,136.89856665781159],[162.47636877987247,137.41981072656017],[162.50101438934306,137.4713007292785],[161.89065998261088,137.6749142301128],[161.33447934327134,137.93915931379712],[161.090415671182,138.12731848242777],[161.0435716835058,138.12269530243617],[160.91983216757598,138.22081130162016],[160.42631373608106,138.41511202942155],[160.38629566801825,138.51394873726775],[160.08191335977327,138.67774855248453],[159.7871639981767,138.91479565580573],[159.1792808695842,139.12804080632833],[158.60695518363573,139.4065026955103],[158.21742085464766,139.68994179814467],[157.98300137577831,139.76189569121618],[157.99804993717996,139.68607055756428],[157.73544365529267,139.78698411345954],[157.12176596084996,140.26238555467376],[157.10130495625958,140.24272946027236],[156.52805660795366,140.6513187556489],[156.28661399966072,140.65674462125975],[155.74584187307337,141.04760649799766],[155.79305723578474,140.9820104152827],[155.43676677245415,141.07995305848476],[155.3010604357074,141.19580724576758],[154.9673011617869,141.35901564499738],[154.89499537268637,141.25046323101816],[154.49522056565564,141.39650747484484],[154.22153803816633,141.3965830987231],[153.73872708578364,141.65311754179282],[153.101909631053,141.90378646042473],[152.3356631560954,142.75003319873673],[150.83569645592988,143.79765733140206],[148.90919861564072,145.36863761262669],[148.54428467249244,145.49631412209425],[148.35911608923735,145.43635588892295],[147.970081875036,145.6577506755463],[147.5258317312656,145.79635112763225],[146.76334697673923,146.42930316668256],[146.33265282387825,146.516763570981],[145.82508552371033,146.86867602571633],[145.69234571765702,146.88636965021684],[145.5461603219308,147.0125627668552],[145.12851200977786,147.21392505725666],[145.00366440648872,147.38325040298668],[143.79897820810282,148.16135916194474],[143.730119480626,148.13751511844572],[142.18617151609155,149.15709479830957],[141.7245445696281,149.54622332450668],[141.50575343885902,149.6713510318836],[141.18254091948745,149.97598075663365],[140.42781639425738,150.41036852647454],[140.34833212640953,150.41247125285193],[139.59040874122593,150.89311884266172],[139.05070068799455,151.13677305383476],[138.43099357785772,151.28025705206],[138.53665217765422,151.1752697768439],[138.2999175505835,151.24503526858302],[137.8750490370297,151.67774141240267],[137.14594759367492,152.19204152787466],[137.0479112154882,152.33444416997764],[136.1470340129277,153.033354089583],[135.9491802404463,153.33675076237554],[135.80968602695563,154.04339784487235],[134.7968911351241,154.79506446025755],[134.3655918155874,155.21597894145435],[134.23306078026354,155.27154104921138],[133.6727710294684,155.7729282813423],[133.5776654820888,155.78711235369752],[132.73804836839065,156.50054284156028],[132.72106294542203,156.46693586820047],[132.20691878258128,156.88272813954765],[130.81475460390112,157.70934460157576],[130.35761849589426,158.0198113997625],[130.4414014964513,157.9006606613021],[130.19807783765478,158.09684896733137],[130.2505897072162,157.99435956437478],[129.44407557590085,158.51301517463997],[129.63743510781978,158.2171425539127],[129.05266548476945,158.5154218540423],[128.7830153396584,158.52743343758516],[128.81201692377263,158.32856078313293],[128.28025097567115,158.69420971394055],[127.76031082920314,158.53089219173063],[127.54999478567025,158.54817055866857],[126.937651536907,158.86134199145596],[127.05000433384095,158.64193704817433],[126.87719181093159,158.70414836098487],[127.09649757112794,158.484920633098],[126.93459140415132,158.45754511310736],[126.26407167167483,158.8009701877092],[126.22152214419376,158.72037454579808],[125.15705190758986,159.35030074501415],[125.45326946820825,159.0703842694154],[125.35295064436612,159.05906206013287],[126.12824206850411,158.33606695767497],[124.90325037994637,159.20398066673502],[124.879955145909,159.33541804580622],[124.1942339572873,159.73101365810973],[123.63152336951013,160.09849343997143],[122.56976792708015,160.57094685272938],[121.17490316473993,160.9874686479559],[120.57477928464856,161.1680848420166],[120.36091877861762,161.30116317157623],[119.53952862881641,161.55731495215014],[119.11578431487366,161.63729675388942],[119.25887792943665,161.6553696942786],[117.21957745128212,162.12878785532004],[117.45846144551365,162.0840932813518],[118.08430372810159,162.07879920986758],[117.82423151520942,162.17926209924292],[117.65845354163005,162.18599977149105],[116.91480755521093,162.32863508630695],[115.70738466805176,162.43361281677377],[115.57308414143085,162.47612421193352],[115.33574426737832,162.45467502395445],[115.0280720585008,162.49343924840565],[114.3272354521433,162.46133155768652],[114.16590196278642,162.49370046092804],[113.76809816545499,162.50174656442604],[113.96620371284159,162.54300421648094],[113.79470202435705,162.5458568343353],[113.91129509043466,162.5986871523021],[113.76878343347444,162.6421319352937],[113.36642014590635,162.66859424938198],[113.31357796803869,162.7849519172428],[112.87005647016133,162.8307000508753],[113.16444429596335,162.87807314658542],[112.71741586389643,162.8892208168735],[112.93286404987468,162.92693539135183],[112.76110029183066,162.9499782479119],[113.1008949199281,163.08640295513524],[112.62133129667161,163.08972887879509],[112.46839909355513,163.1743224364921],[112.54997943712694,163.2038045042132],[112.27358851899693,163.22036491292855],[112.33619252591684,163.27280107946987],[112.7510651905282,163.33158791687686],[113.08901036372473,163.44066514509646],[113.03504901524065,163.48310340739886],[112.86763430884956,163.49044168893948],[111.78825955318314,163.3364494976633],[111.45130692075554,163.3929850158592],[111.42399144683228,163.46611318871936],[111.23866667036087,163.46764422960337],[111.30813495700195,163.59489286831294],[111.10868177601051,163.63956490031356],[111.34848903972222,163.739423434057],[112.18643453465413,163.79508635704866],[112.21563623904926,163.85113212434766],[111.14040222044534,163.81847349654353],[111.08904029079699,163.93028828266617],[111.23350381790746,163.96945815626034],[111.14315992441573,164.12409883052138],[110.98593010149922,164.15224792718587],[111.12942296510371,164.20468802512096],[110.94434418791997,164.22375489364106],[111.0277763032264,164.33600812176127],[111.59564564911892,164.38157978527576],[111.54467862944786,164.42805675962632],[111.07152365422391,164.400567125844],[110.91448222963403,164.5105001132488],[110.71351161609118,164.52301592670653],[110.81504077178984,164.55840960024068],[110.47985669849429,164.6168369141863],[110.58389782607387,164.6534893320775],[110.34794494852387,164.68122955597957],[110.4170331751749,164.75546807389804],[110.2771417336954,164.7916660954011],[110.3985080666701,164.89635379137428],[110.28866299474876,164.97798508523877],[110.6201724635924,165.04879092619717],[111.37445011831336,165.09957047488535],[110.66313436363541,165.1147864029971],[110.41294728923523,165.15210061701038],[110.65118114304465,165.2592637319743],[110.43885641601693,165.28170109085403],[110.79683017981809,165.33185918118681],[110.72720723915249,165.40581040799094],[111.01583111911494,165.40914545661974],[111.51979030182966,165.35821973962263],[111.92614773201925,165.36089971657498],[111.93503149961919,165.3829694249678],[111.23422014450009,165.4321779123729],[110.75644498678564,165.50486370567],[110.30330599689776,165.51659577358615],[109.81359824768828,165.58927499644017],[109.72165505462783,165.71726689653286],[109.57310845140658,165.7450413720155],[109.4840386200037,165.83606030142664],[109.53363583722029,165.8696056667023],[110.01779839232304,165.89844112886368],[110.46855718241234,166.10467362278465],[111.03789931411696,166.17851436938042],[111.06358867090395,166.26772124490108],[111.31936966073147,166.28909436631875],[111.33992709674932,166.31937820751304],[111.20181239577218,166.33215351625776],[111.49399644264534,166.3630329920272],[111.46776247488467,166.431774661849],[113.87036189732153,166.55193262511938],[114.00884579732408,166.66145142094012],[114.53201639086414,166.65251696406108],[114.95417962430805,166.72312707086272],[114.87918897644005,166.85353640605015],[115.73971481868325,166.87403881675272],[115.96899772314659,166.83066382234642],[115.96387271160924,166.7407867112556],[116.159848899158,166.70706672381922],[116.1663180116504,166.6540134735493],[116.78257461705242,166.5463040320705],[116.79226779377596,166.48787284937265],[116.96583779637223,166.46523886520137],[116.6084510701476,166.42169382405456],[116.68426952142917,166.29961323061715],[117.01702864850253,166.2608571007255],[117.17280110421213,166.1810806175218],[117.7977539176036,166.1320742784149],[117.92038822125592,166.0919755966736],[119.14868553780181,166.09147179451526],[120.2064389392552,166.029978419884],[120.83598380855831,166.04369520161046],[121.24422829719174,166.11646175209953],[122.10740183757684,166.12370259031434],[122.09269985462485,166.1861194409829],[122.71639090452857,166.18842590604672],[123.13745397327621,166.13367013547537],[123.94467072801257,166.09991223173722],[124.3089387324342,166.1165785279432],[125.0537626336218,165.9402917263479],[125.42698583245532,165.90947995093867],[125.94296449107318,165.81399496732888],[126.472666060063,165.83229739790218],[126.65572932338645,165.94045769614954],[126.55214023262624,166.02548189073408],[127.26024294311875,165.96470262580323],[127.20645095599225,166.0218274690373],[127.56296335564751,166.10408609011552],[127.48353100774041,166.16695621306047],[127.7350199886256,166.2290741323895],[127.76070937334032,166.3801421616651],[128.1717725728317,166.34621966925454],[128.33156543123198,166.42031610417774],[128.13347772651213,166.48070147952404],[128.22262080353164,166.50352113694896],[128.1316636404372,166.53541267028487],[128.46599047852746,166.58199363535334],[127.81457111078862,166.69969486238347],[127.80024949762097,166.7514156880846],[127.58353342124558,166.83518752148942],[127.58300596752815,166.92442348930794],[128.12575482128628,167.02390139031925],[129.02899005894437,167.07866232061198],[129.74758862540094,167.08197572203787],[129.97866648761342,167.0275669295944],[130.28809487040635,166.85435807762406],[130.6391245355942,166.74580483213987],[130.97927380702066,166.7778511470736],[131.04265835557035,166.7558955508824],[131.43232288546304,166.82385362519412],[131.70481137758955,166.77540752216345],[132.0389651507076,166.79730053365236],[132.1624540824922,166.7524548720622],[132.17686444144098,166.64814074344355],[132.50185388976197,166.59838059896185],[132.6825044885648,166.60170371879147],[132.7107641216588,166.51163563984153],[132.9659723244942,166.47046265791045],[133.15654896714955,166.59508464490733],[133.64951896603552,166.4973287813297],[133.78406455523873,166.5547232033637],[134.23920994895494,166.4544565118767],[134.21667307024308,166.51381870863162],[134.40810282753966,166.47589908699956],[134.5105485188206,166.56043399658074],[134.7702501290231,166.59139518603442],[134.76970270994786,166.64575793378214],[135.31463130452363,166.69949968078356],[135.8844186090264,166.60787065935884],[136.2170604975687,166.6094282402137],[136.33855633837192,166.564579788785],[136.46552463863853,166.59396262929016],[136.7392625973205,166.50878678664566],[136.9667276051966,166.57908414314073],[137.11492560675168,166.53811648949187],[137.26434654013843,166.74384830344866],[137.57915830092898,166.86363576694788],[137.6043581050059,167.06376209974246],[137.8180968195207,167.02508629281112],[138.1732565792882,167.0992009992782],[138.4776598273171,167.026417187679],[138.72255894646634,167.2940865788182],[139.00537494018693,167.36947240698876],[139.17074242553605,167.61567656126346],[139.27744140773376,167.59619887533782],[139.6644622024812,167.45211755795762],[139.90251581621874,167.49527180759782],[140.4376862450078,167.39410824787598],[140.37150462684747,167.29791544475904],[140.50847632808873,167.1618006728868],[140.85777341137052,166.99463886607248],[140.98293625238608,166.74895896832805],[141.25088429346152,166.69260032479707],[141.66594002891665,166.45557023707727],[142.30663353667762,165.68561109830898],[142.66705367431717,165.01092210906864],[143.98845257589764,163.95417009844613],[143.83482397446073,163.81800031863537],[143.97566223389668,163.65908377984988],[143.41076179795186,163.81724260730624],[143.58396941322061,163.65167060477768],[143.44320029595127,163.40841417365948],[144.7452156159313,162.5436354109483],[145.61356847686463,162.34033305957834],[146.12661797107728,162.0382232792406],[146.34332317982432,162.0985123223677],[147.07016928613479,161.68825894496769],[147.66299405900128,162.3923203430969],[147.90975905400705,162.3445743601139],[148.9500562614648,161.5608058224395],[149.5233200081492,161.45361525011884],[150.47670106334886,161.03745179284596],[151.272227788577,161.03724166217052],[151.35836204564296,161.20925528182988],[151.1188297264053,161.54940657776183],[151.31556228922423,161.6149321243074],[153.37816050072905,160.76742271828044],[153.214541986132,161.42127871625783],[153.49910880940485,161.3118177759468],[154.10244160140883,161.1734018115166],[156.55344833354928,161.25114800506987],[157.61913841542577,160.77774448387973],[158.0274966196553,159.99733670679365],[159.65471840347968,159.2433842980205],[160.35047839519444,158.71511833707342],[161.9432488871628,158.48089036480184],[162.86226450259232,157.7824321707821],[162.79728754287163,157.2918309519599],[163.09769603250913,157.11507940920123],[163.39495740103106,157.15303354903529],[163.87329927726907,157.67802344850827],[164.23064628021336,157.71020815459605],[164.66824132148253,157.82890811771836],[165.1110859526325,157.5413591634622],[164.59866359569094,157.10344010607253],[164.63287144051003,156.76895339134194],[165.552728519691,156.35962079835014],[166.41699071757384,156.61005266871723],[166.7624724538985,156.23739754634624],[166.30950291912717,156.10889960848564],[166.45203853288368,154.7142228761965],[166.7708590947164,154.31181114673944],[166.56024274496565,154.14707097152132],[167.71182882914138,153.75522129136658],[168.48962962615462,153.53017493047088],[168.65481703766162,153.28865308442653],[168.0522063904352,153.12285350485897],[168.06381461444323,152.9507703002197],[168.55033130692067,152.68989925788588],[167.7676975982635,152.59729251607928],[167.8259326604724,152.1886186413268],[168.52417834122105,151.7815260610349],[167.98218569419757,151.35790747061264],[168.34587199957227,150.85718922055494],[169.11119134847422,150.4610183339773],[169.79091045885613,150.19000000860052],[170.51529357891195,148.12605014234418],[169.28997585718818,148.32733286299396],[168.86958539637914,148.18091857719446],[169.28184654023065,147.7361967175587],[169.23811115150198,146.7869424274789],[168.8241467569794,146.8940931049167],[167.1397943560865,147.56652338907398],[166.52457918786325,148.15304449832755],[165.08518487885254,148.86734565405968],[164.53422889397842,148.9435181560268],[164.21288245882113,148.7183811752158],[164.3566859875094,148.32581946717107],[164.84476231846327,147.96625475972067],[164.94557342789557,147.71368066151024],[165.4851217696338,147.358672536672],[165.98192897391698,146.8356151835995],[165.8315951807791,146.77441812763772],[166.10248592641145,146.59344715605698],[166.185757234833,146.36220005598796],[167.12886498840885,145.78043280808532],[166.80925432284084,145.60508805624798],[167.65543029375158,144.63484969826126],[167.85190968070512,144.59503778507778],[168.1253059186771,144.32784970355914],[168.7414244972734,144.04531228153613],[168.5536617584821,144.05467881380795],[169.40829732587463,143.57322261699224],[170.37023683779975,143.1899028171453],[171.16550380839868,142.94843932521667],[171.46015709883233,143.00776425034627],[172.4484161558663,142.7445313326543],[172.574938307892,142.65786304279277],[174.74039589651025,142.29880963993517],[175.54103953819157,142.279547572464],[175.68824875436093,142.20623679236542],[170.487500939059,141.58880348341273],[168.60341304622048,141.54055226657067],[166.44523810298818,141.7937757708266],[165.5530311425976,142.05289104661725],[165.0762173440861,142.29098287619144],[165.23817296628528,142.31918538275067],[165.0937916110414,142.41429009992106],[165.3363451478189,142.46321226770868],[165.11882128610048,142.64879973823034],[165.2368379145575,142.61464406106475],[165.4334256445998,142.47711744527012],[165.34656952778073,142.62997984035087],[165.31948684163953,142.5826251728214],[165.12078543443414,142.66427878207463],[164.99262105166127,142.832612791902],[163.87857393126473,143.34086875973676],[163.66160512283636,143.50340906410477],[163.49239871281907,143.5661400531194],[163.40727022869964,143.6600505145111],[163.43284327178384,143.6165772953461],[163.24624910429023,143.80363848792757],[162.59828030479096,144.17640723469245],[162.4952925210043,144.3186531424171],[162.39125062310933,144.26309199814898],[162.08240156659474,144.40786104818358],[162.45083203357845,144.14755562913248],[162.50606650068056,143.79911486560908],[162.2708910896374,143.84917967347633],[162.0756454936251,143.97776050027977],[161.73140986349264,144.17200110333147],[161.18780701054834,144.72379447454853],[161.36079914885656,144.7050227505798],[161.10036943525367,144.89110410269137],[160.89561318809348,144.94090977595718],[161.05789262654574,144.46529283289019],[161.32898144739968,144.4860785730492],[162.05251732202345,143.91124689947105],[162.44115667072163,143.77243204150213],[162.70935773004467,143.5709333219969],[162.8831403527366,143.51219255549833],[163.1672844029832,143.32590982137162],[162.9661030756779,143.38250653426763],[163.1188045098726,143.09044204294565],[162.7386420549588,143.18447085122426],[163.1089411731191,142.9987263897322],[163.01137777517098,142.96095219499924],[162.50081309367448,143.24740915156394],[161.79528104730653,143.54146748666744],[163.06707257073663,142.8932321691211],[162.36783277338594,143.06042171347013],[162.18003962031696,143.00161741545477],[162.3373449812347,142.77982431081261],[161.66903293375782,143.07604389252126],[161.75323178249593,143.10318501508692],[161.57043395848035,143.18519688098766],[161.66168071237774,143.10084616722963],[161.47699940063924,143.12825793913206],[161.49163163364219,142.78629862627406],[161.72536623678332,142.63221462112634],[162.2458068261419,142.44099274079753],[162.75283059979006,142.05163726723973],[162.64491639135042,141.94987798289029],[162.8957039487208,141.76019527485926],[162.77885797146226,141.78716617306432],[162.54505485043373,141.95664824223985],[162.37664879079918,142.00263436953585],[162.20480505877413,142.13222265657433],[162.34105991415618,142.09056759657517],[162.16862812570747,142.17294943336643],[162.25358966405744,142.19433894348325],[161.9374908385375,142.37904045865463],[162.05299440812527,142.2438249601266],[161.91554351132038,142.29656292013385],[161.8008819278485,142.41221889588337],[161.47691861980877,142.55201065132042],[161.53383267680346,142.43751119600145],[161.5657769248653,142.47266376412705],[161.73847474647312,142.32196559928622],[162.12288602123544,142.15236975274706],[162.17539657726994,142.0407406928179],[161.87447588474,142.18212874166028],[162.11174863471402,142.06078342138665],[162.18872168442354,141.9596355983798],[161.81172368692702,142.11389628595188],[161.94094183275408,142.0226035532776],[162.15039550318977,141.9542215214993],[162.12835517174494,141.85356342792215],[162.29597177836573,141.81552780039829],[162.53460036169326,141.57268003559378],[162.70915469550545,141.6283755442091],[163.03650365779373,141.47060513737114],[163.2006900241708,141.25809720476124],[163.43561422842635,141.08517310152786],[163.16360231941295,141.15718905037966],[162.77335681244733,141.3630353537616],[162.94549971492316,141.10705653274965],[162.95904748192777,141.202858652139],[163.54641182203426,141.04346570329008],[163.35138851237966,141.32090648385423],[163.25991342866848,141.53003335869784],[163.53529020783856,141.31309971608158],[163.9803110083601,140.46463661027144],[164.21489947043662,140.27909061293377],[164.66928519128237,139.37082626501262],[165.0345798119523,138.98326687076764],[165.53441232461256,138.62223286307935],[167.28430508572927,137.1276983346561],[169.22630898854075,135.68408874459033],[170.051719768132,135.25213665529387],[170.04573869880062,135.0685560100644],[170.2349294272816,134.70327673371526],[170.46408220904527,134.53811248415582],[170.35365228325912,134.3845419565414],[170.89638520321662,133.9459170792767],[170.71320909580635,133.88060914671124],[171.4769662731008,133.1260072841626],[171.40529044798714,133.03033081191202],[171.89043848010843,132.6582774913091],[172.26306573070968,132.4986667417057],[172.13004696995435,132.43715359715927],[172.55921430834582,131.82994315358567],[174.46422742910514,130.37969224220384],[174.26413232089243,130.5004064115944],[174.19245959056636,130.49366073273333],[175.38390506094515,129.80023419576474],[175.05280363371008,129.7759233939442],[174.936337348264,129.5384988908152],[174.44905467332921,129.64840827636786],[173.92997852395527,129.60835073037907],[173.9573099084609,129.42178677857962],[173.87713095657216,128.88649357372557],[174.12650620653392,128.50702464417208]]]]}},{"type":"Feature","properties":{"Level":"ADM1","shapeGroup":"BRA","shapeID":"BRA-ADM1-79741978B82497962","shapeISO":"BR-DF","shapeName":"Federal District","shapeType":"ADM1"},"geometry":{"type":"MultiPolygon","coordinates":[[[[129.543949929305,145.11168838126602],[129.57089750305357,144.98427197346498],[129.28116993843255,144.78089252169454],[127.74015464472326,144.2520773973769],[125.59418252795427,143.8036810621053],[122.75607956580615,143.74029330881567],[120.18801631025194,143.936782451318],[119.46148612726235,144.05212714340618],[117.93494024282982,144.42938997557616],[116.48379147964977,144.66733955604872],[114.46789514999392,145.2824857780586],[113.6532295390507,145.903712001711],[112.70607012409488,146.5447628344943],[112.32978348375772,146.9362597999229],[111.49829186689878,147.6939867557339],[111.17104484781777,148.08292818826493],[110.07061783552396,149.08220881659238],[109.51022545484594,149.76973448507448],[108.9892101477372,150.35201562737336],[108.96584834874952,151.84989117659126],[108.60248508260386,152.19058154331302],[108.45771793368783,153.46581893397328],[109.45340600855224,153.4262603556869],[109.31096071819168,154.1970731339374],[108.71252727349759,154.66500316782935],[108.51189390525555,155.48138431590831],[108.95736294950402,155.58136780541608],[108.36359034484485,156.81722387964584],[110.18889592116278,156.67701407754282],[113.26380589380682,156.97578877963082],[114.98350930321457,157.07794949846968],[117.09801972785311,157.42097174071552],[118.70652997628083,157.5374230352184],[120.51849683211591,157.49924351593194],[121.02095181128772,157.04205551083362],[121.23785255740475,156.79717129112467],[122.27465517187653,156.3693692845409],[122.98443786455067,155.99041333729315],[124.23790540617837,155.39556287715942],[124.43514863793035,155.23615965032025],[125.91428823239674,153.4589519424685],[126.21543878901565,152.97151932015964],[126.60114382044031,152.4761050993022],[127.18526967010916,151.8582255958024],[127.5964195777426,151.32255929530942],[127.83986992062738,150.39024336430234],[128.05553124277384,149.2208389060097],[128.2146388266949,147.9101099632839],[128.88124357332387,145.39290863015304],[129.1935336593299,145.23396189794414],[129.543949929305,145.11168838126602]]]]}}]}
