{"type":"FeatureCollection","bbox":[41.30232344566747,49.770956586733256,210.4642865599127,213.58045704506628],"crs":{"type":"name","properties":{"name":"EPSG:cartesian"}},"properties":{"note":"Created using cartogram-cpp / go-cart.io with custom projection, not in EPSG:4326"},"features":[{"type":"Feature","properties":{"Level":"ADM2","shapeGroup":"FRA","shapeID":"FRA-ADM2-965667B85882109","shapeISO":"FR-13","shapeName":"Bouches-du-Rhône","shapeType":"ADM2"},"geometry":{"type":"MultiPolygon","coordinates":[[[[158.5482831827498,73.07119559405278],[159.47454802708614,73.88038180958925],[158.99717033571565,73.56856393693525],[158.5482831827498,73.07119559405278]]],[[[140.73534256785797,80.11808148831508],[143.1078216637586,79.26008675943676],[143.43899012524247,79.54733419982978],[145.330978850382,78.97780131618069],[146.07890638687752,77.65694450005964],[145.3813354010323,77.23581129150426],[145.7965510377896,76.58140643816049],[150.8728700396021,74.9420307625383],[152.14468442336505,76.46687579545676],[151.31521451361317,75.59124176074118],[150.89638802130565,76.3914329369857],[151.37998208310933,76.60396997516776],[150.73953625732042,76.91638695461381],[151.2164717461545,76.94136973854201],[150.67997968770118,77.9287206674699],[151.35040312469087,77.03823369266168],[151.05132695200592,78.61982586215211],[151.7071321316017,77.50705022290217],[152.11453606202338,77.85103243735298],[151.8534507023384,76.9947966869214],[152.20452254293508,77.74758071230282],[153.30873843019347,77.62817045324404],[153.46858094884897,76.67750690906448],[153.9270311278491,76.90665444207764],[153.51024187358777,76.59203644574386],[154.3505765356326,74.45191953348849],[157.6056016956157,74.87400844753168],[159.64253186325183,76.3666063992538],[160.5795435946613,74.39342671850437],[159.91049020110862,73.8503978870818],[160.2410701593715,72.85202344694488],[159.3660772923411,71.8880583145601],[161.68960669585238,72.0005164530407],[161.57214964927493,72.24929794135056],[162.75675383366422,72.01284844163962],[163.3019248509458,72.53685525416756],[164.3818734940886,71.26941883771627],[164.8126473634552,72.09683155642351],[165.58963518747834,72.05208880445727],[166.1016344342407,73.72419346925908],[167.57382283802508,74.90974986122924],[167.23002279681143,76.51564305085944],[166.52106908715743,76.47800728425703],[167.03463657353655,77.76409364070415],[166.82031182202348,79.21379375104615],[168.29021603273384,80.24416902927854],[167.0251112944855,82.68720159847115],[167.24162168132017,85.70220471267983],[166.3774456688953,86.68306195518937],[166.77816326591724,87.07937363704443],[166.57377078736494,88.3480676991872],[166.74859762138266,89.51584595575291],[167.53370905361274,90.39416490251442],[167.5187811895184,91.42571082145554],[167.39819353163588,91.53758525334497],[167.28620077901417,92.21822061615748],[167.02429033647243,92.31336208976978],[166.8363652290554,91.18561291249728],[166.47764200346904,91.12033308668434],[165.7692523783902,89.73967275577749],[163.247371825143,89.59591133126101],[161.10581676099105,90.44428093834387],[159.68290743145837,90.47449731887471],[158.34693950572455,89.86572249670705],[155.03629028726567,90.51230863211133],[152.6866710442466,91.69262578110573],[149.4055073829036,92.36774011252494],[146.7820072650182,92.56336913725055],[144.92456530333664,91.59446054725406],[144.99419430435591,91.28391540791708],[145.5123425632833,91.28867157415328],[145.10762636345277,90.90492352410713],[145.5698508903016,90.00882571556293],[145.11071025603547,88.60284581051135],[145.68839131875004,87.37665675364356],[143.89579957070214,88.15801302736239],[143.1005592432036,87.9358631475701],[142.64630194387394,85.49188067015056],[143.44809982326723,84.84050743761475],[141.90204099312598,82.42357563176009],[141.69597364473628,83.06589835240683],[141.54402452884216,82.78621439410499],[141.7817106506567,82.19681543005632],[140.78934352701586,81.29428063923041],[140.73534256785797,80.11808148831508]]]]}},{"type":"Feature","properties":{"Level":"ADM2","shapeGroup":"FRA","shapeID":"FRA-ADM2-965667B18189257","shapeISO":"FR-54","shapeName":"Meurthe-et-Moselle","shapeType":"ADM2"},"geometry":{"type":"MultiPolygon","coordinates":[[[[160.3995545137443,170.21228097831454],[160.3840250456745,169.8435483171465],[160.27497564358134,169.02792276930364],[160.33978558476048,169.06546204319372],[160.2679763145351,168.4835187712607],[160.34852516662747,168.55704342457864],[160.1863720752699,167.7817405094263],[160.2400853505013,167.49229076337585],[160.31644658175614,168.22613146354297],[160.77503038248523,169.83921497455978],[161.1516968195259,169.82968320936004],[160.9927374474752,169.20977541779803],[161.23531426548547,168.70931150962488],[161.0309130327133,167.99014896605618],[161.08307400137176,167.62293367492018],[161.2856127411764,168.03018524336437],[161.19276649603728,167.13053516735033],[160.94173989192387,166.59402045159425],[160.7516145587908,164.7277318232125],[160.99362876316255,165.15198956975385],[160.75114025468847,164.0398815486212],[160.8441691746904,163.9090193782096],[160.67043231281627,163.35141734398633],[160.74440366252918,163.15610125218205],[161.03903485162297,163.6901081699954],[160.7965167503075,162.4679930966695],[160.9807550641531,162.87160212469226],[161.0065061908537,162.51834542053237],[160.61111034467538,160.71425937352785],[160.75508564277044,160.35256676198765],[160.27778261978517,158.51911972046975],[160.41186262827642,158.22115977789227],[160.31082886430622,157.62558017786358],[160.30062588167277,155.67838063685213],[160.3611861557456,155.97072868604215],[160.06092750334778,154.02334271413113],[160.28770826977382,153.4510685235241],[160.12966748890668,152.20222320071903],[160.18874191016144,151.64019423592381],[160.38919167426778,152.1121926502362],[159.97600183482055,150.83850412191657],[159.9731063782413,150.44425310704878],[160.22689534995143,150.37108479209678],[160.17949695483523,149.68964320626725],[160.2716276751507,149.57153309858035],[160.5254709838404,150.12870412074844],[160.81472532287512,150.25042668811324],[160.53383644831632,148.89114288166002],[160.72429442872522,148.9657800233728],[160.75514363316802,149.33874478055154],[160.91414511490228,149.41622948731177],[160.76858864958893,148.9345231334043],[160.9092549244329,149.0575472544031],[160.99859245932754,148.5125650191659],[161.64700799126123,149.07260406948552],[161.7787054190795,149.39855194862471],[161.75455122602312,149.06735621299052],[162.25434714406003,149.75971741593594],[162.31271368652511,150.2798355942177],[162.52205025190068,150.4214711984465],[162.50254108170336,150.2476700904428],[163.18335651181982,150.96508891369552],[163.5288134713784,151.78426242567645],[163.56950783060367,151.32167747422096],[164.23717185259179,151.47674723599698],[164.09466527438275,151.1388916383709],[164.8695049275102,151.78720764333525],[164.93059168337723,151.66883386191367],[165.923190336566,152.47958751299257],[166.4206023362666,152.5659573423829],[166.46486110165472,152.94169419380088],[167.51700589875878,154.36006331927962],[167.33359247592202,153.25348861991475],[167.85851247390298,153.34821947854408],[168.0671883275631,153.6265944738664],[168.6713638145207,153.62645081737327],[168.52740725419432,153.33482104073377],[168.72532878982238,153.68753729058255],[168.88034706386918,153.62873450354425],[169.6496370252689,154.8698922917245],[169.62226309590886,154.50345622309993],[171.86856395590425,157.09168022430939],[173.7140990574875,158.37686012753448],[172.70318735038134,158.19018643775314],[173.04447430560515,158.59229987379754],[172.6303238941267,158.4943833184681],[173.13580857223528,158.72903226214635],[172.13308243314043,159.43781902961484],[172.41155637740155,159.76977299983787],[171.7137477447988,159.53467628251371],[171.70803499742772,159.99264265639837],[171.43369773466597,159.50026353366601],[170.82918704274837,159.2310908859726],[170.73721846768646,159.71170532314514],[170.18166068613954,159.4303210984038],[170.05248637029,160.00475656260107],[169.7569842994653,159.71077297844897],[169.32410659394762,160.11856864700127],[169.09254862384128,159.50118972773691],[169.08781869681934,160.65470012024392],[168.86938615953625,160.36119312448886],[168.1953127119433,161.5133537416833],[167.620840937982,161.2541249098745],[166.9604415525995,161.2889685411326],[166.78001588615433,161.79898975051938],[165.7160563753534,161.0951913639338],[165.86859218986757,161.9628904907177],[165.19440396414052,161.9442649141567],[165.71434082041017,162.4627268988564],[165.0559609133312,162.26625829585817],[165.4145217783408,162.911809955785],[165.3535762350754,163.28125868505444],[165.75367797230987,163.8560436139827],[165.71338234334533,164.2741539692555],[165.1776788986548,164.10349926824006],[164.8740564297761,163.68649915256117],[164.7179511012959,163.84882414846558],[163.45892888969638,162.86933824419617],[163.52109457757732,163.47640247662264],[163.02328771602083,162.99369754329024],[163.01960995109278,163.33587471290252],[162.598051752152,162.928834510284],[162.48702582106898,163.09112509158285],[162.6513978194626,163.08961905190816],[162.61975795434878,164.01745983033135],[162.04015595383422,163.65488749303896],[161.8177199941843,163.94823573927647],[161.98640266270434,164.7668058100036],[162.96642079387564,165.52768969761215],[162.83062081695454,165.95313675586254],[163.6354190460943,166.84079621332407],[163.1496374452679,167.2043948242666],[163.91865730534775,168.14065903435977],[164.23845061582838,168.95250741538027],[163.94656280831808,168.84449654115875],[164.31033658117738,170.2778287682611],[164.0983294117348,169.8948744637315],[163.87366966728084,170.48950297425435],[164.3294112511324,170.91985333150689],[163.87820305197857,171.1356977966824],[164.18366422142185,172.04378818912684],[163.9943587779049,171.94840975503664],[164.48406664256248,172.94005979014665],[164.63201110681837,174.2684934274743],[164.30479417637974,173.91768180356658],[164.3439490093293,174.33484104100313],[163.82182134901103,174.58335720303248],[163.71281511513882,174.94935837522362],[163.1190721492084,174.7641450378456],[162.9929067509467,174.22404589152052],[161.91644725435452,173.48627961047913],[161.07203737163994,171.5572555867794],[160.9421279661606,171.78541115890175],[160.3995545137443,170.21228097831454]]],[[[160.25056379085493,169.58987119584566],[160.38550731691603,169.91402646290177],[160.33031357543504,170.17641060149475],[160.25056379085493,169.58987119584566]]],[[[160.19977145864345,167.86368676453242],[160.2533918058876,168.13829485338027],[160.256690290759,168.30955086032856],[160.19977145864345,167.86368676453242]]]]}},{"type":"Feature","properties":{"Level":"ADM2","shapeGroup":"FRA","shapeID":"FRA-ADM2-965667B85415102","shapeISO":"FR-55","shapeName":"Meuse","shapeType":"ADM2"},"geometry":{"type":"MultiPolygon","coordinates":[[[[160.3995545137443,170.21228097831454],[160.67532276245737,172.08515926486908],[160.6826949906138,173.06167173936774],[160.29031457562937,171.94738369999584],[159.87933585058022,169.89263254746868],[159.77470260732437,170.3855362842889],[159.6125991606524,169.71746533402066],[159.6023417488195,170.36362233868243],[159.41297688617243,167.93134037284057],[159.5227474592079,167.23086123778998],[159.3860909271357,163.27378301097073],[159.1065585384698,161.41689253536538],[159.14951793883841,160.931118162688],[158.9917609285037,160.07360330036414],[158.8714555366501,157.44513722110014],[158.70048330973384,156.33158345449215],[158.8313518116768,156.87606228656128],[158.6976745695072,155.57779437678226],[158.7776391719212,155.56386759498582],[158.3001258321107,151.18004383275792],[158.41842753363628,151.20087290130263],[158.47011180980476,150.47987818995242],[158.5370897763697,150.52310338704746],[158.40360265136542,149.54143792657226],[158.26515040990893,148.67143934014962],[158.46087977706844,149.08968787213485],[158.41744253050277,148.66489715192702],[158.55709124547323,148.8235107828817],[158.5400540232155,148.45616557711125],[158.60856459735135,148.58667639781254],[158.63080843120167,148.2638808438211],[158.88666912747527,148.40553351353287],[158.8798820283589,148.13498046934475],[158.99270523052616,148.18818127832992],[158.9687494629652,147.86014044559863],[159.0859760923173,147.76671942202535],[159.2171291947738,148.05168701908372],[159.54664417487407,148.50594824512854],[159.56284074966993,148.34928225530345],[159.64060036018788,148.94290760097624],[160.04576300583454,149.22964205742528],[160.17949695483523,149.68964320626725],[160.22689534995143,150.37108479209678],[159.9731063782413,150.44425310704878],[159.97600183482055,150.83850412191657],[160.38919167426778,152.1121926502362],[160.18874191016144,151.64019423592381],[160.12966748890668,152.20222320071903],[160.28770826977382,153.4510685235241],[160.06092750334778,154.02334271413113],[160.3611861557456,155.97072868604215],[160.30062588167277,155.67838063685213],[160.31082886430622,157.62558017786358],[160.41186262827642,158.22115977789227],[160.27778261978517,158.51911972046975],[160.75508564277044,160.35256676198765],[160.61111034467538,160.71425937352785],[161.0065061908537,162.51834542053237],[160.9807550641531,162.87160212469226],[160.7965167503075,162.4679930966695],[161.03903485162297,163.6901081699954],[160.74440366252918,163.15610125218205],[160.67043231281627,163.35141734398633],[160.8441691746904,163.9090193782096],[160.75114025468847,164.0398815486212],[160.99362876316255,165.15198956975385],[160.7516145587908,164.7277318232125],[160.94173989192387,166.59402045159425],[161.19276649603728,167.13053516735033],[161.2856127411764,168.03018524336437],[161.08307400137176,167.62293367492018],[161.0309130327133,167.99014896605618],[161.23531426548547,168.70931150962488],[160.9927374474752,169.20977541779803],[161.1516968195259,169.82968320936004],[160.77503038248523,169.83921497455978],[160.31644658175614,168.22613146354297],[160.2400853505013,167.49229076337585],[160.1863720752699,167.7817405094263],[160.34852516662747,168.55704342457864],[160.2679763145351,168.4835187712607],[160.33978558476048,169.06546204319372],[160.27497564358134,169.02792276930364],[160.3840250456745,169.8435483171465],[160.3995545137443,170.21228097831454]],[[160.25056379085493,169.58987119584566],[160.33031357543504,170.17641060149475],[160.38550731691603,169.91402646290177],[160.25056379085493,169.58987119584566]],[[160.19977145864345,167.86368676453242],[160.256690290759,168.30955086032856],[160.2533918058876,168.13829485338027],[160.19977145864345,167.86368676453242]]]]}},{"type":"Feature","properties":{"Level":"ADM2","shapeGroup":"FRA","shapeID":"FRA-ADM2-965667B9052919","shapeISO":"FR-2B","shapeName":"Haute-Corse","shapeType":"ADM2"},"geometry":{"type":"MultiPolygon","coordinates":[[[[204.49582842785446,61.10156477636246],[206.23205457793156,60.34932754205701],[206.42847493599615,60.48424040747345],[206.43663816505244,60.2049004958134],[206.68908521561914,59.78222111957829],[207.27451311246443,59.32649824205186],[207.3929463762804,59.37079292164276],[207.6008582740725,58.632404041371444],[207.94850628638127,58.25429428912388],[207.95349612029793,57.9095980578818],[208.14198936298885,57.63207333446003],[208.4741163397584,57.69612704006254],[208.61607892768058,56.723173293431714],[208.53390051452834,56.55572066767273],[208.75147068620652,56.4790824112075],[208.76460343666412,55.80271009191155],[209.1494820517493,55.78264817771827],[209.20664638206546,55.65246207557225],[209.5555083857522,56.055671214345345],[209.7063851992557,55.98261262230726],[209.63484003697,57.07431632248701],[209.9723715251924,58.12396547074663],[210.4642865599127,58.95900898841727],[210.37692170642265,60.88803704429591],[210.06251916133658,61.91755615931968],[210.24012407441487,64.11102111501401],[209.87205463548918,64.92829966737196],[209.9472859843231,65.74012106289582],[210.38603184468423,67.18229940336131],[210.34051572096627,70.09985807734452],[210.07820823986935,70.387898410047],[209.48981292926646,69.86739511028416],[209.6616598652098,68.73277261845345],[209.34054092455406,68.16563063696987],[209.44158076228697,67.80224034931975],[209.19018239412046,67.21407927489169],[209.35610384187234,66.7743952493908],[209.270928116138,65.6687099653676],[208.8423657465935,64.56964900519993],[208.52889233076405,65.21986650253476],[208.3683697615866,64.96884396264728],[208.15912354351303,65.15649656767742],[207.6428499792047,64.84756363401922],[207.44175640454205,64.02995183400662],[206.4001993610222,63.62870461588304],[206.35810966763677,63.37497969384794],[205.90871667038076,63.32451653568908],[205.99786751860609,62.92779467284337],[205.76604978862412,62.767153894926636],[205.68981661252383,62.9497260366793],[205.4390163683591,62.88575978698363],[205.39178757489944,63.18076077787043],[205.26805297551357,63.01395592909524],[205.467436255966,62.47307879659169],[205.08840733680216,62.42963273128629],[205.0382556696939,61.977407854911725],[205.22198517342065,61.974442443701804],[205.22630493580266,61.644671000002745],[205.09510451788893,61.63838492816642],[205.1558511108646,61.36087847912944],[204.71582145405,61.34796477514603],[204.8115948503548,61.098141896139154],[204.49582842785446,61.10156477636246]]]]}},{"type":"Feature","properties":{"Level":"ADM2","shapeGroup":"FRA","shapeID":"FRA-ADM2-965667B32378127","shapeISO":"FR-40","shapeName":"Landes","shapeType":"ADM2"},"geometry":{"type":"MultiPolygon","coordinates":[[[[87.99936186541422,91.16437960666835],[88.40483734299606,89.31257006919503],[87.90003766844073,87.66962052303298],[85.40833706515568,83.70476867756727],[83.93591175100079,82.55907515629507],[84.84353177121042,82.58275467168784],[84.72051375956916,82.41626656174837],[85.21158073670267,82.39339853415561],[85.34507460369548,82.21687106284999],[86.759445074025,82.40949899897885],[87.8528872186543,83.04837501463587],[88.135129602805,83.04616229716456],[88.38971363255824,82.7322353212497],[87.99767686001009,82.68615526768546],[88.21948688811275,82.52664261761694],[88.9361681736996,82.8612525813262],[89.01708204743267,82.73091611451537],[89.7064510985764,82.73220867777638],[89.69629045015388,83.04895735852497],[90.34233129204227,83.05654509440349],[90.56465613347922,83.26091346894759],[91.14775728721051,83.30684253837424],[91.88458925534428,83.73466316953187],[92.42718119337331,83.45122732592708],[92.45583581626606,83.62410344531925],[93.13321054888031,83.83317012395442],[92.94134403434055,83.64057044173585],[93.35742580038831,83.52171511878261],[93.84402543247649,83.75645543894801],[93.91940176726621,83.62428306417499],[95.02182181378042,84.1924089710217],[95.18906446558528,84.09953979843733],[94.85550800262683,83.9188617693297],[94.96850218471766,83.78612144838723],[95.53547759710686,84.00828955980668],[96.09716550388943,83.85738092291903],[96.61312618430674,84.20575781194076],[96.9822027733757,84.16920617695814],[97.0057763624856,84.35169427119135],[96.72279655900137,84.37386705465293],[96.73489907777214,84.51767629715201],[96.89383399538767,84.46889090077579],[97.1880993432722,84.63579946777924],[97.02378615687397,84.66045139859864],[97.24019310108902,84.7494214264275],[97.15847222909285,84.82710547975798],[97.7419173963547,84.95264312073135],[97.54922360097883,85.01953566473625],[97.57147548666197,85.32392646508123],[97.90600782851335,85.32703468144828],[98.13173277520994,85.68896260773786],[97.67401615776689,85.78465880081257],[98.9566368558985,86.03586102867821],[99.20594096331381,85.9508011150053],[99.25756696321716,86.0702642984792],[99.44172628453418,86.05905911051819],[99.7155379473695,86.35617597287396],[99.90655035714384,86.21945926383091],[99.69053208089049,86.01724072565602],[99.93770623309489,85.926950940157],[100.14800274964612,86.03595247629796],[100.19529582708846,86.40141015691233],[100.37127672911032,86.62100767463467],[100.39127850968627,86.91059704080567],[101.16505816727516,87.98456257559596],[100.53379233951001,87.7391706935957],[100.35148461342433,87.80794152017023],[99.30265020485778,87.55622163387133],[99.41977022061666,88.24006715091757],[98.96853623469613,88.61962206496],[98.57644405276677,88.50886030815954],[98.3979446515958,87.92850446257019],[97.80124142390828,87.75405856584906],[96.63166099302435,87.81603244333463],[96.83432326821165,88.52974183218966],[96.33742435663238,88.61230158896558],[96.38240587104491,88.81988329836271],[95.51554770023819,88.90024003829255],[95.44315144368072,89.17255103083387],[94.24591510410423,89.66544734533946],[94.27499000020673,90.43304773282763],[93.74682257579482,90.68484928870315],[93.62978596636992,90.392908124776],[92.72954436871471,90.38769180741903],[92.78327034761219,90.18040016970713],[92.16076565711882,89.99673547041144],[91.3152008195908,90.46618892877098],[90.31110846014504,90.1583065801767],[90.50527761508216,91.1299734245646],[90.28894071412994,91.72378499443445],[89.93206514220515,91.63653870182914],[89.25517366558181,92.23190852628204],[89.20012484800586,91.62340866865256],[87.99936186541422,91.16437960666835]]]]}},{"type":"Feature","properties":{"Level":"ADM2","shapeGroup":"FRA","shapeID":"FRA-ADM2-965667B2545427","shapeISO":"FR-29","shapeName":"Finistère","shapeType":"ADM2"},"geometry":{"type":"MultiPolygon","coordinates":[[[[41.30232344566747,162.78879721455212],[41.81881042891701,162.71439816911618],[41.5227451508008,162.5405387196812],[42.45196393411738,162.87192547499086],[42.09851783076368,163.1903996317725],[41.30232344566747,162.78879721455212]]],[[[53.86511643019961,166.19442825977498],[54.407265566231985,166.02339251532953],[54.062787062578984,166.28052140964076],[53.86511643019961,166.19442825977498]]],[[[58.52001108522193,163.94885488449265],[58.65167814922852,164.51385670988256],[58.254112402301516,164.43950129806922],[57.30141880344542,165.0095121647821],[56.99873984571317,164.92707014318236],[56.51923298336629,165.32814971491865],[56.58321818699753,165.0052265760068],[56.42960433541205,165.25412742002914],[56.16101882627309,164.8237283306487],[56.29892132904032,164.40679480412768],[56.05870857226715,164.61318451679287],[56.287860978541865,163.86699722979563],[56.58473455296753,163.86005026411758],[56.260256188293454,163.47322417919003],[56.155233708264326,163.94704206712765],[55.56527030021877,164.51130627886943],[55.73889695750874,164.60103726715295],[55.33792977973778,164.81274484312283],[55.01968749371899,164.49601179182835],[55.23317861669818,163.52600144349606],[55.00382769720774,163.88122692305546],[54.95967217417577,164.8699336838216],[54.78149065676721,164.8617047658205],[54.77731421189175,165.64881984036697],[54.47713133859764,165.79600237258504],[54.351854422583884,165.55047256681348],[54.2655083693815,165.82255289526285],[53.71628206724071,165.56673786003356],[53.884523552933025,165.24256148110805],[53.57727061323739,165.26584363977423],[53.653869339817206,165.08879892970685],[53.17679711344324,165.44759543115106],[52.19815874570809,165.53230858613466],[51.7442235700264,165.13686520935676],[52.06683906936096,164.9652545932126],[50.683857459208745,164.9144935511369],[50.92369888245519,165.29076526398038],[50.311469757007714,165.65983806485337],[49.20726819573679,165.39849202431222],[49.54901768258263,165.10222184721425],[49.067252185442534,165.20770329321945],[48.44027581765289,164.97723141388556],[47.90953777688063,165.29984603743927],[47.95846176767753,165.10947650876182],[47.69693914439923,165.16561116747042],[47.641682990983455,164.87931583476515],[48.61567072580218,164.1342182090445],[47.22689864635084,164.85091942193776],[47.126254812865106,164.40905910396296],[48.201308474350945,163.78302956548447],[47.29173577942639,163.96395734246929],[47.292587105593995,164.28204411498993],[46.083819510292926,164.3538023734742],[46.10586978961717,164.020193196426],[46.00125295729343,164.19841952400674],[45.41044584950143,163.71655437706266],[45.25200784725039,163.29832033607875],[45.470558863854954,162.69577847602324],[45.89601393607847,162.59943559522355],[45.40713035012536,162.67673861749142],[44.989058760605246,161.70119949125586],[45.335729367722244,160.9439637303086],[45.004054586939226,160.76475256795987],[45.483315988982106,160.79089276605657],[45.074408545145175,160.71243792838231],[45.15154709210842,160.16559235948685],[45.84460745478758,160.0817775742943],[46.1877821101925,160.4983290289137],[46.893432020086074,160.06369238318794],[48.26154208931865,160.5936877297441],[48.16455585098022,160.97781147921776],[48.34836789284245,160.59608046806602],[49.01367877615326,160.62149663682567],[49.04188939178439,160.8374308553282],[49.43424929807136,160.67282618167803],[51.319971353845034,161.5150827549762],[49.34526098301999,160.5407121638977],[48.68166598235586,159.67039291119488],[49.53831917779263,159.83791023435418],[49.19341523882634,159.5823703377941],[49.77230520186581,159.57697352318146],[50.16341884623845,160.05071302946712],[49.98285899447257,159.80655442974498],[50.44962093704187,160.08600913385553],[50.288000455948996,159.7195899802435],[50.598721395025265,159.9428527163558],[51.13428697930329,159.9621680884709],[50.75824092209998,159.86768154495317],[50.931441388552955,159.75183047207008],[50.37780218326078,159.61868992816335],[50.62718523605821,159.56129027982973],[50.20548550181176,159.3027486886529],[51.36453796952386,159.44954312390888],[50.86574116528744,159.25602906434747],[51.616373709284815,159.18266627635367],[51.38508387051723,158.9567274038431],[52.103800820801666,158.84011277565617],[50.86609387938319,158.65488146723953],[51.34122554068199,158.208683765406],[51.63842926068964,158.29858559947553],[52.658802934202775,157.81525693911672],[52.897772648951204,158.02543901908456],[52.98238444000812,157.87545420092243],[52.93184886935731,157.27251915817675],[53.12386423513999,157.3603670857356],[52.937790171308905,157.2581697199065],[52.830012216630124,157.41153665210805],[52.93810534881803,157.9460608384974],[52.62669349535361,157.78292576117587],[51.74704128916358,157.9111326249727],[51.60838102193636,158.26230410598316],[51.22660220026473,158.1628343019151],[50.964608016533404,158.31436177417257],[51.151781988189384,158.38012593964513],[50.744627203490595,158.5871139549454],[51.108286964581836,158.88730842573943],[49.27541938089644,158.75580179702024],[49.16336546982533,159.08503246647544],[48.10533593789595,158.9407507976953],[47.93708146480798,159.1876427783375],[48.177520865084894,159.4597317421515],[47.72141305705502,159.0208031406146],[47.562340921460674,159.41931394903983],[47.806002400041,160.02638426726017],[47.21924548071959,159.69632473426805],[47.36989532608769,159.07467845392037],[47.08778658649626,158.9455314975364],[47.0081143438212,159.18179029665288],[46.67782822946044,159.1140030788632],[46.75354463110535,158.5902530763694],[47.445512833352865,158.59102827011137],[47.40358731633962,157.04504929538382],[48.199228042254404,157.95474109679282],[48.5881973653774,158.15784814068166],[49.64998574343126,157.50714670387666],[50.3648333802028,157.4082972986237],[50.63004182686588,156.57290268024735],[50.85780365816713,156.51909893080077],[50.549502176432966,155.41276812597553],[50.16897762096117,155.59466477743516],[50.130745115120334,155.21309471766006],[50.00443964450448,155.62723000530463],[49.09438922723914,155.79994830423104],[47.42258500434741,155.39290670364585],[46.17970232691796,155.4827003558838],[46.09889452823329,155.2707095180673],[45.62975552740744,155.42097024597177],[45.70582659305419,155.0350259448972],[45.32403479152876,154.9994622475541],[46.50520364773793,154.63738336378566],[47.30630205627624,153.970625579469],[47.65189417527915,154.6330286749903],[48.17169224340325,154.6021190392429],[47.64818083773601,154.6030112241977],[47.57255803570982,154.10829039683836],[48.952143435556984,153.08843934964995],[49.70539597123823,150.71625773314872],[49.273344614528845,150.5206758055054],[49.311449114389205,150.09573296616995],[51.53545001997341,149.925071488888],[51.94937058462746,150.1392707721241],[52.00602110632353,150.51263015619182],[51.66610844308042,150.68186633673673],[51.59073476854333,151.34043779302675],[51.88050454687482,151.27357391739935],[51.863218450559614,150.6780674914774],[52.56890959443381,151.03878613870054],[52.27491546611276,151.65495410210045],[51.89830099671956,151.6508866479877],[51.89452105951838,151.8887820810415],[52.222532734067315,151.6768910001897],[52.17167871417557,151.9283526382755],[52.32593459543143,152.20935019311838],[52.69955577428989,152.36916650611366],[52.67918334996448,153.16536868895835],[52.93532584163023,152.96453548660628],[52.745716710286395,152.47919416721967],[53.0899341209465,152.69715861915805],[52.896271551794115,152.44653092736124],[53.19987402161081,152.2657892075687],[52.74113361613342,152.47227183954573],[52.677279568977255,152.2737138396696],[52.25262338473556,151.89781240324095],[52.74369192224332,151.02751597453909],[52.94303190386886,151.21584825799835],[53.17964940009461,150.93221376899575],[52.858540269186946,151.0181116630357],[53.42418391596161,150.66071263338037],[54.23652630190536,150.77502752636315],[54.27132628750796,151.7529584117146],[54.32290979394901,151.46739875182618],[54.62955366132901,151.58693382975375],[55.14020967808345,150.87148203770425],[54.90725499084693,150.77098753308343],[55.288959892757376,150.63323051215704],[55.09161091147665,150.37724542237817],[55.58614377318638,149.55963735442535],[56.99821966144339,149.67733354916373],[56.76064909773223,150.32759823582919],[56.95101632480941,150.61289465672291],[57.061664817601624,149.7238699750048],[57.48588186718454,150.22278973037135],[58.01654103190882,150.03140669040818],[57.49104289759754,149.99592896894015],[57.174658144822594,149.6294621245284],[57.70225333778785,149.23990929509674],[59.29641961220777,149.02988739880803],[59.46159514186121,149.80044808941386],[59.313468056783776,150.26522976034633],[59.55815005176655,150.47810286000453],[59.89783664826399,150.0319962793639],[60.35242600887051,150.7080565930798],[60.886136630719704,150.67938371697568],[60.72738421623948,151.43700469120165],[61.07290533589865,151.77768083593133],[60.84668288268027,152.67854402934356],[60.26181284372196,152.17033676214433],[59.96714670695739,152.75704562211502],[59.292638258858545,153.09469353108415],[58.35084566149305,152.94380888775726],[58.07514624574516,154.31422396120772],[57.69933725546136,154.52316213184784],[57.88435317417439,154.93600050669147],[57.44915396077096,155.02210038557848],[57.71851821481437,155.81003711672176],[59.456659691869575,156.38735772131724],[59.96450801839854,156.40988930918826],[59.64211423476024,157.28388658476626],[60.02574093064713,157.47764666383625],[60.11430758864287,157.89474160534613],[59.73442931024963,158.0948904625039],[60.14088652409366,158.4608007198163],[59.904656742847266,158.3852651418941],[59.69701932254425,158.96862869411802],[59.81996239372145,159.44529774556597],[59.277949147594846,159.658486513218],[59.35285334278565,160.16808486340102],[59.84679133459427,160.49837285382375],[59.24138245978063,161.05630780755965],[59.903375388849234,161.87933378041504],[59.28557709330845,162.32147721068105],[59.42042056010732,162.4984691106675],[58.93070606126389,162.79190677068223],[58.52001108522193,163.94885488449265]]]]}},{"type":"Feature","properties":{"Level":"ADM2","shapeGroup":"FRA","shapeID":"FRA-ADM2-965667B41996728","shapeISO":"FR-30","shapeName":"Gard","shapeType":"ADM2"},"geometry":{"type":"MultiPolygon","coordinates":[[[[146.7820072650182,92.56336913725055],[148.25711429271027,93.11876661953414],[148.0864840621153,93.42697552989256],[148.74974499968965,93.4135893099073],[148.63390530436072,93.76863878225157],[146.54167551460762,94.84619882627644],[145.90411626333875,94.7222996904884],[145.38549654827074,95.05343890808517],[145.18257111318334,96.02597062308324],[144.5700593690044,96.27145162448909],[143.8772502721739,96.28060229170269],[142.8927010644063,96.795182072997],[142.53002762830232,96.94059556051721],[142.2427437200922,96.89268186928501],[141.15670599693473,97.14053640648542],[140.7253754899609,97.36861906310216],[138.93833507343385,97.51873162525784],[139.0816390858613,97.03199131797363],[138.10281985507635,97.19300208159507],[138.0498361826426,97.44642894824091],[137.62753328826403,97.57751199103318],[136.25068288833205,97.35327312791716],[136.08200048901082,97.0131672790418],[133.9459693755195,97.56655246594326],[133.27384185406393,97.5778377008308],[132.67694780426297,97.75277434487327],[131.37692146953015,97.70572657412498],[130.92951808372214,97.80935068755774],[131.20484849665402,97.82973970284903],[130.45394398208094,98.12414643380274],[130.96402199076695,98.1685418381829],[130.389418643032,98.2287224089562],[130.5912805479564,98.26905926318673],[129.8010389464829,98.37498411490944],[128.66474920126768,98.1352956437365],[129.5727199276326,97.83097369705551],[129.50192060314507,97.69723867967747],[130.5092236210344,97.47129030416662],[130.31134196792198,97.36999233011976],[130.64930302206795,97.11884724848034],[131.51871922986226,96.84160957822607],[130.62068567097023,97.05045367522598],[130.88167760766493,96.90366976663111],[130.7044943046854,96.57694583518449],[129.95555292811483,96.74968789071124],[129.79152734669802,96.66476146323348],[128.15083499443634,97.20200792988656],[128.0169589593886,97.0176094872013],[128.31550990232319,96.92626201411653],[128.33385587277905,96.64926503499487],[126.90374001329172,96.70240282461936],[126.3998799479318,96.91911336249909],[126.22745688476418,96.80476849269989],[126.28090624419045,96.39798980992363],[125.9502241300497,96.18694210812417],[126.20077598317131,95.96273543306867],[126.38389217007055,96.13913127964014],[126.5857084257206,95.8815573924419],[126.79601992773652,96.02627636944587],[127.34168245299219,95.69596577531757],[127.27061323398036,95.04125593833203],[126.93174913226474,94.83179253487103],[127.19948646654828,94.30795502626363],[127.95107348893178,94.23121481335704],[128.49923181834282,93.15677221845824],[129.11697483516377,93.78217606091009],[129.87279053200865,92.77533371404274],[130.92247718486502,92.48104333674087],[130.39740687393362,92.93273791983307],[130.74971958562696,93.9139148045775],[130.83420532643152,93.61951113364377],[130.76904496921975,93.91287023106946],[131.28035407769906,93.73724627935759],[130.77442666121613,94.42480861500086],[131.14082067466643,94.60569410596204],[132.0577985829322,94.40501846477376],[132.60962958910554,94.00915709622505],[132.97192085665986,93.96776466024079],[133.41272609005216,93.67922318447069],[133.39536173273768,93.048644820477],[134.11864497126692,92.37514450823707],[135.1910597298159,92.76078847462037],[135.56853176057825,92.04011267390041],[136.41560307952628,91.65218505356225],[136.50325639946013,90.67877803892478],[136.88796385837546,90.90132633877454],[137.78180572099632,89.91510658713175],[138.15191483697387,89.83408599124633],[138.71595954397878,89.07845561342087],[138.96815155385792,89.13724381987531],[139.9486357595228,86.54235046511977],[139.6964903413015,84.1731780180505],[138.8967205935484,84.40244704795109],[139.2925596594944,83.70020165347488],[139.23127443267197,83.27380782119755],[139.69056561606635,82.52840127094213],[139.43082781530893,81.88021387687174],[139.63725560381658,81.24596319281233],[140.73534256785797,80.11808148831508],[140.78934352701586,81.29428063923041],[141.7817106506567,82.19681543005632],[141.54402452884216,82.78621439410499],[141.69597364473628,83.06589835240683],[141.90204099312598,82.42357563176009],[143.44809982326723,84.84050743761475],[142.64630194387394,85.49188067015056],[143.1005592432036,87.9358631475701],[143.89579957070214,88.15801302736239],[145.68839131875004,87.37665675364356],[145.11071025603547,88.60284581051135],[145.5698508903016,90.00882571556293],[145.10762636345277,90.90492352410713],[145.5123425632833,91.28867157415328],[144.99419430435591,91.28391540791708],[144.92456530333664,91.59446054725406],[146.7820072650182,92.56336913725055]]]]}},{"type":"Feature","properties":{"Level":"ADM2","shapeGroup":"FRA","shapeID":"FRA-ADM2-965667B88999757","shapeISO":null,"shapeName":"Métropole de Lyon","shapeType":"ADM2"},"geometry":{"type":"MultiPolygon","coordinates":[[[[143.26524141124466,124.07584618255629],[142.14596831313594,122.79188727334459],[144.98947225711223,124.23726005497022],[143.0665311532485,121.72546221491896],[142.28077017748166,122.3631460538766],[141.71995885837472,119.90614904243212],[140.61690610765098,118.73135466172602],[140.91759260283035,115.84709181883663],[141.50945066742855,113.05057530812768],[142.12392974284384,112.73319813385574],[144.02006171521245,112.27090591162087],[143.37058755356594,110.61056486066886],[144.65835021753838,109.37645080881862],[144.0077638151563,109.23672456233228],[145.49728028273003,108.37582492800672],[143.850835350323,108.12963831148696],[143.01310293296652,108.45574430085694],[143.16768922002046,108.1833938874158],[144.02606682402808,107.7810102473318],[144.193646769113,107.33923394789433],[145.21026674531458,107.21539713610937],[144.54306143823828,107.69759364121288],[146.34837397965606,108.35251303026213],[147.84607695998685,107.89091048437477],[148.85164135980614,108.62030212830922],[151.05133580650119,108.50325349823405],[150.13557190373763,107.93604541252431],[152.16670290258855,108.55565472063365],[153.48589185795169,108.22653149974235],[156.21890587107688,110.28366229233838],[156.5447355786862,110.22087533522964],[158.31585864016168,112.2508984005492],[157.77300061349487,112.43496454966866],[158.1272684809212,112.86786384376391],[158.82872114246655,114.822794302968],[160.13292453938658,115.24960898904496],[160.03810235681567,116.74251135882851],[160.36688412260818,116.49701587701355],[160.16464599620738,120.27174793238953],[157.76046090044446,121.58108804013008],[155.3934038788092,121.6215341507735],[155.2218718466919,123.17062443231063],[154.59645814092613,124.35715638980665],[153.69385774472062,125.41775276639558],[152.17983562937536,125.89862215738557],[148.6980151605532,125.95156724556931],[145.7851559378966,124.60640658091599],[145.80939047242018,125.1208406417411],[143.26524141124466,124.07584618255629]]]]}},{"type":"Feature","properties":{"Level":"ADM2","shapeGroup":"FRA","shapeID":"FRA-ADM2-965667B85814014","shapeISO":"FR-58","shapeName":"Nièvre","shapeType":"ADM2"},"geometry":{"type":"MultiPolygon","coordinates":[[[[129.90992635264243,127.44432310643683],[128.69676696996657,126.87619421151155],[128.82175547948654,126.7150017594671],[128.92631952785925,126.08499622389593],[127.96904788532841,124.93100460431282],[127.93359161425677,124.65929119116345],[128.54527298712424,124.52403975881512],[128.44254535000928,123.81307021154126],[128.0892938467559,123.36943433868672],[128.43374550383848,123.32998962939064],[128.09105634707103,122.90598466868359],[128.1519507057355,122.80579718589357],[127.6764711731461,122.31000603452489],[127.60937345532884,121.9391554346421],[127.02697562978278,121.3267018188838],[127.03851019222704,121.10961464598375],[128.20596895602844,121.16148681203073],[129.112645120177,121.87199654727931],[129.1312638937803,121.70995335161665],[130.1766434701721,122.50961494857378],[130.2628121376107,122.42877890798454],[130.10375882884165,122.14994052322739],[130.96174353785975,122.83623472739988],[131.10907263787726,123.25446028294263],[131.5174762086358,123.57811204772116],[131.4525376401886,123.6908362078882],[131.94458708797822,124.03673705513036],[133.42780396713454,124.84937145497341],[133.35175482671855,124.57243710701904],[136.3246061768497,126.76239161106356],[136.4655965081932,127.19297008984408],[137.29243238051123,127.75834857142128],[136.83122488657526,127.72960341870171],[137.21928519198843,128.3378328393996],[136.6872329306922,127.97440629298106],[137.9728183334201,129.14889293839295],[137.74615854288336,129.15521002099547],[138.153193784778,129.61183135936602],[138.8696831152585,130.03518503673956],[139.84671139202993,130.69204134456234],[140.23967960475179,130.87402304875795],[140.70851478285186,131.29604437801362],[140.35274863623124,131.51285533164278],[139.71545473576677,131.08218394123602],[139.71264080730373,131.42901875024455],[140.087631417899,131.72937058310552],[139.8344843838977,131.60477092214282],[140.56954190320218,132.3725125338813],[140.00621919863914,131.92510411241932],[139.25985856381953,131.49533823662296],[138.84408667886026,131.04686006744507],[138.40632577938663,130.81953243636502],[138.71116472083352,131.23753867415311],[137.59531338945243,130.38350835182433],[138.11153277044647,130.9666230191698],[137.84689485806356,130.88950219259823],[137.10327354136075,130.07221079639885],[136.23334009288828,129.59404098906708],[136.11711370968752,129.72037580511784],[135.2510277127372,129.15231039307318],[135.4733516622106,129.4886442587297],[134.9952852589739,129.27002211619754],[135.0044988751523,129.4197710005772],[134.51063894685666,128.74969652857422],[132.94432445024086,127.48075827305115],[132.59203609743744,127.50528365682976],[131.98266263040273,127.1554550257406],[131.92500132235367,127.32036995051342],[131.47576812941077,127.2371761130403],[131.20629140997357,127.34141624432395],[131.50596714798036,127.55157247887865],[129.90992635264243,127.44432310643683]]]]}},{"type":"Feature","properties":{"Level":"ADM2","shapeGroup":"FRA","shapeID":"FRA-ADM2-965667B16009352","shapeISO":"FR-10","shapeName":"Aube","shapeType":"ADM2"},"geometry":{"type":"MultiPolygon","coordinates":[[[[149.32791719778277,146.6870029098733],[148.50243498357514,145.32981645588524],[147.73516425732396,144.77910770338042],[147.3542891991607,144.25118547082013],[146.1218402915049,143.36849825399736],[144.82151745585298,142.11823258658035],[143.87584586064273,140.7563069515466],[144.14096697587803,140.9037694658114],[143.50881914677058,140.22964425899852],[143.0592334715305,139.67584544940362],[144.21326657670465,140.5495207768958],[144.106585876519,139.86431996715226],[143.69814172845008,139.51958423261163],[143.76541330215156,139.34664105629795],[143.19455018325968,138.93395675985647],[143.33915978153337,138.96781897432203],[142.34143811970853,138.04146147661407],[142.93660634526051,138.54718783814974],[142.83122026865396,138.21948591108583],[144.23444650848174,139.18464775255762],[143.66809174827142,138.70082183305092],[144.07273889028284,138.93939211768992],[143.878519700909,138.4589642082442],[143.5901139415456,138.2322019887863],[143.68575349328353,138.08615462400275],[143.22597893691128,137.69516453985855],[143.9879205312476,138.25089948858758],[143.0431800895196,137.34347301511653],[145.65611878356634,138.9152697233929],[145.48795094019485,138.70034588572906],[146.97046109045442,139.75473449913954],[147.0372319277239,139.64432931776037],[147.71770822030345,140.18097496232588],[147.4252412776799,140.03748623304278],[148.03430264839477,140.4074733247421],[147.84768047269415,140.00633816780984],[148.57098825540814,140.35819249686108],[149.29813179411798,140.99933048956376],[150.23184017322694,141.2705841377786],[152.13368151036872,141.46200765530028],[152.08407837488693,141.7736641010207],[152.4316251988352,142.06093097703146],[153.2237998312945,142.2372957948504],[153.409446727903,142.51249874284733],[153.06720353719987,142.6806927502682],[153.875587201355,143.18414275708932],[154.62355897746173,143.2563381728206],[155.43618042619354,144.08630802971803],[155.32367596382207,144.2095319958037],[155.73173040213496,144.6546130688412],[155.76837709677608,145.18005026769296],[156.02307926338364,145.37118513070794],[155.6390913987263,145.57248511394653],[155.78859664021934,145.79502602878964],[155.45380502933915,145.78041100909707],[155.54373809668368,146.12323395567887],[155.37233461364184,146.50317765509175],[156.03797258115316,147.21811664664335],[155.97935144849524,147.4193714863698],[155.50269129842138,147.32387619072028],[155.1699004588489,147.03484403507457],[155.05150945612178,147.25349561562007],[154.89062808689806,147.1353921375169],[154.35396181454135,147.3438401693367],[154.25465088946038,148.08375964580227],[155.061700728556,149.31745072534443],[155.07633930644744,149.67199345749646],[154.76293064142564,149.75471780434287],[154.58099897248806,149.53100490138814],[154.22662078504732,149.6657131778374],[153.85146549786316,149.35135292850762],[153.65029609988412,149.5533702200751],[153.09245714816637,148.8505668635901],[152.84120871883346,148.82902564346347],[151.92986549804638,147.74430112744886],[151.68251575420092,147.68910142650307],[150.91742346924647,146.85139940210314],[150.10497604608958,145.31300819323232],[149.47364539202613,145.30043249104773],[149.00778417212217,144.94750402872734],[149.36219933918358,145.97185420469123],[149.13946805380976,145.65552553079712],[149.32791719778277,146.6870029098733]]]]}},{"type":"Feature","properties":{"Level":"ADM2","shapeGroup":"FRA","shapeID":"FRA-ADM2-965667B67540361","shapeISO":"FR-11","shapeName":"Aude","shapeType":"ADM2"},"geometry":{"type":"MultiPolygon","coordinates":[[[[116.33538038460816,75.54291214275237],[116.27146958428884,74.71674876160507],[116.04128434747304,74.39983574506091],[116.35401271066037,74.31155828798481],[117.09994401334836,74.62951431187028],[116.99075875588542,74.37648075734867],[117.26585185326019,74.61649304473366],[117.45931713590662,74.62751175728724],[117.21813108523028,74.19628840356869],[116.99205014249125,74.03585393380416],[117.17704853176357,74.06018796089319],[116.92621448542346,73.74005439232431],[117.01945959995236,73.75091883103772],[116.79763901199077,73.45212760290804],[116.91567129428441,73.4615654766349],[116.59121912727329,73.37906223422021],[116.37076203840104,73.16722146323411],[116.66697624251466,73.17307061807307],[116.61305145105399,72.76692299794325],[115.93117932653465,72.53570661850536],[115.79696253229737,72.30729563218189],[116.14196420461337,72.06290806136512],[116.01542293009877,71.98033323583303],[116.2595633935043,71.76878353851254],[117.14858648585859,72.0245499127191],[117.89848426592101,71.40965871908071],[117.84460678945017,71.20394289117407],[117.95167830467497,71.0452308425577],[118.5189073868204,71.38015529904162],[118.59146952444922,71.7185886800399],[118.9099345073206,71.56944607886234],[119.51934490376844,71.84269582398733],[119.14937552942183,72.91418527073014],[119.67547681642463,73.12554549884361],[120.2336616836279,73.05582571065477],[120.86105650239432,73.14683041430776],[123.45277408476707,72.70217778432391],[123.77144290164574,73.3851014114313],[124.44531027539841,73.54727790754436],[126.8799506911664,71.90047792095237],[126.6242351323211,73.02855460980732],[126.3230536926863,73.26110537288892],[126.60434994491682,74.95250856098956],[128.55112561740324,76.96170518430401],[128.01825621133943,77.54386198738068],[127.30420449489506,77.54951178446808],[127.28483823530524,77.73214154299373],[126.89405052470462,77.66715911816605],[126.2333581709398,78.12102730403608],[125.79662284566842,78.09068250151701],[125.75717442590158,78.72496934590453],[125.18597605995117,78.6866870229025],[124.64231076702183,79.15558744665816],[124.73493756199919,79.85589287497582],[124.55328745810485,80.28548940811423],[124.47498286827269,79.16919985616664],[123.87407369378305,79.0878322218181],[123.97371344274717,78.8731980981815],[123.499129915258,78.18309779847945],[122.87051181311857,78.5470602332799],[122.89319783998866,79.35086367368751],[122.60707932906075,78.79083736968857],[122.4382280816489,78.93724392996477],[122.28366536063982,78.68779465276572],[122.25935629368314,79.61198350805776],[122.0550403138549,79.7147116032202],[122.36981650152116,81.41812877804651],[122.24304512118117,81.5540712878576],[121.69452456903556,81.61970315862622],[121.51927123083058,81.02416347588998],[121.20615880902108,81.69814648357897],[121.1051643162667,81.45779658005937],[121.00235066663717,82.04520235325627],[120.64677362177416,79.74921389190317],[120.58314967205334,80.55557073002025],[120.06646202848376,79.81136818696761],[120.0509112485484,80.85758152238259],[120.045367136876,80.54749302290548],[119.71833469231485,79.99005235760163],[119.65123966547911,80.44126946827328],[119.36743246777212,80.19943749068095],[119.1178309718912,79.3927165973024],[118.95233966673172,80.59030548663915],[118.68359048191678,79.71557834565341],[118.49736039304128,79.70988517495373],[118.39300263537767,79.13029819149584],[118.12293187043471,78.99987276301721],[117.86758275351124,77.68698992336687],[116.99687357719843,77.28193909381739],[116.96225739533116,76.67290484816627],[116.61617753790975,76.27650854292047],[116.68195892122054,76.16242533700166],[116.33538038460816,75.54291214275237]]]]}},{"type":"Feature","properties":{"Level":"ADM2","shapeGroup":"FRA","shapeID":"FRA-ADM2-965667B29513569","shapeISO":"FR-39","shapeName":"Jura","shapeType":"ADM2"},"geometry":{"type":"MultiPolygon","coordinates":[[[[153.97285954632986,133.87454181811572],[154.03111875636012,133.3964275727115],[154.61417392800195,133.5381823920024],[154.9240593784042,133.09061787592768],[155.6254019092028,133.2238776239674],[155.76331721178437,133.0144085711982],[156.37540028095393,132.91724978898876],[156.3823715209246,132.67230155904159],[154.95908722724755,132.50240132789838],[154.87622478376284,132.2618433510704],[155.61292324916445,132.11022895949824],[155.34680358499332,131.74883461442994],[155.7649414396389,131.76996927324774],[155.87372073743614,131.45012064806104],[156.2639049705266,131.31313469235576],[156.13662296225976,131.26941068077275],[156.44160448117998,131.17142494466066],[156.0549848849773,130.98596668013766],[156.21618113529777,130.805994637636],[155.66964289854093,130.77431719909222],[155.66938460915443,130.43958185049374],[156.524954154383,130.27714861190753],[156.59904986702358,130.0725777523085],[155.32802572723625,130.091365983372],[155.20249058316213,129.9862607033329],[155.53455255017658,129.81722172887925],[155.20885462545755,129.72616998089478],[156.52853516832008,129.36290164614715],[156.39854219466366,129.28869406223652],[157.28408975354495,128.63068762783726],[157.24904939003926,128.9618350555468],[157.58931513707634,128.6005177862599],[157.9336499004609,128.49852838687445],[158.04934932364995,128.01041719755605],[158.87022592150316,127.71278145314658],[159.29031420712573,128.25559522927017],[159.4127460118636,127.9987049627905],[160.06562652355308,127.62935468098303],[160.56809039708173,127.01113262566867],[161.67094645366126,126.66299827577862],[161.95239064690355,126.91030633664786],[161.91876664132658,127.18157237959419],[162.08674339985535,127.09434585954007],[162.1208031267894,127.5629233506799],[162.59996707239608,127.9693771100675],[162.7075954262428,128.2208413340908],[162.48788848912108,128.53696239046087],[163.0211008667735,129.36254643144457],[162.7822441593473,129.53372075641562],[161.72227402004359,130.28679706883344],[162.13841678082503,130.7072077167785],[161.64683357848227,131.2500978615045],[162.8744709198938,131.99576510942984],[162.2697190673813,132.60004557001255],[161.4479528705589,132.86275009532295],[161.28453174403484,132.64926532698604],[161.02764707367686,132.72046969019604],[161.10127034548998,132.97205284816692],[160.86271769537515,132.92120599354527],[160.8787893394746,133.19182932792012],[160.60965043372946,133.28723633844672],[160.74690772648154,133.66531133096692],[160.3402108235539,133.75781184524425],[160.51904150396103,134.15587313257362],[160.20667656281978,134.13273899822548],[160.25743249077283,134.28030217960497],[159.95136540829853,134.05936120386056],[159.94046057685892,134.52882741828367],[159.88034588496637,134.3094857965647],[159.0597565049881,134.32327767417868],[159.06794893096114,134.67186709692436],[158.65814456668377,134.2817977084519],[158.44251106311424,134.66289264600928],[158.81226268317914,134.71443118902505],[158.68572488865465,135.14527850492084],[159.09721280382018,135.99533587375902],[158.98120890074966,136.33389943866592],[158.79543286378936,136.26662970575592],[158.80872718123697,136.5136756679546],[158.4658593103819,136.56353098152007],[158.2172190682361,137.31174076490692],[157.3489157633019,136.83250298009594],[156.99116276530927,137.24578738030345],[156.7665378000491,137.0066232910469],[156.6287450612058,136.27217278211737],[156.31795082339568,136.06607456064933],[156.43630492855382,135.9128589111453],[155.64321760183682,134.89653203259985],[154.67800155559928,134.6545550367958],[154.28379736227393,134.3069868865657],[154.76957979312232,134.22756086041602],[153.97285954632986,133.87454181811572]]],[[[156.18070569966315,132.8504934067095],[156.1918006314144,132.82479759604718],[156.26881400488259,132.84914723069744],[156.18070569966315,132.8504934067095]]],[[[156.2935507704861,132.89297020352217],[156.32801263715322,132.87903139564432],[156.34656819023076,132.91251117420322],[156.2935507704861,132.89297020352217]]]]}},{"type":"Feature","properties":{"Level":"ADM2","shapeGroup":"FRA","shapeID":"FRA-ADM2-965667B94346982","shapeISO":"FR-44","shapeName":"Loire-Atlantique","shapeType":"ADM2"},"geometry":{"type":"MultiPolygon","coordinates":[[[[69.52764255152799,142.84315424813897],[69.53230594857823,142.37082718707],[69.85288865236693,142.13862282035362],[69.50065025304718,142.09401865604977],[69.43832267341679,142.3574082525241],[68.56748300746384,141.47236453143813],[68.8806101949535,141.2200569361736],[69.29991395028148,140.2169174148547],[69.29226073164773,139.6953594754072],[69.74759749251157,139.81656102277796],[69.42418304113036,139.69976985405884],[69.83194020856635,139.4304793310095],[69.51847479894876,139.33531573078184],[69.1139603629165,139.91605519067775],[68.89791420946972,139.578904286975],[70.80788437797045,138.28729182943476],[70.65585949163267,138.72322788469037],[71.01805037095367,138.75733573301423],[72.56814317294811,137.2295595205673],[73.90298564936242,138.02897769835243],[73.81857014751978,138.37748448902312],[74.24041033271152,137.5980790488078],[74.15142268331253,136.80999484192336],[74.61389659215251,136.02897746008597],[74.45788075021025,135.34666171046683],[73.97274260898874,135.51901700587217],[73.66481197703602,135.207878816029],[76.38198179450619,133.7979916953319],[77.46248422044847,132.47807413395168],[78.5102833400824,131.5457309148262],[78.57105632229388,131.21546208088787],[79.4025198043013,130.52749524723203],[79.95824512959183,130.36182240241334],[79.9803850008467,129.98268869345645],[81.33848547533479,129.56394941015367],[81.82797843661739,128.60710850098556],[82.35152110952646,128.5851604503591],[82.72551082545178,128.18915065719398],[84.51988368011463,127.33365978122981],[84.49789703295687,127.59204152245542],[85.14182884060574,127.45381483181217],[84.32255729919771,128.55482157771837],[84.68764648403618,128.49716408550523],[83.88067871091121,130.32984447439526],[84.71679137008176,130.50449113506164],[85.36416522094713,129.34328531294906],[85.15702681984709,129.35416592640433],[85.62520025041782,128.05888495587624],[86.9149728109137,128.1581231697229],[86.66280848448812,129.79123339810744],[87.60536842465748,129.4353450474527],[88.0279991167952,130.10903584990294],[89.11721946338037,128.97429314309292],[89.75261171733911,128.68344064552264],[90.1232993095851,128.79221894773403],[90.10591114724457,129.12225766886718],[89.42354089762512,129.75383798834707],[88.29779470435842,130.26685593656458],[88.61475359070131,130.53844982251945],[88.3548314401176,130.97253320959535],[89.21141778888484,131.15387081589427],[89.3331687839611,131.56198751104085],[88.945913893907,132.7190894566209],[88.54931022536358,133.103141809865],[88.27111667292625,132.9435746628555],[87.44008965560644,133.9652617784114],[87.13121778054804,134.74460029720112],[86.2387688002029,135.03564471588646],[86.99300875649726,135.45715370582374],[88.95478015352808,135.37627004070063],[90.81247054926979,134.4841208052939],[91.60976649227109,134.5845761827805],[91.24435398430953,137.22028015379985],[90.72096287066297,137.4108180127985],[90.39147263579493,137.96880041422196],[88.95345923379583,138.74922871227488],[88.76664562911941,139.2901129491129],[89.0032957311378,139.45580466028284],[88.64070678712494,139.79066714105218],[88.6980037522406,140.35035132451355],[90.32605835479582,139.35998403893043],[90.70619057244929,139.7916598812037],[89.1276694843917,141.2647388197523],[88.83328863246427,142.45600435338378],[88.55622183608949,142.65887731054585],[88.35083772317248,144.1576055289693],[87.39258396968944,144.62986454259624],[87.69187104842239,144.99235730083655],[87.45488834427813,145.3924385169537],[85.42150950731728,146.32959315169794],[84.89377838979169,146.97093486942407],[83.10042941163545,147.5701609723832],[83.48557477825479,147.04507391612077],[80.72341031339452,147.14515055115493],[80.16811550881718,146.28061843794157],[79.39303610675904,146.29304669159868],[77.72183145302463,146.77142929010898],[75.7346338974058,146.34299390649483],[75.63986607848776,146.72832296682577],[75.11736234341829,146.27894362870921],[74.7303915435179,146.3907359115855],[74.58762465378669,146.05122960319247],[74.13172524043097,146.10033948582],[73.951562872997,145.78974571728912],[74.1168894953815,145.23859361749754],[73.87034718764534,145.10546515199903],[74.03489656148572,143.79481118355395],[73.20127670423996,143.71858497895977],[73.16926745391224,142.94470125101375],[72.71051761673445,143.31857313384174],[72.79732432415418,143.5845525907927],[71.95813387103024,143.3492574341754],[71.76110984850334,143.72939667011764],[71.18079011657453,143.974521067002],[71.1504580938073,142.90931351591166],[69.9208985336617,143.05666165372926],[69.86196736648826,143.37256466296608],[69.52764255152799,142.84315424813897]]]]}},{"type":"Feature","properties":{"Level":"ADM2","shapeGroup":"FRA","shapeID":"FRA-ADM2-965667B79915894","shapeISO":"FR-45","shapeName":"Loiret","shapeType":"ADM2"},"geometry":{"type":"MultiPolygon","coordinates":[[[[129.90992635264243,127.44432310643683],[129.73565539669173,127.59990859020388],[130.27596619999383,127.88320531243275],[130.08000314441927,128.0226707346146],[130.2578928017893,128.11069088213586],[129.92376615575463,128.23377151551387],[130.04245568506343,128.34486066649495],[129.78395394599377,128.26738146256693],[130.04059432628534,128.58363406669662],[132.02070522734874,128.97121001866034],[132.61796153986973,129.81093542414888],[132.35262291919753,129.79714572605442],[134.49004936265885,131.64196444679794],[134.83471441283206,132.14583412211329],[134.69826610500016,132.16868615044925],[135.06611199482577,132.44936600989],[134.7504077681502,132.65969017267167],[135.07361523117396,133.22224427708855],[134.86524344658474,133.11321609326603],[135.2051629697822,133.44199796267372],[134.4095598393219,133.69288021605655],[132.12534651386926,133.0476271948869],[132.56009934913186,133.61092492567326],[131.62737767659277,133.48111118680657],[131.68425146287677,133.19024989697172],[130.35892668425683,132.69153676722988],[130.16930098371222,132.88656852805693],[128.48482507047675,132.42208531083668],[128.03482355602546,132.1658988346545],[126.48878042445901,131.7983910938578],[127.57688667946287,132.52279979836172],[127.99421578828355,132.49105871531944],[128.66514184365678,133.65732152500357],[126.75197039295675,133.80838553784176],[126.579910715321,134.80650411362333],[125.35325078237754,134.42290893296556],[124.68439529397145,134.85329009601327],[123.74087488041751,134.24445229221973],[123.01310315056853,134.3565999872869],[122.44258397564252,133.96548560416613],[122.48327354847044,134.73263218870312],[121.47303303541129,134.99438567833684],[120.88789420207118,134.23874387719425],[120.19573425114595,134.35057695793574],[120.53808999069163,133.9260912543411],[119.34289963160347,133.90482660178316],[119.35661737155111,134.14704029722304],[117.47663696974394,133.7366696956544],[117.2606719917029,133.22007559833787],[117.72145926077377,132.22605617990033],[117.46444641815677,132.47008189151796],[117.82535829333123,131.91123112081902],[117.17312386791114,132.0636665470696],[117.11436316445872,131.7047208445282],[117.27515360756459,131.64151206301543],[116.98794362949631,131.0767353409015],[116.28644542099907,131.42057245263746],[115.8069934284355,131.34311088947547],[115.20056235164142,131.77747564080187],[115.08431124650173,131.66724603977724],[114.96259205184785,131.85414062430075],[114.5745155505112,131.9822782538258],[114.4946682875792,131.57734496803772],[113.90416095569527,132.06760330404822],[114.04431094790651,131.81620516417019],[113.70242411337864,132.14552091156438],[114.04758958205159,131.45881092111446],[114.41849564102377,131.13734630618674],[114.32872080178947,130.72814557618725],[115.22568998812436,129.32782742006773],[114.9296418207387,128.9573434460237],[115.44457909782463,128.12443479922976],[115.34733114006345,127.94101232562443],[115.8754279833476,127.56296256107925],[115.77233306860168,127.51266397606233],[116.05954283788742,127.61491409211874],[116.89610768357204,127.17679893467239],[117.7382776607891,125.91663582126075],[118.07721882482089,125.87897313361351],[118.14978135035446,126.2134052325219],[118.17228923612578,126.0383265876889],[118.73591174677333,125.72043549240658],[118.78280718975807,125.49793918334319],[120.05201724596861,125.86017616401439],[120.47458880207508,125.81197824778596],[121.6683938211087,126.05446970265197],[121.64475041511665,125.88940589195595],[121.80236266842753,125.99999352840295],[121.88817592966306,125.60687498982492],[122.40932615583758,125.84218997911425],[123.14793959541447,125.68832268545054],[123.95493147316766,126.15148120267406],[124.51858465670281,125.92854489604787],[125.64308252885503,126.2638824836261],[126.27500815731538,126.16001492151707],[126.12769696954578,125.98549873691161],[126.58042451317093,126.01107254079854],[126.5069384502347,125.74543277151146],[127.26955044033197,125.98831484566777],[127.6039082220222,126.46339595909774],[128.02237571972677,126.21462553355047],[128.82175547948654,126.7150017594671],[128.69676696996657,126.87619421151155],[129.90992635264243,127.44432310643683]]]]}},{"type":"Feature","properties":{"Level":"ADM2","shapeGroup":"FRA","shapeID":"FRA-ADM2-965667B80657854","shapeISO":"FR-46","shapeName":"Lot","shapeType":"ADM2"},"geometry":{"type":"MultiPolygon","coordinates":[[[[111.98659584779249,98.06181823627178],[111.47263799739471,97.54376306311114],[111.21854108992653,97.51344434777187],[111.4890767644115,97.25808890601076],[111.55668984551698,96.76669280266356],[111.7631395899935,96.82677846994568],[111.75041415018214,96.36358928170105],[112.40255291621685,96.7286762097157],[112.30425817066924,96.48985639657938],[111.9234471058683,96.35781246596724],[111.79488553986562,96.144890803631],[112.02233745714686,96.08435673574502],[111.90339420004463,95.93487506613442],[112.42956508872406,95.95800608788407],[112.5291522569404,95.60457073295434],[112.64292983527648,95.75159830157878],[112.77811570237024,95.65530565343988],[113.00182877494973,95.87297949924924],[113.60317993254685,96.02154337715243],[113.0407096256277,95.39998505927139],[113.61191903543023,95.40192084323428],[113.81895322681639,95.15694551885815],[114.78009748140701,95.72231989070278],[114.93259610924342,96.05698105044223],[115.30570881678884,95.81977945322814],[115.38265824402815,95.50687780918594],[115.72316134818689,95.73938175091838],[115.55806572286298,96.02519627674992],[115.68484334200348,96.07851160292785],[115.63442648225274,96.25086251927019],[115.95792639284986,96.2305247370962],[116.07159590781706,95.9557893953997],[116.20469209150133,96.15321883256011],[116.07964153107824,96.259265741253],[116.2630055584371,96.12327590324527],[116.81623563079918,96.60132898087689],[117.1055438570881,96.48924291665827],[117.29237390062568,96.71843649338946],[117.43152938862815,96.60305715410209],[117.81598979657605,96.78488541244161],[118.01877403723819,96.88697936727806],[117.73183814190978,97.32656816041295],[117.78925953151986,97.55155156902637],[117.63571176751049,97.64072202041356],[117.60690553047914,97.9921729433525],[117.90762106714489,98.03772537757959],[117.941080366385,98.19276584426451],[118.07887709489805,98.03008528774477],[118.07584864937667,98.17060089747456],[118.91729590379249,98.64225285114661],[118.91761299830839,98.51800304517532],[119.05391414699054,98.65539911903616],[119.47210331342262,98.49830824552991],[119.61163344915951,98.64444551576204],[119.70862208255544,98.57415192196004],[119.7779736623812,98.78270090041372],[119.51186197394577,99.1556055556718],[119.61228962248538,99.22383845779184],[119.3727460186975,99.38154522664536],[119.50199922924905,100.19374769147363],[118.95268291148913,100.75207146135854],[119.09604888793862,100.91394017217883],[118.79978654526812,101.4030230909924],[118.35296445143578,101.42547641527216],[118.05936096128032,101.28628858489131],[118.04152869912646,101.42752725153352],[117.8537537900936,101.47992601749482],[117.23270519367185,101.13589686531249],[117.13076637504909,101.26415531225612],[117.07742391005064,101.17282199773138],[116.12916791497722,102.01583607630009],[115.6313829327662,102.04793803724213],[115.60800850321853,102.15478188969126],[115.00617004230561,101.97682534886918],[114.72665102974278,101.86737402030982],[114.93472321050032,101.1888417615833],[114.70623571803236,101.12383542581202],[114.9046136143346,100.877430780856],[114.6998307913334,100.847794423399],[114.62707459019214,100.66651074127645],[114.33369129494443,100.58260197062526],[114.34635567510247,100.36620735382242],[113.8351199298564,100.16067559428906],[114.03477511611743,99.98758461612233],[113.76846339037317,99.57186443605625],[113.65073117859272,99.62491360552505],[113.41314255432414,99.35437099857974],[112.61115400599863,98.99394839780567],[112.66061818690763,98.76669036808138],[112.14549692838612,98.21604439788963],[112.21685325659638,98.09271103070111],[111.98659584779249,98.06181823627178]]]]}},{"type":"Feature","properties":{"Level":"ADM2","shapeGroup":"FRA","shapeID":"FRA-ADM2-965667B30108006","shapeISO":"FR-48","shapeName":"Lozère","shapeType":"ADM2"},"geometry":{"type":"MultiPolygon","coordinates":[[[[129.8010389464829,98.37498411490944],[129.30913748473947,98.76623856636174],[128.88489478584006,98.8859664857191],[128.95926107162495,98.9895591414573],[128.74959727506027,99.08235845095723],[128.88879223473973,99.1546308506147],[128.7159948054163,99.18409637074458],[128.88767039900227,99.26314135946782],[128.79876916756965,99.29779966809303],[128.58054589502802,99.32679361756206],[128.65970158530175,99.4162098793382],[128.4702411850604,99.36403169884484],[128.1405104295166,99.63853738604243],[127.63469339793203,99.61166397922813],[127.63817321350277,99.79758607207086],[127.29013838699794,99.82841498301919],[127.18230719445876,99.64038590635698],[126.54616771988788,99.62589305252018],[126.39454881145184,99.72822260224348],[126.20458899294164,100.42048728797447],[125.98385768370471,100.51075902880218],[125.46388451190367,100.2996643200397],[125.22814721847796,100.38419579817578],[125.2257245629784,100.1153803427903],[125.02525050389214,100.01023770579403],[124.7376460615977,100.27134803044447],[124.64504399745287,100.17937594837511],[124.68986362052344,99.87757763973696],[124.57468768582656,99.91056077687492],[124.5188876705311,99.27111286899024],[124.42439136401836,99.27219676715505],[124.31139211089126,98.93487173422669],[124.74533843625747,98.57144170517877],[124.70410094451408,98.3199292675011],[125.0088716726572,98.15115395287722],[125.05770457174637,97.85963520803449],[124.97090507749618,97.80664797166848],[125.18625099168077,97.55661154702895],[125.12546032286244,97.17688184926504],[125.208257213893,97.26386308509748],[125.33508317567993,97.11616686892776],[125.62594422939867,97.09918626391327],[125.55113256966952,96.85342295908687],[126.19248726297423,97.06566353942051],[126.3998799479318,96.91911336249909],[126.90374001329172,96.70240282461936],[128.33385587277905,96.64926503499487],[128.31550990232319,96.92626201411653],[128.0169589593886,97.0176094872013],[128.15083499443634,97.20200792988656],[129.79152734669802,96.66476146323348],[129.95555292811483,96.74968789071124],[130.7044943046854,96.57694583518449],[130.88167760766493,96.90366976663111],[130.62068567097023,97.05045367522598],[131.51871922986226,96.84160957822607],[130.64930302206795,97.11884724848034],[130.31134196792198,97.36999233011976],[130.5092236210344,97.47129030416662],[129.50192060314507,97.69723867967747],[129.5727199276326,97.83097369705551],[128.66474920126768,98.1352956437365],[129.8010389464829,98.37498411490944]]]]}},{"type":"Feature","properties":{"Level":"ADM2","shapeGroup":"FRA","shapeID":"FRA-ADM2-965667B21514105","shapeISO":"FR-05","shapeName":"Hautes-Alpes","shapeType":"ADM2"},"geometry":{"type":"MultiPolygon","coordinates":[[[[164.9760026329286,97.43020289555528],[165.4839130067426,97.32898623430798],[165.00944596453672,97.1937953012721],[164.3854991446454,97.29199078041941],[164.21884187480813,97.21997243941607],[162.5426815665208,97.48801241308227],[162.79471903403976,97.28369237407485],[162.23642588538578,97.08895160171232],[163.5625320631388,96.74042491785377],[162.9750778452249,96.81737344212016],[162.6832318420557,96.71022721992473],[159.6125924691221,97.16055470574386],[160.04956857680736,96.92771221682963],[160.7879901390154,96.8260526569708],[159.21704231527227,96.89015957996163],[160.02402078355274,96.6573406664709],[159.74317950867356,96.66717047197797],[161.36460417109942,96.3353845507124],[161.80156667273062,96.36147814268232],[163.75056005273848,96.0645416033359],[163.58804084245943,95.97025123397194],[164.53701856393482,95.81825343226937],[164.90829838285595,95.49672689635688],[166.45495881433263,95.49332899018827],[165.82107471898206,95.67234270123961],[165.75027255888654,95.79162575746432],[166.42020591819926,95.62421436297646],[166.29004008336122,95.83082181394971],[166.0972758256613,95.85936183615723],[166.4345528018313,96.11982435989736],[167.10756578932262,96.31547268186952],[167.18111373131453,96.47273032513199],[167.50941922994977,96.45133003643416],[167.46991293083735,96.32722894265999],[167.6807962621095,96.14822553614654],[167.94981088048067,96.32482248871246],[167.92094552255898,96.53543082235427],[168.40556607559864,96.65702378116208],[168.66011330607472,96.99951222065113],[168.75887894253975,96.81904801494528],[169.67926045111034,97.14687943937116],[170.01045421808897,97.71644755762418],[172.54491037115216,99.83687026523891],[173.2193237121085,100.32344599940409],[174.20511691623517,100.63460827125759],[174.08069236402213,100.80475573504935],[173.65837542633207,100.72666557157633],[173.49708053802732,100.96596164722706],[173.9099086745606,101.50044886079353],[173.23039100331494,101.44982599917448],[172.8383045015737,101.07240555511257],[171.71508466767295,100.96567075557644],[172.1114402156038,101.6701051799299],[172.03798614021767,101.88107004089923],[172.27597071237327,102.204288390692],[171.7810970207285,102.10159697332348],[171.9390815992803,103.2530444191193],[171.67648852159397,103.46727598395424],[171.35474739186034,103.15448141919984],[171.2882654159674,103.30170228699586],[171.09010953704288,103.12083964024762],[171.0113323187937,102.5927230518009],[170.4528402125576,102.80070651030746],[170.54060416072497,102.99313751933718],[170.4553200582351,103.54833208994836],[170.23066805074285,103.30991534451928],[170.1287848804609,103.54832000425614],[169.94959079127366,103.2188491909715],[169.93499250700768,102.64769422274006],[169.56172764414876,101.56030867012313],[169.72645023431187,101.43490882488358],[170.0482301511756,101.71803600878809],[169.8643112096915,100.90038209248581],[169.96519465955413,100.79260741350193],[169.48698832445513,99.19311692417475],[169.466006610432,99.49485540490278],[169.1457119903035,99.05388646542555],[168.4725586136766,98.96375140425297],[167.84113466552935,98.15421326659188],[167.74590032649343,98.3736887298411],[166.77526778099542,97.92350594430516],[167.19299787067186,97.84132960151474],[166.07921754293818,97.56412357686693],[165.1768643597829,97.66634691274582],[164.9760026329286,97.43020289555528]]]]}},{"type":"Feature","properties":{"Level":"ADM2","shapeGroup":"FRA","shapeID":"FRA-ADM2-965667B52701455","shapeISO":"FR-70","shapeName":"Haute-Saône","shapeType":"ADM2"},"geometry":{"type":"MultiPolygon","coordinates":[[[[158.2172190682361,137.31174076490692],[158.52324736147202,137.38815518793234],[159.60681622027755,138.4390142498827],[159.67288740852763,138.35908429647571],[159.78905116622457,138.63762439220523],[160.00032111442064,138.65051225545827],[159.99639627977388,138.81884518575396],[160.43075198412626,138.74248983281402],[161.29690318844175,139.27080438420342],[161.29265445590283,139.56278154651181],[161.55424696761224,139.6167505479452],[161.40695002434717,139.7455905959257],[161.47257630553253,140.00280840534697],[161.93923539196197,140.3427706325728],[161.77879466378653,140.38647391903822],[161.95535807097093,140.74121611416442],[162.3117641276457,140.572481158157],[162.19192643380444,140.79814982247188],[162.43447410578568,140.7595657569724],[162.4494826530724,141.04340854370568],[162.69112467224687,141.0883377969131],[162.65787018140747,141.61625089263893],[162.86122356646547,141.58500135021887],[162.8946784438558,141.8252731850278],[163.43940529558193,141.90299246253218],[163.5318731407241,142.1131037242171],[164.05349602392388,142.0849685316884],[164.27714561117156,141.83372582414574],[164.38779648931745,142.12959443403133],[164.61934644904386,142.00444971580907],[165.1475470056194,142.08173626177197],[164.90724107071668,142.61030472262402],[165.689535381738,142.74581720290305],[165.87909901734963,143.12310266748455],[165.58912951289994,143.32265459154917],[166.57270173639535,143.28458146727388],[167.36628502395996,142.8761070356942],[167.76242635087343,143.38644615348386],[167.95341633678916,143.58510910344586],[167.30105501084242,144.06940745318207],[166.9041832961131,144.1779467254969],[167.13067631220989,144.49273136336365],[166.03105492958895,145.39391900412005],[166.75067001807395,146.4389482049141],[166.2778107783211,146.497844455434],[164.35471031968177,146.02763845073378],[163.94354072170592,146.15208765782694],[163.70880737918912,145.95900935015618],[163.5848184621384,145.6557793938304],[163.1914651399263,145.3494057337219],[162.8775634565773,145.65586426893805],[162.4490019181151,145.62826783980003],[161.54527484830723,144.9643915509214],[161.57306872922112,145.08799512641403],[161.32245042044315,145.1142011946977],[161.29191294446173,145.5088639915146],[160.7236742798313,144.8983677765371],[160.61261142551524,144.60875024521695],[160.22376298586963,144.27565501783488],[160.3697866659557,144.64525685359027],[159.95952322277176,144.07738279835527],[159.88939974411306,143.86176773727414],[159.73499306054367,143.82625061377985],[159.50648256130734,143.33039791679184],[159.16253075629172,143.20955531443929],[158.98829566996028,142.7901525703289],[158.77399301529698,142.71388339501186],[158.5698192613598,142.1874122450428],[158.70747422714933,142.24131181729726],[158.63433707323148,141.53889230804432],[158.0991333668741,141.12434270768023],[157.92435814663062,141.3598183386554],[157.58485750912996,140.9671090810067],[157.3227775180866,140.9630405588366],[156.9064125520116,140.69799176519106],[156.63349950291177,140.00446105796257],[156.7300906552842,139.94574001352387],[156.94075906949013,140.37778813063954],[157.17724217106382,140.28584756183585],[157.1045922209534,139.4837963325144],[156.8568628708303,139.06561382862702],[156.6123443387007,138.97428226153468],[156.52180302605916,138.7492997417544],[156.62420774974987,138.77242602464526],[156.39573833909424,138.53789183649292],[156.44049024224154,138.4215062030397],[156.59711128394576,138.60990899559226],[156.7536173760531,138.5361760791492],[156.63669206649843,137.95437538068717],[156.96361713187022,138.09519505983025],[156.71930759244867,137.25185854095741],[156.99116276530927,137.24578738030345],[157.3489157633019,136.83250298009594],[158.2172190682361,137.31174076490692]]]]}},{"type":"Feature","properties":{"Level":"ADM2","shapeGroup":"FRA","shapeID":"FRA-ADM2-965667B77958476","shapeISO":"FR-74","shapeName":"Haute-Savoie","shapeType":"ADM2"},"geometry":{"type":"MultiPolygon","coordinates":[[[[163.42635958700208,123.77432512724994],[163.09881230189941,123.89744059947441],[163.02759685127697,123.41271099610982],[163.2380360263383,122.85010699874411],[162.60843388169675,123.65903374741862],[163.46261724222592,120.18049736975817],[164.2461875450051,118.5161276440702],[164.70867397735492,118.18568283079948],[165.99713026939406,115.0779054340606],[166.31662555496405,114.77119344306266],[166.5889223895457,114.12164162387938],[166.8920690828953,114.23204725911354],[166.99576906752642,113.77805731190702],[167.16237505454166,113.74102772468692],[167.4281807035504,112.81159845148545],[167.87703922912843,112.53826019677489],[167.92357824839033,112.71821200186193],[168.43487477615452,112.32071045952162],[168.28512869545284,112.83253159140993],[168.55013424208866,112.55910546708186],[168.59182770803022,112.72519107421338],[169.22511674103086,112.19606644903327],[169.43102136229066,111.58306237071794],[169.50012768038582,111.80695477526491],[169.75498069930057,111.3853062549169],[170.52448537891064,111.45913354589251],[170.55513448633243,112.56957391492666],[170.863189078238,113.32544442803547],[171.06645727643243,115.46685403566754],[171.47491988142923,116.10100715392024],[172.19515370066563,115.2004828846172],[172.09697238696774,114.83321633240365],[171.75481556293192,114.83206279398765],[172.46326679653072,113.00269562597882],[173.00293393417022,113.20084481370967],[173.51843094392996,111.98646455862803],[173.44817634277325,111.7140373129919],[173.63614987945962,111.62999358276093],[173.97821459742568,112.33381423873395],[174.45166669362075,112.59219381050602],[174.7998063962143,114.00291693131757],[175.3472826462969,113.77498988626667],[175.55502131966347,114.39786039820046],[176.2641801068158,114.40846352920079],[176.9502482140951,115.04634382836984],[177.46015167511672,116.28640889956895],[177.75356141688667,116.46879885884353],[177.74406119506605,117.22748048226256],[177.43485971293882,117.50912104395505],[177.62233005583516,117.76027660598854],[176.71727836811903,119.6622663277692],[176.10284613137398,119.11990355523999],[175.8767847173332,119.34733775009776],[176.1730829491461,121.08319833030939],[174.750647481562,121.48659308200423],[174.7548064815916,123.09112228226707],[175.39343703972867,124.15911642226612],[175.31461240712304,124.75736203935622],[173.87242476886146,125.67999123072661],[173.49717722764308,126.21798360215219],[173.82799288334402,126.7104878876393],[172.32865093702878,127.16374556651475],[169.59268636406313,127.35936039746005],[169.02084663812323,127.6048118622358],[167.43620193735873,126.81029705793416],[166.30345284547707,127.43564967799117],[165.7214767007304,127.16604321551534],[165.54437375663113,126.16093093151935],[166.18129244194284,125.35467443197945],[166.42789258117705,125.68068586279975],[166.70423282151654,125.44807808158302],[166.76526074329956,124.75897091500691],[165.61860623430385,124.09190071848249],[165.28732582093915,123.2753656688232],[164.24466845224273,123.87804342196526],[164.23549640169838,123.49031235561156],[163.58833000350683,123.93742282906058],[163.42635958700208,123.77432512724994]]]]}},{"type":"Feature","properties":{"Level":"ADM2","shapeGroup":"FRA","shapeID":"FRA-ADM2-965667B36322887","shapeISO":"FR-34","shapeName":"Hérault","shapeType":"ADM2"},"geometry":{"type":"MultiPolygon","coordinates":[[[[127.19948646654828,94.30795502626363],[127.16065862971857,93.96383487210088],[126.41749539324402,94.01194533231043],[126.25480965285722,93.18869849836733],[126.53967000398671,92.57199604787995],[126.25237591320251,92.18761946402824],[125.02547401536688,92.5827504599117],[124.99505912095832,91.87058852311118],[125.31250408787496,91.22445541387677],[125.21612532685327,90.92160132275659],[125.63174759283832,89.54139058758743],[124.79161179162277,90.01132171726108],[124.47922573506546,89.70603438854936],[124.27100992541953,88.75031030485829],[123.63459801273076,88.28147192788435],[123.27127457420784,87.41669024275184],[123.05228394268894,88.25689605043839],[122.6527757536864,88.58921692521125],[122.50655079870573,86.7986072508865],[122.60590454647311,86.3720726765713],[122.52758179658,85.824074758756],[122.84471640179038,84.34542768684392],[122.75125170076663,84.41927934880985],[122.8139167018904,82.71796875437965],[122.24304512118117,81.5540712878576],[122.36981650152116,81.41812877804651],[122.0550403138549,79.7147116032202],[122.25935629368314,79.61198350805776],[122.28366536063982,78.68779465276572],[122.4382280816489,78.93724392996477],[122.60707932906075,78.79083736968857],[122.89319783998866,79.35086367368751],[122.87051181311857,78.5470602332799],[123.499129915258,78.18309779847945],[123.97371344274717,78.8731980981815],[123.87407369378305,79.0878322218181],[124.47498286827269,79.16919985616664],[124.55328745810485,80.28548940811423],[124.73493756199919,79.85589287497582],[124.64231076702183,79.15558744665816],[125.18597605995117,78.6866870229025],[125.75717442590158,78.72496934590453],[125.79662284566842,78.09068250151701],[126.2333581709398,78.12102730403608],[126.89405052470462,77.66715911816605],[127.28483823530524,77.73214154299373],[127.30420449489506,77.54951178446808],[128.01825621133943,77.54386198738068],[128.55112561740324,76.96170518430401],[130.70929362616704,77.78750169143613],[132.32737054234644,77.34594623673779],[133.2685250303577,78.00849987285167],[134.32597493961265,79.12451668794738],[134.94600916691857,79.18398356824402],[134.84465701784598,79.61020697176349],[135.03262711701882,79.25144690643931],[136.61758758224556,81.44928959316437],[138.2802364272179,83.35499143671699],[139.23127443267197,83.27380782119755],[139.2925596594944,83.70020165347488],[138.8967205935484,84.40244704795109],[139.6964903413015,84.1731780180505],[139.9486357595228,86.54235046511977],[138.96815155385792,89.13724381987531],[138.71595954397878,89.07845561342087],[138.15191483697387,89.83408599124633],[137.78180572099632,89.91510658713175],[136.88796385837546,90.90132633877454],[136.50325639946013,90.67877803892478],[136.41560307952628,91.65218505356225],[135.56853176057825,92.04011267390041],[135.1910597298159,92.76078847462037],[134.11864497126692,92.37514450823707],[133.39536173273768,93.048644820477],[133.41272609005216,93.67922318447069],[132.97192085665986,93.96776466024079],[132.60962958910554,94.00915709622505],[132.0577985829322,94.40501846477376],[131.14082067466643,94.60569410596204],[130.77442666121613,94.42480861500086],[131.28035407769906,93.73724627935759],[130.76904496921975,93.91287023106946],[130.83420532643152,93.61951113364377],[130.74971958562696,93.9139148045775],[130.39740687393362,92.93273791983307],[130.92247718486502,92.48104333674087],[129.87279053200865,92.77533371404274],[129.11697483516377,93.78217606091009],[128.49923181834282,93.15677221845824],[127.95107348893178,94.23121481335704],[127.19948646654828,94.30795502626363]]]]}},{"type":"Feature","properties":{"Level":"ADM2","shapeGroup":"FRA","shapeID":"FRA-ADM2-965667B35116369","shapeISO":"FR-35","shapeName":"Ille-et-Vilaine","shapeType":"ADM2"},"geometry":{"type":"MultiPolygon","coordinates":[[[[87.45488834427813,145.3924385169537],[87.50128281210124,145.914146107869],[87.66456283984915,146.55916029914013],[88.1693296137735,146.62978566806987],[88.4307665109034,148.05755140795452],[88.82815143639348,147.9923300060373],[88.80717617331402,148.26514539678078],[90.02835213818602,147.8435826885257],[89.90185877960731,149.16469053471243],[89.51792085799332,149.73627522085144],[88.66342838866667,152.4551949134369],[87.60014436491203,153.3026142654871],[87.66033190517643,153.61696460880006],[86.68068791583745,154.29432471944835],[85.08603693345731,155.81544211764376],[84.63440781239325,157.14421887291044],[83.18023330667293,158.34195305726033],[82.01724296530126,159.79387197882974],[81.85689012205043,159.29234079359279],[81.33455895828844,159.42627485039947],[80.99435033186882,159.06732532020803],[80.53450493407662,159.38871755253803],[80.28910826822116,159.91485298451636],[79.86983123279396,160.07687996357282],[79.19790581931916,160.95385185632043],[79.26586737584468,161.2111093585182],[78.4126885133448,162.05988328077711],[76.16585688532994,161.88042901900937],[75.18291895887111,162.05179229034664],[74.93186947805624,162.478517469343],[75.33867830879646,162.97348448142162],[75.27031497243385,163.46520657080674],[74.58940688079855,163.13226287016525],[74.26418652620882,163.3139190913592],[74.00648860083828,163.1229115865127],[74.25224122941435,163.0418700550719],[73.68888224577584,163.0483893684431],[73.33559053975497,162.58271831899572],[73.5268950127219,162.00960626180836],[73.38276250779657,161.75168953443654],[73.94668901753782,161.6891875574272],[73.98696845895162,161.40692108674594],[73.65370353838742,161.55793834971013],[73.85613157681948,160.85967098355803],[74.13632563648119,160.94261367016406],[74.29885185765914,161.10616975913837],[74.61444789554449,160.13165076412787],[74.1646755692554,159.55700933036235],[74.46145558550518,158.08804799179802],[74.00660399250893,158.00914979330983],[74.08143737549983,157.21191005142657],[73.93995698729836,157.37962324142833],[73.6273982120299,157.05606513592295],[72.69940901843307,157.2244406505454],[72.69155278658438,156.99055058947192],[72.28233280870009,156.9112032683394],[72.50419413748223,156.83788764229837],[72.37331905349396,156.62967324014932],[71.81433474365637,156.7776290150104],[71.44314936432588,156.59508085178055],[71.45113974773341,155.99610474786724],[70.98076598938772,156.0224354852751],[71.01291916411895,155.17483697797894],[70.84728129114744,155.1163872726353],[71.00026103717059,154.83968194867793],[70.52709164099629,154.89283484021965],[70.50955245937847,154.68021367012227],[70.89735677660094,154.16801241106458],[70.95171713929366,153.39031511467965],[71.11789842047637,153.591297812882],[71.92013253396999,153.58263553245746],[71.72775490177779,153.16756851417338],[71.1101170594938,153.19507876209582],[70.7666829373706,152.61187318255264],[70.77017308557382,152.14721987537533],[71.28403957365813,152.24106894541185],[72.46769847527135,151.898629886957],[73.52174178546628,150.77208990686114],[73.18394385917213,150.15665490717194],[73.51299036654841,149.82414883496457],[73.36249689215191,149.61803437096597],[73.64508837119612,149.50915817718658],[74.04538218399931,149.9065936262789],[74.48542913146409,149.28113840136888],[73.24617670836484,148.1381442139047],[73.89415624904001,148.11154923033595],[74.33046816959583,147.641074316907],[73.27579822142577,147.45033537727966],[73.951562872997,145.78974571728912],[74.13172524043097,146.10033948582],[74.58762465378669,146.05122960319247],[74.7303915435179,146.3907359115855],[75.11736234341829,146.27894362870921],[75.63986607848776,146.72832296682577],[75.7346338974058,146.34299390649483],[77.72183145302463,146.77142929010898],[79.39303610675904,146.29304669159868],[80.16811550881718,146.28061843794157],[80.72341031339452,147.14515055115493],[83.48557477825479,147.04507391612077],[83.10042941163545,147.5701609723832],[84.89377838979169,146.97093486942407],[85.42150950731728,146.32959315169794],[87.45488834427813,145.3924385169537]]],[[[73.42870721270337,161.29758626566797],[73.57231817751119,161.4509185570294],[73.22075617615396,161.72697225484006],[73.18451228999488,162.172875066426],[72.95191663065725,162.14668414508074],[73.02854008011772,162.3574960742542],[71.89608571252937,162.21937877505852],[72.16605490765657,161.75147161569998],[72.14496865541128,161.54811382985875],[72.99986212719695,161.2182456245237],[72.98354067380998,160.8830095022515],[73.42870721270337,161.29758626566797]]]]}},{"type":"Feature","properties":{"Level":"ADM2","shapeGroup":"FRA","shapeID":"FRA-ADM2-965667B43341803","shapeISO":"FR-36","shapeName":"Indre","shapeType":"ADM2"},"geometry":{"type":"MultiPolygon","coordinates":[[[[110.92809466937017,120.38421426881722],[111.27794334183581,120.24634254579065],[111.52889006954756,119.82066904743915],[111.26204800608105,119.7104000979202],[111.40898947000912,119.46472118208554],[111.1546300479198,119.27183697507023],[111.55968763547594,118.94992935407872],[112.36127389407073,118.7504747464898],[112.43686404949904,118.49399431671125],[113.06091254300634,118.4553051197678],[113.58214478834833,118.10160667487145],[113.44567035144587,118.0823658727563],[113.6487616644312,117.83520594275686],[113.4509141778801,117.8728889901164],[113.95333785645465,117.47065010431385],[114.25600379832105,117.45821352341272],[113.93486439501083,117.1092202529758],[114.26960793692194,117.10925236782762],[114.42073005942292,116.89305092402444],[115.35006186419248,116.73669026944759],[115.31489104253541,116.84981197415397],[115.68080569732923,116.83751208273469],[116.18318651480115,116.44626684990519],[116.83499210323896,116.70535650641175],[116.98889878761011,116.46343821172034],[117.39942528558285,116.47196991705789],[117.50483004752031,116.24799915469171],[117.68386565328994,116.38650684495899],[117.90647602436229,116.16431327559657],[118.01863033411546,116.2324780580965],[117.98618454278723,116.5122119062469],[118.2418545847606,116.49285072877763],[118.40039362318154,116.26119453367113],[118.90475378593753,116.19937661732584],[119.3336209878507,115.85651536892124],[119.57525810172038,115.87022627634254],[119.53344099334716,116.10276544753258],[119.74328635603237,116.25295342377501],[119.61524233844867,116.726465008294],[119.7791734201737,117.23746816385751],[119.61030137892195,117.52403572248922],[119.6800170223052,117.58915789326215],[119.44684841818284,117.79612356312367],[119.39604774755841,118.06983319278905],[119.58095209372863,118.15581078173474],[119.31967850166477,118.65987615977306],[119.54969214383001,118.69954723624029],[119.49353593066273,118.79433844083272],[119.81332701505929,119.0035926299258],[119.44697630116798,119.22302450445011],[119.64674419146127,119.5885968678259],[119.27565932965025,119.95386377610308],[119.38912032792496,120.34729871659675],[119.16077043443562,120.30964063178692],[119.14295636456302,120.5237867609267],[118.56975532422368,120.46414754507087],[118.01498354733157,120.83747520480938],[118.40699350707914,120.99216787552271],[118.37963648797275,121.33953060622972],[117.53795224625112,122.46911325068777],[117.22484243978289,122.54464725816791],[116.71702570299739,123.13820327879009],[116.73350924403503,122.95679259083063],[116.27732967719012,123.31653978173267],[116.34783915275123,122.93085565445344],[115.8471602383291,123.53540507799298],[114.98116263804053,123.7354327093031],[115.28450178256875,122.92872495752971],[115.1360096531948,122.8376994099017],[114.97065137992583,123.0095607844533],[114.89521363309026,122.72995049884534],[114.77318932407996,122.83647967705065],[114.6721379076767,122.6074203420686],[114.32150843843326,122.58829216036466],[113.91864328639309,122.9717160151595],[113.31588802927253,122.94323416185985],[112.77368851547384,122.53150226220643],[112.90430750250417,122.28031042465561],[112.65032392949571,122.16974787119631],[112.3473722745062,120.91826103198699],[112.13166960090939,120.86721069036224],[112.39274641684334,120.39785149413362],[112.10987675221537,120.48097564213603],[111.71216239788484,120.23202580348112],[111.53281700732859,120.43391459635274],[110.92809466937017,120.38421426881722]]]]}},{"type":"Feature","properties":{"Level":"ADM2","shapeGroup":"FRA","shapeID":"FRA-ADM2-965667B57862983","shapeISO":"FR-37","shapeName":"Indre-et-Loire","shapeType":"ADM2"},"geometry":{"type":"MultiPolygon","coordinates":[[[[114.98116263804053,123.7354327093031],[114.16637467266168,125.28075338457363],[113.78669832784942,125.39113543178001],[113.71499081487941,125.22952878749494],[112.82877037247115,126.51364004771676],[113.03798373998359,126.68513715321212],[112.78173194937065,127.01566122577265],[112.90111558073912,127.20358884826331],[112.38338205091418,127.96121022080504],[112.68015292813504,127.76003625438685],[112.7999684830695,127.91894331214506],[112.26066885281386,128.38998878834946],[111.80152052717997,129.248460351316],[111.47233888571726,129.47726787415337],[111.65283854637782,129.83575527234328],[111.04542569743154,130.54542445178382],[110.83439524484585,130.39112229523346],[110.61627908947672,130.9552307094791],[109.89576156111889,131.68690387317218],[109.70575460219388,131.5023905314523],[109.41623291337507,131.58831209668864],[109.0686648598627,132.44127194064785],[109.17026221024433,132.93096393284284],[108.80761891242668,132.99522767220495],[107.76989156059423,133.82914208576275],[107.478589086829,133.7644039080221],[106.97860624245511,134.22730053428603],[106.61529817823714,134.18500103782668],[106.73069803784455,134.3314557409812],[106.41454416094626,134.61911087089166],[106.25119151415535,134.47063487243588],[105.95551526419152,134.23985701603564],[104.50800563082538,134.45413271803523],[104.39997421367562,134.0469318192017],[103.60564097209594,134.4774991418127],[103.44419808162819,134.11951282690472],[103.94943782189668,133.44020331180005],[103.69442902890655,133.29945416596945],[101.93657262973596,134.0531628542688],[102.03869410793905,133.54684380076304],[101.71812181684979,132.99217287905512],[102.09604151020226,132.77932726009726],[102.06417135628843,131.2285766840663],[101.84821716436548,130.85024060471204],[102.18958463441761,130.51381824904402],[101.82666947567407,130.26237325308236],[101.94014783225145,129.98731640474074],[101.69028582601399,129.80435229418447],[101.37557738455149,128.49408811797377],[101.50563751734765,127.98191385380852],[101.28690676934261,127.69743140807148],[101.34648865565785,127.17373180745278],[101.69067966240573,126.4545816605704],[102.22141829128005,126.46375565379101],[102.21414848221278,126.21817453374007],[102.48119062203187,126.07332966859133],[102.6202845461456,126.2652431492233],[102.86414823929422,125.88846205085449],[102.72305253598915,125.45429736915493],[103.67968293704969,125.18343282124522],[103.80874570847256,124.71149498811488],[104.24628594011227,124.76532406127414],[104.66652663388227,123.74070635764515],[104.4227020769672,123.67235503358286],[104.988986955327,122.90133782588236],[105.45053467931612,123.06099733799917],[106.32581705683774,122.70915169892244],[107.04954685459505,122.92536210150521],[108.13882851962856,122.68710645608475],[107.70686621526525,123.33252615607313],[108.27245535517076,123.25039196661359],[108.53670323180887,122.94470078438624],[109.16938537299018,122.70585177730628],[109.3275299733204,121.94589375834667],[110.36542687902865,121.17075419462147],[110.43493846794487,120.78057438605785],[110.92809466937017,120.38421426881722],[111.53281700732859,120.43391459635274],[111.71216239788484,120.23202580348112],[112.10987675221537,120.48097564213603],[112.39274641684334,120.39785149413362],[112.13166960090939,120.86721069036224],[112.3473722745062,120.91826103198699],[112.65032392949571,122.16974787119631],[112.90430750250417,122.28031042465561],[112.77368851547384,122.53150226220643],[113.31588802927253,122.94323416185985],[113.91864328639309,122.9717160151595],[114.32150843843326,122.58829216036466],[114.6721379076767,122.6074203420686],[114.77318932407996,122.83647967705065],[114.89521363309026,122.72995049884534],[114.97065137992583,123.0095607844533],[115.1360096531948,122.8376994099017],[115.28450178256875,122.92872495752971],[114.98116263804053,123.7354327093031]]]]}},{"type":"Feature","properties":{"Level":"ADM2","shapeGroup":"FRA","shapeID":"FRA-ADM2-965667B85019940","shapeISO":"FR-38","shapeName":"Isère","shapeType":"ADM2"},"geometry":{"type":"MultiPolygon","coordinates":[[[[145.21026674531458,107.21539713610937],[146.57709137041735,106.23476164227861],[143.99196541447395,105.72766896224445],[143.6281062669408,105.87157376491601],[143.19406484961698,105.42993168926172],[143.06733723029188,104.5251031644096],[143.2542908447588,104.27027308833439],[142.96122622492848,103.90702716202736],[143.52264122109796,103.63845660665172],[147.7878664561256,103.48060657999783],[147.96588256526408,103.2983238397065],[148.83858559308536,103.21878990880366],[149.22845572503573,102.93673417428847],[150.99317711808354,103.03532853901558],[150.26551136217876,102.6298850962264],[151.34387740349422,102.66908686227632],[152.2569736222484,102.38459392820106],[151.1306576925336,102.26242537436889],[151.67704754158748,101.93823183966677],[150.41828475958923,101.47594773909486],[149.98883303603336,101.51497978516673],[150.4747331808372,101.37138391285222],[151.10980321555655,101.46995315300005],[153.46411083240048,101.22214221540916],[155.45382624931503,101.2466145194778],[156.6900770953654,100.95748961765975],[156.35546311537792,101.11717306052694],[157.37910012367524,100.96539512845618],[158.41312664200262,101.28317872403376],[158.88263118760017,101.05578913274427],[158.12905043457593,100.75547108877268],[158.69570420656527,100.27106462689046],[158.08807653923992,99.05938569909289],[158.5418119433313,98.97214651610659],[158.1083756735947,98.90469582287486],[160.29666576265015,98.4039816143429],[159.94286908058243,98.60941254962954],[162.5803758641711,97.78848180332554],[163.26421386451892,97.7277706586345],[164.27978866205615,97.44619876670869],[164.9760026329286,97.43020289555528],[165.1768643597829,97.66634691274582],[166.07921754293818,97.56412357686693],[167.19299787067186,97.84132960151474],[166.77526778099542,97.92350594430516],[167.74590032649343,98.3736887298411],[167.84113466552935,98.15421326659188],[168.4725586136766,98.96375140425297],[169.1457119903035,99.05388646542555],[169.466006610432,99.49485540490278],[169.48698832445513,99.19311692417475],[169.96519465955413,100.79260741350193],[169.8643112096915,100.90038209248581],[170.0482301511756,101.71803600878809],[169.72645023431187,101.43490882488358],[169.56172764414876,101.56030867012313],[169.93499250700768,102.64769422274006],[169.94959079127366,103.2188491909715],[170.1287848804609,103.54832000425614],[170.11323371389696,103.94020153290964],[169.98968906392577,103.72668283934394],[169.82402555982762,104.07433408136203],[169.66086146662732,103.83580165500808],[169.75187308429008,104.69915188475106],[169.62512457477453,105.38549631181314],[169.6844489785055,106.04555309364886],[170.00201211821548,106.55411039266681],[170.04646468361528,106.99378188194899],[169.89833084760983,107.12033803133872],[170.01189833882037,107.23547357815113],[169.63057792811736,108.24990086041396],[168.65451242552186,108.51025223081623],[168.62965705860694,108.76592515711349],[168.17728431143775,109.05429724424812],[167.70903208957978,108.91556476900784],[167.59036309597076,107.98449404585615],[167.92823238737535,108.12004579224215],[167.6176435122033,107.6777074585161],[166.3343811654182,108.43669669407029],[165.555874929742,108.3674684896518],[165.61507710650184,108.93963765271822],[165.05790245243202,109.73670539431765],[165.13906242197987,110.16186518434786],[164.97912880767572,111.23172206332461],[164.59850267188938,112.17879377773822],[164.32811082294296,112.27302177021438],[164.21251823159002,112.7279151493129],[164.38519633078988,112.47094827312647],[164.42848528268394,112.63136274410888],[163.89218016037557,113.28665514788254],[163.31921022667586,115.35527364188835],[163.16140871060495,116.75794157717309],[162.04270279752438,119.77828070818788],[162.38307236054987,117.46805781765138],[162.3612697593944,116.32578814680308],[162.00728664107382,115.41654496849557],[161.77422395957154,115.79676417677912],[161.51890611619754,118.1477670466542],[160.99608141044266,119.2425337915859],[161.13434045098455,118.29722437724132],[160.80967207504688,119.6733403165808],[160.90656037745754,117.61576297657732],[160.41052870278423,118.70713440976388],[160.57701850412568,116.33344854360352],[160.94793980351997,116.37748055475967],[160.45895285479253,114.41765970630293],[160.73779241205594,113.05581607651159],[160.3192149477132,112.36235332418072],[159.75889100351242,112.26157724145867],[159.09229802193997,111.45405887789514],[156.77542191884586,109.26895421038617],[154.7583268356104,107.80124602108074],[153.38984381094514,107.71391444250852],[153.01044133359005,107.29657124056361],[152.52341491619134,107.46036073094015],[148.3482974080884,107.0195585070766],[147.29302765767343,107.06044908557175],[146.98696878024458,106.88447262624759],[144.54306143823828,107.69759364121288],[145.21026674531458,107.21539713610937]]]]}},{"type":"Feature","properties":{"Level":"ADM2","shapeGroup":"FRA","shapeID":"FRA-ADM2-965667B617094","shapeISO":"FR-56","shapeName":"Morbihan","shapeType":"ADM2"},"geometry":{"type":"MultiPolygon","coordinates":[[[[61.459471084120445,141.811514181705],[61.83519210717425,140.38468256647826],[62.41383103267899,140.46954526739222],[63.271778509421964,139.9895261115508],[63.680857438571365,140.53756126409723],[62.708980950590345,141.0617780391109],[62.595206216738674,141.63235063072122],[61.90820253219908,141.73730358616635],[61.58814334079392,142.14120893630886],[61.63554679580976,141.7906618825244],[61.459471084120445,141.811514181705]]],[[[65.32383579576604,141.1758535839153],[65.371096588528,140.91766278845554],[65.60820682155115,141.06350665555146],[65.32383579576604,141.1758535839153]]],[[[64.31147973295572,142.12613792597455],[64.74206620534133,141.74938343488594],[64.84487688229387,142.09134124488915],[64.31147973295572,142.12613792597455]]],[[[59.199384278250285,146.91552408256058],[59.67508421539715,146.39938790450674],[60.09791824787871,146.3806049568957],[60.19359884706789,146.63225984996544],[59.199384278250285,146.91552408256058]]],[[[66.16731011457392,145.50736570618957],[66.4961294009262,145.53032003534545],[66.36146409475899,145.88193667474462],[66.16731011457392,145.50736570618957]]],[[[65.65967869503481,145.2565948684693],[66.04832582052882,145.58878774385678],[65.93394720750103,145.9232625218096],[65.65967869503481,145.2565948684693]]],[[[59.29641961220777,149.02988739880803],[59.87475680965354,147.77966663003912],[60.60783268358296,147.79937150168303],[60.90334082716271,148.07703593911197],[60.739370987901694,148.34804592140108],[60.925684175027456,148.2371887833991],[61.43857407321342,148.63413850397546],[61.43997796606103,148.92658016866181],[61.47343742674532,148.75335083633857],[61.91307597563397,149.15440860320706],[61.40684506060994,148.37336940473725],[61.13976513372325,148.37972977259753],[60.924131091891695,147.92718200895848],[61.48207404140468,147.92390033598858],[61.73735979377247,147.49773985181417],[61.0107783143471,147.79059072145208],[61.753132265748576,147.40868509436666],[62.855024683751495,145.9394353922144],[62.9390053615557,144.9280691962855],[62.60284029356622,144.6766362485707],[62.836118169372334,143.65765659009276],[63.43336076413167,143.545857319264],[63.02454980292402,144.06584138695086],[63.17041186804494,145.88895214269922],[63.45905698921312,145.432271753936],[63.39460066168143,145.24860635239995],[63.97153650073373,145.51485230906817],[64.18658248256877,145.26431439384015],[64.08379953091175,146.5530470395821],[64.29182921761836,145.2691612858678],[64.46231384472547,145.25258070465605],[64.38195072888081,145.67142996247472],[64.69191022532488,144.99534718421268],[64.74257159108237,145.23474119516317],[65.03122782522544,145.07561642482392],[64.63976292749963,145.65100206645306],[64.80542646822113,145.79894225112443],[64.64546592508137,145.96316230481153],[64.83063351547548,146.0626272098441],[64.6933817769597,146.5507127350354],[64.63166035206916,147.33393223254825],[64.72755706254362,146.53062800831236],[65.08585010759336,147.01476281474237],[65.22074977890591,146.8840778867351],[64.77821988314895,146.4612704499637],[65.01853673263115,146.28041417505264],[64.87890661833204,146.21662755377045],[64.98314953600823,145.59122483888078],[65.02265516322736,145.94073109594763],[65.1311152322818,145.51754472904148],[65.40136316318828,145.4959174192541],[65.3071891755217,145.9705511820816],[65.6865149886313,145.7498190219184],[65.65475043728145,146.10004453285592],[66.48423995804009,146.1445722161571],[66.29724280981489,146.73486875788677],[66.5414177746326,146.24683593359913],[66.74949814695587,146.7082052832775],[66.82853242027294,146.12278673988715],[66.85102883705396,146.32014816199643],[66.94915982613085,145.98916826588575],[66.51910037992101,146.20522143858815],[67.06874491858571,145.60517338257694],[67.17016096363473,145.7487928996046],[67.09708888666894,146.01659458299514],[67.24290171753813,145.85286866487627],[67.18777044852824,146.5661725974814],[67.42398687005021,146.02384446232972],[67.19157165397166,145.37169584497673],[67.13689921084809,145.531027924037],[66.90839170516503,144.7261648589007],[66.41850359640618,144.70085933557613],[66.4623875386751,144.86408792187532],[66.2311580645757,144.66026582347126],[66.01642908459186,145.027843895358],[66.0643035037201,144.76803494215403],[65.62759624164987,144.77704217183305],[65.50102705084858,145.17695919579387],[65.08956264157564,144.9194885860157],[65.35860661764623,144.85697169635324],[65.22692453006462,144.66848710022134],[65.75652173108739,144.37115652476635],[65.71777442432762,143.98991761418208],[66.26468501582539,143.69337790011417],[66.9417585882106,144.07986085930628],[67.41783392216918,143.77365504663143],[67.53461954936381,144.28222352713027],[67.36966862832914,144.49987084545918],[67.72275710603712,144.2099373630723],[67.94264402638208,144.40374813167864],[67.50873119414939,144.5352457293956],[67.53833280196974,144.8097460450487],[67.95848129452236,144.4774657324059],[67.874113018479,144.84707208986967],[68.12221445537881,144.46042931264913],[68.33035803912247,145.2290518002342],[68.6221012017871,144.88508736702474],[68.4564089208757,144.85320050840522],[68.68854360564808,144.7061473736353],[67.81709892510982,144.0203146451731],[68.63121049270302,144.05680147380917],[68.69359438184156,144.29295617141509],[69.67770078088134,143.7921924948894],[69.12917325022515,143.74364808058823],[69.08186033990924,143.0449231658915],[69.30688677401356,142.73035383803062],[69.52764255152799,142.84315424813897],[69.86196736648826,143.37256466296608],[69.9208985336617,143.05666165372926],[71.1504580938073,142.90931351591166],[71.18079011657453,143.974521067002],[71.76110984850334,143.72939667011764],[71.95813387103024,143.3492574341754],[72.79732432415418,143.5845525907927],[72.71051761673445,143.31857313384174],[73.16926745391224,142.94470125101375],[73.20127670423996,143.71858497895977],[74.03489656148572,143.79481118355395],[73.87034718764534,145.10546515199903],[74.1168894953815,145.23859361749754],[73.951562872997,145.78974571728912],[73.27579822142577,147.45033537727966],[74.33046816959583,147.641074316907],[73.89415624904001,148.11154923033595],[73.24617670836484,148.1381442139047],[74.48542913146409,149.28113840136888],[74.04538218399931,149.9065936262789],[73.64508837119612,149.50915817718658],[73.36249689215191,149.61803437096597],[73.51299036654841,149.82414883496457],[73.18394385917213,150.15665490717194],[73.52174178546628,150.77208990686114],[72.46769847527135,151.898629886957],[71.28403957365813,152.24106894541185],[70.77017308557382,152.14721987537533],[70.7666829373706,152.61187318255264],[71.1101170594938,153.19507876209582],[71.72775490177779,153.16756851417338],[71.92013253396999,153.58263553245746],[71.11789842047637,153.591297812882],[70.95171713929366,153.39031511467965],[70.89735677660094,154.16801241106458],[70.50955245937847,154.68021367012227],[69.97198993438559,154.58400170360972],[69.94533033368664,154.3362111218651],[69.48279452286165,155.38735946103748],[68.84115577748905,155.4165542031312],[68.87591755362465,155.24916791601777],[68.47409158532889,155.26304786248875],[68.67126217607509,154.84781767056268],[68.3889492327945,154.30456435687694],[68.47844183080656,153.89974316202043],[67.67537231076113,153.2118316350921],[67.49402734946918,153.78645147733067],[67.63407494135615,154.36975492611253],[67.45188722810781,154.9481821679786],[67.19329720006309,154.63219202260717],[66.81379494140768,154.72004228291428],[66.67643721984808,154.23278083737435],[66.36610258269509,155.2050513015452],[66.06420469754026,155.14951987449598],[65.653903911125,155.56352204787632],[64.80782781060908,155.54118090989314],[64.68392847594035,156.1179554375915],[64.10686517583449,156.35269297299507],[63.680593510143964,156.23839110602142],[63.446975652090146,155.60048418547956],[62.891544789012805,155.5841608720368],[62.91489697421187,155.38955036547668],[62.700842221775105,155.5466216527899],[62.35528561562964,155.40583600850994],[61.76990917075845,155.97901480693312],[60.99329545448484,155.63781518555018],[60.79561660529131,155.88518600099124],[61.00149713418232,156.09077332915888],[60.76525938453619,156.31804585704782],[59.456659691869575,156.38735772131724],[57.71851821481437,155.81003711672176],[57.44915396077096,155.02210038557848],[57.88435317417439,154.93600050669147],[57.69933725546136,154.52316213184784],[58.07514624574516,154.31422396120772],[58.35084566149305,152.94380888775726],[59.292638258858545,153.09469353108415],[59.96714670695739,152.75704562211502],[60.26181284372196,152.17033676214433],[60.84668288268027,152.67854402934356],[61.07290533589865,151.77768083593133],[60.72738421623948,151.43700469120165],[60.886136630719704,150.67938371697568],[60.35242600887051,150.7080565930798],[59.89783664826399,150.0319962793639],[59.55815005176655,150.47810286000453],[59.313468056783776,150.26522976034633],[59.46159514186121,149.80044808941386],[59.29641961220777,149.02988739880803]]]]}},{"type":"Feature","properties":{"Level":"ADM2","shapeGroup":"FRA","shapeID":"FRA-ADM2-965667B46004883","shapeISO":"FR-57","shapeName":"Moselle","shapeType":"ADM2"},"geometry":{"type":"MultiPolygon","coordinates":[[[[173.04447430560515,158.59229987379754],[174.55097329136422,158.89880384617152],[175.84576957158066,160.1787527604053],[177.04241816428802,161.16317307628006],[177.59507225709615,162.15324200731035],[177.1555602687899,162.10622912664977],[178.36965581477241,163.11462213304316],[177.41740222177134,162.88636470491497],[177.01719299259906,163.43475001185737],[179.01646333332113,165.8803329268133],[177.6511806048171,166.4162187408805],[178.053873401273,166.75865493112624],[177.10478886980073,166.64103485773077],[177.13608293934107,166.42867040276596],[176.47242106284483,166.93456023045144],[175.46347850369784,166.36764740356645],[175.4738266653984,165.93709250638688],[173.98789134487618,164.413480615327],[173.85237534042244,164.66210339579064],[174.2910764788262,165.05452811629476],[173.710198387908,164.92632008590462],[173.8435440524367,165.7915838269004],[174.64686786330918,166.25190148463415],[174.64330121546527,166.5103840065558],[173.86135646136424,166.0906874567127],[173.9016185949694,166.45021217390251],[172.86102233203812,166.52523260763394],[172.93265112222645,167.42990775930343],[173.07131891967083,167.285724223864],[173.63912079581226,168.25469270722974],[174.12059273773414,168.35300193173498],[175.43814315158812,171.42968088579894],[176.2235165224725,171.62281063724635],[175.84184277767673,171.3929494896841],[175.97027757306142,170.20313578239166],[176.98731007330625,170.59764627803366],[177.46864625641584,170.16761623364522],[178.5749012685009,170.11739243892077],[178.5092855524147,169.790421394579],[178.9879644967399,169.5661926081827],[180.72622663726233,170.13748765159704],[182.29110069692464,169.5755425985194],[183.1965409660313,171.99247975368007],[183.14839607630284,172.35969029716807],[182.28299887769154,172.41658317958348],[181.38175941878114,173.40105401427752],[181.52794237712013,173.9797106257418],[180.71568267827945,173.893740208453],[180.93078655706142,174.1914107081065],[179.8361036923501,173.89934120163946],[179.72472575152023,173.39454463800314],[179.29791858682535,173.39311254414469],[178.76449641352895,172.8022063709294],[178.13634404377416,173.04465990326435],[177.49476575367237,172.7227608679441],[177.33047255332718,173.0192201572977],[176.98275735540525,172.7878631832641],[176.26608187857383,173.08331688860144],[176.42317064298152,173.33166995174517],[175.99798014321212,173.2351528987557],[175.9904410267289,172.84755850085594],[175.40461491378838,172.25029292370257],[175.67561830994126,173.89634427421527],[174.89620930242023,173.76543828810708],[174.75541641365186,174.06166349317596],[174.15454750385422,173.52819040104265],[173.8555939317382,173.64222492779106],[173.49323974540863,173.2840578392923],[173.56063503421927,172.74662791893286],[173.02062159460272,172.01682652971334],[171.95814436292648,171.78527820896275],[171.8154134756725,172.15642852200492],[172.16376172738674,172.88484353805276],[171.83091113935188,172.634091836835],[172.01462448386883,173.2819828844099],[171.7495395546024,173.28785357128874],[172.01493745214702,173.85369741079325],[171.3356207452648,174.30343981338123],[171.23363725238897,174.88180058937567],[171.4793062497883,174.8803039794895],[171.71409201473693,175.32943897122993],[171.17766022266335,175.71135937088374],[171.4247227327377,176.18437118785528],[170.2263646474311,176.71488612571622],[169.60697176465078,176.15899274330397],[168.80993854023944,176.07490875979116],[168.3569638072404,176.52625701989257],[167.39352874792365,175.8260874227911],[167.4429864592512,175.67444765094334],[167.0625151974233,175.53176022662018],[166.4335363822695,174.53638191805337],[166.03771595242074,174.59933119322488],[165.6953007851958,174.129680186259],[165.01461077803856,173.8687668871182],[165.21622245205856,174.6396312802067],[164.3439490093293,174.33484104100313],[164.30479417637974,173.91768180356658],[164.63201110681837,174.2684934274743],[164.48406664256248,172.94005979014665],[163.9943587779049,171.94840975503664],[164.18366422142185,172.04378818912684],[163.87820305197857,171.1356977966824],[164.3294112511324,170.91985333150689],[163.87366966728084,170.48950297425435],[164.0983294117348,169.8948744637315],[164.31033658117738,170.2778287682611],[163.94656280831808,168.84449654115875],[164.23845061582838,168.95250741538027],[163.91865730534775,168.14065903435977],[163.1496374452679,167.2043948242666],[163.6354190460943,166.84079621332407],[162.83062081695454,165.95313675586254],[162.96642079387564,165.52768969761215],[161.98640266270434,164.7668058100036],[161.8177199941843,163.94823573927647],[162.04015595383422,163.65488749303896],[162.61975795434878,164.01745983033135],[162.6513978194626,163.08961905190816],[162.48702582106898,163.09112509158285],[162.598051752152,162.928834510284],[163.01960995109278,163.33587471290252],[163.02328771602083,162.99369754329024],[163.52109457757732,163.47640247662264],[163.45892888969638,162.86933824419617],[164.7179511012959,163.84882414846558],[164.8740564297761,163.68649915256117],[165.1776788986548,164.10349926824006],[165.71338234334533,164.2741539692555],[165.75367797230987,163.8560436139827],[165.3535762350754,163.28125868505444],[165.4145217783408,162.911809955785],[165.0559609133312,162.26625829585817],[165.71434082041017,162.4627268988564],[165.19440396414052,161.9442649141567],[165.86859218986757,161.9628904907177],[165.7160563753534,161.0951913639338],[166.78001588615433,161.79898975051938],[166.9604415525995,161.2889685411326],[167.620840937982,161.2541249098745],[168.1953127119433,161.5133537416833],[168.86938615953625,160.36119312448886],[169.08781869681934,160.65470012024392],[169.09254862384128,159.50118972773691],[169.32410659394762,160.11856864700127],[169.7569842994653,159.71077297844897],[170.05248637029,160.00475656260107],[170.18166068613954,159.4303210984038],[170.73721846768646,159.71170532314514],[170.82918704274837,159.2310908859726],[171.43369773466597,159.50026353366601],[171.70803499742772,159.99264265639837],[171.7137477447988,159.53467628251371],[172.41155637740155,159.76977299983787],[172.13308243314043,159.43781902961484],[173.13580857223528,158.72903226214635],[172.6303238941267,158.4943833184681],[173.04447430560515,158.59229987379754]]]]}},{"type":"Feature","properties":{"Level":"ADM2","shapeGroup":"FRA","shapeID":"FRA-ADM2-965667B37843465","shapeISO":"FR-59","shapeName":"Nord","shapeType":"ADM2"},"geometry":{"type":"MultiPolygon","coordinates":[[[[133.3759692198764,189.7168956040274],[134.00228769053643,189.34607485330554],[134.29043782772732,188.99473464810396],[135.19884548124125,188.7226220499491],[134.94174933711412,189.5128554027434],[134.36988167127993,189.98333610270942],[134.04967922815118,190.08340054842938],[133.3759692198764,189.7168956040274]]],[[[117.00237825188916,210.6893376859608],[117.48302811580432,210.19042477586564],[118.44378799816555,205.82872022851046],[119.44530631965074,205.0598312047646],[121.33092664363289,204.8567230956868],[121.41938924680636,205.23636934232525],[122.19352202337058,204.8352642842836],[120.60051464436154,203.9595477360002],[121.4240453891525,202.94013714873958],[120.8794787322346,202.49984665342282],[121.14218199743362,202.14490937605657],[121.65225326150315,202.47768845612583],[123.21997850092899,201.20637448078963],[124.00176882591558,201.60548380993993],[124.14196105784907,201.11899219346097],[125.16453756673276,201.56461125160547],[125.83154532858777,201.02799136992425],[126.93791845654384,201.74624270161172],[128.1950232808192,201.07828567196984],[128.70687556777574,202.17125219206775],[129.43239337244148,202.40922203978747],[128.87353597089563,202.7196921437955],[130.2287623332096,203.83016699957315],[131.15038809670537,202.9663682734651],[130.54569479043704,202.73574787428242],[128.7746439396369,200.56716679388668],[128.98507995259126,199.62459457076085],[128.50133587488256,199.40467197706644],[128.39971300536712,198.77217159278402],[130.4499225985354,199.69572289989475],[130.03529214164118,198.65801097959582],[131.84915574242427,199.10640560239176],[133.03486514667105,198.40852122590508],[132.40755461988158,197.10509848579562],[133.7266647269446,197.89066172748056],[133.92273047741264,197.5210455987893],[132.52501737640821,196.17417572822103],[131.39908045259227,195.71074272786782],[131.88486558417713,194.50686827001536],[133.27523761024025,193.17804335979025],[132.8210292146486,193.09087670601502],[132.73831362255453,192.3883780793899],[131.90874047512193,192.53782262377493],[132.16922346480584,192.00952357179412],[132.62527762708064,192.295205615247],[134.72484296001176,191.6388772822164],[135.59448232969993,190.75302058638],[135.67648043608324,190.43123155928976],[135.1106224113464,190.48714915192718],[134.83143818229252,190.64363521974454],[134.92450820911625,190.22262323895959],[135.8307077959884,189.658162442874],[135.09843775878016,189.3830622849293],[136.31941853712888,188.7253032990008],[135.8121235750194,188.32455623061216],[136.74695100123094,187.58023259289925],[137.04125386555714,186.98373088800741],[138.19177191828933,186.1945231043941],[139.1790482142433,185.67899628921782],[140.8297894932793,184.51463551605264],[142.40848640113714,183.67320081457137],[143.53280529635717,183.3483078488458],[144.8386992742153,182.50901705426205],[145.9092871481091,182.10956602429752],[145.37441548572392,182.61055922314455],[148.35922513733988,181.4770690899543],[147.55044931751507,182.53802133615588],[149.69212121447427,181.2906022334627],[149.48613764941462,181.74499975098922],[150.08081241695578,181.39821084865488],[149.43508348516096,181.86509539707959],[149.2013475193986,182.7567074629622],[151.37248546890726,181.48629276610725],[151.34127952986933,181.80495963006337],[152.43221128954707,181.0578757318578],[152.92206829034978,180.30544400308503],[153.05054401366186,181.37513358489394],[153.78986130114683,179.65131751483062],[154.93834615043903,178.64034677725874],[155.260259493588,178.8635929426714],[155.35337037357925,179.36840189228812],[154.98704257624652,180.27595970596607],[155.0434674772065,181.2142241569017],[155.52017187675483,181.89803236338946],[155.1545936358906,183.35390831177426],[155.1182829134932,184.4927521948105],[154.25284720716544,184.8140702825309],[154.50712161596732,185.94247317866478],[154.30633125429756,188.11926921885583],[155.10046604957,189.38085684408023],[154.637412386268,190.99091893567714],[154.35684121110577,190.5598445746017],[154.59212361448644,189.9111465661801],[154.14311855361112,189.95778878152421],[153.9312887521454,191.89443525033795],[153.39067265450942,192.35210537304454],[152.61089247481152,194.20999295194355],[150.27517476702707,194.0184916872676],[149.81804772247116,194.96425540882672],[147.6817131619176,195.1569630671624],[147.37872108627917,193.9081533771269],[146.98510748567077,194.30617334306166],[147.13518604191205,193.63744598993696],[146.65018186783567,194.30316224992447],[146.5153132726075,196.2599323750217],[147.44254628277866,199.1619187830701],[146.59444593604385,200.66399178113159],[144.39514471589874,200.5410207590196],[145.03290744673356,201.6011715114125],[144.10890283561525,201.90366377641308],[143.36095387049423,201.10669300311702],[141.5550628108096,200.50979707746887],[139.69201444942632,201.28699865202],[139.31203091043267,205.37389760064616],[139.86087971886002,205.6089254652594],[139.48734045975323,206.5652075998109],[138.76767629202175,206.65291457127216],[137.83690970362758,208.78147031273133],[137.15471217619083,208.9900729097342],[136.47858655341741,208.45380261460372],[136.11635138066885,208.65193764571936],[133.5743092919352,207.23049555609379],[132.63414223010068,205.3800769212264],[131.61544312651435,206.07841309699467],[130.43939488605432,205.7014226092267],[129.59400756283523,208.18805308653117],[127.75750888874997,207.3881520557448],[127.17884156318611,208.29300961715026],[127.49706330436163,210.1542378649183],[128.15082814978683,211.0616760788725],[127.58124997761104,211.95290570548048],[126.87086541517868,212.0864877639649],[126.09194208841228,213.58045704506628],[122.37634632239525,212.38742359954568],[122.61799894479894,212.1364613467323],[121.95851383288351,212.43779664295906],[119.08095923301974,211.50949807489803],[118.95127771614528,211.70458782674552],[118.45295061664095,211.71848937536203],[118.78981273838089,211.6462164541235],[118.68458938467268,210.68319621531933],[118.23185938062763,211.47450161653194],[118.0478055452297,211.12263298258517],[117.74737239226177,210.93869626159875],[118.02007252781769,211.14446524321178],[117.30336578889876,210.71808122734262],[117.10744627553517,210.9660988320992],[117.49735424163879,210.41174600356538],[117.0740020899528,210.96239659214024],[117.00237825188916,210.6893376859608]]]]}},{"type":"Feature","properties":{"Level":"ADM2","shapeGroup":"FRA","shapeID":"FRA-ADM2-965667B29740697","shapeISO":"FR-62","shapeName":"Pas-de-Calais","shapeType":"ADM2"},"geometry":{"type":"MultiPolygon","coordinates":[[[[117.00237825188916,210.6893376859608],[114.59867797161968,209.87035829667434],[114.91183014550975,210.04590411353843],[112.12884737758353,208.575424274406],[110.82684856268479,206.88999078103237],[110.00773370329915,206.66875864006164],[110.12296250486247,205.33326515101504],[109.87942624986187,203.70287361999647],[109.36236702087803,203.7563681127535],[109.26295442746836,200.80319666482916],[109.9165791075923,199.77181098068553],[109.38442366560817,200.24622967012783],[108.86716631710817,198.03225277470372],[109.8007691621585,197.44288937322085],[110.26078314367732,196.92901388060355],[111.46454127480763,197.39971573013497],[112.88576388693012,196.67828849980748],[113.49240342758483,196.2225959358249],[113.99413168339663,196.3711782076196],[114.21482273863901,196.07426553876752],[113.67660686262403,196.02552102876786],[115.80880984037752,194.96783724961008],[115.6040360565697,194.88726651834713],[115.84532894012713,194.34214707236384],[116.34751195502906,194.31680872006717],[116.75933133769382,194.04457711617914],[117.92212463479375,194.04000743055227],[117.85807972560369,193.94487387668036],[118.69150416040144,194.0721023402906],[119.15683474335324,193.75051076533265],[119.75540183360488,193.75291860749417],[119.43256080388156,194.06417146048742],[119.75141613963383,194.0798672658597],[120.17639496023881,193.5250234385299],[121.10102213552943,193.77973461592214],[121.83973385101879,193.53405315417095],[122.67970882041762,192.84686309952056],[121.25147976658619,193.00392238027564],[120.55412944788615,192.63314314711835],[121.52505980967412,192.22317271514223],[121.96532830189975,192.48006445261828],[123.03197483732231,192.3050547070912],[123.43632393129495,191.90818325591016],[123.69454369754702,192.15845789457052],[124.44753264922421,191.80739209852476],[124.17483454553613,191.7266792749153],[127.97276881696837,190.42001374927992],[127.17386862143101,190.7442999298243],[127.10851992275826,190.99777578557502],[128.87714759296088,190.47293049133063],[129.5931419950399,189.7772111614915],[131.5641100253062,189.4517370258074],[133.0431649479012,188.85297536539161],[132.76618862820186,188.84113485297513],[134.26542237311952,188.30842709987664],[135.21783763562553,187.491046126002],[138.19177191828933,186.1945231043941],[137.04125386555714,186.98373088800741],[136.74695100123094,187.58023259289925],[135.8121235750194,188.32455623061216],[136.31941853712888,188.7253032990008],[135.09843775878016,189.3830622849293],[135.8307077959884,189.658162442874],[134.92450820911625,190.22262323895959],[134.83143818229252,190.64363521974454],[135.1106224113464,190.48714915192718],[135.67648043608324,190.43123155928976],[135.59448232969993,190.75302058638],[134.72484296001176,191.6388772822164],[132.62527762708064,192.295205615247],[132.16922346480584,192.00952357179412],[131.90874047512193,192.53782262377493],[132.73831362255453,192.3883780793899],[132.8210292146486,193.09087670601502],[133.27523761024025,193.17804335979025],[131.88486558417713,194.50686827001536],[131.39908045259227,195.71074272786782],[132.52501737640821,196.17417572822103],[133.92273047741264,197.5210455987893],[133.7266647269446,197.89066172748056],[132.40755461988158,197.10509848579562],[133.03486514667105,198.40852122590508],[131.84915574242427,199.10640560239176],[130.03529214164118,198.65801097959582],[130.4499225985354,199.69572289989475],[128.39971300536712,198.77217159278402],[128.50133587488256,199.40467197706644],[128.98507995259126,199.62459457076085],[128.7746439396369,200.56716679388668],[130.54569479043704,202.73574787428242],[131.15038809670537,202.9663682734651],[130.2287623332096,203.83016699957315],[128.87353597089563,202.7196921437955],[129.43239337244148,202.40922203978747],[128.70687556777574,202.17125219206775],[128.1950232808192,201.07828567196984],[126.93791845654384,201.74624270161172],[125.83154532858777,201.02799136992425],[125.16453756673276,201.56461125160547],[124.14196105784907,201.11899219346097],[124.00176882591558,201.60548380993993],[123.21997850092899,201.20637448078963],[121.65225326150315,202.47768845612583],[121.14218199743362,202.14490937605657],[120.8794787322346,202.49984665342282],[121.4240453891525,202.94013714873958],[120.60051464436154,203.9595477360002],[122.19352202337058,204.8352642842836],[121.41938924680636,205.23636934232525],[121.33092664363289,204.8567230956868],[119.44530631965074,205.0598312047646],[118.44378799816555,205.82872022851046],[117.48302811580432,210.19042477586564],[117.00237825188916,210.6893376859608]],[[133.3759692198764,189.7168956040274],[134.04967922815118,190.08340054842938],[134.36988167127993,189.98333610270942],[134.94174933711412,189.5128554027434],[135.19884548124125,188.7226220499491],[134.29043782772732,188.99473464810396],[134.00228769053643,189.34607485330554],[133.3759692198764,189.7168956040274]]]]}},{"type":"Feature","properties":{"Level":"ADM2","shapeGroup":"FRA","shapeID":"FRA-ADM2-965667B28271813","shapeISO":"FR-01","shapeName":"Ain","shapeType":"ADM2"},"geometry":{"type":"MultiPolygon","coordinates":[[[[160.16464599620738,120.27174793238953],[160.80967207504688,119.6733403165808],[161.13434045098455,118.29722437724132],[160.99608141044266,119.2425337915859],[161.51890611619754,118.1477670466542],[161.77422395957154,115.79676417677912],[162.00728664107382,115.41654496849557],[162.3612697593944,116.32578814680308],[162.38307236054987,117.46805781765138],[162.04270279752438,119.77828070818788],[163.16140871060495,116.75794157717309],[163.31921022667586,115.35527364188835],[163.89218016037557,113.28665514788254],[164.42848528268394,112.63136274410888],[164.38519633078988,112.47094827312647],[164.21251823159002,112.7279151493129],[164.32811082294296,112.27302177021438],[164.59850267188938,112.17879377773822],[164.97912880767572,111.23172206332461],[165.39251267304195,111.8328513153819],[165.26844835081437,112.90425243542332],[165.63761057764023,112.80031131824683],[165.78987537303425,113.09127258732225],[165.6779150651896,114.42393897151015],[164.2461875450051,118.5161276440702],[163.46261724222592,120.18049736975817],[162.60843388169675,123.65903374741862],[163.2380360263383,122.85010699874411],[163.02759685127697,123.41271099610982],[163.09881230189941,123.89744059947441],[163.42635958700208,123.77432512724994],[163.4217898712376,124.76415640368108],[163.0202909699769,125.13531026903301],[163.3687883651165,125.79256396195052],[164.21198897245955,125.83269488921363],[163.68775565934743,126.45245646706864],[164.06069373423145,127.28887110017283],[162.59996707239608,127.9693771100675],[162.1208031267894,127.5629233506799],[162.08674339985535,127.09434585954007],[161.91876664132658,127.18157237959419],[161.95239064690355,126.91030633664786],[161.67094645366126,126.66299827577862],[160.56809039708173,127.01113262566867],[160.06562652355308,127.62935468098303],[159.4127460118636,127.9987049627905],[159.29031420712573,128.25559522927017],[158.87022592150316,127.71278145314658],[158.04934932364995,128.01041719755605],[157.9336499004609,128.49852838687445],[157.58931513707634,128.6005177862599],[157.24904939003926,128.9618350555468],[157.28408975354495,128.63068762783726],[156.39854219466366,129.28869406223652],[156.52853516832008,129.36290164614715],[155.20885462545755,129.72616998089478],[155.53455255017658,129.81722172887925],[155.20249058316213,129.9862607033329],[153.7635468249013,130.0462950053964],[153.47416141817075,130.26116131091877],[152.9488073568279,130.2992102868673],[152.98076051934942,130.2053552614259],[150.04865563105173,129.97600653524634],[148.926077080758,129.74975637797],[148.6994993154282,129.808179766613],[144.66563357336491,126.8078210270307],[145.14206153735648,126.90170266757491],[143.42079463845388,125.63652350789827],[143.73339121847016,125.68504288473864],[142.9681699701265,125.04652049608937],[143.22258802762912,124.50805848115584],[142.17213973374425,123.50321489203742],[143.26524141124466,124.07584618255629],[145.80939047242018,125.1208406417411],[145.7851559378966,124.60640658091599],[148.6980151605532,125.95156724556931],[152.17983562937536,125.89862215738557],[153.69385774472062,125.41775276639558],[154.59645814092613,124.35715638980665],[155.2218718466919,123.17062443231063],[155.3934038788092,121.6215341507735],[157.76046090044446,121.58108804013008],[160.16464599620738,120.27174793238953]]]]}},{"type":"Feature","properties":{"Level":"ADM2","shapeGroup":"FRA","shapeID":"FRA-ADM2-965667B16843261","shapeISO":"FR-07","shapeName":"Ardèche","shapeType":"ADM2"},"geometry":{"type":"MultiPolygon","coordinates":[[[[142.8927010644063,96.795182072997],[142.43324200844677,97.33537819022824],[142.19956845772555,98.12039471866449],[142.58309913261243,98.17902221698186],[142.34969033188722,98.45493434220052],[142.56264764869542,98.69118715244336],[142.2720994077424,98.72810799646345],[142.46284827761315,98.95389192770311],[143.00204606505812,99.01132840224678],[143.51259191062377,99.37516093346177],[142.8115926652162,100.07100600285912],[143.79512430037923,100.33479575829746],[143.7107781277737,100.46886535910093],[144.05850421352267,100.48569373967958],[144.16048859461588,100.83167241360233],[144.70251694746483,101.00128868917704],[143.75251201247335,101.52971972506063],[144.0673678017124,101.83046790622808],[143.54204657788142,101.91197761280898],[143.09174081560627,102.23415417500803],[143.65835102661927,102.52500281492128],[143.30154280019644,102.60697352374251],[143.52264122109796,103.63845660665172],[142.96122622492848,103.90702716202736],[143.2542908447588,104.27027308833439],[143.06733723029188,104.5251031644096],[140.46272982064113,103.65444901829699],[140.544964875654,103.48376124134924],[140.10793081904706,103.42724174004347],[140.13364287312305,103.11728562280616],[138.92198983090117,102.8528793346909],[138.44875096809972,102.88188789345315],[138.3705090786231,102.76235509950392],[137.96717636268977,102.7759365967666],[136.96017058366448,101.96169238626271],[137.11123360394976,101.77129196170247],[136.73446388476737,101.66696936741988],[136.47508002398388,101.89408988041457],[135.77735703542538,101.85135972160313],[136.1141422670299,101.59082498607174],[135.44211413678784,101.51796857870629],[135.26728516846308,101.31803146418338],[135.8464650941563,101.19757868113147],[134.7799834772192,101.11928539056194],[134.54745509576082,100.94000142515205],[134.88265558655098,100.80014505378082],[133.87068421267898,100.8157640376536],[132.50906363976327,100.19541559305122],[130.86990170504598,100.03163236082784],[130.76890489551081,99.8230398859062],[130.0153092473539,99.75540476929321],[130.06942326309252,99.67320583045313],[129.81953432372256,99.72197836407139],[128.79876916756965,99.29779966809303],[128.88767039900227,99.26314135946782],[128.7159948054163,99.18409637074458],[128.88879223473973,99.1546308506147],[128.74959727506027,99.08235845095723],[128.95926107162495,98.9895591414573],[128.88489478584006,98.8859664857191],[129.30913748473947,98.76623856636174],[129.8010389464829,98.37498411490944],[130.5912805479564,98.26905926318673],[130.389418643032,98.2287224089562],[130.96402199076695,98.1685418381829],[130.45394398208094,98.12414643380274],[131.20484849665402,97.82973970284903],[130.92951808372214,97.80935068755774],[131.37692146953015,97.70572657412498],[132.67694780426297,97.75277434487327],[133.27384185406393,97.5778377008308],[133.9459693755195,97.56655246594326],[136.08200048901082,97.0131672790418],[136.25068288833205,97.35327312791716],[137.62753328826403,97.57751199103318],[138.0498361826426,97.44642894824091],[138.10281985507635,97.19300208159507],[139.0816390858613,97.03199131797363],[138.93833507343385,97.51873162525784],[140.7253754899609,97.36861906310216],[141.15670599693473,97.14053640648542],[142.2427437200922,96.89268186928501],[142.53002762830232,96.94059556051721],[142.8927010644063,96.795182072997]]]]}},{"type":"Feature","properties":{"Level":"ADM2","shapeGroup":"FRA","shapeID":"FRA-ADM2-965667B220356","shapeISO":"FR-08","shapeName":"Ardennes","shapeType":"ADM2"},"geometry":{"type":"MultiPolygon","coordinates":[[[[160.6826949906138,173.06167173936774],[160.52537822546918,173.10243841995663],[160.21765815517864,172.19866930961587],[160.60609240174725,173.62025235635394],[160.5299743573411,174.44366620449014],[160.3464026528963,173.86210090150112],[159.95937020877017,173.4635449549004],[159.93998413787003,174.19531587114972],[159.77401744069508,173.77386223906916],[159.66303040132593,175.24675381542977],[159.5207111162635,174.8992927840737],[159.24118145783638,175.61952416711566],[158.62267528744934,174.4079320234142],[158.92206871605686,178.2844820115376],[158.83722981155003,179.33336888424293],[158.6244288298234,179.37171237894972],[159.13509135934,181.98163318053298],[159.10620600576814,182.72089914288438],[159.33960263971176,183.98124852391229],[159.41204283648,183.6394694656861],[159.5456033917148,185.76474542274613],[159.33967212196666,185.61235271510856],[159.27747824154417,186.15141232448084],[158.44949559994393,182.23656840910303],[158.27520032662085,180.10360232825036],[157.82120554420447,179.06276336666457],[157.61394812487686,177.93377654394618],[157.25265171357222,177.49424791416857],[156.52259330939165,178.34279555813498],[156.02491046803098,178.03920655144515],[156.0921829222965,176.9852902596694],[156.36792929527832,176.68319150695424],[156.68870008897846,173.75615059601103],[156.90932200866223,173.27973789655906],[156.8187499369135,171.9932135701792],[156.61599280116522,171.68124151663739],[156.56115446244087,170.81657347170895],[156.33642280597576,171.15588042772993],[156.40236451373463,168.76186122547193],[156.28189577695565,168.66681038519374],[156.2989373449239,167.43229681727502],[156.17388408067956,167.35756642142],[156.1565181243422,166.72244438462943],[156.74691254940532,166.41602863514063],[156.7742207138917,166.0670861279325],[156.97158668466147,165.9625615243418],[157.09477826708488,164.8984805401356],[157.3893177628746,164.6498482365226],[157.63787814102676,163.1658733472812],[158.2910918774293,163.18514109263785],[158.28986330491753,161.5646147094357],[158.46972599865398,162.09016885584427],[158.59589291067314,161.5150837030855],[158.79692087373502,161.55180698624736],[158.90182888175536,160.79333189507489],[158.98958724745432,161.72414830366188],[159.11729761010903,161.98633882679104],[159.1065585384698,161.41689253536538],[159.3860909271357,163.27378301097073],[159.5227474592079,167.23086123778998],[159.41297688617243,167.93134037284057],[159.6023417488195,170.36362233868243],[159.6125991606524,169.71746533402066],[159.77470260732437,170.3855362842889],[159.87933585058022,169.89263254746868],[160.29031457562937,171.94738369999584],[160.6826949906138,173.06167173936774]]]]}},{"type":"Feature","properties":{"Level":"ADM2","shapeGroup":"FRA","shapeID":"FRA-ADM2-965667B56159319","shapeISO":"FR-24","shapeName":"Dordogne","shapeType":"ADM2"},"geometry":{"type":"MultiPolygon","coordinates":[[[[115.00617004230561,101.97682534886918],[114.54726320073027,102.60439500301584],[114.79412949495666,102.76144167240184],[114.3541771480968,102.86946725601602],[114.0645969395384,102.78713553708405],[113.68833969769727,102.94539085310342],[113.96145179336494,103.17083547168774],[113.82300558216777,103.28305188315093],[113.5262128668885,103.20968904399835],[113.53595935768436,103.41272547797065],[113.85875289788427,103.6156673085159],[113.48096903485565,103.81077271534453],[113.54788023389717,104.24440011229916],[113.72581138023445,104.25921292404252],[114.11126704289649,104.71779982706187],[113.90999849673997,104.93972061759243],[113.83721444499804,104.79708169576887],[113.82410826898136,104.98827667882448],[113.69375415654841,104.9441861047531],[113.6654784328502,105.17209693600148],[113.8750843367377,105.15874241641342],[113.91742682340572,105.3494800883106],[113.62278297361996,105.44249466676726],[113.47790367807443,105.40341689545241],[113.49546607129705,105.56789069996834],[113.0468636297331,105.64500294832246],[112.90805052167153,105.89231639834756],[112.72456930754431,105.82876730492313],[112.58090550162814,106.03987356482877],[112.9879683688954,106.43085578591649],[112.60727133201497,106.71516037211512],[112.30208375409833,106.5385867739494],[111.85517585665507,107.56781332713258],[111.25630269726072,107.75486343460226],[110.9121969337084,107.6504970810942],[110.71236367877069,108.02557758406346],[110.52235131207887,107.54700809006506],[110.33258926591282,107.55060728139105],[110.2772463722032,107.79174590797902],[110.07987050903864,107.82288736954943],[109.8704310373261,108.19864603011945],[110.06726991673918,108.83114161667312],[109.84775252860045,109.2227240591078],[109.20915473579643,109.37811862136203],[109.02833242580934,109.77752253614702],[108.65102299822205,108.93383540691674],[108.40852389398819,108.84749587105],[108.29083118994569,109.05260944524431],[108.1811307680799,108.79205430171854],[108.31032468051008,108.09735307864493],[108.04526986494305,107.95647288682711],[107.90952554730737,107.43427838108306],[107.73828025939044,107.55882981243117],[107.27817705029216,107.37420378367115],[107.29333325336243,107.20835119175256],[107.10525288843088,107.45176600954078],[107.2227203833429,107.15644061096286],[106.9595382149516,107.15758779077197],[106.87724536408241,106.59346195957792],[107.07223739109565,105.96487591764614],[106.97145699101586,105.71802055766021],[106.7568098733499,105.80507796114294],[106.63853141669487,105.54081188562647],[106.46444759377971,105.60544848003401],[106.47692796619184,105.36533430445782],[106.19551309685693,105.13553258427157],[105.97128420271594,105.41983194472486],[105.66537890918198,105.52408314171059],[105.32591773556813,105.27861829573921],[105.14014098721451,104.90544694031965],[105.32979896853472,104.81146270295098],[104.94587024382876,104.57764983776116],[104.78576389723473,103.91954291690107],[105.1006333099532,104.26063586341371],[105.63130143879246,104.33232053728764],[105.74162007731637,103.64517612862937],[104.96798547462924,101.89840553653512],[104.82892958058552,101.8997450596516],[104.59411658358869,101.31990220097146],[104.75515678419995,100.86963946990971],[103.78718110301631,99.49432536197234],[104.361792457012,99.70567386162804],[104.75082797609855,99.38403419363028],[105.11881302751168,99.7270031445161],[105.09947194561306,99.5227216385637],[105.8324698015384,99.8424269650424],[106.4124727742203,100.90996792587055],[106.86813104804031,100.55709185735705],[106.74333448702416,100.33899088795407],[106.48351036189317,100.28179292974778],[106.55100890402592,99.38069638633536],[106.8038362360614,99.09723265274418],[106.67273289058816,97.86183768153688],[107.17879843151037,97.96751548271543],[107.99920222394842,98.43718108726877],[108.05697749837654,98.27235806796281],[108.39904162772476,98.57748677842247],[108.6417114872875,98.43594416353781],[108.70345268922915,98.57178182655404],[108.84408817195401,98.18769984638269],[109.5427997915052,98.03798034738702],[109.55642957625591,98.15722747686716],[109.72171682105918,98.10097152339495],[109.802897467689,98.2613397097544],[110.23049322488794,98.13014891202124],[109.92854939239992,97.68813695365886],[110.05203901156722,97.51858097213255],[110.34233494966145,97.60670886804493],[110.40328189058627,97.77618895551198],[111.24819394664874,98.32147775926256],[111.5056385507439,98.17438014628672],[111.97531922073708,98.20759096853149],[111.98659584779249,98.06181823627178],[112.21685325659638,98.09271103070111],[112.14549692838612,98.21604439788963],[112.66061818690763,98.76669036808138],[112.61115400599863,98.99394839780567],[113.41314255432414,99.35437099857974],[113.65073117859272,99.62491360552505],[113.76846339037317,99.57186443605625],[114.03477511611743,99.98758461612233],[113.8351199298564,100.16067559428906],[114.34635567510247,100.36620735382242],[114.33369129494443,100.58260197062526],[114.62707459019214,100.66651074127645],[114.6998307913334,100.847794423399],[114.9046136143346,100.877430780856],[114.70623571803236,101.12383542581202],[114.93472321050032,101.1888417615833],[114.72665102974278,101.86737402030982],[115.00617004230561,101.97682534886918]]]]}},{"type":"Feature","properties":{"Level":"ADM2","shapeGroup":"FRA","shapeID":"FRA-ADM2-965667B12721637","shapeISO":"FR-26","shapeName":"Drôme","shapeType":"ADM2"},"geometry":{"type":"MultiPolygon","coordinates":[[[[164.9760026329286,97.43020289555528],[164.27978866205615,97.44619876670869],[163.26421386451892,97.7277706586345],[162.5803758641711,97.78848180332554],[159.94286908058243,98.60941254962954],[160.29666576265015,98.4039816143429],[158.1083756735947,98.90469582287486],[158.5418119433313,98.97214651610659],[158.08807653923992,99.05938569909289],[158.69570420656527,100.27106462689046],[158.12905043457593,100.75547108877268],[158.88263118760017,101.05578913274427],[158.41312664200262,101.28317872403376],[157.37910012367524,100.96539512845618],[156.35546311537792,101.11717306052694],[156.6900770953654,100.95748961765975],[155.45382624931503,101.2466145194778],[153.46411083240048,101.22214221540916],[151.10980321555655,101.46995315300005],[150.4747331808372,101.37138391285222],[149.98883303603336,101.51497978516673],[150.41828475958923,101.47594773909486],[151.67704754158748,101.93823183966677],[151.1306576925336,102.26242537436889],[152.2569736222484,102.38459392820106],[151.34387740349422,102.66908686227632],[150.26551136217876,102.6298850962264],[150.99317711808354,103.03532853901558],[149.22845572503573,102.93673417428847],[148.83858559308536,103.21878990880366],[147.96588256526408,103.2983238397065],[147.7878664561256,103.48060657999783],[143.52264122109796,103.63845660665172],[143.30154280019644,102.60697352374251],[143.65835102661927,102.52500281492128],[143.09174081560627,102.23415417500803],[143.54204657788142,101.91197761280898],[144.0673678017124,101.83046790622808],[143.75251201247335,101.52971972506063],[144.70251694746483,101.00128868917704],[144.16048859461588,100.83167241360233],[144.05850421352267,100.48569373967958],[143.7107781277737,100.46886535910093],[143.79512430037923,100.33479575829746],[142.8115926652162,100.07100600285912],[143.51259191062377,99.37516093346177],[143.00204606505812,99.01132840224678],[142.46284827761315,98.95389192770311],[142.2720994077424,98.72810799646345],[142.56264764869542,98.69118715244336],[142.34969033188722,98.45493434220052],[142.58309913261243,98.17902221698186],[142.19956845772555,98.12039471866449],[142.43324200844677,97.33537819022824],[144.73427729299289,97.25513938662544],[145.87093527188352,97.04980607317867],[146.74466591951065,96.41869097662396],[151.52934187294292,96.9503102024909],[152.98987195739087,96.56937943121598],[154.11611773797964,96.71848691891843],[154.41849959998993,96.17103167017957],[156.92771696244506,95.94027880016816],[156.80637872810678,96.04203251241131],[160.4812320779309,95.70592386062148],[160.77283373302416,95.43833383768379],[161.76102332975435,95.41159950913917],[162.20835024779734,95.27194070528435],[163.00227098412924,95.27687457532343],[163.9636322836264,95.41401898830239],[163.64097297570981,95.47572349605699],[164.153066227137,95.52616774415159],[165.0961748662961,95.33036266479121],[164.7109046254551,95.50804343903968],[164.90829838285595,95.49672689635688],[164.53701856393482,95.81825343226937],[163.58804084245943,95.97025123397194],[163.75056005273848,96.0645416033359],[161.80156667273062,96.36147814268232],[161.36460417109942,96.3353845507124],[159.74317950867356,96.66717047197797],[160.02402078355274,96.6573406664709],[159.21704231527227,96.89015957996163],[160.7879901390154,96.8260526569708],[160.04956857680736,96.92771221682963],[159.6125924691221,97.16055470574386],[162.6832318420557,96.71022721992473],[162.9750778452249,96.81737344212016],[163.5625320631388,96.74042491785377],[162.23642588538578,97.08895160171232],[162.79471903403976,97.28369237407485],[162.5426815665208,97.48801241308227],[164.21884187480813,97.21997243941607],[164.3854991446454,97.29199078041941],[165.00944596453672,97.1937953012721],[165.4839130067426,97.32898623430798],[164.9760026329286,97.43020289555528]],[[146.89161428772252,97.40481910912519],[147.56507834289627,97.85690611321472],[148.62802691257443,97.93147263156641],[151.139549223147,97.53984596902359],[150.18514567021037,97.41896043099835],[149.94877892741707,96.88374382609021],[147.72237203374723,97.03962329198148],[147.53754484348258,97.33757068621581],[146.89161428772252,97.40481910912519]]]]}},{"type":"Feature","properties":{"Level":"ADM2","shapeGroup":"FRA","shapeID":"FRA-ADM2-965667B3559173","shapeISO":"FR-91","shapeName":"Essonne","shapeType":"ADM2"},"geometry":{"type":"MultiPolygon","coordinates":[[[[126.579910715321,134.80650411362333],[126.40340163231059,135.00278587867842],[127.53404695748301,135.08058539076413],[127.55837249789472,135.54610711064385],[129.11507329746624,136.10335400669123],[130.95645488301489,136.5129352010038],[130.30072466411164,136.82281880695993],[131.6520237687771,138.75505656149366],[133.2015724035874,139.35933486706116],[132.97237064404712,139.633640020452],[133.939211567036,139.9424024660066],[133.90087088327368,140.84835632506054],[134.92044140375185,140.95279413244748],[135.27499840190137,141.8344641914157],[136.86157582948823,142.65073283594086],[136.93683557157445,142.29229069744775],[137.92133858625826,143.48867932195378],[137.14756575604935,143.20357217894062],[136.87673840733078,146.48728009775064],[133.66149608599824,144.7544349314002],[132.76555432358327,144.44940109417934],[127.16609859200977,144.63219460729647],[127.10948907002056,146.5444455696922],[125.80205924394282,146.36730687920198],[123.0440732739012,146.62157090981796],[121.97132468378547,145.2529604810581],[121.60456915404194,146.15745731941036],[119.82632025484807,145.71631212110404],[118.99284622933796,146.82035884561273],[117.80970098105333,147.95811377066542],[116.46936088746634,148.24820095573745],[113.75705241037076,149.22324137040917],[111.46238509108932,149.14061416448365],[112.7315708297184,147.67901289563451],[110.33041356986536,146.6628470074944],[111.343768789199,145.93308698342327],[111.98572308568887,143.9465097398443],[110.93437368223223,143.7385124671829],[111.59162073675755,142.72842624808519],[111.06607486876835,142.8368690322771],[113.69995439825333,141.3266788586441],[113.31076223273433,140.87169237692564],[114.05385517389786,139.4264277735486],[112.35423458562047,139.35593869742732],[112.63879321993267,138.9324726010982],[113.9682991208964,138.47100371232239],[113.53333074824346,138.1500299221766],[114.24879166437896,136.7265685795757],[114.85258715044084,136.500317756969],[115.2150303695576,135.75907458405905],[116.02000961039363,135.8708417086695],[116.11323168567438,135.46367259591085],[116.68935821650578,135.2312656903026],[116.61126441872062,134.76567808318464],[117.05145252403014,134.25482707137564],[116.7910938648435,134.12227880724657],[117.47663696974394,133.7366696956544],[119.35661737155111,134.14704029722304],[119.34289963160347,133.90482660178316],[120.53808999069163,133.9260912543411],[120.19573425114595,134.35057695793574],[120.88789420207118,134.23874387719425],[121.47303303541129,134.99438567833684],[122.48327354847044,134.73263218870312],[122.44258397564252,133.96548560416613],[123.01310315056853,134.3565999872869],[123.74087488041751,134.24445229221973],[124.68439529397145,134.85329009601327],[125.35325078237754,134.42290893296556],[126.579910715321,134.80650411362333]]]]}},{"type":"Feature","properties":{"Level":"ADM2","shapeGroup":"FRA","shapeID":"FRA-ADM2-965667B89908871","shapeISO":"FR-27","shapeName":"Eure","shapeType":"ADM2"},"geometry":{"type":"MultiPolygon","coordinates":[[[[92.07144574004924,171.44331775643812],[92.46938990935735,168.58698221531725],[92.30958465674262,167.9022735756364],[92.47262275837764,167.25363257193882],[92.37724789829595,166.8862404672614],[92.59364277542045,167.14351872794785],[92.84304182542223,166.66560558858225],[92.82268456810995,165.99676168597315],[92.42730584749029,165.87213795672764],[92.89421696928862,164.46090378000122],[92.97677955300958,162.2150919134283],[93.18935535904416,161.9781207439589],[93.02656448906203,160.3482740861964],[93.1193298510544,159.48052715424606],[92.96938747173607,159.7160279896171],[92.8921521198335,158.2789504582694],[93.12871883079163,157.77810498681455],[93.02263169799448,156.81929837162247],[93.14537394363802,156.08933217195403],[93.2401494148967,155.45227174753214],[93.53507605232636,154.9782168315944],[93.64146083665524,154.9768738779828],[93.66460319862075,154.8240525183955],[94.10846756098763,154.52394150020683],[94.09992216157772,154.8192260407546],[94.25734857473316,154.4375632482773],[94.32609218977986,154.47897132113746],[94.44324447284085,154.06568935237183],[94.57369109724563,154.01191698669084],[94.60349094994577,153.70030686599165],[96.36375501749004,151.48308670770012],[96.4078940058236,151.2362535806876],[97.50250476705733,149.994115403391],[97.59498519075542,150.06860529237218],[97.34473894895214,150.56960970240365],[97.5295353037146,150.3280481196147],[98.11891301882169,150.01049090521468],[97.93164564701564,150.4797119597606],[98.43175745588388,149.9123142662361],[97.78200506985044,151.00697030667507],[98.3752912105839,150.26065691325527],[99.63666963306994,149.08064929333895],[99.58847067507071,149.5270972879793],[98.44472339071616,151.31867155750038],[98.30736223369527,152.55535751704969],[97.99473835689882,153.50794157296787],[97.46919564835926,154.53634324060582],[97.52502559689047,155.37359886734316],[97.26452019216568,156.19916008432682],[97.32319819908935,156.9675056415737],[97.08626706509435,156.48447902634265],[96.73542619563437,159.50963820246022],[97.01112404727004,160.37068088478685],[97.0413216387681,161.57941753171806],[97.09645671767645,161.00037222581167],[97.79404299471506,162.7279128710131],[98.21760886471696,165.13623411361385],[99.5193582916057,170.47936642537348],[100.61606986472498,172.1927423066983],[102.83014745378105,175.70678733090259],[102.92957257961919,175.49791071923886],[103.29341908129169,176.44362039952102],[104.1714052952546,177.94129684897055],[103.55929004135115,177.17765748149137],[105.23727188289902,180.55820723812616],[104.98644736617214,180.5077662737195],[105.84922478416566,181.48350970225374],[105.22011093120904,181.04839148700867],[104.33225241911367,179.63144199932802],[103.5402579271606,178.66991016160512],[103.65691961677638,179.19113418126648],[102.64104153600542,177.76062983991469],[102.88448248006694,178.23822821284966],[100.99059964681969,176.67483958702633],[101.4491365027975,177.37112470519043],[99.67047502775876,174.75456669992298],[99.23695349957559,173.604321786362],[98.00750792212276,171.4102848425679],[97.58237465865301,170.22520208698674],[97.28172087679522,169.90240357524934],[97.17366592722163,169.32109356643423],[97.06488129199212,169.32944475762477],[96.69170403802794,167.92476576505712],[96.27142964206416,167.19140067333186],[95.97313354313364,165.677571653979],[95.66751825935329,165.27733816084574],[95.81533969744814,165.69519176315936],[95.71415570818773,165.5558729720795],[95.85394107567947,166.33386825272476],[95.7066434063046,165.90234046396483],[96.10632959184663,167.92622763670127],[95.78909317873035,166.87559165584372],[95.92692143285211,167.78193335678196],[95.78356113878091,168.1336717072824],[96.03356719389706,169.09392474396134],[96.26549157720369,168.92924770311228],[96.565495003503,170.79959472916545],[96.31458500289548,170.25171623195374],[96.42222707062777,171.10597349497456],[96.06352593026126,170.8898123393882],[95.93168010588943,171.7819746626517],[95.95995433154131,171.29731653141314],[95.68559341939168,171.4097665928144],[95.31312791287839,170.67217502370298],[94.91715418411789,170.70958759648317],[94.73019070840728,171.09470806968213],[94.88978282819645,171.69276905630585],[94.38764227551471,171.25741952195764],[93.65953835458171,172.8581129655618],[92.54614003642914,171.52052387815405],[92.07144574004924,171.44331775643812]]]]}},{"type":"Feature","properties":{"Level":"ADM2","shapeGroup":"FRA","shapeID":"FRA-ADM2-965667B92055469","shapeISO":"FR-93","shapeName":"Seine-Saint-Denis","shapeType":"ADM2"},"geometry":{"type":"MultiPolygon","coordinates":[[[[146.47292139264852,174.2416932890537],[145.23433697174622,175.20442682435487],[139.10102666481083,177.99630051770072],[138.17745491269156,178.19718890058738],[135.2467794384061,180.17072409856212],[128.71785361281334,183.2476767056982],[126.94244325261324,183.68331585792765],[123.18177668367969,182.76780597943787],[121.85922922929801,182.98837929814],[119.63857308654195,183.11116695300694],[118.17577830203379,181.8757958579978],[121.84289996843833,181.9028792241324],[123.14544822733686,181.71564951631598],[120.50900606656532,176.58801178805174],[124.20311025788588,176.81770382537525],[126.33683991515551,176.76308597703925],[128.96766003114104,176.43642423211173],[131.81868871804096,175.0439616258942],[133.476990386389,170.61991338290449],[134.1474899442411,168.35612671130494],[134.52237001335138,166.13174606240753],[134.41144295442956,163.26486331380914],[139.53693329778048,163.47390649750028],[141.54864691227488,162.65001893603218],[144.11378520186682,155.74836360207567],[144.24209911685767,152.84878593281763],[146.52609006287346,159.24110170336513],[146.0636255280467,163.14953907771866],[147.28128421604941,162.48743658355247],[148.42944385573205,166.24024703811168],[148.23206162121517,167.7349907159683],[146.9513953456418,171.884853424814],[147.80383818368549,170.74431071197748],[146.9413086176922,173.3824454813964],[146.47292139264852,174.2416932890537]]]]}},{"type":"Feature","properties":{"Level":"ADM2","shapeGroup":"FRA","shapeID":"FRA-ADM2-965667B9396810","shapeISO":"FR-89","shapeName":"Yonne","shapeType":"ADM2"},"geometry":{"type":"MultiPolygon","coordinates":[[[[140.00621919863914,131.92510411241932],[140.1984944699022,132.27115109188793],[140.00493190599937,132.25656283548219],[140.28167244935457,132.50916728549348],[140.0118088948396,132.3682696608332],[141.42578966826215,133.81768232103053],[141.55253105413706,134.21716979304244],[143.4712961036512,135.83396186749272],[144.88031286510312,136.60917730975234],[144.77312740877713,136.70262275004882],[145.70797165628582,137.0646929112684],[145.47076303628415,137.2596929398519],[147.27598804341994,138.42548990560925],[147.86818039068794,139.0605800635953],[147.68584898407596,139.0511212614508],[148.24797133330864,139.60989946172595],[147.23724207593142,139.00579510842908],[147.26837264263105,139.3060478118312],[148.64691175364632,140.2482396727554],[148.57098825540814,140.35819249686108],[147.84768047269415,140.00633816780984],[148.03430264839477,140.4074733247421],[147.4252412776799,140.03748623304278],[147.71770822030345,140.18097496232588],[147.0372319277239,139.64432931776037],[146.97046109045442,139.75473449913954],[145.48795094019485,138.70034588572906],[145.65611878356634,138.9152697233929],[143.0431800895196,137.34347301511653],[143.9879205312476,138.25089948858758],[143.22597893691128,137.69516453985855],[143.68575349328353,138.08615462400275],[143.5901139415456,138.2322019887863],[143.878519700909,138.4589642082442],[144.07273889028284,138.93939211768992],[143.66809174827142,138.70082183305092],[144.23444650848174,139.18464775255762],[142.83122026865396,138.21948591108583],[142.93660634526051,138.54718783814974],[142.34143811970853,138.04146147661407],[143.33915978153337,138.96781897432203],[143.19455018325968,138.93395675985647],[143.76541330215156,139.34664105629795],[143.69814172845008,139.51958423261163],[144.106585876519,139.86431996715226],[144.21326657670465,140.5495207768958],[143.0592334715305,139.67584544940362],[143.50881914677058,140.22964425899852],[141.8190910732189,138.86616060504326],[141.25345133423735,138.2529913320352],[139.09742776617819,137.15037286801046],[138.44057136929752,136.9357308276721],[137.17690286648252,136.0063584519657],[136.96900850545865,135.5474894894368],[135.76365633523673,134.38175942452173],[134.63143386042265,133.98134483824686],[134.4095598393219,133.69288021605655],[135.2051629697822,133.44199796267372],[134.86524344658474,133.11321609326603],[135.07361523117396,133.22224427708855],[134.7504077681502,132.65969017267167],[135.06611199482577,132.44936600989],[134.69826610500016,132.16868615044925],[134.83471441283206,132.14583412211329],[134.49004936265885,131.64196444679794],[132.35262291919753,129.79714572605442],[132.61796153986973,129.81093542414888],[132.02070522734874,128.97121001866034],[130.04059432628534,128.58363406669662],[129.78395394599377,128.26738146256693],[130.04245568506343,128.34486066649495],[129.92376615575463,128.23377151551387],[130.2578928017893,128.11069088213586],[130.08000314441927,128.0226707346146],[130.27596619999383,127.88320531243275],[129.73565539669173,127.59990859020388],[129.90992635264243,127.44432310643683],[131.50596714798036,127.55157247887865],[131.20629140997357,127.34141624432395],[131.47576812941077,127.2371761130403],[131.92500132235367,127.32036995051342],[131.98266263040273,127.1554550257406],[132.59203609743744,127.50528365682976],[132.94432445024086,127.48075827305115],[134.51063894685666,128.74969652857422],[135.0044988751523,129.4197710005772],[134.9952852589739,129.27002211619754],[135.4733516622106,129.4886442587297],[135.2510277127372,129.15231039307318],[136.11711370968752,129.72037580511784],[136.23334009288828,129.59404098906708],[137.10327354136075,130.07221079639885],[137.84689485806356,130.88950219259823],[138.11153277044647,130.9666230191698],[137.59531338945243,130.38350835182433],[138.71116472083352,131.23753867415311],[138.40632577938663,130.81953243636502],[138.84408667886026,131.04686006744507],[139.25985856381953,131.49533823662296],[140.00621919863914,131.92510411241932]]]]}},{"type":"Feature","properties":{"Level":"ADM2","shapeGroup":"FRA","shapeID":"FRA-ADM2-965667B80810876","shapeISO":"FR-81","shapeName":"Tarn","shapeType":"ADM2"},"geometry":{"type":"MultiPolygon","coordinates":[[[[122.24304512118117,81.5540712878576],[122.8139167018904,82.71796875437965],[122.75125170076663,84.41927934880985],[122.84471640179038,84.34542768684392],[122.52758179658,85.824074758756],[122.60590454647311,86.3720726765713],[122.50655079870573,86.7986072508865],[122.6527757536864,88.58921692521125],[123.05228394268894,88.25689605043839],[123.27127457420784,87.41669024275184],[123.63459801273076,88.28147192788435],[124.27100992541953,88.75031030485829],[124.47922573506546,89.70603438854936],[124.29806614652986,90.50552022863063],[124.04840405535572,90.45394778899941],[123.74848853766704,90.80135412565151],[123.20334941355085,90.13477420047128],[122.86110263974416,90.3007317971669],[122.2076214171276,91.84903128685355],[122.32391107779056,92.47045040940391],[122.16366625697191,92.66396794214668],[122.17574716791398,93.21322494017062],[121.84529493209514,93.31583351211847],[121.94019219381047,93.6847483036266],[121.54090435119278,94.23549221827744],[121.24993879706567,94.20410762798812],[121.09938783517399,94.53170969432762],[120.75546440737104,94.71711941883808],[120.51417461551551,94.64636473450572],[120.54820536582127,94.80493966436185],[119.89058998224601,94.70111360749605],[120.19593484375953,94.92411890264559],[120.00728910231209,95.04635426894562],[119.92454700182277,94.94606901360297],[119.65543592759117,95.3437234561838],[119.37698750642188,95.26391547687511],[119.35283150359585,95.0847105665755],[119.33832009765592,95.2310244574573],[119.06306365398265,95.2408450611714],[119.12742986183976,95.07099571550117],[118.718552502331,94.85213030599778],[118.6056262283698,94.78519224451122],[118.11791699047075,95.0055313996551],[117.99334039208625,94.9028321857968],[118.22837491028648,94.78078815371296],[118.12110580437555,94.66587238396376],[117.53700606609041,94.81974118079572],[117.58603728386765,94.40439427839294],[117.27950147844727,94.64393140386646],[117.21797721880733,94.40456119088348],[117.00986890759611,94.3663521484428],[116.79430743707744,94.55178796785418],[116.17431701407432,94.51756443710678],[116.17705440908311,94.08458555522488],[116.52158954732994,93.83507523650103],[116.27331301634295,93.48427908498971],[116.10105453606553,93.49233706886903],[116.16374235750688,93.33168806219693],[115.98183860782294,93.31369323609952],[115.83625586673818,92.94848456611126],[114.89586167116661,92.83699491549051],[115.38538191230954,92.65499329683107],[115.31023820954542,92.33751392491743],[115.09369571727042,92.33916580550147],[115.48209527393333,91.05293919131185],[115.7720580422293,90.97603768607051],[115.81822989282108,90.43194366450712],[116.54871664669642,90.16718402875534],[116.69116665590245,89.36098796168501],[117.28360525422292,88.71589362378347],[116.88729669638,88.46819152554913],[117.4503734953378,88.22660037443201],[117.59272125117464,87.32948262223277],[117.206173033793,86.37181051629646],[118.06374537929418,85.35983806221768],[118.6667912933133,85.12798660050946],[118.83501293843624,84.28903934466682],[119.09112078407425,84.09042925936195],[119.14943723372039,83.36504194923796],[119.96199063802159,82.31375980086568],[119.98288444280433,83.3528560543908],[120.10553991114895,83.07490163036182],[120.09874415055378,83.51809077266181],[120.14112267468444,82.57499204426999],[120.00967538570262,81.99078047067826],[120.0509112485484,80.85758152238259],[120.06646202848376,79.81136818696761],[120.58314967205334,80.55557073002025],[120.64677362177416,79.74921389190317],[121.00235066663717,82.04520235325627],[121.1051643162667,81.45779658005937],[121.20615880902108,81.69814648357897],[121.51927123083058,81.02416347588998],[121.69452456903556,81.61970315862622],[122.24304512118117,81.5540712878576]]]]}},{"type":"Feature","properties":{"Level":"ADM2","shapeGroup":"FRA","shapeID":"FRA-ADM2-965667B38619303","shapeISO":"FR-83","shapeName":"Var","shapeType":"ADM2"},"geometry":{"type":"MultiPolygon","coordinates":[[[[175.68671436887365,70.21797261501148],[175.75541815781136,70.09055201095532],[176.65346433525326,70.96000014414057],[176.1248587454156,70.81661570434225],[175.68671436887365,70.21797261501148]]],[[[172.19601412566544,69.66705818539013],[172.7839428306454,69.41349289924719],[173.39631726950057,69.91986112792723],[173.26658566968598,70.31500825904105],[172.85733383816984,69.79789901452715],[172.19601412566544,69.66705818539013]]],[[[174.88313736848147,70.02103969747331],[175.31410163363785,69.90137766183003],[175.5377676292075,70.26468300392952],[174.88313736848147,70.02103969747331]]],[[[165.58963518747834,72.05208880445727],[165.92704960251348,71.92039410061125],[165.61605892100863,71.38066274492978],[167.10873510486525,71.08197331608098],[166.8406531851072,70.74960504149999],[167.52493629971838,70.72428632942032],[167.13154252851893,70.01859182837919],[168.0595392675508,69.79375472209117],[168.7098257911016,70.49638645156747],[168.87382938931913,70.32682566948012],[169.4791618229486,70.60937418315584],[168.67156544595468,70.55692311130937],[168.95231466691436,70.96300786372292],[168.5335146982299,70.86747749760539],[168.59823849344076,71.1258083397299],[169.25028907712067,71.4127339453409],[169.1788632915322,71.0379765244839],[170.41096485117492,71.17096547723186],[170.4454486297052,70.7840546839571],[171.7689751569183,71.04804055431808],[171.8277647757157,70.38884527071578],[171.36630857300318,70.24098756934023],[171.40107492180766,69.99942724507528],[172.38586616852882,70.27730836571378],[172.12920271974355,70.27986243455854],[172.1945957534849,71.18791933030121],[172.74039983235286,71.9481533585033],[173.48261878248059,72.16202475175287],[174.79218269688766,71.54325673415083],[174.75536706021603,72.50369916612294],[176.73653531115758,73.07002388260555],[176.84850769461124,73.54823028695719],[177.58383115267935,73.43010213821171],[177.99442301888075,72.84859631175595],[178.33122827626045,72.99898622537056],[178.17907807761355,73.39431999037734],[178.68767363923016,73.61240037298143],[178.30191681439476,74.6086971425666],[178.63636912113793,74.9902496307053],[178.2976057222569,75.29828545941335],[178.16687760818763,75.02550565671254],[177.13770629704337,75.12445811991188],[176.95482227370223,75.49944164863678],[178.0654687260029,76.05316377216907],[177.93101489553968,76.47044741730147],[178.5529338294602,76.65302391132292],[178.66662755923116,78.07359326893665],[180.2943792531014,77.6558907315031],[180.15060628322613,78.11422781694007],[180.43747624011309,77.90771659340199],[181.09153068231996,78.31252721152752],[181.02155150651257,78.93030714648543],[180.2006714309441,79.51875096801406],[180.23512566886777,80.05246979915603],[179.96821030458415,80.12935476804485],[179.81932804823677,81.94042091727086],[179.32890773956657,82.45913920451349],[178.90457660672737,82.36975291964401],[177.37116194120733,83.46343693679628],[176.74723463286088,84.18377423676117],[175.60049354451587,85.13737301550634],[175.50588720929687,85.61555913037958],[174.288174320716,87.5128497816953],[173.56730893220376,87.9572320663165],[172.67330910289877,88.97133501819988],[172.4148367121899,88.9462749975415],[171.29049940059048,90.67029950144278],[170.67492724498612,91.48388060477875],[170.72053453514317,90.88416961339871],[170.22761063189898,91.92103753196258],[170.18681560191865,91.68786695892443],[169.7733655483757,92.04756485719213],[170.06156885010463,91.23438367622512],[170.12407125101092,90.60305962858389],[168.83387097839596,92.88883121161598],[168.67560579477023,92.98741772954222],[168.81131567062494,91.95066932012043],[168.6092715938249,92.2907130652256],[168.72239217480944,91.34276157453529],[168.627221015466,91.1784943933002],[168.72164043438852,90.35140801109898],[168.28843246476308,92.14932661981337],[167.72489936742443,93.00518781803129],[167.6506201895166,92.95267869201739],[167.7427327411586,92.62705574377136],[167.5697372052752,92.27773817943387],[167.35605145027898,92.8634294947591],[167.05648946067302,92.95207109975486],[167.02818332317784,92.45084963232901],[167.02429033647243,92.31336208976978],[167.28620077901417,92.21822061615748],[167.39819353163588,91.53758525334497],[167.5187811895184,91.42571082145554],[167.53370905361274,90.39416490251442],[166.74859762138266,89.51584595575291],[166.57377078736494,88.3480676991872],[166.77816326591724,87.07937363704443],[166.3774456688953,86.68306195518937],[167.24162168132017,85.70220471267983],[167.0251112944855,82.68720159847115],[168.29021603273384,80.24416902927854],[166.82031182202348,79.21379375104615],[167.03463657353655,77.76409364070415],[166.52106908715743,76.47800728425703],[167.23002279681143,76.51564305085944],[167.57382283802508,74.90974986122924],[166.1016344342407,73.72419346925908],[165.58963518747834,72.05208880445727]]]]}},{"type":"Feature","properties":{"Level":"ADM2","shapeGroup":"FRA","shapeID":"FRA-ADM2-965667B57395741","shapeISO":"FR-84","shapeName":"Vaucluse","shapeType":"ADM2"},"geometry":{"type":"MultiPolygon","coordinates":[[[[167.02429033647243,92.31336208976978],[167.02818332317784,92.45084963232901],[166.63731080304808,92.83156311688745],[166.50160615061162,93.15981314908197],[166.02794437419124,93.55812577200219],[164.92171340008818,93.12600888562675],[164.888416611126,93.53035003241328],[165.30140038253336,94.15550966034499],[165.05302405492725,94.10795093504086],[164.80611100873955,94.22932594014631],[164.0903825365658,94.09320506365162],[163.8812570687533,94.97435844482243],[163.32428117281864,94.91280351392189],[163.00227098412924,95.27687457532343],[162.20835024779734,95.27194070528435],[161.76102332975435,95.41159950913917],[160.77283373302416,95.43833383768379],[160.4812320779309,95.70592386062148],[156.80637872810678,96.04203251241131],[156.92771696244506,95.94027880016816],[154.41849959998993,96.17103167017957],[154.11611773797964,96.71848691891843],[152.98987195739087,96.56937943121598],[151.52934187294292,96.9503102024909],[146.74466591951065,96.41869097662396],[145.87093527188352,97.04980607317867],[144.73427729299289,97.25513938662544],[142.43324200844677,97.33537819022824],[142.8927010644063,96.795182072997],[143.8772502721739,96.28060229170269],[144.5700593690044,96.27145162448909],[145.18257111318334,96.02597062308324],[145.38549654827074,95.05343890808517],[145.90411626333875,94.7222996904884],[146.54167551460762,94.84619882627644],[148.63390530436072,93.76863878225157],[148.74974499968965,93.4135893099073],[148.0864840621153,93.42697552989256],[148.25711429271027,93.11876661953414],[146.7820072650182,92.56336913725055],[149.4055073829036,92.36774011252494],[152.6866710442466,91.69262578110573],[155.03629028726567,90.51230863211133],[158.34693950572455,89.86572249670705],[159.68290743145837,90.47449731887471],[161.10581676099105,90.44428093834387],[163.247371825143,89.59591133126101],[165.7692523783902,89.73967275577749],[166.47764200346904,91.12033308668434],[166.8363652290554,91.18561291249728],[167.02429033647243,92.31336208976978]]],[[[146.89161428772252,97.40481910912519],[147.53754484348258,97.33757068621581],[147.72237203374723,97.03962329198148],[149.94877892741707,96.88374382609021],[150.18514567021037,97.41896043099835],[151.139549223147,97.53984596902359],[148.62802691257443,97.93147263156641],[147.56507834289627,97.85690611321472],[146.89161428772252,97.40481910912519]]]]}},{"type":"Feature","properties":{"Level":"ADM2","shapeGroup":"FRA","shapeID":"FRA-ADM2-965667B98365372","shapeISO":"FR-41","shapeName":"Loir-et-Cher","shapeType":"ADM2"},"geometry":{"type":"MultiPolygon","coordinates":[[[[114.04758958205159,131.45881092111446],[113.06547862867578,132.5918592583323],[113.28923622673403,132.20388101506555],[112.7213595070235,132.6862182462142],[112.74495525864288,132.50798260586353],[110.81567965157114,134.07685787043852],[109.6669631001162,135.58131344975902],[109.06411893933799,136.1066852451939],[107.17403588343714,137.2331754915798],[107.60753620425325,137.09712358632822],[106.68724781294728,137.7396511316847],[105.4900380846142,138.9584803333538],[105.21022344517195,139.08042071176055],[105.66426169770617,138.7325446633845],[105.84554048054444,138.38767100471642],[105.26278311457943,138.81245557287735],[106.13934584456932,137.74371957291686],[106.38911183588885,137.12875587683118],[107.3368833047835,136.18020308655667],[107.00906234814966,136.2984829385728],[107.50309675952802,135.77394685980087],[106.6909000836879,136.2383972435755],[107.34748394715737,135.5828649671212],[106.9022028524036,135.29149113602492],[107.10764477996977,135.03588525542193],[106.20786140130467,135.26099391338812],[105.77998628458275,134.94712058539852],[106.25119151415535,134.47063487243588],[106.41454416094626,134.61911087089166],[106.73069803784455,134.3314557409812],[106.61529817823714,134.18500103782668],[106.97860624245511,134.22730053428603],[107.478589086829,133.7644039080221],[107.76989156059423,133.82914208576275],[108.80761891242668,132.99522767220495],[109.17026221024433,132.93096393284284],[109.0686648598627,132.44127194064785],[109.41623291337507,131.58831209668864],[109.70575460219388,131.5023905314523],[109.89576156111889,131.68690387317218],[110.61627908947672,130.9552307094791],[110.83439524484585,130.39112229523346],[111.04542569743154,130.54542445178382],[111.65283854637782,129.83575527234328],[111.47233888571726,129.47726787415337],[111.80152052717997,129.248460351316],[112.26066885281386,128.38998878834946],[112.7999684830695,127.91894331214506],[112.68015292813504,127.76003625438685],[112.38338205091418,127.96121022080504],[112.90111558073912,127.20358884826331],[112.78173194937065,127.01566122577265],[113.03798373998359,126.68513715321212],[112.82877037247115,126.51364004771676],[113.71499081487941,125.22952878749494],[113.78669832784942,125.39113543178001],[114.16637467266168,125.28075338457363],[114.98116263804053,123.7354327093031],[115.8471602383291,123.53540507799298],[116.34783915275123,122.93085565445344],[116.27732967719012,123.31653978173267],[116.73350924403503,122.95679259083063],[116.71702570299739,123.13820327879009],[117.22484243978289,122.54464725816791],[117.53795224625112,122.46911325068777],[118.37963648797275,121.33953060622972],[118.5681295678157,121.13767670351902],[118.79728851360414,121.28961629124439],[118.68481088792267,121.39446539762972],[118.96094031446293,121.63887550895855],[119.27022882538621,121.56727283394775],[120.62271449397244,122.33483880081675],[120.3540039757485,122.534083634268],[120.34684137541029,122.87082865740201],[120.19777519693966,122.78478062200679],[120.41336462249706,123.36584110706401],[120.59147102093763,123.2906056527493],[121.07557233998861,123.77492799046061],[121.1771967195394,123.51446814432873],[121.54465905111923,123.74277245957883],[121.71451470093851,124.45026029021571],[121.21083316908793,124.26216892726367],[121.45925885757156,124.63539634488282],[121.3245484866062,124.82085208371278],[120.70770545034136,124.63862227155099],[120.64960312810916,124.91596576780029],[121.88817592966306,125.60687498982492],[121.80236266842753,125.99999352840295],[121.64475041511665,125.88940589195595],[121.6683938211087,126.05446970265197],[120.47458880207508,125.81197824778596],[120.05201724596861,125.86017616401439],[118.78280718975807,125.49793918334319],[118.73591174677333,125.72043549240658],[118.17228923612578,126.0383265876889],[118.14978135035446,126.2134052325219],[118.07721882482089,125.87897313361351],[117.7382776607891,125.91663582126075],[116.89610768357204,127.17679893467239],[116.05954283788742,127.61491409211874],[115.77233306860168,127.51266397606233],[115.8754279833476,127.56296256107925],[115.34733114006345,127.94101232562443],[115.44457909782463,128.12443479922976],[114.9296418207387,128.9573434460237],[115.22568998812436,129.32782742006773],[114.32872080178947,130.72814557618725],[114.41849564102377,131.13734630618674],[114.04758958205159,131.45881092111446]]]]}},{"type":"Feature","properties":{"Level":"ADM2","shapeGroup":"FRA","shapeID":"FRA-ADM2-965667B82454595","shapeISO":"FR-47","shapeName":"Lot-et-Garonne","shapeType":"ADM2"},"geometry":{"type":"MultiPolygon","coordinates":[[[[100.37127672911032,86.62100767463467],[100.7461635043116,86.90438218029973],[100.84312218725395,86.74508708173875],[101.17624970834453,87.16348425879713],[101.48157451168404,87.33101329135981],[101.41302076909636,87.23083163543168],[101.90950718893998,87.33449900318364],[101.93026499625564,87.44894289605139],[102.38170178941016,87.64752406589895],[103.37034242804786,88.50862628109614],[104.25095812359858,88.9998240176572],[104.90300237091357,89.59766056227012],[104.92327334695536,89.2143958065644],[106.04433666180464,90.33516390409449],[106.84693564405029,91.3331344050998],[107.01542195044237,91.39769495533342],[107.27331691399039,91.90837925235155],[108.02149145024975,92.20920148001844],[108.49066523690298,92.57253679403868],[108.77455109274311,93.09759123712442],[108.37201036261604,92.88292308559187],[108.66398186598488,93.2184984273587],[109.2028777650379,93.47451747142924],[109.99318341910798,94.65330780962168],[110.27443473102866,94.86720544675958],[110.11038091753983,95.04401162477117],[109.69008635458707,94.92927819536646],[110.34411980357714,95.87093239236657],[110.5557539554257,95.97410045368757],[110.54558465603023,95.60047839025289],[110.68379846868797,95.80200737819553],[111.68432548330188,96.21616436385798],[111.75041415018214,96.36358928170105],[111.7631395899935,96.82677846994568],[111.55668984551698,96.76669280266356],[111.4890767644115,97.25808890601076],[111.21854108992653,97.51344434777187],[111.47263799739471,97.54376306311114],[111.98659584779249,98.06181823627178],[111.97531922073708,98.20759096853149],[111.5056385507439,98.17438014628672],[111.24819394664874,98.32147775926256],[110.40328189058627,97.77618895551198],[110.34233494966145,97.60670886804493],[110.05203901156722,97.51858097213255],[109.92854939239992,97.68813695365886],[110.23049322488794,98.13014891202124],[109.802897467689,98.2613397097544],[109.72171682105918,98.10097152339495],[109.55642957625591,98.15722747686716],[109.5427997915052,98.03798034738702],[108.84408817195401,98.18769984638269],[108.70345268922915,98.57178182655404],[108.6417114872875,98.43594416353781],[108.39904162772476,98.57748677842247],[108.05697749837654,98.27235806796281],[107.99920222394842,98.43718108726877],[107.17879843151037,97.96751548271543],[106.67273289058816,97.86183768153688],[106.8038362360614,99.09723265274418],[106.55100890402592,99.38069638633536],[106.06111059662963,98.9591124948966],[105.94408413703076,99.06384712106109],[105.73478665202468,98.35015855841593],[105.56544194358126,98.21603415280845],[105.58341804745882,98.62068678842262],[105.36084200876081,98.28927474927261],[105.02635583486585,98.20329134223282],[104.82822706544786,97.61597381335429],[104.71484941033376,97.70591644332369],[104.45282143165429,97.17860337295735],[104.74586823229825,97.23533141078701],[104.67752305131125,96.95265964940995],[105.13862498482729,97.07157700212078],[104.85424223769436,96.53612555093488],[104.64470847523617,96.56795127374494],[104.68499180586562,96.19618676066096],[103.7576459565241,95.24638169837978],[103.36476199750432,94.47521055723465],[102.59000293247445,94.16303891961158],[102.63782944303372,93.83339909792605],[102.17034415004255,93.34241793514204],[101.80235184853701,92.27512281934268],[101.96383285157162,92.30049541201501],[101.54248179784534,91.40975925965454],[101.6594287798822,90.83116782231667],[100.53589592185024,89.86889181685602],[100.42694130045496,89.58928897669092],[100.65189527987579,89.2201596939027],[100.54665771794284,88.94759136611115],[99.80690223921634,88.32825752560787],[99.66892530398567,88.40410631975838],[99.41977022061666,88.24006715091757],[99.30265020485778,87.55622163387133],[100.35148461342433,87.80794152017023],[100.53379233951001,87.7391706935957],[101.16505816727516,87.98456257559596],[100.39127850968627,86.91059704080567],[100.37127672911032,86.62100767463467]]]]}},{"type":"Feature","properties":{"Level":"ADM2","shapeGroup":"FRA","shapeID":"FRA-ADM2-965667B61975064","shapeISO":"FR-73","shapeName":"Savoie","shapeType":"ADM2"},"geometry":{"type":"MultiPolygon","coordinates":[[[[171.9390815992803,103.2530444191193],[172.3968676463467,103.63150560826031],[172.784791066667,103.62760362239041],[173.10765456826925,104.05262668469973],[173.65943927695926,104.10578297167574],[174.39363601688115,104.56788000920943],[174.46877777678435,104.81911027677214],[175.00172548067195,105.11038903967615],[175.16723253243575,105.50538998556063],[176.21955649821277,106.06473539093656],[176.39906923853445,105.95967228993995],[177.35250618589347,106.66834418935298],[177.12484454955558,107.42282614341967],[177.4373435686796,107.55622670708654],[178.17414602727726,108.62547274565068],[177.34699746128555,108.7481241569842],[177.2907885243727,109.12767322658044],[176.62979563272907,108.98650369151214],[176.76617801593423,109.24112083058729],[176.12077313671995,109.20085818782746],[176.00852292131813,110.24589038068527],[176.39824353021865,111.06199906876262],[176.05823458048673,111.14844069767655],[175.62724227589726,110.90751127475806],[175.37867121431603,111.3431325313924],[174.8233073348037,111.30033107833158],[174.44330261490984,111.73336732350384],[174.45166669362075,112.59219381050602],[173.97821459742568,112.33381423873395],[173.63614987945962,111.62999358276093],[173.44817634277325,111.7140373129919],[173.51843094392996,111.98646455862803],[173.00293393417022,113.20084481370967],[172.46326679653072,113.00269562597882],[171.75481556293192,114.83206279398765],[172.09697238696774,114.83321633240365],[172.19515370066563,115.2004828846172],[171.47491988142923,116.10100715392024],[171.06645727643243,115.46685403566754],[170.863189078238,113.32544442803547],[170.55513448633243,112.56957391492666],[170.52448537891064,111.45913354589251],[169.75498069930057,111.3853062549169],[169.50012768038582,111.80695477526491],[169.43102136229066,111.58306237071794],[169.22511674103086,112.19606644903327],[168.59182770803022,112.72519107421338],[168.55013424208866,112.55910546708186],[168.28512869545284,112.83253159140993],[168.43487477615452,112.32071045952162],[167.92357824839033,112.71821200186193],[167.87703922912843,112.53826019677489],[167.4281807035504,112.81159845148545],[167.16237505454166,113.74102772468692],[166.99576906752642,113.77805731190702],[166.8920690828953,114.23204725911354],[166.5889223895457,114.12164162387938],[166.31662555496405,114.77119344306266],[165.99713026939406,115.0779054340606],[164.70867397735492,118.18568283079948],[164.2461875450051,118.5161276440702],[165.6779150651896,114.42393897151015],[165.78987537303425,113.09127258732225],[165.63761057764023,112.80031131824683],[165.26844835081437,112.90425243542332],[165.39251267304195,111.8328513153819],[164.97912880767572,111.23172206332461],[165.13906242197987,110.16186518434786],[165.05790245243202,109.73670539431765],[165.61507710650184,108.93963765271822],[165.555874929742,108.3674684896518],[166.3343811654182,108.43669669407029],[167.6176435122033,107.6777074585161],[167.92823238737535,108.12004579224215],[167.59036309597076,107.98449404585615],[167.70903208957978,108.91556476900784],[168.17728431143775,109.05429724424812],[168.62965705860694,108.76592515711349],[168.65451242552186,108.51025223081623],[169.63057792811736,108.24990086041396],[170.01189833882037,107.23547357815113],[169.89833084760983,107.12033803133872],[170.04646468361528,106.99378188194899],[170.00201211821548,106.55411039266681],[169.6844489785055,106.04555309364886],[169.62512457477453,105.38549631181314],[169.75187308429008,104.69915188475106],[169.66086146662732,103.83580165500808],[169.82402555982762,104.07433408136203],[169.98968906392577,103.72668283934394],[170.11323371389696,103.94020153290964],[170.1287848804609,103.54832000425614],[170.23066805074285,103.30991534451928],[170.4553200582351,103.54833208994836],[170.54060416072497,102.99313751933718],[170.4528402125576,102.80070651030746],[171.0113323187937,102.5927230518009],[171.09010953704288,103.12083964024762],[171.2882654159674,103.30170228699586],[171.35474739186034,103.15448141919984],[171.67648852159397,103.46727598395424],[171.9390815992803,103.2530444191193]]]]}},{"type":"Feature","properties":{"Level":"ADM2","shapeGroup":"FRA","shapeID":"FRA-ADM2-965667B20436392","shapeISO":"FR-86","shapeName":"Vienne","shapeType":"ADM2"},"geometry":{"type":"MultiPolygon","coordinates":[[[[110.92809466937017,120.38421426881722],[110.43493846794487,120.78057438605785],[110.36542687902865,121.17075419462147],[109.3275299733204,121.94589375834667],[109.16938537299018,122.70585177730628],[108.53670323180887,122.94470078438624],[108.27245535517076,123.25039196661359],[107.70686621526525,123.33252615607313],[108.13882851962856,122.68710645608475],[107.04954685459505,122.92536210150521],[106.32581705683774,122.70915169892244],[105.45053467931612,123.06099733799917],[104.988986955327,122.90133782588236],[104.4227020769672,123.67235503358286],[104.66652663388227,123.74070635764515],[104.24628594011227,124.76532406127414],[103.80874570847256,124.71149498811488],[103.67968293704969,125.18343282124522],[102.72305253598915,125.45429736915493],[102.86414823929422,125.88846205085449],[102.6202845461456,126.2652431492233],[102.48119062203187,126.07332966859133],[102.21414848221278,126.21817453374007],[102.22141829128005,126.46375565379101],[101.69067966240573,126.4545816605704],[101.34648865565785,127.17373180745278],[101.0129430973802,127.42432111704616],[100.58498982776797,126.5595182277569],[100.71421949614745,126.16702344982895],[100.21212954795493,126.44374877945756],[100.16362895542112,125.95475089160664],[100.53298655654713,125.09287594003526],[100.38188150851994,125.20509415085698],[100.52904292912879,124.7949118183581],[100.94919026584019,124.79536688180316],[100.95124785133189,124.44426317675187],[101.5002921843224,123.43644919112205],[101.36884140215187,122.95045235165432],[102.09125231551049,122.47818054420102],[101.94124636027357,122.29610365675886],[101.67705527866529,122.49012558611503],[101.40733819213877,122.26986285823575],[101.90310558134514,122.09166059717793],[101.61582330600902,121.87007950503916],[101.7928342223893,121.47172692038774],[102.2895560929004,121.14557031152931],[101.93275368451663,121.04306001187312],[101.98453399027117,120.84922317678715],[101.80029289938372,120.84591160194677],[101.94822595692527,120.71037148244976],[101.68446038142656,120.61201234593793],[101.78596985259082,120.4640124624103],[101.53510526360245,120.28004561475774],[102.0857377450809,120.30171598006741],[102.01286763683328,120.06459651172587],[102.3342856116412,119.96290573815631],[102.55816652243011,119.68791180421974],[102.15299948020156,119.59995464328013],[102.33133165669153,119.36983280326058],[102.2476637888262,119.17537025549312],[102.02726658979873,119.25801052843559],[102.03981139118163,118.77649006676202],[102.27093633795099,118.76054056176417],[102.32593216390094,118.12564248615737],[102.8127905299136,117.81100156027173],[102.67067074003347,117.68013152272957],[102.87213307629423,117.57145072801788],[102.70634286224399,117.462493650732],[103.27401229800492,117.1272297825669],[103.60171932337872,117.42972466300684],[104.06467340273653,117.19373571508426],[103.89307639458474,116.9670923014612],[104.09897076611122,116.60087055189089],[103.78072233704984,116.63420522882282],[104.00539234371597,116.21748948745693],[103.79738970922588,115.82614012994273],[104.28929926614259,115.47166351433998],[104.88257462649653,115.4185397493255],[104.83357867362506,114.79798966884098],[105.65369205908948,114.36221229090117],[106.68903621151081,114.3751808385283],[106.96640219915473,114.17519820567638],[107.58785482197224,114.3235784637125],[107.51825302203842,114.52882760400377],[107.21851956987697,114.54005599288149],[107.13556948424757,114.71055306035589],[107.53482301296843,115.05451473402324],[108.12173096103297,114.51361465377205],[108.82301456730312,114.40404939941986],[108.74736274097224,114.49979165154328],[109.52658780447939,114.58133942127988],[109.38101535212337,114.74540327257105],[109.68005480735773,115.02691324313435],[110.74878378587704,114.83228208472138],[110.95453398834785,114.92090271217191],[110.79714914859409,115.39837572848376],[110.29420796501881,115.76322644468179],[110.42405205851885,115.93464775984899],[110.79049897850935,115.91718230601813],[110.8409830321803,116.25664400221433],[111.16960792168084,116.52915854683555],[111.5213734172948,116.43578023949387],[111.53677574787248,116.54621490494573],[112.30197709682852,116.37546683442852],[112.6676833005607,117.11624939102143],[113.48511547412431,116.87652849080106],[113.72964542709005,117.18657207398176],[113.93486439501083,117.1092202529758],[114.25600379832105,117.45821352341272],[113.95333785645465,117.47065010431385],[113.4509141778801,117.8728889901164],[113.6487616644312,117.83520594275686],[113.44567035144587,118.0823658727563],[113.58214478834833,118.10160667487145],[113.06091254300634,118.4553051197678],[112.43686404949904,118.49399431671125],[112.36127389407073,118.7504747464898],[111.55968763547594,118.94992935407872],[111.1546300479198,119.27183697507023],[111.40898947000912,119.46472118208554],[111.26204800608105,119.7104000979202],[111.52889006954756,119.82066904743915],[111.27794334183581,120.24634254579065],[110.92809466937017,120.38421426881722]]]]}},{"type":"Feature","properties":{"Level":"ADM2","shapeGroup":"FRA","shapeID":"FRA-ADM2-965667B96576417","shapeISO":"FR-75","shapeName":"Paris","shapeType":"ADM2"},"geometry":{"type":"MultiPolygon","coordinates":[[[[120.50900606656532,176.58801178805174],[116.47369731292363,173.73714998449657],[114.94727079376938,172.3512661323244],[113.04264475085392,169.12591846022178],[111.02564870026161,164.5707475037131],[110.08534887805472,162.12977694526288],[112.45025143318233,161.1721744688604],[116.6348929739341,158.9508046646713],[118.89711228746215,157.5800467379449],[123.47357106771113,155.15364883052368],[125.02142859425672,155.34507078240802],[126.87242068813555,155.78409865364847],[131.84213333578137,157.95718416992707],[137.12374165001893,156.3315227082818],[138.97655800797173,159.49605241752582],[136.7938851165933,162.03282092361957],[134.6746204524128,160.86445202199127],[132.94190835834098,159.14071161449013],[133.85207380473494,162.20980580340728],[134.41144295442956,163.26486331380914],[134.52237001335138,166.13174606240753],[134.1474899442411,168.35612671130494],[133.476990386389,170.61991338290449],[131.81868871804096,175.0439616258942],[128.96766003114104,176.43642423211173],[126.33683991515551,176.76308597703925],[124.20311025788588,176.81770382537525],[120.50900606656532,176.58801178805174]]]]}},{"type":"Feature","properties":{"Level":"ADM2","shapeGroup":"FRA","shapeID":"FRA-ADM2-965667B80370915","shapeISO":"FR-02","shapeName":"Aisne","shapeType":"ADM2"},"geometry":{"type":"MultiPolygon","coordinates":[[[[142.40848640113714,183.67320081457137],[142.9515799659517,183.08479741747735],[144.51588373971805,182.21621506388712],[144.8437941068808,181.798574843111],[144.88346237063277,181.56406576425206],[146.24104406411865,180.78638999533257],[145.3354030253102,181.16036019685794],[146.75493026688994,180.39380752121932],[146.33494204890042,180.47137506539968],[148.34330897306188,179.60981514453354],[148.09062019319236,179.62754367166247],[149.1719764713498,179.09011729887376],[150.23394614104,177.631887209384],[150.79619079109418,176.75294501870857],[150.55413399623,176.87632274530066],[150.93943649933246,176.36878871655435],[150.8102652824748,176.40828154197482],[151.7437467331219,175.1161927524345],[151.94162649232797,174.33224903972658],[151.7634461524628,174.5690683594028],[152.1064610033826,173.48526600919303],[152.67440133473247,172.38524096098516],[152.50769162250344,172.45016313024468],[152.30354317031473,172.84946529478898],[152.71839318671437,171.42073068305942],[152.64602453602103,170.64543368631197],[152.3726774267536,171.54700523715945],[152.2157697898118,171.61797261954734],[152.78606175220943,169.57715589775944],[152.91390282747838,167.6138424751097],[152.54565341738046,168.99897206522593],[152.7179621266789,165.70268551056063],[152.77367466404542,166.7274723091919],[152.70519768983579,166.65174802138813],[152.74802025705358,167.77114998879603],[152.9136861775366,166.71084753283517],[152.75462163821413,164.52144113690787],[152.96783660770032,166.00043376334037],[152.85680012180353,164.2945404935711],[152.72866441123816,164.215399994453],[152.670334930266,163.6148050915582],[152.69130538667167,164.16657246137444],[152.55307370062408,163.53549752437445],[152.54039749021217,161.8575896577134],[152.1844947868818,159.91051600011403],[151.91515568660387,159.10576631725496],[151.6212710284828,156.78580986447267],[151.27745610686392,155.52110043813167],[151.47284037075895,155.77131353311276],[151.20344130691018,154.44820808482052],[151.53068030539626,154.95412581079728],[151.10307983934064,153.16565975598024],[151.22304419757552,153.29770155438894],[151.1245812667968,153.01974171771295],[151.22466763567974,152.79438505511206],[151.08430102595045,152.25266072968404],[151.31994416679802,152.68413311447944],[152.0503325202968,154.2511393155035],[152.19423835988647,154.21314020791948],[153.55481883286012,157.2021899351987],[153.54332323301378,158.01228928309774],[153.26844462267616,157.85039547786909],[153.70716911279555,159.19206563766437],[154.0539846899516,161.39390892560482],[154.24116754505349,161.34962870089942],[154.24880531713245,160.88562622291022],[154.51646367280372,161.89001241339048],[154.54295434179534,162.9313221603012],[154.44040996936104,162.67459237332193],[154.87766622721372,166.00637596142164],[155.32920896944617,166.3130209232766],[155.416126635552,165.84810992928973],[155.44733352044574,167.157845938814],[155.6296071291205,166.72276463454182],[155.7380631876382,166.9536606334225],[155.81460428719257,166.32819962154224],[156.0678429609068,165.8689130065914],[156.1565181243422,166.72244438462943],[156.17388408067956,167.35756642142],[156.2989373449239,167.43229681727502],[156.28189577695565,168.66681038519374],[156.40236451373463,168.76186122547193],[156.33642280597576,171.15588042772993],[156.56115446244087,170.81657347170895],[156.61599280116522,171.68124151663739],[156.8187499369135,171.9932135701792],[156.90932200866223,173.27973789655906],[156.68870008897846,173.75615059601103],[156.36792929527832,176.68319150695424],[156.0921829222965,176.9852902596694],[156.02491046803098,178.03920655144515],[155.81142715753884,177.98604120828833],[155.7764904378853,178.4034910557999],[155.260259493588,178.8635929426714],[154.93834615043903,178.64034677725874],[153.78986130114683,179.65131751483062],[153.05054401366186,181.37513358489394],[152.92206829034978,180.30544400308503],[152.43221128954707,181.0578757318578],[151.34127952986933,181.80495963006337],[151.37248546890726,181.48629276610725],[149.2013475193986,182.7567074629622],[149.43508348516096,181.86509539707959],[150.08081241695578,181.39821084865488],[149.48613764941462,181.74499975098922],[149.69212121447427,181.2906022334627],[147.55044931751507,182.53802133615588],[148.35922513733988,181.4770690899543],[145.37441548572392,182.61055922314455],[145.9092871481091,182.10956602429752],[144.8386992742153,182.50901705426205],[143.53280529635717,183.3483078488458],[142.40848640113714,183.67320081457137]],[[152.67988555864156,168.24919349854022],[152.787039139765,167.93863851120756],[152.7105277956375,167.94894095324017],[152.67988555864156,168.24919349854022]],[[152.933603083813,167.75726407832315],[152.95438544548534,167.6705175377307],[152.93881350290286,167.66520474445187],[152.933603083813,167.75726407832315]],[[152.70773275591444,167.1328107484749],[152.71811736163986,167.12439188471626],[152.7020629635726,166.98332169545276],[152.70773275591444,167.1328107484749]]]]}},{"type":"Feature","properties":{"Level":"ADM2","shapeGroup":"FRA","shapeID":"FRA-ADM2-965667B96614033","shapeISO":"FR-77","shapeName":"Seine-et-Marne","shapeType":"ADM2"},"geometry":{"type":"MultiPolygon","coordinates":[[[[149.32791719778277,146.6870029098733],[149.201313548384,146.8131569329387],[149.49252620166217,147.2819891717399],[148.74251761920019,146.4018463759176],[150.021209079935,149.21680589131847],[149.86051896774384,149.17993984040794],[150.00193218749263,149.64013041447828],[149.82499669710927,149.5805924580784],[150.3239539901091,150.38477921205754],[150.46776512883787,150.39514041859235],[150.70119611383808,151.1349289118374],[150.58924148318306,151.21219558346834],[150.92667499455314,151.50075239566985],[151.31994416679802,152.68413311447944],[151.08430102595045,152.25266072968404],[151.22466763567974,152.79438505511206],[151.1245812667968,153.01974171771295],[151.22304419757552,153.29770155438894],[151.10307983934064,153.16565975598024],[151.53068030539626,154.95412581079728],[151.20344130691018,154.44820808482052],[151.47284037075895,155.77131353311276],[151.27745610686392,155.52110043813167],[151.6212710284828,156.78580986447267],[151.91515568660387,159.10576631725496],[152.1844947868818,159.91051600011403],[152.54039749021217,161.8575896577134],[152.55307370062408,163.53549752437445],[152.30026796798177,162.3227053827351],[152.24805568081442,163.23371941300127],[152.08849327206272,162.69662310491316],[152.21569286410158,163.77337147921818],[152.07122033907703,163.58402791038856],[152.052473784233,164.60436304535935],[151.8490507061966,164.79634018318438],[151.78486769234914,167.02499995363257],[151.50025157297296,167.47065330438826],[151.58211900500814,166.65483384552593],[151.17401782790097,167.4831335350066],[151.10834223464173,168.67479558678426],[150.9106523267725,168.70824297154905],[150.6666945200157,170.01935201711143],[149.47462357790886,173.2723299364055],[148.09698571936795,174.46767870239086],[147.60237369928186,174.47558583188916],[148.39694556091064,173.05423469800922],[147.0408099749201,174.5258767430321],[145.2996482964296,176.08340025710098],[146.47292139264852,174.2416932890537],[146.9413086176922,173.3824454813964],[147.80383818368549,170.74431071197748],[146.9513953456418,171.884853424814],[148.23206162121517,167.7349907159683],[148.42944385573205,166.24024703811168],[147.28128421604941,162.48743658355247],[146.0636255280467,163.14953907771866],[146.52609006287346,159.24110170336513],[144.24209911685767,152.84878593281763],[142.28349714407992,149.32200907814664],[142.53136750589908,148.33125224701834],[141.93886829994403,148.3289656186577],[140.8723568670339,146.88285452682715],[137.92133858625826,143.48867932195378],[136.93683557157445,142.29229069744775],[136.86157582948823,142.65073283594086],[135.27499840190137,141.8344641914157],[134.92044140375185,140.95279413244748],[133.90087088327368,140.84835632506054],[133.939211567036,139.9424024660066],[132.97237064404712,139.633640020452],[133.2015724035874,139.35933486706116],[131.6520237687771,138.75505656149366],[130.30072466411164,136.82281880695993],[130.95645488301489,136.5129352010038],[129.11507329746624,136.10335400669123],[127.55837249789472,135.54610711064385],[127.53404695748301,135.08058539076413],[126.40340163231059,135.00278587867842],[126.579910715321,134.80650411362333],[126.75197039295675,133.80838553784176],[128.66514184365678,133.65732152500357],[127.99421578828355,132.49105871531944],[127.57688667946287,132.52279979836172],[126.48878042445901,131.7983910938578],[128.03482355602546,132.1658988346545],[128.48482507047675,132.42208531083668],[130.16930098371222,132.88656852805693],[130.35892668425683,132.69153676722988],[131.68425146287677,133.19024989697172],[131.62737767659277,133.48111118680657],[132.56009934913186,133.61092492567326],[132.12534651386926,133.0476271948869],[134.4095598393219,133.69288021605655],[134.63143386042265,133.98134483824686],[135.76365633523673,134.38175942452173],[136.96900850545865,135.5474894894368],[137.17690286648252,136.0063584519657],[138.44057136929752,136.9357308276721],[139.09742776617819,137.15037286801046],[141.25345133423735,138.2529913320352],[141.8190910732189,138.86616060504326],[143.50881914677058,140.22964425899852],[144.14096697587803,140.9037694658114],[143.87584586064273,140.7563069515466],[144.82151745585298,142.11823258658035],[146.1218402915049,143.36849825399736],[147.3542891991607,144.25118547082013],[147.73516425732396,144.77910770338042],[148.50243498357514,145.32981645588524],[149.32791719778277,146.6870029098733]]]]}},{"type":"Feature","properties":{"Level":"ADM2","shapeGroup":"FRA","shapeID":"FRA-ADM2-965667B10979937","shapeISO":"FR-76","shapeName":"Seine-Maritime","shapeType":"ADM2"},"geometry":{"type":"MultiPolygon","coordinates":[[[[105.22011093120904,181.04839148700867],[108.754513832668,184.3447604784007],[109.63069371611684,185.75381775922807],[109.4039963408965,185.679334844954],[108.52218381966892,184.32871758688754],[108.15469076217566,184.2884539549927],[109.32511165300498,186.04431137280858],[108.91723414213594,185.71037206623635],[109.23971205372223,186.64691966363827],[108.80921933600074,186.23357483491827],[109.59796105644006,187.16382964953203],[109.19017183995041,187.01237052889377],[110.08650119158074,187.95261181273875],[109.841007848307,187.982539315523],[110.95248545577189,188.88339393582723],[110.9695197675048,189.1404050281454],[110.23811438505717,188.5677579505383],[110.07927035045012,188.65878371605064],[110.51673447789824,188.96539323231676],[110.6549859635077,189.36257099595025],[111.1562355321434,189.6402286819324],[111.1897168512883,189.9451387222113],[111.71527705446385,190.11234265206863],[110.65576277742645,190.63957158084236],[110.66514563062128,191.36575298838932],[110.22792396129104,191.86395209027174],[109.37055511136886,192.09066833340637],[107.45669473705489,193.3339783564393],[107.51624234000798,193.60736612412268],[107.00633733274307,193.7167903857173],[106.7634234531927,193.4080160743738],[106.33967667522965,193.45160650263486],[104.34493762611423,192.0246153815085],[101.87604017827638,189.25622439462225],[101.80951861243084,189.0007197382092],[101.80638214574878,189.22851974734093],[101.06881372588231,188.61857912213122],[100.27476994850383,188.42018531314744],[97.77310671886873,186.52607587795018],[95.25959267055913,185.31190314516178],[92.56259743964247,181.9982338605671],[91.02499616476274,180.61276426139634],[90.5857386792506,179.11850325720417],[90.43868662698355,179.31560185309337],[90.25583099002925,179.30345143843076],[90.5302093403138,179.1788046262729],[90.14662419275554,174.59693781017063],[90.58350662074088,173.2799608350267],[92.54614003642914,171.52052387815405],[93.65953835458171,172.8581129655618],[94.38764227551471,171.25741952195764],[94.88978282819645,171.69276905630585],[94.73019070840728,171.09470806968213],[94.91715418411789,170.70958759648317],[95.31312791287839,170.67217502370298],[95.68559341939168,171.4097665928144],[95.95995433154131,171.29731653141314],[95.93168010588943,171.7819746626517],[96.06352593026126,170.8898123393882],[96.42222707062777,171.10597349497456],[96.31458500289548,170.25171623195374],[96.565495003503,170.79959472916545],[96.26549157720369,168.92924770311228],[96.03356719389706,169.09392474396134],[95.78356113878091,168.1336717072824],[95.92692143285211,167.78193335678196],[95.78909317873035,166.87559165584372],[96.10632959184663,167.92622763670127],[95.7066434063046,165.90234046396483],[95.85394107567947,166.33386825272476],[95.71415570818773,165.5558729720795],[95.81533969744814,165.69519176315936],[95.66751825935329,165.27733816084574],[95.97313354313364,165.677571653979],[96.27142964206416,167.19140067333186],[96.69170403802794,167.92476576505712],[97.06488129199212,169.32944475762477],[97.17366592722163,169.32109356643423],[97.28172087679522,169.90240357524934],[97.58237465865301,170.22520208698674],[98.00750792212276,171.4102848425679],[99.23695349957559,173.604321786362],[99.67047502775876,174.75456669992298],[101.4491365027975,177.37112470519043],[100.99059964681969,176.67483958702633],[102.88448248006694,178.23822821284966],[102.64104153600542,177.76062983991469],[103.65691961677638,179.19113418126648],[103.5402579271606,178.66991016160512],[104.33225241911367,179.63144199932802],[105.22011093120904,181.04839148700867]]]]}},{"type":"Feature","properties":{"Level":"ADM2","shapeGroup":"FRA","shapeID":"FRA-ADM2-965667B94064096","shapeISO":"FR-95","shapeName":"Val-d'Oise","shapeType":"ADM2"},"geometry":{"type":"MultiPolygon","coordinates":[[[[97.79404299471506,162.7279128710131],[98.70580822614026,164.0800696035028],[98.63002009773501,163.49199798872374],[99.27234760622869,164.3471577890701],[99.51057812923207,165.55691482304155],[100.01848248223054,166.2309183847505],[100.79586823478577,168.24386120289907],[101.1798565015121,168.29207560380894],[100.55747723789958,165.11233246946955],[101.85511934088929,169.15451058064662],[102.01240676605164,168.36167712529596],[103.35954529873916,170.65682601404478],[103.67790221330952,170.31554210752466],[105.4418579785096,173.29513817921895],[107.22861871517672,175.9773679033565],[108.61387159888244,177.70659230326103],[107.45053069806845,175.4497042387714],[109.63488761303027,177.47914735422523],[108.43452940504976,174.84068945860568],[110.24301182995671,176.94151835749886],[108.86968724115339,173.98586285351027],[107.81259404333761,170.8305374449209],[109.72601090453786,173.9586280166442],[111.30038258430469,176.28119657706586],[113.87001235924649,178.7653868277623],[114.59968923787397,179.27881379689907],[115.16248939265758,179.90444185321437],[117.30195771375367,181.43538862791743],[118.17577830203379,181.8757958579978],[119.63857308654195,183.11116695300694],[121.85922922929801,182.98837929814],[123.18177668367969,182.76780597943787],[126.94244325261324,183.68331585792765],[128.71785361281334,183.2476767056982],[135.2467794384061,180.17072409856212],[138.17745491269156,178.19718890058738],[139.10102666481083,177.99630051770072],[145.23433697174622,175.20442682435487],[146.47292139264852,174.2416932890537],[145.2996482964296,176.08340025710098],[147.0408099749201,174.5258767430321],[148.39694556091064,173.05423469800922],[147.60237369928186,174.47558583188916],[148.09698571936795,174.46767870239086],[146.81688305634225,176.84310792114903],[146.19932450468605,177.60382931794624],[144.73001421647126,178.15267964402736],[141.19132626994832,180.4971570347475],[142.2400871190573,180.0308801868446],[138.9808182633899,182.17350652934175],[135.40780904279453,183.98352876393483],[135.63302965145576,183.97395450464379],[131.55545886465666,186.14684165717054],[129.3528186118766,186.89852332409146],[127.76514948447578,187.1376770709871],[124.36968369141776,188.02826957004365],[121.57359798554074,188.16594688245584],[117.57087047043741,187.4303107601067],[118.71898257048818,187.88537419034492],[117.86078682077456,187.88243551251304],[116.40011209889289,187.31845960317267],[115.30767867702409,186.61418328636296],[114.66937465912588,186.58733759103237],[114.09667739340493,186.08486842274385],[112.38356675151313,184.96606211577446],[112.70418005204175,185.36486761309357],[110.4982772747435,183.05876348176224],[106.27047120983224,179.3230255240735],[103.50010246319404,174.74235020770448],[103.56198050908779,175.1242041799846],[102.18296093395065,172.96546760278608],[101.85923220007035,172.86525879842773],[100.54856845447586,170.89166047068244],[100.31068365762086,171.2956900884648],[101.21875777451771,172.79038343550485],[100.61606986472498,172.1927423066983],[99.5193582916057,170.47936642537348],[98.21760886471696,165.13623411361385],[97.79404299471506,162.7279128710131]]]]}},{"type":"Feature","properties":{"Level":"ADM2","shapeGroup":"FRA","shapeID":"FRA-ADM2-965667B87479534","shapeISO":"FR-60","shapeName":"Oise","shapeType":"ADM2"},"geometry":{"type":"MultiPolygon","coordinates":[[[[100.61606986472498,172.1927423066983],[101.21875777451771,172.79038343550485],[100.31068365762086,171.2956900884648],[100.54856845447586,170.89166047068244],[101.85923220007035,172.86525879842773],[102.18296093395065,172.96546760278608],[103.56198050908779,175.1242041799846],[103.50010246319404,174.74235020770448],[106.27047120983224,179.3230255240735],[110.4982772747435,183.05876348176224],[112.70418005204175,185.36486761309357],[112.38356675151313,184.96606211577446],[114.09667739340493,186.08486842274385],[114.66937465912588,186.58733759103237],[115.30767867702409,186.61418328636296],[116.40011209889289,187.31845960317267],[117.86078682077456,187.88243551251304],[118.71898257048818,187.88537419034492],[117.57087047043741,187.4303107601067],[121.57359798554074,188.16594688245584],[124.36968369141776,188.02826957004365],[127.76514948447578,187.1376770709871],[129.3528186118766,186.89852332409146],[131.55545886465666,186.14684165717054],[135.63302965145576,183.97395450464379],[135.40780904279453,183.98352876393483],[138.9808182633899,182.17350652934175],[142.2400871190573,180.0308801868446],[141.19132626994832,180.4971570347475],[144.73001421647126,178.15267964402736],[146.19932450468605,177.60382931794624],[146.81688305634225,176.84310792114903],[148.09698571936795,174.46767870239086],[149.47462357790886,173.2723299364055],[150.6666945200157,170.01935201711143],[150.9106523267725,168.70824297154905],[151.10834223464173,168.67479558678426],[151.17401782790097,167.4831335350066],[151.58211900500814,166.65483384552593],[151.50025157297296,167.47065330438826],[151.78486769234914,167.02499995363257],[151.8490507061966,164.79634018318438],[152.052473784233,164.60436304535935],[152.07122033907703,163.58402791038856],[152.21569286410158,163.77337147921818],[152.08849327206272,162.69662310491316],[152.24805568081442,163.23371941300127],[152.30026796798177,162.3227053827351],[152.55307370062408,163.53549752437445],[152.69130538667167,164.16657246137444],[152.670334930266,163.6148050915582],[152.72866441123816,164.215399994453],[152.85680012180353,164.2945404935711],[152.96783660770032,166.00043376334037],[152.75462163821413,164.52144113690787],[152.9136861775366,166.71084753283517],[152.74802025705358,167.77114998879603],[152.70519768983579,166.65174802138813],[152.77367466404542,166.7274723091919],[152.7179621266789,165.70268551056063],[152.54565341738046,168.99897206522593],[152.91390282747838,167.6138424751097],[152.78606175220943,169.57715589775944],[152.2157697898118,171.61797261954734],[152.3726774267536,171.54700523715945],[152.64602453602103,170.64543368631197],[152.71839318671437,171.42073068305942],[152.30354317031473,172.84946529478898],[152.50769162250344,172.45016313024468],[152.67440133473247,172.38524096098516],[152.1064610033826,173.48526600919303],[151.7634461524628,174.5690683594028],[151.94162649232797,174.33224903972658],[151.7437467331219,175.1161927524345],[150.8102652824748,176.40828154197482],[150.93943649933246,176.36878871655435],[150.55413399623,176.87632274530066],[150.79619079109418,176.75294501870857],[150.23394614104,177.631887209384],[149.99524160046292,177.71811579524547],[149.38901350231023,178.45076061205077],[149.63938424587656,178.06101581083067],[149.48838417700225,178.09482694639172],[148.56898471222922,179.0691262416425],[147.07590118362563,179.67101993780966],[148.00496140441442,179.2067291057751],[146.68325675258728,179.754369117668],[144.8823119180733,180.78984450290346],[143.81030401530538,181.27129214386878],[145.50628031946917,180.40657113123916],[142.21670785330855,181.94463059230128],[143.16321892739373,181.39374098820304],[138.63710578681562,183.95260851526305],[139.05589239350377,183.51184468055453],[137.47405164636723,184.60105011143128],[133.81699256757395,186.69733338299477],[132.9192872932315,187.4638621334031],[120.18226882925843,190.7271509926573],[118.35077265468072,190.62906842722177],[117.34997745343219,190.42080659433492],[115.79051439922281,190.43748737032047],[115.3699867175475,190.59854190267424],[114.3517258908602,190.68784400795911],[113.89832659528294,190.6020658924695],[113.47969378018072,190.68724284647425],[112.81186293377161,190.26857699838325],[112.20665931601967,190.0746617471017],[112.45121167220185,190.4446530454045],[111.71527705446385,190.11234265206863],[111.1897168512883,189.9451387222113],[111.1562355321434,189.6402286819324],[110.6549859635077,189.36257099595025],[110.51673447789824,188.96539323231676],[110.07927035045012,188.65878371605064],[110.23811438505717,188.5677579505383],[110.9695197675048,189.1404050281454],[110.95248545577189,188.88339393582723],[109.841007848307,187.982539315523],[110.08650119158074,187.95261181273875],[109.19017183995041,187.01237052889377],[109.59796105644006,187.16382964953203],[108.80921933600074,186.23357483491827],[109.23971205372223,186.64691966363827],[108.91723414213594,185.71037206623635],[109.32511165300498,186.04431137280858],[108.15469076217566,184.2884539549927],[108.52218381966892,184.32871758688754],[109.4039963408965,185.679334844954],[109.63069371611684,185.75381775922807],[108.754513832668,184.3447604784007],[105.22011093120904,181.04839148700867],[105.84922478416566,181.48350970225374],[104.98644736617214,180.5077662737195],[105.23727188289902,180.55820723812616],[103.55929004135115,177.17765748149137],[104.1714052952546,177.94129684897055],[103.29341908129169,176.44362039952102],[102.92957257961919,175.49791071923886],[102.83014745378105,175.70678733090259],[100.61606986472498,172.1927423066983]]],[[[152.67988555864156,168.24919349854022],[152.7105277956375,167.94894095324017],[152.787039139765,167.93863851120756],[152.67988555864156,168.24919349854022]]],[[[152.933603083813,167.75726407832315],[152.93881350290286,167.66520474445187],[152.95438544548534,167.6705175377307],[152.933603083813,167.75726407832315]]],[[[152.70773275591444,167.1328107484749],[152.7020629635726,166.98332169545276],[152.71811736163986,167.12439188471626],[152.70773275591444,167.1328107484749]]]]}},{"type":"Feature","properties":{"Level":"ADM2","shapeGroup":"FRA","shapeID":"FRA-ADM2-965667B76765413","shapeISO":"FR-61","shapeName":"Orne","shapeType":"ADM2"},"geometry":{"type":"MultiPolygon","coordinates":[[[[93.14537394363802,156.08933217195403],[92.8837815716735,156.61010557508223],[92.82178126467119,156.16179912703998],[92.5647765911941,156.50464542550162],[92.50898719162012,156.8431275283433],[92.42362083141686,156.44913172031374],[92.3396086686242,156.667967706897],[92.1622383883742,156.47653970899898],[91.95001070188681,157.1114260333236],[91.73904113707763,157.08572548954123],[91.84002931356545,156.4277479867661],[91.62592005220219,156.3630000312967],[91.68471164730303,156.08132037844658],[91.59113445723042,156.28839279166772],[91.55313437659144,155.66211260437828],[91.27195289334611,156.10084934598896],[91.404920956706,155.44072880473828],[90.85196035422088,156.4303437910434],[89.81602049337022,157.31572573006693],[89.94750397671993,156.7441419851334],[89.48275783521228,157.34288892011614],[89.60946696924857,157.32296452955595],[89.32019442380123,157.53594895592764],[88.82941597547504,158.44363714164317],[87.91746891947625,158.93410298822928],[88.03590610998815,158.66538330119198],[87.42953197903772,159.2580692806826],[87.30256797176723,159.10778968700546],[86.55476910739651,159.86316849520244],[86.48085510073972,160.23786352195305],[85.80801570248458,160.86333062691074],[86.20416909394068,160.1672453946692],[85.03027512375839,160.2408093732206],[85.11601728423034,159.77111606610086],[86.87898698178543,157.51716965204017],[86.73502903208868,157.31673484381918],[87.58009922260061,156.27288872016325],[87.78110414046304,155.37453859488073],[87.44564418846323,154.97700869891634],[89.212170336598,153.9093804511393],[89.78105681561217,153.3898050905567],[90.16877191994493,153.25941140163835],[89.67492087252566,153.69675889578647],[90.07628629097533,153.4450276500466],[90.18954476708467,153.4987139344435],[90.70257486362198,152.8085264806815],[90.85771038698608,152.88061474882556],[91.11880935147882,152.6564246218908],[91.14593742641603,152.8837740986855],[91.87969130120803,152.32334159071888],[92.2538469309758,151.84914299640076],[92.22530972803143,152.17285833802833],[92.5308192684301,151.81807493173042],[92.57682565376541,152.0347676369452],[92.38135328437751,152.39836711070723],[93.0764073892832,151.644125277186],[93.39502275537136,150.62936955536276],[93.85620987752696,150.18060584214038],[94.19780436684687,149.26788468862068],[94.49909929237803,149.30045996140595],[95.04240309762554,148.93225692282613],[94.86550988151699,149.297760530258],[95.06136565736415,149.2360039994793],[94.96015492110926,149.52936037838725],[95.17562221088852,149.51205682036016],[94.96879364080334,149.71441186010077],[95.21709431279206,149.562922097049],[95.08937983818484,149.74604787832948],[95.55334900816818,149.74101815265817],[96.6137795506498,148.94061057264017],[97.97733296909685,146.85053511234668],[99.16935921184049,145.67338026895584],[99.1154774730617,145.79193961690436],[101.92365602449365,143.27273949229644],[101.62828076258904,143.71575162994958],[102.22942062036581,143.22442658504488],[103.27607520388938,141.40855662143153],[103.65753979027264,141.03953391054858],[104.0018112299744,140.98456372700596],[104.24649833124774,140.98074851918267],[103.58827501899947,141.7108977550852],[103.08348655164093,142.70752607199245],[102.09218548368817,143.97569513548115],[102.77583995670244,143.49586428426653],[102.97988829826038,143.632991257389],[102.6307525472163,144.17240809268583],[101.55667659313713,145.186015596115],[101.67167298374389,145.14132515652463],[99.75043771236531,146.95202747815395],[98.30587845521993,148.7725102702886],[97.50250476705733,149.994115403391],[96.4078940058236,151.2362535806876],[96.36375501749004,151.48308670770012],[94.60349094994577,153.70030686599165],[94.57369109724563,154.01191698669084],[94.44324447284085,154.06568935237183],[94.32609218977986,154.47897132113746],[94.25734857473316,154.4375632482773],[94.09992216157772,154.8192260407546],[94.10846756098763,154.52394150020683],[93.66460319862075,154.8240525183955],[93.64146083665524,154.9768738779828],[93.53507605232636,154.9782168315944],[93.2401494148967,155.45227174753214],[93.14537394363802,156.08933217195403]],[[88.62430981100623,158.47672206292137],[88.61285856137266,158.51353227915482],[88.68196501155272,158.4170873165093],[88.62430981100623,158.47672206292137]]]]}},{"type":"Feature","properties":{"Level":"ADM2","shapeGroup":"FRA","shapeID":"FRA-ADM2-965667B94483037","shapeISO":"FR-25","shapeName":"Doubs","shapeType":"ADM2"},"geometry":{"type":"MultiPolygon","coordinates":[[[[162.7822441593473,129.53372075641562],[162.44371835186698,129.80592638102348],[164.06966787706455,131.14418722162057],[165.86788847848544,132.014130407974],[166.22708701758143,132.427626934909],[165.7900847060582,132.70292806907847],[166.13224490018382,133.6820685181146],[165.6598985658027,134.14374932857737],[166.45612294872,134.73219605485588],[168.24405398576826,134.95708034040018],[169.59233570498486,135.6401133147456],[169.12713822262748,135.8515059694696],[169.76075874487117,136.13328794339077],[169.64528880475046,136.3619569156961],[171.1089019946548,136.98580587031816],[170.81925176553176,137.07597897877446],[172.2883841968343,137.92426438100082],[171.8625772481786,138.54914048646057],[172.78263300808186,138.6486376738472],[172.91684957111403,139.0650483929295],[173.7511054583099,139.31954692493846],[172.79165381398172,139.78305861906563],[170.4888140725501,139.65284776042938],[170.8481053468351,140.39556972863187],[171.19939759676555,140.40611873948333],[171.06876560724442,140.83939116426046],[169.99860765581113,142.00214709125768],[170.9518740182785,141.76227458807315],[170.80756635321282,142.1993195344315],[169.22415832724357,143.17496164383348],[168.0212197292853,143.09147124156942],[167.76242635087343,143.38644615348386],[167.36628502395996,142.8761070356942],[166.57270173639535,143.28458146727388],[165.58912951289994,143.32265459154917],[165.87909901734963,143.12310266748455],[165.689535381738,142.74581720290305],[164.90724107071668,142.61030472262402],[165.1475470056194,142.08173626177197],[164.61934644904386,142.00444971580907],[164.38779648931745,142.12959443403133],[164.27714561117156,141.83372582414574],[164.05349602392388,142.0849685316884],[163.5318731407241,142.1131037242171],[163.43940529558193,141.90299246253218],[162.8946784438558,141.8252731850278],[162.86122356646547,141.58500135021887],[162.65787018140747,141.61625089263893],[162.69112467224687,141.0883377969131],[162.4494826530724,141.04340854370568],[162.43447410578568,140.7595657569724],[162.19192643380444,140.79814982247188],[162.3117641276457,140.572481158157],[161.95535807097093,140.74121611416442],[161.77879466378653,140.38647391903822],[161.93923539196197,140.3427706325728],[161.47257630553253,140.00280840534697],[161.40695002434717,139.7455905959257],[161.55424696761224,139.6167505479452],[161.29265445590283,139.56278154651181],[161.29690318844175,139.27080438420342],[160.43075198412626,138.74248983281402],[159.99639627977388,138.81884518575396],[160.00032111442064,138.65051225545827],[159.78905116622457,138.63762439220523],[159.67288740852763,138.35908429647571],[159.60681622027755,138.4390142498827],[158.52324736147202,137.38815518793234],[158.2172190682361,137.31174076490692],[158.4658593103819,136.56353098152007],[158.80872718123697,136.5136756679546],[158.79543286378936,136.26662970575592],[158.98120890074966,136.33389943866592],[159.09721280382018,135.99533587375902],[158.68572488865465,135.14527850492084],[158.81226268317914,134.71443118902505],[158.44251106311424,134.66289264600928],[158.65814456668377,134.2817977084519],[159.06794893096114,134.67186709692436],[159.0597565049881,134.32327767417868],[159.88034588496637,134.3094857965647],[159.94046057685892,134.52882741828367],[159.95136540829853,134.05936120386056],[160.25743249077283,134.28030217960497],[160.20667656281978,134.13273899822548],[160.51904150396103,134.15587313257362],[160.3402108235539,133.75781184524425],[160.74690772648154,133.66531133096692],[160.60965043372946,133.28723633844672],[160.8787893394746,133.19182932792012],[160.86271769537515,132.92120599354527],[161.10127034548998,132.97205284816692],[161.02764707367686,132.72046969019604],[161.28453174403484,132.64926532698604],[161.4479528705589,132.86275009532295],[162.2697190673813,132.60004557001255],[162.8744709198938,131.99576510942984],[161.64683357848227,131.2500978615045],[162.13841678082503,130.7072077167785],[161.72227402004359,130.28679706883344],[162.7822441593473,129.53372075641562]]]]}},{"type":"Feature","properties":{"Level":"ADM2","shapeGroup":"FRA","shapeID":"FRA-ADM2-965667B89480357","shapeISO":"FR-28","shapeName":"Eure-et-Loir","shapeType":"ADM2"},"geometry":{"type":"MultiPolygon","coordinates":[[[[117.47663696974394,133.7366696956544],[116.7910938648435,134.12227880724657],[117.05145252403014,134.25482707137564],[116.61126441872062,134.76567808318464],[116.68935821650578,135.2312656903026],[116.11323168567438,135.46367259591085],[116.02000961039363,135.8708417086695],[115.2150303695576,135.75907458405905],[114.85258715044084,136.500317756969],[114.24879166437896,136.7265685795757],[114.28926829491715,136.32591132541282],[113.29928988666133,136.3384096598346],[112.77646450324512,136.79280757824037],[112.26212828879113,136.8450323805109],[110.7176404081164,138.50004608841988],[110.23875736533802,139.21018498572994],[109.76719985904107,139.45580340843222],[108.33681585020355,140.63542285768224],[107.78256936841163,141.7256258597431],[107.3209158058024,141.94777107060884],[104.76410020453355,144.59908764083582],[104.26931159418287,145.3320301793603],[103.49102796105764,146.03602336270316],[102.51554547683128,147.67853377285223],[101.61189544839614,148.25015115738557],[99.92496071271675,150.97609100876215],[99.8413956964355,151.38526034217097],[98.82333370653755,152.53493965931307],[98.60926471771941,153.40081028589736],[97.52502559689047,155.37359886734316],[97.46919564835926,154.53634324060582],[97.99473835689882,153.50794157296787],[98.30736223369527,152.55535751704969],[98.44472339071616,151.31867155750038],[99.58847067507071,149.5270972879793],[99.63666963306994,149.08064929333895],[98.3752912105839,150.26065691325527],[97.78200506985044,151.00697030667507],[98.43175745588388,149.9123142662361],[97.93164564701564,150.4797119597606],[98.11891301882169,150.01049090521468],[97.5295353037146,150.3280481196147],[97.34473894895214,150.56960970240365],[97.59498519075542,150.06860529237218],[97.50250476705733,149.994115403391],[98.30587845521993,148.7725102702886],[99.75043771236531,146.95202747815395],[101.67167298374389,145.14132515652463],[101.55667659313713,145.186015596115],[102.6307525472163,144.17240809268583],[102.97988829826038,143.632991257389],[102.77583995670244,143.49586428426653],[102.09218548368817,143.97569513548115],[103.08348655164093,142.70752607199245],[103.58827501899947,141.7108977550852],[104.24649833124774,140.98074851918267],[104.0018112299744,140.98456372700596],[104.52551328556002,140.54187145825512],[106.00436914962117,138.7671554576685],[105.28548386361479,139.41722270366276],[105.4900380846142,138.9584803333538],[106.68724781294728,137.7396511316847],[107.60753620425325,137.09712358632822],[107.17403588343714,137.2331754915798],[109.06411893933799,136.1066852451939],[109.6669631001162,135.58131344975902],[110.81567965157114,134.07685787043852],[112.74495525864288,132.50798260586353],[112.7213595070235,132.6862182462142],[113.28923622673403,132.20388101506555],[113.06547862867578,132.5918592583323],[114.04758958205159,131.45881092111446],[113.70242411337864,132.14552091156438],[114.04431094790651,131.81620516417019],[113.90416095569527,132.06760330404822],[114.4946682875792,131.57734496803772],[114.5745155505112,131.9822782538258],[114.96259205184785,131.85414062430075],[115.08431124650173,131.66724603977724],[115.20056235164142,131.77747564080187],[115.8069934284355,131.34311088947547],[116.28644542099907,131.42057245263746],[116.98794362949631,131.0767353409015],[117.27515360756459,131.64151206301543],[117.11436316445872,131.7047208445282],[117.17312386791114,132.0636665470696],[117.82535829333123,131.91123112081902],[117.46444641815677,132.47008189151796],[117.72145926077377,132.22605617990033],[117.2606719917029,133.22007559833787],[117.47663696974394,133.7366696956544]]]]}},{"type":"Feature","properties":{"Level":"ADM2","shapeGroup":"FRA","shapeID":"FRA-ADM2-965667B67345203","shapeISO":"FR-06","shapeName":"Maritime Alps","shapeType":"ADM2"},"geometry":{"type":"MultiPolygon","coordinates":[[[[182.22988332873555,79.62589404005483],[182.29574923776025,79.51244899241405],[182.82915733882973,79.43917313275574],[182.22988332873555,79.62589404005483]]],[[[181.02155150651257,78.93030714648543],[181.18876232209175,79.44894256228127],[180.95747961513925,79.52730770109123],[181.09991171821616,80.22683155864328],[181.79925962229996,80.32519680832912],[182.2645843925323,79.91155513986146],[182.61256221973426,80.52110419301879],[183.18508098855804,80.50089055230407],[183.42516967267514,79.95348516450103],[183.74338778400556,80.07850588049251],[183.37349807228668,80.79805179829312],[183.27837203995168,82.00951271327871],[183.92373665387993,82.3791537983346],[184.18660401046196,82.10818666465676],[184.59708598917118,82.98564593435398],[185.2368196680316,83.1661512041845],[185.5622348266502,82.83757730569337],[185.63919317570895,83.31129822410604],[185.9679380651683,82.54500814744094],[186.29590115492016,82.77324047376275],[185.9026731117383,83.17836518442041],[186.3034789221062,83.57453760849458],[187.2395289197246,83.49288430956777],[187.80018426633896,84.21510971866832],[188.14245597063228,84.08974573180436],[188.83126421885166,84.56614397666583],[187.89491227100132,86.75638512297644],[188.80432451201239,87.32007600163001],[188.64033332156032,88.58221535271247],[189.8616804214632,89.02932385303818],[189.73302440894975,90.41183700339926],[190.14666103007923,90.51193395112502],[190.09219503708792,91.36325883006626],[188.85642187425435,92.74545423920193],[188.80385037906456,93.61633364144706],[187.8526825730088,93.91420187243259],[187.88034352431885,93.35266840172787],[186.82833502946693,93.76633462427651],[184.6309555328103,93.81704206114493],[184.76523608001645,93.43031590659827],[183.95389110866847,93.83934191726695],[183.31227453338818,93.7449912422291],[182.67861334845531,94.45557478133861],[181.29028465850683,94.48429356321292],[179.98654131151955,95.34395146167601],[179.67695136294276,95.22753072950108],[178.75191597471513,95.96843480760339],[177.81529948085992,95.99556356635887],[176.09823097642587,96.63812640774334],[175.52438743341548,96.46996547458942],[174.8116043664266,96.61606762582326],[174.22196270215446,97.28574360097848],[173.30123252837507,97.41885209648632],[172.34524373545946,97.80301342410341],[171.76336596409885,97.73115118714063],[170.79884950042026,96.93416512013442],[170.7680571774413,96.57427548472067],[170.42493219490945,96.55537597772589],[170.39852344826645,96.40860691178267],[170.10023992893656,96.21054713806457],[169.8547028035615,95.40972718578149],[170.60530253350987,94.24464069593847],[170.63742019134926,93.8797633047672],[172.45237746010622,92.79926311609695],[173.0212389471019,92.1785757225053],[173.59668457270013,91.94186923485563],[175.62515958173978,90.16633418936355],[174.45166345555344,90.54904929453993],[173.5418477280669,91.40066991840412],[172.47330221234682,91.80305830932419],[171.9437777919661,91.51720673036121],[170.70115391614002,92.40956897204929],[171.38235522744574,91.70282123551573],[171.06314266893727,91.9021325748454],[171.1202193939981,91.56036078782836],[172.0356041081501,90.58821409936813],[171.29049940059048,90.67029950144278],[172.4148367121899,88.9462749975415],[172.67330910289877,88.97133501819988],[173.56730893220376,87.9572320663165],[174.288174320716,87.5128497816953],[175.50588720929687,85.61555913037958],[175.60049354451587,85.13737301550634],[176.74723463286088,84.18377423676117],[177.37116194120733,83.46343693679628],[178.90457660672737,82.36975291964401],[179.32890773956657,82.45913920451349],[179.81932804823677,81.94042091727086],[179.96821030458415,80.12935476804485],[180.23512566886777,80.05246979915603],[180.2006714309441,79.51875096801406],[181.02155150651257,78.93030714648543]]]]}},{"type":"Feature","properties":{"Level":"ADM2","shapeGroup":"FRA","shapeID":"FRA-ADM2-965667B10528083","shapeISO":"FR-51","shapeName":"Marne","shapeType":"ADM2"},"geometry":{"type":"MultiPolygon","coordinates":[[[[159.1065585384698,161.41689253536538],[159.11729761010903,161.98633882679104],[158.98958724745432,161.72414830366188],[158.90182888175536,160.79333189507489],[158.79692087373502,161.55180698624736],[158.59589291067314,161.5150837030855],[158.46972599865398,162.09016885584427],[158.28986330491753,161.5646147094357],[158.2910918774293,163.18514109263785],[157.63787814102676,163.1658733472812],[157.3893177628746,164.6498482365226],[157.09477826708488,164.8984805401356],[156.97158668466147,165.9625615243418],[156.7742207138917,166.0670861279325],[156.74691254940532,166.41602863514063],[156.1565181243422,166.72244438462943],[156.0678429609068,165.8689130065914],[155.81460428719257,166.32819962154224],[155.7380631876382,166.9536606334225],[155.6296071291205,166.72276463454182],[155.44733352044574,167.157845938814],[155.416126635552,165.84810992928973],[155.32920896944617,166.3130209232766],[154.87766622721372,166.00637596142164],[154.44040996936104,162.67459237332193],[154.54295434179534,162.9313221603012],[154.51646367280372,161.89001241339048],[154.24880531713245,160.88562622291022],[154.24116754505349,161.34962870089942],[154.0539846899516,161.39390892560482],[153.70716911279555,159.19206563766437],[153.26844462267616,157.85039547786909],[153.54332323301378,158.01228928309774],[153.55481883286012,157.2021899351987],[152.19423835988647,154.21314020791948],[152.0503325202968,154.2511393155035],[151.31994416679802,152.68413311447944],[150.92667499455314,151.50075239566985],[150.58924148318306,151.21219558346834],[150.70119611383808,151.1349289118374],[150.46776512883787,150.39514041859235],[150.3239539901091,150.38477921205754],[149.82499669710927,149.5805924580784],[150.00193218749263,149.64013041447828],[149.86051896774384,149.17993984040794],[150.021209079935,149.21680589131847],[148.74251761920019,146.4018463759176],[149.49252620166217,147.2819891717399],[149.201313548384,146.8131569329387],[149.32791719778277,146.6870029098733],[149.13946805380976,145.65552553079712],[149.36219933918358,145.97185420469123],[149.00778417212217,144.94750402872734],[149.47364539202613,145.30043249104773],[150.10497604608958,145.31300819323232],[150.91742346924647,146.85139940210314],[151.68251575420092,147.68910142650307],[151.92986549804638,147.74430112744886],[152.84120871883346,148.82902564346347],[153.09245714816637,148.8505668635901],[153.65029609988412,149.5533702200751],[153.85146549786316,149.35135292850762],[154.22662078504732,149.6657131778374],[154.58099897248806,149.53100490138814],[154.76293064142564,149.75471780434287],[155.07633930644744,149.67199345749646],[155.061700728556,149.31745072534443],[154.25465088946038,148.08375964580227],[154.35396181454135,147.3438401693367],[154.89062808689806,147.1353921375169],[155.05150945612178,147.25349561562007],[155.1699004588489,147.03484403507457],[155.50269129842138,147.32387619072028],[155.97935144849524,147.4193714863698],[156.03797258115316,147.21811664664335],[156.41035520631675,147.37867651494386],[156.81093574094484,147.36936340691204],[156.97612349059978,147.7909959728727],[156.87430178015364,147.7314037166459],[156.91091695228772,148.05106671003753],[157.4883411836126,148.41311875739814],[157.59518684556576,148.81694242578763],[157.21630989269164,148.74678788117987],[157.49395328674953,149.06417827434717],[157.82050629712813,149.04799522235456],[158.15183335461245,149.346277155484],[158.2081059467782,149.25703464868832],[158.40360265136542,149.54143792657226],[158.5370897763697,150.52310338704746],[158.47011180980476,150.47987818995242],[158.41842753363628,151.20087290130263],[158.3001258321107,151.18004383275792],[158.7776391719212,155.56386759498582],[158.6976745695072,155.57779437678226],[158.8313518116768,156.87606228656128],[158.70048330973384,156.33158345449215],[158.8714555366501,157.44513722110014],[158.9917609285037,160.07360330036414],[159.14951793883841,160.931118162688],[159.1065585384698,161.41689253536538]]]]}},{"type":"Feature","properties":{"Level":"ADM2","shapeGroup":"FRA","shapeID":"FRA-ADM2-965667B84335478","shapeISO":"FR-53","shapeName":"Mayenne","shapeType":"ADM2"},"geometry":{"type":"MultiPolygon","coordinates":[[[[87.50128281210124,145.914146107869],[89.03354623901153,144.8638189770797],[90.1296749579995,144.38670817405537],[91.0966477530413,143.6893486570567],[90.88313950987714,144.15327883390924],[90.97904458660486,144.31790836921374],[91.91217847590514,142.79314793461373],[91.84015491020439,143.09469209240885],[92.62278841387429,141.89491940078875],[93.53901040140919,141.08567200145956],[93.66020922586117,141.48824418134797],[94.04946058198747,140.99989656680543],[93.99665432603027,141.6626673804462],[94.59853165592756,140.67861412319016],[94.88997907875861,140.6247302681106],[94.77611298796559,140.9554012646389],[95.10415704950732,140.36192933431596],[94.87133572168676,141.27636479767023],[94.53488638702666,141.57550755360987],[94.32002094658708,142.12454848456989],[94.46996977281542,142.41369583632365],[94.74994894586713,142.15052244695715],[94.57165109821904,142.83650543916633],[94.31563354334598,143.12379207838939],[94.28441044986232,143.63290655590274],[95.02682464701414,143.58498265182556],[94.80225167317784,143.885677128043],[94.60393032631185,144.60638350314764],[94.34885159373991,144.8542135106785],[94.29177678277802,145.41807969224809],[94.96545976819212,145.1157107814116],[94.79372691706297,145.54522794440157],[94.85050991210406,145.79384225693966],[94.3384538363209,146.66356664857207],[94.8419915761696,146.96210301171146],[94.3428896093626,148.29315106692616],[93.87402501325711,148.99557792791882],[94.08260315132105,148.8609416357391],[93.85523279613497,149.26020295526774],[94.19780436684687,149.26788468862068],[93.85620987752696,150.18060584214038],[93.39502275537136,150.62936955536276],[93.0764073892832,151.644125277186],[92.38135328437751,152.39836711070723],[92.57682565376541,152.0347676369452],[92.5308192684301,151.81807493173042],[92.22530972803143,152.17285833802833],[92.2538469309758,151.84914299640076],[91.87969130120803,152.32334159071888],[91.14593742641603,152.8837740986855],[91.11880935147882,152.6564246218908],[90.85771038698608,152.88061474882556],[90.70257486362198,152.8085264806815],[90.18954476708467,153.4987139344435],[90.07628629097533,153.4450276500466],[89.67492087252566,153.69675889578647],[90.16877191994493,153.25941140163835],[89.78105681561217,153.3898050905567],[89.212170336598,153.9093804511393],[87.44564418846323,154.97700869891634],[86.57298986501834,155.52083246736544],[86.05811676294739,156.23272180105317],[85.77022897986554,156.1144652064787],[84.63440781239325,157.14421887291044],[85.08603693345731,155.81544211764376],[86.68068791583745,154.29432471944835],[87.66033190517643,153.61696460880006],[87.60014436491203,153.3026142654871],[88.66342838866667,152.4551949134369],[89.51792085799332,149.73627522085144],[89.90185877960731,149.16469053471243],[90.02835213818602,147.8435826885257],[88.80717617331402,148.26514539678078],[88.82815143639348,147.9923300060373],[88.4307665109034,148.05755140795452],[88.1693296137735,146.62978566806987],[87.66456283984915,146.55916029914013],[87.50128281210124,145.914146107869]],[[92.60716205162461,141.99010836304174],[92.61929544825577,141.99199226612794],[92.63005142844442,141.9279504052522],[92.60716205162461,141.99010836304174]]]]}},{"type":"Feature","properties":{"Level":"ADM2","shapeGroup":"FRA","shapeID":"FRA-ADM2-965667B43204266","shapeISO":"FR-63","shapeName":"Puy-de-Dôme","shapeType":"ADM2"},"geometry":{"type":"MultiPolygon","coordinates":[[[[121.20865009678069,114.00782247947888],[121.11976722254731,113.76661331634793],[121.21760798519348,113.28662161378189],[121.35352831705158,113.17114312986826],[121.39602797739911,112.70076699687726],[121.19937250317199,112.65128047206038],[121.1665646689685,112.36445272401733],[120.96964873009162,112.17627288928438],[120.9442249462632,111.89044426184401],[120.74157844766492,111.92016329490525],[120.77139484910126,111.67928051558955],[120.53854077077415,111.46531082192479],[121.02934380007177,110.21345970109265],[121.19341743262648,109.73244927878858],[121.24137686675145,108.52611138574797],[121.0984081434602,108.62191257453802],[120.99930307524498,107.86350705555316],[121.26024747243301,107.05522805156012],[121.23158804128008,105.83225161037983],[121.41611642187506,105.78325595572977],[121.38101640579433,105.41020579214154],[121.52176218778877,105.52915774223189],[121.7507010301825,105.2177737553745],[121.80915734120438,105.53885012785648],[121.86726012644263,105.0926697780398],[122.2467177359246,104.95613238593353],[122.22502575358436,104.45143399060248],[122.45008302686134,103.99649050997101],[122.60403937862918,104.18068757207374],[122.86374686729681,104.0120668538373],[123.01972839585328,104.2787791810805],[123.72290859242435,103.71332310296131],[123.88894199868729,103.1100289043896],[124.28976352350973,102.87635627349255],[124.85280195936339,103.50374424321343],[125.31674610252873,103.43808625087335],[125.69025462560053,104.02718287013113],[126.06695880537741,104.16461205867053],[126.18580622753504,104.56302705701049],[126.33124528314214,104.12800306992733],[126.65733216131656,104.63684105605608],[126.79893637276047,104.19087727479486],[127.49353102926429,104.27007754317083],[127.96440750939941,104.83502480319278],[128.2440275801832,104.12105451065266],[128.42114459670887,104.35158671054829],[128.54242892001722,103.28661755756445],[129.18435770064508,104.03966397130408],[129.46308078183293,103.89790265569965],[129.31547272685555,103.61598026090238],[130.08493720823932,103.5970538744516],[130.2427019868814,104.14961204397514],[130.62849147263296,104.15340671141206],[130.54081749831428,103.78435415913785],[131.0304042803752,103.70359716835269],[131.18550682810115,104.45417833546917],[132.34511750179655,105.56132448446536],[132.78416052848036,106.51223574118131],[132.63859838551713,106.60031803235992],[132.9634078964056,107.76388603795023],[132.74169643642276,108.58358050294544],[131.89787640229213,109.18403753454008],[131.62310617502328,110.31539707328868],[131.80707002353174,111.21167947767711],[131.37777044967748,111.86062971234357],[131.53998815992284,112.17769775346719],[131.10461710157216,112.64222569479585],[131.34909908097092,112.91090539945523],[131.4456479324569,114.45343002639255],[131.8204352971012,114.79174835758785],[131.21641383224505,115.2611083438696],[130.97921601958055,115.63049940231963],[130.6293960216762,115.52664338321989],[130.2474199702349,116.30155361872194],[129.59741904471338,116.09003600871311],[129.6145569294726,115.93864939390023],[129.04296843485912,115.72902426575075],[128.9717369785709,116.47041269029174],[128.6445581038767,116.5074738716469],[127.78802531219704,115.87815144814981],[127.82716932014637,116.0425511557446],[125.60123889891182,115.11857854323421],[125.56619043325918,115.47645231693757],[124.82832909155421,114.88439851448096],[124.44481150901049,114.86954817343795],[124.34186079505122,115.37461490315923],[123.94737126399242,115.22401653028228],[124.38914921528064,116.18841373021525],[123.58167134759391,115.88908687425521],[123.16615525364841,115.46896163672278],[122.99346158661764,114.95526543710315],[122.39464322345023,114.94096057441439],[122.27569007928395,114.5923189688957],[121.88490276017725,114.37895784721536],[121.69213825752392,113.94929412637912],[121.52595258153195,113.83116248457456],[121.20865009678069,114.00782247947888]]]]}},{"type":"Feature","properties":{"Level":"ADM2","shapeGroup":"FRA","shapeID":"FRA-ADM2-965667B74393329","shapeISO":"FR-66","shapeName":"Pyrénées-Orientales","shapeType":"ADM2"},"geometry":{"type":"MultiPolygon","coordinates":[[[[117.84460678945017,71.20394289117407],[117.52311663633829,71.29580093083248],[116.80646288238427,71.09291915213842],[116.60169415671608,71.15785215532911],[116.4714918305483,70.70123371921564],[116.25448025336784,70.54580764749383],[116.05114054103625,70.6463542943549],[115.84475231893107,70.2822057296773],[115.38798540416242,70.25919682211398],[115.15883246929724,70.17124336886161],[115.03143763306358,69.00205389190586],[115.6774649918846,68.93266668731977],[116.16030824857336,68.10442427236828],[116.54107251873873,68.17459872047844],[117.20163199945989,65.85858815457752],[117.7576308493576,64.97867065003565],[118.41197310174194,65.13563478367706],[118.71628110458747,66.36215820547042],[119.5097999407694,66.15949717418717],[120.0093180551146,66.54360808081785],[122.16281638420148,64.85139885107534],[122.89350425140393,63.6588163240317],[123.57560886967765,63.45978455321467],[123.6546343331686,63.866857215538964],[125.14441361623702,63.3726892564241],[124.74160709456032,64.30667759691782],[124.98200397675676,64.27277878443071],[124.94190344577991,64.59560391179009],[125.91219678859517,64.82636503239797],[126.14052458705112,64.49875870578988],[127.22715987301075,65.36053692715245],[127.84380189739247,64.99765762128784],[128.10005552609104,65.42650057811775],[128.40146781252827,65.06258752475335],[129.22250552738205,65.07655232900366],[129.8727699074367,63.98235829156094],[130.89441741857223,63.963676813786876],[130.54254396338726,64.85733919721537],[130.21606271310833,65.02430981754],[130.01464141750648,65.47259080561277],[130.17235659759314,65.62650143069138],[129.13197939690735,66.18727840820398],[128.38076601959952,67.87667414610289],[126.8799506911664,71.90047792095237],[124.44531027539841,73.54727790754436],[123.77144290164574,73.3851014114313],[123.45277408476707,72.70217778432391],[120.86105650239432,73.14683041430776],[120.2336616836279,73.05582571065477],[119.67547681642463,73.12554549884361],[119.14937552942183,72.91418527073014],[119.51934490376844,71.84269582398733],[118.9099345073206,71.56944607886234],[118.59146952444922,71.7185886800399],[118.5189073868204,71.38015529904162],[117.95167830467497,71.0452308425577],[117.84460678945017,71.20394289117407]],[[116.74956380088666,68.20108743798598],[116.80950066281592,68.98037974588823],[117.04422785565838,68.7118067653772],[116.97824533721978,68.55163689048706],[117.35212655162513,67.75582885722673],[116.74956380088666,68.20108743798598]]]]}},{"type":"Feature","properties":{"Level":"ADM2","shapeGroup":"FRA","shapeID":"FRA-ADM2-965667B10995361","shapeISO":"FR-71","shapeName":"Saône-et-Loire","shapeType":"ADM2"},"geometry":{"type":"MultiPolygon","coordinates":[[[[139.84671139202993,130.69204134456234],[139.63889463387238,130.41219441350074],[138.8696831152585,130.03518503673956],[138.153193784778,129.61183135936602],[137.74615854288336,129.15521002099547],[137.9728183334201,129.14889293839295],[136.6872329306922,127.97440629298106],[137.21928519198843,128.3378328393996],[136.83122488657526,127.72960341870171],[137.29243238051123,127.75834857142128],[136.4655965081932,127.19297008984408],[136.3246061768497,126.76239161106356],[133.35175482671855,124.57243710701904],[133.42780396713454,124.84937145497341],[131.94458708797822,124.03673705513036],[131.9128320290402,123.76090477008574],[132.33468669186618,123.4315670086803],[132.16662781460613,123.21327618555534],[132.3777029199285,123.27806676872122],[132.12312762762818,122.77803497951837],[132.73003704305262,122.91111949965608],[133.11569614293938,123.2119322302274],[133.52415646481228,123.05762047230293],[134.17433312382917,123.50532534112081],[134.10168338045867,123.3542905641298],[134.32615380223683,123.4956520464286],[134.55064717400614,123.30759430683248],[134.3794542336496,123.15925837412102],[134.08690235368164,122.16927257211695],[134.28794432409666,122.23453752958497],[134.1343027778958,122.01301125038242],[133.6935766105769,121.90498628963994],[133.72377420263433,121.67243653074411],[133.2403110793137,121.36572889050382],[133.2953405623742,121.1906105974402],[133.32572024015064,120.46217088745225],[134.20423772235392,120.69781454527116],[134.48026499699012,120.41031856809387],[135.81340557663822,121.33640424942168],[136.26990995955495,121.26658124236207],[136.95750745698422,121.49082166886893],[137.14922478216877,121.80722569355578],[137.42253659114286,121.70500573519129],[137.8342652222587,122.03408844613],[137.78741469374307,121.61229525381307],[138.22762564534958,121.76381207264858],[138.7899682433202,122.56341450339056],[139.2789626870684,123.00394864873978],[139.16207970587024,123.02455224905708],[139.40543377817963,123.47813533675217],[139.50127684775842,124.29491560217183],[140.24165689607673,124.8451313772692],[140.3700199270639,124.79245704829768],[140.99597274693483,125.42875659690833],[141.15297645661852,125.33885341592804],[141.79679822224688,125.5440791361043],[142.29613308538842,126.25305586217853],[143.03990690181286,126.71813903431638],[143.23262639530867,126.63398752713574],[142.65191595967937,126.31726041344486],[143.74387254092898,126.67999084169267],[143.39021938400577,126.50552140243073],[143.34382295011227,126.20484399056893],[144.66563357336491,126.8078210270307],[148.6994993154282,129.808179766613],[148.926077080758,129.74975637797],[150.04865563105173,129.97600653524634],[152.98076051934942,130.2053552614259],[152.9488073568279,130.2992102868673],[153.47416141817075,130.26116131091877],[153.7635468249013,130.0462950053964],[155.20249058316213,129.9862607033329],[155.32802572723625,130.091365983372],[156.59904986702358,130.0725777523085],[156.524954154383,130.27714861190753],[155.66938460915443,130.43958185049374],[155.66964289854093,130.77431719909222],[156.21618113529777,130.805994637636],[156.0549848849773,130.98596668013766],[156.44160448117998,131.17142494466066],[156.13662296225976,131.26941068077275],[156.2639049705266,131.31313469235576],[155.87372073743614,131.45012064806104],[155.7649414396389,131.76996927324774],[155.34680358499332,131.74883461442994],[155.61292324916445,132.11022895949824],[154.87622478376284,132.2618433510704],[154.95908722724755,132.50240132789838],[156.3823715209246,132.67230155904159],[156.37540028095393,132.91724978898876],[155.76331721178437,133.0144085711982],[155.6254019092028,133.2238776239674],[154.9240593784042,133.09061787592768],[154.61417392800195,133.5381823920024],[154.03111875636012,133.3964275727115],[153.97285954632986,133.87454181811572],[153.45950649762966,133.81547461952127],[152.2514592572092,133.2404711633756],[152.32734750258874,133.36496084834377],[151.80514466142424,133.4569247727307],[151.1275659968856,133.1662860355051],[149.49557380197666,132.90980446342147],[145.5535321990347,131.52698332353634],[145.8939640477255,131.75826266281032],[144.6156149657077,131.49362930593142],[144.4841220731725,131.66847999065226],[144.1283314155783,131.56321806636925],[144.4346809422002,131.84211518216992],[143.6814255970338,131.50582418159973],[142.2843955373105,131.15502522882122],[142.62182294270832,131.51036248590788],[141.7593082897833,131.0060593804265],[141.80338909414584,131.246264292701],[140.85358225859613,130.88122279608797],[140.23967960475179,130.87402304875795],[139.84671139202993,130.69204134456234]],[[156.18070569966315,132.8504934067095],[156.26881400488259,132.84914723069744],[156.1918006314144,132.82479759604718],[156.18070569966315,132.8504934067095]],[[156.2935507704861,132.89297020352217],[156.34656819023076,132.91251117420322],[156.32801263715322,132.87903139564432],[156.2935507704861,132.89297020352217]]]]}},{"type":"Feature","properties":{"Level":"ADM2","shapeGroup":"FRA","shapeID":"FRA-ADM2-965667B52186400","shapeISO":"FR-14","shapeName":"Calvados","shapeType":"ADM2"},"geometry":{"type":"MultiPolygon","coordinates":[[[[92.07144574004924,171.44331775643812],[90.85723331303925,171.2902622947191],[90.03196210012119,169.42134823241594],[89.38383765197318,168.9282683052658],[88.24417818301376,168.89069347199913],[87.25286447589816,169.45240677511532],[86.16051854438356,170.4634854013864],[82.10198153464555,172.3015066927564],[81.35940537122423,173.11892605949544],[80.10857826552694,173.35010852903505],[79.88317352950368,172.48391214702863],[79.78156564527842,171.7734932274878],[79.99387569947179,170.9159300580094],[80.56424354462197,169.58957937228445],[81.36328213011028,168.6189133236616],[81.66199621894354,169.27520723778923],[82.06022278138636,168.5446484766114],[81.84194279630422,168.02267316035093],[81.57669798730886,168.06960795968808],[82.29959603538747,167.35314635583597],[82.07299292088146,167.00552483136207],[82.40979605575296,167.12551786509627],[82.6940061878689,166.1517647083731],[82.59315684322854,166.08392803578744],[82.96619199342699,165.6790873158999],[82.65641291374757,165.56955185545905],[82.51060927572352,164.9898364616367],[82.15896739092598,164.90667304249158],[81.64680103723852,165.2089073101024],[81.69901417250463,164.69319074563538],[82.10592295736276,164.63085018915461],[82.21137443764601,164.26851814010604],[81.94788495587179,163.89430440701403],[81.76956986372795,164.1297182991608],[81.57401077403078,163.42786271161302],[82.04744613837039,163.11853360557666],[82.19162074133848,162.7404170705419],[82.63950020118973,162.28364647581867],[83.37722078779275,161.922676882125],[83.47170465236346,162.1236653121709],[84.50811886498363,160.81795360490048],[85.07219992511375,160.5281852499895],[85.03027512375839,160.2408093732206],[86.20416909394068,160.1672453946692],[85.80801570248458,160.86333062691074],[86.48085510073972,160.23786352195305],[86.55476910739651,159.86316849520244],[87.30256797176723,159.10778968700546],[87.42953197903772,159.2580692806826],[88.03590610998815,158.66538330119198],[87.91746891947625,158.93410298822928],[88.82941597547504,158.44363714164317],[89.32019442380123,157.53594895592764],[89.60946696924857,157.32296452955595],[89.48275783521228,157.34288892011614],[89.94750397671993,156.7441419851334],[89.81602049337022,157.31572573006693],[90.85196035422088,156.4303437910434],[91.404920956706,155.44072880473828],[91.27195289334611,156.10084934598896],[91.55313437659144,155.66211260437828],[91.59113445723042,156.28839279166772],[91.68471164730303,156.08132037844658],[91.62592005220219,156.3630000312967],[91.84002931356545,156.4277479867661],[91.73904113707763,157.08572548954123],[91.95001070188681,157.1114260333236],[92.1622383883742,156.47653970899898],[92.3396086686242,156.667967706897],[92.42362083141686,156.44913172031374],[92.50898719162012,156.8431275283433],[92.5647765911941,156.50464542550162],[92.82178126467119,156.16179912703998],[92.8837815716735,156.61010557508223],[93.14537394363802,156.08933217195403],[93.02263169799448,156.81929837162247],[93.12871883079163,157.77810498681455],[92.8921521198335,158.2789504582694],[92.96938747173607,159.7160279896171],[93.1193298510544,159.48052715424606],[93.02656448906203,160.3482740861964],[93.18935535904416,161.9781207439589],[92.97677955300958,162.2150919134283],[92.89421696928862,164.46090378000122],[92.42730584749029,165.87213795672764],[92.82268456810995,165.99676168597315],[92.84304182542223,166.66560558858225],[92.59364277542045,167.14351872794785],[92.37724789829595,166.8862404672614],[92.47262275837764,167.25363257193882],[92.30958465674262,167.9022735756364],[92.46938990935735,168.58698221531725],[92.07144574004924,171.44331775643812]]]]}},{"type":"Feature","properties":{"Level":"ADM2","shapeGroup":"FRA","shapeID":"FRA-ADM2-965667B87595709","shapeISO":"FR-64","shapeName":"Pyrénées-Atlantiques","shapeType":"ADM2"},"geometry":{"type":"MultiPolygon","coordinates":[[[[83.93591175100079,82.55907515629507],[83.41024056218217,82.21570401180077],[82.50406477470099,81.25642744114569],[81.5625779535567,80.6129637254085],[79.67404746088691,80.13209380910696],[79.91573327958645,80.04149057236535],[79.63548280031594,79.80050680401409],[80.24059846021937,79.51064669324663],[80.20574712975944,78.95404043803737],[80.7691074797434,79.28106053863434],[81.72856961360148,79.312203714587],[81.73361886917306,78.41779061622665],[82.19433266745928,78.4448141642412],[82.47928667626178,79.12729102075853],[83.3218075341356,79.3545967214068],[84.13923621237845,78.97779585953114],[84.4860603230252,79.14053047729259],[84.89640481867279,78.79947335176871],[83.93926623347906,76.5803688943836],[83.03542475526885,75.94222167307463],[83.24133283009236,75.17737652990908],[84.35088829783257,74.94116369445607],[84.87739478201807,76.34480484430382],[85.57617044591932,76.6526456856242],[84.97772988031153,75.71301625270699],[85.54185393433947,75.36832141980422],[85.78243956988169,75.62702990610907],[86.57689741911469,75.2966717166876],[86.54643050124952,74.97485778933947],[86.8953285289191,75.35633562206226],[87.12774862707025,75.0354236828887],[87.85443623273626,75.08779366140038],[88.49479802474282,74.4854916616993],[88.85247068355054,74.7221606668402],[89.97671696565595,74.66523329071892],[90.66717344436418,74.99922440914541],[90.80591209297123,74.15218962554616],[90.62671964572152,73.78882863484912],[90.93781586549383,73.4691861672768],[91.1847604430472,73.60274193361514],[91.8212458860245,72.87498073718623],[91.72845904100396,72.55632330329493],[92.08002276290762,72.63612854535117],[91.96285685553174,72.29679326790495],[92.15301104044502,72.26681564619155],[92.92009952205062,73.10158256491343],[93.43991754453673,72.7923390407598],[93.98031622627734,72.96204637313646],[95.09224927121811,73.8547526494055],[95.2273795930283,74.7505045477086],[95.85957245553206,75.15155905282764],[96.0162144394705,76.26060593836226],[96.32673811328209,76.43031973992001],[96.35114672299845,76.78937920112799],[96.67460900872224,76.74749500235109],[97.01894037592578,77.05295891736895],[96.90611668180333,77.26912065387495],[96.99697995667125,77.97074911482963],[97.10596607768808,77.91550067693424],[97.50911784891014,79.03244273061541],[97.6194514158743,78.84908115812222],[97.81045485968937,79.0382807864007],[97.83855965976817,79.74205819900257],[97.99403353759183,79.71615125187716],[98.22482418341286,80.61266243914008],[98.14063611292454,80.7777752385873],[98.28124209952871,81.46037498551306],[98.4116875668267,81.40016730342302],[98.53457834534595,81.72013012226057],[98.42359205960574,82.09806040008762],[98.51827312463958,82.86385108574794],[98.43557382617855,83.01205630174174],[98.28630643209118,82.58295582932114],[98.15542408202506,82.56627508671245],[98.26031937614474,82.70797935377009],[98.14893267353315,82.834922063009],[98.22624258937823,83.10529922982768],[98.46746084462329,83.18586879041084],[98.38498150313855,83.35677464673972],[98.47635691262425,83.54533488444069],[98.41877523188836,83.7989889229318],[98.19354916298721,83.75878612555056],[98.27047350570268,84.06658752887884],[97.72165721686613,84.08055183648364],[97.61340429923223,84.19784863660601],[96.9822027733757,84.16920617695814],[96.61312618430674,84.20575781194076],[96.09716550388943,83.85738092291903],[95.53547759710686,84.00828955980668],[94.96850218471766,83.78612144838723],[94.85550800262683,83.9188617693297],[95.18906446558528,84.09953979843733],[95.02182181378042,84.1924089710217],[93.91940176726621,83.62428306417499],[93.84402543247649,83.75645543894801],[93.35742580038831,83.52171511878261],[92.94134403434055,83.64057044173585],[93.13321054888031,83.83317012395442],[92.45583581626606,83.62410344531925],[92.42718119337331,83.45122732592708],[91.88458925534428,83.73466316953187],[91.14775728721051,83.30684253837424],[90.56465613347922,83.26091346894759],[90.34233129204227,83.05654509440349],[89.69629045015388,83.04895735852497],[89.7064510985764,82.73220867777638],[89.01708204743267,82.73091611451537],[88.9361681736996,82.8612525813262],[88.21948688811275,82.52664261761694],[87.99767686001009,82.68615526768546],[88.38971363255824,82.7322353212497],[88.135129602805,83.04616229716456],[87.8528872186543,83.04837501463587],[86.759445074025,82.40949899897885],[85.34507460369548,82.21687106284999],[85.21158073670267,82.39339853415561],[84.72051375956916,82.41626656174837],[84.84353177121042,82.58275467168784],[83.93591175100079,82.55907515629507]],[[97.49765950360208,80.43246714996161],[97.75638026728981,81.0635945808111],[97.89557820528984,80.95209304521238],[97.87741652131645,80.38536939044224],[97.56160325862184,79.97398399575587],[97.49765950360208,80.43246714996161]],[[97.74350499210983,81.30951518317517],[97.94524512829098,81.44201868263777],[97.84446415792502,81.9732988651867],[98.1156338971822,81.79428664323343],[97.99857953186527,81.06167186703999],[97.74350499210983,81.30951518317517]]]]}},{"type":"Feature","properties":{"Level":"ADM2","shapeGroup":"FRA","shapeID":"FRA-ADM2-965667B65695207","shapeISO":"FR-94","shapeName":"Val-de-Marne","shapeType":"ADM2"},"geometry":{"type":"MultiPolygon","coordinates":[[[[137.92133858625826,143.48867932195378],[140.8723568670339,146.88285452682715],[141.93886829994403,148.3289656186577],[142.53136750589908,148.33125224701834],[142.28349714407992,149.32200907814664],[144.24209911685767,152.84878593281763],[144.11378520186682,155.74836360207567],[141.54864691227488,162.65001893603218],[139.53693329778048,163.47390649750028],[134.41144295442956,163.26486331380914],[133.85207380473494,162.20980580340728],[132.94190835834098,159.14071161449013],[134.6746204524128,160.86445202199127],[136.7938851165933,162.03282092361957],[138.97655800797173,159.49605241752582],[137.12374165001893,156.3315227082818],[131.84213333578137,157.95718416992707],[126.87242068813555,155.78409865364847],[125.02142859425672,155.34507078240802],[123.47357106771113,155.15364883052368],[123.0440732739012,146.62157090981796],[125.80205924394282,146.36730687920198],[127.10948907002056,146.5444455696922],[127.16609859200977,144.63219460729647],[132.76555432358327,144.44940109417934],[133.66149608599824,144.7544349314002],[136.87673840733078,146.48728009775064],[137.14756575604935,143.20357217894062],[137.92133858625826,143.48867932195378]]]]}},{"type":"Feature","properties":{"Level":"ADM2","shapeGroup":"FRA","shapeID":"FRA-ADM2-965667B29226061","shapeISO":"FR-72","shapeName":"Sarthe","shapeType":"ADM2"},"geometry":{"type":"MultiPolygon","coordinates":[[[[106.25119151415535,134.47063487243588],[105.77998628458275,134.94712058539852],[106.20786140130467,135.26099391338812],[107.10764477996977,135.03588525542193],[106.9022028524036,135.29149113602492],[107.34748394715737,135.5828649671212],[106.6909000836879,136.2383972435755],[107.50309675952802,135.77394685980087],[107.00906234814966,136.2984829385728],[107.3368833047835,136.18020308655667],[106.38911183588885,137.12875587683118],[106.13934584456932,137.74371957291686],[105.26278311457943,138.81245557287735],[105.84554048054444,138.38767100471642],[105.66426169770617,138.7325446633845],[105.21022344517195,139.08042071176055],[105.4900380846142,138.9584803333538],[105.28548386361479,139.41722270366276],[106.00436914962117,138.7671554576685],[104.52551328556002,140.54187145825512],[104.0018112299744,140.98456372700596],[103.65753979027264,141.03953391054858],[103.27607520388938,141.40855662143153],[102.22942062036581,143.22442658504488],[101.62828076258904,143.71575162994958],[101.92365602449365,143.27273949229644],[99.1154774730617,145.79193961690436],[99.16935921184049,145.67338026895584],[97.97733296909685,146.85053511234668],[96.6137795506498,148.94061057264017],[95.55334900816818,149.74101815265817],[95.08937983818484,149.74604787832948],[95.21709431279206,149.562922097049],[94.96879364080334,149.71441186010077],[95.17562221088852,149.51205682036016],[94.96015492110926,149.52936037838725],[95.06136565736415,149.2360039994793],[94.86550988151699,149.297760530258],[95.04240309762554,148.93225692282613],[94.49909929237803,149.30045996140595],[94.19780436684687,149.26788468862068],[93.85523279613497,149.26020295526774],[94.08260315132105,148.8609416357391],[93.87402501325711,148.99557792791882],[94.3428896093626,148.29315106692616],[94.8419915761696,146.96210301171146],[94.3384538363209,146.66356664857207],[94.85050991210406,145.79384225693966],[94.79372691706297,145.54522794440157],[94.96545976819212,145.1157107814116],[94.29177678277802,145.41807969224809],[94.34885159373991,144.8542135106785],[94.60393032631185,144.60638350314764],[94.80225167317784,143.885677128043],[95.02682464701414,143.58498265182556],[94.28441044986232,143.63290655590274],[94.31563354334598,143.12379207838939],[94.57165109821904,142.83650543916633],[94.74994894586713,142.15052244695715],[94.46996977281542,142.41369583632365],[94.32002094658708,142.12454848456989],[94.53488638702666,141.57550755360987],[94.87133572168676,141.27636479767023],[95.10415704950732,140.36192933431596],[95.3553422212859,139.24478818630814],[95.99801107686339,138.8550398585467],[96.5562528024337,138.2206661699926],[96.76508188787675,138.4964958143751],[97.08781781530936,138.0877306931209],[96.78669787042044,137.90682180433237],[97.22511213945452,136.68450978100066],[98.17157949069875,135.8519368984507],[98.17305488331786,136.27446235914832],[98.30914604292602,136.0377630301737],[98.41936069445687,136.15552775092874],[99.16609605752926,135.51696795792165],[99.27116102941542,135.64633694375345],[100.10539780214,134.69642248486176],[100.73364741150019,134.4450684839647],[101.17016631344308,133.83017517197703],[101.4552434821569,134.38278346060503],[101.93657262973596,134.0531628542688],[103.69442902890655,133.29945416596945],[103.94943782189668,133.44020331180005],[103.44419808162819,134.11951282690472],[103.60564097209594,134.4774991418127],[104.39997421367562,134.0469318192017],[104.50800563082538,134.45413271803523],[105.95551526419152,134.23985701603564],[106.25119151415535,134.47063487243588]]]]}},{"type":"Feature","properties":{"Level":"ADM2","shapeGroup":"FRA","shapeID":"FRA-ADM2-965667B30449641","shapeISO":"FR-03","shapeName":"Allier","shapeType":"ADM2"},"geometry":{"type":"MultiPolygon","coordinates":[[[[127.02697562978278,121.3267018188838],[126.39357554714528,121.07292500951684],[125.13940019981786,119.90454092364521],[124.31879752902842,119.42288783799938],[124.153627177114,119.53899614413388],[122.92288751989683,118.57985740344273],[122.79038520880206,118.29956774835733],[122.69380730648675,118.36238586346154],[122.259427611901,118.06237657719903],[122.46352532964963,118.10327239460986],[122.09645537144178,117.68808371990227],[122.28590273240303,117.66435038588602],[122.29056752289252,117.37646716318875],[121.20609507228966,116.57886979256043],[120.54459936474947,116.49522555078912],[120.21737172714492,116.1851431818861],[120.05551617940795,115.81624559985733],[120.04864779369447,115.59216723085143],[120.27152429682391,115.51708440010312],[120.06703153491466,115.39229707453464],[120.35319962768081,115.17348648640984],[120.47058555620819,115.34382246223223],[120.63377541013448,114.9982155169357],[120.66643302030084,115.08696621649912],[120.89212515347461,115.00429240025204],[121.20865009678069,114.00782247947888],[121.52595258153195,113.83116248457456],[121.69213825752392,113.94929412637912],[121.88490276017725,114.37895784721536],[122.27569007928395,114.5923189688957],[122.39464322345023,114.94096057441439],[122.99346158661764,114.95526543710315],[123.16615525364841,115.46896163672278],[123.58167134759391,115.88908687425521],[124.38914921528064,116.18841373021525],[123.94737126399242,115.22401653028228],[124.34186079505122,115.37461490315923],[124.44481150901049,114.86954817343795],[124.82832909155421,114.88439851448096],[125.56619043325918,115.47645231693757],[125.60123889891182,115.11857854323421],[127.82716932014637,116.0425511557446],[127.78802531219704,115.87815144814981],[128.6445581038767,116.5074738716469],[128.9717369785709,116.47041269029174],[129.04296843485912,115.72902426575075],[129.6145569294726,115.93864939390023],[129.59741904471338,116.09003600871311],[130.2474199702349,116.30155361872194],[130.6293960216762,115.52664338321989],[130.97921601958055,115.63049940231963],[131.21641383224505,115.2611083438696],[131.34541767488517,115.9274208474785],[131.5949441575458,115.89429325937982],[131.79884834609447,116.17934447567593],[132.03172934577833,116.07070579366369],[132.59032760776694,116.42320034195981],[132.5443874354082,117.59304250371392],[132.74495158505565,118.21801172916112],[132.4086773849383,118.41823967695171],[132.39492452381972,119.24349680912977],[132.58432272292342,119.45441945778688],[132.01700075704377,120.19595289074569],[132.36549109832293,120.34279790857187],[132.3333502071219,120.56635188716159],[133.2953405623742,121.1906105974402],[133.2403110793137,121.36572889050382],[133.72377420263433,121.67243653074411],[133.6935766105769,121.90498628963994],[134.1343027778958,122.01301125038242],[134.28794432409666,122.23453752958497],[134.08690235368164,122.16927257211695],[134.3794542336496,123.15925837412102],[134.55064717400614,123.30759430683248],[134.32615380223683,123.4956520464286],[134.10168338045867,123.3542905641298],[134.17433312382917,123.50532534112081],[133.52415646481228,123.05762047230293],[133.11569614293938,123.2119322302274],[132.73003704305262,122.91111949965608],[132.12312762762818,122.77803497951837],[132.3777029199285,123.27806676872122],[132.16662781460613,123.21327618555534],[132.33468669186618,123.4315670086803],[131.9128320290402,123.76090477008574],[131.94458708797822,124.03673705513036],[131.4525376401886,123.6908362078882],[131.5174762086358,123.57811204772116],[131.10907263787726,123.25446028294263],[130.96174353785975,122.83623472739988],[130.10375882884165,122.14994052322739],[130.2628121376107,122.42877890798454],[130.1766434701721,122.50961494857378],[129.1312638937803,121.70995335161665],[129.112645120177,121.87199654727931],[128.20596895602844,121.16148681203073],[127.03851019222704,121.10961464598375],[127.02697562978278,121.3267018188838]]]]}},{"type":"Feature","properties":{"Level":"ADM2","shapeGroup":"FRA","shapeID":"FRA-ADM2-965667B71856786","shapeISO":"FR-09","shapeName":"Ariège","shapeType":"ADM2"},"geometry":{"type":"MultiPolygon","coordinates":[[[[116.33538038460816,75.54291214275237],[116.25033121332343,75.66170600616088],[115.72162335391644,74.80474930543765],[115.81877086033559,75.08547721617703],[115.36516540965579,75.32462565187745],[115.21769135198184,74.93186037012107],[115.14027067791187,75.3425514731887],[114.87125966922103,75.15479105774368],[114.84512539252697,75.6996192420023],[114.70198791803116,75.68240732869708],[114.65492408034035,74.45191562802569],[114.49419206987498,74.50351468655248],[114.29038050844471,74.25209379112641],[113.92596680607798,74.4540526756507],[114.06512679383434,74.90048530397092],[113.18786227026364,76.32158146155044],[112.61861221609577,76.72251159205884],[112.25684749305638,76.1360341902651],[112.48127885257328,75.41691489829097],[113.02707668806207,75.21120126490504],[112.92127334664531,75.01551083365115],[113.55414661131316,74.78673762474075],[113.4833107112841,74.22597213996082],[112.99731788394571,74.00010027072834],[112.11716211669355,74.11917482344357],[112.14755864769563,73.66445749275076],[112.688232422888,73.58076496093877],[112.96235868356456,73.39233561740727],[112.5838948435657,73.29118726278747],[112.6094429513921,73.16892388616192],[112.25088983465325,73.14243349357628],[111.68110986073542,73.61975868037305],[111.60666654761286,73.53491212447469],[110.92178865074554,74.07527105407232],[110.53442307572561,73.85280233382346],[109.88956777791165,74.25647677827529],[110.03880055862793,73.54414588417055],[109.3413292142475,73.94909373992168],[109.31599107431833,73.73099614723074],[109.67309858476759,73.4187796224105],[109.31322606958007,73.40209588826463],[109.72103586489575,72.83046900301245],[110.23130635636795,72.6618059925429],[109.79150619509508,72.44996464909691],[107.97573008570588,72.45778728102894],[108.33516121207659,72.1684900133445],[107.03764292627929,72.12297248387796],[107.93392972594785,71.20276358835237],[109.20592149559155,71.0151777841745],[109.60231252868496,71.23687987214423],[109.87652680761676,71.10013710436937],[110.81885201073831,71.38922616155614],[111.2391378715786,71.25635229929564],[111.20094440081616,71.09450616762118],[111.53512001314164,71.04501947911994],[112.07857598706772,71.3555334581704],[112.99113116828838,71.48259748472218],[112.93579652531614,71.34142087287569],[113.14129392584066,71.21278394439753],[113.24345369565555,70.3576199553044],[113.53151433845416,70.55584501999721],[113.62161857638105,70.95566803971717],[114.03611512677624,71.0078713711816],[114.29572035747377,70.77032902502796],[115.08072786508447,70.70609016131323],[115.02771221141067,70.43178945521272],[115.38798540416242,70.25919682211398],[115.84475231893107,70.2822057296773],[116.05114054103625,70.6463542943549],[116.25448025336784,70.54580764749383],[116.4714918305483,70.70123371921564],[116.60169415671608,71.15785215532911],[116.80646288238427,71.09291915213842],[117.52311663633829,71.29580093083248],[117.84460678945017,71.20394289117407],[117.89848426592101,71.40965871908071],[117.14858648585859,72.0245499127191],[116.2595633935043,71.76878353851254],[116.01542293009877,71.98033323583303],[116.14196420461337,72.06290806136512],[115.79696253229737,72.30729563218189],[115.93117932653465,72.53570661850536],[116.61305145105399,72.76692299794325],[116.66697624251466,73.17307061807307],[116.37076203840104,73.16722146323411],[116.59121912727329,73.37906223422021],[116.91567129428441,73.4615654766349],[116.79763901199077,73.45212760290804],[117.01945959995236,73.75091883103772],[116.92621448542346,73.74005439232431],[117.17704853176357,74.06018796089319],[116.99205014249125,74.03585393380416],[117.21813108523028,74.19628840356869],[117.45931713590662,74.62751175728724],[117.26585185326019,74.61649304473366],[116.99075875588542,74.37648075734867],[117.09994401334836,74.62951431187028],[116.35401271066037,74.31155828798481],[116.04128434747304,74.39983574506091],[116.27146958428884,74.71674876160507],[116.33538038460816,75.54291214275237]]]]}},{"type":"Feature","properties":{"Level":"ADM2","shapeGroup":"FRA","shapeID":"FRA-ADM2-965667B42712880","shapeISO":"FR-16","shapeName":"Charente","shapeType":"ADM2"},"geometry":{"type":"MultiPolygon","coordinates":[[[[109.02833242580934,109.77752253614702],[109.2136958618387,110.10081925686082],[109.69934730116537,110.31271741862435],[109.67011215062482,110.8577421770614],[110.20315042072156,110.55556217515232],[110.5881297438375,111.77894690787883],[110.53029320641897,112.40983989055957],[110.8661175842783,112.17728071454103],[111.55356146591572,112.56773870702457],[111.49831625976734,113.22446468795928],[111.21589977818624,113.56917249404782],[111.05420612276498,113.38928620066501],[110.71274466225543,113.87328270977726],[110.85024969095406,114.5458139977655],[110.61897940412581,114.76089231639656],[110.74878378587704,114.83228208472138],[109.68005480735773,115.02691324313435],[109.38101535212337,114.74540327257105],[109.52658780447939,114.58133942127988],[108.74736274097224,114.49979165154328],[108.82301456730312,114.40404939941986],[108.12173096103297,114.51361465377205],[107.53482301296843,115.05451473402324],[107.13556948424757,114.71055306035589],[107.21851956987697,114.54005599288149],[107.51825302203842,114.52882760400377],[107.58785482197224,114.3235784637125],[106.96640219915473,114.17519820567638],[106.68903621151081,114.3751808385283],[105.65369205908948,114.36221229090117],[104.83357867362506,114.79798966884098],[104.61765846290224,114.68042547441289],[103.90177078097096,115.01293661958611],[103.94005287541815,114.83860568224355],[103.57808371497138,114.82597526642152],[103.69088406394123,114.73292390255861],[103.37783214402856,114.61243043873786],[102.8873098278598,114.73151023439873],[103.09368564418801,114.44458335607243],[102.86325482473866,114.20075677364261],[102.99999655761907,114.08602479367421],[102.5524242741593,113.99167545074916],[102.69877814909793,113.55315871104978],[102.25372754445753,113.64354819643364],[102.45219499449878,113.44017702768426],[102.32880805476398,113.3699101272665],[102.71369978349581,112.98984106375079],[102.50742760228121,112.70087382215681],[102.5879846225064,112.25344639084004],[102.44317328462907,112.19333694321097],[102.52204435436792,112.24119083446882],[101.85297109277423,112.37614280727934],[101.59842219678669,112.74657561978898],[101.05472540391021,112.99499357323381],[100.89901431623079,112.88313229260345],[99.85970883634656,113.29443039031582],[99.81688841033963,113.12922414473209],[99.39161380689731,113.29644646969965],[99.26598652674329,113.01445269502582],[99.99532580993734,112.75956026071857],[99.8098382107395,112.75708409858836],[99.78035015492085,112.29396822797167],[100.32310883472097,111.83027473227699],[99.97870818803473,111.91129776935215],[99.68958287152554,111.60556762093496],[100.27633732542728,111.50031889088046],[101.52309736005829,110.49088295415456],[101.22412403717965,110.19743265520376],[102.1855654119331,109.76778634582743],[102.00314596954692,109.70003576132393],[102.37377555580065,109.53691414012268],[101.83547648718596,109.10485968860579],[102.42561609448568,108.70856940184954],[102.35925479008904,108.52067082302344],[102.64786055716381,108.483048616879],[101.59402522653778,108.29256164398207],[102.05173949041868,107.8061147699373],[102.56593935242783,107.77747915748658],[102.4956085044468,107.54053322531867],[102.10486850506126,107.71072309895801],[101.9691839648351,107.19671258744752],[102.35900245601856,106.9952095950097],[102.91604197813447,107.21503458925355],[103.1945657462353,106.95205779703642],[103.82888223032163,106.8341391133312],[104.00936845254338,106.56781871501678],[104.4051319513629,106.54509968170356],[104.34443165801403,105.98630066459704],[104.9608105564005,105.98030255972107],[105.29326278293854,105.67374212447484],[105.32591773556813,105.27861829573921],[105.66537890918198,105.52408314171059],[105.97128420271594,105.41983194472486],[106.19551309685693,105.13553258427157],[106.47692796619184,105.36533430445782],[106.46444759377971,105.60544848003401],[106.63853141669487,105.54081188562647],[106.7568098733499,105.80507796114294],[106.97145699101586,105.71802055766021],[107.07223739109565,105.96487591764614],[106.87724536408241,106.59346195957792],[106.9595382149516,107.15758779077197],[107.2227203833429,107.15644061096286],[107.10525288843088,107.45176600954078],[107.29333325336243,107.20835119175256],[107.27817705029216,107.37420378367115],[107.73828025939044,107.55882981243117],[107.90952554730737,107.43427838108306],[108.04526986494305,107.95647288682711],[108.31032468051008,108.09735307864493],[108.1811307680799,108.79205430171854],[108.29083118994569,109.05260944524431],[108.40852389398819,108.84749587105],[108.65102299822205,108.93383540691674],[109.02833242580934,109.77752253614702]]]]}},{"type":"Feature","properties":{"Level":"ADM2","shapeGroup":"FRA","shapeID":"FRA-ADM2-965667B19896734","shapeISO":"FR-18","shapeName":"Cher","shapeType":"ADM2"},"geometry":{"type":"MultiPolygon","coordinates":[[[[128.82175547948654,126.7150017594671],[128.02237571972677,126.21462553355047],[127.6039082220222,126.46339595909774],[127.26955044033197,125.98831484566777],[126.5069384502347,125.74543277151146],[126.58042451317093,126.01107254079854],[126.12769696954578,125.98549873691161],[126.27500815731538,126.16001492151707],[125.64308252885503,126.2638824836261],[124.51858465670281,125.92854489604787],[123.95493147316766,126.15148120267406],[123.14793959541447,125.68832268545054],[122.40932615583758,125.84218997911425],[121.88817592966306,125.60687498982492],[120.64960312810916,124.91596576780029],[120.70770545034136,124.63862227155099],[121.3245484866062,124.82085208371278],[121.45925885757156,124.63539634488282],[121.21083316908793,124.26216892726367],[121.71451470093851,124.45026029021571],[121.54465905111923,123.74277245957883],[121.1771967195394,123.51446814432873],[121.07557233998861,123.77492799046061],[120.59147102093763,123.2906056527493],[120.41336462249706,123.36584110706401],[120.19777519693966,122.78478062200679],[120.34684137541029,122.87082865740201],[120.3540039757485,122.534083634268],[120.62271449397244,122.33483880081675],[119.27022882538621,121.56727283394775],[118.96094031446293,121.63887550895855],[118.68481088792267,121.39446539762972],[118.79728851360414,121.28961629124439],[118.5681295678157,121.13767670351902],[118.37963648797275,121.33953060622972],[118.40699350707914,120.99216787552271],[118.01498354733157,120.83747520480938],[118.56975532422368,120.46414754507087],[119.14295636456302,120.5237867609267],[119.16077043443562,120.30964063178692],[119.38912032792496,120.34729871659675],[119.27565932965025,119.95386377610308],[119.64674419146127,119.5885968678259],[119.44697630116798,119.22302450445011],[119.81332701505929,119.0035926299258],[119.49353593066273,118.79433844083272],[119.54969214383001,118.69954723624029],[119.31967850166477,118.65987615977306],[119.58095209372863,118.15581078173474],[119.39604774755841,118.06983319278905],[119.44684841818284,117.79612356312367],[119.6800170223052,117.58915789326215],[119.61030137892195,117.52403572248922],[119.7791734201737,117.23746816385751],[119.61524233844867,116.726465008294],[119.74328635603237,116.25295342377501],[119.53344099334716,116.10276544753258],[119.57525810172038,115.87022627634254],[120.05551617940795,115.81624559985733],[120.21737172714492,116.1851431818861],[120.54459936474947,116.49522555078912],[121.20609507228966,116.57886979256043],[122.29056752289252,117.37646716318875],[122.28590273240303,117.66435038588602],[122.09645537144178,117.68808371990227],[122.46352532964963,118.10327239460986],[122.259427611901,118.06237657719903],[122.69380730648675,118.36238586346154],[122.79038520880206,118.29956774835733],[122.92288751989683,118.57985740344273],[124.153627177114,119.53899614413388],[124.31879752902842,119.42288783799938],[125.13940019981786,119.90454092364521],[126.39357554714528,121.07292500951684],[127.02697562978278,121.3267018188838],[127.60937345532884,121.9391554346421],[127.6764711731461,122.31000603452489],[128.1519507057355,122.80579718589357],[128.09105634707103,122.90598466868359],[128.43374550383848,123.32998962939064],[128.0892938467559,123.36943433868672],[128.44254535000928,123.81307021154126],[128.54527298712424,124.52403975881512],[127.93359161425677,124.65929119116345],[127.96904788532841,124.93100460431282],[128.92631952785925,126.08499622389593],[128.82175547948654,126.7150017594671]]]]}},{"type":"Feature","properties":{"Level":"ADM2","shapeGroup":"FRA","shapeID":"FRA-ADM2-965667B30282287","shapeISO":"FR-19","shapeName":"Corrèze","shapeType":"ADM2"},"geometry":{"type":"MultiPolygon","coordinates":[[[[118.79978654526812,101.4030230909924],[119.22165880128158,101.43337500339508],[119.27909171644106,101.59105320440365],[118.98700949973794,101.96089119621743],[119.27088321523897,102.15849904339828],[119.48707489643131,102.10363582834836],[119.51085150655214,102.4833680581761],[119.85290178544457,102.65430269893923],[119.57941195693672,103.06776152994416],[120.5145566631748,103.90275799557557],[120.42535699769819,104.88950893009388],[120.52551784993487,104.96503065564411],[121.14111223545507,104.15228770624722],[121.3652173881696,104.18866278733478],[121.34620474473988,104.53463106002137],[121.14774871301582,104.85277811944445],[121.23158804128008,105.83225161037983],[121.26024747243301,107.05522805156012],[120.99930307524498,107.86350705555316],[121.0984081434602,108.62191257453802],[121.24137686675145,108.52611138574797],[121.19341743262648,109.73244927878858],[121.02934380007177,110.21345970109265],[120.80676587836786,109.65549537441748],[120.42176979235452,109.85151191070875],[120.30787193876964,109.25805787880131],[120.08723551735264,109.22240352465708],[120.11016852934259,109.68200820515807],[119.93075006842952,109.78671617490117],[119.8760395983809,110.08454977882496],[119.79806846004077,109.91529383670598],[119.86132653405343,110.12427753004533],[119.68974239006093,110.3869413894793],[119.67163190098891,110.1860769830037],[119.59149569080368,110.36979152450644],[119.41128683974004,110.25245382822418],[119.3070472156497,110.71525336301656],[119.11490849416238,110.49300672023043],[119.06869953498166,110.10944280821641],[118.91149515374427,110.11044599409279],[118.90886140702996,109.88911096628917],[118.83345850283554,109.9695899267512],[118.67443258556357,109.7304602546692],[118.66725642825305,109.43067420819372],[118.54938133102024,109.46376544081353],[118.50437049344984,109.24320851066967],[118.31020562853783,109.10620124241684],[118.04080872456115,109.36821693720253],[117.69695754673438,108.72085960829969],[117.43382972095368,108.62472103284713],[116.73571273539505,107.56644095684638],[116.5802341883768,107.59348590464501],[116.18317921786375,107.10682179746848],[115.93242738135422,107.24350644659283],[115.6994885789671,107.01890044809153],[115.63284790234263,107.21841231727822],[115.15657664578264,106.57681922426234],[115.13258993884234,106.71177074069173],[114.40367532867461,105.81228135445522],[113.93105405633577,106.03667503682738],[113.62278297361996,105.44249466676726],[113.91742682340572,105.3494800883106],[113.8750843367377,105.15874241641342],[113.6654784328502,105.17209693600148],[113.69375415654841,104.9441861047531],[113.82410826898136,104.98827667882448],[113.83721444499804,104.79708169576887],[113.90999849673997,104.93972061759243],[114.11126704289649,104.71779982706187],[113.72581138023445,104.25921292404252],[113.54788023389717,104.24440011229916],[113.48096903485565,103.81077271534453],[113.85875289788427,103.6156673085159],[113.53595935768436,103.41272547797065],[113.5262128668885,103.20968904399835],[113.82300558216777,103.28305188315093],[113.96145179336494,103.17083547168774],[113.68833969769727,102.94539085310342],[114.0645969395384,102.78713553708405],[114.3541771480968,102.86946725601602],[114.79412949495666,102.76144167240184],[114.54726320073027,102.60439500301584],[115.00617004230561,101.97682534886918],[115.60800850321853,102.15478188969126],[115.6313829327662,102.04793803724213],[116.12916791497722,102.01583607630009],[117.07742391005064,101.17282199773138],[117.13076637504909,101.26415531225612],[117.23270519367185,101.13589686531249],[117.8537537900936,101.47992601749482],[118.04152869912646,101.42752725153352],[118.05936096128032,101.28628858489131],[118.35296445143578,101.42547641527216],[118.79978654526812,101.4030230909924]]]]}},{"type":"Feature","properties":{"Level":"ADM2","shapeGroup":"FRA","shapeID":"FRA-ADM2-965667B72032110","shapeISO":"FR-21","shapeName":"Côte-d'Or","shapeType":"ADM2"},"geometry":{"type":"MultiPolygon","coordinates":[[[[140.23967960475179,130.87402304875795],[140.85358225859613,130.88122279608797],[141.80338909414584,131.246264292701],[141.7593082897833,131.0060593804265],[142.62182294270832,131.51036248590788],[142.2843955373105,131.15502522882122],[143.6814255970338,131.50582418159973],[144.4346809422002,131.84211518216992],[144.1283314155783,131.56321806636925],[144.4841220731725,131.66847999065226],[144.6156149657077,131.49362930593142],[145.8939640477255,131.75826266281032],[145.5535321990347,131.52698332353634],[149.49557380197666,132.90980446342147],[151.1275659968856,133.1662860355051],[151.80514466142424,133.4569247727307],[152.32734750258874,133.36496084834377],[152.2514592572092,133.2404711633756],[153.45950649762966,133.81547461952127],[153.97285954632986,133.87454181811572],[154.76957979312232,134.22756086041602],[154.28379736227393,134.3069868865657],[154.67800155559928,134.6545550367958],[155.64321760183682,134.89653203259985],[156.43630492855382,135.9128589111453],[156.31795082339568,136.06607456064933],[156.6287450612058,136.27217278211737],[156.7665378000491,137.0066232910469],[156.99116276530927,137.24578738030345],[156.71930759244867,137.25185854095741],[156.96361713187022,138.09519505983025],[156.63669206649843,137.95437538068717],[156.7536173760531,138.5361760791492],[156.59711128394576,138.60990899559226],[156.44049024224154,138.4215062030397],[156.39573833909424,138.53789183649292],[156.62420774974987,138.77242602464526],[156.52180302605916,138.7492997417544],[156.6123443387007,138.97428226153468],[156.8568628708303,139.06561382862702],[157.1045922209534,139.4837963325144],[157.17724217106382,140.28584756183585],[156.94075906949013,140.37778813063954],[156.7300906552842,139.94574001352387],[156.63349950291177,140.00446105796257],[156.51418303069124,139.8083676077169],[156.37606553745204,139.94058584051498],[155.9284453574887,139.4013499073314],[156.0392295193468,139.88135764994763],[155.90825341891917,139.7693160865241],[155.56990791861304,139.97337244749383],[155.64099982074887,140.2669025569888],[155.35500508684734,139.87497673778842],[154.8038682642638,139.88149403089966],[154.93957924600664,140.1104924386948],[154.7414855080789,140.01475762284463],[154.79288541287596,140.17095631950326],[154.36206623539147,139.78300969369954],[154.42811855351357,140.49150924488546],[154.19551320498906,140.38404371285426],[154.74518231926513,141.0776107155516],[154.5775540989136,141.40334825267686],[154.41792643932084,141.38487155004785],[154.35199749633227,141.76521489044566],[154.03738747473855,141.4578845326499],[153.87021773727284,141.5448606556174],[154.14544804019042,141.85693562940352],[154.04899773598703,141.99251464492647],[153.6763832536534,141.89453277920043],[153.86611625907057,142.1703187005861],[153.77737387994378,142.29297576120194],[153.2237998312945,142.2372957948504],[152.4316251988352,142.06093097703146],[152.08407837488693,141.7736641010207],[152.13368151036872,141.46200765530028],[150.23184017322694,141.2705841377786],[149.29813179411798,140.99933048956376],[148.57098825540814,140.35819249686108],[148.64691175364632,140.2482396727554],[147.26837264263105,139.3060478118312],[147.23724207593142,139.00579510842908],[148.24797133330864,139.60989946172595],[147.68584898407596,139.0511212614508],[147.86818039068794,139.0605800635953],[147.27598804341994,138.42548990560925],[145.47076303628415,137.2596929398519],[145.70797165628582,137.0646929112684],[144.77312740877713,136.70262275004882],[144.88031286510312,136.60917730975234],[143.4712961036512,135.83396186749272],[141.55253105413706,134.21716979304244],[141.42578966826215,133.81768232103053],[140.0118088948396,132.3682696608332],[140.28167244935457,132.50916728549348],[140.00493190599937,132.25656283548219],[140.1984944699022,132.27115109188793],[140.00621919863914,131.92510411241932],[140.56954190320218,132.3725125338813],[139.8344843838977,131.60477092214282],[140.087631417899,131.72937058310552],[139.71264080730373,131.42901875024455],[139.71545473576677,131.08218394123602],[140.35274863623124,131.51285533164278],[140.70851478285186,131.29604437801362],[140.23967960475179,130.87402304875795]]],[[[138.8696831152585,130.03518503673956],[139.63889463387238,130.41219441350074],[139.84671139202993,130.69204134456234],[138.8696831152585,130.03518503673956]]]]}},{"type":"Feature","properties":{"Level":"ADM2","shapeGroup":"FRA","shapeID":"FRA-ADM2-965667B90262379","shapeISO":"FR-22","shapeName":"Côtes-d'Armor","shapeType":"ADM2"},"geometry":{"type":"MultiPolygon","coordinates":[[[[59.03972089731796,166.0598835005894],[59.128350657548545,165.91892554856162],[59.33723889006653,166.00793770865985],[59.03972089731796,166.0598835005894]]],[[[59.456659691869575,156.38735772131724],[60.76525938453619,156.31804585704782],[61.00149713418232,156.09077332915888],[60.79561660529131,155.88518600099124],[60.99329545448484,155.63781518555018],[61.76990917075845,155.97901480693312],[62.35528561562964,155.40583600850994],[62.700842221775105,155.5466216527899],[62.91489697421187,155.38955036547668],[62.891544789012805,155.5841608720368],[63.446975652090146,155.60048418547956],[63.680593510143964,156.23839110602142],[64.10686517583449,156.35269297299507],[64.68392847594035,156.1179554375915],[64.80782781060908,155.54118090989314],[65.653903911125,155.56352204787632],[66.06420469754026,155.14951987449598],[66.36610258269509,155.2050513015452],[66.67643721984808,154.23278083737435],[66.81379494140768,154.72004228291428],[67.19329720006309,154.63219202260717],[67.45188722810781,154.9481821679786],[67.63407494135615,154.36975492611253],[67.49402734946918,153.78645147733067],[67.67537231076113,153.2118316350921],[68.47844183080656,153.89974316202043],[68.3889492327945,154.30456435687694],[68.67126217607509,154.84781767056268],[68.47409158532889,155.26304786248875],[68.87591755362465,155.24916791601777],[68.84115577748905,155.4165542031312],[69.48279452286165,155.38735946103748],[69.94533033368664,154.3362111218651],[69.97198993438559,154.58400170360972],[70.50955245937847,154.68021367012227],[70.52709164099629,154.89283484021965],[71.00026103717059,154.83968194867793],[70.84728129114744,155.1163872726353],[71.01291916411895,155.17483697797894],[70.98076598938772,156.0224354852751],[71.45113974773341,155.99610474786724],[71.44314936432588,156.59508085178055],[71.81433474365637,156.7776290150104],[72.37331905349396,156.62967324014932],[72.50419413748223,156.83788764229837],[72.28233280870009,156.9112032683394],[72.69155278658438,156.99055058947192],[72.69940901843307,157.2244406505454],[73.6273982120299,157.05606513592295],[73.93995698729836,157.37962324142833],[74.08143737549983,157.21191005142657],[74.00660399250893,158.00914979330983],[74.46145558550518,158.08804799179802],[74.1646755692554,159.55700933036235],[74.61444789554449,160.13165076412787],[74.29885185765914,161.10616975913837],[74.13632563648119,160.94261367016406],[74.05421818071261,160.64805350469243],[73.8971224946122,160.7284236294829],[73.52015154092871,160.20162148030667],[73.81023914917184,160.9880300018273],[73.42870721270337,161.29758626566797],[72.98354067380998,160.8830095022515],[72.99986212719695,161.2182456245237],[72.14496865541128,161.54811382985875],[72.16605490765657,161.75147161569998],[71.94411407538375,162.00368394749663],[71.63227578590158,161.63019300093214],[71.82824063738367,161.50516582528434],[71.49326344773708,161.3586507821473],[71.38629022763828,161.82811927054274],[71.14199459570571,160.98149362639555],[71.21978674649402,161.31422734211662],[70.8064890623631,162.1977755140464],[70.93000531988227,162.31889378046475],[70.23771141835377,161.7919702469799],[70.02076086041608,161.93612355701583],[70.55417874590361,162.67064305264],[70.2417520165576,162.96314333978376],[69.30554328514484,162.23320659319188],[69.10666037976347,162.43053707935687],[68.62473643959368,162.31125766791297],[68.8076634999382,162.16221603490538],[68.54559148250681,161.78957844429098],[68.04834246526906,161.64427052339644],[67.51755865538645,160.81730290151643],[67.6590899703978,160.5443251463564],[67.14463441769566,160.78050983415693],[67.15343072839616,160.25057643997175],[66.92644467868136,160.80104940633964],[66.80671771700491,160.74421397189076],[66.8747078712252,161.12385576379677],[66.03260478648102,161.76581205563684],[65.98087291805844,162.50440376317377],[65.48545980934702,163.0194342467795],[65.45119520358396,163.36660097472136],[65.01665903745501,163.71945522608246],[65.15512412613721,164.2208999295284],[64.9581367928765,164.50065441622962],[64.8790628889352,164.37189074431],[64.3222874909046,164.61038493051734],[64.48106063511773,164.69859194215542],[64.20395699289959,164.68620289642965],[64.53422893945633,165.0237319406628],[64.44141869640252,165.29963865747865],[63.85519991952742,165.25443209749568],[63.75237459662482,164.76704639700324],[63.34059620141251,164.15788789208727],[63.69748747343992,163.90317186360227],[63.45895950354799,163.76992600308682],[63.31221426407629,164.1639119038763],[63.939601301162156,165.54879399565635],[63.70853480271789,165.54960772476628],[63.748668201530045,166.0035373900031],[63.8772236278014,165.90737563566006],[63.77351451621433,166.1426412895222],[63.92074338884082,166.2874348563026],[62.995159675994124,165.87336272488102],[62.72214791487069,165.00050250597982],[62.85990998115724,164.7671166421085],[62.308682059579205,164.6156204849072],[62.64826232806664,164.81948068178758],[62.63750219903128,165.15423849535927],[62.43185191965733,165.10269884418452],[62.834858913732425,165.7922189734017],[62.68431770032786,165.78010284541728],[62.614756488326876,166.36911209281214],[62.26943175211729,165.87029451072132],[62.14187793084403,166.0358663725287],[61.985707914281136,165.8517107294556],[61.713451073268196,166.04191470475325],[61.07436249332886,165.62006772492276],[60.56334406434589,165.62200007897033],[60.66181327983622,165.97230134252845],[60.34704737763895,165.97955858740613],[60.05729511972846,166.3374437594007],[59.92591282657691,166.18810808112767],[59.881740983284054,166.461076982892],[59.77118155507828,166.146658144823],[59.556714881315415,166.2947705945634],[59.44310962103692,165.7973737937305],[59.125187873036,165.8604263276633],[59.177155376896515,165.35388730443748],[59.37236241336137,165.33234960737957],[59.716956331835135,164.73949948182766],[59.242613916623505,164.80754391879034],[59.45855685470612,164.15666443451602],[59.06208019565655,164.01528358462542],[58.977786777294725,164.22806731557904],[58.52001108522193,163.94885488449265],[58.93070606126389,162.79190677068223],[59.42042056010732,162.4984691106675],[59.28557709330845,162.32147721068105],[59.903375388849234,161.87933378041504],[59.24138245978063,161.05630780755965],[59.84679133459427,160.49837285382375],[59.35285334278565,160.16808486340102],[59.277949147594846,159.658486513218],[59.81996239372145,159.44529774556597],[59.69701932254425,158.96862869411802],[59.904656742847266,158.3852651418941],[60.14088652409366,158.4608007198163],[59.73442931024963,158.0948904625039],[60.11430758864287,157.89474160534613],[60.02574093064713,157.47764666383625],[59.64211423476024,157.28388658476626],[59.96450801839854,156.40988930918826],[59.456659691869575,156.38735772131724]]],[[[64.4152348324605,165.74441722866544],[64.56113573715399,165.52604347863027],[64.57441728897757,165.73097590728895],[64.4152348324605,165.74441722866544]]],[[[64.42262869666732,165.85475127149684],[64.54649750469008,165.74106554761912],[64.63631383488861,165.96141910232438],[64.42262869666732,165.85475127149684]]]]}},{"type":"Feature","properties":{"Level":"ADM2","shapeGroup":"FRA","shapeID":"FRA-ADM2-965667B15133749","shapeISO":"FR-23","shapeName":"Creuse","shapeType":"ADM2"},"geometry":{"type":"MultiPolygon","coordinates":[[[[116.18318651480115,116.44626684990519],[116.48536517582866,116.0463203918407],[116.31619021572642,115.88695012256542],[116.49789333443218,115.7725065497032],[116.33554955088628,115.80227334718762],[116.39771343038424,115.49968192054087],[116.0587866627686,115.31182465924508],[116.39903482844453,114.90576977370742],[116.64879933377671,114.91228051892092],[116.65738955218674,114.65044139971653],[116.86940239537563,114.45898452393149],[116.9393530497625,114.51974024456862],[117.01863531469378,114.36175253082783],[116.89005296778913,114.20646689929717],[117.26829251578224,113.93089081228376],[117.22087346170987,113.20981254997918],[117.41905414565875,113.20096222230772],[117.39636190883849,112.88346064186858],[116.95960026675132,112.52019476012362],[117.45275041911052,112.4236193664229],[117.45408626187489,112.56704510854746],[117.77402438543568,112.52085819161162],[117.73257424328375,112.09671397294457],[117.66807498996337,112.23729026752746],[117.6409329546686,112.02157924052943],[117.52410883540482,111.9986318548513],[117.48471703556143,111.6734907760322],[117.74757909140828,111.39905538372003],[118.14333946908995,111.56184245136669],[118.32582751476066,111.90487289084135],[118.37545120046015,111.4118483506535],[118.51585564698459,111.19828727282467],[118.53632199344756,111.39428293391003],[118.73346694936964,110.68174928655475],[118.60328026890187,110.12727661726493],[118.67443258556357,109.7304602546692],[118.83345850283554,109.9695899267512],[118.90886140702996,109.88911096628917],[118.91149515374427,110.11044599409279],[119.06869953498166,110.10944280821641],[119.11490849416238,110.49300672023043],[119.3070472156497,110.71525336301656],[119.41128683974004,110.25245382822418],[119.59149569080368,110.36979152450644],[119.67163190098891,110.1860769830037],[119.68974239006093,110.3869413894793],[119.86132653405343,110.12427753004533],[119.79806846004077,109.91529383670598],[119.8760395983809,110.08454977882496],[119.93075006842952,109.78671617490117],[120.11016852934259,109.68200820515807],[120.08723551735264,109.22240352465708],[120.30787193876964,109.25805787880131],[120.42176979235452,109.85151191070875],[120.80676587836786,109.65549537441748],[121.02934380007177,110.21345970109265],[120.53854077077415,111.46531082192479],[120.77139484910126,111.67928051558955],[120.74157844766492,111.92016329490525],[120.9442249462632,111.89044426184401],[120.96964873009162,112.17627288928438],[121.1665646689685,112.36445272401733],[121.19937250317199,112.65128047206038],[121.39602797739911,112.70076699687726],[121.35352831705158,113.17114312986826],[121.21760798519348,113.28662161378189],[121.11976722254731,113.76661331634793],[121.20865009678069,114.00782247947888],[120.89212515347461,115.00429240025204],[120.66643302030084,115.08696621649912],[120.63377541013448,114.9982155169357],[120.47058555620819,115.34382246223223],[120.35319962768081,115.17348648640984],[120.06703153491466,115.39229707453464],[120.27152429682391,115.51708440010312],[120.04864779369447,115.59216723085143],[120.05551617940795,115.81624559985733],[119.57525810172038,115.87022627634254],[119.3336209878507,115.85651536892124],[118.90475378593753,116.19937661732584],[118.40039362318154,116.26119453367113],[118.2418545847606,116.49285072877763],[117.98618454278723,116.5122119062469],[118.01863033411546,116.2324780580965],[117.90647602436229,116.16431327559657],[117.68386565328994,116.38650684495899],[117.50483004752031,116.24799915469171],[117.39942528558285,116.47196991705789],[116.98889878761011,116.46343821172034],[116.83499210323896,116.70535650641175],[116.18318651480115,116.44626684990519]]]]}},{"type":"Feature","properties":{"Level":"ADM2","shapeGroup":"FRA","shapeID":"FRA-ADM2-965667B17314018","shapeISO":"FR-79","shapeName":"Deux-Sèvres","shapeType":"ADM2"},"geometry":{"type":"MultiPolygon","coordinates":[[[[100.16362895542112,125.95475089160664],[99.94984640381176,125.84070010072124],[99.44377281476764,126.13875055792991],[99.69505366913538,126.56839046327043],[99.28943236778139,126.70225577657075],[99.13048526339917,126.50631448504495],[98.75865483506934,126.81269840047368],[97.26826561162049,127.1125332441766],[97.21239606395986,126.76516198166445],[96.65328003695535,126.97937115851587],[96.49222098794168,126.80659428979766],[96.63404958163154,127.17000839820716],[95.71541568718087,127.23155551427418],[95.9360412796449,126.74055478069226],[95.52092418813506,126.45252290402723],[94.74059817838625,126.80283484124297],[94.40609961847872,126.70346734129555],[93.71719342432829,127.28057873995559],[93.57425079349046,127.1210203155668],[93.21627173193384,127.27084951595475],[93.19686131617149,127.06586273132811],[92.79585516093803,127.25850969992045],[92.69921834460838,127.23651717928084],[93.13762197612684,126.74953978673331],[92.91278491634341,126.87178488584757],[93.67495891855425,126.14889664815004],[93.51298084465623,125.80080021363136],[94.30099131300534,124.94927296841578],[95.07323747064626,124.42877437938589],[94.89185769557385,124.00061372742354],[95.67672381484547,123.11543202819702],[95.4401095770557,123.0565001989533],[95.91175730957949,122.6641120989609],[95.74429998511773,122.43412239223477],[96.189400922213,122.1541760179383],[96.35978465402616,121.15248507994406],[96.00373019542731,121.23361057096979],[96.42471875194781,120.4080629779344],[96.22646753253207,119.99872964511647],[96.45517824268583,119.87729933641442],[96.52525602950784,120.05968592209084],[97.31387006665537,119.55733233048292],[97.12042312917686,119.38841316272833],[96.69406141238196,119.54585895036301],[96.29651545828183,119.28637358733837],[95.74694219308948,119.50760452678057],[95.5733761535484,119.39589834132312],[95.18385178762362,119.45628123010451],[95.4203717505651,119.09254440737014],[95.22223621703401,119.00125064868814],[96.15066211199989,118.28716631223848],[96.10069913819939,118.13232444583025],[96.2893966217599,118.13489130443742],[97.08045803688984,117.62547184404544],[96.75512705599823,117.67889816001878],[96.96433176070178,117.4893785252537],[97.3143133648091,117.48151854832012],[98.05564769222806,117.07744077456472],[98.03707162807184,116.92590060073788],[98.84906335930229,116.50131689424096],[99.0146265133732,116.6152106214485],[99.27068554103137,116.26995922191946],[99.42814436759787,116.34015240631354],[99.67409935592028,116.05899229411821],[100.4006465380718,115.90958243398566],[100.66032077749325,115.51374925898097],[101.34242364678525,115.11166709821833],[101.5357580964085,115.13001976729413],[101.63484386835925,114.82332105162051],[101.92383591629068,114.80519866644988],[101.83021547672791,114.71379162656243],[102.24876927998665,114.15952462545168],[102.5524242741593,113.99167545074916],[102.99999655761907,114.08602479367421],[102.86325482473866,114.20075677364261],[103.09368564418801,114.44458335607243],[102.8873098278598,114.73151023439873],[103.37783214402856,114.61243043873786],[103.69088406394123,114.73292390255861],[103.57808371497138,114.82597526642152],[103.94005287541815,114.83860568224355],[103.90177078097096,115.01293661958611],[104.61765846290224,114.68042547441289],[104.83357867362506,114.79798966884098],[104.88257462649653,115.4185397493255],[104.28929926614259,115.47166351433998],[103.79738970922588,115.82614012994273],[104.00539234371597,116.21748948745693],[103.78072233704984,116.63420522882282],[104.09897076611122,116.60087055189089],[103.89307639458474,116.9670923014612],[104.06467340273653,117.19373571508426],[103.60171932337872,117.42972466300684],[103.27401229800492,117.1272297825669],[102.70634286224399,117.462493650732],[102.87213307629423,117.57145072801788],[102.67067074003347,117.68013152272957],[102.8127905299136,117.81100156027173],[102.32593216390094,118.12564248615737],[102.27093633795099,118.76054056176417],[102.03981139118163,118.77649006676202],[102.02726658979873,119.25801052843559],[102.2476637888262,119.17537025549312],[102.33133165669153,119.36983280326058],[102.15299948020156,119.59995464328013],[102.55816652243011,119.68791180421974],[102.3342856116412,119.96290573815631],[102.01286763683328,120.06459651172587],[102.0857377450809,120.30171598006741],[101.53510526360245,120.28004561475774],[101.78596985259082,120.4640124624103],[101.68446038142656,120.61201234593793],[101.94822595692527,120.71037148244976],[101.80029289938372,120.84591160194677],[101.98453399027117,120.84922317678715],[101.93275368451663,121.04306001187312],[102.2895560929004,121.14557031152931],[101.7928342223893,121.47172692038774],[101.61582330600902,121.87007950503916],[101.90310558134514,122.09166059717793],[101.40733819213877,122.26986285823575],[101.67705527866529,122.49012558611503],[101.94124636027357,122.29610365675886],[102.09125231551049,122.47818054420102],[101.36884140215187,122.95045235165432],[101.5002921843224,123.43644919112205],[100.95124785133189,124.44426317675187],[100.94919026584019,124.79536688180316],[100.52904292912879,124.7949118183581],[100.38188150851994,125.20509415085698],[100.53298655654713,125.09287594003526],[100.16362895542112,125.95475089160664]]]]}},{"type":"Feature","properties":{"Level":"ADM2","shapeGroup":"FRA","shapeID":"FRA-ADM2-965667B17897196","shapeISO":"FR-32","shapeName":"Gers","shapeType":"ADM2"},"geometry":{"type":"MultiPolygon","coordinates":[[[[96.9822027733757,84.16920617695814],[97.61340429923223,84.19784863660601],[97.72165721686613,84.08055183648364],[98.27047350570268,84.06658752887884],[98.84093498363953,84.2246836442861],[98.84084968092145,83.84703597091848],[98.9508165583327,83.6942722252213],[99.11375105054724,83.7786448864584],[99.11865043757923,83.68266679489841],[99.25442311437398,83.7651859750041],[99.31016729578973,83.25968309744067],[99.08322798463979,83.0799089556087],[99.13501329031085,82.72266856279907],[99.23809575143378,82.8063924276522],[99.24589599271138,82.27760507860049],[99.34185238683904,82.26201688464067],[99.77610858897471,82.79074611292353],[99.74370234226447,82.54204517925574],[99.85639063932125,82.63279377413619],[99.81012545479835,82.05785093422729],[100.08680277683872,82.4530628802116],[100.05631513294995,82.02861947371261],[100.23827367222108,82.03829970292091],[100.27597511008408,82.308639064295],[101.01896693659117,82.08721248118827],[101.26180470854277,82.12108983065255],[101.93978476310592,83.29896875506773],[102.05338392139014,83.1710298032599],[102.29767538888085,83.71061043187467],[102.24089057588648,83.971490178045],[102.6373928591004,83.6279643954177],[102.75444978993717,83.91349189455946],[103.58838861662686,83.63910606116038],[104.21651802838052,82.96082214199156],[104.34940309523378,83.06860666881816],[104.98048597183606,82.20501706497062],[105.30290965663906,82.42002632832686],[104.69575511139891,83.32421270062311],[105.25516535802188,83.24186725449731],[104.89330213740467,83.65630184172551],[105.17082122299462,84.06084103768265],[104.72314072737792,84.43304078839097],[105.48613640638763,84.69964331864662],[105.16812657225687,84.94824403488283],[105.55800097058332,85.04860077759353],[105.22341292579932,85.23250732995243],[105.73603123785416,85.29298062278316],[105.85750161196228,85.06743152394489],[106.14428500672965,85.37216132199063],[107.0010088659715,85.12512341821127],[107.08826820215927,85.40114489151131],[107.88110576580605,85.07291174591438],[107.48591466837529,85.95834424979361],[107.15979073844473,85.85596124853058],[106.85539808042473,86.33247394601658],[105.9776059731243,86.41682068393816],[106.24991179770075,86.58695475094757],[105.54773233910682,86.76676744366242],[105.93961538078597,87.02593746470818],[105.54666919792766,87.09080731308121],[105.24362915442308,87.6896801935367],[104.79129465147534,87.42024352059235],[105.37105562118577,88.14627205162549],[105.27742799114606,88.21213526715795],[105.85905377581618,88.96715659970214],[105.74714245447159,89.06831052713544],[105.45932707176902,88.79285166196769],[105.33815776615828,88.83825365215156],[104.91102405088166,88.47741810974371],[106.28522274604674,90.20551453533253],[106.93853780911384,90.77753646667584],[106.66756140861986,90.73975997983825],[105.89289837353338,89.95117190080055],[106.04433666180464,90.33516390409449],[104.92327334695536,89.2143958065644],[104.90300237091357,89.59766056227012],[104.25095812359858,88.9998240176572],[103.37034242804786,88.50862628109614],[102.38170178941016,87.64752406589895],[101.93026499625564,87.44894289605139],[101.90950718893998,87.33449900318364],[101.41302076909636,87.23083163543168],[101.48157451168404,87.33101329135981],[101.17624970834453,87.16348425879713],[100.84312218725395,86.74508708173875],[100.7461635043116,86.90438218029973],[100.37127672911032,86.62100767463467],[100.19529582708846,86.40141015691233],[100.14800274964612,86.03595247629796],[99.93770623309489,85.926950940157],[99.69053208089049,86.01724072565602],[99.90655035714384,86.21945926383091],[99.7155379473695,86.35617597287396],[99.44172628453418,86.05905911051819],[99.25756696321716,86.0702642984792],[99.20594096331381,85.9508011150053],[98.9566368558985,86.03586102867821],[97.67401615776689,85.78465880081257],[98.13173277520994,85.68896260773786],[97.90600782851335,85.32703468144828],[97.57147548666197,85.32392646508123],[97.54922360097883,85.01953566473625],[97.7419173963547,84.95264312073135],[97.15847222909285,84.82710547975798],[97.24019310108902,84.7494214264275],[97.02378615687397,84.66045139859864],[97.1880993432722,84.63579946777924],[96.89383399538767,84.46889090077579],[96.73489907777214,84.51767629715201],[96.72279655900137,84.37386705465293],[97.0057763624856,84.35169427119135],[96.9822027733757,84.16920617695814]]]]}},{"type":"Feature","properties":{"Level":"ADM2","shapeGroup":"FRA","shapeID":"FRA-ADM2-965667B1246856","shapeISO":"FR-33","shapeName":"Gironde","shapeType":"ADM2"},"geometry":{"type":"MultiPolygon","coordinates":[[[[88.69690725127799,112.20445012504656],[88.85539032668684,112.03859458885775],[89.03394732930259,112.07859558957696],[88.69690725127799,112.20445012504656]]],[[[87.35428934971516,95.80069450812265],[87.59587487576046,95.68596194358292],[87.46238241721318,95.89430792626811],[87.35428934971516,95.80069450812265]]],[[[99.41977022061666,88.24006715091757],[99.66892530398567,88.40410631975838],[99.80690223921634,88.32825752560787],[100.54665771794284,88.94759136611115],[100.65189527987579,89.2201596939027],[100.42694130045496,89.58928897669092],[100.53589592185024,89.86889181685602],[101.6594287798822,90.83116782231667],[101.54248179784534,91.40975925965454],[101.96383285157162,92.30049541201501],[101.80235184853701,92.27512281934268],[102.17034415004255,93.34241793514204],[102.63782944303372,93.83339909792605],[102.59000293247445,94.16303891961158],[103.36476199750432,94.47521055723465],[103.7576459565241,95.24638169837978],[104.68499180586562,96.19618676066096],[104.64470847523617,96.56795127374494],[104.85424223769436,96.53612555093488],[105.13862498482729,97.07157700212078],[104.67752305131125,96.95265964940995],[104.74586823229825,97.23533141078701],[104.45282143165429,97.17860337295735],[104.71484941033376,97.70591644332369],[104.82822706544786,97.61597381335429],[105.02635583486585,98.20329134223282],[105.36084200876081,98.28927474927261],[105.58341804745882,98.62068678842262],[105.56544194358126,98.21603415280845],[105.73478665202468,98.35015855841593],[105.94408413703076,99.06384712106109],[106.06111059662963,98.9591124948966],[106.55100890402592,99.38069638633536],[106.48351036189317,100.28179292974778],[106.74333448702416,100.33899088795407],[106.86813104804031,100.55709185735705],[106.4124727742203,100.90996792587055],[105.8324698015384,99.8424269650424],[105.09947194561306,99.5227216385637],[105.11881302751168,99.7270031445161],[104.75082797609855,99.38403419363028],[104.361792457012,99.70567386162804],[103.78718110301631,99.49432536197234],[104.75515678419995,100.86963946990971],[104.59411658358869,101.31990220097146],[104.82892958058552,101.8997450596516],[104.96798547462924,101.89840553653512],[105.74162007731637,103.64517612862937],[105.63130143879246,104.33232053728764],[105.1006333099532,104.26063586341371],[104.78576389723473,103.91954291690107],[104.54789893275728,103.8085413588135],[104.41344658880695,104.16507809628001],[103.42141138108738,103.50522842729316],[101.90412270204564,104.21026586346703],[101.74062253562595,104.69863968969048],[101.25373702319948,104.88500253218439],[101.12770857823648,104.71335010287143],[101.07745393857164,105.00610283544263],[100.42018986916801,105.29158601196966],[100.04543588227855,104.91139915822592],[99.66093064476532,105.99555386142941],[100.00715715881043,106.5837692515943],[99.7395209237234,106.6343066921237],[99.96813254732908,106.9580605368429],[99.1667097206375,107.46624835679123],[97.82823180110125,107.71038729420148],[97.72146934921346,108.55322874630602],[97.52173160363493,108.1955619675119],[95.70619436040448,108.50074501914733],[95.50894250932919,106.59209408710383],[94.77601229604346,106.80665751101519],[94.36322030723304,108.90226849023156],[90.48159957986408,111.31986966187362],[90.77596210156254,111.33110069337859],[90.62719598350458,111.44597677726914],[90.98807674094647,111.42063375454006],[90.6936241861498,111.93316135369923],[90.222925649524,111.82692341433018],[89.02025242373713,110.68699976662502],[86.76311541952086,104.63460918294552],[86.59646194391618,99.32127688009984],[86.84417079053632,95.5933358894162],[87.04873429245015,94.19844733859078],[87.00394082945802,94.74693684602298],[87.00319370073015,94.53605375729435],[86.9329382394086,95.86764106299103],[87.42282176461,97.44623290259194],[89.07046424071427,95.63302319450474],[88.66529673019897,95.67458873251559],[89.34681908106505,95.04595713831992],[89.31542959009501,94.48673416639919],[89.18319592270092,94.63131289284387],[88.03294907945786,94.62635415852813],[87.89971438136905,94.98825136093284],[87.46749817869168,94.96310529453422],[87.5648572342831,92.32345634322404],[87.99936186541422,91.16437960666835],[89.20012484800586,91.62340866865256],[89.25517366558181,92.23190852628204],[89.93206514220515,91.63653870182914],[90.28894071412994,91.72378499443445],[90.50527761508216,91.1299734245646],[90.31110846014504,90.1583065801767],[91.3152008195908,90.46618892877098],[92.16076565711882,89.99673547041144],[92.78327034761219,90.18040016970713],[92.72954436871471,90.38769180741903],[93.62978596636992,90.392908124776],[93.74682257579482,90.68484928870315],[94.27499000020673,90.43304773282763],[94.24591510410423,89.66544734533946],[95.44315144368072,89.17255103083387],[95.51554770023819,88.90024003829255],[96.38240587104491,88.81988329836271],[96.33742435663238,88.61230158896558],[96.83432326821165,88.52974183218966],[96.63166099302435,87.81603244333463],[97.80124142390828,87.75405856584906],[98.3979446515958,87.92850446257019],[98.57644405276677,88.50886030815954],[98.96853623469613,88.61962206496],[99.41977022061666,88.24006715091757]]]]}},{"type":"Feature","properties":{"Level":"ADM2","shapeGroup":"FRA","shapeID":"FRA-ADM2-965667B76810174","shapeISO":"FR-31","shapeName":"Haute-Garonne","shapeType":"ADM2"},"geometry":{"type":"MultiPolygon","coordinates":[[[[120.0509112485484,80.85758152238259],[120.00967538570262,81.99078047067826],[120.14112267468444,82.57499204426999],[120.09874415055378,83.51809077266181],[120.10553991114895,83.07490163036182],[119.98288444280433,83.3528560543908],[119.96199063802159,82.31375980086568],[119.14943723372039,83.36504194923796],[119.09112078407425,84.09042925936195],[118.83501293843624,84.28903934466682],[118.6667912933133,85.12798660050946],[118.06374537929418,85.35983806221768],[117.206173033793,86.37181051629646],[117.59272125117464,87.32948262223277],[117.4503734953378,88.22660037443201],[116.88729669638,88.46819152554913],[117.28360525422292,88.71589362378347],[116.69116665590245,89.36098796168501],[116.54871664669642,90.16718402875534],[115.81822989282108,90.43194366450712],[115.7720580422293,90.97603768607051],[115.48209527393333,91.05293919131185],[115.09369571727042,92.33916580550147],[114.7705583583899,92.37120723714776],[114.33155777861272,91.6634436114111],[114.08416707676624,92.04505665954869],[113.7476767594095,91.28129278849197],[112.47168982419868,91.52114112152248],[112.17949065751539,91.10185161683482],[112.4086372521381,90.85067171755773],[111.0956702197308,90.34120972696657],[112.08364053985302,90.48031604988734],[112.05191118714907,90.12651153794131],[110.2710551742389,89.30561640321838],[110.46100187495793,89.23792113643242],[108.9769204428403,88.44775821185235],[109.34122605577673,88.91336190526178],[108.74058242536927,88.76267952005968],[108.44674554652536,89.05365481412925],[107.55484989122128,88.38858183849501],[107.33363828671935,88.58903333217481],[105.24362915442308,87.6896801935367],[105.54666919792766,87.09080731308121],[105.93961538078597,87.02593746470818],[105.54773233910682,86.76676744366242],[106.24991179770075,86.58695475094757],[105.9776059731243,86.41682068393816],[106.85539808042473,86.33247394601658],[107.15979073844473,85.85596124853058],[107.48591466837529,85.95834424979361],[107.88110576580605,85.07291174591438],[107.08826820215927,85.40114489151131],[107.0010088659715,85.12512341821127],[106.14428500672965,85.37216132199063],[105.85750161196228,85.06743152394489],[105.73603123785416,85.29298062278316],[105.22341292579932,85.23250732995243],[105.55800097058332,85.04860077759353],[105.16812657225687,84.94824403488283],[105.48613640638763,84.69964331864662],[104.72314072737792,84.43304078839097],[105.17082122299462,84.06084103768265],[104.89330213740467,83.65630184172551],[105.25516535802188,83.24186725449731],[104.69575511139891,83.32421270062311],[105.30290965663906,82.42002632832686],[104.98048597183606,82.20501706497062],[104.34940309523378,83.06860666881816],[104.21651802838052,82.96082214199156],[103.58838861662686,83.63910606116038],[102.75444978993717,83.91349189455946],[102.6373928591004,83.6279643954177],[102.24089057588648,83.971490178045],[102.29767538888085,83.71061043187467],[102.05338392139014,83.1710298032599],[101.93978476310592,83.29896875506773],[101.26180470854277,82.12108983065255],[101.01896693659117,82.08721248118827],[101.18642029403038,81.88183242150784],[100.50788824946858,80.3392961904882],[100.61198574173717,80.02556475806865],[100.20655311353057,79.49208300587381],[100.30055666265143,79.51831901572794],[99.76240665969645,78.30409546496209],[99.7932689076585,77.88876078118881],[99.99549650364278,77.88100942679098],[100.08495272481156,77.42055599609033],[100.57117120465539,76.72363781858876],[100.67414365864856,75.85825819008943],[100.48601269595932,76.10170024553032],[100.42089862868814,75.3758711197623],[100.9472323091861,75.46176666255914],[100.91382787845603,75.71178541655942],[101.39849108717092,74.88472021374119],[101.23939113455276,74.7717950058135],[101.92497527593596,74.05092985127192],[101.4459492989981,73.79502592998946],[101.37166031557506,72.8166642690266],[100.5469945933626,73.4061973828835],[101.33308639723732,70.51305225659868],[101.84948265632141,70.2136221122849],[101.90929188849375,70.3706133806212],[102.64169116621915,70.0135896979876],[102.80043240549355,70.1403360967835],[104.19215440172877,69.68615374572329],[103.70799589953384,70.51895246133128],[103.19931643141041,70.71123435473272],[103.73685122054539,70.83777964734307],[103.18496505915051,71.11510198021028],[103.63907177656569,71.24662219957885],[103.19759024003035,71.9212114878436],[104.28440855141334,71.92885057826625],[106.89476248929854,71.27317491025727],[107.93392972594785,71.20276358835237],[107.03764292627929,72.12297248387796],[108.33516121207659,72.1684900133445],[107.97573008570588,72.45778728102894],[109.79150619509508,72.44996464909691],[110.23130635636795,72.6618059925429],[109.72103586489575,72.83046900301245],[109.31322606958007,73.40209588826463],[109.67309858476759,73.4187796224105],[109.31599107431833,73.73099614723074],[109.3413292142475,73.94909373992168],[110.03880055862793,73.54414588417055],[109.88956777791165,74.25647677827529],[110.53442307572561,73.85280233382346],[110.92178865074554,74.07527105407232],[111.60666654761286,73.53491212447469],[111.68110986073542,73.61975868037305],[112.25088983465325,73.14243349357628],[112.6094429513921,73.16892388616192],[112.5838948435657,73.29118726278747],[112.96235868356456,73.39233561740727],[112.688232422888,73.58076496093877],[112.14755864769563,73.66445749275076],[112.11716211669355,74.11917482344357],[112.99731788394571,74.00010027072834],[113.4833107112841,74.22597213996082],[113.55414661131316,74.78673762474075],[112.92127334664531,75.01551083365115],[113.02707668806207,75.21120126490504],[112.48127885257328,75.41691489829097],[112.25684749305638,76.1360341902651],[112.61861221609577,76.72251159205884],[113.18786227026364,76.32158146155044],[114.06512679383434,74.90048530397092],[113.92596680607798,74.4540526756507],[114.29038050844471,74.25209379112641],[114.49419206987498,74.50351468655248],[114.65492408034035,74.45191562802569],[114.70198791803116,75.68240732869708],[114.84512539252697,75.6996192420023],[114.87125966922103,75.15479105774368],[115.14027067791187,75.3425514731887],[115.21769135198184,74.93186037012107],[115.36516540965579,75.32462565187745],[115.81877086033559,75.08547721617703],[115.72162335391644,74.80474930543765],[116.25033121332343,75.66170600616088],[116.33538038460816,75.54291214275237],[116.68195892122054,76.16242533700166],[116.61617753790975,76.27650854292047],[116.96225739533116,76.67290484816627],[116.99687357719843,77.28193909381739],[117.86758275351124,77.68698992336687],[118.12293187043471,78.99987276301721],[118.39300263537767,79.13029819149584],[118.49736039304128,79.70988517495373],[118.68359048191678,79.71557834565341],[118.95233966673172,80.59030548663915],[119.1178309718912,79.3927165973024],[119.36743246777212,80.19943749068095],[119.65123966547911,80.44126946827328],[119.71833469231485,79.99005235760163],[120.045367136876,80.54749302290548],[120.0509112485484,80.85758152238259]]]]}},{"type":"Feature","properties":{"Level":"ADM2","shapeGroup":"FRA","shapeID":"FRA-ADM2-965667B63476625","shapeISO":"FR-43","shapeName":"Haute-Loire","shapeType":"ADM2"},"geometry":{"type":"MultiPolygon","coordinates":[[[[128.79876916756965,99.29779966809303],[129.81953432372256,99.72197836407139],[130.06942326309252,99.67320583045313],[130.0153092473539,99.75540476929321],[130.76890489551081,99.8230398859062],[130.86990170504598,100.03163236082784],[132.50906363976327,100.19541559305122],[133.87068421267898,100.8157640376536],[134.88265558655098,100.80014505378082],[134.54745509576082,100.94000142515205],[134.7799834772192,101.11928539056194],[135.8464650941563,101.19757868113147],[135.26728516846308,101.31803146418338],[135.44211413678784,101.51796857870629],[136.1141422670299,101.59082498607174],[135.77735703542538,101.85135972160313],[136.47508002398388,101.89408988041457],[136.73446388476737,101.66696936741988],[137.11123360394976,101.77129196170247],[136.96017058366448,101.96169238626271],[137.96717636268977,102.7759365967666],[137.30424456620528,103.05887189183788],[136.45250809624864,102.81297291890847],[135.96189165775826,103.0312247626623],[136.41696987900198,103.2784527642417],[135.90090683355226,103.43028897561344],[136.53978492193954,103.68317048335965],[135.9217446600662,104.17152061195424],[135.33731206387964,103.88282788194591],[135.46046176793857,104.21408518450176],[135.00723276203323,104.50632583061595],[133.92930098092486,104.35613663018366],[133.9102298175084,103.94862788229301],[133.51018190316577,104.04918580135663],[133.26451186594736,103.78960497858684],[132.94921123910234,103.82789371672905],[132.796858123996,103.5869135719287],[132.474221102319,103.78310173813016],[132.08023098217726,103.43170442713014],[131.82050090601976,104.10424881837007],[131.58346612540527,104.08972084485809],[131.0165784236172,103.41948441900304],[131.0304042803752,103.70359716835269],[130.54081749831428,103.78435415913785],[130.62849147263296,104.15340671141206],[130.2427019868814,104.14961204397514],[130.08493720823932,103.5970538744516],[129.31547272685555,103.61598026090238],[129.46308078183293,103.89790265569965],[129.18435770064508,104.03966397130408],[128.54242892001722,103.28661755756445],[128.42114459670887,104.35158671054829],[128.2440275801832,104.12105451065266],[127.96440750939941,104.83502480319278],[127.49353102926429,104.27007754317083],[126.79893637276047,104.19087727479486],[126.65733216131656,104.63684105605608],[126.33124528314214,104.12800306992733],[126.18580622753504,104.56302705701049],[126.06695880537741,104.16461205867053],[125.69025462560053,104.02718287013113],[125.31674610252873,103.43808625087335],[124.85280195936339,103.50374424321343],[124.87541809102089,103.21647834938695],[124.74941592698275,103.2183542816382],[124.87625824771281,103.05926242784444],[124.65722471593782,102.86793065194442],[125.12437565578912,102.86892338924159],[125.14015224904875,102.63317742131069],[125.49738693978159,102.69028693276833],[125.4940454949591,102.2141138640238],[125.6769455955443,102.14110192968919],[125.6826461133354,101.48414338239515],[126.14160215631435,101.34038962761743],[125.63002757488013,101.36533929678501],[125.8044518784794,101.22192686731704],[125.70224050766222,100.83122892010924],[125.89597303023214,100.8567146957452],[125.78404707067995,100.75889066451566],[126.08371157999366,100.70688201253252],[125.89445319387453,100.6060594844051],[125.98385768370471,100.51075902880218],[126.20458899294164,100.42048728797447],[126.39454881145184,99.72822260224348],[126.54616771988788,99.62589305252018],[127.18230719445876,99.64038590635698],[127.29013838699794,99.82841498301919],[127.63817321350277,99.79758607207086],[127.63469339793203,99.61166397922813],[128.1405104295166,99.63853738604243],[128.4702411850604,99.36403169884484],[128.65970158530175,99.4162098793382],[128.58054589502802,99.32679361756206],[128.79876916756965,99.29779966809303]]]]}},{"type":"Feature","properties":{"Level":"ADM2","shapeGroup":"FRA","shapeID":"FRA-ADM2-965667B2990285","shapeISO":"FR-52","shapeName":"Haute-Marne","shapeType":"ADM2"},"geometry":{"type":"MultiPolygon","coordinates":[[[[158.40360265136542,149.54143792657226],[158.2081059467782,149.25703464868832],[158.15183335461245,149.346277155484],[157.82050629712813,149.04799522235456],[157.49395328674953,149.06417827434717],[157.21630989269164,148.74678788117987],[157.59518684556576,148.81694242578763],[157.4883411836126,148.41311875739814],[156.91091695228772,148.05106671003753],[156.87430178015364,147.7314037166459],[156.97612349059978,147.7909959728727],[156.81093574094484,147.36936340691204],[156.41035520631675,147.37867651494386],[156.03797258115316,147.21811664664335],[155.37233461364184,146.50317765509175],[155.54373809668368,146.12323395567887],[155.45380502933915,145.78041100909707],[155.78859664021934,145.79502602878964],[155.6390913987263,145.57248511394653],[156.02307926338364,145.37118513070794],[155.76837709677608,145.18005026769296],[155.73173040213496,144.6546130688412],[155.32367596382207,144.2095319958037],[155.43618042619354,144.08630802971803],[154.62355897746173,143.2563381728206],[153.875587201355,143.18414275708932],[153.06720353719987,142.6806927502682],[153.409446727903,142.51249874284733],[153.2237998312945,142.2372957948504],[153.77737387994378,142.29297576120194],[153.86611625907057,142.1703187005861],[153.6763832536534,141.89453277920043],[154.04899773598703,141.99251464492647],[154.14544804019042,141.85693562940352],[153.87021773727284,141.5448606556174],[154.03738747473855,141.4578845326499],[154.35199749633227,141.76521489044566],[154.41792643932084,141.38487155004785],[154.5775540989136,141.40334825267686],[154.74518231926513,141.0776107155516],[154.19551320498906,140.38404371285426],[154.42811855351357,140.49150924488546],[154.36206623539147,139.78300969369954],[154.79288541287596,140.17095631950326],[154.7414855080789,140.01475762284463],[154.93957924600664,140.1104924386948],[154.8038682642638,139.88149403089966],[155.35500508684734,139.87497673778842],[155.64099982074887,140.2669025569888],[155.56990791861304,139.97337244749383],[155.90825341891917,139.7693160865241],[156.0392295193468,139.88135764994763],[155.9284453574887,139.4013499073314],[156.37606553745204,139.94058584051498],[156.51418303069124,139.8083676077169],[156.63349950291177,140.00446105796257],[156.9064125520116,140.69799176519106],[157.3227775180866,140.9630405588366],[157.58485750912996,140.9671090810067],[157.92435814663062,141.3598183386554],[158.0991333668741,141.12434270768023],[158.63433707323148,141.53889230804432],[158.70747422714933,142.24131181729726],[158.5698192613598,142.1874122450428],[158.77399301529698,142.71388339501186],[158.98829566996028,142.7901525703289],[159.16253075629172,143.20955531443929],[159.50648256130734,143.33039791679184],[159.73499306054367,143.82625061377985],[159.88939974411306,143.86176773727414],[159.95952322277176,144.07738279835527],[159.8409140955381,144.35919456803563],[159.57274282308484,144.03552329124503],[159.50032312171712,144.20967913017273],[159.62578370017224,144.63478347590168],[159.34806439276895,144.57338094659488],[159.29970510079139,144.769137760453],[159.1086494540445,144.7332487771883],[159.07179631343678,144.60248064379766],[158.93316291309577,144.64729461169685],[159.2390039816801,144.94202807201117],[159.4008848583078,145.52975306890454],[159.65325977863205,145.83020838159223],[159.55698381739478,146.16901542615898],[159.36124295409846,146.08854585115046],[159.47123585161037,146.48079376065166],[159.3294011541931,146.6206913844905],[159.18107898668677,146.30085881274482],[158.99887738934353,146.98583636207968],[158.77387480579839,146.46361204958828],[158.94466076054192,147.14468850226189],[158.83635493679293,147.1348245376991],[159.0859760923173,147.76671942202535],[158.9687494629652,147.86014044559863],[158.99270523052616,148.18818127832992],[158.8798820283589,148.13498046934475],[158.88666912747527,148.40553351353287],[158.63080843120167,148.2638808438211],[158.60856459735135,148.58667639781254],[158.5400540232155,148.45616557711125],[158.55709124547323,148.8235107828817],[158.41744253050277,148.66489715192702],[158.46087977706844,149.08968787213485],[158.26515040990893,148.67143934014962],[158.40360265136542,149.54143792657226]]]]}},{"type":"Feature","properties":{"Level":"ADM2","shapeGroup":"FRA","shapeID":"FRA-ADM2-965667B99284308","shapeISO":"FR-65","shapeName":"Hautes-Pyrénées","shapeType":"ADM2"},"geometry":{"type":"MultiPolygon","coordinates":[[[[95.09224927121811,73.8547526494055],[96.42892280136118,73.16997587045358],[96.6021493284088,73.38575890849373],[96.87474302448975,72.26827911173208],[97.14116576295876,72.24504610362905],[97.15515256259332,71.87487373494524],[97.58872460525687,71.64572397713894],[97.68553050534982,71.9095050020291],[97.90567960711246,71.71855461935105],[98.10865065609785,71.97915384631146],[98.4645929281839,71.85635670043686],[98.77070759152683,72.13131634896126],[99.37778898501726,71.58641797928966],[99.42400846833866,71.15382199102658],[99.70882462634175,70.72070317090962],[100.19904402677,71.34945208534364],[100.96211586242367,70.45306814938857],[101.33308639723732,70.51305225659868],[100.5469945933626,73.4061973828835],[101.37166031557506,72.8166642690266],[101.4459492989981,73.79502592998946],[101.92497527593596,74.05092985127192],[101.23939113455276,74.7717950058135],[101.39849108717092,74.88472021374119],[100.91382787845603,75.71178541655942],[100.9472323091861,75.46176666255914],[100.42089862868814,75.3758711197623],[100.48601269595932,76.10170024553032],[100.67414365864856,75.85825819008943],[100.57117120465539,76.72363781858876],[100.08495272481156,77.42055599609033],[99.99549650364278,77.88100942679098],[99.7932689076585,77.88876078118881],[99.76240665969645,78.30409546496209],[100.30055666265143,79.51831901572794],[100.20655311353057,79.49208300587381],[100.61198574173717,80.02556475806865],[100.50788824946858,80.3392961904882],[101.18642029403038,81.88183242150784],[101.01896693659117,82.08721248118827],[100.27597511008408,82.308639064295],[100.23827367222108,82.03829970292091],[100.05631513294995,82.02861947371261],[100.08680277683872,82.4530628802116],[99.81012545479835,82.05785093422729],[99.85639063932125,82.63279377413619],[99.74370234226447,82.54204517925574],[99.77610858897471,82.79074611292353],[99.34185238683904,82.26201688464067],[99.24589599271138,82.27760507860049],[99.23809575143378,82.8063924276522],[99.13501329031085,82.72266856279907],[99.08322798463979,83.0799089556087],[99.31016729578973,83.25968309744067],[99.25442311437398,83.7651859750041],[99.11865043757923,83.68266679489841],[99.11375105054724,83.7786448864584],[98.9508165583327,83.6942722252213],[98.84084968092145,83.84703597091848],[98.84093498363953,84.2246836442861],[98.27047350570268,84.06658752887884],[98.19354916298721,83.75878612555056],[98.41877523188836,83.7989889229318],[98.47635691262425,83.54533488444069],[98.38498150313855,83.35677464673972],[98.46746084462329,83.18586879041084],[98.22624258937823,83.10529922982768],[98.14893267353315,82.834922063009],[98.26031937614474,82.70797935377009],[98.15542408202506,82.56627508671245],[98.28630643209118,82.58295582932114],[98.43557382617855,83.01205630174174],[98.51827312463958,82.86385108574794],[98.42359205960574,82.09806040008762],[98.53457834534595,81.72013012226057],[98.4116875668267,81.40016730342302],[98.28124209952871,81.46037498551306],[98.14063611292454,80.7777752385873],[98.22482418341286,80.61266243914008],[97.99403353759183,79.71615125187716],[97.83855965976817,79.74205819900257],[97.81045485968937,79.0382807864007],[97.6194514158743,78.84908115812222],[97.50911784891014,79.03244273061541],[97.10596607768808,77.91550067693424],[96.99697995667125,77.97074911482963],[96.90611668180333,77.26912065387495],[97.01894037592578,77.05295891736895],[96.67460900872224,76.74749500235109],[96.35114672299845,76.78937920112799],[96.32673811328209,76.43031973992001],[96.0162144394705,76.26060593836226],[95.85957245553206,75.15155905282764],[95.2273795930283,74.7505045477086],[95.09224927121811,73.8547526494055]]],[[[97.74350499210983,81.30951518317517],[97.99857953186527,81.06167186703999],[98.1156338971822,81.79428664323343],[97.84446415792502,81.9732988651867],[97.94524512829098,81.44201868263777],[97.74350499210983,81.30951518317517]]],[[[97.49765950360208,80.43246714996161],[97.56160325862184,79.97398399575587],[97.87741652131645,80.38536939044224],[97.89557820528984,80.95209304521238],[97.75638026728981,81.0635945808111],[97.49765950360208,80.43246714996161]]]]}},{"type":"Feature","properties":{"Level":"ADM2","shapeGroup":"FRA","shapeID":"FRA-ADM2-965667B37169726","shapeISO":"FR-87","shapeName":"Haute-Vienne","shapeType":"ADM2"},"geometry":{"type":"MultiPolygon","coordinates":[[[[113.93486439501083,117.1092202529758],[113.72964542709005,117.18657207398176],[113.48511547412431,116.87652849080106],[112.6676833005607,117.11624939102143],[112.30197709682852,116.37546683442852],[111.53677574787248,116.54621490494573],[111.5213734172948,116.43578023949387],[111.16960792168084,116.52915854683555],[110.8409830321803,116.25664400221433],[110.79049897850935,115.91718230601813],[110.42405205851885,115.93464775984899],[110.29420796501881,115.76322644468179],[110.79714914859409,115.39837572848376],[110.95453398834785,114.92090271217191],[110.74878378587704,114.83228208472138],[110.61897940412581,114.76089231639656],[110.85024969095406,114.5458139977655],[110.71274466225543,113.87328270977726],[111.05420612276498,113.38928620066501],[111.21589977818624,113.56917249404782],[111.49831625976734,113.22446468795928],[111.55356146591572,112.56773870702457],[110.8661175842783,112.17728071454103],[110.53029320641897,112.40983989055957],[110.5881297438375,111.77894690787883],[110.20315042072156,110.55556217515232],[109.67011215062482,110.8577421770614],[109.69934730116537,110.31271741862435],[109.2136958618387,110.10081925686082],[109.02833242580934,109.77752253614702],[109.20915473579643,109.37811862136203],[109.84775252860045,109.2227240591078],[110.06726991673918,108.83114161667312],[109.8704310373261,108.19864603011945],[110.07987050903864,107.82288736954943],[110.2772463722032,107.79174590797902],[110.33258926591282,107.55060728139105],[110.52235131207887,107.54700809006506],[110.71236367877069,108.02557758406346],[110.9121969337084,107.6504970810942],[111.25630269726072,107.75486343460226],[111.85517585665507,107.56781332713258],[112.30208375409833,106.5385867739494],[112.60727133201497,106.71516037211512],[112.9879683688954,106.43085578591649],[112.58090550162814,106.03987356482877],[112.72456930754431,105.82876730492313],[112.90805052167153,105.89231639834756],[113.0468636297331,105.64500294832246],[113.49546607129705,105.56789069996834],[113.47790367807443,105.40341689545241],[113.62278297361996,105.44249466676726],[113.93105405633577,106.03667503682738],[114.40367532867461,105.81228135445522],[115.13258993884234,106.71177074069173],[115.15657664578264,106.57681922426234],[115.63284790234263,107.21841231727822],[115.6994885789671,107.01890044809153],[115.93242738135422,107.24350644659283],[116.18317921786375,107.10682179746848],[116.5802341883768,107.59348590464501],[116.73571273539505,107.56644095684638],[117.43382972095368,108.62472103284713],[117.69695754673438,108.72085960829969],[118.04080872456115,109.36821693720253],[118.31020562853783,109.10620124241684],[118.50437049344984,109.24320851066967],[118.54938133102024,109.46376544081353],[118.66725642825305,109.43067420819372],[118.67443258556357,109.7304602546692],[118.60328026890187,110.12727661726493],[118.73346694936964,110.68174928655475],[118.53632199344756,111.39428293391003],[118.51585564698459,111.19828727282467],[118.37545120046015,111.4118483506535],[118.32582751476066,111.90487289084135],[118.14333946908995,111.56184245136669],[117.74757909140828,111.39905538372003],[117.48471703556143,111.6734907760322],[117.52410883540482,111.9986318548513],[117.6409329546686,112.02157924052943],[117.66807498996337,112.23729026752746],[117.73257424328375,112.09671397294457],[117.77402438543568,112.52085819161162],[117.45408626187489,112.56704510854746],[117.45275041911052,112.4236193664229],[116.95960026675132,112.52019476012362],[117.39636190883849,112.88346064186858],[117.41905414565875,113.20096222230772],[117.22087346170987,113.20981254997918],[117.26829251578224,113.93089081228376],[116.89005296778913,114.20646689929717],[117.01863531469378,114.36175253082783],[116.9393530497625,114.51974024456862],[116.86940239537563,114.45898452393149],[116.65738955218674,114.65044139971653],[116.64879933377671,114.91228051892092],[116.39903482844453,114.90576977370742],[116.0587866627686,115.31182465924508],[116.39771343038424,115.49968192054087],[116.33554955088628,115.80227334718762],[116.49789333443218,115.7725065497032],[116.31619021572642,115.88695012256542],[116.48536517582866,116.0463203918407],[116.18318651480115,116.44626684990519],[115.68080569732923,116.83751208273469],[115.31489104253541,116.84981197415397],[115.35006186419248,116.73669026944759],[114.42073005942292,116.89305092402444],[114.26960793692194,117.10925236782762],[113.93486439501083,117.1092202529758]]]]}},{"type":"Feature","properties":{"Level":"ADM2","shapeGroup":"FRA","shapeID":"FRA-ADM2-965667B59587708","shapeISO":"FR-68","shapeName":"Haut-Rhin","shapeType":"ADM2"},"geometry":{"type":"MultiPolygon","coordinates":[[[[167.03191389220535,146.80436085788764],[167.48105848584655,146.49805262807283],[169.43502084616006,147.09929601732932],[170.8371843254519,146.81347842665636],[171.58753005596762,146.4183035077638],[171.46210448112487,146.07764213684567],[172.13604086098925,145.685548118334],[172.11789911562045,145.0361466313759],[171.61106206229482,145.07272714082876],[171.59349701336174,144.06765676897135],[172.14504905252576,143.7805821419655],[173.10966298852333,143.95676393333875],[175.15738562056362,142.28710469895955],[174.94884421334086,141.90598769533742],[176.31590192222993,141.72367878926707],[175.64578949489527,140.86908032593286],[176.7372877821974,140.85958945596838],[176.98650162759301,140.5482558611168],[178.63123173796657,140.995145645229],[179.4303929421269,140.89398992280687],[180.71098155855333,141.67119993736304],[180.11135728292882,141.7500291169191],[180.38081842921522,142.06822565696288],[181.00385958665566,141.80811216360667],[181.7064290034844,142.13402238694255],[181.48804470916986,142.5573981971526],[181.91021377548265,142.45136657411396],[182.0693636012807,142.72390805850472],[181.5137868288221,142.91069035662386],[183.05543912756698,143.6188985600674],[183.22223424316974,144.09533648824092],[181.82070824526517,145.09224290002552],[181.47214358889116,145.6605607481537],[182.16090482150338,146.33520461368806],[181.7971536448236,147.03579701072297],[182.58167196077693,148.12575718399236],[182.47707960297214,148.7268476525496],[183.96099855608495,150.40294542189378],[182.71167539972657,151.39077961479478],[182.86344905093307,152.83651082133696],[181.40536786824194,152.72317498059004],[181.33814120285933,152.99911524815457],[180.05145949030452,152.9782222528197],[180.40468984625483,153.81074314807938],[176.4031436551324,154.20042772231176],[177.08565365855836,154.63083827709207],[176.15944114191666,154.4355751835635],[175.75557691999404,155.0420039749267],[174.025852349697,154.67798365227458],[172.1268966361123,152.6259042031374],[170.32852673432185,151.33892048878323],[170.9447123139371,151.42389717537924],[170.1912235666463,150.75881858571054],[168.89408587749597,150.03768179240268],[168.36221316076495,149.50106978698028],[167.80180360126926,148.54815102772852],[168.12787573433798,148.61495447808846],[167.61413552573634,148.13561136282746],[168.2111953527451,147.888954424774],[167.03191389220535,146.80436085788764]]]]}},{"type":"Feature","properties":{"Level":"ADM2","shapeGroup":"FRA","shapeID":"FRA-ADM2-965667B59575215","shapeISO":null,"shapeName":"Rhône","shapeType":"ADM2"},"geometry":{"type":"MultiPolygon","coordinates":[[[[143.26524141124466,124.07584618255629],[142.17213973374425,123.50321489203742],[143.22258802762912,124.50805848115584],[142.9681699701265,125.04652049608937],[143.73339121847016,125.68504288473864],[143.42079463845388,125.63652350789827],[145.14206153735648,126.90170266757491],[144.66563357336491,126.8078210270307],[143.34382295011227,126.20484399056893],[143.39021938400577,126.50552140243073],[143.74387254092898,126.67999084169267],[142.65191595967937,126.31726041344486],[143.23262639530867,126.63398752713574],[143.03990690181286,126.71813903431638],[142.29613308538842,126.25305586217853],[141.79679822224688,125.5440791361043],[141.15297645661852,125.33885341592804],[140.99597274693483,125.42875659690833],[140.3700199270639,124.79245704829768],[140.24165689607673,124.8451313772692],[139.50127684775842,124.29491560217183],[139.40543377817963,123.47813533675217],[139.75328007387196,123.5779974942865],[139.462093488393,123.3074284675775],[139.77286002356968,123.28345040510055],[139.50293077779753,122.64990406861963],[139.2591131813375,122.52161355099658],[138.73754846685108,121.74015663575845],[138.3534164178957,120.54824070221773],[137.88605591312378,120.23280406441202],[138.23818495412672,119.78339827701117],[138.41953996391,119.992707953425],[138.28849820874683,119.27289985643168],[138.17985377709743,119.40294866998964],[137.97509225683945,119.04461799628082],[137.9142215525851,119.30918156364288],[137.67867801065807,119.06060276585742],[138.57935112930832,118.23008621401034],[138.38155463241102,117.28184922350437],[138.6810119177087,116.4865373902418],[138.88876861152553,116.71446148440339],[139.0308862182228,114.12400472360842],[138.85831863109507,113.51478010433257],[139.33634488158214,113.12090617326189],[139.15184296451412,111.2443473371915],[140.05646591178902,110.14618074674462],[140.56739338017383,109.11238925075753],[141.82288741186116,108.77201638276108],[142.53112827633433,107.86980034107265],[142.33090897980765,108.41044996361873],[142.89450864751885,108.04790581010468],[142.4098555789928,107.6464978168752],[142.45724559132438,106.40778547290925],[143.2901329628352,106.64329886986872],[143.6281062669408,105.87157376491601],[143.99196541447395,105.72766896224445],[146.57709137041735,106.23476164227861],[145.21026674531458,107.21539713610937],[144.193646769113,107.33923394789433],[144.02606682402808,107.7810102473318],[143.16768922002046,108.1833938874158],[143.01310293296652,108.45574430085694],[143.850835350323,108.12963831148696],[145.49728028273003,108.37582492800672],[144.0077638151563,109.23672456233228],[144.65835021753838,109.37645080881862],[143.37058755356594,110.61056486066886],[144.02006171521245,112.27090591162087],[142.12392974284384,112.73319813385574],[141.50945066742855,113.05057530812768],[140.91759260283035,115.84709181883663],[140.61690610765098,118.73135466172602],[141.71995885837472,119.90614904243212],[142.28077017748166,122.3631460538766],[143.0665311532485,121.72546221491896],[144.98947225711223,124.23726005497022],[142.14596831313594,122.79188727334459],[143.26524141124466,124.07584618255629]]],[[[144.54306143823828,107.69759364121288],[146.98696878024458,106.88447262624759],[147.29302765767343,107.06044908557175],[148.3482974080884,107.0195585070766],[152.52341491619134,107.46036073094015],[153.01044133359005,107.29657124056361],[153.38984381094514,107.71391444250852],[154.7583268356104,107.80124602108074],[156.77542191884586,109.26895421038617],[159.09229802193997,111.45405887789514],[159.75889100351242,112.26157724145867],[160.3192149477132,112.36235332418072],[160.73779241205594,113.05581607651159],[160.45895285479253,114.41765970630293],[160.94793980351997,116.37748055475967],[160.57701850412568,116.33344854360352],[160.41052870278423,118.70713440976388],[160.90656037745754,117.61576297657732],[160.80967207504688,119.6733403165808],[160.16464599620738,120.27174793238953],[160.36688412260818,116.49701587701355],[160.03810235681567,116.74251135882851],[160.13292453938658,115.24960898904496],[158.82872114246655,114.822794302968],[158.1272684809212,112.86786384376391],[157.77300061349487,112.43496454966866],[158.31585864016168,112.2508984005492],[156.5447355786862,110.22087533522964],[156.21890587107688,110.28366229233838],[153.48589185795169,108.22653149974235],[152.16670290258855,108.55565472063365],[150.13557190373763,107.93604541252431],[151.05133580650119,108.50325349823405],[148.85164135980614,108.62030212830922],[147.84607695998685,107.89091048437477],[146.34837397965606,108.35251303026213],[144.54306143823828,107.69759364121288]]]]}},{"type":"Feature","properties":{"Level":"ADM2","shapeGroup":"FRA","shapeID":"FRA-ADM2-965667B97226746","shapeISO":"FR-80","shapeName":"Somme","shapeType":"ADM2"},"geometry":{"type":"MultiPolygon","coordinates":[[[[138.19177191828933,186.1945231043941],[135.21783763562553,187.491046126002],[134.26542237311952,188.30842709987664],[132.76618862820186,188.84113485297513],[133.0431649479012,188.85297536539161],[131.5641100253062,189.4517370258074],[129.5931419950399,189.7772111614915],[128.87714759296088,190.47293049133063],[127.10851992275826,190.99777578557502],[127.17386862143101,190.7442999298243],[127.97276881696837,190.42001374927992],[124.17483454553613,191.7266792749153],[124.44753264922421,191.80739209852476],[123.69454369754702,192.15845789457052],[123.43632393129495,191.90818325591016],[123.03197483732231,192.3050547070912],[121.96532830189975,192.48006445261828],[121.52505980967412,192.22317271514223],[120.55412944788615,192.63314314711835],[121.25147976658619,193.00392238027564],[122.67970882041762,192.84686309952056],[121.83973385101879,193.53405315417095],[121.10102213552943,193.77973461592214],[120.17639496023881,193.5250234385299],[119.75141613963383,194.0798672658597],[119.43256080388156,194.06417146048742],[119.75540183360488,193.75291860749417],[119.15683474335324,193.75051076533265],[118.69150416040144,194.0721023402906],[117.85807972560369,193.94487387668036],[117.92212463479375,194.04000743055227],[116.75933133769382,194.04457711617914],[116.34751195502906,194.31680872006717],[115.84532894012713,194.34214707236384],[115.6040360565697,194.88726651834713],[115.80880984037752,194.96783724961008],[113.67660686262403,196.02552102876786],[114.21482273863901,196.07426553876752],[113.99413168339663,196.3711782076196],[113.49240342758483,196.2225959358249],[112.88576388693012,196.67828849980748],[111.46454127480763,197.39971573013497],[110.26078314367732,196.92901388060355],[109.8007691621585,197.44288937322085],[108.86581734348565,197.4320885737764],[108.76308059527287,195.83888254270508],[109.25815802071854,195.78224467048085],[109.75490822578655,195.18111916109575],[110.21169172923294,195.08864662366585],[109.80721190708566,194.97799463104656],[110.35037829925548,194.953310851173],[110.09306841316129,194.9339488968207],[110.29904112275176,194.85481163904282],[109.27300269344516,194.95202615312513],[109.00078165409128,195.2303232210382],[108.07355104520258,194.94276049932768],[106.33967667522965,193.45160650263486],[106.7634234531927,193.4080160743738],[107.00633733274307,193.7167903857173],[107.51624234000798,193.60736612412268],[107.45669473705489,193.3339783564393],[109.37055511136886,192.09066833340637],[110.22792396129104,191.86395209027174],[110.66514563062128,191.36575298838932],[110.65576277742645,190.63957158084236],[111.71527705446385,190.11234265206863],[112.45121167220185,190.4446530454045],[112.20665931601967,190.0746617471017],[112.81186293377161,190.26857699838325],[113.47969378018072,190.68724284647425],[113.89832659528294,190.6020658924695],[114.3517258908602,190.68784400795911],[115.3699867175475,190.59854190267424],[115.79051439922281,190.43748737032047],[117.34997745343219,190.42080659433492],[118.35077265468072,190.62906842722177],[120.18226882925843,190.7271509926573],[132.9192872932315,187.4638621334031],[133.81699256757395,186.69733338299477],[137.47405164636723,184.60105011143128],[139.05589239350377,183.51184468055453],[138.63710578681562,183.95260851526305],[143.16321892739373,181.39374098820304],[142.21670785330855,181.94463059230128],[145.50628031946917,180.40657113123916],[143.81030401530538,181.27129214386878],[144.8823119180733,180.78984450290346],[146.68325675258728,179.754369117668],[148.00496140441442,179.2067291057751],[147.07590118362563,179.67101993780966],[148.56898471222922,179.0691262416425],[149.48838417700225,178.09482694639172],[149.63938424587656,178.06101581083067],[149.38901350231023,178.45076061205077],[149.99524160046292,177.71811579524547],[150.23394614104,177.631887209384],[149.1719764713498,179.09011729887376],[148.09062019319236,179.62754367166247],[148.34330897306188,179.60981514453354],[146.33494204890042,180.47137506539968],[146.75493026688994,180.39380752121932],[145.3354030253102,181.16036019685794],[146.24104406411865,180.78638999533257],[144.88346237063277,181.56406576425206],[144.8437941068808,181.798574843111],[144.51588373971805,182.21621506388712],[142.9515799659517,183.08479741747735],[142.40848640113714,183.67320081457137],[140.8297894932793,184.51463551605264],[139.1790482142433,185.67899628921782],[138.19177191828933,186.1945231043941]]]]}},{"type":"Feature","properties":{"Level":"ADM2","shapeGroup":"FRA","shapeID":"FRA-ADM2-965667B93767541","shapeISO":"FR-82","shapeName":"Tarn-et-Garonne","shapeType":"ADM2"},"geometry":{"type":"MultiPolygon","coordinates":[[[[111.75041415018214,96.36358928170105],[111.68432548330188,96.21616436385798],[110.68379846868797,95.80200737819553],[110.54558465603023,95.60047839025289],[110.5557539554257,95.97410045368757],[110.34411980357714,95.87093239236657],[109.69008635458707,94.92927819536646],[110.11038091753983,95.04401162477117],[110.27443473102866,94.86720544675958],[109.99318341910798,94.65330780962168],[109.2028777650379,93.47451747142924],[108.66398186598488,93.2184984273587],[108.37201036261604,92.88292308559187],[108.77455109274311,93.09759123712442],[108.49066523690298,92.57253679403868],[108.02149145024975,92.20920148001844],[107.27331691399039,91.90837925235155],[107.01542195044237,91.39769495533342],[106.84693564405029,91.3331344050998],[106.04433666180464,90.33516390409449],[105.89289837353338,89.95117190080055],[106.66756140861986,90.73975997983825],[106.93853780911384,90.77753646667584],[106.28522274604674,90.20551453533253],[104.91102405088166,88.47741810974371],[105.33815776615828,88.83825365215156],[105.45932707176902,88.79285166196769],[105.74714245447159,89.06831052713544],[105.85905377581618,88.96715659970214],[105.27742799114606,88.21213526715795],[105.37105562118577,88.14627205162549],[104.79129465147534,87.42024352059235],[105.24362915442308,87.6896801935367],[107.33363828671935,88.58903333217481],[107.55484989122128,88.38858183849501],[108.44674554652536,89.05365481412925],[108.74058242536927,88.76267952005968],[109.34122605577673,88.91336190526178],[108.9769204428403,88.44775821185235],[110.46100187495793,89.23792113643242],[110.2710551742389,89.30561640321838],[112.05191118714907,90.12651153794131],[112.08364053985302,90.48031604988734],[111.0956702197308,90.34120972696657],[112.4086372521381,90.85067171755773],[112.17949065751539,91.10185161683482],[112.47168982419868,91.52114112152248],[113.7476767594095,91.28129278849197],[114.08416707676624,92.04505665954869],[114.33155777861272,91.6634436114111],[114.7705583583899,92.37120723714776],[115.09369571727042,92.33916580550147],[115.31023820954542,92.33751392491743],[115.38538191230954,92.65499329683107],[114.89586167116661,92.83699491549051],[115.83625586673818,92.94848456611126],[115.98183860782294,93.31369323609952],[116.16374235750688,93.33168806219693],[116.10105453606553,93.49233706886903],[116.27331301634295,93.48427908498971],[116.52158954732994,93.83507523650103],[116.17705440908311,94.08458555522488],[116.17431701407432,94.51756443710678],[116.79430743707744,94.55178796785418],[117.00986890759611,94.3663521484428],[117.21797721880733,94.40456119088348],[117.27950147844727,94.64393140386646],[117.58603728386765,94.40439427839294],[117.53700606609041,94.81974118079572],[118.12110580437555,94.66587238396376],[118.22837491028648,94.78078815371296],[117.99334039208625,94.9028321857968],[118.11791699047075,95.0055313996551],[118.6056262283698,94.78519224451122],[118.718552502331,94.85213030599778],[118.77472738269493,94.94697503981354],[118.61972303452886,94.98129183512089],[118.5848136414279,95.18383332602053],[118.38711134908412,95.06710007495684],[118.31283598681848,95.25382464114912],[118.12794963439379,95.22622981272507],[117.94719612957616,95.50248709243576],[118.29804786223076,95.8318448420679],[118.48784299291125,95.79182238955649],[118.52494817692855,96.1435121709367],[117.7249205872283,96.30585119032187],[117.82863775475941,96.43319197249551],[117.65590105212607,96.58732873219887],[117.81598979657605,96.78488541244161],[117.43152938862815,96.60305715410209],[117.29237390062568,96.71843649338946],[117.1055438570881,96.48924291665827],[116.81623563079918,96.60132898087689],[116.2630055584371,96.12327590324527],[116.07964153107824,96.259265741253],[116.20469209150133,96.15321883256011],[116.07159590781706,95.9557893953997],[115.95792639284986,96.2305247370962],[115.63442648225274,96.25086251927019],[115.68484334200348,96.07851160292785],[115.55806572286298,96.02519627674992],[115.72316134818689,95.73938175091838],[115.38265824402815,95.50687780918594],[115.30570881678884,95.81977945322814],[114.93259610924342,96.05698105044223],[114.78009748140701,95.72231989070278],[113.81895322681639,95.15694551885815],[113.61191903543023,95.40192084323428],[113.0407096256277,95.39998505927139],[113.60317993254685,96.02154337715243],[113.00182877494973,95.87297949924924],[112.77811570237024,95.65530565343988],[112.64292983527648,95.75159830157878],[112.5291522569404,95.60457073295434],[112.42956508872406,95.95800608788407],[111.90339420004463,95.93487506613442],[112.02233745714686,96.08435673574502],[111.79488553986562,96.144890803631],[111.9234471058683,96.35781246596724],[112.30425817066924,96.48985639657938],[112.40255291621685,96.7286762097157],[111.75041415018214,96.36358928170105]]]]}},{"type":"Feature","properties":{"Level":"ADM2","shapeGroup":"FRA","shapeID":"FRA-ADM2-965667B34170931","shapeISO":"FR-90","shapeName":"Territoire-de-Belfort","shapeType":"ADM2"},"geometry":{"type":"MultiPolygon","coordinates":[[[[167.76242635087343,143.38644615348386],[168.0212197292853,143.09147124156942],[169.22415832724357,143.17496164383348],[170.80756635321282,142.1993195344315],[170.9518740182785,141.76227458807315],[169.99860765581113,142.00214709125768],[171.06876560724442,140.83939116426046],[172.2993922279777,141.13659179527934],[171.71660256632637,141.90205844499272],[172.62211182434822,142.0467158503595],[173.8062330580409,141.6835562381761],[174.94884421334086,141.90598769533742],[175.15738562056362,142.28710469895955],[173.10966298852333,143.95676393333875],[172.14504905252576,143.7805821419655],[171.59349701336174,144.06765676897135],[171.61106206229482,145.07272714082876],[172.11789911562045,145.0361466313759],[172.13604086098925,145.685548118334],[171.46210448112487,146.07764213684567],[171.58753005596762,146.4183035077638],[170.8371843254519,146.81347842665636],[169.43502084616006,147.09929601732932],[167.48105848584655,146.49805262807283],[167.03191389220535,146.80436085788764],[166.75067001807395,146.4389482049141],[166.03105492958895,145.39391900412005],[167.13067631220989,144.49273136336365],[166.9041832961131,144.1779467254969],[167.30105501084242,144.06940745318207],[167.95341633678916,143.58510910344586],[167.76242635087343,143.38644615348386]]]]}},{"type":"Feature","properties":{"Level":"ADM2","shapeGroup":"FRA","shapeID":"FRA-ADM2-965667B49276602","shapeISO":"FR-88","shapeName":"Vosges","shapeType":"ADM2"},"geometry":{"type":"MultiPolygon","coordinates":[[[[160.17949695483523,149.68964320626725],[160.04576300583454,149.22964205742528],[159.64060036018788,148.94290760097624],[159.56284074966993,148.34928225530345],[159.54664417487407,148.50594824512854],[159.2171291947738,148.05168701908372],[159.0859760923173,147.76671942202535],[158.83635493679293,147.1348245376991],[158.94466076054192,147.14468850226189],[158.77387480579839,146.46361204958828],[158.99887738934353,146.98583636207968],[159.18107898668677,146.30085881274482],[159.3294011541931,146.6206913844905],[159.47123585161037,146.48079376065166],[159.36124295409846,146.08854585115046],[159.55698381739478,146.16901542615898],[159.65325977863205,145.83020838159223],[159.4008848583078,145.52975306890454],[159.2390039816801,144.94202807201117],[158.93316291309577,144.64729461169685],[159.07179631343678,144.60248064379766],[159.1086494540445,144.7332487771883],[159.29970510079139,144.769137760453],[159.34806439276895,144.57338094659488],[159.62578370017224,144.63478347590168],[159.50032312171712,144.20967913017273],[159.57274282308484,144.03552329124503],[159.8409140955381,144.35919456803563],[159.95952322277176,144.07738279835527],[160.3697866659557,144.64525685359027],[160.22376298586963,144.27565501783488],[160.61261142551524,144.60875024521695],[160.7236742798313,144.8983677765371],[161.29191294446173,145.5088639915146],[161.32245042044315,145.1142011946977],[161.57306872922112,145.08799512641403],[161.54527484830723,144.9643915509214],[162.4490019181151,145.62826783980003],[162.8775634565773,145.65586426893805],[163.1914651399263,145.3494057337219],[163.5848184621384,145.6557793938304],[163.70880737918912,145.95900935015618],[163.94354072170592,146.15208765782694],[164.35471031968177,146.02763845073378],[166.2778107783211,146.497844455434],[166.75067001807395,146.4389482049141],[167.03191389220535,146.80436085788764],[168.2111953527451,147.888954424774],[167.61413552573634,148.13561136282746],[168.12787573433798,148.61495447808846],[167.80180360126926,148.54815102772852],[168.36221316076495,149.50106978698028],[168.89408587749597,150.03768179240268],[170.1912235666463,150.75881858571054],[170.9447123139371,151.42389717537924],[170.32852673432185,151.33892048878323],[172.1268966361123,152.6259042031374],[174.025852349697,154.67798365227458],[173.93545814010008,155.13931763283676],[172.4020565147121,154.4659082212011],[171.79166679085273,154.5090796564485],[172.70628163779702,155.30166560841272],[172.36817280222078,155.48489460254288],[173.47915259672084,157.69463418869415],[173.1501454247056,157.91860196727538],[173.8592795823976,158.0956468958455],[173.7140990574875,158.37686012753448],[171.86856395590425,157.09168022430939],[169.62226309590886,154.50345622309993],[169.6496370252689,154.8698922917245],[168.88034706386918,153.62873450354425],[168.72532878982238,153.68753729058255],[168.52740725419432,153.33482104073377],[168.6713638145207,153.62645081737327],[168.0671883275631,153.6265944738664],[167.85851247390298,153.34821947854408],[167.33359247592202,153.25348861991475],[167.51700589875878,154.36006331927962],[166.46486110165472,152.94169419380088],[166.4206023362666,152.5659573423829],[165.923190336566,152.47958751299257],[164.93059168337723,151.66883386191367],[164.8695049275102,151.78720764333525],[164.09466527438275,151.1388916383709],[164.23717185259179,151.47674723599698],[163.56950783060367,151.32167747422096],[163.5288134713784,151.78426242567645],[163.18335651181982,150.96508891369552],[162.50254108170336,150.2476700904428],[162.52205025190068,150.4214711984465],[162.31271368652511,150.2798355942177],[162.25434714406003,149.75971741593594],[161.75455122602312,149.06735621299052],[161.7787054190795,149.39855194862471],[161.64700799126123,149.07260406948552],[160.99859245932754,148.5125650191659],[160.9092549244329,149.0575472544031],[160.76858864958893,148.9345231334043],[160.91414511490228,149.41622948731177],[160.75514363316802,149.33874478055154],[160.72429442872522,148.9657800233728],[160.53383644831632,148.89114288166002],[160.81472532287512,150.25042668811324],[160.5254709838404,150.12870412074844],[160.2716276751507,149.57153309858035],[160.17949695483523,149.68964320626725]]]]}},{"type":"Feature","properties":{"Level":"ADM2","shapeGroup":"FRA","shapeID":"FRA-ADM2-965667B35462032","shapeISO":"FR-78","shapeName":"Yvelines","shapeType":"ADM2"},"geometry":{"type":"MultiPolygon","coordinates":[[[[113.75705241037076,149.22324137040917],[112.27012169506474,150.1040691978298],[107.59627764671485,153.9323130088579],[106.46135618360891,157.08641661886287],[105.38626937334121,161.1407790039341],[105.60373966525596,163.60026193550038],[106.5842760616921,167.88078555800445],[107.81259404333761,170.8305374449209],[108.86968724115339,173.98586285351027],[110.24301182995671,176.94151835749886],[108.43452940504976,174.84068945860568],[109.63488761303027,177.47914735422523],[107.45053069806845,175.4497042387714],[108.61387159888244,177.70659230326103],[107.22861871517672,175.9773679033565],[105.4418579785096,173.29513817921895],[103.67790221330952,170.31554210752466],[103.35954529873916,170.65682601404478],[102.01240676605164,168.36167712529596],[101.85511934088929,169.15451058064662],[100.55747723789958,165.11233246946955],[101.1798565015121,168.29207560380894],[100.79586823478577,168.24386120289907],[100.01848248223054,166.2309183847505],[99.51057812923207,165.55691482304155],[99.27234760622869,164.3471577890701],[98.63002009773501,163.49199798872374],[98.70580822614026,164.0800696035028],[97.79404299471506,162.7279128710131],[97.09645671767645,161.00037222581167],[97.0413216387681,161.57941753171806],[97.01112404727004,160.37068088478685],[96.73542619563437,159.50963820246022],[97.08626706509435,156.48447902634265],[97.32319819908935,156.9675056415737],[97.26452019216568,156.19916008432682],[97.52502559689047,155.37359886734316],[98.60926471771941,153.40081028589736],[98.82333370653755,152.53493965931307],[99.8413956964355,151.38526034217097],[99.92496071271675,150.97609100876215],[101.61189544839614,148.25015115738557],[102.51554547683128,147.67853377285223],[103.49102796105764,146.03602336270316],[104.26931159418287,145.3320301793603],[104.76410020453355,144.59908764083582],[107.3209158058024,141.94777107060884],[107.78256936841163,141.7256258597431],[108.33681585020355,140.63542285768224],[109.76719985904107,139.45580340843222],[110.23875736533802,139.21018498572994],[110.7176404081164,138.50004608841988],[112.26212828879113,136.8450323805109],[112.77646450324512,136.79280757824037],[113.29928988666133,136.3384096598346],[114.28926829491715,136.32591132541282],[114.24879166437896,136.7265685795757],[113.53333074824346,138.1500299221766],[113.9682991208964,138.47100371232239],[112.63879321993267,138.9324726010982],[112.35423458562047,139.35593869742732],[114.05385517389786,139.4264277735486],[113.31076223273433,140.87169237692564],[113.69995439825333,141.3266788586441],[111.06607486876835,142.8368690322771],[111.59162073675755,142.72842624808519],[110.93437368223223,143.7385124671829],[111.98572308568887,143.9465097398443],[111.343768789199,145.93308698342327],[110.33041356986536,146.6628470074944],[112.7315708297184,147.67901289563451],[111.46238509108932,149.14061416448365],[113.75705241037076,149.22324137040917]]]]}},{"type":"Feature","properties":{"Level":"ADM2","shapeGroup":"FRA","shapeID":"FRA-ADM2-965667B8934844","shapeISO":"FR-85","shapeName":"Vendée","shapeType":"ADM2"},"geometry":{"type":"MultiPolygon","coordinates":[[[[72.59820787591207,128.60286931569243],[73.62398223491279,127.66920328045484],[74.34021785046417,127.52108096097322],[73.28714206588462,128.52196330121495],[72.59820787591207,128.60286931569243]]],[[[77.46248422044847,132.47807413395168],[76.91531410946189,132.27047052523915],[76.79888839980073,131.62273354186652],[75.86589871064676,130.5992932101713],[75.51692514094486,130.64435787297384],[75.85696494827295,129.36179329633921],[78.63377164798712,126.59789450183081],[78.93244422940583,126.07394664167829],[79.17038490873014,126.0579237617193],[80.61829822987735,124.61399885837837],[81.47771723872216,123.19678259605],[81.82878421221784,123.21085772022313],[83.59105030782214,122.25753848891328],[85.69236692041756,121.74470231357299],[86.15917981907437,121.12377103106084],[87.70070500277946,120.96684491245658],[88.82662518289172,120.17460256081247],[89.10594687138742,120.25497225170729],[89.6400235736554,119.87727057451445],[90.01316651620293,120.33534434211452],[90.59831183001398,120.19489557810859],[90.71337247608206,120.3721204453278],[91.02958549625637,120.21489249720003],[91.55140144734884,120.53227690403489],[92.53576500987128,120.42849846397145],[93.11819980557806,120.5571482583926],[92.69473860306614,120.11782591889323],[93.13261705447701,119.93927413764884],[93.6421795740236,120.04284904811095],[94.05273736074705,119.85059926100902],[94.24095273381548,120.03330092483573],[95.18385178762362,119.45628123010451],[95.5733761535484,119.39589834132312],[95.74694219308948,119.50760452678057],[96.29651545828183,119.28637358733837],[96.69406141238196,119.54585895036301],[97.12042312917686,119.38841316272833],[97.31387006665537,119.55733233048292],[96.52525602950784,120.05968592209084],[96.45517824268583,119.87729933641442],[96.22646753253207,119.99872964511647],[96.42471875194781,120.4080629779344],[96.00373019542731,121.23361057096979],[96.35978465402616,121.15248507994406],[96.189400922213,122.1541760179383],[95.74429998511773,122.43412239223477],[95.91175730957949,122.6641120989609],[95.4401095770557,123.0565001989533],[95.67672381484547,123.11543202819702],[94.89185769557385,124.00061372742354],[95.07323747064626,124.42877437938589],[94.30099131300534,124.94927296841578],[93.51298084465623,125.80080021363136],[93.67495891855425,126.14889664815004],[92.91278491634341,126.87178488584757],[93.13762197612684,126.74953978673331],[92.69921834460838,127.23651717928084],[92.79585516093803,127.25850969992045],[92.31540174134248,127.87894805292362],[92.01003586723044,127.72092681740665],[91.48878473464018,128.22635657057637],[91.3444399895352,127.98055081804004],[89.75261171733911,128.68344064552264],[89.11721946338037,128.97429314309292],[88.0279991167952,130.10903584990294],[87.60536842465748,129.4353450474527],[86.66280848448812,129.79123339810744],[86.9149728109137,128.1581231697229],[85.62520025041782,128.05888495587624],[85.15702681984709,129.35416592640433],[85.36416522094713,129.34328531294906],[84.71679137008176,130.50449113506164],[83.88067871091121,130.32984447439526],[84.68764648403618,128.49716408550523],[84.32255729919771,128.55482157771837],[85.14182884060574,127.45381483181217],[84.49789703295687,127.59204152245542],[84.51988368011463,127.33365978122981],[82.72551082545178,128.18915065719398],[82.35152110952646,128.5851604503591],[81.82797843661739,128.60710850098556],[81.33848547533479,129.56394941015367],[79.9803850008467,129.98268869345645],[79.95824512959183,130.36182240241334],[79.4025198043013,130.52749524723203],[78.57105632229388,131.21546208088787],[78.5102833400824,131.5457309148262],[77.46248422044847,132.47807413395168]]],[[[73.12976018310593,133.4244184239407],[73.29666049824273,132.83090716039553],[73.97628704165,132.0810793840057],[74.46405040140674,132.07135846577683],[75.57256989614015,130.67438279599827],[75.3628582387849,131.63645572223274],[74.34124087332131,132.23608759130462],[74.12996694048982,132.7148075223784],[74.45027528257407,132.50876316551665],[74.29413356378693,132.98244420195348],[73.12976018310593,133.4244184239407]]]]}},{"type":"Feature","properties":{"Level":"ADM2","shapeGroup":"FRA","shapeID":"FRA-ADM2-965667B28794948","shapeISO":"FR-50","shapeName":"Manche","shapeType":"ADM2"},"geometry":{"type":"MultiPolygon","coordinates":[[[[84.63440781239325,157.14421887291044],[85.77022897986554,156.1144652064787],[86.05811676294739,156.23272180105317],[86.57298986501834,155.52083246736544],[87.44564418846323,154.97700869891634],[87.78110414046304,155.37453859488073],[87.58009922260061,156.27288872016325],[86.73502903208868,157.31673484381918],[86.87898698178543,157.51716965204017],[85.11601728423034,159.77111606610086],[85.03027512375839,160.2408093732206],[85.07219992511375,160.5281852499895],[84.50811886498363,160.81795360490048],[83.47170465236346,162.1236653121709],[83.37722078779275,161.922676882125],[82.63950020118973,162.28364647581867],[82.19162074133848,162.7404170705419],[82.04744613837039,163.11853360557666],[81.57401077403078,163.42786271161302],[81.76956986372795,164.1297182991608],[81.94788495587179,163.89430440701403],[82.21137443764601,164.26851814010604],[82.10592295736276,164.63085018915461],[81.69901417250463,164.69319074563538],[81.64680103723852,165.2089073101024],[82.15896739092598,164.90667304249158],[82.51060927572352,164.9898364616367],[82.65641291374757,165.56955185545905],[82.96619199342699,165.6790873158999],[82.59315684322854,166.08392803578744],[82.6940061878689,166.1517647083731],[82.40979605575296,167.12551786509627],[82.07299292088146,167.00552483136207],[82.29959603538747,167.35314635583597],[81.57669798730886,168.06960795968808],[81.84194279630422,168.02267316035093],[82.06022278138636,168.5446484766114],[81.66199621894354,169.27520723778923],[81.36328213011028,168.6189133236616],[80.56424354462197,169.58957937228445],[79.99387569947179,170.9159300580094],[79.78156564527842,171.7734932274878],[79.88317352950368,172.48391214702863],[79.68648237830216,172.99304861655565],[79.40659120983088,173.06337460940387],[79.4348526183217,173.8988720126751],[78.4986248396884,176.44908989464233],[78.68206446738193,177.3434334926758],[78.73911073866917,177.0210405533259],[78.8806167238224,177.79591851006302],[79.0564891456834,177.64527874477008],[78.92181257285829,179.39362798156844],[77.64816081697123,179.58030825392882],[77.52971119813888,179.04854292882234],[76.72699149159787,178.95594769493962],[76.7774321207578,178.74663564339392],[76.50548689218815,178.96104757724754],[76.67883547765875,178.97952651194873],[76.20462522358628,179.22490315285054],[76.34659057417441,179.28357268501992],[75.22190379475047,179.80021580089135],[74.97430251372518,180.34613635390866],[74.6650495224402,180.1937141921589],[74.22494578488795,180.60750886834523],[74.19975853248152,179.6366556202386],[74.93705735718018,179.04695120166429],[75.09923902363897,177.58680595707378],[74.7484191916028,177.06408600365688],[74.77688249679173,176.6415096682117],[75.0206823784838,176.4455354906575],[75.38706096912075,173.9033823120097],[75.55970544490722,173.9590757166534],[75.7686832116368,173.79018830399255],[75.55447277496279,173.91837200715608],[75.98949137084142,172.99018722618416],[76.10102820321728,173.1129496518805],[76.00350358597107,173.35791004785256],[76.26349296659188,173.0627530609766],[76.06254026425053,173.00804797142092],[76.68709659071123,170.76838716813523],[76.66067873042701,170.99398151455785],[76.96380596365087,170.9271723186541],[76.73477075966723,170.91014976329623],[77.04794094786371,169.30727309187128],[76.98439462350348,168.77104343389342],[77.55187752768428,167.15027709638514],[77.53659586563225,167.640547826977],[77.71846655575648,167.67843891541884],[77.97262489626037,167.34427875571416],[77.71418861597596,167.66453610693335],[77.57088774820086,167.55752349324283],[77.78828482330594,166.31893756168847],[77.80702678264458,165.97882783313068],[77.77321695475554,166.28524620009364],[77.55597648404279,165.056759155799],[77.34956018846917,164.93606974977155],[77.66895379015128,164.69641555667667],[77.91843476009153,163.6043777864051],[78.42255579247296,163.36916189252028],[78.89387502254829,162.74737672119798],[79.54259507924765,162.50085372717612],[79.66874194029836,162.26951275177393],[80.13782198836583,162.340320861027],[80.11782816496378,162.09778286857977],[80.63199703814044,161.58914417523778],[79.88898290642616,162.06025472024015],[79.74642847645009,161.8583531893917],[78.4126885133448,162.05988328077711],[79.26586737584468,161.2111093585182],[79.19790581931916,160.95385185632043],[79.86983123279396,160.07687996357282],[80.28910826822116,159.91485298451636],[80.53450493407662,159.38871755253803],[80.99435033186882,159.06732532020803],[81.33455895828844,159.42627485039947],[81.85689012205043,159.29234079359279],[82.01724296530126,159.79387197882974],[83.18023330667293,158.34195305726033],[84.63440781239325,157.14421887291044]]]]}},{"type":"Feature","properties":{"Level":"ADM2","shapeGroup":"FRA","shapeID":"FRA-ADM2-965667B93005015","shapeISO":"FR-49","shapeName":"Maine-et-Loire","shapeType":"ADM2"},"geometry":{"type":"MultiPolygon","coordinates":[[[[89.75261171733911,128.68344064552264],[91.3444399895352,127.98055081804004],[91.48878473464018,128.22635657057637],[92.01003586723044,127.72092681740665],[92.31540174134248,127.87894805292362],[92.79585516093803,127.25850969992045],[93.19686131617149,127.06586273132811],[93.21627173193384,127.27084951595475],[93.57425079349046,127.1210203155668],[93.71719342432829,127.28057873995559],[94.40609961847872,126.70346734129555],[94.74059817838625,126.80283484124297],[95.52092418813506,126.45252290402723],[95.9360412796449,126.74055478069226],[95.71541568718087,127.23155551427418],[96.63404958163154,127.17000839820716],[96.49222098794168,126.80659428979766],[96.65328003695535,126.97937115851587],[97.21239606395986,126.76516198166445],[97.26826561162049,127.1125332441766],[98.75865483506934,126.81269840047368],[99.13048526339917,126.50631448504495],[99.28943236778139,126.70225577657075],[99.69505366913538,126.56839046327043],[99.44377281476764,126.13875055792991],[99.94984640381176,125.84070010072124],[100.16362895542112,125.95475089160664],[100.21212954795493,126.44374877945756],[100.71421949614745,126.16702344982895],[100.58498982776797,126.5595182277569],[101.0129430973802,127.42432111704616],[101.34648865565785,127.17373180745278],[101.28690676934261,127.69743140807148],[101.50563751734765,127.98191385380852],[101.37557738455149,128.49408811797377],[101.69028582601399,129.80435229418447],[101.94014783225145,129.98731640474074],[101.82666947567407,130.26237325308236],[102.18958463441761,130.51381824904402],[101.84821716436548,130.85024060471204],[102.06417135628843,131.2285766840663],[102.09604151020226,132.77932726009726],[101.71812181684979,132.99217287905512],[102.03869410793905,133.54684380076304],[101.93657262973596,134.0531628542688],[101.4552434821569,134.38278346060503],[101.17016631344308,133.83017517197703],[100.73364741150019,134.4450684839647],[100.10539780214,134.69642248486176],[99.27116102941542,135.64633694375345],[99.16609605752926,135.51696795792165],[98.41936069445687,136.15552775092874],[98.30914604292602,136.0377630301737],[98.17305488331786,136.27446235914832],[98.17157949069875,135.8519368984507],[97.22511213945452,136.68450978100066],[96.78669787042044,137.90682180433237],[97.08781781530936,138.0877306931209],[96.76508188787675,138.4964958143751],[96.5562528024337,138.2206661699926],[95.99801107686339,138.8550398585467],[95.3553422212859,139.24478818630814],[95.10415704950732,140.36192933431596],[94.77611298796559,140.9554012646389],[94.88997907875861,140.6247302681106],[94.59853165592756,140.67861412319016],[93.99665432603027,141.6626673804462],[94.04946058198747,140.99989656680543],[93.66020922586117,141.48824418134797],[93.53901040140919,141.08567200145956],[92.62278841387429,141.89491940078875],[91.84015491020439,143.09469209240885],[91.91217847590514,142.79314793461373],[90.97904458660486,144.31790836921374],[90.88313950987714,144.15327883390924],[91.0966477530413,143.6893486570567],[90.1296749579995,144.38670817405537],[89.03354623901153,144.8638189770797],[87.50128281210124,145.914146107869],[87.45488834427813,145.3924385169537],[87.69187104842239,144.99235730083655],[87.39258396968944,144.62986454259624],[88.35083772317248,144.1576055289693],[88.55622183608949,142.65887731054585],[88.83328863246427,142.45600435338378],[89.1276694843917,141.2647388197523],[90.70619057244929,139.7916598812037],[90.32605835479582,139.35998403893043],[88.6980037522406,140.35035132451355],[88.64070678712494,139.79066714105218],[89.0032957311378,139.45580466028284],[88.76664562911941,139.2901129491129],[88.95345923379583,138.74922871227488],[90.39147263579493,137.96880041422196],[90.72096287066297,137.4108180127985],[91.24435398430953,137.22028015379985],[91.60976649227109,134.5845761827805],[90.81247054926979,134.4841208052939],[88.95478015352808,135.37627004070063],[86.99300875649726,135.45715370582374],[86.2387688002029,135.03564471588646],[87.13121778054804,134.74460029720112],[87.44008965560644,133.9652617784114],[88.27111667292625,132.9435746628555],[88.54931022536358,133.103141809865],[88.945913893907,132.7190894566209],[89.3331687839611,131.56198751104085],[89.21141778888484,131.15387081589427],[88.3548314401176,130.97253320959535],[88.61475359070131,130.53844982251945],[88.29779470435842,130.26685593656458],[89.42354089762512,129.75383798834707],[90.10591114724457,129.12225766886718],[90.1232993095851,128.79221894773403],[89.75261171733911,128.68344064552264]]],[[[92.60716205162461,141.99010836304174],[92.63005142844442,141.9279504052522],[92.61929544825577,141.99199226612794],[92.60716205162461,141.99010836304174]]]]}},{"type":"Feature","properties":{"Level":"ADM2","shapeGroup":"FRA","shapeID":"FRA-ADM2-965667B77922813","shapeISO":"FR-04","shapeName":"Alpes-de-Haute-Provence","shapeType":"ADM2"},"geometry":{"type":"MultiPolygon","coordinates":[[[[164.90829838285595,95.49672689635688],[164.7109046254551,95.50804343903968],[165.0961748662961,95.33036266479121],[164.153066227137,95.52616774415159],[163.64097297570981,95.47572349605699],[163.9636322836264,95.41401898830239],[163.00227098412924,95.27687457532343],[163.32428117281864,94.91280351392189],[163.8812570687533,94.97435844482243],[164.0903825365658,94.09320506365162],[164.80611100873955,94.22932594014631],[165.05302405492725,94.10795093504086],[165.30140038253336,94.15550966034499],[164.888416611126,93.53035003241328],[164.92171340008818,93.12600888562675],[166.02794437419124,93.55812577200219],[166.50160615061162,93.15981314908197],[166.63731080304808,92.83156311688745],[167.02818332317784,92.45084963232901],[167.05648946067302,92.95207109975486],[167.35605145027898,92.8634294947591],[167.5697372052752,92.27773817943387],[167.7427327411586,92.62705574377136],[167.6506201895166,92.95267869201739],[167.72489936742443,93.00518781803129],[168.28843246476308,92.14932661981337],[168.72164043438852,90.35140801109898],[168.627221015466,91.1784943933002],[168.72239217480944,91.34276157453529],[168.6092715938249,92.2907130652256],[168.81131567062494,91.95066932012043],[168.67560579477023,92.98741772954222],[168.83387097839596,92.88883121161598],[170.12407125101092,90.60305962858389],[170.06156885010463,91.23438367622512],[169.7733655483757,92.04756485719213],[170.18681560191865,91.68786695892443],[170.22761063189898,91.92103753196258],[170.72053453514317,90.88416961339871],[170.67492724498612,91.48388060477875],[171.29049940059048,90.67029950144278],[172.0356041081501,90.58821409936813],[171.1202193939981,91.56036078782836],[171.06314266893727,91.9021325748454],[171.38235522744574,91.70282123551573],[170.70115391614002,92.40956897204929],[171.9437777919661,91.51720673036121],[172.47330221234682,91.80305830932419],[173.5418477280669,91.40066991840412],[174.45166345555344,90.54904929453993],[175.62515958173978,90.16633418936355],[173.59668457270013,91.94186923485563],[173.0212389471019,92.1785757225053],[172.45237746010622,92.79926311609695],[170.63742019134926,93.8797633047672],[170.60530253350987,94.24464069593847],[169.8547028035615,95.40972718578149],[170.10023992893656,96.21054713806457],[170.39852344826645,96.40860691178267],[170.42493219490945,96.55537597772589],[170.7680571774413,96.57427548472067],[170.79884950042026,96.93416512013442],[171.76336596409885,97.73115118714063],[171.77647369108942,98.15169436614315],[172.39082316824832,98.45306045371981],[171.6178113809624,98.41255640957682],[171.40070279952246,98.5675707852033],[172.6806780440125,99.71486805098506],[172.54491037115216,99.83687026523891],[170.01045421808897,97.71644755762418],[169.67926045111034,97.14687943937116],[168.75887894253975,96.81904801494528],[168.66011330607472,96.99951222065113],[168.40556607559864,96.65702378116208],[167.92094552255898,96.53543082235427],[167.94981088048067,96.32482248871246],[167.6807962621095,96.14822553614654],[167.46991293083735,96.32722894265999],[167.50941922994977,96.45133003643416],[167.18111373131453,96.47273032513199],[167.10756578932262,96.31547268186952],[166.4345528018313,96.11982435989736],[166.0972758256613,95.85936183615723],[166.29004008336122,95.83082181394971],[166.42020591819926,95.62421436297646],[165.75027255888654,95.79162575746432],[165.82107471898206,95.67234270123961],[166.45495881433263,95.49332899018827],[164.90829838285595,95.49672689635688]]]]}},{"type":"Feature","properties":{"Level":"ADM2","shapeGroup":"FRA","shapeID":"FRA-ADM2-965667B30629472","shapeISO":"FR-12","shapeName":"Aveyron","shapeType":"ADM2"},"geometry":{"type":"MultiPolygon","coordinates":[[[[126.3998799479318,96.91911336249909],[126.19248726297423,97.06566353942051],[125.55113256966952,96.85342295908687],[125.62594422939867,97.09918626391327],[125.33508317567993,97.11616686892776],[125.208257213893,97.26386308509748],[125.12546032286244,97.17688184926504],[125.18625099168077,97.55661154702895],[124.97090507749618,97.80664797166848],[125.05770457174637,97.85963520803449],[125.0088716726572,98.15115395287722],[124.70410094451408,98.3199292675011],[124.74533843625747,98.57144170517877],[124.31139211089126,98.93487173422669],[124.10665739494883,99.10680191033245],[123.94027902918629,99.71460730194705],[123.76014506209371,99.69398021574753],[123.47095132631122,100.17813205359587],[123.03386830045547,100.07848240351343],[122.97841537649185,100.40893422041225],[122.7410093684004,100.60072327762562],[122.33528959875339,100.19302475868636],[122.1928976384556,100.22582305030684],[122.11300855083454,99.7754579922753],[121.89511725563622,99.69925048936341],[121.8030152182079,99.42177115949455],[121.89928634666005,99.44554285977375],[121.42542837115404,98.99343491012607],[120.52808160342221,99.01592769007553],[120.48320230650405,99.15039206541705],[119.78219583284634,98.98356635758991],[119.7779736623812,98.78270090041372],[119.70862208255544,98.57415192196004],[119.61163344915951,98.64444551576204],[119.47210331342262,98.49830824552991],[119.05391414699054,98.65539911903616],[118.91761299830839,98.51800304517532],[118.91729590379249,98.64225285114661],[118.07584864937667,98.17060089747456],[118.07887709489805,98.03008528774477],[117.941080366385,98.19276584426451],[117.90762106714489,98.03772537757959],[117.60690553047914,97.9921729433525],[117.63571176751049,97.64072202041356],[117.78925953151986,97.55155156902637],[117.73183814190978,97.32656816041295],[118.01877403723819,96.88697936727806],[117.81598979657605,96.78488541244161],[117.65590105212607,96.58732873219887],[117.82863775475941,96.43319197249551],[117.7249205872283,96.30585119032187],[118.52494817692855,96.1435121709367],[118.48784299291125,95.79182238955649],[118.29804786223076,95.8318448420679],[117.94719612957616,95.50248709243576],[118.12794963439379,95.22622981272507],[118.31283598681848,95.25382464114912],[118.38711134908412,95.06710007495684],[118.5848136414279,95.18383332602053],[118.61972303452886,94.98129183512089],[118.77472738269493,94.94697503981354],[118.718552502331,94.85213030599778],[119.12742986183976,95.07099571550117],[119.06306365398265,95.2408450611714],[119.33832009765592,95.2310244574573],[119.35283150359585,95.0847105665755],[119.37698750642188,95.26391547687511],[119.65543592759117,95.3437234561838],[119.92454700182277,94.94606901360297],[120.00728910231209,95.04635426894562],[120.19593484375953,94.92411890264559],[119.89058998224601,94.70111360749605],[120.54820536582127,94.80493966436185],[120.51417461551551,94.64636473450572],[120.75546440737104,94.71711941883808],[121.09938783517399,94.53170969432762],[121.24993879706567,94.20410762798812],[121.54090435119278,94.23549221827744],[121.94019219381047,93.6847483036266],[121.84529493209514,93.31583351211847],[122.17574716791398,93.21322494017062],[122.16366625697191,92.66396794214668],[122.32391107779056,92.47045040940391],[122.2076214171276,91.84903128685355],[122.86110263974416,90.3007317971669],[123.20334941355085,90.13477420047128],[123.74848853766704,90.80135412565151],[124.04840405535572,90.45394778899941],[124.29806614652986,90.50552022863063],[124.47922573506546,89.70603438854936],[124.79161179162277,90.01132171726108],[125.63174759283832,89.54139058758743],[125.21612532685327,90.92160132275659],[125.31250408787496,91.22445541387677],[124.99505912095832,91.87058852311118],[125.02547401536688,92.5827504599117],[126.25237591320251,92.18761946402824],[126.53967000398671,92.57199604787995],[126.25480965285722,93.18869849836733],[126.41749539324402,94.01194533231043],[127.16065862971857,93.96383487210088],[127.19948646654828,94.30795502626363],[126.93174913226474,94.83179253487103],[127.27061323398036,95.04125593833203],[127.34168245299219,95.69596577531757],[126.79601992773652,96.02627636944587],[126.5857084257206,95.8815573924419],[126.38389217007055,96.13913127964014],[126.20077598317131,95.96273543306867],[125.9502241300497,96.18694210812417],[126.28090624419045,96.39798980992363],[126.22745688476418,96.80476849269989],[126.3998799479318,96.91911336249909]]]]}},{"type":"Feature","properties":{"Level":"ADM2","shapeGroup":"FRA","shapeID":"FRA-ADM2-965667B46000247","shapeISO":"FR-67","shapeName":"Bas-Rhin","shapeType":"ADM2"},"geometry":{"type":"MultiPolygon","coordinates":[[[[173.7140990574875,158.37686012753448],[173.8592795823976,158.0956468958455],[173.1501454247056,157.91860196727538],[173.47915259672084,157.69463418869415],[172.36817280222078,155.48489460254288],[172.70628163779702,155.30166560841272],[171.79166679085273,154.5090796564485],[172.4020565147121,154.4659082212011],[173.93545814010008,155.13931763283676],[174.025852349697,154.67798365227458],[175.75557691999404,155.0420039749267],[176.15944114191666,154.4355751835635],[177.08565365855836,154.63083827709207],[176.4031436551324,154.20042772231176],[180.40468984625483,153.81074314807938],[180.05145949030452,152.9782222528197],[181.33814120285933,152.99911524815457],[181.40536786824194,152.72317498059004],[182.86344905093307,152.83651082133696],[185.16287143432794,155.02626861992033],[185.50154421093788,156.7656506130702],[186.1172592057555,157.3329353459971],[185.91214364249345,158.7036410537205],[186.27113554044266,160.62744359986442],[186.7241775499305,161.12972270817107],[186.58563811538744,162.5875884351944],[187.00632954723696,163.75230676126756],[188.57798850926332,165.6252510174548],[188.55774688654873,166.14632748628867],[189.12422739370035,166.31814611571946],[189.26842371204054,166.79768519239],[189.79067204944826,166.97056714481695],[191.2330673104563,170.43844194543004],[191.70560857953572,170.66259415899086],[189.45560096417339,171.1285861838553],[189.10776305709138,171.49491681714744],[188.0098630777698,171.6981204761395],[187.31674131240027,172.29290330312443],[187.09855229329753,171.92802776616713],[186.73058474304244,172.0892460839],[186.4659273114312,171.75187589356185],[185.36198882473514,172.35597637226246],[184.52949484667778,171.87718432619022],[184.50087677363908,172.10825614839095],[183.1965409660313,171.99247975368007],[182.29110069692464,169.5755425985194],[180.72622663726233,170.13748765159704],[178.9879644967399,169.5661926081827],[178.5092855524147,169.790421394579],[178.5749012685009,170.11739243892077],[177.46864625641584,170.16761623364522],[176.98731007330625,170.59764627803366],[175.97027757306142,170.20313578239166],[175.84184277767673,171.3929494896841],[176.2235165224725,171.62281063724635],[175.43814315158812,171.42968088579894],[174.12059273773414,168.35300193173498],[173.63912079581226,168.25469270722974],[173.07131891967083,167.285724223864],[172.93265112222645,167.42990775930343],[172.86102233203812,166.52523260763394],[173.9016185949694,166.45021217390251],[173.86135646136424,166.0906874567127],[174.64330121546527,166.5103840065558],[174.64686786330918,166.25190148463415],[173.8435440524367,165.7915838269004],[173.710198387908,164.92632008590462],[174.2910764788262,165.05452811629476],[173.85237534042244,164.66210339579064],[173.98789134487618,164.413480615327],[175.4738266653984,165.93709250638688],[175.46347850369784,166.36764740356645],[176.47242106284483,166.93456023045144],[177.13608293934107,166.42867040276596],[177.10478886980073,166.64103485773077],[178.053873401273,166.75865493112624],[177.6511806048171,166.4162187408805],[179.01646333332113,165.8803329268133],[177.01719299259906,163.43475001185737],[177.41740222177134,162.88636470491497],[178.36965581477241,163.11462213304316],[177.1555602687899,162.10622912664977],[177.59507225709615,162.15324200731035],[177.04241816428802,161.16317307628006],[175.84576957158066,160.1787527604053],[174.55097329136422,158.89880384617152],[173.04447430560515,158.59229987379754],[172.70318735038134,158.19018643775314],[173.7140990574875,158.37686012753448]]]]}},{"type":"Feature","properties":{"Level":"ADM2","shapeGroup":"FRA","shapeID":"FRA-ADM2-965667B91054687","shapeISO":"FR-15","shapeName":"Cantal","shapeType":"ADM2"},"geometry":{"type":"MultiPolygon","coordinates":[[[[119.7779736623812,98.78270090041372],[119.78219583284634,98.98356635758991],[120.48320230650405,99.15039206541705],[120.52808160342221,99.01592769007553],[121.42542837115404,98.99343491012607],[121.89928634666005,99.44554285977375],[121.8030152182079,99.42177115949455],[121.89511725563622,99.69925048936341],[122.11300855083454,99.7754579922753],[122.1928976384556,100.22582305030684],[122.33528959875339,100.19302475868636],[122.7410093684004,100.60072327762562],[122.97841537649185,100.40893422041225],[123.03386830045547,100.07848240351343],[123.47095132631122,100.17813205359587],[123.76014506209371,99.69398021574753],[123.94027902918629,99.71460730194705],[124.10665739494883,99.10680191033245],[124.31139211089126,98.93487173422669],[124.42439136401836,99.27219676715505],[124.5188876705311,99.27111286899024],[124.57468768582656,99.91056077687492],[124.68986362052344,99.87757763973696],[124.64504399745287,100.17937594837511],[124.7376460615977,100.27134803044447],[125.02525050389214,100.01023770579403],[125.2257245629784,100.1153803427903],[125.22814721847796,100.38419579817578],[125.46388451190367,100.2996643200397],[125.98385768370471,100.51075902880218],[125.89445319387453,100.6060594844051],[126.08371157999366,100.70688201253252],[125.78404707067995,100.75889066451566],[125.89597303023214,100.8567146957452],[125.70224050766222,100.83122892010924],[125.8044518784794,101.22192686731704],[125.63002757488013,101.36533929678501],[126.14160215631435,101.34038962761743],[125.6826461133354,101.48414338239515],[125.6769455955443,102.14110192968919],[125.4940454949591,102.2141138640238],[125.49738693978159,102.69028693276833],[125.14015224904875,102.63317742131069],[125.12437565578912,102.86892338924159],[124.65722471593782,102.86793065194442],[124.87625824771281,103.05926242784444],[124.74941592698275,103.2183542816382],[124.87541809102089,103.21647834938695],[124.85280195936339,103.50374424321343],[124.28976352350973,102.87635627349255],[123.88894199868729,103.1100289043896],[123.72290859242435,103.71332310296131],[123.01972839585328,104.2787791810805],[122.86374686729681,104.0120668538373],[122.60403937862918,104.18068757207374],[122.45008302686134,103.99649050997101],[122.22502575358436,104.45143399060248],[122.2467177359246,104.95613238593353],[121.86726012644263,105.0926697780398],[121.80915734120438,105.53885012785648],[121.7507010301825,105.2177737553745],[121.52176218778877,105.52915774223189],[121.38101640579433,105.41020579214154],[121.41611642187506,105.78325595572977],[121.23158804128008,105.83225161037983],[121.14774871301582,104.85277811944445],[121.34620474473988,104.53463106002137],[121.3652173881696,104.18866278733478],[121.14111223545507,104.15228770624722],[120.52551784993487,104.96503065564411],[120.42535699769819,104.88950893009388],[120.5145566631748,103.90275799557557],[119.57941195693672,103.06776152994416],[119.85290178544457,102.65430269893923],[119.51085150655214,102.4833680581761],[119.48707489643131,102.10363582834836],[119.27088321523897,102.15849904339828],[118.98700949973794,101.96089119621743],[119.27909171644106,101.59105320440365],[119.22165880128158,101.43337500339508],[118.79978654526812,101.4030230909924],[119.09604888793862,100.91394017217883],[118.95268291148913,100.75207146135854],[119.50199922924905,100.19374769147363],[119.3727460186975,99.38154522664536],[119.61228962248538,99.22383845779184],[119.51186197394577,99.1556055556718],[119.7779736623812,98.78270090041372]]]]}},{"type":"Feature","properties":{"Level":"ADM2","shapeGroup":"FRA","shapeID":"FRA-ADM2-965667B96739125","shapeISO":"FR-42","shapeName":"Loire","shapeType":"ADM2"},"geometry":{"type":"MultiPolygon","coordinates":[[[[143.6281062669408,105.87157376491601],[143.2901329628352,106.64329886986872],[142.45724559132438,106.40778547290925],[142.4098555789928,107.6464978168752],[142.89450864751885,108.04790581010468],[142.33090897980765,108.41044996361873],[142.53112827633433,107.86980034107265],[141.82288741186116,108.77201638276108],[140.56739338017383,109.11238925075753],[140.05646591178902,110.14618074674462],[139.15184296451412,111.2443473371915],[139.33634488158214,113.12090617326189],[138.85831863109507,113.51478010433257],[139.0308862182228,114.12400472360842],[138.88876861152553,116.71446148440339],[138.6810119177087,116.4865373902418],[138.38155463241102,117.28184922350437],[138.57935112930832,118.23008621401034],[137.67867801065807,119.06060276585742],[137.9142215525851,119.30918156364288],[137.97509225683945,119.04461799628082],[138.17985377709743,119.40294866998964],[138.28849820874683,119.27289985643168],[138.41953996391,119.992707953425],[138.23818495412672,119.78339827701117],[137.88605591312378,120.23280406441202],[138.3534164178957,120.54824070221773],[138.73754846685108,121.74015663575845],[139.2591131813375,122.52161355099658],[139.50293077779753,122.64990406861963],[139.77286002356968,123.28345040510055],[139.462093488393,123.3074284675775],[139.75328007387196,123.5779974942865],[139.40543377817963,123.47813533675217],[139.16207970587024,123.02455224905708],[139.2789626870684,123.00394864873978],[138.7899682433202,122.56341450339056],[138.22762564534958,121.76381207264858],[137.78741469374307,121.61229525381307],[137.8342652222587,122.03408844613],[137.42253659114286,121.70500573519129],[137.14922478216877,121.80722569355578],[136.95750745698422,121.49082166886893],[136.26990995955495,121.26658124236207],[135.81340557663822,121.33640424942168],[134.48026499699012,120.41031856809387],[134.20423772235392,120.69781454527116],[133.32572024015064,120.46217088745225],[133.2953405623742,121.1906105974402],[132.3333502071219,120.56635188716159],[132.36549109832293,120.34279790857187],[132.01700075704377,120.19595289074569],[132.58432272292342,119.45441945778688],[132.39492452381972,119.24349680912977],[132.4086773849383,118.41823967695171],[132.74495158505565,118.21801172916112],[132.5443874354082,117.59304250371392],[132.59032760776694,116.42320034195981],[132.03172934577833,116.07070579366369],[131.79884834609447,116.17934447567593],[131.5949441575458,115.89429325937982],[131.34541767488517,115.9274208474785],[131.21641383224505,115.2611083438696],[131.8204352971012,114.79174835758785],[131.4456479324569,114.45343002639255],[131.34909908097092,112.91090539945523],[131.10461710157216,112.64222569479585],[131.53998815992284,112.17769775346719],[131.37777044967748,111.86062971234357],[131.80707002353174,111.21167947767711],[131.62310617502328,110.31539707328868],[131.89787640229213,109.18403753454008],[132.74169643642276,108.58358050294544],[132.9634078964056,107.76388603795023],[132.63859838551713,106.60031803235992],[132.78416052848036,106.51223574118131],[132.34511750179655,105.56132448446536],[131.18550682810115,104.45417833546917],[131.0304042803752,103.70359716835269],[131.0165784236172,103.41948441900304],[131.58346612540527,104.08972084485809],[131.82050090601976,104.10424881837007],[132.08023098217726,103.43170442713014],[132.474221102319,103.78310173813016],[132.796858123996,103.5869135719287],[132.94921123910234,103.82789371672905],[133.26451186594736,103.78960497858684],[133.51018190316577,104.04918580135663],[133.9102298175084,103.94862788229301],[133.92930098092486,104.35613663018366],[135.00723276203323,104.50632583061595],[135.46046176793857,104.21408518450176],[135.33731206387964,103.88282788194591],[135.9217446600662,104.17152061195424],[136.53978492193954,103.68317048335965],[135.90090683355226,103.43028897561344],[136.41696987900198,103.2784527642417],[135.96189165775826,103.0312247626623],[136.45250809624864,102.81297291890847],[137.30424456620528,103.05887189183788],[137.96717636268977,102.7759365967666],[138.3705090786231,102.76235509950392],[138.44875096809972,102.88188789345315],[138.92198983090117,102.8528793346909],[140.13364287312305,103.11728562280616],[140.10793081904706,103.42724174004347],[140.544964875654,103.48376124134924],[140.46272982064113,103.65444901829699],[143.06733723029188,104.5251031644096],[143.19406484961698,105.42993168926172],[143.6281062669408,105.87157376491601]]]]}},{"type":"Feature","properties":{"Level":"ADM2","shapeGroup":"FRA","shapeID":"FRA-ADM2-965667B41737823","shapeISO":"FR-17","shapeName":"Charente-Maritime","shapeType":"ADM2"},"geometry":{"type":"MultiPolygon","coordinates":[[[[105.32591773556813,105.27861829573921],[105.29326278293854,105.67374212447484],[104.9608105564005,105.98030255972107],[104.34443165801403,105.98630066459704],[104.4051319513629,106.54509968170356],[104.00936845254338,106.56781871501678],[103.82888223032163,106.8341391133312],[103.1945657462353,106.95205779703642],[102.91604197813447,107.21503458925355],[102.35900245601856,106.9952095950097],[101.9691839648351,107.19671258744752],[102.10486850506126,107.71072309895801],[102.4956085044468,107.54053322531867],[102.56593935242783,107.77747915748658],[102.05173949041868,107.8061147699373],[101.59402522653778,108.29256164398207],[102.64786055716381,108.483048616879],[102.35925479008904,108.52067082302344],[102.42561609448568,108.70856940184954],[101.83547648718596,109.10485968860579],[102.37377555580065,109.53691414012268],[102.00314596954692,109.70003576132393],[102.1855654119331,109.76778634582743],[101.22412403717965,110.19743265520376],[101.52309736005829,110.49088295415456],[100.27633732542728,111.50031889088046],[99.68958287152554,111.60556762093496],[99.97870818803473,111.91129776935215],[100.32310883472097,111.83027473227699],[99.78035015492085,112.29396822797167],[99.8098382107395,112.75708409858836],[99.99532580993734,112.75956026071857],[99.26598652674329,113.01445269502582],[99.39161380689731,113.29644646969965],[99.81688841033963,113.12922414473209],[99.85970883634656,113.29443039031582],[100.89901431623079,112.88313229260345],[101.05472540391021,112.99499357323381],[101.59842219678669,112.74657561978898],[101.85297109277423,112.37614280727934],[102.52204435436792,112.24119083446882],[102.44317328462907,112.19333694321097],[102.5879846225064,112.25344639084004],[102.50742760228121,112.70087382215681],[102.71369978349581,112.98984106375079],[102.32880805476398,113.3699101272665],[102.45219499449878,113.44017702768426],[102.25372754445753,113.64354819643364],[102.69877814909793,113.55315871104978],[102.5524242741593,113.99167545074916],[102.24876927998665,114.15952462545168],[101.83021547672791,114.71379162656243],[101.92383591629068,114.80519866644988],[101.63484386835925,114.82332105162051],[101.5357580964085,115.13001976729413],[101.34242364678525,115.11166709821833],[100.66032077749325,115.51374925898097],[100.4006465380718,115.90958243398566],[99.67409935592028,116.05899229411821],[99.42814436759787,116.34015240631354],[99.27068554103137,116.26995922191946],[99.0146265133732,116.6152106214485],[98.84906335930229,116.50131689424096],[98.03707162807184,116.92590060073788],[98.05564769222806,117.07744077456472],[97.3143133648091,117.48151854832012],[96.96433176070178,117.4893785252537],[96.75512705599823,117.67889816001878],[97.08045803688984,117.62547184404544],[96.2893966217599,118.13489130443742],[96.10069913819939,118.13232444583025],[96.15066211199989,118.28716631223848],[95.22223621703401,119.00125064868814],[95.4203717505651,119.09254440737014],[95.18385178762362,119.45628123010451],[94.24095273381548,120.03330092483573],[94.05273736074705,119.85059926100902],[93.6421795740236,120.04284904811095],[93.13261705447701,119.93927413764884],[92.69473860306614,120.11782591889323],[93.11819980557806,120.5571482583926],[92.53576500987128,120.42849846397145],[91.55140144734884,120.53227690403489],[91.02958549625637,120.21489249720003],[90.71337247608206,120.3721204453278],[90.59831183001398,120.19489557810859],[90.70477584174895,119.70225604560848],[89.51403521054682,119.14489702434],[89.0922426148826,118.59735530310482],[90.13990444153394,118.54362988237342],[89.81776091563792,118.36012037687472],[90.38518872607204,118.14729134355828],[90.16035955477409,117.975137204699],[90.66476856205047,117.74743408945363],[90.76826909568457,117.27316957663596],[91.10323988798437,117.18037262163624],[91.09190819952143,116.58438476771238],[90.3253211941419,116.76700772744431],[90.92346801663335,116.18424137640633],[92.05520900899798,116.28740939432677],[91.84409334886782,115.88276804774134],[92.41041485786867,115.70371501130214],[91.83421715667193,115.86198633984955],[91.78999253479925,115.96405662104883],[92.01669474299791,116.23811338955781],[90.54795826935364,116.14648768577837],[90.22031343048441,116.26932202334632],[90.83775313453083,115.97994425127186],[90.41440169611222,115.36758039140729],[90.62830113095086,115.32271745525287],[89.33349376029543,115.11949096927357],[89.84410318104692,114.44667699925687],[91.76088867712673,113.56758797288387],[92.3684495556615,113.44594677376486],[91.72904372877477,113.55107845752342],[91.96262466662404,113.37319076952288],[89.48009982856891,114.53679404421281],[88.15995709904742,114.34401100705188],[88.20785038750557,113.19537906059182],[88.4526067695948,113.12344288480062],[88.87234257258433,113.17070987993617],[88.3832723949301,113.16733184152179],[88.24020030179327,113.37848917588923],[88.46924236584746,113.40688549579014],[91.22084301996,112.47108809479629],[92.45123171989306,111.62025276881229],[94.04056343428688,110.86157053827381],[95.30391539037737,109.55192698357179],[95.70619436040448,108.50074501914733],[97.52173160363493,108.1955619675119],[97.72146934921346,108.55322874630602],[97.82823180110125,107.71038729420148],[99.1667097206375,107.46624835679123],[99.96813254732908,106.9580605368429],[99.7395209237234,106.6343066921237],[100.00715715881043,106.5837692515943],[99.66093064476532,105.99555386142941],[100.04543588227855,104.91139915822592],[100.42018986916801,105.29158601196966],[101.07745393857164,105.00610283544263],[101.12770857823648,104.71335010287143],[101.25373702319948,104.88500253218439],[101.74062253562595,104.69863968969048],[101.90412270204564,104.21026586346703],[103.42141138108738,103.50522842729316],[104.41344658880695,104.16507809628001],[104.54789893275728,103.8085413588135],[104.78576389723473,103.91954291690107],[104.94587024382876,104.57764983776116],[105.32979896853472,104.81146270295098],[105.14014098721451,104.90544694031965],[105.32591773556813,105.27861829573921]]],[[[86.44702595421995,117.6318236242922],[86.5685977381523,116.5155641058401],[87.98567079241818,115.5166605654621],[88.32013891307108,114.55656375231163],[88.9168596694423,114.84520883365556],[88.74592560657437,115.03735207064194],[89.12369473074355,115.49102377054021],[88.5658066040842,115.97439312321765],[88.62305087297796,116.6852218909381],[87.54920325297189,116.93373895270167],[87.03297271457328,117.46506489799265],[86.44702595421995,117.6318236242922]]],[[[89.48130470035093,116.9096979076713],[89.84294614180811,116.96957752522562],[89.57619070513007,117.04587197189517],[89.48130470035093,116.9096979076713]]],[[[84.90508795765084,120.1667241382386],[85.2004946053195,119.62190257442589],[85.57810357887806,119.46751409785685],[86.08395772606275,119.53451123185923],[88.04157151448617,118.60054509137461],[88.83029620729612,118.74319294658773],[88.53761725689124,118.74742079140253],[88.37027883086898,119.08395381253499],[87.46685770567638,119.43071274351252],[86.61358050108214,119.51019121308732],[86.51548324104263,119.65153576688084],[86.89243484456114,119.76009843547847],[86.17259063822763,119.83546644628828],[85.89436186774728,119.54768835062973],[85.52811010219907,119.6696043646146],[85.51743207513367,119.98196074818753],[86.06128730082973,119.89846301710206],[85.75287544735043,120.23578204945423],[84.90508795765084,120.1667241382386]]]]}},{"type":"Feature","properties":{"Level":"ADM2","shapeGroup":"FRA","shapeID":"FRA-ADM2-965667B42437864","shapeISO":"FR-92","shapeName":"Hauts-de-Seine","shapeType":"ADM2"},"geometry":{"type":"MultiPolygon","coordinates":[[[[123.0440732739012,146.62157090981796],[123.47357106771113,155.15364883052368],[118.89711228746215,157.5800467379449],[116.6348929739341,158.9508046646713],[112.45025143318233,161.1721744688604],[110.08534887805472,162.12977694526288],[111.02564870026161,164.5707475037131],[113.04264475085392,169.12591846022178],[114.94727079376938,172.3512661323244],[116.47369731292363,173.73714998449657],[120.50900606656532,176.58801178805174],[123.14544822733686,181.71564951631598],[121.84289996843833,181.9028792241324],[118.17577830203379,181.8757958579978],[117.30195771375367,181.43538862791743],[115.16248939265758,179.90444185321437],[114.59968923787397,179.27881379689907],[113.87001235924649,178.7653868277623],[111.30038258430469,176.28119657706586],[109.72601090453786,173.9586280166442],[107.81259404333761,170.8305374449209],[106.5842760616921,167.88078555800445],[105.60373966525596,163.60026193550038],[105.38626937334121,161.1407790039341],[106.46135618360891,157.08641661886287],[107.59627764671485,153.9323130088579],[112.27012169506474,150.1040691978298],[113.75705241037076,149.22324137040917],[116.46936088746634,148.24820095573745],[117.80970098105333,147.95811377066542],[118.99284622933796,146.82035884561273],[119.82632025484807,145.71631212110404],[121.60456915404194,146.15745731941036],[121.97132468378547,145.2529604810581],[123.0440732739012,146.62157090981796]]]]}},{"type":"Feature","properties":{"Level":"ADM2","shapeGroup":"FRA","shapeID":"FRA-ADM2-965667B45398878","shapeISO":"FR-2A","shapeName":"South Corsica","shapeType":"ADM2"},"geometry":{"type":"MultiPolygon","coordinates":[[[[209.93414243685223,49.86271707315122],[210.05765115688772,49.770956586733256],[210.14236342918468,49.835871284713974],[209.93414243685223,49.86271707315122]]],[[[204.49582842785446,61.10156477636246],[204.4875934598343,60.97783167237294],[204.26328762808237,61.110682892387345],[204.34503177355302,60.6344875621033],[204.8694517765445,60.73497599467077],[204.9526745698312,60.57352849000236],[204.72760030887224,60.42836024096846],[205.19032603711435,60.28126408642492],[205.43958903462917,59.93155423836308],[204.21192347966144,59.65340790734183],[204.48976934286955,59.545842641568264],[204.5378767650314,59.09080149235605],[204.33214862487316,59.01985459033048],[204.600282423125,58.977194362770646],[204.30112336407706,58.77010003638286],[204.6041008160641,58.73314658120415],[204.48439318953504,58.59490959053778],[204.73812467613303,58.641439181888884],[205.09473905591258,58.29882396823504],[205.32301330364837,58.43383036534489],[205.5407432074798,57.909291403476495],[205.68315818215098,57.92059827134987],[205.71288914018604,57.67407559963234],[205.07297087148908,57.36194974314118],[205.12413673669118,57.002204686708325],[204.49148387505835,56.75929613113571],[204.7280151575939,56.53481254245228],[204.61442443167135,56.017684678145855],[205.78936450010616,56.3831800722847],[205.78414895683824,56.5533065040807],[206.1428633327569,56.50112179542363],[206.30412465462666,56.16205851092513],[206.14311985284218,56.06754665903546],[206.2390261770817,55.7332885913869],[205.92899999761732,55.60557817998236],[206.21833358610226,55.531199362484614],[206.13827794519733,55.2955815503222],[205.58757530424367,55.06413557568598],[205.81190215412562,54.91959816711936],[205.38203749802446,54.502919127479295],[205.15994370136698,54.5072148854879],[205.17311422711782,54.38958434718365],[205.60004442720648,54.407815744302646],[205.59967092124572,54.256352492973576],[206.19715668831049,54.5495360026794],[206.26510059279565,54.10269026913126],[206.4408779034544,54.29695707777096],[207.14399733659144,54.0573047174491],[206.94276822602134,53.918440156557224],[206.86851189760134,53.62916165994932],[206.54535541805203,53.38823234737481],[206.43541745892344,53.511120401585316],[206.22135947320908,52.86420509359307],[206.44622560756034,52.71784080051118],[206.2757233681846,52.56115054369792],[206.50692950522287,52.39179258263823],[206.82119872489642,52.45592859662999],[206.71893975081227,52.07900493911467],[207.103386628958,52.1473797052018],[207.05168901288548,51.98385393522982],[207.25594105081865,52.061149596527464],[207.31969429308788,51.82258528828831],[207.57378417629533,51.89748464909201],[207.73778920830176,51.6431596456203],[207.80157369996007,51.8282677420123],[208.02132657586043,51.50138060625931],[208.07311749202313,51.65242521567268],[208.1252764568075,51.44720598314587],[208.3466732849788,51.76639534874036],[208.3340022397246,51.28165225985618],[208.7338175374412,51.18791176474027],[208.59807116448275,50.544091755894186],[209.19876492158778,50.31623386295228],[209.08028672737981,50.264545940766624],[209.35781979582694,49.910181307419975],[209.68439788714858,49.87127667783538],[209.87766663817013,50.74031738126497],[209.64763696408005,50.47507397437315],[209.50679696892053,50.61434068829418],[209.63481846342708,50.652830703360706],[209.52373203817118,51.00882649935996],[209.83404451157574,51.235760140708415],[209.76997711536018,51.69224731281814],[209.63478637241838,51.747830344372296],[209.5860151710044,52.05683741825679],[210.00720367916725,52.50285231954096],[210.03255327881357,52.90412344167862],[209.67961118895226,53.03767575323652],[209.56486910843307,52.81735729820224],[209.43842423787683,52.98385194197698],[209.60495806132036,53.31815499264951],[209.64329113072336,53.17927695387557],[209.9009493677131,53.13329416358325],[209.81057413037007,53.3053446183295],[210.05952839801898,53.44019256488479],[209.89050570943465,53.85189532279656],[210.05865287263657,53.98768718241578],[209.7063851992557,55.98261262230726],[209.5555083857522,56.055671214345345],[209.20664638206546,55.65246207557225],[209.1494820517493,55.78264817771827],[208.76460343666412,55.80271009191155],[208.75147068620652,56.4790824112075],[208.53390051452834,56.55572066767273],[208.61607892768058,56.723173293431714],[208.4741163397584,57.69612704006254],[208.14198936298885,57.63207333446003],[207.95349612029793,57.9095980578818],[207.94850628638127,58.25429428912388],[207.6008582740725,58.632404041371444],[207.3929463762804,59.37079292164276],[207.27451311246443,59.32649824205186],[206.68908521561914,59.78222111957829],[206.43663816505244,60.2049004958134],[206.42847493599615,60.48424040747345],[206.23205457793156,60.34932754205701],[204.49582842785446,61.10156477636246]]]]}}]}
