{"type":"FeatureCollection","bbox":[42.962375823153124,34.725063817434,210.5676926222627,93.81316829513494],"crs":{"type":"name","properties":{"name":"EPSG:cartesian"}},"properties":{"note":"Created using cartogram-cpp / go-cart.io with custom projection, not in EPSG:4326"},"features":[{"type":"Feature","properties":{"Level":"ADM1","shapeGroup":"MYS","shapeID":"MYS-ADM1-15666254B25950550","shapeISO":"MY-10","shapeName":"Selangor","shapeType":"ADM1"},"geometry":{"type":"MultiPolygon","coordinates":[[[[54.511302558657235,46.85499743943243],[54.609376402682145,46.91807748083081],[54.57234875652976,47.194577726796176],[54.323980688320816,47.842613991953854],[54.17590975888507,48.173388257264925],[54.12656278455116,48.20944986044249],[53.871144722747744,47.90366947757439],[53.804098338116056,47.658312758748124],[53.915230748542804,47.44915585012903],[53.921141118519245,47.48824234861482],[53.93200627826995,47.46829028760331],[53.95104172831368,47.33298798101571],[54.000709505455326,47.2394339168091],[54.05015190840372,47.17278238215668],[54.11261308328855,47.14056605457605],[54.089106442437135,47.133291393350554],[54.18885967983721,46.935420115070585],[54.21305888277604,46.80999341282814],[54.25651104897667,46.75541805388287],[54.511302558657235,46.85499743943243]]],[[[55.085905929643154,48.664067486948454],[54.992546014481256,48.70037821366807],[54.87264784202127,48.570650991948696],[54.77316864642058,48.5214482373369],[54.66798893485121,48.33846807270178],[54.66138662998664,48.110037413631716],[54.4462486999464,47.818225696458214],[54.549492842902424,47.45770881689629],[54.70383984954895,47.107340981144134],[54.74688134696278,47.08527756703975],[54.8686187941749,47.09022029313557],[54.918691067182216,47.162532727087566],[55.018581557067435,47.90605418795378],[55.085905929643154,48.664067486948454]]],[[[55.14772480682583,46.726311661846204],[55.069924551282426,46.654722460894],[55.09340260846547,46.62326241008992],[55.36588171152276,46.418854839763355],[55.38118757597601,46.48967955640586],[55.448306512324294,46.48387812221805],[55.55847474203318,46.676334415787906],[55.574724165754006,46.6627920650541],[55.667809716276395,46.992882112034145],[55.813276321407656,47.113690970917645],[56.039006688814794,47.0291162634274],[56.39950994299672,46.716434724114514],[56.537525172325545,46.753195650322276],[56.55097357583881,46.79933925579307],[56.49525848786946,46.890365424448156],[56.19344419668764,47.13490257216234],[56.089941353414616,47.2643877970733],[56.07079962538887,47.44120402804822],[56.110928150300616,47.50885264753692],[56.3267060769886,47.60319777235289],[56.42442459681742,47.954048766001456],[56.46091658719401,48.46064388795944],[56.5533720147485,48.81868593128884],[56.650931697574734,49.01643411628404],[56.85259118307323,49.189527803740255],[56.88138962939811,49.32831875373022],[56.840229335337625,49.35847424201216],[56.51346870199877,49.28939179321176],[56.0743197078396,49.301200605452536],[55.77070664790589,49.04783505165272],[55.59828022752558,48.80425243636607],[55.51242478695245,48.74271993084152],[55.34399595799666,48.43765042544461],[55.26162451301942,48.12951839004079],[55.23534613386999,48.156414583580194],[55.12476551308854,47.333619765372994],[55.146919081524395,47.32509194533771],[55.187753075441115,47.03597056561351],[55.14772480682583,46.726311661846204]]],[[[53.87333710333701,48.870049899612525],[54.04542691133928,49.12999656600017],[54.00887033754803,49.306355091797315],[53.91861687587197,49.47992797299698],[53.63854878404642,49.3909315874868],[53.28396162931394,49.08292678909982],[53.25958093573962,49.00483550721948],[53.28937289084825,48.88453148702779],[53.261575688314345,48.81914734362612],[53.27204261670818,48.72443888992558],[53.30706421384639,48.67562857923744],[53.28667999542212,48.66834771050707],[53.318230344002615,48.62595186133932],[53.28283634178662,48.466225904899815],[53.29539330705322,48.39807272275702],[53.20244482922339,47.87461253387205],[53.21915212244119,47.78804539828557],[53.259713219783826,47.72218462216007],[53.30477441816797,47.71244600519294],[53.455242339847054,47.80674844808536],[53.734970119434266,48.639737682465565],[53.87333710333701,48.870049899612525]]],[[[53.70980704712693,49.509318352584316],[53.79471498020138,49.52908852477019],[53.81824030918978,49.58337613468182],[53.78930455811975,49.61329996406061],[53.82807463406047,49.58097612892857],[53.80534650152249,49.528762395943176],[53.85220835502432,49.61911599092248],[53.836146524142286,49.54324495641348],[53.86770029928887,49.559296949708944],[53.8817508510533,49.63525511189209],[53.883791601328866,49.56342444199459],[54.000816313094035,49.782685375408356],[54.12661115203463,49.89629440037063],[54.240230999529814,50.17045189713076],[54.25184198866741,50.23004431954375],[54.21382884559296,50.286936157410295],[54.01079851912813,50.459492685533014],[53.96520904153491,50.5506998949996],[53.7879256668986,50.535135516654364],[53.53675326911895,50.3695875527361],[53.42116520372379,50.248707951335106],[53.34589498779527,50.08783230668934],[53.31616226769942,50.07771705761611],[53.24052820419605,49.85407297036928],[53.20125569386167,49.823515268935],[53.028115871891,49.391901077279776],[53.00781525260813,49.116635648092135],[53.03382601742922,49.117420040969826],[53.08068881674218,49.06112913985969],[53.1550037580072,49.0757876003955],[53.576618238909056,49.43394441424103],[53.70980704712693,49.509318352584316]]],[[[54.34957861645785,49.066184767652835],[54.24220366632263,48.57043324734316],[54.32240377033371,48.04719981464374],[54.36642218581326,47.93335394654647],[54.40635965108826,47.90440717836126],[54.515915179743445,47.96979011928819],[54.651970793273186,48.123795399858984],[54.658553898714395,48.356593268051334],[54.75308313447777,48.52949048973348],[55.14184606059093,48.896064967504735],[55.199575653270806,48.86193870608703],[55.24556602087917,48.88027314991028],[55.36574017345487,49.03787046884195],[55.35100644071882,49.08605590489956],[55.47769570377223,49.14980242137167],[55.601715405439776,49.290761076192396],[55.55757099491216,49.56489687470766],[55.594007850218354,49.62313566885904],[55.49388400724789,49.82890235868881],[55.533703212771925,49.85223407430705],[55.37710304616007,50.296345122123185],[55.418707804819334,50.81737288311467],[55.32831514399079,51.06327220415743],[55.0169455635442,51.10646781446848],[54.84120269625537,51.005485584561704],[54.67660892773086,50.86474380323779],[54.65708057983257,50.76510351019319],[54.62958204113623,50.758258106645684],[54.62834377002712,50.444433979735905],[54.54847452112746,50.33372803138187],[54.42257691100154,49.387797703663594],[54.34957861645785,49.066184767652835]]],[[[56.71363772189591,66.2956044995907],[54.85991542756223,65.65987784035813],[54.000532006343946,65.34710265733696],[53.548248073220044,65.14588168588008],[53.10896996056078,64.957624007837],[53.021338970707276,64.87532986656461],[52.757308107936545,64.77008091615042],[51.819079514382906,63.9647748574938],[51.625572881137614,63.69345594702968],[51.71850139244373,63.66252190983343],[51.802262213104214,63.69375601551489],[52.151837572711095,63.88972037363756],[52.2866823879361,63.9475572462945],[52.518847636527205,64.02997463564131],[52.77667898545263,64.09681251400906],[52.80325752527436,64.0666404483284],[53.084405156651904,64.05762632928776],[53.188794060191306,63.84484200259726],[53.1260850465398,63.6832297189559],[53.16748508341397,63.67901704965858],[52.974948623711455,63.431638466941266],[52.96303287305784,63.39208113458933],[53.01055715114232,63.405134240114165],[52.928065560054925,63.302489034854275],[52.98571284486306,63.34446928669976],[52.99127945853455,63.30215157460098],[52.85602986172889,63.153656560827386],[52.83050099261304,63.100440372566595],[52.91005745389221,63.12190346049286],[53.08807935350143,63.21860372977626],[53.426288237384746,63.34350115466412],[53.7315970442949,63.50694132015266],[53.692864589882085,63.41305247684323],[53.98008936205619,63.47997447406521],[54.317218956416966,63.4456308552678],[54.392254310891694,63.49653953842913],[54.29711086680607,63.42378710231942],[54.384209222854224,63.39804936486535],[54.46654037903208,63.424615744876434],[54.432561928937574,63.29797965505209],[54.528594282736165,63.30645628109629],[54.45676575208023,63.213158671674705],[54.41733443104029,62.93075039391205],[54.43203610263974,62.88986009869649],[54.48146998811714,62.92701907509502],[54.44296490491887,62.88814719296904],[54.47258644700726,62.854616224494016],[54.37329626374881,62.72111397227044],[54.19122025856687,62.326995079576015],[54.219477925489755,62.26820540200855],[54.13099770502514,62.12756706537765],[53.93796574150676,61.61266247911308],[53.94015582064045,61.54454404041192],[53.75037969739611,61.045730890006354],[53.76567366086309,60.958222999260784],[53.696247590912876,60.775799552106996],[53.68804348953654,60.59949739709347],[53.740128799976716,60.27800864133717],[53.721449149119856,60.09434149935814],[53.82125991539678,60.13202346035763],[53.84916444219284,60.11565189343911],[53.86048266967162,60.09998293056372],[53.816679069257425,60.032670858285776],[53.908286859014154,59.8622277730224],[53.9374645660322,59.59386166002211],[53.90247655231544,59.348735743548566],[54.009466683315864,59.318227404988335],[54.09169825859198,59.359395733402174],[54.10550784414811,59.28612548027412],[53.9908097211369,58.822002939553],[53.94206917630344,58.270416242272276],[54.01336120066935,58.12239663759408],[54.042363000400506,58.12286942309971],[54.01981498009208,58.14537109129239],[54.07085732985896,58.20527591799932],[54.26975944746792,58.268967534048826],[54.58043724827874,58.14001867077292],[54.72729707292297,57.73195878937406],[54.85675257201559,57.65100587982672],[55.00165586672667,57.34127142971639],[55.12463197462716,56.99701077073993],[55.183859677727355,56.43306446309406],[55.27024152391529,56.404559991655056],[55.19331456024427,56.196593822859256],[55.054213630139344,56.01443918709555],[55.06818047486975,55.548535043767814],[54.77970035089131,54.129255319683054],[54.77261811638498,54.037135716486105],[54.80024250168228,54.03762643440346],[54.769582697775746,53.99599720097643],[54.77387344441879,53.95748117051888],[54.7424269126271,53.96644208553403],[54.75544292541882,53.90935424908908],[54.73950387282659,53.684312368817814],[54.83744035010786,52.957913905024895],[54.900851986198944,52.72188620368713],[54.866416175163394,52.6371808619961],[54.94984987296566,52.4273154362319],[54.976974438531144,52.24601623033584],[55.002250102389716,52.21436832560697],[55.13226424287188,52.25617265189026],[55.233335234563995,52.22749510809194],[55.24045302719835,52.16357483716578],[55.42349569821168,52.026883896470515],[55.88659295101164,51.48623511489949],[55.968036219937304,51.44009542740017],[56.01244979879831,51.19386616820141],[55.993683256529565,50.9687983216899],[55.92730216053805,50.79408817235966],[55.93126138430083,50.63252811075623],[55.88916824274264,50.62072703966581],[56.00950411506083,49.833759140804304],[56.00962635321932,49.93937889587252],[56.26453354361764,49.49029579517211],[56.7660470954313,49.613396501242015],[56.86789604881648,49.556196203402315],[56.92223922210326,49.462300744215476],[56.97744659629365,49.1899682463626],[56.92982564524734,48.98528349280913],[56.71074208361065,48.66686626954814],[56.60341047027453,48.40690206626339],[56.59393554856746,47.842138054712855],[56.562209828447564,47.490036718411716],[56.154473800518694,47.33799766029705],[56.17496940970808,47.29312740902101],[56.484714885668964,47.06990099996783],[56.566755651494546,46.96992512749137],[56.62106989861263,46.818875342643835],[56.60847836779951,46.7279254715675],[56.524871919026644,46.6475749158929],[56.39567508037745,46.64619669476941],[55.85985400826422,47.0173471059222],[55.83065544975512,47.020678708504626],[55.672728045396376,46.53217964002866],[55.55914697211764,46.4045347369976],[55.547114035823945,46.34706701997233],[55.46999983806204,46.30775406588588],[55.45713115093382,46.25469608084006],[55.470020340450816,46.141949037965304],[55.574042186806444,45.916031060823755],[55.56207720066215,45.884210255252114],[55.81948026194245,45.40648744615738],[56.18242473872915,45.30635117901954],[56.43319363218745,45.27004921060196],[56.41634483480475,45.299990628066965],[56.452152294230096,45.29079639425388],[56.94694726985666,45.115387762549034],[57.03527343731596,45.05146155017775],[57.08969394061754,45.05065011439924],[57.12432523084234,45.094690614020514],[57.17981754758147,45.02689295458978],[57.36460289863447,44.96307858453674],[57.59361717578857,44.95785591445758],[57.99467192259281,44.87752950945787],[58.55483055650854,44.86301352199554],[58.629118708575085,44.81312147001306],[58.497913760601215,44.7668771750206],[58.627615533535064,44.61249677318487],[59.02319209748422,44.36927846960531],[59.1419515421221,44.25635380021832],[59.18485653285528,44.26223719036655],[59.39126867124312,44.01678221965782],[59.593280968913696,43.85115367297003],[60.436583883072245,42.92724380533252],[60.94550957100317,42.69234632147584],[61.43240680066759,42.646881384144216],[61.596926576584,42.58567341986668],[61.76511335701325,42.56868426714187],[61.80185890424399,42.58197186356592],[62.504602100952205,42.442692283543195],[62.712574224607096,42.44126809191569],[62.7183936521703,42.42277781081097],[62.715558104929784,42.4411845658437],[62.878308637061885,42.406091387770665],[62.895859166041525,42.43332304908082],[63.0320063845256,42.41776450884758],[63.08219062856547,42.43182580097851],[63.39121148229147,42.36147946241721],[63.64716851469474,42.29358328712187],[63.79617011855662,42.31324027407588],[63.80510300061588,42.2948192404788],[64.18298179152977,42.381745972554626],[65.11481739101657,42.39656308186636],[65.31101574410592,42.42142665111429],[65.51350282072036,42.44355963062738],[65.50771130505487,42.418781751399074],[65.54161016859689,42.443763222083106],[65.56673960171888,42.358218688270675],[65.54888750698258,42.32948657290747],[65.67616881095701,42.32662584367176],[65.9125571273469,42.50363044966082],[65.90850439548004,42.54610863317988],[65.78465451741188,42.53090267908273],[65.7652266416251,42.54691831340807],[65.76530620690137,42.56133379741742],[65.78151140939924,42.6157832948179],[65.80715509400278,42.66604960878107],[65.94094602363911,42.86516748643663],[66.02569533953216,42.95622263116641],[66.09569526142857,42.9799983098432],[66.11290074451239,42.97364626831599],[66.15353964301858,42.966291005870985],[66.19994443907612,43.0246317072129],[66.21077462110185,43.16317633692972],[66.14385819581975,43.20950432816569],[66.2792996972999,43.38885723883111],[66.36866403691032,43.47772825096173],[66.69563695228769,43.671351472468444],[66.78326903029397,43.726341472800975],[66.86826631573699,43.8635527876845],[66.7741957165708,43.86364024846313],[66.8046824853126,43.925934314034265],[67.05281712281548,44.107085129756655],[67.11591620337295,44.15943519652321],[67.17960410507466,44.19471974225357],[67.24246430792144,44.27513361199719],[67.23984826660849,44.29915120665136],[67.3029356603735,44.372792377912766],[67.3520327397753,44.411432739531506],[67.36909124197366,44.437804050131675],[67.3433854934757,44.42594070777607],[67.39705755904092,44.490653773227535],[67.6093505022972,44.58622404920958],[67.72919483371636,44.653398818332064],[71.12304315286791,47.65635450158816],[71.78875199637822,48.70418224821012],[74.6267975746277,50.464387355339106],[79.39449088831137,53.877677679939566],[81.54205590402935,56.56871090242748],[82.00017282460905,57.53033710684319],[82.02147660226834,57.67733725725676],[82.16773615971672,57.788363419239985],[82.22265298715598,58.10455275200448],[82.31838032531759,58.30785602830687],[82.41224083349536,58.42449076858618],[82.60006715733444,58.640756776592745],[82.66051999473783,58.738879113191835],[82.6754963314493,58.801950963853805],[82.65755283801624,58.902952776071366],[82.67942716419836,58.965452971062255],[82.66014825663606,59.01389725574805],[82.71906180476643,59.18799970310896],[82.6542953777865,59.30333614192802],[82.67722783719333,59.441346782374815],[82.7224664642734,59.97289079854382],[82.74703410615999,60.0296685233368],[82.82363057592298,60.075668634571976],[83.03665884453858,60.22633475896923],[83.1697757915766,60.34662948401494],[83.20307772768172,60.45412297730029],[83.1474456710894,60.51031984456144],[83.1211236195868,60.515227641533976],[83.13617503162672,60.53600288679265],[83.06170492808008,60.540820505171155],[83.07579000516415,60.58863378993749],[83.04615495623474,60.60631054556214],[83.11290206289728,60.746534940398845],[83.06002630330042,60.82672778890741],[83.2354815475213,60.93286242538841],[83.2813245240896,61.145686213437386],[83.3627432434132,61.18769564038842],[83.36239987023816,61.24409988325698],[83.40081119486821,61.30789011097896],[83.34434033141056,61.63910643232564],[83.26365288645503,61.68438139285056],[83.22001548408525,61.74623931308035],[83.29916134843049,61.807121778011876],[83.26382054656528,61.84710925439055],[83.21050678194239,61.8550539209195],[83.21535282823233,61.900226346746564],[83.18653146507336,61.92492966547723],[82.95069708658806,61.92081059508247],[82.91199617689608,61.92841492691748],[82.91009671537859,61.967913984694974],[82.8798705442298,61.989187623346595],[82.82529119573286,61.99721820062307],[82.78677039969563,62.024374624738506],[82.66219904430027,62.02826509076133],[82.57333918768092,61.97617133062376],[82.4765855372938,61.99054736317737],[82.31278670761904,62.151321440483116],[82.11674589696645,62.15448165990053],[81.87578796085722,62.250607266354024],[81.7978645013456,62.38855435021437],[81.62940051427148,62.42296716630203],[81.31756784042746,62.57668326095859],[81.04480519296386,62.81670849580388],[80.85060743693995,63.11499195722908],[80.71159580863403,63.2473198806735],[80.3807198941264,63.34672008307587],[80.21370425871869,63.44893135961237],[80.3086250347245,63.62783213387111],[80.31334821006291,63.6820935223396],[80.0833393356845,63.79184703336233],[79.58308787085045,64.10637382908286],[79.72840859654207,64.16141504845386],[79.85001755044667,64.14805973662166],[79.99333322317482,64.18036846765432],[80.05292667403315,64.33031014824581],[80.45330582678515,64.2735912229556],[80.56172861463295,64.30636846594363],[80.62744005102775,64.28840709157983],[80.75131708138838,64.31736360626647],[80.92943285763361,64.32227173769142],[81.03687806262559,64.34944398131069],[80.89381943919884,64.47067082723103],[80.92276004174235,64.5203879166486],[80.89596582235788,64.53481890403957],[80.90870552959305,64.578641020555],[80.86379787260809,64.62890604831792],[80.83077685780924,64.69757491175223],[80.86226821611308,64.78813638736301],[80.84304095970973,64.84327818343733],[80.6788524603941,65.04307364329273],[80.68953421685592,65.07690513117664],[80.67107764357823,65.17574387659938],[80.62248576950776,65.2460389481796],[80.66530439535356,65.26686777049028],[80.68695976053698,65.34716329271303],[80.798404271806,65.35651735773678],[80.88747759772998,65.33824909357742],[80.97038181669186,65.36759671650974],[81.09863886058399,65.37467858759175],[81.1474708318838,65.42367003239949],[81.33896336915657,65.43323038401017],[81.35944388136176,65.41434410118976],[81.47399758609717,65.38456727014783],[81.57843499544674,65.33688825080678],[81.6479107668411,65.34072875931092],[81.71864544978715,65.30271275022662],[81.78271949107697,65.37956960231855],[81.83734487670313,65.38185572747658],[81.82468343252665,65.4161267656341],[81.86292557619409,65.4143913547739],[81.82727294529937,65.47416853813228],[81.86098580657324,65.48066577203201],[81.86385170573101,65.53631795919537],[81.92597020599567,65.52290243273701],[81.96871317373862,65.56254171112423],[82.00576196138626,65.55621858307958],[82.03113568958977,65.61175253508135],[82.02127058103235,65.62960100078013],[81.95514089957376,65.65735011277128],[81.928972241187,65.68751033731012],[81.94934476516762,65.70783149158646],[81.91885107814564,65.73831038431274],[81.80670746558513,65.78329897970298],[81.74832352696797,65.8829745705671],[81.73552625415695,65.91631182652412],[81.62992633387749,65.9681354190456],[81.57600394592195,66.00755490714386],[81.51980524012642,66.06765870610229],[81.54409389334704,66.06862122821937],[81.54047773410784,66.09118521845959],[81.50919189264617,66.12908717456082],[81.52840803634528,66.14423871483713],[81.50900586749884,66.16893996641161],[81.46892427316772,66.19051303427567],[81.3222161967247,66.35331557001791],[81.36651295226906,66.363177378044],[81.31705205301833,66.4271796017409],[81.32300633544956,66.44579487838152],[81.31354355057617,66.45686897149922],[81.28351190303565,66.46644687113228],[81.25714968517566,66.48967425209415],[81.21321364947961,66.51705122703179],[81.20474584799183,66.53460297879589],[81.13183103767787,66.60423580084003],[81.10977568214537,66.6152753346774],[81.112149957307,66.62226316490995],[81.05188207714824,66.6799051920492],[80.97408153208346,66.70895840541687],[80.94477641955586,66.77628080813523],[80.99914334770165,66.78717788569594],[80.90924085425833,66.84328456656668],[80.86356809570898,66.85452694863534],[80.81884492891734,66.88595806800848],[80.61471708095056,66.93326384709317],[80.52264767181259,66.97264850384697],[80.52483176218281,66.98328402358831],[80.44916430990033,67.02872909403663],[80.26380649572154,67.08764702016462],[80.14721360339686,67.1434352459036],[80.02242066218118,67.17585810178079],[79.82495657742999,67.25740100977977],[79.77864719693707,67.34016098296581],[79.38176621644367,67.46842150458045],[79.26936130545727,67.55652598389466],[78.99434145297795,67.6604677842717],[78.93593983083186,67.72996113415911],[78.8308565719889,67.77927280324178],[78.63751518114992,67.94770808695142],[78.47520633189666,68.13464146062888],[78.3946532359244,68.15977465728507],[78.41480902633853,68.17684992673233],[78.00207686269859,68.33902148476847],[77.67331490602339,68.44052548358582],[77.12740156127818,68.63027382282586],[76.80543673147551,68.61342379216397],[76.78490156799363,68.57744602182737],[76.83050809767772,68.50463151030348],[76.70109398008401,68.46216846497047],[76.5917249241488,68.47992461291138],[76.53348544848055,68.47577645681622],[76.35818049178297,68.54005355118635],[76.18626267675273,68.56506281876734],[76.04841410210088,68.56932221195473],[75.84815594586907,68.62350302396958],[75.64215128116875,68.66590736881665],[75.56225993522038,68.66272970726959],[75.37546213480542,68.72668516500326],[75.11155703243867,68.77714536786824],[75.1017153878692,68.7945281001472],[74.96670252326817,68.80414540941467],[74.945292687408,68.79066521980688],[74.82180844360994,68.80033545675154],[74.73271897087835,68.81772330678575],[74.5354028891231,68.81846024683387],[74.31633029897077,68.85327696849984],[74.10045519176636,68.86744007459119],[73.77703122560136,68.92614586348608],[73.32782667440608,68.96708079095445],[73.26064310504744,69.04678535136067],[73.06870187997235,69.11728837600012],[72.94960705687816,69.13928334982809],[72.8871676135585,69.19320521760896],[72.76186987097557,69.21086641350935],[72.72381938561647,69.2218512663922],[72.49018682903179,69.2449147887098],[72.50350316709589,69.25336271387386],[72.33123001872964,69.2944384557214],[72.20484866927532,69.31079700235195],[72.20192445782538,69.33794016710607],[72.18347326531308,69.37184221273534],[72.25369328719302,69.38687991256757],[72.0935812434581,69.43715237809326],[72.00368776024897,69.44575584713691],[71.88927696829683,69.4567026668301],[71.82460555894832,69.44978531764902],[71.68677451009124,69.4794932720639],[71.74188606507214,69.48896388347578],[71.66687844381877,69.51320450788842],[71.71018709181266,69.52322090468587],[71.77699250784107,69.51920385937449],[71.73004100555043,69.53751919340237],[71.76969995782343,69.544112861646],[71.71219610493439,69.54797603311331],[71.77889677553351,69.54876962806696],[71.7434242399741,69.57778468397835],[71.81695877304811,69.58957207174137],[71.72499121382583,69.6301684332412],[71.76934050261164,69.63961541186414],[71.61771833740879,69.6546278235908],[71.73773158068576,69.68821494899997],[71.67177041780874,69.69597726546272],[71.70890464376473,69.69913469470555],[71.6667733039537,69.71728566550519],[71.7436170655453,69.7242108100663],[71.73645750322808,69.74102367900564],[71.63006342704415,69.74078157353932],[71.55047841498053,69.76867249943655],[71.3787646578306,69.7724839936842],[71.29386277703205,69.78268319477205],[71.20129932768806,69.78611797234996],[71.18578465821193,69.79714102690107],[71.0041756316171,69.79343897118935],[71.06679160296531,69.79946188690238],[70.97145201584266,69.80135844288122],[70.97874959607209,69.80972135721069],[70.89641927334432,69.81709963582475],[70.99341079197474,69.85248091785594],[70.83313587452147,69.86495049840227],[70.83799728495839,69.8842486812547],[70.76219375701507,69.87900069085512],[70.676785628314,69.88674404739261],[70.60760503264322,69.91444466235319],[70.52457005624716,69.92528800313102],[70.4941900299983,69.93950627584198],[70.55614335115797,69.9484689092311],[70.5926827005365,69.93825383877191],[70.58718744852604,69.94700326525762],[70.46812138871309,69.9567582452562],[70.45155463855185,69.99174813707192],[70.31476845024702,70.0181298965629],[70.31417552470616,70.03551423146442],[70.08295163752207,70.05357797941463],[70.07328256947359,70.0697095940668],[70.12627270962926,70.06244926702806],[70.16514462275131,70.06994426985605],[70.11122772556303,70.08647842767019],[70.17066563878437,70.08052905585792],[70.23637010935151,70.12425998483313],[70.33909466265166,70.14077984854517],[70.35217466428188,70.1552658887697],[70.28036656353115,70.16060406211182],[70.29094960962689,70.17006020854944],[70.3159073472942,70.181042992519],[70.21227173226985,70.2090765768213],[70.26406437339318,70.21856256152532],[70.23740754703198,70.2299629000064],[70.19646440022001,70.23097459617365],[70.2194304981029,70.24893374442364],[70.08546033576759,70.25833657979811],[70.08102926328993,70.27745724979393],[69.94625105601366,70.28874847381834],[69.89679926067208,70.3149680235284],[69.73353404053007,70.33456867232282],[69.63603645557708,70.33686341634085],[69.64484675790277,70.35273658784445],[69.5429829146288,70.34776575643517],[69.46339482521437,70.36335291113838],[69.28981046934315,70.3325800621801],[69.26549731995824,70.31716565462615],[69.20174976775051,70.32984891321688],[69.03722518731053,70.30436926264889],[69.02086646758258,70.31180673791599],[68.9300325594763,70.28474020577922],[68.8336832140997,70.27966907517836],[68.75523654130555,70.24227695370399],[68.69172175170725,70.22710378318678],[68.66520948626552,70.2341262753991],[68.5805675778167,70.20189647022092],[68.52370263350673,70.20064788139385],[68.32121811682003,70.16531230706511],[68.18548606812135,70.10086332121827],[68.1127591770946,70.03670952583917],[67.9302051044563,69.94999736417063],[67.97537317147447,69.9014830233865],[67.88241013861064,69.82842272789908],[67.76077822275202,69.76261475983792],[67.66698971612968,69.73099653393082],[67.54076517212737,69.64451816831138],[67.58172443145186,69.64729425586165],[67.46260482753374,69.6028100770836],[67.49474831253863,69.57310208369753],[67.42919546387206,69.52974587744197],[67.37537149150505,69.50832291897648],[67.4386644390419,69.51810738458072],[67.4121581905143,69.49639822379034],[67.29734441163136,69.44069584206567],[66.9207039502026,69.31330245632084],[66.93805509899555,69.30762364962293],[66.57758468223379,69.19224054847214],[66.40316176601577,69.15515145966046],[66.26576259709651,69.11966871452528],[66.3608700083391,69.15152202538964],[66.24518249215022,69.14460056166577],[65.97873815913397,69.07099844777471],[65.93495003135418,69.08468702903879],[65.50083267509076,68.97039515488449],[65.42524918042628,68.94152681927343],[65.39920042623788,68.9435021312211],[65.26373206600363,68.90215295374142],[65.24461070961658,68.87752357762558],[65.15524191248016,68.845874559711],[65.01841635676828,68.77611725588028],[64.95567592831108,68.7603476808052],[64.86213801269989,68.71369875290367],[64.5898074918381,68.62056518701309],[64.5681349304989,68.64241501847567],[64.59894310981076,68.6566508161028],[64.60042944482346,68.6675520664099],[64.50151481456443,68.62649868346398],[64.52845858885252,68.65079891898182],[64.38430048659346,68.5849451382827],[64.30379968442762,68.56934805884835],[64.23655365640151,68.5320907364773],[64.19599087872106,68.52391084081148],[64.15151047656204,68.49314275793158],[63.963410308485386,68.40619292828404],[63.886886022796055,68.33908222464191],[63.83995242722827,68.31014268646518],[63.84514470783004,68.32333833549161],[63.801151998431955,68.290356583558],[63.814247131706985,68.30816848945605],[63.766293591552156,68.27671144532249],[63.62136993631358,68.23252260170874],[63.53452083527543,68.17611527674813],[63.47448918331616,68.15941355633335],[63.383352592899875,68.12906615873815],[63.32704677860433,68.09317454371948],[63.3114343967753,68.10078464891868],[63.25154086764231,68.07386554858202],[63.267317650168955,68.09119190178485],[63.258251233649816,68.10249448867083],[63.16827200497078,68.05957535993203],[63.1108601436457,68.02526226684311],[63.08509580179004,68.03539600067289],[63.063392161299376,68.04533780370754],[63.09901343228191,68.06595407589566],[63.11746734791812,68.096086838385],[63.047867002917556,68.06757111488301],[63.10965999402481,68.10984108707916],[63.08211416467523,68.10702525587577],[63.25273922569176,68.22460688217976],[63.4028175224762,68.31526021562371],[63.32774595819006,68.27379506676843],[63.47304860484476,68.39207809559036],[63.413616052138885,68.36164690953062],[63.48803029217585,68.4045741763314],[63.460117538377865,68.41007268434883],[63.52377450586678,68.44211250479172],[63.6429472308197,68.53959060583435],[63.779842381043785,68.62844758934315],[63.76849261230812,68.62883900051249],[63.835793142848075,68.66456995065677],[63.91141555534969,68.72556192006144],[63.96683856983337,68.75576543402319],[63.86629640169249,68.71167831594256],[63.841141432903854,68.71751570828005],[63.732549226972935,68.66686847288975],[63.721704672413395,68.66906804776454],[63.62668822299244,68.6042534463421],[63.591360579483975,68.59282381269547],[63.43749087056818,68.5065408119104],[63.32259133942004,68.45715661306349],[63.24839141251016,68.41213293375384],[63.02314765784407,68.31376354340738],[62.75383240971053,68.16359157465166],[62.638807817144986,68.10966681413298],[62.683434723176084,68.13802812079707],[62.76841906622631,68.1921192202279],[62.71421814854324,68.16754511126578],[62.75846721928467,68.2092643358136],[62.8157517423922,68.2296185902539],[62.839727292675974,68.24778708050661],[62.81747820220145,68.24582065221989],[62.841465596953554,68.26655299757533],[62.72164436398873,68.20342124770141],[62.69884573625609,68.18020195863404],[62.62603240448726,68.15205375556111],[62.701890593149045,68.22302764543198],[62.609854926185335,68.18555834099274],[62.659930812796304,68.22198184999083],[62.64310429289459,68.22707802328837],[62.5803651119041,68.18963319490956],[62.60440983955612,68.21039350505777],[62.593948197148265,68.21405681459856],[62.7251584106384,68.29705983786104],[62.62398475634269,68.25244076759813],[62.55925833469706,68.21014942378748],[62.48604446348569,68.15145094916488],[62.38433708602151,68.06395144953872],[62.290688404179384,68.01966149736475],[62.29999704133046,68.04294175084976],[62.376491726483366,68.09498295273852],[62.31007701560348,68.06067033100273],[62.137287601188774,67.94713853294023],[61.95921553366212,67.84770596232794],[61.350202197491875,67.47674583006915],[61.34342608295202,67.5119777644821],[61.47252008474264,67.61059982670534],[61.539033693730154,67.60907055914292],[62.067274817239806,67.95048465546041],[62.513690467937145,68.2217467168895],[61.786380302992974,67.8267140360058],[61.68269034619246,67.77209696868407],[61.883622668472476,67.91456908570338],[61.93475385862188,67.98283259233082],[62.1210212442344,68.13073096543337],[62.16246102053695,68.16874508929388],[62.03472099775361,68.1013463180285],[61.90754688926991,67.9907066031196],[61.35483701920619,67.5832638213436],[61.313458144356744,67.56686342458585],[61.42512230446061,67.69594356949824],[61.59611095936198,67.84671634741663],[61.53900811988539,67.81862697386173],[61.35846498388327,67.70529183490801],[61.273451559864874,67.62929946587043],[61.16332679856327,67.52143603158804],[61.08038269537953,67.46623432185291],[60.70626166716317,67.3200536245302],[60.55631585720825,67.2496784426317],[60.57433126926127,67.27382167310816],[61.20803697860623,67.64836098258276],[61.273442847650124,67.69465173092779],[61.08328640849983,67.63196833776135],[61.106548163687975,67.65974756660476],[61.30238715646735,67.82998805166878],[60.45839950864037,67.29031861009187],[60.26287593417637,67.1391633309113],[60.07629540984376,67.02841377331077],[60.02355010388019,67.00304751695663],[60.009573276291945,67.06924881502094],[59.75344770276695,66.91827526955751],[59.5224362796431,66.74196288881217],[59.394374125971645,66.66279339325295],[59.27489617933034,66.5997068483887],[59.23036914768012,66.5887609854211],[59.48118295823951,66.78765173699094],[59.126387425936834,66.58620680627865],[58.86139246012719,66.45150813766837],[58.59514568515784,66.24895793415433],[58.411045819873195,66.10427670827076],[58.315830436269465,66.05058886240441],[58.25726812552662,66.01959607509549],[58.27782496482598,66.0636118702869],[58.79966367504146,66.43939294858464],[58.95268303437241,66.61136240182977],[59.5706284580656,66.89807399363684],[59.59115049094641,66.87216537840567],[59.66133711907938,66.90655376957372],[59.81017306550178,67.00107690832246],[59.76875669768516,66.99737197249922],[59.774699254999106,67.0406343136138],[59.664862828300095,67.01067616578051],[59.693449711859344,67.0401398210189],[60.24780356258855,67.40477053245631],[60.23439672029976,67.42061280387796],[59.81122531976279,67.16447464855915],[59.3884051667908,66.89427978650183],[58.90662753861331,66.63040598561666],[58.72205466142614,66.52107084111373],[58.512899302006716,66.35222790574674],[58.304834164912634,66.21111546916555],[58.250083679022,66.19284319736099],[58.697532836206655,66.5657500160066],[58.717354398459946,66.61421387089916],[58.779035893186304,66.65904279357235],[59.001766325979915,66.80735301337774],[59.35356369484154,67.02098848877526],[59.42394638120421,67.08903110017235],[59.34404580148209,67.05112409720651],[59.03593663370036,66.87650435122788],[58.5397302572743,66.57954030102614],[58.30788611625047,66.44872390518704],[57.94896940229874,66.22831973388821],[57.93673036146741,66.24204261828403],[58.34902665554123,66.53790746126573],[58.4394637433213,66.63177381484766],[58.376678663119165,66.62907418135566],[58.03967839883402,66.42968165599595],[57.591697932031465,66.18099308097007],[57.267395523574876,66.07389276411132],[57.13498051925608,66.01529254184808],[56.758387760860714,65.82733024730048],[56.624559912491975,65.76034184571233],[56.113206421637145,65.47236799521816],[56.03142354674807,65.43636829513159],[55.6022785466004,65.29260980976552],[55.42665002350558,65.24826995265167],[55.418475254757055,65.29234230229305],[55.47337066553204,65.3545269332554],[55.72527235757038,65.49571350879603],[55.85606775524998,65.55580071716682],[56.082029710347,65.64499353188508],[56.74560826705711,65.90760520244565],[56.87322939483077,65.97279435417752],[57.03745393660726,66.08424908235759],[56.972829389982735,66.13627992422091],[56.77666369716071,66.07933219075599],[56.262608116731,65.91794081065657],[56.1545172843271,65.90152115832615],[56.40856861575455,66.05423767704313],[57.04133685031117,66.38265312346422],[57.147246020603674,66.44690675749615],[57.12035392835759,66.452098550901],[56.71363772189591,66.2956044995907]],[[62.85744352074685,55.62122578416464],[62.765182192400616,55.795645604361766],[62.615116868986505,55.78505811462185],[62.41272284216213,56.04009079402436],[62.330403914851395,56.46993608403728],[62.47725973530125,56.87171722858855],[63.19435503424094,58.48767909109891],[63.974251894981805,60.104818982161596],[64.22972546003376,60.2119307014011],[64.48542608608618,60.409349545127],[66.2948906580489,61.773855950868004],[66.39350056988187,61.76458642269884],[67.03609853310277,62.1308639958076],[67.07406603718817,62.364638231683934],[67.1492500606513,62.42694132015211],[67.37869597943353,62.438700986653515],[67.58647919973907,62.63786692312687],[68.32603807393154,62.73747318897544],[68.42363448186559,62.81667945607077],[69.25300850566475,62.89711494235785],[69.42264668448024,63.02681135207944],[69.70675833830683,62.98383174071552],[70.03788604620718,63.24613444357172],[70.17412904973473,63.25020686852938],[70.30070107728993,63.20923373354028],[70.39967580228094,63.30531754727846],[70.71455375341962,63.392142376038734],[70.87077352981741,63.334898613755115],[71.01182325979796,62.80667824074736],[70.6487459932005,62.583738115906336],[73.26640295319567,62.52577452952072],[73.10471866043561,62.32499326337255],[73.52776537375763,62.2672296605616],[73.3289434505131,62.020640465868276],[73.3877275084502,61.92231414883172],[73.81224901160307,61.906522226286185],[73.89899547118729,61.84454508460182],[74.10931641512195,61.88539453924108],[74.41811077145617,61.70140972807209],[74.75369967528641,61.78489550930141],[74.60236913686036,61.85551723618362],[75.03008201187527,61.92633068234506],[75.17480016519247,62.06615021804866],[75.75801475019423,62.17890682200912],[75.79373679152692,62.23760152668701],[75.87066884752211,62.19628002047794],[76.37963509115164,62.23174723339608],[76.50126808377858,62.15745507614475],[76.97123765888254,62.022250083583955],[76.97099525162366,62.07299240353065],[77.0496802588593,62.048709891271045],[77.2015068332974,61.88163110744278],[76.86095578606215,61.80673685919169],[76.68503014021503,61.55122252076457],[77.03655240145838,61.307675085169976],[77.03619890912947,61.03648167021391],[77.17241356862863,61.02237803449326],[77.16357972355611,60.94031071981433],[77.303282444928,60.94647992297947],[77.45512906367236,60.85254938130909],[77.44280387866637,60.515309438227376],[77.34842318057078,60.40706493933709],[77.19152346382697,60.359132561083015],[77.25613128688506,60.35288638230327],[77.1874702409675,60.21213837936904],[76.78730523739797,59.853071895717804],[76.2081416475641,59.77605951218384],[75.71066038475426,59.93409722898972],[75.35170617576816,59.95044488096762],[75.07695892745139,59.712445573805375],[75.06160715392521,59.65089375760867],[75.38349917777754,59.587892397682964],[75.39341515024526,59.20591867772916],[75.6179367109834,59.204774489947596],[75.86006589025456,59.09215897885605],[76.61136717703268,59.1934569298361],[76.75798807718824,59.17317323849545],[76.55598837603824,59.022855653588636],[76.64490339254651,59.01333165274622],[76.72169911663183,58.99794026090743],[76.37964593345905,58.73604944710898],[76.32584269766457,58.556716659367794],[75.78526953970362,58.50286505723072],[75.88608713570382,58.36872119607662],[75.54825240777868,58.19068001059368],[75.66039109381887,58.107626437775174],[75.03448068493456,57.64898628835381],[75.28738419319589,57.48885036869255],[75.50342835930518,57.142997853148714],[75.1288079324131,56.6473803455785],[75.17031538400497,56.467905242974126],[75.34172384893532,56.424212672063284],[75.76183677821844,56.63289021483708],[76.42652908323943,56.63610333199124],[76.43900044612826,56.50160949564565],[76.11380875512596,56.305856808186014],[76.27189783515674,56.20261761739704],[76.08463467575697,55.96635828218755],[75.35345032429247,55.29717372016262],[75.46820445688478,54.98284235044908],[75.67257508817241,55.085712102665155],[75.55579384109139,54.90885001193605],[75.65727567536976,54.93563893467481],[75.40011081532472,54.082861411371475],[73.39351696310865,53.247175075044666],[73.28693105425495,52.36919973569093],[72.9911713949345,52.238693591784354],[72.4408755444158,51.85512533249357],[72.39052644330008,51.95007052066779],[72.67216939712117,52.115900258288974],[72.63139728911503,52.19430663184396],[72.31274113455693,52.09596818622092],[72.13671804513693,52.342003578434905],[71.7652683689428,52.22483718769183],[71.62959573961108,52.45489734757841],[71.47839623703928,52.432751435360885],[71.06115218587695,52.24296051733604],[70.6418953539183,51.78248130739313],[70.61142492725267,51.92648162559142],[70.0117156548122,51.70228428600255],[69.66526319727134,51.555281315125974],[69.72135882110774,51.47596477264166],[69.22554709059327,51.30723962932742],[68.66875462162342,51.206132362815886],[68.2761136640748,51.21720407858051],[67.62824791920568,51.028458839480486],[66.68717991162703,50.857792539989006],[66.4231813276651,50.759752659615245],[66.39095677690251,50.90342225237344],[65.80570337608627,50.84649043589698],[65.45084473576418,50.95343983554169],[65.31406081890418,51.19443623306361],[64.9004914193873,51.13009097299823],[64.81219578815079,51.17911630059379],[64.5875357515892,51.11620267535065],[64.48709251737489,51.1587194489296],[64.57973203080273,51.19855962120417],[64.4219459778941,51.29998589651275],[64.57582565918388,51.448427514213876],[64.46681409998385,51.65058781642843],[64.11591645692287,51.696992413255415],[64.71602001455885,52.14906914849159],[65.1628810346773,52.28965621220123],[65.19784704847089,52.57098911985167],[65.60515207075352,52.70084266541635],[65.1766691198118,53.0027652191943],[65.1831971423267,53.47240985742871],[65.22105542640554,54.45575777733413],[64.4249316131404,54.02890250549326],[64.1415752075634,54.48320159439534],[63.78971437262079,54.49838418103112],[63.655042285712234,54.567554359655524],[64.05286992862627,54.98657533427092],[63.9681923162129,55.18831390568007],[63.69951977484729,55.111823835633494],[63.20170976589726,55.32230488842257],[62.90879440409605,55.13630773495424],[62.93517781797371,55.55873735303641],[62.85744352074685,55.62122578416464]],[[67.25621710577798,46.62210565499373],[67.11031098366122,46.6000191801258],[66.93885083536284,46.62514614384885],[66.8344816593402,46.542107178526145],[66.72498799235673,46.65172742767953],[66.32355449703614,46.597422545082324],[66.22238012776602,46.69946396527082],[66.3010749246769,46.78001038070518],[66.17851379385733,46.821936476180916],[66.03848687001305,46.9951467750549],[66.08612318031251,47.05870194282026],[66.26845958550466,47.101978467069046],[66.32117662076644,47.199422362967226],[66.70722492806678,47.22316239736638],[66.68323451426232,47.33129744287259],[66.88171097657388,47.34939285774958],[66.88583935183804,47.48559913801519],[66.96656599481932,47.51272691006645],[66.63485570000603,47.706981826093326],[66.77389426854522,47.89132122470935],[66.52544798515409,48.00430509537231],[67.33381607728474,48.05642494162116],[67.32708910321792,48.149435157059834],[66.56476632541353,48.313057752738715],[66.49062527762783,48.463685010310314],[67.21432414163162,48.618032956160796],[67.57671645971502,48.75941431142411],[68.38254239906874,48.92001278115695],[68.98698920794911,49.08178643381445],[70.23784106612322,49.92614202925528],[70.32670779714972,50.09937762084995],[70.4205857663415,50.13862476909404],[70.38450948185636,50.030467777867166],[69.8280659195295,49.49922868768464],[69.80039013278798,49.288818561645115],[70.07990936559078,49.390523737550225],[70.1039253989854,49.27882072389127],[70.54202727857925,49.50133092454277],[70.54171050413086,49.45686946401893],[70.70552429345128,49.52798962606171],[71.02078095454556,49.84120761954061],[71.01330963483261,49.578995102950174],[72.41271566067631,50.134265113952424],[72.53267390380289,50.13565252069109],[71.87868614052022,49.60897408710222],[69.71549443000032,48.420710612472334],[69.41321841525313,47.915093839602534],[68.90738402787612,47.70520855654608],[68.8724681120847,47.61307201892494],[68.67486647766741,47.55568584720869],[68.64316530780854,47.4710169042101],[68.89435980363393,47.52789253618383],[68.83279178783728,47.386423043608566],[68.59084076406221,47.25993354062521],[68.54606952383097,47.13203538817406],[67.88015927424019,46.87624997742648],[67.69694820512268,46.718181148485115],[67.59025740912372,46.71413662552327],[67.53518799860376,46.66165161504965],[67.28522388529673,46.64874892851668],[67.25621710577798,46.62210565499373]]]]}},{"type":"Feature","properties":{"Level":"ADM1","shapeGroup":"MYS","shapeID":"MYS-ADM1-15666254B95804992","shapeISO":"MY-01","shapeName":"Johor","shapeType":"ADM1"},"geometry":{"type":"MultiPolygon","coordinates":[[[[96.10652588841496,48.19809742271903],[96.12387677896487,48.21322641738568],[96.20721432502407,48.133943509725164],[96.2093916154165,48.0225446335493],[96.16934301833317,47.90640262274251],[96.24691266546272,47.9560852991396],[96.33801776379963,47.875619179855136],[96.33956791697368,47.907164996010145],[96.31684907250622,47.92407027001889],[96.3162843167068,47.974468541944375],[96.27042869113124,48.06898348207322],[96.26399261324035,48.12133191869615],[96.22851800062011,48.13091176777525],[96.2122296907118,48.17186414348717],[96.21680148494983,48.19819246216514],[96.18463748228463,48.21265184797096],[96.15841738111789,48.26221285399083],[96.14418933237886,48.30918651011464],[96.15308381858964,48.35181279843289],[96.11552619192469,48.4067519185438],[96.1051399924632,48.36774080054159],[96.0415717156315,48.37005033911555],[96.01589271824128,48.32522120570301],[96.0895344553272,48.24408476459691],[96.10652588841496,48.19809742271903]]],[[[96.37984168633689,49.26029436450166],[96.40426769187592,49.214887884329],[96.41178192470653,49.11726356263274],[96.44154406187221,49.03783691459392],[96.52622891023572,48.98942150541415],[96.57620536745765,48.92257570705442],[96.73423950362819,48.854465210354405],[96.79223822752921,48.8793815574035],[96.79039589539894,48.924933088855454],[96.83098664312368,48.91954213792081],[96.85679018762183,48.93423717543079],[96.84432725926354,49.012006300042785],[96.77376627326035,49.139043706990385],[96.71644295748291,49.18856481366842],[96.61642810893001,49.2332542458744],[96.37984168633689,49.26029436450166]]],[[[88.38732990524298,35.04361013110287],[88.39391890009146,35.02509406445959],[88.34614429334741,34.88398663574942],[88.36682075350731,34.82326439550402],[88.43100170509867,34.85251161532569],[88.55862779742183,34.9484014104031],[88.58520093313476,35.02474090779185],[88.56858359303043,35.06210385259415],[88.4398578941944,35.108451040058895],[88.37867183073188,35.10923650396028],[88.37577808932593,35.09403851833774],[88.39221486621696,35.09158036060705],[88.38732990524298,35.04361013110287]]],[[[86.73053259122248,36.266831553459994],[86.76727966616444,36.31167614059562],[86.76438020457874,36.342112005317006],[86.78454783856505,36.38640600682188],[86.83104922550004,36.413058115896916],[86.7996590298083,36.44743255721376],[86.771882446455,36.4208293988638],[86.75350083321203,36.43331414721777],[86.71303654034571,36.41272819014696],[86.64343394946255,36.32960557935461],[86.63606714573008,36.281105766282735],[86.66181216740557,36.26800953010196],[86.71485898918002,36.287870744025085],[86.73053259122248,36.266831553459994]]],[[[95.4809866078867,38.45536432270231],[95.53420540592401,38.57503007225735],[95.57363970012362,38.595199294962875],[95.54670428031375,38.643085909160504],[95.54824952959106,38.69195377206081],[95.56864608458062,38.701056593128754],[95.60211152827256,38.67313038307752],[95.58981280214383,38.75530975708574],[95.62875007738332,38.819130067756575],[95.58222684697756,38.82346490059209],[95.58482515897974,38.85381962943482],[95.6088542181495,38.88047425399103],[95.5778929401267,38.908132148474195],[95.55521109782036,38.848282794817756],[95.53229153450786,38.89700743429668],[95.49066853458575,38.850793140218144],[95.46494653431085,38.84629264809095],[95.44649825810077,38.78810963897686],[95.41053972822628,38.74384649888526],[95.41291416101174,38.711116982047336],[95.38120656603064,38.69240239990924],[95.33894575435849,38.61431288759792],[95.29200023777341,38.577192621506455],[95.31703268270128,38.49000988902141],[95.358693639675,38.44478400156038],[95.40706674957002,38.41993528005982],[95.4809866078867,38.45536432270231]]],[[[95.08525608989157,39.49183810097135],[95.08345718142948,39.424137344345645],[95.03286568797081,39.39597401274149],[95.02853485888662,39.34223318991805],[95.00125763245734,39.27308758959073],[95.02322834119072,39.21383557652373],[95.0400886019391,39.21980551457712],[95.0390580505439,39.244326949108704],[95.05439503140444,39.234783883104335],[95.07565806554595,39.250566216873565],[95.14154688802739,39.333419897152176],[95.15007451890321,39.40451072268408],[95.11663176269687,39.50925010986534],[95.08525608989157,39.49183810097135]]],[[[100.01342743763064,50.391419751674945],[99.94215422070734,50.30150581785894],[99.94844055122437,50.26929728989913],[99.97239344700259,50.245584494714535],[99.9814480820694,50.216561920684676],[99.98642032364052,50.135505654108485],[99.99789235523349,50.11320838688546],[100.06965825707327,50.10507644683834],[100.09049080416561,50.08171771144973],[100.12732442830921,50.02154970985771],[100.15431545289225,49.93624965943714],[100.22522682759289,49.92121702378154],[100.28514578607556,49.95467503538052],[100.32594289472917,50.02529717100998],[100.31840890917665,50.194134889386724],[100.17063257807794,50.268618741934745],[100.13516088122202,50.34612976677769],[100.04943821657683,50.41708603786432],[100.03401354512282,50.41708394503662],[100.03959652139055,50.391954160805014],[100.01342743763064,50.391419751674945]]],[[[99.92849336524756,50.5165321001961],[99.86862299146064,50.45157416929877],[99.87246915390176,50.428390919733886],[99.96833804635777,50.41052740027727],[100.02702314270462,50.456371657700615],[100.03271212228742,50.47672573354542],[100.03060093555294,50.49796262472574],[100.02124030002405,50.49902325228976],[100.00239085958589,50.4714113573322],[99.95126078088029,50.4737055698003],[99.94462156855779,50.50945502095107],[99.92849336524756,50.5165321001961]]],[[[98.0825101352743,51.88080994070765],[98.0923009585853,51.81320859346766],[98.11835178576604,51.76825732505195],[98.15165705230156,51.743477303575816],[98.1881617947802,51.65534489467882],[98.26171409652335,51.597999119665374],[98.31448112253693,51.53251650427619],[98.38417191040963,51.51410391163308],[98.42842959619415,51.59656554130269],[98.41551647128549,51.66452172233805],[98.35475446219255,51.7484081857141],[98.24091580270385,51.869817142728735],[98.17571237807098,51.90521794063072],[98.0825101352743,51.88080994070765]]],[[[95.76048313562113,55.3921283280935],[95.82246828568027,55.39686488034222],[95.8209356134172,55.420224163553186],[95.84591518424527,55.42621447474374],[95.84962957179329,55.443597358768855],[95.82178953495325,55.47699966311281],[95.7954422882045,55.462336827519664],[95.77606527506339,55.470022406768955],[95.75211121573373,55.49666099674356],[95.74968415037877,55.521457616971794],[95.72345148118657,55.53602335583127],[95.71151522955606,55.523992239638396],[95.7534581654662,55.475417548609464],[95.76397232966043,55.43479951373725],[95.69687836658154,55.452855457055286],[95.69092788122828,55.44170046294768],[95.72835126612803,55.39314229028103],[95.76048313562113,55.3921283280935]]],[[[95.18427571800102,50.85473975333372],[95.17417385758581,50.822964485396064],[95.21043320681267,50.64722230875345],[95.2601363893348,50.58538703422761],[95.34668899418651,50.543445304066765],[95.37095729248776,50.51486195988703],[95.408179822179,50.555914920516805],[95.32236028734833,50.682316973604976],[95.32126895719698,50.71445034705475],[95.30037725972561,50.7241561156427],[95.28232048631877,50.75478759404089],[95.28307165102885,50.78138119793556],[95.20940564111135,50.86800000641406],[95.21111159701337,50.897317687030615],[95.17267237749016,50.911467539950564],[95.15576832592154,50.90079063563284],[95.18427571800102,50.85473975333372]]],[[[78.48428858092257,42.22505307662376],[78.72608849334509,42.16837533589725],[78.87628664094527,42.10289144083198],[78.95297877922292,42.02674374359593],[79.08853575759807,41.85532701031005],[79.13854416183482,41.59550757226189],[79.09973567723591,41.322382438911326],[79.14306493922035,41.22541785173897],[79.36296949530515,41.0836399106696],[79.77474352575786,40.719204257370976],[80.06011926615767,40.387733023464264],[80.12575175410535,40.460814914955655],[80.11730425022513,40.357579809285006],[80.13810203955275,40.299816706299474],[80.27878050908882,40.16117734397096],[80.38539624170816,39.866409552653664],[80.58063548349358,39.5241906620023],[80.72208847927259,39.358172676527516],[80.9327325732474,39.259092089766526],[80.99403933131187,39.30967874188696],[81.17438716331186,39.65900522066808],[81.36265933976573,39.84908113844324],[81.8153667019184,40.155269899234455],[82.06715336402716,40.25377095947879],[82.3565764622279,40.261412620090546],[82.54069976355694,40.194454662375605],[82.92639264456665,39.936938392969395],[82.95901329183064,39.97346847885997],[83.02845206957599,40.11887936324786],[83.03672774003903,39.92281632645245],[83.02930915703917,39.75445111366767],[83.00070378874352,39.671700325594585],[82.94594814597816,39.61308457995891],[82.92837181473027,39.540607723681845],[82.95592634701612,39.487856977658836],[82.98303926396656,39.51485986252328],[83.0012407967234,39.44617599899518],[83.05922461587679,39.357072307170746],[83.20356739362731,39.21042981975004],[83.46295974975848,39.08990472141765],[83.5141902548752,39.04040063529118],[83.6476260358687,39.130108676314016],[83.68867225466666,39.177853882088485],[83.97092793384269,39.29985140882847],[84.07486645630843,39.317127757011434],[84.07807844406528,39.27048825646499],[84.09037612681063,39.27414785878795],[84.10021080069819,39.32312296149391],[84.16343016192626,39.35078841558105],[84.81218130128498,39.28603840982424],[84.85961923447917,39.236731394047126],[84.96303924599609,39.204380043485386],[85.09577738818548,39.10627919483081],[85.24021139601906,38.97331257272213],[85.39929572671788,38.879432836939145],[85.55419834321249,38.71430612846743],[85.60908765013309,38.69691896924494],[85.69053780520679,38.60540955756316],[85.9037666378943,38.489110261576336],[86.20273151684879,38.38242890026085],[86.74959501709168,38.24650036277601],[86.9540344597022,38.21475886220182],[87.0219883074769,38.25307660926433],[87.0270393933141,38.20808580407976],[87.06641358958657,38.20237446138671],[87.11752813219329,38.141229750562616],[87.29942818970022,38.0996900151889],[87.32177028800781,38.0571604273762],[87.3751149499709,38.02474130830186],[87.42443129626373,38.01216412821752],[87.53233040560669,38.064680499962],[87.53048828574423,38.03653430625417],[87.85216758009963,37.79425289456357],[87.98964079188387,37.58474576368232],[88.02902004513018,37.44738494183615],[88.09097432815031,37.4121274479094],[88.10567909975447,37.37838519674457],[88.08270600091728,37.37402053216941],[88.07639389281118,37.33543031986584],[88.18372286559644,37.047077468057125],[88.14596098810532,37.02876515743607],[88.13548437420235,36.97943268154741],[88.12177201043292,36.98180940644747],[88.15930008260055,36.9740069143076],[88.16639543038359,36.941634325150794],[88.19870866596379,36.95495251390102],[88.23868389704883,36.792853620771986],[88.27626893453103,36.72398569781853],[88.29496340274676,36.59306306510055],[88.33434880290986,36.50716511708743],[88.38474156860751,36.30936286241766],[88.37401291172009,36.29509373149862],[88.40090828739108,35.94861630224214],[88.43772059043282,35.70964642812315],[88.57591114298022,35.34073981299493],[88.58319200429537,35.24331579615796],[88.62750513769154,35.19629995860498],[88.6452043013521,35.07873074438517],[88.6123298815069,35.052984033417275],[88.65491393910999,35.05570329018659],[88.66841060354845,35.03884990807566],[88.7386686238939,35.035897634050215],[88.75051104762605,35.04591496042893],[88.8588915689637,35.00092473356416],[88.87183178801128,35.014136068110666],[88.86296500063983,34.99887724176552],[88.98410753824544,34.93145568307771],[89.04043624339297,34.88068572737892],[89.0603521505194,34.897707764508084],[89.05066959143198,34.87581248063934],[89.13864810182133,34.8005534940961],[89.29828399059681,34.725063817434],[89.32794206185676,34.73594037536821],[89.32821964461516,34.89367368037358],[89.36090941166677,35.02804075231106],[89.40221668730162,35.11272949354402],[89.45307970910721,35.1708816388933],[89.46096932523878,35.19598911178396],[89.53063183969118,35.26047836841588],[89.52965638021558,35.273010428363825],[89.78725688986627,35.481257437640245],[89.77477612388722,35.50927459935532],[89.74631528720317,35.50172766848419],[89.76531711875002,35.51928782355035],[89.75262407666804,35.51435535859038],[89.76033814734913,35.5255967712728],[89.7039413689092,35.600250254767424],[89.70247413702819,35.63670980264917],[89.68288141679923,35.63826139807537],[89.65405784183136,35.66995209114706],[89.62487114676492,35.66673627538595],[89.64207105861286,35.68420793071853],[89.68228192129155,35.649839234340796],[89.69367524147162,35.74337419058634],[89.71539649675276,35.80624481754268],[89.70591991111871,35.87040406181839],[89.66641483869537,35.84397233816205],[89.64168299256482,35.85774249470337],[89.54413134396285,35.79442651424365],[89.51199007732436,35.665928362008486],[89.52161142510067,35.62549817380878],[89.5136279114925,35.64944225807977],[89.4920058404891,35.57563555449889],[89.47136033873312,35.552047295625094],[89.49145860987178,35.576515115616786],[89.51136361781423,35.653649450702495],[89.49067372481397,35.6492675603476],[89.47822362737188,35.629739594358895],[89.45510194501387,35.61243550152339],[89.44912593318179,35.59972563430598],[89.45298343128883,35.61359909670266],[89.48050988372268,35.635919785981535],[89.48286527098017,35.646314298328065],[89.5044124275324,35.66017134272407],[89.52383604004987,35.72493756251042],[89.44696775522762,35.64732604566912],[89.53321619845876,35.75637580746292],[89.53506824995097,35.79838650517805],[89.48777048187911,35.80612270198672],[89.53689363387757,35.801774816778575],[89.64712385222137,35.86985598209786],[89.67790265233795,35.8586023583076],[89.69583003011294,35.89850997254107],[89.68132797137912,36.001211880825075],[89.58672323307525,35.958654920650126],[89.51457696419655,35.97566344009867],[89.40869942328067,35.82983494799639],[89.3964226103513,35.74493234299674],[89.41359435843286,35.71640853887233],[89.38892844338541,35.65233480089998],[89.41039058651123,35.717690347707254],[89.39035351962656,35.73956830024808],[89.37868213572494,35.67010581446027],[89.35251533842535,35.63085508819419],[89.37660631997862,35.67194347982816],[89.37118642972806,35.69449769765926],[89.3584397177913,35.6845667898671],[89.3891126016219,35.74522878451632],[89.39826783894569,35.816798294203316],[89.3677505479738,35.77963084773652],[89.37739649112106,35.768982954063475],[89.37215146377869,35.756696736094206],[89.28394357387299,35.65793919817314],[89.37295250801239,35.76311358031363],[89.36004732954483,35.772655774318785],[89.3680607705045,35.787503532868925],[89.29178456148017,35.70333361275559],[89.44647748357178,35.90834266718308],[89.42018928377192,35.91659254845544],[89.34779415160259,35.82607730089031],[89.27668553893349,35.77616079472814],[89.34689655832437,35.830532461772954],[89.38172352883052,35.88441423789455],[89.34448855624264,35.88925942652588],[89.26890802843465,35.85721127678909],[89.24474072463352,35.886551260393325],[89.27128237524829,35.8618666383273],[89.339635163174,35.89342379226197],[89.31602843752549,35.92961741320772],[89.33945415837584,35.899682727202006],[89.38796245995648,35.894970807743405],[89.42135965034853,35.92791150746203],[89.40679243335812,35.93162439747904],[89.39193296468548,35.978606041209275],[89.41091114636815,35.93187443474515],[89.45766781262955,35.92709141943219],[89.49543636653311,35.978561677754705],[89.46384328054171,36.01889355818366],[89.4971244679067,35.98205218683955],[89.49467953041326,36.04435595693341],[89.50508815534722,35.99138803863078],[89.51810068891211,36.04083888449072],[89.51534584402819,35.997613502194305],[89.53895733363939,36.00352407674424],[89.54347314635712,36.06059021842464],[89.54293220256767,36.00401409686867],[89.56932167977675,35.9809137737347],[89.65090589194668,36.00316011228655],[89.67808789335261,36.15877976469518],[89.71940242918316,36.22925160188379],[89.73348376096759,36.30181662565744],[89.67849229483846,36.3225479686931],[89.57883039112352,36.28649593739672],[89.544827952256,36.201028972308734],[89.48445217770487,36.14415983424537],[89.43480065138579,36.13066902677417],[89.40523810677385,36.060716479616985],[89.43305153001138,36.132559208261696],[89.39132228965327,36.136899891393185],[89.32825385345186,36.02402429488212],[89.31696113703413,36.013009594477],[89.33136930278404,36.0441102066266],[89.30700203846648,36.03329517237144],[89.2854475540053,36.00322166354604],[89.30351370702063,36.03301097499369],[89.33905977447776,36.05088516067569],[89.35957097182558,36.08275410515792],[89.39634062024608,36.14726335576042],[89.39440403473559,36.17470680463441],[89.33654660874174,36.14155498255903],[89.33484845123941,36.12288676729336],[89.32099536108014,36.107129871076566],[89.30313295789324,36.09971220668136],[89.29699496628325,36.09994625364714],[89.29359631612334,36.10549881309234],[89.29983907432705,36.10103018413457],[89.3243967022999,36.11338505783387],[89.33207790175123,36.14172723160296],[89.31980286059388,36.12989107632874],[89.26535857705176,36.13031194040661],[89.25340325236947,36.116568171014336],[89.25822098719426,36.131302344712196],[89.31740248055893,36.13585948573528],[89.32842672261796,36.14831840307693],[89.31631731774334,36.161900824906674],[89.34764778519028,36.152174447960924],[89.38817332256342,36.18597707474426],[89.41134811148711,36.14660828706846],[89.47804981824889,36.15678768629804],[89.53912262321576,36.21653572958668],[89.55811755451225,36.27674786691533],[89.5927398232811,36.316602451312406],[89.51894973319024,36.39050947703604],[89.41702148179255,36.32019295300793],[89.41728678013719,36.300064017645106],[89.40105788588798,36.320216219871185],[89.36666970468553,36.30147628385779],[89.29550475326573,36.22953165097199],[89.3580274907333,36.304936488894235],[89.4933084023219,36.374278124647944],[89.50872348698019,36.409231231324114],[89.49672019962776,36.43891584517858],[89.40066060589122,36.37998141993608],[89.33520714273996,36.36785277776912],[89.30139237040785,36.3339337647468],[89.30197192146186,36.30674398222165],[89.25672717040622,36.266687297695846],[89.29902295910728,36.307712469659975],[89.29525947664862,36.331080829073656],[89.30595977978533,36.34725170206974],[89.2604420888494,36.332039630004004],[89.22548613304374,36.332144635136274],[89.27818411137173,36.34014479332537],[89.28479616457722,36.370386971605654],[89.28940402770675,36.348138343843175],[89.37495380063544,36.397885429264214],[89.40058789773292,36.39059165840233],[89.48579088592001,36.46070126097271],[89.47301253048433,36.54156924139055],[89.40402684461026,36.54339418383256],[89.39541037782507,36.50923057062609],[89.39275968815645,36.52274281419051],[89.37681492808447,36.499720394344536],[89.40203932442157,36.54613083678497],[89.37497902322355,36.55957514254969],[89.34236266542948,36.473725509740746],[89.32122069376581,36.450594308996784],[89.32823431836331,36.43633893323221],[89.2982431289092,36.41076477388599],[89.32417175915808,36.43632082538484],[89.31471920697739,36.45665706625826],[89.34031620366797,36.47599239010309],[89.37120123058361,36.567179605200295],[89.36342625690023,36.575406392185315],[89.27069063309709,36.4820399579315],[89.36367760617365,36.584263020685505],[89.35647744906987,36.60859784438899],[89.30339204715284,36.58513359430887],[89.2902274166108,36.551281854528995],[89.23487354616546,36.50384625663313],[89.19588043769842,36.44053321185533],[89.2292648184007,36.50293843095858],[89.28402126490667,36.54970216133049],[89.30149115278583,36.58945388142797],[89.28071541371332,36.586447209480745],[89.24296907470897,36.5438751092492],[89.1933176304857,36.52606410598272],[89.17500742747677,36.476130625326604],[89.15914461504153,36.49532224549672],[89.1205843910063,36.46692864489872],[89.1611824736999,36.500495576245214],[89.17348653768668,36.48136867114367],[89.18922295914396,36.53401047881483],[89.23488250923701,36.5442940864197],[89.2794747518997,36.591676028469124],[89.30331702112906,36.5979022469557],[89.27612746899487,36.59717698707503],[89.2576048824564,36.60866409724847],[89.23230924941055,36.592090152621935],[89.2459510483765,36.60504994232539],[89.24151338003946,36.61320238960502],[89.20524369410339,36.616132124085986],[89.24449419775144,36.614575276418265],[89.24730795970203,36.607602201682624],[89.25780299259887,36.61181240210037],[89.2770092543675,36.60089737045247],[89.3083772358118,36.60318925484168],[89.35236748052458,36.62308483238541],[89.32344187794803,36.71240974245558],[89.29080245120767,36.67402651666434],[89.16948633233648,36.65169312939056],[89.2465474496962,36.68870296548615],[89.29152989904678,36.68264645428579],[89.320707401714,36.747302403575134],[89.27949937691247,36.75770603696955],[89.27772533822578,36.79715129081351],[89.32256199418447,36.768179145013676],[89.33859714154434,36.826394440275386],[89.32262477450737,36.826785064615365],[89.29946977766221,36.889200822974345],[89.32503079758055,36.831202632283755],[89.3463400318035,36.839286530282095],[89.3861510649283,36.90905111961907],[89.39698957044817,36.98325740890416],[89.38809890791626,36.90736328981393],[89.44007233533478,36.97357591255093],[89.36751506957795,36.875323468036235],[89.32615834559678,36.75068653980907],[89.38519129809882,36.586125339146555],[89.50198565429059,36.57244133405466],[89.51959620853941,36.48208828401912],[89.6072200585966,36.34290103893885],[89.70272194492841,36.385128430754534],[89.72040403577235,36.41055439524098],[89.74258076968411,36.39965836272092],[89.7883911642553,36.50698909660285],[89.80018868778981,36.57159864434933],[89.73320670545473,36.65538588243709],[89.69566987005047,36.67062054616324],[89.68293709537562,36.708137382205024],[89.69018416261744,36.73023874618577],[89.69885042764707,36.681039515421176],[89.74329785870302,36.66192533418999],[89.81005781094328,36.59602662015985],[89.88709149309898,36.80774804029415],[89.90461078249567,36.93648752221394],[89.88190300595913,36.95667895861586],[89.8439897931024,36.895056560174496],[89.86413629026669,36.94550518023609],[89.84674349603672,36.944803862260585],[89.87466994588254,36.95230030452088],[89.88183898882312,36.981099608560044],[89.85044192823781,37.008910234355085],[89.84317604443669,37.046897093475806],[89.7805810183064,37.065900670887316],[89.72969007090703,36.986698774320075],[89.69721792729871,36.97193704068431],[89.6802396113024,36.94260454431255],[89.64375412732782,36.94042910484391],[89.67989772778688,36.9473183307653],[89.70308869404265,36.98248142600987],[89.72732356958394,36.9920761961604],[89.78006319945348,37.07522455391569],[89.84840490846594,37.05942091339104],[89.89523745156912,36.96828916337455],[89.91251077909365,36.9784266209597],[89.94551507547223,37.08808677212184],[89.94257785734357,37.13869203983732],[89.89990702370254,37.207348989323165],[89.8929103893116,37.30265819351818],[89.85286794096199,37.367955899213825],[89.86992387544808,37.40973944776788],[89.84846348078366,37.42056612951524],[89.88004284239767,37.42665836983606],[89.86592665621669,37.3712127816216],[89.90179670247889,37.31192722621159],[89.91311339592858,37.20997522554229],[89.95176474975204,37.14647614725683],[89.98441639325529,37.19765599804791],[89.98974551470073,37.23442251260907],[89.9685775140301,37.248014479982004],[89.98115048591072,37.27804637743249],[89.97730082806086,37.252147084121226],[89.99676810117487,37.23664606657418],[89.99061129666347,37.196603997515005],[90.02513232131939,37.223853593869514],[90.0015399716854,37.19233018890813],[90.01128808170547,37.17297410275848],[90.04860603622689,37.17590237069958],[90.07126110069993,37.08809044095522],[90.1157720188159,37.101800585286064],[90.13961638923479,37.06290889603733],[90.16813844761842,37.07269212315038],[90.14021023756007,37.0582303112084],[90.1258176514132,37.001106504735844],[90.17170098114246,36.98079361134968],[90.21232342478208,37.01422956531073],[90.24829940380792,37.0189014379811],[90.17516780282531,36.971889952087324],[90.12449643337466,36.98980320587597],[90.12612452516147,37.072135365568286],[90.07561543518517,37.064595194747326],[90.03906987424031,37.15589918350571],[89.97282131539802,37.15019427215255],[89.90999966203466,36.75910771671381],[89.80039844993703,36.383136833577666],[89.80094074434115,36.26528261036573],[89.85235706928293,36.3187376150461],[89.85255749176122,36.36267219759818],[89.90630517605256,36.44307026645115],[89.89948956892147,36.486506117491274],[89.91089377263847,36.44537350041716],[90.07828489346358,36.612671590753685],[89.97135913457532,36.49130379970478],[89.97612810793817,36.46895325885578],[89.9559092874457,36.48342515153068],[89.89943751423331,36.422856933159736],[89.85714291593725,36.34531791533924],[89.8972987213977,36.31059207395159],[90.01763666438399,36.29865394019161],[90.05110731245972,36.250945618653574],[90.08588945774602,36.26059710085861],[90.05244664083341,36.24751631193465],[90.0784114084721,36.20911022233097],[90.14034070161428,36.24419622675761],[90.07790428520042,36.206677644524504],[90.01295215835552,36.283082417457074],[89.9335156594693,36.29153818960882],[89.90304795119957,36.25493094640136],[89.91182973407766,36.205898223769914],[89.90571133118284,36.16594757276239],[89.92905570938981,36.15432821264653],[89.9088530924117,36.15269662098371],[89.90287154530208,36.16889417242233],[89.90952024952958,36.19948855366472],[89.89981966247225,36.25526991581424],[89.92449172077477,36.29248861156224],[89.87107602776896,36.30866296485388],[89.80083261258355,36.24105946518236],[89.76868137136778,36.145549308203115],[89.75703279113878,36.02366215899855],[89.80508970152528,36.02631265068348],[89.81929904822054,36.00942045149035],[89.83687624057282,36.0175324264484],[89.85289909170747,36.00864046274544],[89.85342227538833,35.99142273171161],[89.87991721972412,36.0001654622924],[89.93442611641453,35.777670496766284],[89.88116182959345,35.99165392216739],[89.85209711019694,35.987533281746956],[89.84403413979223,36.012048873065254],[89.81494227454655,36.007273409759094],[89.80503305251757,36.02498599621619],[89.763897652648,36.02350940291421],[89.77095325536206,35.97108278126464],[89.79082819825894,35.943759887918674],[89.77858475090174,35.92549899231524],[89.82016338932019,35.68790159218112],[89.91097633648434,35.485637903157645],[89.97322679934021,35.52031705949988],[89.92834459433807,35.63969122379662],[89.94874739451981,35.67367154417144],[89.98454551430183,35.64604683927782],[90.03943571720353,35.68644234697864],[90.22946229638933,35.70562480546089],[90.43095309766278,35.761386102099124],[90.46571622970436,35.78146960485856],[90.80635877301825,36.13820700984428],[90.86470840023436,36.23346222986187],[90.85896323744655,36.30018545059215],[90.8926209786797,36.323462047180925],[90.89882188751673,36.35754346680975],[90.96931474003469,36.469264611318835],[90.96402095337567,36.562375793613526],[90.9879455715949,36.58427462925053],[91.022704726234,36.737609419145286],[91.12468241441816,36.839964031974716],[91.08448273758094,36.84882873510452],[91.09628830170234,36.87401779194748],[91.12211203975133,36.859207600711684],[91.14744922359635,36.89835386740202],[91.13388480470515,36.94462304314689],[91.11050048755861,36.92767703970183],[91.10658595742913,36.98312733854444],[91.1569777669813,37.03946800626973],[91.12910973706511,36.99830699766423],[91.13411167787163,36.9617802556527],[91.15124310987699,36.943253048165076],[91.16143419431808,36.96587875758266],[91.16348753115689,36.93225470684553],[91.18778794482219,36.9625373017024],[91.2288837722111,37.05574155693566],[91.21597323102976,37.111174825166096],[91.23125223236826,37.12570653813329],[91.24172143606384,37.18492269582764],[91.2708378641621,37.215877253686415],[91.261146658921,37.25074388750279],[91.2876639113548,37.28051507124776],[91.316169359166,37.402361131984364],[91.33642467564124,37.41062605579691],[91.35227347295327,37.36257094317945],[91.36345414043689,37.38565311459111],[91.3871756773051,37.38654264970174],[91.42538603327229,37.464274856436205],[91.47495822768563,37.45504917826091],[91.47366827848744,37.50402924865277],[91.5722125111921,37.64092133466627],[91.56530927177657,37.668499396032594],[91.52077809327383,37.6432764804906],[91.5071707343375,37.65591639091245],[91.51459619799542,37.68457801496014],[91.63369332370945,37.7549365107097],[91.70913427245462,37.84844894175264],[91.77861501101131,37.8892897317831],[91.79932788523624,37.92665098200531],[91.7714832671891,38.002450327123064],[91.79535515440742,38.057743618387],[91.69081111983948,38.01813497830742],[91.6374932860333,38.05736589349179],[91.66596218352772,38.07929838849877],[91.67271119064682,38.05364656392962],[91.74657039718824,38.14382189015135],[91.87077447102752,38.10611196137968],[91.88660375516324,38.00346235712934],[91.89855904865081,38.015044180489646],[91.92733650120498,37.9523429666402],[91.91769769542518,37.93501886412024],[91.97491508494116,37.898808651747245],[92.07598039771449,37.869566855303574],[92.08074923673917,37.886217407711825],[92.26572463676533,37.87469394109294],[92.2647298020835,37.89092939804016],[92.34146389542303,37.94973699866664],[92.36286033588263,37.93744651972264],[92.3666876549665,37.97270739296934],[92.43868040020394,38.08749811957327],[92.55613313800724,38.24314739237677],[92.54803262873304,38.25543712630805],[92.6021531631549,38.32833392405952],[92.60495921233183,38.37415109342992],[92.62181109268496,38.378314730763954],[92.61355974040607,38.39632710270246],[92.65106497481594,38.42398832134805],[92.6735269639107,38.46956762272764],[92.68371755246096,38.67194444605443],[92.70570018540487,38.67635045663888],[92.69670542714886,38.69530038896513],[92.72031883987296,38.705758039701564],[92.71956035754451,38.67148845642823],[92.76489141819037,38.723724337284274],[92.7238374611978,38.6565110841878],[92.70663202525633,38.56922310300072],[92.72012556182742,38.52663713516711],[92.75412167957924,38.50813556451953],[92.91428828883004,38.58180852614699],[92.95353696548305,38.584710574403736],[93.0063353653312,38.543694172156876],[93.04706059985752,38.556462875296766],[93.07574327156847,38.59105322428835],[93.11052025516175,38.56506400928816],[93.16754816949864,38.59252389211712],[93.178479446169,38.55728109113279],[93.21246450123873,38.555133901835006],[93.30155676982206,38.484851237668025],[93.38704459471509,38.49072665751948],[93.45433416713811,38.52209642332122],[93.44779772712089,38.494976910354445],[93.49895474498453,38.47205524941884],[93.49130412517067,38.43770153626215],[93.5234084593956,38.41958732689898],[93.47948169030964,38.36177963446915],[93.50509399323283,38.39399657369474],[93.57849814571313,38.23741535464704],[93.67299009347984,38.11737151457747],[93.65950240080635,38.085399284199916],[93.72376635480074,38.05966991085947],[93.72798350449648,38.085837643993656],[93.76343983582636,38.09261788173358],[93.86211618973093,38.06725514825074],[94.04164527130158,38.04856872748206],[94.05182340510076,38.09106247755667],[94.04042448350496,38.11460726372372],[94.08965659905355,38.12884628419615],[94.0907156981797,38.113487432408554],[94.18079157775105,38.08920498142267],[94.24510398871257,38.08839050810237],[94.26325352892644,38.06359533927274],[94.31039677121201,38.07956487890421],[94.43109345124114,38.066397046720965],[94.44883135118533,38.03349885832415],[94.49428595349985,38.022409784308294],[94.61964183928485,38.04649840013038],[94.6565707946281,38.092967549525945],[94.70290578846509,38.09049868569105],[94.76572655909692,38.135273506245724],[94.78846805707666,38.116702923324155],[94.84991891300514,38.1857401569372],[94.87534284497595,38.152025927086974],[94.869598936937,38.210561211636836],[94.90098184217908,38.26330289125757],[94.95986635285855,38.32168536338578],[95.00092479035023,38.43605781067476],[95.02086340753617,38.42446770885684],[95.03249142526062,38.47367615448853],[95.01678575838957,38.43522664889342],[95.00149654515269,38.43922829386514],[94.99591696008693,38.46760988406408],[95.04325410523583,38.644203589531244],[95.01717576978814,38.66367580365992],[95.00989358851713,38.75172403515721],[94.98321521998771,38.728378515230105],[94.99147038033252,38.76787870335919],[94.97772905225415,38.77271648701945],[94.99650907158151,38.79748966197375],[95.00529529888205,38.86339997798084],[95.02436456781129,38.88988889872846],[95.05622349459439,39.05246943212063],[95.04862213976399,39.089810931141656],[95.02633704728387,39.094885710065725],[95.03784521302205,39.10560318867913],[95.02721884613476,39.15870743336718],[95.0054675497274,39.16004658916121],[94.97517859456994,39.26169961506646],[94.98914470457385,39.324283726858816],[95.01331854942218,39.36320924482524],[94.99029605089314,39.42435943570122],[94.99080910918445,39.49308017384779],[94.94289400209428,39.45238315672208],[94.87201562404871,39.54062916405202],[94.83246244016308,39.52653274310046],[94.78913303562749,39.474817718498066],[94.83062666191742,39.530328035465],[94.86945937423111,39.54688973447496],[94.93923630894729,39.465120172779294],[94.99190136392059,39.50454481913613],[95.00638670274678,39.48613299701612],[95.00352066587428,39.41825520880292],[95.06395846089394,39.416618924260156],[95.07407359962937,39.45161699671853],[95.06104160256183,39.47101485482746],[95.07147525362997,39.468382008211016],[95.08120565086136,39.50146343362798],[95.10294172113831,39.51670226492643],[95.08728299736718,39.57762414789235],[95.12172734295146,39.66618063423429],[95.08607403583869,39.72815583501387],[95.08683527073161,39.764268826185436],[95.02280322401653,39.84554429314815],[95.05269667636148,39.87671476090725],[94.984953147668,39.97422232674231],[94.99184677768056,40.022588950741635],[94.95957209602008,40.05044688485441],[94.94105075327755,40.005043724905896],[94.92440140936714,40.00614475742241],[94.92130791705947,40.024578414345754],[94.89676175151934,39.99545152348129],[94.88813030256684,40.049986680054545],[94.8413726583773,40.090513613244724],[94.77640969793129,40.20995622797122],[94.77366875376984,40.28572791474354],[94.75202003459928,40.3236121053602],[94.75916296558444,40.496029313810254],[94.80422536900892,40.607498139239],[94.88643579215628,40.60879771865579],[94.89386894367865,40.56036378628421],[94.99914224084071,40.35358427103496],[95.15814995995504,40.195073628092885],[95.25315219817962,40.015437815056465],[95.26139188607502,39.898989548607226],[95.34184287154935,39.73683416503119],[95.33094839095918,39.64036582359828],[95.28192850659968,39.50158900300406],[95.27789185399834,39.43512517917958],[95.30916948553981,39.32552438332219],[95.29830329235313,39.156374396228344],[95.30564519655213,39.13276399986231],[95.32679240051243,39.13285558986997],[95.33267476616757,38.97146535881005],[95.3642549440102,38.97216410311991],[95.48251930144377,39.044227594085875],[95.50410778533825,39.01840486929261],[95.49516208706409,38.95881033275791],[95.50946694405914,38.90533717246217],[95.54350714472085,38.90175877939947],[95.5577656743047,38.85723841540458],[95.56295557296387,38.90775406494088],[95.58823824835858,38.91869529161043],[95.6172531513927,38.88308394766092],[95.58832796436745,38.84422727362018],[95.59121604317119,38.82649328853314],[95.6223969096814,38.84093972529739],[95.63437128759081,38.82890972705397],[95.63339028187491,38.79132921291773],[95.60920286200852,38.76890309321059],[95.601146028524,38.730060646618604],[95.63965998735836,38.64793103624376],[95.62501179062869,38.583607658123725],[95.54181585556078,38.55297008241098],[95.50568833317251,38.45915680690432],[95.45249895499535,38.394985945056696],[95.43711929157082,38.335527962284374],[95.55367102629613,38.29038484674351],[95.65113697375236,38.19802964893291],[95.67843289048291,38.203385631458445],[95.65601048473174,38.18458927838745],[95.71084048374749,38.12657609894737],[95.73216524286033,38.059839746715056],[95.79932754752164,38.01316225858672],[95.79869581768183,37.961127411256385],[95.87882252551975,37.79534370687158],[95.87287772505263,37.76641866415782],[95.82420212733317,37.73980863014114],[95.72384323100879,37.633408573816965],[95.70469234551854,37.593907656861106],[95.6819693828275,37.58868130807692],[95.68179910342722,37.5629222579675],[95.63700277337415,37.49255406784899],[95.68335144996196,37.50108656357998],[95.81753054227806,37.488261209177395],[95.83702527625601,37.470674554741215],[96.01533622642438,37.43048047046172],[96.02660973382199,37.4181065490358],[96.01998808374293,37.39523619086373],[96.06465335462043,37.354686042735096],[96.06008976091906,37.31899660694696],[96.07262729533045,37.31470053624417],[96.11261639445013,37.317914592057114],[96.19382432352592,37.37759215289617],[96.2651635784749,37.405899782337],[96.30946675694668,37.361111373022595],[96.50526049570817,37.36863144913269],[96.5204521493285,37.43294916473215],[96.46500075774325,37.42900237420446],[96.46928034997248,37.45887336752732],[96.52604733601532,37.48204761100624],[96.56018110268568,37.475256402537],[96.55802658723695,37.45066785128117],[96.59139413719137,37.466380906255985],[96.63034182911333,37.46444141722717],[96.64028840185253,37.443465573319415],[96.63096403066297,37.43260280676721],[96.66261986414315,37.41537090859771],[96.65493525802094,37.39383827798511],[96.66684126132246,37.389751967361065],[96.81017403084458,37.54907467287422],[96.84783039199422,37.561338899768764],[96.87523435087175,37.53479778291731],[96.90797619888511,37.5501885553829],[96.89729380428395,37.56057462749571],[96.90748447609609,37.5896057073212],[96.9532058444353,37.632369058644635],[97.00751738622807,37.72772724996097],[97.07678417228402,37.791057655547505],[97.1233553358222,37.810661100299974],[97.1655695842853,37.786030821329774],[97.15743225670701,37.716675392063166],[97.24062261894805,37.731792442349644],[97.32076762548674,37.80813608860902],[97.36199776596465,37.807665352276175],[97.41219524248979,37.87422109769189],[97.44948980426193,37.88689778452091],[97.44639900206167,37.9455256094014],[97.45882714490389,37.97571408534263],[97.45672819487025,37.992409030068174],[97.43535770854763,37.98390109060158],[97.41910842344353,38.01994913855037],[97.3909244352981,38.26729760753614],[97.41998664037023,38.46797838321572],[97.45377536951241,38.52766352532224],[97.53495217555792,38.595618352290685],[97.60463765747144,38.574508861494024],[97.59448361176682,38.637131513135095],[97.60294107159444,38.694493312356556],[97.46904310377987,38.93980146694859],[97.42750756150087,39.106929676711154],[97.43204600979698,39.177528921718945],[97.46262053503165,39.25671117876776],[97.50343157928862,39.290618056981515],[97.52224168795556,39.26442248267186],[97.54812875297708,39.307482985917915],[97.55445714033128,39.35724729226072],[97.53061701166976,39.4672160327254],[97.53817872741662,39.48440337276717],[97.5192255893158,39.48673453118491],[97.50331906145325,39.57680446707553],[97.41959526945277,39.69729515721357],[97.35635872923919,39.858126059555744],[97.33292296702982,39.962461488695695],[97.36869031233527,40.13373501079107],[97.4066706874109,40.18119072859834],[97.42345275770671,40.15140048977378],[97.43533192474558,40.204656606477755],[97.40355147434657,40.20921075805488],[97.36029457132503,40.318070437424524],[97.35240128857806,40.365252286407205],[97.36437204439093,40.438789696812],[97.37995965347449,40.473152399368786],[97.39541589865883,40.45994946200002],[97.41537051154157,40.521475012211894],[97.43490221897692,40.519387336310885],[97.46328565374556,40.565729592371675],[97.43596518489879,40.57929168982751],[97.42612286729593,40.62202856119104],[97.35100587679406,40.74557768059997],[97.29816924640002,40.89681446168845],[97.31280848181878,40.98083884042156],[97.3244094890185,40.97522268342168],[97.35837065523214,41.03923538808335],[97.3494473727892,41.10789990065115],[97.30248527900459,41.15290953977668],[97.22340035708433,41.30918239928997],[97.08428758423835,41.64968108269452],[97.08259702892519,41.73802773897108],[97.09868936871628,41.778704863872534],[97.1436917983643,41.8143746860719],[97.14463475901726,41.83617477011349],[96.9852386320269,42.17785340760063],[96.96715340640003,42.32172059349496],[96.98484336994969,42.394488081501805],[96.98079051862797,42.43869211159804],[96.89462722112043,42.7862506783879],[96.7677790325309,43.02314210640739],[96.71543307655269,43.15037490312115],[96.69747680476281,43.253029201239706],[96.67481179966029,43.29048539209774],[96.66501417364802,43.333328491959364],[96.68470798262004,43.40664938951059],[96.67599437247823,43.4862073735724],[96.71130822330457,43.52948410393999],[96.68649891646743,43.59226634229478],[96.62393889118844,43.65219305154556],[96.6367282251936,43.59732830256959],[96.63191098432577,43.56099316494289],[96.6113420005982,43.53295571047752],[96.5727691732538,43.51672927351247],[96.4661666658562,43.54864977333525],[96.38509478478808,43.64844753047506],[96.25751543525851,43.95883269673847],[96.23759774842637,44.05961565507505],[96.23528221673746,44.23675924267041],[96.29418508857759,44.48133312614302],[96.34888791099827,44.5266398306621],[96.40891673501011,44.52699270801865],[96.44401043109988,44.5183563559072],[96.46492499484239,44.45442367047269],[96.4878957649382,44.46227920069911],[96.4934629370621,44.530384530687954],[96.3926440357673,44.79110064758305],[96.41310339214456,44.85778637779739],[96.385374405643,45.01109430984663],[96.24077827130822,45.3195144555948],[96.23931152171144,45.42428370875973],[96.22704725535539,45.45726011962696],[96.20229662755729,45.4705018587707],[96.17743957184035,45.521420338568994],[96.07886259932674,45.79344311104146],[96.0190945864068,45.86005802199658],[95.95867255413064,45.994564047105435],[95.9071625009889,46.132436564103116],[95.9101039608024,46.17903786098341],[95.92504600736115,46.199413782997084],[95.84031846931565,46.30270322844667],[95.81202400255745,46.37564176742701],[95.71017109998009,46.72409830493383],[95.62998319540753,47.13873369446169],[95.54205283099932,47.39024612296826],[95.558721644987,47.43868287650302],[95.54161142334173,47.44219618612717],[95.53113630233794,47.40783306752652],[95.44466929098265,47.582383470745],[95.29310984672598,47.913815305046946],[95.16916366571154,48.20731300049945],[95.13309924386053,48.37838728646666],[95.16215318411234,48.446624845169545],[95.13882035354447,48.635259122651135],[95.16729174611233,48.690884668901546],[95.20021329698862,48.718192500066024],[95.29338542125137,48.7420527110953],[95.35618134432501,48.71390609928793],[95.38179365951073,48.664258327039626],[95.39632374010228,48.669040739070056],[95.38641690539278,48.77863606013177],[95.32774148617844,48.835991288443765],[95.14223771802165,49.26416776166988],[95.13254656649302,49.34299279522876],[95.1463601594121,49.345236233206506],[95.14512826907935,49.39510932189418],[95.15342626669121,49.41649103526049],[95.17159192603464,49.41738076005517],[95.21215879865282,49.39165375296131],[95.19886348888738,49.427828050231],[95.17447190021545,49.47439228250418],[95.1463721395486,49.49664838296961],[95.11260495439451,49.5642502493669],[95.08349170536934,49.586417084601045],[94.9922086712868,49.755267804992265],[94.99611541750181,49.777651848199255],[94.97573925396293,49.79220693134023],[94.9689483092076,49.82064961548116],[94.94982461065368,49.816744578592065],[94.94746678847365,49.79063823324037],[94.92520696372489,49.796251296456006],[94.86925518291302,49.85293815535978],[94.85196019552342,49.854203494266514],[94.81905464670415,49.91202589090902],[94.75960176668704,49.9650376197491],[94.57237784699936,50.300547643679124],[94.49081563293674,50.425756768308915],[94.47867950644692,50.41005797624894],[94.38676766398956,50.56340806526985],[94.33002920463647,50.704152682649365],[94.26407253655637,50.82199793527324],[94.21207191084434,50.964251616246536],[94.17202576747414,50.97274562719865],[94.11877655573704,51.042163459370045],[94.09063817200959,51.056159115078685],[93.96654466645722,51.34657058852291],[93.95002858149753,51.461847609370196],[93.86949213939003,51.581753961841045],[93.82133109407658,51.70668498183103],[93.83234518263637,51.7634291312571],[93.89209697880221,51.77595897217792],[93.90892415555373,51.80095139967104],[93.95032337407426,51.8043574119432],[93.99526513760509,51.761461714141475],[94.00248522942448,51.770542478753804],[94.02043818108974,51.75461457735838],[94.04049756166125,51.780719329767436],[93.94375039887927,51.899962178886604],[93.85974195057602,52.04503816002328],[93.85220999152232,52.08788431230224],[93.81471903376968,52.140801019300724],[93.78766504786198,52.2043107317824],[93.78095797868568,52.281836461711904],[93.83117354639461,52.252926292965135],[93.82748116547916,52.264953989869795],[93.7456772695085,52.3865666172037],[93.71092003085136,52.497495940767564],[93.6957343080214,52.52522528817917],[93.68292065496125,52.52351613315719],[93.68332714429091,52.60914576979417],[93.70388468389032,52.61936806061473],[93.7215232467085,52.59428890076428],[93.72518322478237,52.61398200765535],[93.73856219196142,52.6059545184999],[93.73337202688195,52.6535239462793],[93.69213811900423,52.6847041592447],[93.67410267594552,52.71604981267297],[93.6835408266446,52.653322144587456],[93.66158675802626,52.654610429152115],[93.65372279608371,52.670942598981924],[93.64774680315537,52.64576922924324],[93.61523422575499,52.6669170271704],[93.45914702950768,52.843980165377374],[93.36676255419695,52.9695585605204],[93.33404293790136,53.0382252507072],[93.32358981029259,53.11621011673267],[93.3344659429062,53.1417491765026],[93.39574171623826,53.095151860699474],[93.37001379569872,53.12292918669135],[93.36375872281292,53.14393735041256],[93.31802749048589,53.176679112799896],[93.31402091072134,53.06621949659761],[93.20232585420854,53.15210529973334],[93.16262540077463,53.200342739783075],[93.11877687991299,53.306741174952066],[93.1537535777239,53.3060560621894],[93.13791993829285,53.32359474148288],[93.13914679735464,53.34689771641223],[93.18047730089009,53.34888116473037],[93.1452624241939,53.40981552789762],[93.15191145642441,53.440204065006014],[93.13548201530443,53.47286775148436],[93.14526770692733,53.50115273321225],[93.11715508170633,53.50895076344878],[93.06184566713856,53.59813918042425],[93.05098828994984,53.598090022204246],[93.05489828417716,53.578297772087396],[93.00055077095318,53.59528173284746],[93.01949482799023,53.512782488463586],[93.00938992113295,53.47933241905547],[92.98733964171382,53.46580092651542],[92.95703845791172,53.458606382630435],[92.80262090246083,53.52475391799865],[92.68262063816786,53.651755809274256],[92.52417152996425,53.78277032237075],[92.2396923963853,54.096536158292544],[92.23668480171318,54.055492603416305],[92.25021322867198,54.05113938558374],[92.24690726991106,54.03918098713602],[92.18590669709836,54.038446416388894],[92.13773690570359,54.063829747887155],[92.02587003486019,54.16062715866786],[91.99476437790929,54.13164615082554],[91.94302359531717,54.132060501524606],[91.86397880207382,54.238009634556946],[91.7932626288729,54.29754301421782],[91.7697901539809,54.29362102660285],[91.74840088510558,54.20981063889711],[91.8052618008178,54.0231474675963],[91.82081370998026,53.99010187145129],[91.85787311578238,53.94715489596796],[91.88854647255924,53.96364625507373],[91.88195157691294,53.9992451514652],[91.8438155566352,54.07809775823814],[91.83867912565185,54.12464115516106],[91.86038041537743,54.137982678611124],[91.89143557124697,54.12730425336073],[91.9288390906304,54.08483216600905],[91.93908668525424,54.04178351246153],[91.92388435155151,53.947764091869885],[91.94935011097218,53.90601887807562],[92.00666365747455,53.84473067348493],[92.00890266865221,53.81820407790652],[91.96313120309023,53.796618929416454],[91.9667913091875,53.74807422804224],[92.05312011083035,53.61591100400231],[92.06874012118347,53.56180000462693],[92.05694179131804,53.54639097361087],[92.00079042427542,53.55876453967756],[91.98535936929854,53.52598359344366],[92.00087228651385,53.47992363083697],[92.07053551568681,53.42512796310278],[92.08391963757107,53.36778097554158],[92.04989086639262,53.37117928425608],[91.99661394404464,53.431595669236216],[91.96157205751788,53.44100885202971],[91.93713004651761,53.41002629170887],[91.92693148362801,53.326911512627696],[91.94414479742461,53.26844591865267],[91.96286412167132,53.248233960549115],[91.97944628238591,53.24815852717828],[92.00705552593496,53.31879053414584],[92.02666647982946,53.30718280924148],[92.0473013400555,53.272549215177065],[92.08315289094568,53.07050655297383],[92.06122335062946,53.07686277438345],[92.0362546557675,53.16825192556481],[92.02325073848313,53.18867675450122],[92.00212754730642,53.19416173546822],[91.92801138337087,53.10149147925473],[91.92674438871808,53.08318442093469],[91.9619054388961,52.99820223102401],[91.93748480631963,52.945972264034026],[91.94283609498453,52.88686502747534],[91.9720972798927,52.82599053297395],[92.02695684924151,52.850520359015725],[92.11506092674782,52.78681450291026],[92.14262378995934,52.80506321669043],[92.16458159538088,52.78732342517603],[92.16942812379268,52.76843997307998],[92.13955928189876,52.72369957604193],[92.14079850088228,52.64301929307818],[92.18999262349436,52.57531672315014],[92.24789542406471,52.465865240026545],[92.27048749780731,52.311286146364516],[92.28874789060453,52.279604394840945],[92.33530367008638,52.240525414770204],[92.289369448477,52.029458548628135],[92.22850584421371,52.055422924404276],[92.19353706820874,52.1057935071406],[92.16700102224098,52.16742291379417],[92.16343471443388,52.12532297520802],[92.1868609034904,52.03066917036735],[91.66039619400674,52.65435278973047],[91.15731007160443,53.273529838144995],[91.0481266902172,53.488605194284276],[90.94415330017796,53.65452768779783],[90.90451688809561,53.70242239401656],[90.79514096028423,53.798479932957775],[90.72626705148545,53.82048922996771],[90.25251317334603,54.40041175313682],[89.64515512103569,54.41866147305469],[88.18214348291046,54.08042974948243],[87.09103428492497,55.39920947434353],[87.0520274258221,55.57306739499704],[87.19367145285199,56.662193160580614],[87.2912668565386,57.02185841881506],[87.37685424174803,57.52669389408547],[87.37645145587952,57.57415288344049],[87.05739636035986,57.90315835558383],[85.98966289197557,56.623641453554406],[85.44438438052032,55.972486041518664],[85.41010646018115,55.932442470316516],[85.32736908352513,55.81269135989287],[85.23386904595536,55.63657368023644],[85.20381449054474,55.59500899435859],[85.10809965396862,55.475107971439364],[84.93753178982445,55.326735977888156],[84.8262956847102,55.17502571552591],[84.77000788378557,55.0826216265618],[84.57071124564455,54.77878366332441],[84.37400142200578,54.33790171895851],[84.27761020368877,53.97402282781492],[84.18603873194212,53.818773259300166],[84.11265354559353,53.727292032471425],[84.08575369586882,53.68063478431022],[84.08255829511742,53.658476444686535],[84.00952039478616,53.568299486960804],[84.01002723182066,53.55260000684179],[83.91144826230548,53.35814983348738],[83.93571881815811,53.376954064415365],[83.90435708230568,53.30832698711213],[83.90499091510418,53.28358551359843],[83.73167956234597,52.96747019378519],[83.66157307565484,52.89296506280989],[83.64263316117908,52.89549990356138],[83.59693676477852,52.840469942739546],[83.5475311847249,52.8088662134914],[83.47955482704032,52.71292792245473],[83.42386065161838,52.68731641759846],[83.34025106333593,52.60297114810698],[83.3170578328844,52.591058106808724],[83.1888525363952,52.41662736722345],[83.05471452447684,52.261535648269444],[83.01818855028898,52.18713370245844],[82.85511596323937,51.98601512353585],[82.76078339525002,51.82453745168333],[82.77518722118802,51.828760645047595],[82.73663188808484,51.76372112222378],[82.650331953169,51.65012922545611],[82.59974438743595,51.59842995766612],[82.4290079249815,51.43482972947403],[82.03590860616697,51.112459880999864],[81.90891956617193,51.05262667954628],[81.7855567026221,50.89130653826352],[81.62577304097877,50.72267378350187],[81.46165245233497,50.42462960489141],[81.32578756009514,50.13395711978975],[80.88821926534983,49.73543538156261],[80.58188229895309,49.45350541767919],[80.28825547029544,48.9771880393934],[80.05304287704578,48.463313221931216],[79.87015784255796,48.23029601649895],[79.81849033603989,48.205030606544426],[79.67992159405564,47.999046739172876],[79.56139121009764,47.87268105696515],[79.44914147320699,47.61111366429718],[79.32909708598262,47.46166911791156],[79.30955266425542,47.30407823808089],[79.2101882779256,47.15192334204111],[78.93252607393379,46.541489057174886],[78.82343601454085,46.24859871538078],[78.71972788670303,45.87901418536299],[78.76245874234701,45.672234003102446],[78.84574916530079,45.4845189672593],[78.83089990878062,45.41414712733586],[78.85813101542917,45.21978174033447],[78.82214127183224,45.04683844374199],[78.69322147185322,44.79792094466308],[78.62355282367082,44.604180637390385],[78.42963659674247,44.3115862370502],[78.40760750552391,44.234275138697846],[78.55562973478294,44.07970699842685],[78.5552181351426,44.0024763794882],[78.63109152219346,43.89931751314221],[78.78280233931572,43.977632572445096],[78.92423790241247,44.01275776502902],[79.00141458260549,44.077541517496385],[79.04623426978208,43.946073021669825],[79.339529566403,44.148366785295295],[79.39481929946758,44.122521561503035],[79.40464756173004,43.74124308834041],[79.35724754988138,43.558610370586266],[79.21427536331316,43.256160042034374],[79.08964076573236,43.0583592040541],[78.96209821831629,42.95719134350293],[78.93198652509597,42.989823862402844],[78.80449043887293,42.89827452901062],[78.80796280555072,43.00534878898855],[78.77368413297532,42.99902378242606],[78.72863366028642,42.9245700682998],[78.74756222371825,42.87837783470587],[78.71396994843431,42.7940973738131],[78.54960041505404,42.69416297598116],[78.5239422223163,42.64131228054926],[78.49406325934658,42.448267821150786],[78.48428858092257,42.22505307662376]]],[[[93.2451233707807,53.608848418326104],[93.18817386780307,53.71413285182014],[93.15143600465419,53.760999270921864],[93.15927820242358,53.77564767883094],[93.13795733348634,53.790450532090304],[93.13787986926292,53.83070959505484],[93.08990584667383,53.887685031013625],[93.08438466052645,53.87529610540457],[93.11867731360653,53.761544738825876],[93.16804425594276,53.701307266558125],[93.178097273195,53.64826274617899],[93.22153570762629,53.60267092254781],[93.2451233707807,53.608848418326104]]],[[[94.16499223618575,53.47274650022128],[94.18767612392995,53.49671707221351],[94.18063739617101,53.61179598393859],[94.11855539520097,53.679471335603225],[94.06124588454458,53.6881121228862],[94.04905219588986,53.67730472278959],[94.0602998486855,53.61570172838667],[94.09119282020181,53.53078881532961],[94.12375320290246,53.48334434079751],[94.16499223618575,53.47274650022128]]],[[[96.3037614820067,54.335346147306666],[96.20504987042571,54.26455113613049],[96.14518785572504,54.24306454706875],[96.15398787293961,54.18805047722993],[96.10808675636659,54.150559600070835],[96.10635293756027,54.12009998395227],[96.07453975862612,54.07586172272373],[96.09092710854875,53.9816961317095],[96.12396081834825,53.93738487537421],[96.15663852925789,53.834806760530526],[96.13781357348782,53.76019269237602],[96.18204964353612,53.65540350596294],[96.27212207310686,53.604244475158644],[96.29119692260147,53.61114032618102],[96.28618609119498,53.585072877659485],[96.33327080345018,53.51664905145125],[96.3847275519486,53.476347651710014],[96.48165327795391,53.36835386290882],[96.52574099902378,53.35234724519937],[96.56575542715376,53.319608534901185],[96.64210585078085,53.29946632124289],[96.7973750648436,53.344223699828355],[96.88228459397307,53.311208361287896],[96.9125914701387,53.319695488317905],[97.00125831596327,53.281496692900184],[97.07905601830404,53.29494046704845],[97.0974348989179,53.45258457185768],[97.11596985059367,53.45786103236991],[97.05349745417884,53.5378943322018],[97.06905632779294,53.614135511705],[97.09904244672559,53.651185169310715],[97.07731251243446,53.69324261283584],[97.100160392149,53.74139311618582],[97.09750996996253,53.783660342762715],[97.0499754766036,53.84302941884914],[97.05524526493502,53.870245239477285],[96.9839932849315,53.88478304091196],[96.96642727507123,53.91552835273514],[96.91794895720733,53.92734776668985],[96.8880574263802,53.98251919112555],[96.88051333804813,54.0355890919016],[96.87051897728367,54.038317158561135],[96.88918070537474,54.116308077582474],[96.88017784691297,54.130212640777444],[96.8722151408761,54.13416392885088],[96.8538932930692,54.128425315778614],[96.86701650172098,54.13522259972236],[96.8716262641621,54.135091686850615],[96.87756129568623,54.13294736476897],[96.94894055362214,54.088696220347174],[96.96002430902882,54.092479186732106],[96.95711923726914,54.12455079016803],[96.97333980538897,54.12860477778861],[96.91281399042457,54.14879831639297],[96.87726893849874,54.183006464794836],[96.87822135105091,54.22507622352508],[96.90033368781938,54.24514142796085],[96.84593327837601,54.28295422958139],[96.85477638214408,54.3069996261067],[96.83057718992907,54.328520307973406],[96.82189805857847,54.36099191625786],[96.77419776197735,54.3786170403332],[96.78949733225443,54.427242143789925],[96.72499624267869,54.470963991770205],[96.72071238487986,54.485113426534184],[96.75267880779337,54.490219376603676],[96.75694021915444,54.50640937214105],[96.72963325525413,54.54432007125926],[96.70608450412354,54.554016339734616],[96.70383924605318,54.577151037608765],[96.67503208866319,54.60722501315529],[96.6808316833025,54.69295095015906],[96.65459752714008,54.75291554623165],[96.6288765872733,54.764431446962256],[96.58643255153692,54.8235755209275],[96.59036030205904,54.84130876303012],[96.63530269253954,54.85892230313878],[96.56743754996006,54.8912674884385],[96.55597224439502,54.92551154104658],[96.56021335025278,54.94103918275535],[96.59308597383205,54.93165702600653],[96.61483801479531,54.95360203539308],[96.56544556005518,54.97050473196242],[96.51812622053268,55.015436778217754],[96.49070922188574,55.06574737801842],[96.49883463533246,55.122181863716456],[96.44749580815143,55.14096309617061],[96.41939996674274,55.17716203924642],[96.38545348940045,55.19189550731542],[96.27219319221669,55.16164872481513],[96.25951020655769,55.09174660966742],[96.28389322496923,55.041559363242534],[96.28424521060032,54.9930914163904],[96.26706956015893,54.97037509728303],[96.23481661492089,54.97655702491418],[96.2143094526694,54.93553850894128],[96.22653209125737,54.92936612679915],[96.23709593419545,54.89430431916495],[96.29677186175137,54.87306771888781],[96.29972645239197,54.84445382699603],[96.25334088517495,54.84329195175246],[96.27184923224038,54.83373890550628],[96.28019956513663,54.80851538817288],[96.25265095004372,54.775034244964964],[96.36511601044086,54.69073378674812],[96.3971489458215,54.54621917402138],[96.41646861427942,54.54525343437282],[96.44625273916446,54.48464792982438],[96.40073390281147,54.39128458635749],[96.38724693512373,54.39647023046795],[96.3037614820067,54.335346147306666]]],[[[94.3475574027342,53.339797428876984],[94.3983206852044,53.292377897577474],[94.42988018918794,53.29272944268422],[94.4413860887832,53.32757837534168],[94.40312572191576,53.51815355273126],[94.33846351646413,53.55706866501082],[94.31270500888246,53.55459712600003],[94.23733540112708,53.60500741859263],[94.28570591835631,53.36412573991526],[94.33476945830199,53.31390668108835],[94.3475574027342,53.339797428876984]]]]}},{"type":"Feature","properties":{"Level":"ADM1","shapeGroup":"MYS","shapeID":"MYS-ADM1-15666254B83933575","shapeISO":"MY-14","shapeName":"Kuala Lumpur","shapeType":"ADM1"},"geometry":{"type":"MultiPolygon","coordinates":[[[[62.85744352074685,55.62122578416464],[62.93517781797371,55.55873735303641],[62.90879440409605,55.13630773495424],[63.20170976589726,55.32230488842257],[63.69951977484729,55.111823835633494],[63.9681923162129,55.18831390568007],[64.05286992862627,54.98657533427092],[63.655042285712234,54.567554359655524],[63.78971437262079,54.49838418103112],[64.1415752075634,54.48320159439534],[64.4249316131404,54.02890250549326],[65.22105542640554,54.45575777733413],[65.1831971423267,53.47240985742871],[65.1766691198118,53.0027652191943],[65.60515207075352,52.70084266541635],[65.19784704847089,52.57098911985167],[65.1628810346773,52.28965621220123],[64.71602001455885,52.14906914849159],[64.11591645692287,51.696992413255415],[64.46681409998385,51.65058781642843],[64.57582565918388,51.448427514213876],[64.4219459778941,51.29998589651275],[64.57973203080273,51.19855962120417],[64.48709251737489,51.1587194489296],[64.5875357515892,51.11620267535065],[64.81219578815079,51.17911630059379],[64.9004914193873,51.13009097299823],[65.31406081890418,51.19443623306361],[65.45084473576418,50.95343983554169],[65.80570337608627,50.84649043589698],[66.39095677690251,50.90342225237344],[66.4231813276651,50.759752659615245],[66.68717991162703,50.857792539989006],[67.62824791920568,51.028458839480486],[68.2761136640748,51.21720407858051],[68.66875462162342,51.206132362815886],[69.22554709059327,51.30723962932742],[69.72135882110774,51.47596477264166],[69.66526319727134,51.555281315125974],[70.0117156548122,51.70228428600255],[70.61142492725267,51.92648162559142],[70.6418953539183,51.78248130739313],[71.06115218587695,52.24296051733604],[71.47839623703928,52.432751435360885],[71.62959573961108,52.45489734757841],[71.7652683689428,52.22483718769183],[72.13671804513693,52.342003578434905],[72.31274113455693,52.09596818622092],[72.63139728911503,52.19430663184396],[72.67216939712117,52.115900258288974],[72.39052644330008,51.95007052066779],[72.4408755444158,51.85512533249357],[72.9911713949345,52.238693591784354],[73.28693105425495,52.36919973569093],[73.39351696310865,53.247175075044666],[75.40011081532472,54.082861411371475],[75.65727567536976,54.93563893467481],[75.55579384109139,54.90885001193605],[75.67257508817241,55.085712102665155],[75.46820445688478,54.98284235044908],[75.35345032429247,55.29717372016262],[76.08463467575697,55.96635828218755],[76.27189783515674,56.20261761739704],[76.11380875512596,56.305856808186014],[76.43900044612826,56.50160949564565],[76.42652908323943,56.63610333199124],[75.76183677821844,56.63289021483708],[75.34172384893532,56.424212672063284],[75.17031538400497,56.467905242974126],[75.1288079324131,56.6473803455785],[75.50342835930518,57.142997853148714],[75.28738419319589,57.48885036869255],[75.03448068493456,57.64898628835381],[75.66039109381887,58.107626437775174],[75.54825240777868,58.19068001059368],[75.88608713570382,58.36872119607662],[75.78526953970362,58.50286505723072],[76.32584269766457,58.556716659367794],[76.37964593345905,58.73604944710898],[76.72169911663183,58.99794026090743],[76.64490339254651,59.01333165274622],[76.55598837603824,59.022855653588636],[76.75798807718824,59.17317323849545],[76.61136717703268,59.1934569298361],[75.86006589025456,59.09215897885605],[75.6179367109834,59.204774489947596],[75.39341515024526,59.20591867772916],[75.38349917777754,59.587892397682964],[75.06160715392521,59.65089375760867],[75.07695892745139,59.712445573805375],[75.35170617576816,59.95044488096762],[75.71066038475426,59.93409722898972],[76.2081416475641,59.77605951218384],[76.78730523739797,59.853071895717804],[77.1874702409675,60.21213837936904],[77.25613128688506,60.35288638230327],[77.19152346382697,60.359132561083015],[77.34842318057078,60.40706493933709],[77.44280387866637,60.515309438227376],[77.45512906367236,60.85254938130909],[77.303282444928,60.94647992297947],[77.16357972355611,60.94031071981433],[77.17241356862863,61.02237803449326],[77.03619890912947,61.03648167021391],[77.03655240145838,61.307675085169976],[76.68503014021503,61.55122252076457],[76.86095578606215,61.80673685919169],[77.2015068332974,61.88163110744278],[77.0496802588593,62.048709891271045],[76.97099525162366,62.07299240353065],[76.97123765888254,62.022250083583955],[76.50126808377858,62.15745507614475],[76.37963509115164,62.23174723339608],[75.87066884752211,62.19628002047794],[75.79373679152692,62.23760152668701],[75.75801475019423,62.17890682200912],[75.17480016519247,62.06615021804866],[75.03008201187527,61.92633068234506],[74.60236913686036,61.85551723618362],[74.75369967528641,61.78489550930141],[74.41811077145617,61.70140972807209],[74.10931641512195,61.88539453924108],[73.89899547118729,61.84454508460182],[73.81224901160307,61.906522226286185],[73.3877275084502,61.92231414883172],[73.3289434505131,62.020640465868276],[73.52776537375763,62.2672296605616],[73.10471866043561,62.32499326337255],[73.26640295319567,62.52577452952072],[70.6487459932005,62.583738115906336],[71.01182325979796,62.80667824074736],[70.87077352981741,63.334898613755115],[70.71455375341962,63.392142376038734],[70.39967580228094,63.30531754727846],[70.30070107728993,63.20923373354028],[70.17412904973473,63.25020686852938],[70.03788604620718,63.24613444357172],[69.70675833830683,62.98383174071552],[69.42264668448024,63.02681135207944],[69.25300850566475,62.89711494235785],[68.42363448186559,62.81667945607077],[68.32603807393154,62.73747318897544],[67.58647919973907,62.63786692312687],[67.37869597943353,62.438700986653515],[67.1492500606513,62.42694132015211],[67.07406603718817,62.364638231683934],[67.03609853310277,62.1308639958076],[66.39350056988187,61.76458642269884],[66.2948906580489,61.773855950868004],[64.48542608608618,60.409349545127],[64.22972546003376,60.2119307014011],[63.974251894981805,60.104818982161596],[63.19435503424094,58.48767909109891],[62.47725973530125,56.87171722858855],[62.330403914851395,56.46993608403728],[62.41272284216213,56.04009079402436],[62.615116868986505,55.78505811462185],[62.765182192400616,55.795645604361766],[62.85744352074685,55.62122578416464]]]]}},{"type":"Feature","properties":{"Level":"ADM1","shapeGroup":"MYS","shapeID":"MYS-ADM1-15666254B15209756","shapeISO":"MY-04","shapeName":"Malacca","shapeType":"ADM1"},"geometry":{"type":"MultiPolygon","coordinates":[[[[75.73474604326309,40.44513669141082],[75.84151589843708,40.46334671951065],[75.88918842501326,40.356512525172676],[75.93210975320817,40.351578974915384],[75.96278653295539,40.50693888140426],[76.03174668313326,40.62190793672024],[76.02648558709842,40.71943719150468],[75.89755420119049,40.632327009388234],[75.81572223166116,40.634920828844706],[75.73474604326309,40.44513669141082]]],[[[82.59974438743595,51.59842995766612],[82.62932017183226,51.709909339959744],[82.38699282906447,51.6376855912402],[81.97482908897078,51.722632479105634],[81.32974795606671,51.54975777336948],[81.54791395266373,51.81757992080352],[81.00929717713672,51.80481956950614],[80.94895913479371,51.77290676895417],[79.56009409597704,50.89087286994764],[77.8388148280684,50.035633468994746],[76.7597765717894,49.53688786170798],[76.72637590677667,49.54168182576109],[76.79372206109971,49.63175346870145],[76.6736854707153,49.64557076692098],[76.71862716435405,49.69359976275334],[76.50846234519813,49.5868597381477],[76.57973912477925,49.64271906017346],[76.42194093733944,49.60892853385111],[76.54002700463134,49.72906455756574],[76.35037375848587,49.69679789764709],[74.34375949632984,47.50940380977445],[73.92501784448453,47.223418753378105],[72.4524866330053,46.067911242890915],[72.39464695169579,45.98908833526776],[72.43402312280017,46.1306997172245],[72.35210550630508,46.08581229679623],[72.21504882480828,45.96310404221666],[72.03406132342579,45.856166521931634],[71.75656935167767,45.49099973718559],[71.65585867554088,45.32467438376398],[71.62379861674705,45.23640437878559],[71.46023096502284,45.013348817662795],[71.4791515278698,45.01218329602453],[71.59554604613977,45.131616830102864],[71.5815185575069,45.101360464745675],[71.29188302953062,44.79466340096883],[71.06469256436593,44.69111863521164],[70.9173829421635,44.61009677956541],[70.6939178640926,44.455975041827585],[70.63283977034271,44.38185550991259],[70.43183526408886,44.27173167700309],[70.41238190876808,44.274694857587164],[70.2752409854597,44.158435822002],[70.19677535551048,44.14566757985951],[70.34954474954334,44.322954295789465],[70.3040578117749,44.30575595814716],[70.15284197600016,44.19281891705879],[69.95554821242116,43.89984958535855],[69.67198491624401,43.57882761397806],[69.4978277415588,43.28593482378859],[69.28250594919326,42.9724433425032],[69.18534931784515,42.70320100202156],[69.11045298390205,42.572062014478796],[69.06893299230603,42.355891292451425],[69.05299278114924,42.31476392657825],[69.02569026106367,42.3040356855681],[69.0051150173731,42.19369784450568],[69.04078804623121,42.0171889808535],[69.0824313279156,41.94130334260118],[69.21021580993616,42.063208052299224],[69.29258156388212,42.08337176420156],[69.29320692224229,42.13452217866357],[69.31184350865158,42.186253533197885],[69.42968620347696,42.295390205219036],[69.55285383741911,42.33569681483622],[69.72080455805306,42.2914421731207],[69.77423544447149,42.30621307431192],[69.84185871581703,42.37787288246902],[69.91224399720521,42.3776671581323],[69.99692985001478,42.288502320478955],[70.07535839021978,42.16047443134235],[70.28563172687521,41.65449537929203],[70.31276942657391,41.67950412611686],[70.36034487595745,41.640962002356545],[70.42780736516013,41.67791683774132],[70.52865190412973,41.53325045080424],[70.58584066971527,41.52704063096131],[70.71954137318235,41.369323719256386],[70.74205062045314,41.47370863898626],[70.81643909727413,41.523394482847024],[71.02786569958502,41.48509770225482],[71.46219924907966,41.21711749950421],[71.90816942760455,40.80232866029162],[72.094432340782,40.90776039026075],[72.07967275851503,40.95853840656813],[72.19303653117268,41.05939735649889],[72.47357769094793,41.159510988917084],[72.52074998210094,41.09533473643686],[72.55830474959434,41.15189789695289],[72.65798557374546,41.16867165773605],[72.58085415850263,41.047873016069424],[72.61923436626378,41.010362328649244],[72.57487671207636,40.920155386253526],[72.69681490893893,40.81316507953268],[72.75973258878676,40.94051532267019],[72.91448693523623,41.02812224450706],[73.04406865248657,40.98563529708364],[73.04660450375646,41.04517171171125],[73.0806398991607,41.056558044905096],[73.07906253639146,40.99726766822059],[73.16470468509343,40.98222551019918],[73.24329918544753,41.014524981763095],[73.27625536902136,41.10634005138479],[73.31225614527122,41.102895838045555],[73.40364603732411,41.06264215007347],[73.39186655365582,40.97399202573749],[73.49039001356036,40.948683548945155],[73.59227037032903,41.02254251955755],[73.54209132332309,41.05849147044506],[73.56978834486786,41.15454920784376],[73.59873716998402,41.16346855419566],[73.62464563009434,41.09002550056326],[73.70284637799004,41.15315944191864],[73.84221540281813,41.12744584632895],[73.90804039334157,41.17164683550048],[73.93342157856179,41.12546351551953],[74.07415100707186,41.20310771994517],[74.2062691655634,41.214528076628966],[74.21281527862904,41.249715292986664],[74.28414315010207,41.24419335091164],[74.3809397139984,41.346664446348335],[74.78414603204291,41.340761205127826],[74.83255162495325,41.35083672444148],[74.84975533347495,41.38439613057382],[75.19396032092887,41.47252286237358],[75.34473613071897,41.47913400758839],[75.51308761625542,41.39974214499131],[75.60774980105471,41.45608858265966],[75.65517870244648,41.46338745777233],[75.66296040187227,41.43219168211995],[75.67093638794572,41.47217307461334],[75.8567788885021,41.53695119099697],[75.87354560146635,41.594927165866935],[75.88695031339319,41.54489543715151],[76.153345908287,41.565028138960116],[76.25369263441081,41.52163259671112],[76.65472671631677,41.51959252088315],[76.79442366534822,41.58942659161631],[77.07813095117613,41.8202423194077],[77.22033081394504,41.892313134045196],[77.42540898920592,41.94125555296752],[77.78386171244435,41.95346320884106],[77.89682794167197,41.99327089015217],[77.98757305553526,42.09934161304943],[78.15517300687884,42.18047517765851],[78.38053166572833,42.23687136257949],[78.48428858092257,42.22505307662376],[78.49406325934658,42.448267821150786],[78.5239422223163,42.64131228054926],[78.54960041505404,42.69416297598116],[78.71396994843431,42.7940973738131],[78.74756222371825,42.87837783470587],[78.72863366028642,42.9245700682998],[78.77368413297532,42.99902378242606],[78.80796280555072,43.00534878898855],[78.80449043887293,42.89827452901062],[78.93198652509597,42.989823862402844],[78.96209821831629,42.95719134350293],[79.08964076573236,43.0583592040541],[79.21427536331316,43.256160042034374],[79.35724754988138,43.558610370586266],[79.40464756173004,43.74124308834041],[79.39481929946758,44.122521561503035],[79.339529566403,44.148366785295295],[79.04623426978208,43.946073021669825],[79.00141458260549,44.077541517496385],[78.92423790241247,44.01275776502902],[78.78280233931572,43.977632572445096],[78.63109152219346,43.89931751314221],[78.5552181351426,44.0024763794882],[78.55562973478294,44.07970699842685],[78.40760750552391,44.234275138697846],[78.42963659674247,44.3115862370502],[78.62355282367082,44.604180637390385],[78.69322147185322,44.79792094466308],[78.82214127183224,45.04683844374199],[78.85813101542917,45.21978174033447],[78.83089990878062,45.41414712733586],[78.84574916530079,45.4845189672593],[78.76245874234701,45.672234003102446],[78.71972788670303,45.87901418536299],[78.82343601454085,46.24859871538078],[78.93252607393379,46.541489057174886],[79.2101882779256,47.15192334204111],[79.30955266425542,47.30407823808089],[79.32909708598262,47.46166911791156],[79.44914147320699,47.61111366429718],[79.56139121009764,47.87268105696515],[79.67992159405564,47.999046739172876],[79.81849033603989,48.205030606544426],[79.87015784255796,48.23029601649895],[80.05304287704578,48.463313221931216],[80.28825547029544,48.9771880393934],[80.58188229895309,49.45350541767919],[80.88821926534983,49.73543538156261],[81.32578756009514,50.13395711978975],[81.46165245233497,50.42462960489141],[81.62577304097877,50.72267378350187],[81.7855567026221,50.89130653826352],[81.90891956617193,51.05262667954628],[82.03590860616697,51.112459880999864],[82.4290079249815,51.43482972947403],[82.59974438743595,51.59842995766612]]]]}},{"type":"Feature","properties":{"Level":"ADM1","shapeGroup":"MYS","shapeID":"MYS-ADM1-15666254B9163985","shapeISO":"MY-05","shapeName":"Negeri Sembilan","shapeType":"ADM1"},"geometry":{"type":"MultiPolygon","coordinates":[[[[65.78151140939924,42.6157832948179],[65.7652266416251,42.54691831340807],[65.78465451741188,42.53090267908273],[65.89237656606471,42.55231848223352],[65.90850439548004,42.54610863317988],[65.9125571273469,42.50363044966082],[66.00246487836864,42.564779800249184],[66.00506783470165,42.48045570577308],[66.1516922481804,42.595951167646064],[66.15132365071442,42.650499743894834],[66.18794811505275,42.721972981568605],[66.34683125564034,42.88133048873425],[66.6509792478195,43.04336760927349],[66.97652799902471,43.12395131185139],[67.01873246416511,43.10460506031427],[66.99458544160186,43.029553927374806],[67.01365287662982,42.9777387330392],[67.08124913680358,43.06296039496616],[67.13719507988762,43.07085685288564],[67.15647517905447,42.93941609548824],[67.10718219976772,42.81401621599673],[67.06317795655258,42.7567628555816],[67.05588743667167,42.71717589537321],[67.08697049943756,42.74062292199798],[67.09939679556595,42.72171871988752],[67.10040505808968,42.632331532851026],[66.98203611120684,42.34564837453499],[67.01020350713998,42.24402938277122],[67.01065149550134,42.16820802574034],[67.13070214202482,42.30486916554153],[67.15169624065612,42.381362590976394],[67.1824311047404,42.43367769656704],[67.33186493621247,42.559486386673996],[67.33152127288443,42.53192632560389],[67.36866739816602,42.54335467769391],[67.37235341779419,42.504400970143465],[67.38618472656668,42.52722442591806],[67.424635404347,42.45373948768609],[67.52296343555128,42.448645006317335],[67.56898753112579,42.366572791471924],[67.57105160656057,42.30193637275437],[67.62383840789215,42.29136766293004],[67.68206595152725,42.22220350100754],[67.68050765534659,42.16566742196741],[67.64890710813955,42.13870641729224],[67.64214316415854,42.089146534039635],[67.65638735965217,42.05967472670983],[67.69399682525957,42.09748450587097],[67.68974662062946,42.05643743642415],[67.71944952743772,41.98643181168632],[67.72285876662656,41.88576775302109],[67.75728319781548,41.934686023992114],[67.81054038587777,41.841497194341784],[67.8299819937227,41.748395576097266],[67.82007470514463,41.64819645599375],[67.83717763136356,41.66388638550615],[67.87897564621198,41.51818317107132],[67.88118813211572,41.15620435999859],[67.81279919363453,41.033530084941546],[67.77842400513072,41.00223151993978],[67.86005890667927,40.91557520576819],[67.88814868026566,40.96068676398495],[67.92570554925719,40.98639595543762],[67.96564844432126,41.13050375787423],[67.95732411008878,41.1555962079073],[67.98892359039091,41.27433163755624],[68.1397695960329,41.570307273503744],[68.3002891204446,41.76081097973009],[68.38761481992914,42.05089800549972],[68.55811931804601,42.304747567208935],[68.62436078046193,42.357947465315334],[68.69254876957517,42.35084114775461],[68.72369254822426,42.27619252825493],[68.84755838349177,42.2681293714469],[68.90301410715115,42.37739540736155],[69.00014293693215,42.41683991799268],[69.01983824340938,42.37530301615442],[69.02569026106367,42.3040356855681],[69.05299278114924,42.31476392657825],[69.06893299230603,42.355891292451425],[69.11045298390205,42.572062014478796],[69.18534931784515,42.70320100202156],[69.28250594919326,42.9724433425032],[69.4978277415588,43.28593482378859],[69.67198491624401,43.57882761397806],[69.95554821242116,43.89984958535855],[70.15284197600016,44.19281891705879],[70.3040578117749,44.30575595814716],[70.34954474954334,44.322954295789465],[70.19677535551048,44.14566757985951],[70.2752409854597,44.158435822002],[70.41238190876808,44.274694857587164],[70.43183526408886,44.27173167700309],[70.63283977034271,44.38185550991259],[70.6939178640926,44.455975041827585],[70.9173829421635,44.61009677956541],[71.06469256436593,44.69111863521164],[71.29188302953062,44.79466340096883],[71.5815185575069,45.101360464745675],[71.59554604613977,45.131616830102864],[71.4791515278698,45.01218329602453],[71.46023096502284,45.013348817662795],[71.62379861674705,45.23640437878559],[71.65585867554088,45.32467438376398],[71.75656935167767,45.49099973718559],[72.03406132342579,45.856166521931634],[72.21504882480828,45.96310404221666],[72.35210550630508,46.08581229679623],[72.43402312280017,46.1306997172245],[72.39464695169579,45.98908833526776],[72.4524866330053,46.067911242890915],[73.92501784448453,47.223418753378105],[74.34375949632984,47.50940380977445],[76.35037375848587,49.69679789764709],[76.54002700463134,49.72906455756574],[76.42194093733944,49.60892853385111],[76.57973912477925,49.64271906017346],[76.50846234519813,49.5868597381477],[76.71862716435405,49.69359976275334],[76.6736854707153,49.64557076692098],[76.79372206109971,49.63175346870145],[76.72637590677667,49.54168182576109],[76.7597765717894,49.53688786170798],[77.8388148280684,50.035633468994746],[79.56009409597704,50.89087286994764],[80.94895913479371,51.77290676895417],[81.00929717713672,51.80481956950614],[81.54791395266373,51.81757992080352],[81.32974795606671,51.54975777336948],[81.97482908897078,51.722632479105634],[82.38699282906447,51.6376855912402],[82.62932017183226,51.709909339959744],[82.59974438743595,51.59842995766612],[82.650331953169,51.65012922545611],[82.73663188808484,51.76372112222378],[82.77518722118802,51.828760645047595],[82.76078339525002,51.82453745168333],[82.85511596323937,51.98601512353585],[83.01818855028898,52.18713370245844],[83.05471452447684,52.261535648269444],[83.1888525363952,52.41662736722345],[83.3170578328844,52.591058106808724],[83.34025106333593,52.60297114810698],[83.42386065161838,52.68731641759846],[83.47955482704032,52.71292792245473],[83.5475311847249,52.8088662134914],[83.59693676477852,52.840469942739546],[83.64263316117908,52.89549990356138],[83.66157307565484,52.89296506280989],[83.73167956234597,52.96747019378519],[83.90499091510418,53.28358551359843],[83.90435708230568,53.30832698711213],[83.93571881815811,53.376954064415365],[83.91144826230548,53.35814983348738],[84.01002723182066,53.55260000684179],[84.00952039478616,53.568299486960804],[84.08255829511742,53.658476444686535],[84.08575369586882,53.68063478431022],[84.11265354559353,53.727292032471425],[84.18603873194212,53.818773259300166],[84.27761020368877,53.97402282781492],[84.37400142200578,54.33790171895851],[84.57071124564455,54.77878366332441],[84.77000788378557,55.0826216265618],[84.8262956847102,55.17502571552591],[84.93753178982445,55.326735977888156],[85.10809965396862,55.475107971439364],[85.20381449054474,55.59500899435859],[85.23386904595536,55.63657368023644],[85.32736908352513,55.81269135989287],[85.41010646018115,55.932442470316516],[85.44438438052032,55.972486041518664],[85.98966289197557,56.623641453554406],[87.05739636035986,57.90315835558383],[87.06965123137955,57.91719076134163],[87.05305388365721,57.91156985777177],[87.05224070735179,57.92305575015948],[87.06649008417429,57.93101264013631],[87.0898609189118,58.007684332573774],[87.10557373904584,58.018892782962055],[87.11804479050949,58.0464400116761],[87.1450148359409,58.07344231777696],[87.1771165190662,58.15244202776688],[87.21449637405436,58.22123723252754],[87.22698259326575,58.29792097511692],[87.15041210418812,58.35871186366222],[86.74723188718559,59.32055514051025],[86.71473981499112,59.619645288996054],[86.70494054884061,60.14650363877833],[86.00294250480043,60.47758083933231],[85.58531477806054,60.77518437266474],[85.54188252725659,60.94867498257851],[85.52467929729033,60.959446964250525],[85.48833540084937,60.954956617508856],[85.47336292164587,60.93239807542691],[85.43567841837267,60.93783437247906],[85.42284260028707,60.99399048863338],[85.34933329529652,61.00257800761057],[85.34175041712012,60.94489443380019],[85.32216163057707,60.91458469138866],[85.30622246716881,60.9131467928475],[85.26968868286636,60.95335122287207],[85.15993883099267,60.96138147291186],[85.01241382584718,60.870893056378094],[84.95579704800484,60.87185035674135],[84.88600486579075,60.8093427835321],[84.8506206669164,60.71369425785911],[84.83144268639747,60.71759417366083],[84.82871499787298,60.767810327125446],[84.81441519973764,60.76900896701709],[84.71113150269727,60.725248532876286],[84.66567345190805,60.768579929585286],[84.70955328181809,60.8916285342152],[84.68298262876496,60.92021796475494],[84.69173311245865,60.973240207741874],[84.74517169278525,61.01663031073553],[84.75517948884783,61.04580347199932],[84.73798646495241,61.13732036444827],[84.75415752896015,61.17961986450624],[84.74940120375244,61.23970066345068],[84.70614435697732,61.34146424162462],[84.65017876918165,61.360480074640364],[84.6195495302195,61.348288350136116],[84.57138366981242,61.39636425221742],[84.52631757813896,61.386951272538],[84.46294293924038,61.397781862645104],[84.43698916919857,61.381563563776766],[84.37124022654645,61.3794723347953],[84.25907137394384,61.44652182965935],[84.25708988972124,61.462261070175956],[84.18352961496487,61.52237342281225],[84.1125526521806,61.529068743751026],[83.9931522348551,61.59242264952725],[83.9231205697761,61.65723919423484],[83.97678042414577,61.66366074893277],[84.00329007495225,61.71808325740244],[83.99287174179025,61.785168497097175],[83.95012782225054,61.81438903460791],[83.97228739061356,61.92233438925306],[83.94418732951071,61.950613391938695],[83.91122380032478,61.94038467146268],[83.82474840874245,61.971253050808464],[83.63617836553549,61.972800298159044],[83.54834506675905,62.12131686059721],[83.4954743586079,62.129913584259185],[83.40951454004819,62.19254393852244],[83.33592760315419,62.15937798452161],[83.31663298526666,62.08470828558225],[83.243573400504,62.02445863521926],[83.14696867735233,62.02172188602376],[82.95069708658806,61.92081059508247],[83.18653146507336,61.92492966547723],[83.21535282823233,61.900226346746564],[83.21050678194239,61.8550539209195],[83.26382054656528,61.84710925439055],[83.29916134843049,61.807121778011876],[83.22001548408525,61.74623931308035],[83.26365288645503,61.68438139285056],[83.34434033141056,61.63910643232564],[83.40081119486821,61.30789011097896],[83.36239987023816,61.24409988325698],[83.3627432434132,61.18769564038842],[83.2813245240896,61.145686213437386],[83.2354815475213,60.93286242538841],[83.06002630330042,60.82672778890741],[83.11290206289728,60.746534940398845],[83.04615495623474,60.60631054556214],[83.07579000516415,60.58863378993749],[83.06170492808008,60.540820505171155],[83.13617503162672,60.53600288679265],[83.1211236195868,60.515227641533976],[83.1474456710894,60.51031984456144],[83.20307772768172,60.45412297730029],[83.1697757915766,60.34662948401494],[83.03665884453858,60.22633475896923],[82.82363057592298,60.075668634571976],[82.74703410615999,60.0296685233368],[82.7224664642734,59.97289079854382],[82.67722783719333,59.441346782374815],[82.6542953777865,59.30333614192802],[82.71906180476643,59.18799970310896],[82.66014825663606,59.01389725574805],[82.67942716419836,58.965452971062255],[82.65755283801624,58.902952776071366],[82.6754963314493,58.801950963853805],[82.66051999473783,58.738879113191835],[82.60006715733444,58.640756776592745],[82.41224083349536,58.42449076858618],[82.31838032531759,58.30785602830687],[82.22265298715598,58.10455275200448],[82.16773615971672,57.788363419239985],[82.02147660226834,57.67733725725676],[82.00017282460905,57.53033710684319],[81.54205590402935,56.56871090242748],[79.39449088831137,53.877677679939566],[74.6267975746277,50.464387355339106],[71.78875199637822,48.70418224821012],[71.12304315286791,47.65635450158816],[67.72919483371636,44.653398818332064],[67.6093505022972,44.58622404920958],[67.39705755904092,44.490653773227535],[67.3433854934757,44.42594070777607],[67.36909124197366,44.437804050131675],[67.3520327397753,44.411432739531506],[67.3029356603735,44.372792377912766],[67.23984826660849,44.29915120665136],[67.24246430792144,44.27513361199719],[67.17960410507466,44.19471974225357],[67.11591620337295,44.15943519652321],[67.05281712281548,44.107085129756655],[66.8046824853126,43.925934314034265],[66.7741957165708,43.86364024846313],[66.86826631573699,43.8635527876845],[66.78326903029397,43.726341472800975],[66.69563695228769,43.671351472468444],[66.36866403691032,43.47772825096173],[66.2792996972999,43.38885723883111],[66.14385819581975,43.20950432816569],[66.21077462110185,43.16317633692972],[66.19994443907612,43.0246317072129],[66.15353964301858,42.966291005870985],[66.11290074451239,42.97364626831599],[66.09569526142857,42.9799983098432],[66.02569533953216,42.95622263116641],[65.94094602363911,42.86516748643663],[65.80715509400278,42.66604960878107],[65.78151140939924,42.6157832948179]]]]}},{"type":"Feature","properties":{"Level":"ADM1","shapeGroup":"MYS","shapeID":"MYS-ADM1-15666254B47747650","shapeISO":"MY-12","shapeName":"Sabah","shapeType":"ADM1"},"geometry":{"type":"MultiPolygon","coordinates":[[[[197.34280347845726,67.45530071368],[197.38217177112637,67.35661170681844],[197.39439444479103,67.35741983239654],[197.4397467695009,67.39251356869164],[197.4059390906815,67.43400725688565],[197.34280347845726,67.45530071368]]],[[[199.1861529308772,67.34583061505126],[199.07950339209134,67.43602136629136],[199.0546068985858,67.47359566038708],[198.94520296331288,67.47116214286685],[198.7182809092361,67.52408023890234],[198.66970908677513,67.51198661996338],[198.5633118911265,67.55361711373124],[198.5329134146604,67.592021300027],[198.4689624898429,67.62294580300431],[198.37953035793558,67.64574131555662],[198.35475448868044,67.67742165609548],[198.3541987819446,67.77572884056386],[198.22600803579888,67.82081887299265],[198.1795330941479,67.86366735090338],[197.83287137969234,67.86360498144212],[197.75016087771593,67.87538806547973],[197.6924975095085,67.86996683754236],[197.61336787689834,67.82446959017452],[197.5567779728799,67.75255073044427],[197.392585491313,67.639728988402],[197.331434667157,67.56870150193205],[197.3232307750112,67.54338515472014],[197.3354248652953,67.47701529914877],[197.42680690459702,67.44056065946499],[197.5312203152223,67.35520185429326],[197.58406533224024,67.34752578791782],[197.5890525748555,67.32043013543384],[197.60861186686333,67.30326744305115],[197.66446082664294,67.29434508556167],[197.67044029447106,67.28264136065692],[197.7048788635683,67.2658545474223],[199.1861529308772,67.34583061505126]]],[[[204.94712850715888,68.5513141391805],[204.90931230676586,68.50450540227672],[204.95754114892338,68.49741504083886],[205.01309054079252,68.51008904775443],[205.05103909598574,68.53312397131556],[205.0347417739561,68.55528385332205],[204.94712850715888,68.5513141391805]]],[[[204.84601200347578,68.72951299143052],[204.9513020548846,68.7402626252397],[204.94868510259357,68.75330728110706],[204.971323411195,68.75912732474097],[205.01439999369032,68.79808469928183],[205.01945814225272,68.78306596202577],[205.035271241492,68.77776826063646],[205.04761207794104,68.78493512656617],[205.03733713716167,68.79445916429732],[205.07892485561513,68.7905780306568],[205.0826653162315,68.80638907276231],[205.12277398235722,68.82633936720359],[205.12241082261636,68.84087359512944],[205.15183045254093,68.8589025332],[205.1660479065123,68.89043072884559],[205.23689521871432,68.88811386629614],[205.45326201138036,68.84302004104025],[205.6001994641361,68.85355416423752],[205.68119930082702,68.88395375630151],[205.72141100529853,68.93297498658983],[205.72609194369812,69.00510188178453],[205.57493949477964,69.08848224349406],[205.23483618157027,69.11477722605201],[205.1633169331531,69.13254639986852],[205.1322985493408,69.23964620842517],[204.8852348873875,69.26254041720836],[204.78218820794376,69.25340561554144],[204.7304320631871,69.23461689416298],[204.6296907135926,69.21943914035691],[204.65307222605423,69.17795354683976],[204.7560763871951,69.0708460378485],[204.80971082836714,69.02311715993633],[204.8661166563083,68.99778875949042],[204.8936593769369,68.92582246269906],[204.89554126657941,68.86284542734222],[204.82992319434737,68.77405603787837],[204.83065071705016,68.73675014957195],[204.84601200347578,68.72951299143052]]],[[[204.29474041905524,69.7068926260413],[204.35635212771453,69.72874689085896],[204.41865632924396,69.71380139735354],[204.4464102066887,69.73614716302856],[204.41611148481218,69.79576032390463],[204.35382894814967,69.78935707540941],[204.34414648375503,69.77441902063588],[204.35616678228237,69.7512895437352],[204.29474041905524,69.7068926260413]]],[[[203.71146700056607,69.65271945275379],[203.71218410457112,69.60175094637077],[203.75770465909406,69.58136329661713],[203.99360129387713,69.63127119584702],[203.99666970098247,69.69186387841569],[204.0161094781308,69.70312507163985],[204.04536377104768,69.70404680725568],[204.08876838013157,69.68766396263824],[204.1308400974645,69.69150906106955],[204.15421110047225,69.71385471598583],[204.14173793006626,69.81431151738724],[204.16026697192962,69.86083187362192],[204.15794087979356,69.88822459435463],[204.13393204662776,69.90245929245154],[204.114878076913,69.8915441816718],[204.11669807493112,69.87840820181123],[204.0881057779543,69.87270922513592],[204.1078621160969,69.83615176752446],[204.0905149616402,69.81307525999341],[204.10363881970684,69.78180608962262],[204.06943123428243,69.80603466317285],[204.03902879151093,69.80279799325817],[204.03383678119607,69.78742087643289],[203.9585546191331,69.7512943516409],[203.71146700056607,69.65271945275379]]],[[[202.11874276312074,70.47708424789897],[202.32999689483688,70.40528421665721],[202.44740796852096,70.43390117298614],[202.77463607492015,70.31232168664886],[202.79013872159467,70.29401506769284],[202.84582710389176,70.311391756632],[203.05858039754008,70.25033699337993],[203.05904304161106,70.16466456940151],[203.24173989364044,70.11521435556077],[203.28786687415126,70.19117538987716],[203.3110526259923,70.19167641922286],[203.60494770153537,70.03185739683097],[203.74598489367924,70.03957361164976],[203.73844330981905,70.08381792214482],[203.6910069801918,70.09950097610998],[203.75631465991927,70.19512366580686],[203.87633474138886,69.98574158478124],[203.9015987948177,69.96238765123395],[203.9752955101805,70.18879327671033],[204.02903043733784,70.19324524531729],[204.08805067845992,70.17016047269954],[204.14470412114866,70.21716049851145],[204.14318533473408,70.25992626371634],[204.10551550799352,70.298554525155],[203.83858142651323,70.39017535394734],[203.79336225940077,70.44504994689447],[203.69303954049832,70.37783229838003],[203.59382576874356,70.40337679755618],[203.5983637735048,70.46272498507909],[203.55262912310764,70.49382250164604],[203.48663121559997,70.49459041916629],[203.47427082139995,70.353387994242],[203.43015827823066,70.35469702373834],[203.39347921280373,70.44976889534752],[203.39997894968195,70.47693785338123],[203.34110286132204,70.50961571844228],[203.30558022545773,70.54160053364222],[203.32286139689563,70.58391355571686],[203.35671019806563,70.5912357029336],[203.3288553564287,70.61466498346527],[203.3135074571154,70.60441430317206],[203.22398910289553,70.60707275467033],[203.15903069379996,70.65539682710849],[203.11965977093521,70.76957578086794],[203.05959405721256,70.78325620797354],[202.95793195458947,70.75297197458325],[202.79633585662936,70.77205451054914],[202.7651129981773,70.81937623405419],[202.7199416987241,70.83737413136305],[202.7158970442728,70.86604338277677],[202.6031303770598,70.85036980103968],[202.5906459917125,70.81981371556049],[202.54883847920883,70.80978579843494],[202.55565155105205,70.78398090737772],[202.61448701078297,70.78817600366749],[202.6086577168673,70.75623192373017],[202.6732905294222,70.73765280417386],[202.68257286348987,70.79090578656496],[202.70851960173087,70.79013307880282],[202.7207522125933,70.77668403979588],[202.69861477724317,70.73213995779221],[202.7727170569653,70.70138387497158],[202.93286402248063,70.71089334643045],[202.9437854481508,70.67012282837928],[202.84343332364733,70.66716100534515],[202.87091846626373,70.59139869338769],[202.9219046689633,70.57798571008937],[202.91843679861643,70.52931548606927],[202.76928647367515,70.52423744736237],[202.69983382481377,70.50370295276305],[202.6879540613561,70.54212447772282],[202.65054798829578,70.53253258492484],[202.58281342950886,70.55477437882556],[202.48943295631568,70.52068019419121],[202.31522562458102,70.56952310297258],[202.1470297393451,70.53677292322055],[202.11306712004904,70.51070864698953],[202.11874276312074,70.47708424789897]]],[[[203.0884864182189,70.80737822639632],[203.15796035748477,70.88263342691815],[203.19377901868296,70.8851377038645],[203.20518282910916,70.90502113810888],[203.13157379929612,70.90482845789533],[203.09147391126362,70.91434692452734],[203.06301325739963,70.9603941384989],[203.06338819007374,70.92112921330137],[203.01634744081917,70.92490612996949],[202.9977681371593,70.88263646351692],[202.9751418906196,70.86903476130479],[202.988489295529,70.82938337134928],[203.00624861605348,70.81339115678364],[203.04252254745853,70.82182930869521],[203.06141102196892,70.8069933132657],[203.0884864182189,70.80737822639632]]],[[[202.55758528180837,71.16293100192486],[202.55337290246098,71.20135973644484],[202.5128657927176,71.24993418518804],[202.51615720803878,71.26565507165104],[202.4869311115187,71.28277067621525],[202.48316416487614,71.27448055207276],[202.5100126038667,71.23714753978015],[202.47663415115676,71.19558599164172],[202.49235478468287,71.19648907724374],[202.52003559946507,71.17344883953018],[202.5275281418538,71.16639898282915],[202.52251183828827,71.15348678786566],[202.55017868584287,71.154651730431],[202.55758528180837,71.16293100192486]]],[[[202.39652581971532,71.42406647506405],[202.41666366924568,71.40990444312177],[202.41958676897224,71.39036340310098],[202.41584113895925,71.36167518314718],[202.40005343148434,71.34761924010184],[202.41879814066408,71.34104079367992],[202.4250560201907,71.32607300544072],[202.46238028957933,71.35561451877498],[202.4662618959453,71.37993082092262],[202.4799048751317,71.38838737903409],[202.49208195975908,71.36938324049747],[202.47462583054534,71.33442436448273],[202.47210455520647,71.30361650534036],[202.5082378895018,71.33418389653247],[202.52456780507453,71.33075153505823],[202.52392364064357,71.35152009176146],[202.56175589221937,71.36466567080898],[202.60033486289882,71.35376433669063],[202.64483531960457,71.37605783828765],[202.64564962330695,71.34982402165512],[202.67677938867774,71.35491625183302],[202.69385609409517,71.3274359060108],[202.71491461886097,71.32099337372264],[202.72583675449175,71.34243346077963],[202.72651779848255,71.35780380870695],[202.70862415125038,71.37428567395892],[202.6585126698234,71.38342154444885],[202.59901504594947,71.43362488570025],[202.45324182476656,71.46349232830336],[202.44548407794332,71.45209205022316],[202.39142442908255,71.43910067659763],[202.32920581624663,71.46505778163319],[202.33141179599443,71.43124036092225],[202.39652581971532,71.42406647506405]]],[[[202.02756748845374,71.38923396177336],[202.07574807722284,71.4025917522319],[202.10814205954185,71.39096773521918],[202.1125366813923,71.40399000400498],[202.05621589291408,71.45050745116845],[201.9926980903145,71.46399786605832],[202.00293191333023,71.45332750059237],[201.99076024227026,71.43281008360668],[202.00610876578094,71.41939022932375],[201.98582825858853,71.40281231730987],[201.99552357240196,71.38877686993493],[201.9496199290197,71.39264337658803],[201.94239912817278,71.3859146334542],[202.00845656510432,71.37667978290312],[202.02756748845374,71.38923396177336]]],[[[202.0509431688663,72.31493528305089],[202.0057780028731,72.29055972810251],[202.00512583899044,72.27777981089811],[201.9935364825352,72.26854372586807],[202.00973832455657,72.24686977993434],[201.9969438443009,72.25240820566154],[201.9919951042368,72.24009377639227],[202.0118804723369,72.24026947527297],[202.05750386737054,72.22285080855204],[202.06290884236557,72.23328095638195],[202.08665780376145,72.23486757192947],[202.09983003334008,72.2500521512059],[202.10944360870877,72.24989442419988],[202.10324443579674,72.2409999467998],[202.11763869785662,72.24692350379755],[202.14141181916966,72.23905705960911],[202.28774770898167,72.2897455111616],[202.38455180154816,72.33357029913594],[202.50317376915092,72.36731165078581],[202.53962413675237,72.3829581574938],[202.55883841953465,72.40487920064703],[202.54336321928756,72.41410247229419],[202.50610200941261,72.41372462230552],[202.49445854258548,72.40028207046247],[202.48647830136022,72.40426797698348],[202.46279258533963,72.39441582257234],[202.42473154444542,72.39114122709553],[202.3936798743789,72.3763181837756],[202.39178277692122,72.39639661380272],[202.38437996131265,72.38690925237972],[202.36496752885301,72.38815239962274],[202.37455394933556,72.40058070984813],[202.36519352599765,72.40532949415459],[202.38005479768236,72.40946349872712],[202.36664352461582,72.41797228727323],[202.3809832437908,72.42635409720556],[202.3669843858839,72.42217595451477],[202.35864212966166,72.40626558017698],[202.36099820884192,72.4237417276139],[202.354200327436,72.42433786756979],[202.34353655245462,72.39185087228297],[202.33507158773574,72.4053944681467],[202.34377173499138,72.41414671019393],[202.33346134058843,72.4270874694977],[202.32155457851067,72.41480535508983],[202.32834385261296,72.40772295596445],[202.30162137043817,72.40153004975957],[202.30752533566283,72.39587643201452],[202.29574547356134,72.37138905754121],[202.28255170668967,72.37086701353738],[202.28308481276684,72.38539932253785],[202.29403342158452,72.38996751161127],[202.28019208805716,72.40514159464587],[202.28916577219582,72.41398209274877],[202.28025886069653,72.41378308175723],[202.2702821715468,72.40174485065646],[202.26114939913538,72.40549952020802],[202.29543802783604,72.43167045969639],[202.25494407907016,72.44196697292068],[202.30047856310307,72.44768901457866],[202.2549400697253,72.45002332623244],[202.22838005767508,72.4358571210584],[202.21255027428626,72.44469416224919],[202.2056435922765,72.42997544238497],[202.19940210911372,72.43784163617512],[202.15637567678593,72.43077467078751],[202.17032763189954,72.42040591103633],[202.15961220876235,72.41159162604734],[202.1473806694835,72.41362434575825],[202.1348726574324,72.39749830331898],[202.14415720127718,72.3893181185918],[202.19386625830867,72.39446052682074],[202.15831818046243,72.3906668654468],[202.16646890609195,72.39131512713371],[202.16290301783232,72.38047623956632],[202.1441375713054,72.367126164942],[202.15262684649392,72.3648188987898],[202.15031063297175,72.356754194558],[202.17284642958964,72.35485377341587],[202.1669312461882,72.34361317883328],[202.21659176050963,72.34124409820387],[202.21611446423995,72.32301552984053],[202.19684862055138,72.3153630897894],[202.17967090617802,72.32248496524554],[202.1735911173022,72.31354792060846],[202.1418927236491,72.32220614138029],[202.11523614916962,72.29908896961689],[202.09955579847627,72.29911065796568],[202.09515925421192,72.3106038477301],[202.0509431688663,72.31493528305089]]],[[[209.15119583241454,75.46350117585855],[209.1883788162155,75.46298001468064],[209.2847717649774,75.48909123787563],[209.37627419136385,75.52452515767474],[209.40488566645115,75.52298335290514],[209.43550983070776,75.5325296908183],[209.47399006026555,75.55999275869387],[209.5093482121532,75.56538643039903],[209.5550093296641,75.58403681280066],[209.5613963985493,75.59541169006604],[209.54073661709296,75.61031885800799],[209.47073732235097,75.62098546114065],[209.38820875594914,75.6120121938952],[209.3002600589198,75.58770299055044],[209.2305473290092,75.58889943111177],[209.1432553086052,75.55775606440146],[209.1001699886488,75.5059566177204],[209.1117738136028,75.4616139532235],[209.15119583241454,75.46350117585855]]],[[[188.25831821887851,74.12121968005951],[188.27611829466446,74.08761509587465],[188.3634503430812,74.03817074170702],[188.3994939569209,73.959057017188],[188.4123861122987,73.89136068778797],[188.42971563366942,73.85712933694293],[188.48041705706908,73.85023046480453],[188.49482928873334,73.89875080497352],[188.49316977606696,73.93356767891127],[188.42344475857396,74.0621613673462],[188.41830327038673,74.11421566062626],[188.39237432045076,74.15681205266277],[188.32555617703792,74.17031623276372],[188.28460465211163,74.23211447231813],[188.24985694408917,74.23832574697813],[188.23774708973335,74.22478810935908],[188.24192460872922,74.15105966878662],[188.25831821887851,74.12121968005951]]],[[[200.9899866102295,76.24192672993138],[201.02054613207034,76.25834112931989],[201.10849086628195,76.27077481713036],[201.1339628978065,76.28552144528928],[201.17229315975752,76.2936979144082],[201.18389136522978,76.32319047883958],[201.12444142459643,76.31287104290233],[201.05957830582898,76.32190646810587],[201.0338617705054,76.33504880108224],[201.00901984102907,76.31439235012436],[200.98806999918833,76.3183029101593],[200.96040799146343,76.2594189903983],[200.97492327218083,76.25706060307245],[200.9899866102295,76.24192672993138]]],[[[199.7949955210279,76.27468110250572],[199.78659198224562,76.26533904892219],[199.79158828420967,76.25571610868357],[199.84369863749276,76.23143541828185],[199.9794053378431,76.23964272185381],[200.03337899583218,76.21548986782827],[200.09969240490886,76.09638726985962],[200.12004085838652,76.08239411325432],[200.16507406320898,76.07082247125621],[200.2149527335185,76.08304056061299],[200.35004516723683,76.08158756993568],[200.36405474944894,76.08649298367845],[200.3966460049744,76.12510994801195],[200.45050880285726,76.15120112837525],[200.47556925438533,76.22333844297565],[200.46754459169495,76.24932996254788],[200.44397835297556,76.2387097615882],[200.40891285229327,76.23508260936286],[200.37256089675645,76.20452944036137],[200.4304397146277,76.25627461509124],[200.4083306544002,76.25021696496653],[200.3960017120689,76.25882111934489],[200.33738246621257,76.24700717658767],[200.30686287305377,76.28475192354684],[200.31001834179227,76.3024379432125],[200.27442225956204,76.27536233206276],[200.23384314800055,76.29437908844137],[200.2335303298258,76.30640804837246],[200.21743283691004,76.31115660115537],[200.24503837636084,76.31389551778236],[200.2385619439479,76.32910999283553],[200.18213483223172,76.32110571156605],[200.14760109399407,76.30817225696808],[199.99918693577803,76.3028715582952],[199.96547202322176,76.29456800868749],[199.91242239351365,76.302389455503],[199.82932749955904,76.32791390190584],[199.82713232952636,76.29698271907722],[199.7949955210279,76.27468110250572]]],[[[201.670921769047,76.54272247443971],[201.74010573842696,76.57411882008347],[201.77361494230297,76.57607822410783],[201.7940106067913,76.60938727439448],[201.80015873692037,76.57178909484247],[201.87329113601785,76.5897074353091],[201.99861826674717,76.67828901596893],[201.99961274041954,76.69540854980623],[201.9752072012558,76.7272476687373],[201.95348419880685,76.7376461612243],[201.83293750561396,76.76089819423544],[201.70534742940174,76.76634670021566],[201.65404264841055,76.75834221413122],[201.61729444801816,76.74253768376549],[201.5099670147469,76.6677662564921],[201.48290787134533,76.63379000801363],[201.48996647958248,76.63110168612856],[201.4768263246952,76.60858859971412],[201.43558080041421,76.57217146476803],[201.43496443656034,76.55912228035817],[201.48959975861183,76.52598750448925],[201.555180602081,76.52076818248244],[201.57778541250875,76.51046194970891],[201.64072147116823,76.54269643765225],[201.670921769047,76.54272247443971]]],[[[201.4436172603917,76.7627193182075],[201.47346835697198,76.78340604269667],[201.4792581731839,76.8045143201825],[201.51355707516439,76.83171882426365],[201.51648160881413,76.88266075473413],[201.50134496588055,76.91372479275918],[201.52093317837165,76.93474232926653],[201.48430854139684,76.97054557548097],[201.49250490940108,76.93589972734364],[201.4658427192517,76.91439738656788],[201.45324774724835,76.88661063661098],[201.46214043934276,76.854083198988],[201.44300563712542,76.81342047559077],[201.4436172603917,76.7627193182075]]],[[[201.19113178713695,77.01537270023317],[201.20609393567332,77.01499483731732],[201.24567155608213,77.03832550983788],[201.2499177284551,77.0766628518382],[201.22549471540108,77.07674253251406],[201.15819100011976,77.04149504785505],[201.16085312374366,77.02849118679912],[201.19113178713695,77.01537270023317]]],[[[201.2887869365805,77.10832696985227],[201.34274825781785,77.1182364779536],[201.37905524723666,77.14453925028477],[201.38393296907168,77.15936923444977],[201.3563943467739,77.19475766377039],[201.32719021952187,77.18654484526637],[201.31266670661344,77.16691229036408],[201.2933747805624,77.15730707100217],[201.30540123074175,77.13431561411873],[201.2887869365805,77.10832696985227]]],[[[198.3839831336815,77.01801542445915],[198.3284471245862,76.99691486707314],[198.2790928678241,76.93900326961098],[198.31252398688355,76.93290612990367],[198.37689337518628,76.94935843608178],[198.38573194802007,76.95850522735392],[198.36947570352277,76.98333006065013],[198.3946578276707,77.00583572945169],[198.3839831336815,77.01801542445915]]],[[[198.60373703397858,77.10420013476804],[198.64379686098152,77.1170482801218],[198.66528114836,77.13433225979227],[198.71285996466122,77.19690672174553],[198.70442282562692,77.20226727791274],[198.63423512436893,77.18769395684018],[198.59755547517233,77.14348282569593],[198.60373703397858,77.10420013476804]]],[[[198.47320564984915,77.08357686681555],[198.550578117187,77.0844996198224],[198.56371290394694,77.09284914933569],[198.5896128820765,77.12279608498943],[198.59308980169783,77.14661223638194],[198.62745803428504,77.18959052431958],[198.6795616167027,77.19944974892609],[198.78161720657187,77.30989865198677],[198.8491085224682,77.36202684224021],[198.87515651144554,77.41446019453947],[198.88818942215272,77.46264128771676],[198.875929533933,77.570827239026],[198.8079253184583,77.57892652043003],[198.79216641765186,77.54990807921084],[198.79343149566083,77.53265801550592],[198.7497680969184,77.51743967970754],[198.74791593115233,77.48866714965087],[198.68341458202622,77.37449982824819],[198.66270826232773,77.25410396754226],[198.63810665611518,77.22529823855812],[198.53039009201945,77.16337358364406],[198.47320564984915,77.08357686681555]]],[[[198.8163056237426,77.60624942889211],[198.9136876736789,77.55690523690211],[198.97144039401684,77.61324822653782],[198.98596337686374,77.67790505489809],[198.980523471783,77.6906876577518],[198.95732892580816,77.69265810834003],[198.92672443918667,77.67454431447192],[198.87352331390053,77.67888543791484],[198.82796594380167,77.64204389283509],[198.8163056237426,77.60624942889211]]],[[[190.16322525612094,76.61726820440049],[190.20014346412904,76.60108146679418],[190.21279315459145,76.62925085826603],[190.22753678550677,76.59565951206172],[190.22904475955528,76.6115259422],[190.23829182386305,76.61368784224696],[190.25925609319364,76.55507169440733],[190.2824071051141,76.6068514038922],[190.30063958501808,76.60860861810124],[190.3113262719304,76.56891465382867],[190.32344032296066,76.57627016735401],[190.32998774950505,76.54557943279005],[190.34958821725166,76.52681817072086],[190.3515266290637,76.5090747695028],[190.33977427076857,76.49431651625153],[190.3434543986864,76.45886901552751],[190.36102764428023,76.44525844813151],[190.3636873217104,76.4318241351441],[190.39902279816113,76.46802495048972],[190.41899591414546,76.52445867309618],[190.4576724478042,76.5080092760316],[190.4655972353928,76.497355385255],[190.4634532097935,76.46933015286457],[190.4828947881703,76.4706905093347],[190.4949185682769,76.44815786770336],[190.5034821955999,76.44496259051493],[190.51731709196454,76.4689213524371],[190.4874730024622,76.48188601879411],[190.4770446153268,76.49982194623718],[190.50038815369697,76.57048203300636],[190.49571803122694,76.61897647300114],[190.4746610737796,76.59273375091458],[190.47472847845646,76.56833101064105],[190.45686780114414,76.54055165584253],[190.4326773071599,76.54232656731412],[190.41997614400896,76.56112391960686],[190.42112666658346,76.59236704010267],[190.39788637678626,76.58857039107374],[190.39085822646086,76.59987018610155],[190.38773876696683,76.6153731390975],[190.42058662615239,76.6863742577921],[190.4111954133617,76.72381233230215],[190.4153074886899,76.73983419134647],[190.367796584842,76.7458448776313],[190.34998870107677,76.70683586431177],[190.2878273978998,76.69552506863279],[190.28340482154624,76.703808097532],[190.29630177675585,76.71919083395323],[190.27670106166272,76.73505031604692],[190.27273979993964,76.77916570639233],[190.2398588737375,76.73179581534114],[190.215150723612,76.7456400596138],[190.20466997608457,76.83280088979964],[190.20960951588592,76.85077242328416],[190.19017165668217,76.8661834497702],[190.16856890763836,76.8419855132592],[190.13634891279006,76.71806069365442],[190.15277923683666,76.68092324235803],[190.15324046060874,76.63595212119532],[190.16322525612094,76.61726820440049]]],[[[190.53745057586508,77.02605805203687],[190.5236401962922,77.01646287366935],[190.515280892212,76.93982856680016],[190.55760290480916,76.95422679361218],[190.5638390592672,76.99013407693833],[190.58567719765048,77.00849398363756],[190.57774368549934,77.03365914351771],[190.589156209929,77.07775228644073],[190.55227653337943,77.05332595675304],[190.53539772434044,77.0618113597354],[190.53745057586508,77.02605805203687]]],[[[201.0830144602001,78.35486466385407],[201.1190709802876,78.37854885480868],[201.19292148691494,78.45760712827627],[201.13863333271448,78.47262724881179],[201.10810812639411,78.45026416454564],[201.09782348961937,78.41927652317804],[201.08370604757377,78.40582512779436],[201.03142339734828,78.37896483524842],[201.05462215008777,78.34859428676765],[201.0830144602001,78.35486466385407]]],[[[187.26898694406253,78.50625541877675],[187.36545352400378,78.35165987932139],[187.3868705250743,78.33728386165131],[187.47086654395966,78.34756634994336],[187.4916647103091,78.42034831337831],[187.44615116487967,78.53246099768046],[187.33372832620492,78.53771900411455],[187.26898694406253,78.50625541877675]]],[[[198.89773484509738,78.91838280333512],[198.86339357211307,78.89536661187907],[198.83316163963892,78.88613292180042],[198.80430032716106,78.82838050049955],[198.78044692183474,78.8015701530144],[198.78059504246983,78.77273301865107],[198.8001393947384,78.74492529309455],[198.7998738972232,78.72556235034419],[198.83674149940714,78.75011689708256],[198.91938771285092,78.88121690377469],[198.92784557059494,78.8989271729181],[198.89773484509738,78.91838280333512]]],[[[199.40620199615222,79.3329751893398],[199.4029221858325,79.21267811609034],[199.39321994353085,79.1624561887756],[199.34738027151468,79.06043578752191],[199.35599618197085,79.03123083151671],[199.3358689449301,78.9603736475068],[199.32118061610817,78.95427639301658],[199.31852011329704,78.93956147619183],[199.32972536406962,78.93217231636321],[199.34603507626255,78.94145532801696],[199.36227082722493,78.96766841211118],[199.38676804083207,79.10304779963585],[199.41391752139688,79.18115375109058],[199.4206195580922,79.25617335794314],[199.40620199615222,79.3329751893398]]],[[[192.18742099882166,81.99381992903257],[192.2082710880026,82.00877970524125],[192.17668387323818,81.99964826234834],[192.13058855961884,82.05192128650452],[192.05832465233829,82.08744322285698],[192.0481823600144,82.10138015998632],[192.05235119482498,82.12953593098312],[192.0125682084139,82.1295308215189],[191.99139719875458,82.11130701109207],[192.01076126507405,82.10993410684931],[192.0219890361573,82.09634050199786],[192.0333542118567,82.07031275670205],[192.03359376115083,82.03465459395231],[192.06240169932164,82.02995317523347],[192.12500634699757,81.98534767634787],[192.16837777884191,81.98033500666789],[192.18742099882166,81.99381992903257]]],[[[198.06421351656797,82.53915085722068],[198.019421597798,82.55927612556488],[198.01015651683073,82.5428512909118],[198.0055170496876,82.56357533106672],[197.98506464453305,82.56741032219709],[197.9378619502976,82.55728729696413],[197.92120841030692,82.5357538189561],[197.92922213458493,82.55185971964242],[197.9110196362901,82.56368556886456],[197.85954761155946,82.53994818870507],[197.82209591497167,82.54753142292464],[197.79981987825755,82.5250220523778],[197.80059045732702,82.51134128791983],[197.79300038976066,82.5179819646707],[197.72551523208395,82.48915160812952],[197.65331406809838,82.4285566264912],[197.60662516913143,82.35302562300538],[197.59161817018472,82.29180867945583],[197.61790397124363,82.23200360945152],[197.6425094980384,82.25880517555257],[197.6233880286611,82.23162547754869],[197.64728716396456,82.18963046161778],[197.66449200202152,82.20388889437288],[197.6511575427093,82.18091270402658],[197.6782004607819,82.12609253626584],[197.75683245414814,82.1250146409562],[197.81437066782962,82.14711122975386],[197.8928108145693,82.13689496205154],[197.92709668629925,82.10943782623232],[197.9745139044501,82.11930762375718],[197.98655803482424,82.13459398192958],[197.99422989864732,82.12782032575842],[198.0027719984645,82.1439352271173],[197.9958920530411,82.12526206400345],[197.9875334237657,82.13211531543887],[197.96852964215554,82.11223153719583],[197.92422089347914,82.09999628197853],[197.9629386761768,82.08309193247759],[197.9774350915743,82.06008244011724],[197.9708472815477,82.04359554555708],[197.98573494632208,82.03448146179986],[198.06394650265665,82.10290995819389],[198.0935814169956,82.11831430094371],[198.13459346381757,82.1076507652815],[198.19077735791518,82.11600158908487],[198.3127607067097,82.24845902773976],[198.36022901959947,82.28756116540374],[198.44641707142716,82.31317464949646],[198.46841767194732,82.32977680156698],[198.4712688968238,82.31930421476578],[198.50872876703895,82.36936082094185],[198.49672482547967,82.42622309273365],[198.5329770193822,82.46126065275666],[198.52662609198512,82.44515940268995],[198.49902172398734,82.42256814229043],[198.5126911685032,82.35598323653826],[198.54885217392336,82.3555480885985],[198.58519347700397,82.40167910238429],[198.60728923601002,82.40275431487515],[198.65384464767283,82.47430074855399],[198.69397100029587,82.4961695585084],[198.8056215258496,82.67452630377953],[198.79135767590995,82.68723406207492],[198.82916593768337,82.86813665736362],[198.78764236141856,82.9018904485623],[198.74872125466214,82.99835601294525],[198.7563153424091,83.02586337334198],[198.74996489069983,83.08889812701929],[198.72674549330046,83.1371626609392],[198.71202645779863,83.14176821951425],[198.71568772342948,83.16845385568547],[198.69621321175785,83.25892247417666],[198.6996124813186,83.28845228746971],[198.7148170034813,83.30794824808835],[198.71693274392405,83.36347830817968],[198.70307361304327,83.38428911669915],[198.66234950180882,83.35849133420038],[198.65226314384412,83.33394949345778],[198.61577356213022,83.30958867170833],[198.6087327898912,83.29223942108878],[198.52560041063376,83.24928476698776],[198.44485602679998,83.25124976090329],[198.42886522281876,83.26578463164182],[198.3873623347418,83.2483696059329],[198.36195341173777,83.27784902802752],[198.34346212115298,83.27905402692733],[198.28576336997958,83.24345413944759],[198.15763497610112,83.13224621711605],[198.11759050546087,83.04529840713265],[198.13035625038458,83.04194639027908],[198.14224903169645,82.99896902262456],[198.12763952539547,82.95094664642686],[198.13094187552042,82.88182881905567],[198.14344912586256,82.87581395083413],[198.17782715393335,82.88953694995348],[198.22802581709067,82.85232447293912],[198.31090079031705,82.84923450424502],[198.35381809487583,82.75724976926634],[198.40840442225425,82.79695914514592],[198.41603338281635,82.81132185061541],[198.45528813427754,82.8151793135646],[198.4653340743632,82.80050504941316],[198.4522309336638,82.81060971123632],[198.43486031130587,82.80404087688702],[198.42843520698545,82.7629775492253],[198.45852899609028,82.74265468639786],[198.42466223490325,82.75166838542832],[198.43061418735232,82.7941994658579],[198.42282634805446,82.80203795020294],[198.3896370483228,82.76511634721733],[198.3596223150066,82.75057978919708],[198.34407516780993,82.72449634702141],[198.31841692298735,82.71515805425356],[198.31160591447158,82.69849320665692],[198.32296632369858,82.67768541687614],[198.3327928008141,82.68359129939797],[198.32388911348409,82.6689064577607],[198.33564148590568,82.61505928937855],[198.3062401076167,82.69486383211438],[198.25693058237528,82.65649577806506],[198.2511505393925,82.6327935138443],[198.26984629000998,82.60768013758548],[198.25685648933467,82.55698489873923],[198.2895216256955,82.5398605569112],[198.27176947560676,82.53505272303948],[198.2536776629352,82.55356416798531],[198.26428041015768,82.58977487662136],[198.25059168370495,82.62125232275328],[198.22323513948385,82.61335194418665],[198.17573585831624,82.5654990735212],[198.18523335413832,82.55292209482296],[198.18473761126512,82.51797040230677],[198.17608549086214,82.55894994950427],[198.13402404368952,82.52914787148755],[198.08409205397476,82.53718100318582],[198.0719013626173,82.52781621447694],[198.06421351656797,82.53915085722068]]],[[[197.47411309620708,83.69397743003356],[197.46748222945928,83.67828350000926],[197.47894524701957,83.68181811865479],[197.4950082612935,83.63769371622442],[197.53542144304606,83.69949445001629],[197.59548034888152,83.72957809078198],[197.68070018963738,83.82592701899857],[197.69616522768433,83.89113061164252],[197.58356115858697,83.80254790527121],[197.52107676563597,83.72630071128108],[197.47411309620708,83.69397743003356]]],[[[197.36604218932547,84.98197956729564],[197.38460634881383,84.9814576477089],[197.39516948365528,84.95713683974017],[197.40492682692837,84.95918766736904],[197.4486341143882,85.00522722004091],[197.45279745641056,85.02524555231388],[197.44486269690023,85.04716332734287],[197.40408997248915,85.04600535393382],[197.3668184879599,85.01605462572299],[197.35971918825027,84.9865479727206],[197.36604218932547,84.98197956729564]]],[[[180.69575679853523,61.30371601516677],[180.71405454574943,61.310384032411385],[180.74491595668346,61.34382697268012],[180.7785880589898,61.397579082196614],[180.8176801339763,61.425227858157335],[180.875789092056,61.48588135686326],[180.8856639070233,61.50082431440467],[180.8794547744469,61.520298623772504],[180.9086226178451,61.545121751006405],[180.9402293136634,61.59903208561059],[180.99024286902363,61.66313574092003],[181.01394708796113,61.68959802905891],[181.0419034996508,61.71167358266467],[181.06316029455547,61.74620330203564],[181.18416032749064,61.85883776582325],[181.2787168607807,61.91387750938979],[181.29698372185925,61.920920317756895],[181.3323563634368,61.92170195592416],[181.3947182729358,61.93978646253691],[181.45984656883505,61.96313063045899],[181.57212651780492,62.084621051418374],[181.6398341505291,62.135383401000524],[181.689965462454,62.163837523856444],[181.76106626973802,62.22225239243343],[181.84412976761251,62.297658167205206],[181.92204137445802,62.355620969419114],[181.984171497074,62.41956683292719],[182.02957346728783,62.44304011918959],[182.0767851623325,62.45202483677521],[182.19954889394907,62.50866423633335],[182.25186352599704,62.52271722238104],[182.22483710395895,62.47584661933281],[182.22595134130898,62.45489674328756],[182.33965013350146,62.52930888855255],[182.40656136332797,62.56065210384689],[182.5564128256526,62.67442719731307],[182.58936939922057,62.758268689498756],[182.60288800028943,62.773329911843476],[182.70021080395665,62.83257261938971],[182.7669726291201,62.88635656923953],[182.81441235871026,62.915157444306075],[182.8690635305773,62.96628706509687],[182.90279699109618,63.017052574614986],[182.9462295875253,63.05758080510196],[182.98396993076523,63.0847284916244],[183.03921907539566,63.11174911206483],[183.11945978425354,63.14964476543966],[183.20500116492104,63.19502468199512],[183.22324227956835,63.21348312907273],[183.21608420295667,63.2273638229169],[183.24883335248728,63.27360363693728],[183.36265325686895,63.37646095001749],[183.34080116704115,63.37383070431346],[183.42308804821346,63.41377522258207],[183.46551997196013,63.444240183688635],[183.51181746753912,63.46884251023481],[183.50696178403587,63.48190060973078],[183.57403357282783,63.534306563799234],[183.57210323662906,63.5437726470135],[183.62118152120962,63.5727443798076],[183.6593539255306,63.60705445600598],[183.78413453095968,63.67851336643335],[183.88374613816904,63.71032303607069],[183.93517515562044,63.730940000059846],[183.95709697767037,63.73393448761949],[184.05804755680234,63.78793088634374],[184.06557368259473,63.783415264442446],[184.12150820782574,63.80483846952301],[184.11553982907105,63.75649876240306],[184.07140513433504,63.71306083108375],[184.11015638845072,63.71567863821942],[184.1016456610426,63.693082667895744],[184.13944528985635,63.68513728305621],[184.2143275003835,63.71873151140507],[184.2889377168635,63.767464562387836],[184.3433142996589,63.78947273352499],[184.3866471180816,63.820050612289194],[184.45747130145378,63.85876662768715],[184.47994292410016,63.864997073661485],[184.48723770900352,63.852325560412126],[184.66720323230606,63.95255620523345],[184.66846681093605,63.935428302338735],[184.72699324688242,63.957083775457825],[184.78434884880207,63.99054664567891],[184.8106029708759,63.99071180517449],[184.95184224154133,64.04981463683349],[184.93171322087602,64.02306778431895],[184.88860680721382,63.98935033192391],[184.90394271942668,63.98361532591328],[185.02607056635316,64.04117570209277],[185.15649209695823,64.08814748469557],[185.15591513356543,64.07899938682255],[185.12201486985384,64.05259109356842],[185.1272491336872,64.03880876430307],[185.0072591665001,63.92773561957216],[184.99452002017986,63.892217635475745],[185.06342472055135,63.9082533251898],[185.1493587253202,63.94414171925885],[185.2445619074747,63.955181440581825],[185.3283206208703,63.98648792900961],[185.38424572516985,64.0179127345749],[185.459698529631,64.07514723373914],[185.54098330048578,64.14831721893248],[185.65702402603338,64.25960915286261],[185.74401909850027,64.3225525096202],[185.82439027423553,64.36956219474885],[185.91881437843222,64.44705985201338],[185.99574925506974,64.48938052667037],[186.02091519678575,64.52484963714484],[186.1311936777495,64.61147472258305],[186.20420255507517,64.6208309009252],[186.28447408518872,64.68227739582363],[186.34859821860138,64.7088563563678],[186.45340994709227,64.79102352526795],[186.60441137341365,64.88989716449868],[186.62477563895635,64.91376945291266],[186.64297394321846,64.95296792635216],[186.78774532729352,65.14071189521098],[186.94663113550718,65.31726673671609],[186.9765524392036,65.32812432008924],[186.966957855051,65.29394375944774],[186.9771345795182,65.29140588747269],[187.18988817062151,65.39268462117752],[187.20170306740454,65.38250281529267],[187.38098079643478,65.50541120912348],[187.5453097670773,65.58155790672396],[187.58358825355978,65.61135852451422],[187.5697314953274,65.56958078122011],[187.5981017855844,65.53704663027406],[187.64203635480524,65.56433234321275],[187.69021414520031,65.58259375164029],[187.7323108922512,65.60539915957068],[187.86863100873035,65.73418937783597],[187.93619577952848,65.75819166029606],[188.03715467125653,65.8306742681126],[188.08633678478378,65.89301430753824],[188.0993649676497,65.91975022242912],[188.14270017721856,65.95861277213967],[188.25435127578373,66.02620173376239],[188.2767018823174,66.0519603048204],[188.33491225226638,66.09854978810667],[188.36821831195834,66.11789421850045],[188.43182040622415,66.11649473380263],[188.43131560536125,66.09885998829594],[188.46091211247125,66.10691956377775],[188.47771321199008,66.12398225111698],[188.52794272584856,66.13490023090124],[188.53626591291166,66.11508987763843],[188.51533366252056,66.06459527769529],[188.51752542812108,66.03939369822956],[188.53460409818086,66.03836101465778],[188.55566605325077,66.06337009506674],[188.61950286691615,66.11414270988297],[188.6380068101808,66.12123846054631],[188.66269031045653,66.11275295762935],[188.6465922794727,66.06688908421218],[188.71074224392265,65.99643944128891],[188.78481848017236,66.03672363469927],[188.78332040279585,66.01668374669399],[188.81434057501156,66.01644307603388],[188.81382828386174,65.99879904944822],[188.72796044993356,65.80105132929009],[188.73684336741138,65.7779132636809],[188.7656618548628,65.7864330517805],[188.86302518517792,65.89227577857852],[188.89242067657946,65.9139120457339],[188.90899618865512,65.91167152150574],[188.94678269524576,65.94183706795951],[188.9818727510946,65.97955827926026],[189.0714473399278,66.05428813806046],[189.1224039459469,66.12443835973288],[189.1252319464301,66.16663446764827],[189.14770023071642,66.18531792813322],[189.18059646163348,66.22817723074536],[189.19723698763335,66.29555918320506],[189.21823615615642,66.31469007571042],[189.23064546704435,66.33869919722966],[189.26686046474913,66.34520979305097],[189.2808667413696,66.35796730458833],[189.29522903089273,66.35604918702747],[189.2977014383257,66.32110661784641],[189.345436821721,66.32159293478341],[189.3897602765882,66.34086556276112],[189.43218055914053,66.38042160179826],[189.46360072313567,66.39970840446408],[189.54542172817182,66.42879174937909],[189.5902870494922,66.52304067301034],[189.5546140324795,66.53322221473202],[189.5443659970603,66.56173694246428],[189.5700884411591,66.60318046021504],[189.5827170879213,66.64167813111253],[189.65815086902282,66.78907946797773],[189.74137080581164,66.86408012253261],[189.76531959611785,66.90459622503893],[189.80700762955422,66.9228116706606],[189.86846392712846,66.97473538981721],[189.88940580121672,66.99779986752574],[189.90498728725476,67.03653258268534],[189.94324932096575,67.09492410483064],[189.96953038501073,67.11373448528467],[189.9883838919481,67.07261332122418],[189.9912766360489,66.96296433746592],[190.04661489168444,66.98165826646223],[190.13431567198347,67.05576315262985],[190.15478590300734,67.06717488017318],[190.17629771771456,67.06806006435018],[190.17109097233666,67.03778402697283],[190.1495660537626,66.99259641716694],[190.16480716165967,66.95587162395483],[190.1096251409324,66.86589005661111],[190.10576883248342,66.8480456653852],[190.1263931152243,66.81839592440593],[190.15413665123813,66.84937048184787],[190.19051795801207,66.84442333464953],[190.2210426414006,66.87649232447353],[190.26802888773332,66.89587915602272],[190.29674604860608,66.93412618802326],[190.33906142621504,66.93495018809648],[190.34991117783534,66.97605798444263],[190.47675547586897,67.09847165636009],[190.52312623611942,67.04934078497999],[190.54713616044023,67.07448563899646],[190.6171522291492,67.11047424218162],[190.67073523060245,67.0966311715278],[190.69214447340065,67.11963982110086],[190.71503962357806,67.13080686226346],[190.73885321908762,67.16476948804157],[190.79713389940312,67.19972892897158],[190.8165696612378,67.22159536582032],[190.89271260452912,67.25791011626124],[190.96680002635264,67.31092749171098],[190.99582105154718,67.35526859011141],[191.07485124222046,67.4460053651464],[191.10443663908416,67.52990306044215],[191.1448198123093,67.55429957535121],[191.1749039204634,67.5922106233985],[191.20116743766062,67.61251943130497],[191.21894903002163,67.59033457783129],[191.28568682880805,67.56344962812038],[191.28109063612874,67.52198525863881],[191.3168344884096,67.5101584587062],[191.3354171654171,67.48020225434217],[191.3248033025277,67.44535393548456],[191.32626825112197,67.39448890301043],[191.34536142192283,67.37424973020975],[191.40424393669434,67.40325998049624],[191.49140455847382,67.49454703913453],[191.52525592520254,67.50122975210947],[191.55981455620466,67.48226234038334],[191.57908034461326,67.42587204337202],[191.6292261629058,67.40668151374828],[191.7127652440674,67.3938188713706],[191.7800358516607,67.44627146034055],[191.7752265709847,67.47493489734696],[191.8324742252362,67.48596059396161],[191.85664197762497,67.48204885949993],[191.88545452776498,67.4952229874722],[191.92712339010842,67.48856187875307],[191.95535778137548,67.5100288532108],[191.99038104072685,67.52325405901442],[192.01948219397127,67.56395214566223],[192.08932555925585,67.58421877613422],[192.1703308302603,67.64460808298216],[192.24129604671757,67.71665960252425],[192.31320560710665,67.73709283018943],[192.3671756674988,67.72463669767154],[192.39498816906058,67.73571832965159],[192.43452232456653,67.71006235628066],[192.4537771919176,67.71687948810585],[192.47521398404135,67.70581226690821],[192.51145151656286,67.71507204235924],[192.53913228039025,67.69276305341705],[192.5669856317782,67.71498118514],[192.64738538662635,67.70229102445688],[192.64146059753014,67.67109751066769],[192.68103477495555,67.65657015428935],[192.715255575491,67.60790298107176],[192.7600903421726,67.63256219127673],[192.7917492399503,67.66038407038444],[192.90197979977836,67.66210984881221],[193.032658708479,67.70238181151001],[193.04478273530103,67.68983457087677],[193.0361168438328,67.63526916074333],[193.0051275149839,67.5570709821972],[193.02459815115324,67.54369987887104],[193.11090204474877,67.54723413261941],[193.13167344254606,67.56072281166165],[193.1920739676323,67.66416896575268],[193.22521831539652,67.7017337687135],[193.32827728664543,67.74795766746747],[193.42172674996394,67.73204051596794],[193.46725537140122,67.74034586511577],[193.49260373458486,67.72346952348866],[193.54302268168183,67.7169639859571],[193.64040395225408,67.71773374283151],[193.68879718478033,67.72397108681824],[193.71865346402308,67.7368779716186],[193.81023127175388,67.73434670448178],[193.88071389589413,67.75611989002473],[193.92354603356068,67.79567659075771],[193.98954264438922,67.81619174029696],[194.0245196364603,67.83665112166226],[194.09552632831284,67.83926889504369],[194.11626232862983,67.86329617932938],[194.1112991578774,67.88492251483652],[194.15279646295144,67.89390091959685],[194.19353761826704,67.91393715016952],[194.2327717128615,67.9133003386569],[194.23313927858692,67.8935039664043],[194.24953574038489,67.88838437493324],[194.25306363108456,67.87399798709957],[194.28916567552182,67.88500220667875],[194.27010257275546,67.85470645845734],[194.27714152908894,67.83833661690339],[194.30129170301942,67.83059443777712],[194.37071843636647,67.83361415675259],[194.4534849749259,67.85775033579309],[194.51962825815062,67.8503757550096],[194.55584641921553,67.86543386436799],[194.6022539971864,67.90240202326954],[194.64520927504145,67.97279173080038],[194.67062183835236,67.98979139204067],[194.67609215382242,68.0150540869632],[194.71825728922306,68.04587317794662],[194.73755784455165,68.0820006101734],[194.75932828170707,68.0959432431712],[194.80966852999447,68.10230498892959],[194.85397937318243,68.13281998875628],[194.87699447615398,68.13567215035916],[194.8911817279004,68.12653929497412],[194.89769734617676,68.08930405767777],[194.99393327072846,68.05311717360792],[195.02430070020353,68.02575734099086],[195.0563781947996,67.97296177608388],[195.12020562518057,67.92999017473778],[195.12424370399907,67.87421112951436],[195.1498820645205,67.8223245198323],[195.17698734840877,67.81326444741356],[195.19603059689757,67.79421769904427],[195.24507996305144,67.80853729198137],[195.27648010551843,67.79887451068184],[195.2739234845875,67.77593513072416],[195.28780956166224,67.74921216767854],[195.30579546082015,67.75193459789136],[195.35079395232336,67.78067487795715],[195.3772425773198,67.77465257790429],[195.41193136668838,67.7479490011216],[195.44775528179326,67.74460569782347],[195.48968993564807,67.7215060850923],[195.67620975617024,67.71778735394521],[195.68811656814688,67.70079780604395],[195.6783826698994,67.678018478365],[195.69130998765405,67.63737168834668],[195.74564748688255,67.58482098522666],[195.77619514813944,67.56688887418304],[195.8352096266379,67.57645675683801],[195.90447340127054,67.55624647974372],[195.9390865267065,67.52452175511888],[195.92052175226502,67.48912498893162],[195.93161181209274,67.46636953845268],[195.94817109167366,67.46950154849277],[195.98664614404876,67.453401170571],[196.01605330822807,67.45221958929248],[196.0437846844138,67.43762207130186],[196.0453838900878,67.40590946282477],[196.03803527709914,67.39602336835769],[196.0207671193226,67.39340726052103],[196.01480266145595,67.38060081545507],[196.0292871232234,67.34708051556913],[196.06033813661531,67.31669370795196],[196.10681749481773,67.30681988677176],[196.12697796005443,67.26914682126579],[196.1187608669025,67.25098592967592],[196.12615625165878,67.22202836086407],[196.1503138279985,67.20814925958567],[196.17059876294135,67.21874242333149],[196.20032660039638,67.19504575470752],[196.20084919942067,67.18385177409426],[196.2236511440055,67.17414479665625],[196.22536113025447,67.14871527329066],[196.251973510295,67.15212448329764],[196.29536941526695,67.12987604253328],[196.3148038087324,67.13282132248905],[196.34758185615033,67.11899018361622],[196.3928220684232,67.12021028516092],[196.4024929539434,67.13984518636103],[196.4337022435474,67.15961462794496],[196.44413534903822,67.14052039674257],[196.48021769631208,67.15162628235325],[196.5101226941099,67.13799030122951],[196.55056600626875,67.15226422049761],[196.69126701555456,67.11156868150594],[196.70163469455372,67.13005648980258],[196.72849349318597,67.14729114274664],[196.7361785580934,67.17665152487531],[196.75881095182893,67.19887594247682],[196.77633878926065,67.17459189480782],[196.80565592570522,67.16838790351406],[196.90832080721196,67.25287974167085],[196.99057930043128,67.2778881113359],[197.06007406944101,67.27025390602742],[197.11850866440858,67.22305914785525],[197.1338155195998,67.24252503668453],[197.26375320806324,67.18269159197315],[197.29821439271763,67.19782707341739],[197.29708914765018,67.2495029855655],[197.2486751729684,67.33844913170819],[197.2146204440723,67.36477995896561],[197.19958448581968,67.36215156631052],[197.1760992987425,67.37767655026624],[197.17569188183109,67.41843338757333],[197.19854312075256,67.45643845959555],[197.21070037270414,67.51793934967313],[197.25634404381395,67.6035511647078],[197.27787747157853,67.615128847098],[197.34464585472992,67.69014672877067],[197.41517860569078,67.7441991781248],[197.4927538047324,67.77733232580849],[197.50224770938354,67.79339205001074],[197.46278437740057,67.91249522367507],[197.49274480683056,67.91142889786462],[197.5460805749375,67.92557753172642],[197.53292701242123,67.96228648618299],[197.45475184681243,68.03403423622596],[197.42957068461493,68.04266994373245],[197.37039122205445,68.02580208073603],[197.32942308591265,68.03109659471592],[197.29817959249138,68.02112356234616],[197.31338954114827,68.13121822605045],[197.3565272397663,68.3167045293004],[197.35394103146933,68.34931082856228],[197.2940925174933,68.42861387122855],[197.2377636564438,68.36684226167432],[197.2202082002285,68.35935479976352],[197.19045501467815,68.3592627526397],[197.15480692587252,68.41173796323562],[197.1191662339246,68.39065488184676],[197.09763518349058,68.39904575637476],[197.08476051169458,68.39186711124559],[197.05819195842352,68.40391581136753],[197.06069834837538,68.42600208885987],[197.04190452488223,68.44525977063779],[197.0749094500043,68.48604140971219],[197.073137138106,68.52288063581621],[197.04823106729555,68.50821248520015],[197.04808816622156,68.53282089781774],[197.02508549764747,68.58180522029919],[196.9477069680923,68.57879670339008],[196.95719043365995,68.6357062735248],[196.93264850809413,68.66655332871355],[196.9932484316819,68.75493145604216],[197.00807903914105,68.75235741213416],[197.0327218672261,68.77659494034832],[197.08729957476865,68.76236349544793],[197.1133128919599,68.76751559586684],[197.12372226901172,68.75502540032402],[197.1131555809174,68.7337265762026],[197.1305582038935,68.70782694412364],[197.16692592457994,68.6972651766432],[197.19571607384827,68.74022135301524],[197.24782631539668,68.75536219729328],[197.25377194210756,68.80450024589177],[197.36805770158634,68.87650767911421],[197.4678194762016,68.89550359937137],[197.517342996569,68.87465839012229],[197.57444850825746,68.75491260378445],[197.62639996199758,68.71945703165105],[197.64702130512848,68.71934693941463],[197.66684677992822,68.74059016894657],[197.68801770897267,68.74749635542656],[197.71774773165404,68.78065217250543],[197.67962431066047,68.70684917681481],[197.68313969758128,68.6593679705092],[197.74439452929792,68.59675359390286],[197.83122485608436,68.56895719308422],[197.8719590295458,68.54463573892473],[197.90459980984474,68.55609781121528],[197.93783985092023,68.53123279933128],[197.94796379688884,68.46945564699857],[198.0237996218361,68.45450292463158],[198.05234311819402,68.46783117639072],[198.13786016891027,68.446660451286],[198.1734270971491,68.41793093867929],[198.23145118137234,68.34181446272291],[198.41790479365096,68.3095522418682],[198.46375070740655,68.32312126958756],[198.4952704911679,68.34410877634409],[198.49747993230181,68.36918417243672],[198.44434568406007,68.3918373085359],[198.4635219629523,68.409825718406],[198.4887613462954,68.40416642370393],[198.50451168720016,68.42832972767181],[198.47722673080494,68.45150556061627],[198.46792578288452,68.47464050752028],[198.4764035620725,68.47984036869829],[198.46806160761236,68.48228975519001],[198.47318086512803,68.48724548894104],[198.48832131226004,68.48987392003686],[198.48526156109855,68.50645812427359],[198.50026617353663,68.5014373388949],[198.5037875971434,68.51086056909715],[198.49216865601778,68.51765532850749],[198.50730900812556,68.5202837992361],[198.46941985418235,68.55878219194112],[198.48829876559773,68.5830725834528],[198.49479839618925,68.57132206648352],[198.50165107440148,68.57945956996915],[198.50181400382394,68.58863865084949],[198.48507612314773,68.5904776920417],[198.4771146329693,68.61434493562022],[198.4703706259906,68.61232685314675],[198.47237580945662,68.63080707175186],[198.48399443928798,68.62401225776851],[198.48757013113902,68.63649515134362],[198.4759243620847,68.64176011296288],[198.47123990248133,68.6612819386587],[198.4894394480271,68.64732613521068],[198.4979983845667,68.65711552618691],[198.47367969836884,68.70423966752954],[198.49732399616107,68.71359772214218],[198.4904986522508,68.70699009747341],[198.51197500095094,68.68868895368557],[198.52145283708757,68.65576478636189],[198.53136514721908,68.64731815361033],[198.5332072204263,68.6566192969168],[198.53984258121335,68.65251806538748],[198.5243225676217,68.62847171685806],[198.5530319238424,68.63972609339748],[198.56056284930207,68.68610973973553],[198.57218150125968,68.67931510558417],[198.57193730173407,68.66554651374767],[198.58745699179542,68.68959294811717],[198.58542512604086,68.6695828989097],[198.60730890296497,68.67422978350642],[198.59525616149745,68.65654685328006],[198.57339943540507,68.65342984922312],[198.58493680271079,68.64204571414496],[198.56963402822691,68.6302380146272],[198.57767736203152,68.6109604716604],[198.59446950975752,68.61218138235131],[198.5943338801002,68.60453216057662],[198.5725311867662,68.60447482839243],[198.56941695762728,68.61799925804858],[198.54038178377957,68.58838664164682],[198.56223879852143,68.59150355047932],[198.55357130796475,68.57559467495106],[198.56036962224897,68.58067254722312],[198.56023393987465,68.57302331871662],[198.54666441840635,68.56439742441016],[198.5717172031589,68.55857946769537],[198.56478319355222,68.54585234860383],[198.5496429231306,68.54322373867234],[198.54948008524383,68.53404465868533],[198.57491287793917,68.54964457083298],[198.57309798079123,68.54187325120289],[198.58314628230812,68.54107595064146],[198.557767739287,68.52853569287382],[198.56776179316444,68.52467867483358],[198.55394790691275,68.50228412379414],[198.57951650263828,68.52553330565735],[198.5860435831861,68.51531275307318],[198.60197051484758,68.56230698405322],[198.61878995568514,68.56505782351309],[198.6066556290018,68.54278529027509],[198.6218230153236,68.54694389074146],[198.6317628750524,68.54002729468962],[198.61320986768482,68.53409461838538],[198.60960729685405,68.52008180666822],[198.62128067520786,68.51634698567355],[198.60256483515042,68.50123525563644],[198.6224989435679,68.49046171210644],[198.63945418759977,68.50086186034248],[198.6595510330052,68.49926752050906],[198.6560298858558,68.48984421934571],[198.63598722940597,68.49449825967298],[198.61897772304587,68.48103842585355],[198.62696730320067,68.45870125984314],[198.63866796190933,68.45649633054852],[198.6455205869214,68.46463400763506],[198.6554877665377,68.45924730791631],[198.6832224364863,68.41542797164803],[198.671657144444,68.42528203353743],[198.66973395166903,68.41139129625735],[198.658114472364,68.41818569382312],[198.65510828289712,68.43782946325719],[198.64359733278212,68.45074328018075],[198.6251524572356,68.45092991980538],[198.62211931261658,68.46904386535907],[198.61686457300115,68.45643877754787],[198.60524529774602,68.4632332921039],[198.6071957766331,68.47865386017835],[198.58842550618482,68.46048245852538],[198.59839261245364,68.4550956564362],[198.59487132469013,68.44567237490156],[198.5699264375607,68.45760958045652],[198.54411319106129,68.42059174955958],[198.5727152049238,68.42572695690667],[198.57631793840852,68.43973977578756],[198.58119298472263,68.43092697106727],[198.5996379078806,68.4307401985591],[198.59947516772155,68.42156111271134],[198.5825467181071,68.412690889468],[198.59587248661006,68.40754828112513],[198.5682713340958,68.36428881843082],[198.5779944451118,68.34513334644255],[198.59820036921514,68.34965824008535],[198.58804315708403,68.34433608642311],[198.59280982836393,68.32940389464929],[198.5270434569373,68.32731761361768],[198.54958539861096,68.28483497209795],[198.58476871569775,68.27169677939017],[198.5713814938501,68.24952504008897],[198.58475211537936,68.2018641821474],[198.60732088448952,68.18561797254426],[198.67808330517838,68.2075880710434],[198.7237887408965,68.1943927038877],[198.7483002156775,68.18219725891166],[198.74712067670822,68.16467714152034],[198.8028126435472,68.1273770663173],[198.9059981987768,68.07979678452091],[198.90492714957145,68.07130887223099],[198.87988521670007,68.06019467870489],[198.8828275955147,68.0451822035316],[198.86306303855145,68.03337898579655],[198.86246214251526,68.01756747935677],[198.8670118565642,68.00964672085794],[198.8789219496125,68.01360122142032],[198.92838337795166,68.04377453761066],[198.96417248641472,67.97347060173846],[198.9522250346945,67.97386178753635],[198.94339242192527,67.9577703806585],[198.97437498494668,67.97250341003966],[198.98731047138068,67.96181379378024],[198.99051623538432,67.95437833274917],[198.9749785799039,67.94497977984709],[198.98396601113518,67.94167318975465],[198.9704601193054,67.9297450933476],[198.97730079241495,67.91656757488218],[198.98959553791644,67.9192347983856],[198.98139419340447,67.91198106114587],[198.99769440588432,67.8981717368105],[199.01386874992252,67.90458905706006],[199.00850412551688,67.89265706642402],[199.03194669685053,67.83766620338979],[199.06814813952184,67.82214944869155],[199.06801414958616,67.81449913171195],[199.14261459396278,67.82465008975902],[199.14980943140307,67.84018337654763],[199.16680595536803,67.82240431738748],[199.16310148351795,67.80851741346949],[199.17511691628224,67.80280436967136],[199.2030127906674,67.81444564960961],[199.22195540362506,67.80896542745685],[199.22398142896446,67.82585429448491],[199.23253333910134,67.8200249892343],[199.3407051797891,67.8695354671527],[199.3806158906136,67.87546479856249],[199.39260475754782,67.86822211861761],[199.40483389654645,67.87474999806909],[199.4046737407825,67.86556964143038],[199.420099527051,67.85691343066095],[199.4323553465842,67.86497142305683],[199.43200845534642,67.84508065196243],[199.4426125556331,67.85767059920946],[199.45121805721968,67.85490172110848],[199.44578262303827,67.8409564422758],[199.46152866890498,67.85066104807422],[199.46485884937687,67.84312725804233],[199.48052484912432,67.84824173294169],[199.50476846453927,67.83510790455273],[199.53107375540026,67.8436228966157],[199.56927641855964,67.81291997593371],[199.5892327273961,67.80835692969137],[199.60373344399687,67.81913997986865],[199.61046953672349,67.81038653254822],[199.59511746209517,67.80799501054861],[199.64645904720643,67.80150195683734],[199.6830414896143,67.76756351236511],[199.6864474102225,67.73399730847837],[199.7411137470165,67.71395769823164],[199.76047137930513,67.69608916156139],[199.8275068174478,67.68863243856356],[199.86186215360289,67.6964825713595],[199.9032030620851,67.6754404563417],[200.00436205605058,67.72205892896267],[200.069842416585,67.73428950836423],[200.1084268662443,67.76002264642617],[200.1285342814686,67.75532116816922],[200.21472301178363,67.77615390576365],[200.30116887007227,67.81364909126722],[200.43951354913003,67.84261879842936],[200.44045867638866,67.85256197790589],[200.44707516753786,67.84544132156816],[200.48410994367708,67.84793131952111],[200.48239111954513,67.86472687213748],[200.49545229853996,67.85216518365007],[200.51109107394666,67.852771699678],[200.57965891448038,67.91149838918977],[200.66360634013182,67.95417132371537],[200.8496262357769,68.0349552561692],[200.91544238848672,68.0438351221938],[200.91406619110748,68.05727161952954],[200.95213075137337,68.04968685327536],[201.0467293636073,68.06495586143748],[201.12148169156376,68.06322439492354],[201.2523301573214,68.10121173969853],[201.36833279867636,68.07149086527855],[201.37181207346228,68.05069785905644],[201.38473156542995,68.04297082209054],[201.64607974762453,68.0617289389124],[201.69982841712374,68.12889530613438],[201.85929694753816,68.19004824728914],[202.27279273494767,68.21803233040882],[202.33205776524014,68.19633721367346],[202.4259670196359,68.2078731760014],[202.48516520148445,68.26526341209474],[202.4908746456959,68.21851012232173],[202.60217875497727,68.18043150469617],[202.64973697424819,68.12673399907642],[202.71287138502046,68.16399237561117],[202.6470877182104,68.22028945482545],[202.62536765342043,68.2764140937691],[202.76980947497503,68.34193659507329],[202.86533717168686,68.32144534521271],[202.9294631775494,68.23935970264408],[203.0004504409735,68.21823668276949],[203.0655845597343,68.22017707960777],[203.1072418113016,68.1883964182814],[203.1814883599627,68.22690961902458],[203.1722813464403,68.26521600643946],[203.20516487518717,68.29967389582131],[203.33648984148417,68.30867939254632],[203.6409505919696,68.39480275067997],[203.7535805601792,68.39362313034731],[203.78670398872075,68.37857512116847],[203.8033957031997,68.35189632004885],[203.9372866191986,68.31914437913414],[204.12418321547057,68.31360653322079],[204.06790967906056,68.42834012034555],[204.050836740409,68.4943045839621],[204.11534853194806,68.5316688022865],[204.10355210530417,68.47686296217515],[204.17206876576827,68.45419287985794],[204.44829284791558,68.64125412201066],[204.34035134491577,68.75217805784402],[204.24629521592647,68.78412127949699],[204.2575853517235,68.84050123269246],[204.35719722955517,68.84268248506704],[204.35793424022324,68.93279832752083],[204.41869436022483,68.82302963559957],[204.46260297479844,68.80306104111816],[204.50664631279102,68.81392859880005],[204.4883022691921,68.74484926654914],[204.56101173343689,68.6579697873185],[204.63606635200372,68.66910161981743],[204.83102584565688,68.89261238051813],[204.7927955784861,68.96813726362976],[204.71790381490501,69.01658505177416],[204.69955314798375,69.01449086632974],[204.69487498322366,68.99947992285345],[204.61857445667493,69.0237184821407],[204.65102585796672,69.06281243169619],[204.63014508596945,69.0712157527192],[204.63264378808282,69.08511815305508],[204.57632531756508,69.16775870615749],[204.52906154680062,69.1804203353467],[204.56041724282449,69.18647725450086],[204.5398588714605,69.19957916466393],[204.52778192139309,69.18323041015941],[204.47275443159526,69.22571361704168],[204.46624009004688,69.22204679655295],[204.43723047788959,69.26824099227687],[204.11233529571393,69.49651497084449],[203.8673028541105,69.53744189933187],[203.58264778509886,69.48519759711277],[203.58544038714575,69.71614745454136],[202.9965337510291,70.08956553513923],[202.92973772244824,70.0867943439743],[202.75705401215302,69.9919970585116],[202.6973999042142,70.04850261377078],[202.60348976614884,70.0822341659827],[202.50358245032072,70.17682132900197],[202.48887351333383,70.29028048559609],[202.3753378033462,70.32578740560959],[202.24432651938247,70.29494289872093],[202.18992277224763,70.29273444376643],[202.15474003585024,70.29761854382889],[202.11214413127735,70.3213429195022],[202.05334386655042,70.3248767453759],[202.05802416003348,70.31153490917217],[202.0361584212892,70.31127701903739],[201.9918203861735,70.330388207385],[201.9729359706231,70.354503175628],[201.96995088118507,70.38206001781721],[201.98725589711108,70.44356304765802],[201.97766197945836,70.4777947404844],[201.92700923371925,70.47687748465859],[201.87445169164025,70.50307557602049],[201.84987814751273,70.50417362238646],[201.82949767671246,70.49038958206654],[201.79751485640293,70.48954619449779],[201.77707207566863,70.47777522628772],[201.76365020720988,70.4805274533106],[201.74971586879363,70.49988704762386],[201.73381698381496,70.49644649550034],[201.7057313648184,70.54221161001544],[201.7040655989509,70.57891766087899],[201.64705350211045,70.62855386028926],[201.64244614755762,70.67416376295989],[201.63339207372366,70.67970272767731],[201.64123855298297,70.70712634509826],[201.5831095060294,70.69543268199382],[201.5717255306996,70.7013279363498],[201.576103852,70.73233344278776],[201.5507814123038,70.74044641549887],[201.5344135226523,70.73496281265565],[201.53345219923662,70.7142380247554],[201.52959543895096,70.75283235825127],[201.48309697976646,70.75568840105117],[201.47788555126988,70.76899848362186],[201.45326704363012,70.77160760850498],[201.42798149113673,70.79585498605641],[201.43981592678324,70.82729082087434],[201.4311873388794,70.83032032415673],[201.4347286873937,70.83657451866667],[201.4614055647766,70.8537446001585],[201.45460251621688,70.88410191537983],[201.41573108483172,70.88185396234371],[201.38535357564518,70.89824556292825],[201.3656827207986,70.89609996131932],[201.356419167696,70.91976125590523],[201.33763701120043,70.90607280421459],[201.31226944777387,70.91569616330607],[201.33012627700904,70.92479431778999],[201.3477719088158,70.95807653901119],[201.34528550110218,70.96952709644046],[201.28277147058338,71.02489159476251],[201.2801732315752,71.07464569299597],[201.22511716029825,71.11508852554682],[201.224430835647,71.1232676379273],[201.23857840016458,71.12983826391],[201.25224419490513,71.1803504421307],[201.24600052926158,71.21368526020039],[201.2540963089928,71.21908419186406],[201.23813609283383,71.26310652185433],[201.2332483876468,71.32726096702032],[201.21034470915464,71.34714114067495],[201.18845040554316,71.40053642883991],[201.15522520705758,71.41968137446051],[201.0989600166327,71.43474210084757],[201.05312809696426,71.47645244671122],[201.01516756341925,71.55985621437071],[201.03343202967085,71.58151129293053],[200.94272908399,71.59164785148914],[200.92572123181844,71.5646052466973],[200.92448124705365,71.57158147120006],[200.91132237444663,71.5685377386185],[200.88911039831856,71.579207890749],[200.86459902279296,71.56759131923549],[200.87173132917687,71.55011370295372],[200.86587181177194,71.5337830223696],[200.85958548135528,71.56541902702646],[200.87434528743273,71.57606031215344],[200.85617109797963,71.58585198638828],[200.7827505604024,71.57786223815691],[200.7699061805552,71.56435884791576],[200.79995978345494,71.6051617978738],[200.7988637521861,71.62801617189585],[200.77532345041612,71.63460445963794],[200.80010625430236,71.64014867639897],[200.78782575293502,71.6584859700307],[200.79103249427803,71.68982666150633],[200.82176676194325,71.7280069201866],[200.78484166485873,71.73008936729163],[200.7711821340203,71.74401391817116],[200.76056220231035,71.74290900917873],[200.75367419506722,71.76402170798292],[200.74194024851528,71.77046926515905],[200.7512130654509,71.80122868191424],[200.7284063250207,71.79682789625262],[200.7758801106074,71.83689465518046],[200.75133705772168,71.83819456538444],[200.72643428721875,71.82918590981598],[200.71393344786736,71.81663758663167],[200.72105125131597,71.82752234127787],[200.75044323540786,71.83957898083416],[200.78023752850925,71.84397131091107],[200.77879242365842,71.82999120849709],[200.75261945802865,71.81168938276068],[200.76870377871137,71.80339007460447],[200.79529266225495,71.80270478711516],[200.8162204187076,71.82163155610472],[200.8436755874457,71.82512435662643],[200.85591541003834,71.81874498575557],[200.87145985079698,71.8316899979477],[200.91248803649023,71.84563467999415],[200.9074615370755,71.85081342185818],[200.92940743003572,71.86058897746234],[200.94541092926167,71.84611432111986],[200.95170876165975,71.84906387595849],[200.9429742073868,71.83169268807552],[200.93431237821585,71.83434027312245],[200.9275776053143,71.82774972745281],[200.95391846911986,71.80927614684649],[200.96466512401423,71.81225572264893],[200.9855218350733,71.82795277848555],[200.9745330672958,71.84384975423356],[200.97825752624416,71.8591900350153],[201.0013210722842,71.8895204228204],[201.0138077348097,71.89062092311289],[201.01073474674493,71.90254744030175],[201.02844969046228,71.92735076794297],[201.02595682881946,71.93578919407912],[201.0450924706189,71.9493311308337],[201.0314450038755,71.95096528731978],[201.01984632937348,71.97302342917322],[201.09181362982227,71.99850750420971],[201.0919528103157,71.96828893812791],[201.10822470018067,71.9937536063387],[201.14146674786116,72.00001066911848],[201.14450001778008,72.01345214044447],[201.1678691982601,72.0182248758165],[201.18038369721188,72.01325362858232],[201.1768848558659,72.02060466932326],[201.18836165542808,72.03140518611819],[201.22963069020895,72.0401219165995],[201.24938335248666,72.05619537147918],[201.24749297210826,72.06701064620334],[201.20182941146808,72.05491473562124],[201.1982673991327,72.06059558157848],[201.21133855372324,72.07243595655386],[201.1873992463352,72.06239228847797],[201.17163617816263,72.07133027996446],[201.16795098400158,72.085884798791],[201.18248697618722,72.10566016894833],[201.21676262751177,72.1210999589041],[201.22205518643176,72.14230419256683],[201.23744807590634,72.14718482057384],[201.24120306674595,72.15864573443486],[201.252094001086,72.14580433578153],[201.26456855731143,72.14524562501013],[201.25176492482728,72.17150149545985],[201.2702957508908,72.18143930705747],[201.28967975128154,72.17481164432523],[201.31541296146037,72.18047841534785],[201.3161493725476,72.20970466474168],[201.34466735339745,72.22432137358078],[201.33797146199052,72.22817466098039],[201.3462391788612,72.24148741415632],[201.35969691612763,72.2421219365614],[201.37857057268033,72.26023632517287],[201.3811613149239,72.25076718342501],[201.3875409159478,72.26044482351156],[201.38386501181657,72.24243227221237],[201.39718837165242,72.24069943027928],[201.39752232401486,72.23288640720658],[201.41421509985133,72.24146631234491],[201.41721031548866,72.23343651581072],[201.42870670167477,72.24359545272978],[201.44578806684635,72.24477467478863],[201.44407299892111,72.25242208863509],[201.46166201422312,72.25607069827794],[201.4594498935594,72.26805515589433],[201.47029979734987,72.27585501697618],[201.49283887880677,72.26973193536674],[201.49611686845634,72.284937494414],[201.5217636007596,72.28595118491077],[201.53935587064325,72.30253593281566],[201.55961441558364,72.30577562540448],[201.53807184983768,72.31869057007597],[201.52149561394214,72.31546110846648],[201.54703075152452,72.34087883112274],[201.56556648916026,72.3256213221823],[201.58565993161469,72.32338007447387],[201.6042065911521,72.30347994052543],[201.6274842210034,72.30855429678519],[201.6386234763062,72.30384670159108],[201.64849448321638,72.31573119483592],[201.67005242239821,72.3113535882702],[201.67190921970814,72.31803554378253],[201.69231531877054,72.32521114594056],[201.70269790185756,72.30026116237674],[201.71748195086582,72.3107063594181],[201.71905659814064,72.30260055099605],[201.7361960592657,72.3060637910104],[201.73759547769845,72.29305202428328],[201.76669461334933,72.30094930769494],[201.77314926043448,72.28797548551749],[201.78321632044393,72.29188786849879],[201.79177192306676,72.28382574246363],[201.85657735364455,72.2848950351045],[201.84983456480646,72.30028047156446],[201.87034961927424,72.31905686952574],[201.8777253102759,72.35890946007515],[201.86966102239393,72.36760588072457],[201.90680879999124,72.40135430935393],[201.8987208808286,72.40537613395625],[201.87509652936487,72.3978098617667],[201.88647519072896,72.40546884395005],[201.88046991178922,72.41193290096513],[201.8903240256009,72.40617889557664],[201.90541873656403,72.41240589877627],[201.93894853177164,72.45043962072965],[201.91879635342377,72.42114532515903],[201.95000586761665,72.42383160068307],[201.91755703185675,72.41629556033394],[201.93106608913124,72.40213547195422],[201.91852635517125,72.40156204603436],[201.9295822972992,72.38112664911598],[201.92136070097143,72.37195998376191],[201.92589017931198,72.34597218762785],[201.91894951501405,72.33175802719016],[201.9434007735386,72.33056576147142],[201.95466963940115,72.29664256497766],[201.94089148792065,72.30789184273289],[201.93349277707523,72.292938444056],[201.90860317763588,72.28926265586261],[201.99549230690158,72.28209346090591],[202.00404122107994,72.31412068359656],[202.0527396488218,72.34161844382858],[202.03971593701982,72.35044345327995],[202.05511416554694,72.37067874725835],[202.04341657896327,72.37872092056878],[201.9980225184321,72.36924422182705],[201.99618975241702,72.38133266765634],[202.01228211220317,72.39981714913743],[202.01724370029453,72.38051522546236],[202.05895214139136,72.38504905370375],[202.08080329503156,72.39587612611972],[202.0848291488825,72.40696687793799],[202.04127972899545,72.42529307397308],[202.04157846374974,72.4335884316902],[202.05388553343224,72.4335204001137],[202.07092257757563,72.45136341004199],[202.06242506350318,72.47040494713164],[202.06916511555886,72.46996571717025],[202.0677980581301,72.47931760253701],[202.0165261784819,72.48713752051947],[202.00171810010124,72.4803036603612],[201.9870746912211,72.48306725298958],[202.0156169763683,72.48989763246409],[202.0605696014955,72.48740839465182],[202.09413707199195,72.4673328507209],[202.10427512989372,72.48572617334762],[202.09721307928453,72.50940627314198],[202.08502796515745,72.51733988824833],[202.1084486563518,72.5116157497654],[202.12733265885018,72.53049123215479],[202.1140126632829,72.53523653352163],[202.13265788541844,72.53367796986649],[202.1301123884013,72.55431105960815],[202.14179800173378,72.55842897499342],[202.15020876379862,72.54947755240782],[202.16100569659352,72.57992134509516],[202.18567196429643,72.57401759566106],[202.19358009029867,72.58064936926968],[202.18790047790253,72.585422233163],[202.23403689046484,72.60437010601122],[202.24760532766237,72.59244830253726],[202.26611458223854,72.59551412145512],[202.2708723769938,72.60405098115332],[202.27182746679983,72.58920178340429],[202.28541831832266,72.58442932884626],[202.30967906662363,72.59605674494948],[202.32148649984615,72.58504462216989],[202.33835067080727,72.59143981859407],[202.34054619698978,72.58197321412467],[202.35227137436195,72.58258373940464],[202.34154814585355,72.58345401608636],[202.34582031665386,72.59640669611665],[202.38161755277915,72.59196744577687],[202.40108840597944,72.60675044134422],[202.40224591669198,72.59039379187968],[202.41621229068176,72.5971904731785],[202.44258271107293,72.59106709395742],[202.44886723783873,72.5988003355217],[202.44856529123382,72.56876437733304],[202.45041049125794,72.58948704720397],[202.47356687651933,72.58079280099535],[202.52858349423877,72.57663088651059],[202.5536733776101,72.59104426398068],[202.55916435190125,72.60766853194718],[202.5386179720616,72.63508933971063],[202.51795195308347,72.64325973976838],[202.56125100993398,72.63641253669559],[202.5602512262808,72.62861961775019],[202.5941864581037,72.62594132899844],[202.60295617205665,72.61369035782405],[202.6182159109195,72.62095271416608],[202.61963985953895,72.61103416977824],[202.64192490143074,72.60269855159346],[202.6750767169089,72.60828720204597],[202.6985862545879,72.5963061877558],[202.7046617580392,72.60658082434267],[202.72037179411944,72.60674847013425],[202.72890167856636,72.62737023258371],[202.72358778884293,72.61389294173121],[202.74126064174493,72.59398699912977],[202.74539164437454,72.59794771859744],[202.74666828876713,72.58478564381919],[202.91315978688817,72.5325796002138],[202.9706649689357,72.49734095883512],[202.98935370366246,72.45403024059769],[202.98040404068698,72.30448247802391],[203.13392453506125,72.15848532065898],[203.42613577546496,72.17745716708882],[203.66101188635392,72.36883589576769],[203.81782486637906,72.34203358209982],[203.84593835363376,72.38862827194683],[203.92867965613635,72.35413770984157],[203.98675529710073,72.39348462878348],[204.05864766900305,72.365273315473],[204.15004152080843,72.3507581334752],[204.19051289502698,72.3658994372662],[204.21421648157587,72.36371580165323],[204.2432646256393,72.38303372884023],[204.32405250393418,72.37501177557237],[204.36075053072233,72.35629823534151],[204.39994138935742,72.37379240954733],[204.42289187441963,72.36272397592077],[204.45182497719685,72.37391355265765],[204.45863414778137,72.36157017628766],[204.47711123100575,72.35933025835105],[204.51088077465408,72.37295190968136],[204.51760244763938,72.36640802962049],[204.54307167339508,72.38783812656304],[204.55728432717478,72.37524605116275],[204.53444074509906,72.3424270844512],[204.54798144295938,72.33814750546641],[204.59428274186712,72.35664996373085],[204.61456112678903,72.35785237042211],[204.61730386180955,72.36866974146088],[204.59098877687939,72.38958582953146],[204.6047692825278,72.39808534829949],[204.62242557429073,72.37638042099341],[204.63352329992202,72.38649717108852],[204.65996121643397,72.38915933265082],[204.66446273437424,72.36605048644635],[204.67915301025843,72.36182734236277],[204.70306953447937,72.36316048589907],[204.73608329393778,72.38215987034701],[204.74562707419182,72.3696997753203],[204.77628096848048,72.3623465718405],[204.79067415459156,72.36418502533577],[204.80272876613742,72.38230573306228],[204.77545604915218,72.38287715719473],[204.77197295728237,72.39963306028599],[204.82084364656998,72.41478172257933],[204.83215917156673,72.42923302597066],[204.85896195369898,72.43478902273031],[204.88533580969133,72.46143292717511],[204.89954359541719,72.45359485333404],[204.97655072844105,72.45492550426303],[204.99516129448457,72.47242540682952],[204.99252390570052,72.48497502592494],[205.06213442430362,72.47333655913019],[205.14784139251685,72.49901546470264],[205.16142668326887,72.46008662478556],[205.17795863986834,72.44860279347989],[205.21420524944006,72.45520201493193],[205.22976496146376,72.49263534022353],[205.24599105099094,72.47747674427677],[205.26082678011713,72.4828146889538],[205.25561926446926,72.46076836808109],[205.26834532342053,72.45123633418314],[205.2913104214905,72.45971324434662],[205.31293277800017,72.48455842799984],[205.41371028940316,72.47347673019797],[205.78713974532099,72.65744287139147],[205.9115598879386,72.70778422657008],[206.0683356315547,72.74364554573123],[206.09849914851446,72.76193571282494],[206.23780253910823,72.79874563178618],[206.39566260757698,72.8015554694958],[206.4391841683714,72.81571518812855],[206.48967302723298,72.79149583727148],[206.52806639156182,72.8391591654757],[206.6886309723988,72.96631609099528],[206.67926879772475,72.94892398665677],[206.82034897930333,73.02687041701185],[207.00931664765244,73.07963726736091],[207.14085581812117,73.13254854565739],[207.30398373269378,73.15306444594766],[208.19385347519605,73.31208822170353],[208.27002086198155,73.3027207054922],[208.39594789476715,73.35664959860124],[208.78345387247228,73.42344850148989],[208.91133037812335,73.48207974960832],[209.45532382603102,73.63266709664609],[209.93315638566816,73.88404375785198],[209.97828504478593,73.88435244584436],[210.007875061659,73.9462736808638],[210.04297433625658,73.9465139828939],[210.4929074194269,74.37140879933311],[210.5180432801638,74.38173063252238],[210.51991990276346,74.39574608289418],[210.4915100270289,74.39381982262898],[210.48430928701444,74.40309224656069],[210.50939318414146,74.42289163201653],[210.49951090049612,74.45411347401557],[210.51548214974463,74.4646414205304],[210.50269617196685,74.4705759575193],[210.5190120838517,74.4978723993657],[210.47852230030094,74.52868335793863],[210.49851578925689,74.53093710474522],[210.51558905562354,74.5151881680941],[210.54887190478806,74.53348529280248],[210.55638013097575,74.57292861082819],[210.544678082007,74.60963391630273],[210.5262296545793,74.6137786296955],[210.5451625720964,74.63181795625448],[210.53225934330217,74.65151765599332],[210.4043670345036,74.6783408642904],[210.36295730960393,74.73045759658785],[210.38611217306325,74.7677977322621],[210.47920748186766,74.81693784545794],[210.4682594766229,74.85453198071735],[210.52538295201123,74.92197081668581],[210.5676926222627,75.001717013161],[210.54855156055496,75.01217069560852],[210.55276589473664,75.05491412158621],[210.51473055988018,75.21861161412868],[210.41776056143988,75.35195343231551],[209.98224315057996,75.53788464968474],[209.58250315645063,75.5801825948554],[209.53629263662646,75.56596123040275],[209.5267028074497,75.55581264764714],[209.4989665772865,75.55484107162226],[209.4366983152506,75.51373257183178],[209.40109424288076,75.50148385779174],[209.1645516609457,75.45208187636031],[209.11664818139758,75.40421904574104],[209.10518334845386,75.38543329930319],[209.1133249220119,75.36925429013984],[209.06374872891578,75.31754230424875],[208.79417613178228,75.23874839897256],[208.58640940103984,75.2062138958461],[208.23980162077638,75.1917126816496],[207.70649601131996,75.24571762701396],[207.56943524134658,75.23719178544505],[207.53475802852483,75.19743985385767],[207.5748494948853,75.16093552849266],[207.56417688727896,75.11988272534069],[207.51996364218826,75.0693883354256],[207.4855803722662,75.05376931234129],[207.40815941889255,75.05253779478957],[207.34727909775086,75.04304594632609],[207.3345782714406,75.07858543237784],[207.40996446158363,75.13399822689433],[207.470814754081,75.15472050922992],[207.42915954205637,75.19811370902124],[207.35391261425085,75.24776607450835],[207.17703441800745,75.296991768932],[207.00449767306264,75.31733283579288],[206.70593468910315,75.36826797438417],[206.63633477271117,75.40369585427277],[206.4037479235534,75.47431881105865],[206.354734758655,75.4713705786119],[206.34260535450244,75.46193806167341],[206.3589948203654,75.42359366717028],[206.3647537142972,75.33332231077486],[206.33886401594754,75.23366104269199],[206.2940949510216,75.19289191453075],[206.3396437882081,75.11910842739832],[206.27677222607275,75.12065954390285],[206.24551597753023,75.09247499784365],[206.22178026931618,75.08294025072516],[206.20644914906495,75.10089758822166],[206.2188819946944,75.10794734832],[206.21579789753036,75.25633816808329],[206.23130003751817,75.29944410362471],[206.312053229917,75.39730700690363],[206.3022176159741,75.42704965922951],[206.13526601690268,75.51818976955485],[206.0607760188927,75.5390830558164],[205.91047440391645,75.53751317816554],[205.87978705106252,75.51690726457556],[205.8461798950731,75.54253209477474],[205.42427120307582,75.64714497752925],[204.95583134459474,75.91893463186938],[204.88536429362014,75.93519778816362],[204.82056932230535,75.93974570778688],[204.76492720597233,75.9368587127114],[204.69360857997768,75.91329345357221],[204.5829877718358,75.85154802494341],[204.46593716861312,75.79928382100051],[204.3684624749208,75.65563893010142],[204.38580963233596,75.65274192659756],[204.3629914764876,75.63388626541993],[204.33534604566097,75.55872030884913],[204.34879553679485,75.55417040762202],[204.4127242715058,75.56732816293292],[204.42376811878938,75.56293363853035],[204.3847849736814,75.55669990447188],[204.34236638868683,75.53364471067923],[204.31580181998885,75.49527702000333],[204.3261668529453,75.46653816299133],[204.174340602666,75.37354996759203],[204.20416451457106,75.36444234223042],[204.12333962093837,75.34859675067256],[204.1195557253226,75.28695829173847],[204.08978042860667,75.24326157023478],[204.0615113067177,75.22668213513981],[204.0790971179747,75.21024044836334],[203.99884557812857,75.19751078571188],[203.97549928153063,75.18753796941704],[203.97747531855066,75.18181527018709],[203.89312210004255,75.1646045001522],[204.02723234212334,75.21549885939467],[204.0052328577006,75.23368754967537],[203.95086502237746,75.23705377616508],[203.93896596816535,75.2228253207166],[203.9092200360982,75.23884676308661],[203.90211379895527,75.26556349424258],[203.99514156748407,75.27298432151393],[204.00713249306983,75.29196981980331],[203.96395940509785,75.31464628105726],[203.99189192210807,75.33060134424898],[204.0592958262747,75.44708956309404],[204.14068172428256,75.47975467891987],[204.153687917941,75.50186366795754],[204.22375339252005,75.56330608989927],[204.24788495019385,75.61697082279848],[204.2087203345265,75.68068379250732],[204.2405032478575,75.77677238514144],[204.25398459868126,75.79044365413104],[204.29062321403597,75.79203447572402],[204.3695848153775,75.81491580334679],[204.57437219194708,75.91683704380743],[204.58074741994773,75.92396417910813],[204.54273881132406,75.96345671934523],[204.34997707146803,76.07592399190278],[204.3132471930388,76.08221784822813],[204.27101196263118,76.07843022416257],[204.2081163720227,76.0571963354456],[204.17664017546662,76.06350780768858],[204.177817643167,76.08474641968854],[204.13087402671042,76.10770875374624],[203.77302770193927,76.25552966939793],[203.6881991728069,76.2841925165187],[203.64367096926432,76.2696898925298],[203.63180970500326,76.27175368199323],[203.62367842823076,76.29192270821588],[203.63098026511562,76.28753614207824],[203.62917583620134,76.32045597514927],[203.60379891704096,76.34312518805453],[203.54032045533444,76.37175542976593],[203.50786368240685,76.37305237263067],[203.49406122994387,76.36161369727235],[203.49277111421816,76.37888277973886],[203.47937323327255,76.38939430452565],[203.40270180343953,76.41151442995093],[203.37678890932847,76.40152676667881],[203.36931591122408,76.38811133606006],[203.3670581302342,76.41960776513534],[203.34314057217114,76.43536837042535],[203.21563505210457,76.47415487548604],[203.16532070995606,76.47873009496749],[203.15779784539183,76.49039199194696],[203.06181832872596,76.52377806225226],[203.02354464195594,76.51913573741912],[203.0218923660646,76.54270432518898],[203.01145820102414,76.54972261413425],[202.81624480667313,76.69109339550512],[202.79220361606744,76.69329529629184],[202.77869604064165,76.68267208532686],[202.74495606432907,76.61432176370641],[202.7492597447271,76.58646824613122],[202.7406025383865,76.56442305297188],[202.7498045275538,76.55255676401536],[202.77957962877116,76.54254103160835],[202.78503778296226,76.5219851034478],[202.76052409480326,76.4889022196881],[202.76373137449872,76.47800789287949],[202.72790612959488,76.47317533148917],[202.6911644119084,76.45390830725648],[202.66716442460796,76.48257984548964],[202.65819578910214,76.51145630645404],[202.63064806905695,76.50508589647465],[202.63716385585366,76.51087005735673],[202.63054550595172,76.53493104405571],[202.58522658627288,76.52885995890904],[202.520089052169,76.50807263918486],[202.47154892222193,76.50299803316919],[202.46623744447362,76.51784559414777],[202.48028203425915,76.52326084609216],[202.61056296664873,76.54873044565505],[202.63661903204644,76.56038066571571],[202.6410931970587,76.5928235525198],[202.6278738337519,76.6118795704644],[202.5514141911176,76.6316240662869],[202.5090465221421,76.61582360952016],[202.32811860264073,76.62616744586661],[202.27836425683185,76.60569784874863],[202.27763756291347,76.58938937095685],[202.24790578023558,76.57450442499487],[202.2617293982356,76.6168484111853],[202.26114136997364,76.65130744889379],[202.20678604863528,76.681280466645],[202.17895719471832,76.69126535848153],[202.1652030288513,76.68298507876092],[202.15852729045787,76.69422438255683],[202.06477192882477,76.72783725093721],[201.96434736971722,76.63263642084294],[201.8706980832561,76.57528998282473],[201.8072451859576,76.55464159054829],[201.74062214695826,76.5565204451219],[201.64923672472082,76.52027903170995],[201.62594380913484,76.49171489873181],[201.6044181575155,76.48697483939974],[201.5999684736973,76.4972699620499],[201.499321562783,76.47724439367401],[201.45360082343166,76.46128890342345],[201.43211049232593,76.46145283470895],[201.41181140066612,76.44627233366491],[201.4008620586431,76.44665721385134],[201.36052941100996,76.40720353147866],[201.43527898034566,76.32871619281028],[201.49837419757395,76.33662237336289],[201.39889209231674,76.268406907973],[201.47283229771924,76.17977697984638],[201.5972543764307,76.17779680401102],[201.50674877216053,76.16214143557028],[201.43300639884148,76.17319555615296],[201.36980497699784,76.14052802121788],[201.31743650674554,76.12383774077352],[201.2907617519911,76.13337028391574],[201.2581472779691,76.12976729690935],[201.19201475606928,76.05685445690935],[201.23806039606393,75.96573836131279],[201.30902207887348,75.9272325056153],[201.31741925407235,75.88508499912972],[201.30403504909012,75.85531278594945],[201.15157947982397,75.79442447653477],[201.17300920163018,75.74450473339711],[201.13448395504548,75.7507911973684],[201.11389287057955,75.78626253579662],[201.0864829060256,75.9475409307674],[200.9913344162231,75.96332521657925],[200.963930577349,75.94297238808262],[200.95668463992698,75.91696944153564],[200.85950136849348,75.89000136006591],[200.82248574179397,75.89978784436101],[200.81122085583542,75.91362922362],[200.76620879792137,75.91271831179887],[200.7635179936202,75.93725001024262],[200.78418514111695,75.999032936774],[200.72883353469703,75.99837400840632],[200.54723922375646,75.93410346107339],[200.46576890066441,75.85774285999331],[200.39804553058278,75.84869386081297],[200.24383784986173,75.77066740448431],[199.98832682210042,75.74987070439875],[199.95356775622326,75.71374438555536],[199.94452649732298,75.7490337953652],[199.99221469101275,75.79403768652213],[200.00676688524737,75.79528355688322],[200.00807548230364,75.80815054896495],[199.90818427660838,75.80916717038289],[199.91149206812088,75.92106675387748],[199.86038054332633,75.92402294225948],[199.92785488680494,75.94674859845708],[199.97647672088272,75.95042854251687],[199.9819480187628,76.01554951082917],[199.81744873911396,76.03911278706414],[199.7429748617233,76.03208134491723],[199.7320504377689,76.04762602390309],[199.83592858545944,76.0649502092099],[199.80268490159517,76.08426878855107],[199.71410371426168,76.06104265608727],[199.70705765006198,76.06999859725163],[199.7468019835424,76.0928491167534],[199.75000880273342,76.11350466143892],[199.76659607079262,76.12046944790546],[199.75181607568123,76.13151818194655],[199.7198471945121,76.12959811866992],[199.73755324132898,76.14771383599796],[199.83741747896713,76.19293220224507],[199.7679207519749,76.20154613427243],[199.72786860000966,76.2434749868514],[199.68654931109455,76.2614552104613],[199.69376166819612,76.29940097727659],[199.74114851042,76.29943284591768],[199.77695080040402,76.31249358713083],[199.76383258248666,76.31443327295554],[199.80644429201652,76.34108683034711],[199.98110732190614,76.31547681651902],[200.06475964433523,76.32067014783696],[200.11634427575314,76.3405155041949],[200.0795483819893,76.37503937983091],[200.14183053268485,76.40323565450826],[200.1697340629062,76.37856768237882],[200.2228343691837,76.39345501584589],[200.3043820070215,76.39296757095704],[200.34927116411302,76.41010360476285],[200.42470154064245,76.4634461545295],[200.46849615506608,76.54934880000047],[200.53608156421885,76.60861468228761],[200.56102090462983,76.65086409103017],[200.54287287824528,76.69440724943082],[200.5871011229276,76.72759419321523],[200.55744566690691,76.68723739336542],[200.56978396133962,76.64309206927796],[200.54140658176638,76.60811558645455],[200.54068903865783,76.59683647435745],[200.46563954777275,76.52990504592064],[200.42075606026546,76.39006062670845],[200.42696920047243,76.37701610317727],[200.47925009370462,76.35416994009735],[200.48976788597432,76.32988597294805],[200.53320189640726,76.34957484169408],[200.54125331757345,76.33363998721256],[200.57775645702503,76.32437517385024],[200.65116601916762,76.34811978089138],[200.64638488884864,76.36074663203578],[200.65606984969227,76.3702867709615],[200.66689552607224,76.36867136630767],[200.72603699897866,76.3987584910732],[200.74924654861772,76.41834155805384],[200.80134853665345,76.42892015663406],[200.80673502511056,76.41911213636205],[200.91294045231678,76.44542522855917],[200.93887556014317,76.46315950246955],[200.97020962443054,76.50643926333305],[200.9629816978256,76.51007806135812],[200.98431071127922,76.56407801297661],[201.05956903896916,76.59030434684325],[201.0646248250104,76.60727033781693],[201.08032231120535,76.59339235146525],[201.13801223486013,76.61126805114046],[201.14916331176994,76.6301459129355],[201.2149380837378,76.6334168868613],[201.22187969793055,76.64186905679726],[201.27122465532463,76.65681324388896],[201.32181392076572,76.68634964734039],[201.37403038727385,76.74286408600359],[201.3587812669226,76.7487572049239],[201.35583340813542,76.76758084694666],[201.31384056917275,76.81668485807349],[201.27814174526878,76.83784725133853],[201.28246655619682,76.85798665900104],[201.20917410217663,76.83931700148345],[201.20698984021945,76.87656619510862],[201.19004250701641,76.88791056975974],[201.17164168728493,76.8865337304166],[201.17186271984664,76.90618338492902],[201.19519164318592,76.94389375874646],[201.18396278397466,76.95878511392738],[201.17615796123306,77.01808637095203],[201.15863298600894,77.02530093011546],[201.149950184232,77.0370355895634],[201.10795178188337,77.03318558332461],[201.10825839657716,77.0440004223202],[201.071678865008,77.05634715755407],[201.02251760992974,77.10264853763084],[200.99180872662524,77.10773006610853],[200.99934147420768,77.14447925170789],[200.99141610056046,77.15294340983215],[200.93825152313033,77.15092116242273],[200.9164354640745,77.17503272272484],[200.84427733323423,77.10278066170463],[200.75464396031327,77.0531969266015],[200.75103378769404,77.03581253524854],[200.76633189327242,77.0459067074501],[200.7795259296448,77.04507080713992],[200.80538474632047,77.0277780094143],[200.77134832919216,77.04274653739444],[200.7561846277082,76.99041684145736],[200.73835885688555,76.9718777768666],[200.73955122133273,76.96683490965147],[200.75158125922965,76.9699176327575],[200.75218104346504,76.96505678953844],[200.75664194065655,76.96269488031784],[200.7605530880569,76.96368719656117],[200.76768868946502,76.96771828921797],[200.7590402126249,76.96234532189067],[200.75566724634876,76.96203387353873],[200.7518991586629,76.96357779256662],[200.75085808108724,76.9692641335694],[200.7394875879776,76.9653459813021],[200.7366860379177,76.96829931574604],[200.74197518541826,76.98157116867088],[200.75443686566842,76.99078483569537],[200.76550571113037,77.03116281168592],[200.75094519359,77.02848430989141],[200.73891613161697,77.00390698159637],[200.72277133298005,76.9937839852277],[200.7090925437333,76.99687432354307],[200.72815077588052,77.01774506646666],[200.7274515944676,77.03033972047064],[200.6889387063244,77.01008173400825],[200.67590781161084,77.0162608297757],[200.6681804597648,77.00394598491202],[200.65525425433503,77.0055769150996],[200.66911338234598,77.0064283029554],[200.68304039888622,77.03606274967352],[200.69718464474025,77.03711099815574],[200.69002089659986,77.04584066823196],[200.68225024391916,77.0388268348859],[200.65922330742973,77.04008860382037],[200.6805427435858,77.04018004567922],[200.68750549041084,77.04970203837966],[200.7002725784206,77.05471923156924],[200.69441765968017,77.06605758128626],[200.70136176414593,77.05529163047404],[200.68749375763397,77.04770179730005],[200.69467082583404,77.04612844182883],[200.699484956268,77.03705550174494],[200.68429487022075,77.0350545431935],[200.67577755258972,77.01784383324078],[200.6893864319807,77.01209118763596],[200.73070082721682,77.031988974789],[200.7294220977696,77.0161188470813],[200.71336698666485,76.99891573938847],[200.7294675402569,76.99937262589826],[200.74553539010088,77.02696436550168],[200.74540575587997,77.05145205196621],[200.76477647567395,77.0644943789016],[200.76169487732182,77.07133763315959],[200.770578946582,77.06902972038718],[200.81360711412964,77.09047382178895],[200.9063082800191,77.17765256745865],[200.9237648520632,77.18360166320379],[200.9485870277219,77.1666849894133],[200.97526119688456,77.16671267783103],[200.9929602589879,77.24521859049821],[200.93012662468618,77.25633710099537],[200.93367300495788,77.31535016095393],[200.91482756683195,77.34882308295494],[200.92915748649563,77.37638854780148],[200.91726153035302,77.40740245404079],[200.90960681354247,77.40263252947025],[200.9145818243599,77.41769194372246],[200.887799766705,77.41754406987943],[200.88301574633783,77.42920201343458],[200.88857520201458,77.41973354050008],[200.91073599689912,77.42370886322256],[200.9207734243064,77.44662875634693],[200.90031723380798,77.49642639825655],[200.9221323910656,77.44929840828111],[200.91621861054753,77.43360537591155],[200.94148547804267,77.45349647120528],[200.9150526877685,77.42446389539143],[200.93429070836748,77.37400061632358],[200.92018806323074,77.34496738465475],[200.94025401429664,77.32143661523818],[200.94146367335588,77.26448285729732],[200.9499409479211,77.25716495526169],[200.9817492306293,77.25983560757203],[201.02245371881241,77.24200761081829],[201.11740624712314,77.31826557888019],[201.14478566885208,77.37275147708814],[201.09894605629074,77.40751897739496],[201.04478629383632,77.48386975560737],[200.99595930590655,77.61841843942284],[201.00632819652265,77.654906501281],[201.04781095159137,77.67212179526584],[201.07105346501487,77.69413357286258],[201.08037067450297,77.71747907640325],[201.07353794515015,77.733184754721],[201.09242824198776,77.7696006795123],[201.13729098527298,77.80648662169531],[201.14245882786062,77.84098264943306],[201.11679511043056,77.84200356701689],[201.00636967023365,77.78102816955189],[201.00165340060786,77.7865869434267],[200.9752006096985,77.77415844790458],[200.93681679088516,77.77741338440102],[200.90094996024806,77.76481960040923],[200.91159565616354,77.78536260482547],[200.8750490628924,77.76243606415484],[200.86916781455216,77.7447524850031],[200.89592676694954,77.71893081909833],[200.90679512125888,77.684978194157],[200.92683475649844,77.68836057289866],[200.92214850816583,77.68422568460375],[200.9307171155203,77.67551022755559],[200.94274604991392,77.68259250156338],[200.97192060659216,77.68797835877038],[200.9464794473935,77.67906638135422],[200.9525619578997,77.67618065012924],[200.9440904757722,77.67175887301165],[200.94909298844362,77.65798399769346],[200.9433056239522,77.67171124052773],[200.95126410704026,77.67621192299102],[200.9458933969056,77.67639994407565],[200.94299718185988,77.68150966361773],[200.93099024498142,77.67491037927807],[200.92665400554003,77.67660637217914],[200.89140240245257,77.63339383935366],[200.89850611316407,77.62995209481258],[200.90613929547192,77.63798830278552],[200.9182489217354,77.63893076084044],[200.92091769551504,77.63192619275345],[200.92454711982046,77.63655761708678],[200.92252905107674,77.63219288648921],[200.91958399223088,77.6306633671376],[200.91843855073273,77.63797105549403],[200.90637212530143,77.63700486990652],[200.9013123824693,77.62367550886418],[200.89941786030948,77.60219239131538],[200.90461855513414,77.60043484713484],[200.90480883566377,77.59022620927443],[200.9094124211702,77.58847754603325],[200.91280099867342,77.58274653986774],[200.9083246491901,77.5662636577745],[200.91157697419334,77.58459542868782],[200.90406168184956,77.58866331124837],[200.90336718583896,77.59999751859542],[200.89872423271066,77.60035360207897],[200.90162077615258,77.5931456710188],[200.89262671294887,77.58834369991061],[200.89581675555783,77.57669750030706],[200.88586077355922,77.56515554230303],[200.89560225288184,77.57694722092614],[200.89227649895707,77.58841555395188],[200.9014807668508,77.59340351961879],[200.89571525159045,77.59404422677325],[200.90219613619925,77.62936405124937],[200.8899845469934,77.6257537186019],[200.8904169497424,77.61734389527697],[200.88735931781977,77.61411783217414],[200.878431099214,77.62183246506035],[200.85899509266264,77.58909444068757],[200.83384792978958,77.58113062624973],[200.8582451939229,77.58908983634],[200.84224534052228,77.59357981427505],[200.85861158578547,77.59195351501882],[200.87794536800976,77.62257968683414],[200.88840113977022,77.6158276233664],[200.88867459897537,77.63308352436069],[200.8820338136733,77.63172083550837],[200.9238358892236,77.67788593078167],[200.89842952855955,77.6865489550244],[200.8932576700013,77.71434391736162],[200.86129959193522,77.74352239544454],[200.8597487540267,77.73524804408883],[200.8520731096499,77.7292714558162],[200.84844284434362,77.73722054576382],[200.842206070648,77.73121503842785],[200.83612978728507,77.7299316785732],[200.84961314094383,77.72514276206064],[200.84400232450557,77.72316899942996],[200.84438506604982,77.72130319013337],[200.83155756456915,77.71781950105243],[200.83482574268268,77.71522566371374],[200.8292890837529,77.7036072200996],[200.834282508718,77.71562876014569],[200.8214522212484,77.71530427790115],[200.84015066941032,77.72083831906656],[200.83556534338297,77.7301968827318],[200.8474413899387,77.73760382142977],[200.8499523138622,77.73737351444115],[200.85218917904146,77.73212283100524],[200.85902623451233,77.73523682805208],[200.86335278005208,77.7560953353809],[200.8797690611009,77.77557888080452],[200.86372249776136,77.77761581292003],[200.87201956190972,77.77890917995006],[200.8821459291992,77.77469238262378],[200.9152917437264,77.79679928874373],[200.90548745609536,77.80869325898279],[200.9204956685567,77.8344536922191],[200.92295329714918,77.88281221203773],[200.93700317418984,77.91611776689703],[200.93271879498624,77.94343139209423],[200.9469712641477,77.97348337345238],[200.92188081642362,77.96408969388305],[200.86286203068326,77.96430045916362],[200.77968282258885,77.98556572012265],[200.78172749213536,78.01608832175442],[200.76346462643124,78.00699901136404],[200.76875278026418,77.99102548321514],[200.7518764904646,77.96847253591245],[200.70094864590212,77.93526091559684],[200.66732575410668,77.93198191847307],[200.67581043209324,77.87489727065312],[200.637031185027,77.84545537612298],[200.61024797985098,77.80164054424293],[200.59623213656505,77.80656347415643],[200.5433135771023,77.76896690901278],[200.5141039631224,77.7686043131662],[200.4679161699195,77.69732309959848],[200.3537304105791,77.65864379645032],[200.3262732560178,77.61886516495422],[200.2488826098443,77.56603556500897],[200.1711427964545,77.53148048409656],[200.11717773365834,77.52109634518116],[200.10353462440082,77.48893832437155],[200.0756089483148,77.47269810188796],[200.01215133381888,77.41507883287478],[200.03362847119024,77.38170925584194],[200.0310002763592,77.3385139012932],[199.97265766226138,77.27498350604921],[199.9103682379932,77.23196614694189],[199.82894235270265,77.2006778956522],[199.72589236983526,77.18325365812856],[199.6009330503009,77.14301318256612],[199.51943396869336,77.13126796304704],[199.22418887458116,77.13472567078351],[199.0339504737167,77.1220418110301],[199.01314209984355,77.09159306472563],[199.00852211457942,77.04064696169118],[199.0186740719627,77.0104559323643],[199.0489055963172,76.98916835901939],[199.05692927342017,76.96450804586547],[199.01525681751082,76.91229873573869],[198.95957684157247,76.90673580364134],[198.92676057111112,76.87550967876719],[198.86772614181012,76.86787693113764],[198.8369577645339,76.85111418175208],[198.81875150036888,76.85955897173858],[198.79054692706063,76.84768180253849],[198.74433739308742,76.8484391559294],[198.7231632550014,76.83271259472015],[198.72121999559414,76.849057421265],[198.68871776812205,76.83678940029169],[198.68941025576032,76.85369541081991],[198.65986031798224,76.84602756371063],[198.6163578984948,76.87285878625596],[198.58856731039134,76.87513709187432],[198.59028197272454,76.88491829319415],[198.5130781923744,76.89504296387275],[198.29852921855354,76.82094821753023],[198.27787715043183,76.80142064135543],[198.26329060881122,76.80602732572615],[198.18147090214111,76.78590002974316],[198.13018012297255,76.7581277165734],[198.09828466087572,76.72057198138441],[198.0869793879468,76.71665480632964],[198.108141545121,76.75355360205508],[198.14714905668325,76.78870868253041],[198.06873545427663,76.82648297367666],[198.1047417530975,76.92568773335452],[198.19098133434446,76.93290123074125],[198.24922390370398,76.95424710049986],[198.28198044797261,76.98065053402976],[198.31761445487086,77.02399823276576],[198.29498411440437,77.0384573367286],[198.30041199463574,77.04360333705273],[198.32678210926358,77.03894831972576],[198.35511395634603,77.04842718614864],[198.36560262258524,77.05563873086493],[198.38563919240485,77.0962743989179],[198.4435032100218,77.13027889422199],[198.50819739394277,77.1903240587399],[198.57229119391968,77.22988192605183],[198.62706463199856,77.25326455411412],[198.63569749341215,77.26324591826514],[198.63409374526123,77.31213848335392],[198.66024076510243,77.41974684764219],[198.66055575656125,77.43918534316379],[198.62802549226978,77.46558849883314],[198.59234467350507,77.45748498014363],[198.54567244482894,77.46038237442212],[198.53893588536403,77.47202694932483],[198.5451924338368,77.53899741499995],[198.50876693891567,77.5724533400918],[198.48901707046565,77.57984723020706],[198.46664083821838,77.56657133375782],[198.44876415465396,77.54444725843052],[198.39856364798652,77.56343386814822],[198.3858230252505,77.58576821010095],[198.39906691917417,77.62374896125763],[198.45309515481756,77.67361719030299],[198.47651748295456,77.7053732209839],[198.51146044645273,77.72490098995479],[198.52325336355474,77.73925463076782],[198.6092025215912,77.7573010826887],[198.63995860373257,77.79789704452946],[198.64619242769143,77.82093682490104],[198.64924319903918,77.89067049965087],[198.62195221315795,77.89941822986921],[198.6338203854362,77.92501284453195],[198.60967896187879,78.05865326024565],[198.5892404808841,78.12005191479086],[198.59764644777567,78.131090879493],[198.59293816341443,78.14291672994057],[198.56615642301148,78.15451825259757],[198.5115661354419,78.22895037711568],[198.518077551091,78.24859119050033],[198.5032722863482,78.26568554517112],[198.5008397538187,78.29536606993938],[198.46112133631559,78.29421912685098],[198.42839864727574,78.26445112625666],[198.3959350471136,78.26924715322332],[198.39848593984857,78.27675880443968],[198.42644345839585,78.27174504368455],[198.43975118166532,78.28923404343811],[198.47121762984796,78.3073136180147],[198.5200521403728,78.31482211781767],[198.5086147298986,78.34387687635616],[198.52143106511213,78.41725365064823],[198.51679511911289,78.42865789178762],[198.45286903662713,78.45142983594651],[198.42618306696585,78.47572634490432],[198.4037482792573,78.45272593231725],[198.38331486978024,78.41011043240829],[198.31562425016477,78.35333258647816],[198.15133414017834,78.30548180321844],[198.14621815266509,78.33637741252848],[198.13077989856805,78.34077629105215],[198.1352862987859,78.34916105539978],[198.14782787572977,78.34716598900788],[198.17397205269071,78.31564515453229],[198.28046817488806,78.37485205146156],[198.29385339844006,78.38854084766416],[198.35486458635688,78.40214704075296],[198.36710957288096,78.4126320280357],[198.36786002100487,78.43560036632098],[198.40261298197152,78.48948664376809],[198.36551898061555,78.4925474891872],[198.35414866317103,78.54889255195727],[198.34562528357864,78.54857487515393],[198.3211566165924,78.50079065011883],[198.30089857739165,78.4912168936934],[198.25670031864166,78.49535953465634],[198.225188048081,78.51366582864927],[198.22645613999975,78.54528076714026],[198.22689191154822,78.52151578171137],[198.23926208852285,78.51649495870751],[198.27856347206307,78.54857183497977],[198.30205452133026,78.55532420005484],[198.30208124581154,78.54739372370386],[198.2831666907638,78.54320397059394],[198.2497764769721,78.51500395363286],[198.29954541704132,78.50149379281498],[198.31909810354497,78.51333662724103],[198.32040383919093,78.54190347041549],[198.33822236818781,78.57245588313464],[198.36707271698492,78.5738097934955],[198.38250113110595,78.56676941905476],[198.39688814156068,78.50982594174417],[198.45222915964723,78.56595728662214],[198.4865184409065,78.63266611468745],[198.51364233190512,78.63570740465178],[198.55959797112462,78.68155593777446],[198.58164804600574,78.71625792056045],[198.59153518700919,78.80900251851344],[198.60177993805127,78.82408416803344],[198.61188242528092,78.82149724824174],[198.63226863696312,78.77152368340313],[198.6448737868272,78.76212207792065],[198.69211972829854,78.77526298355913],[198.70878806886014,78.79517080462634],[198.73176888639833,78.79680401272526],[198.74876589095052,78.81166639856303],[198.75543021007257,78.89385155296621],[198.7651796059238,78.90841635173113],[198.8215116050251,78.90505343850764],[198.84630891140802,78.92665219150135],[198.85241883180885,78.95305867030093],[198.88032681885323,78.97318138259581],[198.915471144748,78.97976993973525],[198.9226287904877,78.9430700443464],[199.00320345817852,79.02492753704469],[199.04914531784829,79.00356612577747],[199.08799525242335,79.004365197546],[199.09219639663274,78.96900805831345],[199.16928710190427,78.97715523464456],[199.19315279581224,78.96543250985769],[199.17944016868404,78.94258619572295],[199.22866625732144,78.94637159133623],[199.29398998102153,79.03600265985114],[199.34001920198244,79.13983075490057],[199.34525508172476,79.10870561040178],[199.36935750121972,79.17624032449149],[199.36581262425844,79.1981053047767],[199.35849851280568,79.17567707980011],[199.35188787840033,79.17740622881496],[199.34498189685792,79.27748087562287],[199.38097610718847,79.3454632181673],[199.4234415568027,79.37353844418486],[199.46460690647737,79.43286262516837],[199.4497758281586,79.47876106909996],[199.45783610354067,79.53519429808586],[199.47835338130994,79.5778719570458],[199.50756781936715,79.59560639661298],[199.51201598534425,79.61107467661138],[199.52620938823077,79.78729360305789],[199.5195215833796,79.92410553197848],[199.51343128258222,79.95393301992604],[199.4926347439905,79.95711649406749],[199.4762051509839,79.98975317342415],[199.49441250133918,79.98861711469192],[199.50513217695752,80.00748437867355],[199.51026347855452,80.05119551376956],[199.5279086029974,80.06876834663503],[199.5545290042927,80.2010359203036],[199.62739845984134,80.43888969313338],[199.61525480793614,80.46214656086528],[199.63192523170324,80.50756739456237],[199.6340851666259,80.54014449259873],[199.60219908608957,80.57522917534875],[199.6579369064863,80.5734447378678],[199.67858358133935,80.52119643443093],[199.64853496947325,80.38826772094673],[199.65917383007385,80.38905662884902],[199.7289740050775,80.55780855445269],[199.7941937903694,80.74704056825958],[199.75172521562808,80.80248705005431],[199.64271079938635,80.78161950267699],[199.6431164684858,80.81442839995499],[199.69302509938294,80.84124046140747],[199.72976306505666,80.89285684926173],[199.6808921814407,80.90649908031622],[199.62935099714895,80.95858408526661],[199.55669394730856,81.09643691107756],[199.54253738298175,81.0934785938002],[199.5143580575826,81.05808932645249],[199.47754001342932,81.12946120644196],[199.46230238185927,81.14532675559477],[199.45220467990407,81.13507622719753],[199.43657267707914,81.145084752466],[199.4122191736617,81.20341839658087],[199.39589563578357,81.21446473920183],[199.38958996493034,81.29013497248319],[199.37447405285593,81.28255219949786],[199.37812713909182,81.27004079878586],[199.29260358663495,81.28461668456103],[199.26791875431536,81.3059840751973],[199.24618304577197,81.37033753614105],[199.218599141308,81.35905926843029],[199.21558132673124,81.37537682864675],[199.16055687606845,81.32910351136839],[199.14552101227193,81.33519734686541],[199.13912997551554,81.31572784263116],[199.0527442652481,81.31965466685358],[199.03014288362868,81.35622289775283],[198.94439329527222,81.39866738101624],[198.93056210317997,81.42232264550377],[198.88879586608243,81.4312319196255],[198.88626512577338,81.45431724056849],[198.85313375171702,81.49014180398846],[198.8519688867243,81.50714206883423],[198.8062162352798,81.52453572917645],[198.83501311285025,81.59407769570696],[198.8627687377577,81.63830742767638],[198.77431272928146,81.66246789261974],[198.78279793372454,81.68311609582005],[198.77634887008736,81.70275023304488],[198.79085983584477,81.72794955948412],[198.79862122780958,81.76517304961106],[198.74652484586127,81.82045177267409],[198.7617578445244,81.83399288972852],[198.76736666249593,81.91192536579034],[198.74775592764553,81.9933959253613],[198.7540047930358,82.18067274831652],[198.77746860739842,82.30515531685604],[198.73254158404146,82.26322211261504],[198.6292561024078,82.08354565755147],[198.59288231429844,82.0337914393876],[198.57745289417846,81.99293240050038],[198.55062370743622,81.96436887406755],[198.45088301060338,81.80096207979929],[198.4372288978952,81.75970968895831],[198.33845058382522,81.58686859807916],[198.2599414590776,81.58361745551319],[198.03236791324358,81.48214007976564],[198.01561965244935,81.5382530173999],[197.95898080679206,81.52272051266083],[197.9278931873767,81.54272419930396],[197.9065679174976,81.58107217043855],[197.91270385118827,81.62601713140656],[197.88848710532267,81.65707662931075],[197.90127897614008,81.694322023783],[197.8922654690704,81.71520464718566],[197.9093912154665,81.74158161342963],[197.8953358651175,81.7605635813563],[197.9004628515917,81.78679087064678],[197.92383227869885,81.82855907967803],[197.92300390481464,81.84329982628616],[197.9132891526142,81.85158596240642],[197.89383520593424,81.83713364309821],[197.8819848919554,81.84496278609275],[197.88748432835837,81.86969772427454],[197.82948016174035,81.88702601957199],[197.82693988461028,81.92639573707552],[197.80725135698356,81.92074231045007],[197.78266097846307,81.88446138961949],[197.77024444128267,81.87886387940827],[197.71771774305947,81.88395684527018],[197.71605087402443,81.96492584485017],[197.70840049895125,81.9573835920946],[197.69221964330643,81.97464406869622],[197.67266003073945,81.94830514779508],[197.67638896119223,81.93579055858851],[197.65705859272913,81.93168016665518],[197.61686789373618,81.88235926135741],[197.58649485156474,81.87084075085951],[197.57797551617915,81.84832782578984],[197.5515982940668,81.83976362934247],[197.51773217242794,81.8939312164641],[197.50696564607676,81.95891308791096],[197.4705256801688,81.9304657857359],[197.46298374189735,81.89189727513529],[197.44397703718028,81.88249715498564],[197.44195124283954,81.84750391806111],[197.4315858427517,81.82607892830191],[197.3686907358781,81.82009383591658],[197.36455895900232,81.85175363552264],[197.330341458899,81.83692001788775],[197.30164323193543,81.85141537437815],[197.2955791387139,81.90954400530445],[197.30238488556853,81.9390826256623],[197.32269509045443,81.9587507843213],[197.30264100183575,81.99827980547668],[197.29984367481325,82.05239075161266],[197.31397053296894,82.07353744844406],[197.312666494863,82.09070224807977],[197.3022210498477,82.07507415815219],[197.29174869960335,82.08467680206627],[197.29451487058387,82.17249583113943],[197.30459431384352,82.19690256229778],[197.32937321855272,82.21390749688618],[197.3249201499961,82.23940595828725],[197.33654226969423,82.27161223731213],[197.31589896802123,82.29235790581484],[197.2768482593528,82.39789483671957],[197.28511651806744,82.45317205363189],[197.2855180807987,82.60497880881323],[197.3403968112027,82.69029940220318],[197.4266667564615,82.73647737631434],[197.45849092505281,82.7903882242768],[197.47075592252975,82.8652680888405],[197.46040993800773,82.87046957674401],[197.46317349818847,82.89908502860402],[197.41911347432202,82.87653928809867],[197.40419412226242,82.89116768911572],[197.3983592299956,82.90293774001769],[197.42598937262613,82.93693933045823],[197.42943929534914,82.96723868682356],[197.36483224564836,82.98611136372351],[197.2912647189358,83.10785473030406],[197.28044060277676,83.17639611759529],[197.2880774375471,83.2339878089312],[197.28059496987544,83.24281763641898],[197.29081576383592,83.27742355211258],[197.30979781051735,83.29911777456404],[197.30587305809686,83.32042177876824],[197.35116361006956,83.34984670554849],[197.34480939676084,83.37503974660714],[197.33375990065755,83.36021660008534],[197.30638202088562,83.36331143828758],[197.30477522904553,83.37426274492944],[197.29522173244828,83.35949026172602],[197.27647016898948,83.3540722460366],[197.27354388195099,83.39033800691938],[197.29903148866015,83.41339960962267],[197.3010858702308,83.48906767824889],[197.26823866486114,83.48068641543648],[197.2460142909377,83.49371632549776],[197.24676447721947,83.58828481089465],[197.2140142509953,83.60057780017591],[197.26196551850495,83.66228705922526],[197.2888048375872,83.67677932669876],[197.35116811986848,83.74299355334622],[197.35551484790327,83.77930891301922],[197.34387543235675,83.83881386141456],[197.3935036485003,83.92889787131108],[197.42996311414402,83.95504867392246],[197.4524199834177,83.9530849340422],[197.4704933172175,84.00137255671783],[197.51135316883108,84.04807311813045],[197.54316199475133,84.06656142729062],[197.53064923292283,84.0713044612841],[197.5307489645444,84.08777680200774],[197.5452042777876,84.10681334810944],[197.54209405985586,84.13713211329356],[197.52849758224008,84.14164728885937],[197.51362325134784,84.1192818360824],[197.49108610171845,84.11608271863724],[197.48052055734257,84.14040925848762],[197.4924564286436,84.17831548008328],[197.51798846411162,84.21170623139605],[197.55399823956756,84.23550048391249],[197.59864343448683,84.28618376251711],[197.6209769642033,84.3646194975065],[197.6048043213844,84.37877562585798],[197.61761576581205,84.45681542058138],[197.6115936157044,84.46714601737261],[197.61973673924336,84.49227009592661],[197.61818327899434,84.59851269964909],[197.67260482596785,84.73692152173399],[197.67251437786197,84.76015411488937],[197.66003325367265,84.77523446794947],[197.58641907211376,84.74664383632683],[197.56363403660023,84.7772571530506],[197.51938180731165,84.74879663679215],[197.47529500560694,84.75132514787667],[197.4331085834161,84.76310112384833],[197.41902304634183,84.79552998297262],[197.3921975468833,84.81643363616188],[197.3432771514424,84.81057513958406],[197.34099939091644,84.83306471303678],[197.32760987786196,84.83529823942828],[197.31966558563542,84.85722165845553],[197.32465693119482,84.99443599757187],[197.28886874320398,85.05570194104547],[197.29276343096353,85.09485577736052],[197.3037001176179,85.11779494441357],[197.2394824907259,85.09479117507381],[197.2217321460878,85.11519134149093],[197.2081272309851,85.15995973349006],[197.1613835872151,85.23589587698287],[197.15039735609068,85.28283702660651],[197.1354366638065,85.29669974465101],[197.02062881433528,85.2826737124995],[196.97966002519325,85.25613054561425],[196.96283587764344,85.20430084912996],[196.97602439417219,85.10259909884286],[196.98824073936805,85.08156627662802],[196.98381146331084,85.04214654311491],[196.97070776093932,85.03943388036782],[196.96391588565945,84.9967115643327],[196.94699171261607,85.04792814487834],[196.90404173103138,85.00379732538109],[196.86263091009317,85.06652801680389],[196.85345022903886,85.05165384940364],[196.76510933144021,85.10221592112721],[196.71152070288036,85.0484799266556],[196.68017915886958,85.05062847240221],[196.6507835931501,85.00932090131465],[196.5510461866455,84.93333150432971],[196.5536821292817,84.91298904556963],[196.53729937427778,84.8717053079641],[196.51498547616865,84.85728458306974],[196.46701177911856,84.85516376324648],[196.45169221539322,84.84019694759769],[196.434187934897,84.7248845175587],[196.45244239004896,84.70449464822447],[196.45664562213398,84.64134831359125],[196.52840075781285,84.58371381557743],[196.5461307186012,84.60280072765653],[196.6242156123034,84.59758103593099],[196.62073135120215,84.58062835161253],[196.59199598026797,84.55689872058088],[196.57527047064846,84.52094360475716],[196.56117704362254,84.51798435174858],[196.52578906734016,84.46188941966108],[196.50894264500485,84.46572560856919],[196.46317748421518,84.43989481060574],[196.38446858028604,84.4376697507365],[196.38037313693894,84.5283337481383],[196.3334061512018,84.57659192072671],[196.29300150546854,84.58601898423254],[196.27078606374363,84.58271279321711],[196.23179783969275,84.51983345258941],[196.21011601667635,84.41786120503349],[196.1993180946156,84.40714617876404],[196.2381652258763,84.37102560799207],[196.25423193512705,84.29989736380637],[196.1767287246273,84.00903157929336],[196.18902720827975,84.0026026866655],[196.20674074553023,84.01812038678312],[196.21899858678506,83.99707416448793],[196.24413617263053,84.00827049483286],[196.29987242405954,83.91191832340367],[196.3014507765699,83.84991814176833],[196.28970444346334,83.79936157157154],[196.20225070445753,83.59587125203498],[196.2826487660049,83.6199218949091],[196.309966620213,83.61450465602317],[196.38890162329145,83.47146208816056],[196.39493501793498,83.40302484692816],[196.4170719806205,83.36727039858422],[196.41602561889084,83.34607416591805],[196.40486701358873,83.33218664381553],[196.3850129444297,83.37094576672096],[196.3718770398305,83.46886264294523],[196.34967285493315,83.47855965655951],[196.2932665885335,83.59287695619236],[196.26323869765554,83.56481091134242],[196.19383013986783,83.54413852507244],[196.12940986680508,83.50468439372814],[196.00470209041583,83.38453600248772],[196.00495413084366,83.30464241622765],[195.98766912606123,83.28062207571791],[195.97607986992293,83.23392667596995],[195.94704018179945,83.2001709154678],[195.88096507778255,83.04699966040127],[195.73231495576943,82.90995390737646],[195.74476387292947,82.85307135411739],[195.73256868101095,82.80012515149963],[195.7429587378167,82.80736562382035],[195.7343916067791,82.76897223637845],[195.74661465035473,82.74308287826156],[195.75281342122275,82.75370357886824],[195.7602334408968,82.74151381031923],[195.75467600640735,82.7068039647129],[195.7370477531881,82.69274577522575],[195.68568640384575,82.69109120025442],[195.67881610546345,82.71345357312772],[195.6920406941209,82.75473406804974],[195.68036190106693,82.75207560074938],[195.56846381530173,82.55870742066593],[195.56908889339363,82.501344368995],[195.5801048250184,82.46135728228188],[195.59596224234224,82.45153398208119],[195.60433517481277,82.41150012476038],[195.5955847339908,82.30940392094158],[195.58889134418766,82.27837925694618],[195.57361796659632,82.26696639451501],[195.58056243735422,82.24077937484024],[195.48329403301352,82.13711002276973],[195.47034968603202,82.16119529224144],[195.46382089476901,82.12355334705165],[195.4505886034044,82.11690134352025],[195.4308660230269,82.07865179026915],[195.43294962041603,82.06796082375715],[195.42017645474718,82.05276132174177],[195.3799961295063,82.02784680216101],[195.36509150052075,82.03638120535133],[195.3490563836263,81.99778194954956],[195.33931626096302,81.99199863810148],[195.34478008929074,81.9666381670952],[195.292493892546,81.9167685380624],[195.2784624560876,81.84880830052705],[195.25136631071553,81.81954063199711],[195.2076262701073,81.80408148987297],[195.1742598021781,81.80847190352077],[195.1532561457771,81.79443610474428],[195.08781585874902,81.68106326625724],[195.08252792972777,81.65951059319578],[195.0683775222457,81.66884471873797],[195.0670800856464,81.6563501838552],[195.05514832235275,81.65073989746342],[195.0211668677664,81.53461355605253],[195.01500196865686,81.52742601088096],[195.00181374173823,81.54835304348855],[194.99394364871307,81.54023387632947],[194.9996960144835,81.5153085599298],[194.98879585846845,81.48299885948595],[194.9772253132311,81.49425314294845],[194.97052364246952,81.48336116972231],[194.96864681617853,81.45808331089135],[194.93820199747833,81.40423486126102],[194.9295092901728,81.37160753824287],[194.8048165986064,81.30597969490208],[194.7948076326295,81.29172582939185],[194.7975425134353,81.27645741510639],[194.80705604487048,81.25643851089822],[194.8008070239554,81.27589702788457],[194.8110462751853,81.27840169130926],[194.8159442976076,81.25440024546455],[194.76190874403818,81.19734771993251],[194.74063968100216,81.05053076557493],[194.7249137144193,81.05923557036711],[194.7248207790575,81.04239294876737],[194.7090905215867,81.02796083391372],[194.69389604391648,81.02767436309361],[194.67584131884823,81.03302561675015],[194.6717920454015,81.04932731162538],[194.6650111389315,81.04443571181716],[194.66220130451302,81.01764430650431],[194.65400187418982,81.03985586941303],[194.63208998496012,81.01046501542086],[194.62195918692427,81.01184220509352],[194.6038865456332,81.04478638657835],[194.56832805597736,81.03307788126006],[194.5453903434528,81.01538346383467],[194.54667827038622,81.00727514176532],[194.5110212587253,80.96763927896825],[194.49689312031137,80.9238537373368],[194.4886826890411,80.91498458894333],[194.48444320214588,80.9214364406062],[194.45018448951308,80.90296032765605],[194.42187961432347,80.93747944995584],[194.39821938802703,80.88476970338075],[194.38370931488043,80.90168010547518],[194.38642053229663,80.95114465689724],[194.37576142563907,80.96756551422772],[194.35931110862194,80.96329696222256],[194.35311971896317,80.93986416208121],[194.34231474746974,80.94913006564617],[194.33176393082886,80.93982986992592],[194.32480168769732,80.91159880624431],[194.31160794121365,80.91038197283706],[194.30994057860738,80.9921246540527],[194.3208555684537,81.03834831472665],[194.3047468812993,81.02513671052243],[194.28782246067988,80.94780358815214],[194.27813195165908,80.94711015977076],[194.28416689563403,80.9819607400863],[194.27235945768209,80.9564320673127],[194.26607003597337,80.97575377563754],[194.257738770937,80.97008609662181],[194.26358424883884,80.98704818124081],[194.2356967352993,80.97745099977749],[194.24791053566565,81.02085690106033],[194.23674844666527,81.01449041082515],[194.24102748377766,81.02790158585941],[194.22982999023205,81.0367219084902],[194.2169868191201,81.02127985186173],[194.22622916699396,81.04167294942394],[194.21923752273074,81.04028552048447],[194.24117028064342,81.08229621040931],[194.20674496930135,81.05866227019845],[194.23309631378334,81.09764678045764],[194.24608182672506,81.13801291339362],[194.24107721769985,81.17053610127373],[194.24941451594998,81.20402216055224],[194.24639885110986,81.22061847117914],[194.26023358854764,81.26466642959485],[194.2527292586616,81.34448621344416],[194.27464797888737,81.36693611124201],[194.2938282242069,81.41027616004453],[194.3192300896693,81.44013259010346],[194.32211364110879,81.45664587769772],[194.3769562570318,81.49723947690026],[194.4000826504716,81.54145210365655],[194.41966407995739,81.55549623190753],[194.4177443642696,81.58183657678008],[194.44258689398708,81.60505689837058],[194.4383301025067,81.62094469330287],[194.45820985367817,81.6243637743777],[194.48746923040574,81.65809368661985],[194.50037325185923,81.72960612234306],[194.50165173912654,81.75664308279798],[194.49604136568462,81.75755344113978],[194.5269650667458,81.82587068503967],[194.5308706429396,81.84961113500157],[194.55014571217328,81.87956764938704],[194.56241954836557,81.94197457022074],[194.594376730384,82.0231492197517],[194.61538309646718,82.04721396078106],[194.63241888652033,82.0451635216013],[194.6167178917237,82.05763767908732],[194.63188289607808,82.07323971928115],[194.63908984903043,82.13591792470095],[194.6552176716745,82.16192820990055],[194.67846517722364,82.25634252395997],[194.6947538387198,82.29506047453656],[194.81338756665315,82.45485533509665],[194.8529158765725,82.55352628570004],[194.86866296134505,82.5637654987242],[194.89000219817706,82.64977776909379],[194.9062856644727,82.67587431222734],[194.9498444149242,82.69720471934],[194.94927557832915,82.76827001134205],[194.94154900552496,82.77421662185827],[194.9282058647125,82.86299383987688],[194.96284233149493,83.08757068437458],[194.97150521371142,83.11222453729995],[194.9779771711211,83.10194780830889],[194.97372712095802,83.1097249944369],[194.9849861127888,83.1285516395136],[195.0011149475991,83.1279781221725],[195.00983599582045,83.14697419145597],[195.05177896341925,83.17633415004983],[195.03094641625344,83.20576214210058],[195.03104491392668,83.1788167734815],[195.0104476292985,83.1513048376932],[194.97906274832349,83.15990379731198],[194.9819027454395,83.18760901483901],[194.9785682715684,83.15958992841743],[194.9492175791127,83.15470850511515],[194.93579660996883,83.21098786119572],[194.92290147982004,83.21539238328788],[194.9015089240597,83.26840411345606],[194.88226473633586,83.28202221248249],[194.87736196151207,83.31781236147086],[194.89879129388993,83.36695641977593],[194.93636391553127,83.39020541665153],[195.01222397160157,83.48345285742322],[194.99631219351295,83.50758515360405],[194.92135384051915,83.47320746018858],[194.89471817542704,83.48057538010481],[194.8806056999748,83.47034203158661],[194.8407332654466,83.52461598304305],[194.77352284551665,83.48481278123455],[194.74979827257042,83.50280301375827],[194.71285512263816,83.48581305723653],[194.68970648698155,83.49178699595917],[194.68180601846274,83.47736578945259],[194.69010266123092,83.4383926421525],[194.676683613565,83.43553234637449],[194.6649645617456,83.40277875258744],[194.6749261894858,83.38888977585404],[194.6112670220851,83.38513505614307],[194.63861074379335,83.41669413899012],[194.64553869949748,83.45511108194538],[194.63281154672967,83.45548879825753],[194.62704717623907,83.47171116000678],[194.64352452315504,83.50625311992927],[194.63629190510045,83.52101632883597],[194.57649322964824,83.5015986154423],[194.5612145757392,83.51644856378175],[194.5668117810598,83.54618652267706],[194.59828792305947,83.5840926699201],[194.55817375527593,83.63937815008202],[194.54960986261045,83.68362130931098],[194.55852272280538,83.71807249473325],[194.60282629708996,83.68937818903225],[194.65516300378312,83.60235836979297],[194.6991248260763,83.5763062118289],[194.72121289872638,83.61702033703835],[194.70844662519534,83.63047161925702],[194.71266358638113,83.66023480491808],[194.75024877577277,83.67311284005186],[194.7615813593865,83.69041005378224],[194.7395214589761,83.77515999382092],[194.7555350594704,83.77429010789568],[194.80065567839546,83.81592431299154],[194.81273039937508,83.85210951518594],[194.81463714400934,83.8009106455479],[194.83650670427133,83.8278086817916],[194.8565917308669,83.78419206212368],[194.8784160995304,83.77791346223864],[194.89194599965026,83.73144654041408],[194.88638530378665,83.71805498716058],[194.92779712693095,83.7459598600768],[194.91900574915903,83.72192291526811],[194.93059095487172,83.71554600099911],[194.9231377704509,83.70076058155973],[194.93767975310112,83.71398328935277],[194.94636618141988,83.68316480280095],[194.95969707760057,83.67920367149296],[194.97125135967886,83.7128518063201],[195.02178304439246,83.71461065296324],[195.03227131619346,83.82027371595366],[195.0029552802929,83.80681372396454],[195.0014736675599,83.84781147135445],[195.01115142831202,83.85428559866394],[195.0114855143559,83.8327521353921],[195.02532933611297,83.86747049271455],[195.01764780030828,83.88689862841832],[194.9959472867627,83.88228358500629],[194.9755727957621,83.92168024739604],[194.95138322621187,84.03557125605488],[194.86914813882592,84.2489106108103],[194.8652557562863,84.31336434731418],[194.90676011203095,84.38439312858509],[194.89241064850933,84.44111475752327],[194.88057911320854,84.44328133281448],[194.85156960287736,84.49349376733615],[194.85378551671107,84.51953813564256],[194.83291776314283,84.58452377623294],[194.78018614066414,84.58387402828481],[194.72627916386554,84.62032391253285],[194.70165132844198,84.59852996791176],[194.6817187688323,84.63614122532236],[194.65018874753298,84.65043884653323],[194.65088637968225,84.73988403136968],[194.6088213814214,84.79564047516132],[194.60901175066653,84.8282477264589],[194.59327482916882,84.86692700192594],[194.55425226730048,84.89882773577446],[194.45576505868215,85.08354787185871],[194.43286765356072,85.09815383510642],[194.419520763574,85.0872394601013],[194.42033399059844,85.11222710478404],[194.39504987924204,85.131752598618],[194.39678372582497,85.14638364951841],[194.3665872416563,85.18921416349284],[194.3171873963932,85.18042991034247],[194.2864734023645,85.2010110086817],[194.31103196474868,85.14196828819104],[194.29720240669758,85.06885368975199],[194.26024964046604,84.98181811427902],[194.24017090755854,84.97854912089394],[194.22895702529732,84.95927580717449],[194.21953322070135,84.96872264336179],[194.2166835206444,84.93798921839505],[194.19394844249143,84.92138898842549],[194.2153787867917,84.89257292722152],[194.21526022052257,84.85429588896488],[194.19991403456476,84.80235960253574],[194.19764716004175,84.7543750147627],[194.18120232838146,84.72746415507842],[194.1830469183985,84.68389742006596],[194.158806540683,84.6775426017509],[194.1705769761972,84.6566449937732],[194.16456206571715,84.60650546687904],[194.13954491421617,84.57182974271481],[194.15967163197558,84.55275059115607],[194.17940457889688,84.55442984502018],[194.18001401177486,84.52067545266803],[194.1644441171997,84.5021779720592],[194.1416676814909,84.52517999411322],[194.14463101260952,84.49735745315742],[194.16693816934497,84.46757764675698],[194.15475479297083,84.43841728198831],[194.0987120031781,84.38543607449691],[194.07915684287153,84.39307747343602],[194.04509513285757,84.37140632567431],[194.02901779447203,84.34187603537563],[194.0366024213859,84.32732434908593],[194.02686917190016,84.301689374472],[194.03210852102785,84.281227846365],[194.04350088494488,84.26760221252829],[194.0557724108641,84.27842115255106],[194.0658975403232,84.26028623551395],[194.05845874424918,84.08405379837615],[193.96420921150195,83.70293650281157],[193.9222345109738,83.57417565553672],[193.8493898840988,83.43190391037092],[193.82435202037357,83.40341247642067],[193.81084211736726,83.41823369933971],[193.7683096597234,83.36962722297594],[193.70893491006382,83.32740659586565],[193.72725691158894,83.27582150003258],[193.73798773774521,83.0805696109515],[193.79388358111396,82.99545505366183],[193.82098814789848,83.00811794901558],[193.84543006470153,82.97975260632842],[193.85044463448077,83.01997050546937],[193.87171899083907,83.00744992122628],[193.89877422683526,82.9218693611758],[193.91175176993787,82.9242220985852],[193.90816621646212,82.9351947544051],[193.91502472959223,82.91827679527444],[193.87016767025216,82.90090404347472],[193.83510144314502,82.84886964319182],[193.79184740007514,82.84208338241714],[193.7616011191643,82.71669581071613],[193.75516889194648,82.67432754873195],[193.7633871070144,82.66266359600036],[193.74883111952295,82.56771201965566],[193.71499507237945,82.52420792095384],[193.68290032595206,82.54615982510208],[193.68950772136844,82.51725682571893],[193.68529979367443,82.50672532340205],[193.67544493170192,82.5169525929405],[193.66788751855478,82.49635068450624],[193.68667944535449,82.47431520367016],[193.73572649989453,82.31486830344663],[193.7098999572541,82.25946408066935],[193.70822960198706,82.21048119832413],[193.7276786520496,82.20047220295237],[193.74734910314208,82.1214544971659],[193.77979628015254,82.05987214564495],[193.79064231331165,82.0156553584753],[193.78644669814668,81.88081110286358],[193.76782427857432,81.81682112625357],[193.72876559987856,81.7409266407688],[193.73222050742368,81.72820456171387],[193.7226005734424,81.72399938609442],[193.7015928122728,81.65688590024364],[193.6849324929967,81.62659390494497],[193.67556231820816,81.58420672608392],[193.65921039323183,81.56104662330551],[193.65304636716994,81.52962649782587],[193.63759124933645,81.49981268019246],[193.60300881074403,81.47027506802354],[193.59291623087267,81.47265128748107],[193.57056461134317,81.42803878334166],[193.5400009414926,81.401031159565],[193.5209676932173,81.40559210271904],[193.5079710242457,81.43233296407273],[193.5042294761661,81.41818560286522],[193.47799669132792,81.4015150513498],[193.47384343210143,81.37368247524515],[193.4475852746265,81.34503921841487],[193.41282384736326,81.36045593556219],[193.39534591135828,81.38522001450733],[193.39401415567156,81.37050797170126],[193.4115808170572,81.36100198543228],[193.42109209558794,81.33567042381884],[193.41175409928667,81.30946831598882],[193.41391112077048,81.27104549999201],[193.39796701283737,81.25473703877469],[193.39619997535357,81.2231381628074],[193.36957883991255,81.18839368058686],[193.3708862165642,81.15970705487197],[193.3422195720646,81.10484316968133],[193.31752384616766,81.08243485211104],[193.30996806893558,81.0617884005403],[193.25851181162517,81.0253721336368],[193.2646208021493,81.00674830463319],[193.25420651483887,80.9932705764607],[193.27000442711244,80.9815244502307],[193.25317592037123,80.86537563295435],[193.23619342032754,80.80495415099492],[193.18626834114502,80.72042029003745],[193.1569148756376,80.7004801185312],[193.15055192177095,80.66296539537345],[193.13544652781525,80.63704645799224],[193.11899888557815,80.62176224165832],[193.10187936849616,80.63879214715298],[193.1103654628386,80.59289689957943],[193.10421460638804,80.56906105749952],[193.08077322777177,80.53786865058021],[193.0718245268931,80.5490071225615],[193.07041120654802,80.53115475867811],[193.0581316231012,80.52390925843721],[193.0563828963976,80.49796658918109],[193.04229783581445,80.49716638803895],[193.05006575183899,80.47650322663924],[193.0446886368151,80.45655125929862],[193.00468719885404,80.43715742646378],[193.00746932305333,80.40281294974798],[193.02388160470665,80.38362361703777],[193.03293594916,80.39058102535915],[193.042515576885,80.38030519014639],[193.01409953580938,80.17993674610584],[192.97268622309983,80.05150262840777],[192.9464590328875,80.00608833848753],[192.83071443553416,79.8771122101162],[192.51399670966714,79.5906670910285],[192.5197678584843,79.5814225756122],[192.48324345378307,79.52539602854573],[192.45149625808378,79.53006277508759],[192.44814856308804,79.52497478362906],[192.45357274197093,79.5154486441867],[192.44337810075663,79.5302561239989],[192.44812633493623,79.5349594428292],[192.4814166141849,79.52979604410321],[192.5142679982353,79.58209393776015],[192.49236407989787,79.57632213573748],[192.44879801811797,79.54111514958016],[192.314363097872,79.42165206286293],[192.24468812899877,79.37450824193445],[192.2361955310852,79.39108519383825],[192.19521197737012,79.38653001891872],[192.19342675629758,79.37303424108771],[192.2118183678789,79.33769505982939],[192.19423741405814,79.31759822941544],[192.20369610915085,79.2919845701894],[192.19870057235372,79.27377068210676],[192.21893051309735,79.26460301777178],[192.26981089181035,79.26650685089952],[192.29453016406163,79.23733770988072],[192.2818920860847,79.23271191046557],[192.26669420363658,79.25135462384225],[192.23958999053843,79.25694546657408],[192.22806130303638,79.25358403596864],[192.24521136208642,79.23816015769759],[192.2519241394822,79.24280494245696],[192.26090021453518,79.22729257293595],[192.24623319984795,79.21929420145452],[192.19602453470586,79.23739239922786],[192.18398450161123,79.31437320566931],[192.12367781768242,79.34528710098405],[192.11048175892034,79.3083635274576],[192.12061175352076,79.31212136875138],[192.12681307280533,79.27571309522894],[192.15403088542269,79.26375493418264],[192.15086713461213,79.24756634719415],[192.17627113116998,79.23256754590255],[192.17939842940416,79.17038964266862],[192.16101328660062,79.17199669306297],[192.15641050852824,79.14913183243888],[192.1290935678687,79.14494468317457],[192.13597392276168,79.13119955565742],[192.12083469524495,79.12189521228261],[192.0985618230554,79.1341501416767],[192.08619647715813,79.20080223783526],[192.0608495025186,79.18517407337126],[192.04902725785527,79.19258419615653],[192.03573329786445,79.22814305431474],[192.0204637186445,79.21473377608596],[192.0255111855587,79.19656154011383],[192.01150809968215,79.16724683818008],[191.98884452948894,79.16056197512921],[191.98990400008424,79.14443270822711],[191.96585276451043,79.11633095926244],[191.98162971122733,79.11775276291974],[192.0286385933203,79.06926280796877],[192.04092497680202,79.04430055083928],[192.0668238319118,79.05584208056015],[192.06942752205688,79.04151227142987],[192.04267459736218,79.01589659708208],[191.9890365683728,79.00550594217268],[191.97219268422168,78.98215416359204],[191.98324437135295,78.97467979234715],[192.011537234828,78.9903460167882],[192.04985250737326,78.96400026065609],[192.0601051041162,78.9732006161563],[192.07946041504482,78.93439564636307],[192.02590945790567,78.88986997786711],[191.9731238325547,78.8699563751891],[191.9544395285164,78.84066617622844],[191.97558736468616,78.85839205563491],[192.0146791567263,78.84739379561768],[192.0324602381773,78.81089185476768],[192.01196808906784,78.77101457877048],[192.03759776943937,78.76178109052054],[192.07171420327265,78.76788362967706],[192.08188114162357,78.7541108934384],[192.08066390885176,78.76649487739803],[192.08773109797306,78.75588104844195],[192.084127558137,78.74142760809127],[192.0959341247061,78.73430590012306],[192.0987101786109,78.70426017705253],[192.07578154300916,78.70450857608462],[192.07100287083588,78.72137185026473],[192.06247429098823,78.70061475450774],[192.03220143237724,78.71242485916763],[192.0312977498984,78.697265425954],[192.04774993739014,78.69103055050769],[192.04959251563125,78.6701875880691],[192.02787510546528,78.64847472797756],[191.9869970701745,78.65409338914785],[191.96393342699216,78.69877544198513],[191.965405260236,78.67090874290723],[191.94753660214047,78.64658628554463],[191.92828818872613,78.6527351915032],[191.9090401551827,78.63950005158566],[191.8918848269331,78.65557505514433],[191.88395608981932,78.64789359204033],[191.86790504700105,78.66804403311487],[191.85481554382906,78.65444892909974],[191.84991412365085,78.69219571301748],[191.8625288484706,78.70728970657628],[191.86776926963523,78.68448810195011],[191.86561327355616,78.74013941811424],[191.88593489770727,78.75652009527622],[191.8786888074884,78.79280838545436],[191.86891395660876,78.79016362315392],[191.83683841868864,78.8370117030867],[191.81923704247635,78.73209986188421],[191.7955155362972,78.71553911296881],[191.77180929742048,78.74655441024535],[191.7602700987803,78.73016088432416],[191.76026634743417,78.7134228622914],[191.7775882097474,78.70849233346233],[191.78394027041483,78.6859883753945],[191.76679288311917,78.64266049022616],[191.71209049100054,78.60360460522341],[191.66997312598738,78.60544110953742],[191.6497933182624,78.62599691227585],[191.6190125271945,78.5949705060474],[191.54243311908658,78.59164584593323],[191.5455898422118,78.57431752051669],[191.5005001052093,78.55664805108943],[191.49963269463748,78.53855362466363],[191.48125532648356,78.52430226333529],[191.46869049654194,78.48622113254216],[191.49096612447548,78.47409412070307],[191.49258284848233,78.45722853735079],[191.4788798415588,78.42150613737186],[191.42840608833578,78.36832756257444],[191.3436866801067,78.3065929507698],[191.330344421205,78.28364202093627],[191.3375466633063,78.27148653148897],[191.37464558871238,78.28671510758221],[191.37604044560902,78.29408421359592],[191.3570875829428,78.28532064409687],[191.35686263820003,78.3126133940581],[191.3752240272439,78.29901072541335],[191.36994197244118,78.30954513061224],[191.38953118874184,78.3277497950401],[191.38172289011328,78.30784951687451],[191.38698260986135,78.29761677129702],[191.45453457064949,78.30768696309632],[191.52881068171746,78.33956093436504],[191.5673098059595,78.37073706160051],[191.59212169692194,78.37222133238865],[191.59004630803946,78.38123923802075],[191.61637350113506,78.36395029083175],[191.6194168543335,78.37377619089193],[191.64274866936523,78.36617919017904],[191.71905081012082,78.43553047165592],[191.7312447396,78.42819376173985],[191.76548151800327,78.44081683068322],[191.77167922507607,78.45208869256933],[191.7614034034731,78.45936733294948],[191.78114240851338,78.465780677967],[191.78532629774122,78.4876443531931],[191.807226312579,78.51310736525632],[191.8173628624812,78.50858901361079],[191.80711772656528,78.49377550703078],[191.8237633681124,78.49052373762393],[191.82028228916593,78.44881406079611],[191.85753930389083,78.42599660552276],[191.84710845850347,78.42846627852096],[191.85460684545532,78.41742325508756],[191.8133225716419,78.38331454276485],[191.80851951528268,78.35982288506592],[191.80606994028042,78.37282883032115],[191.77832924329758,78.37036467716746],[191.74618775116397,78.34658354591059],[191.76768787064918,78.32954879943924],[191.75892864577,78.27530828212204],[191.73294257003002,78.23432215058162],[191.8036172453605,78.22849954008542],[191.80896825614892,78.25039597209059],[191.82089546437558,78.21967134654761],[191.84678143951638,78.22096442563364],[191.83719960231045,78.21092470970613],[191.85884235131934,78.1864687261733],[191.80978024802099,78.21438889807837],[191.77214476543332,78.21441017047574],[191.7950392489495,78.1945152653068],[191.7943708569482,78.18430675532045],[191.8059326581537,78.18842709286903],[191.80000680968132,78.18345732236303],[191.8133535397103,78.15764037802823],[191.80841997644401,78.13748183098139],[191.79180653551578,78.14009863911025],[191.78567903506624,78.1126763617078],[191.76195513579995,78.09202170445855],[191.75139714419686,78.10645313947688],[191.73651338801932,78.10567557372556],[191.71801857785485,78.07105460152539],[191.7212075185134,78.06187071232256],[191.71317434409667,78.07384675599],[191.6945424112833,78.07340438300379],[191.68102009583566,78.05525864899491],[191.68453987892616,78.08106801326873],[191.70829533526668,78.07536780499716],[191.72423168482598,78.08637933296312],[191.7280666756678,78.11175196439075],[191.74143630359248,78.1166015795864],[191.75051581851545,78.13878314318238],[191.70842009259107,78.14589297089066],[191.69251580234234,78.1373669106422],[191.67570186427935,78.1567285125398],[191.65495588632638,78.14946904735652],[191.66657196974356,78.16427952300367],[191.66375899529643,78.18772398236165],[191.640209333616,78.19467341972012],[191.62002944271487,78.21618341554871],[191.58755687009943,78.30086541851806],[191.55285825619382,78.3290407290521],[191.51461878518808,78.29863085357765],[191.51803565353327,78.28884168680109],[191.51164798773306,78.29822396604764],[191.4992913460984,78.28578295783039],[191.3165399108755,78.23641853989076],[191.28175552938967,78.23907278990214],[191.28199614907805,78.25229847294358],[191.21886504042217,78.17859120244142],[191.22014610633838,78.14372468070954],[191.20923233078076,78.14843158494116],[191.19647155896803,78.12252714380713],[191.09147566587404,77.81724059123519],[191.04744283894144,77.75379286850877],[190.9828601390613,77.69371510687911],[190.9870893119798,77.67969416011832],[190.97619018668865,77.69264610111105],[190.94827327584034,77.67258007382272],[190.9699943066439,77.65652446674886],[190.9718055373788,77.6330918771294],[190.92780517785434,77.55931204213331],[190.92730972359556,77.54157110965212],[190.94422277298287,77.52268504767997],[190.99878802641092,77.53794566806245],[191.00555402532436,77.55176919622924],[191.1457853071239,77.50651270135344],[191.16726076676053,77.53938179511948],[191.16737559196633,77.55615356864367],[191.20841080900567,77.52537323112864],[191.2291133184631,77.56686241639716],[191.23930391926663,77.55657364892087],[191.25803679654467,77.55915665993152],[191.24141942150817,77.59861725933044],[191.2602012575238,77.60992268521079],[191.2470689209213,77.66742636927975],[191.2806894924605,77.69239052345648],[191.28501212000975,77.72060572574424],[191.30073707114514,77.70864607104453],[191.32734909348113,77.72223275149797],[191.35133876497002,77.69316776235154],[191.33088340339953,77.68454758297456],[191.3254483204482,77.62846918417632],[191.30987112801677,77.61288479013942],[191.3189880635615,77.57150586188997],[191.29037441091492,77.55413054219065],[191.31028153418424,77.54233863672914],[191.30320575629042,77.52136863851584],[191.32088296812245,77.51521669013603],[191.3098553524253,77.50613420806764],[191.2866687541645,77.5022056533336],[191.2801164608115,77.49037081414468],[191.2562430690847,77.51626860232945],[191.25956352875497,77.53030439043182],[191.23458130643485,77.54639866337368],[191.22135652835968,77.50938207197436],[191.23851680870035,77.5029559025315],[191.2473635147079,77.47268658829321],[191.23640939973004,77.4713167850962],[191.22282426681556,77.49208491071704],[191.20886924479882,77.46354761233526],[191.2019807113206,77.46551698664166],[191.20194997313246,77.51137811508895],[191.17586131506476,77.52995581820348],[191.14064578720817,77.48282483526332],[191.1536166462827,77.46582330743546],[191.1506564971828,77.4477151915059],[191.13602896937556,77.42530205606849],[191.1199673607598,77.4295825442104],[191.1072804681798,77.39028421847723],[191.0872113557637,77.41035474372512],[191.07275650064503,77.4023567156177],[191.06183646924626,77.4426121099977],[191.0716407235742,77.44660346169017],[191.06497725872234,77.46405638049279],[191.07028066923567,77.47026691774089],[191.03347850143217,77.52222718811562],[191.0061594042336,77.51611189126751],[190.98155322203456,77.49523426283092],[190.94158809744022,77.4281971592475],[190.92398495122495,77.43132080720173],[190.9122037876173,77.45321622586171],[190.89408213059608,77.42383796217834],[190.8898658979498,77.39278755625715],[190.9242928410294,77.36481098513013],[190.94341674022826,77.2668292154247],[190.9423318614484,77.22532869679443],[190.9549750895378,77.21105005140629],[191.00654815232582,77.22949315767647],[191.000252550526,77.26248051690516],[190.98103409932082,77.27822059297344],[190.989579733427,77.29418052689313],[191.00733970947377,77.29540334808826],[191.0204492482056,77.27267557581177],[191.032967901028,77.27264821533257],[191.03210913620146,77.28806059740984],[191.04198095729475,77.28015951148427],[191.07383359198224,77.22899237109925],[191.064387259892,77.20864003912014],[191.02304356126774,77.18587823702681],[190.9999730203465,77.2110121736969],[190.94552052820413,77.20177925180948],[190.9276677781973,77.1812294776508],[190.9223169235341,77.20926949965727],[190.93306796225724,77.25128678684281],[190.9094755004851,77.339399372305],[190.89380690793246,77.36894727193882],[190.87446723231594,77.3805387391621],[190.85603500070016,77.37469799515054],[190.84181339669695,77.33390514751369],[190.83190156563506,77.35423393304836],[190.80899352360814,77.36034622416523],[190.80622448225887,77.3682669154213],[190.82760791667178,77.37106644391847],[190.86400688324667,77.4126829771594],[190.83918892156765,77.42204594453018],[190.89835557502727,77.45253133874975],[190.9045549724765,77.46655745657208],[190.89868547511952,77.48203401680061],[190.91700985428798,77.4815095612493],[190.9301769825125,77.4978528076816],[190.90906670169795,77.5364713901288],[190.77947000266636,77.3832431695169],[190.7326753846946,77.35875889483219],[190.6968252484563,77.36137361931323],[190.66605759697975,77.40594581688731],[190.64679010080462,77.33753457220514],[190.61375233839783,77.32236829255656],[190.61113076841744,77.30991318391204],[190.62598159951625,77.30891786479863],[190.63249309111995,77.29507320199617],[190.63068555747697,77.26261104956623],[190.64982861432776,77.21362945808804],[190.68110668835428,77.21269555494708],[190.68490684928366,77.1751579775657],[190.70450647893242,77.14417519164321],[190.69501246532906,77.13703481875706],[190.7165726649915,77.14213512381048],[190.72739188290495,77.12915452532404],[190.7208681240407,77.06638155619386],[190.73732620794016,77.07029324006135],[190.75108730212483,77.09854543204837],[190.76999190915896,77.10957924200484],[190.75967607693622,77.1363262135996],[190.778602501224,77.14198522004791],[190.79222078846573,77.12939669948133],[190.7827772633838,77.15021642159968],[190.79889245443775,77.17270942615181],[190.79644301291867,77.19573741337123],[190.78491017997294,77.20253055180476],[190.78982226297688,77.22151963532548],[190.8028384783894,77.21260711275715],[190.81218561048686,77.21910683628577],[190.84226403324166,77.17806281145616],[190.86220152530427,77.1710214858188],[190.86310822292774,77.15479827131712],[190.87613462690578,77.15659290673199],[190.86300505639096,77.1746329763708],[190.87809084987887,77.16831366961625],[190.88394066441572,77.1520499243842],[190.8752047716845,77.1515064247433],[190.88262287072354,77.13959461560026],[190.87924250195408,77.1509170106943],[190.90473096963862,77.14656952441894],[190.88406407382047,77.13585164818018],[190.9027149067374,77.10283517972046],[190.88591199189628,77.1020138616809],[190.87379629902347,77.06289521466428],[190.8920037717896,77.04595331673922],[190.8915152575027,77.0283194227541],[190.8621105419944,77.015730943106],[190.8421648437152,76.98156723514806],[190.8449115900841,76.95747637668143],[190.86721313318162,76.9327710367179],[190.8774004853098,76.93576475041671],[190.8885382908406,76.90161182744662],[190.8836977408547,76.88560183045006],[190.87009007647447,76.87669193429751],[190.8593311150558,76.89951510101375],[190.83485333804336,76.89611649941496],[190.8216485127136,76.90825015045836],[190.7820890409463,76.84818819200355],[190.77442496356574,76.85199290641664],[190.78980470204752,76.77442377248391],[190.7793536349276,76.75352190157112],[190.79084524275868,76.74200553592007],[190.79139856780523,76.72348036286743],[190.77668035951012,76.7029587034792],[190.773187908525,76.65999536343885],[190.75946344353542,76.65370804895677],[190.77417054222332,76.64251840546353],[190.77588102287908,76.56827684233662],[190.79745014537536,76.54425333157776],[190.78686535929728,76.53663065687303],[190.77825857266046,76.45389095141773],[190.75157475875042,76.41308939910604],[190.7163482756543,76.39065582439852],[190.6800613608945,76.40798287680444],[190.65723907623817,76.44943527426135],[190.64203470780635,76.44848478748915],[190.62710425187265,76.43025251917584],[190.6226589646746,76.45670871567796],[190.6162300483502,76.42979454404151],[190.60737805125984,76.45335752102312],[190.59837272984603,76.43224468269028],[190.61209492114244,76.42188326065191],[190.59059418039374,76.41386715840282],[190.59671058388096,76.403529438566],[190.58901712421363,76.39728404041067],[190.58998341596572,76.40749807844175],[190.58762911627588,76.39395359758036],[190.5960990145167,76.38069518757746],[190.58009081312156,76.38150739469737],[190.56740900758547,76.35140672544021],[190.5539088611174,76.34435022670641],[190.51633125753045,76.25719271454595],[190.50914457665,76.30642073855597],[190.49811507002025,76.31875451461846],[190.476758386758,76.31777957765492],[190.46162919145735,76.2361468878781],[190.46912638550958,76.2347526810446],[190.47042926112346,76.21919892787565],[190.45340443430905,76.22846040579032],[190.45648906005354,76.23784594312188],[190.45219408412603,76.22851403810674],[190.45572264097996,76.21652349996424],[190.43900126083662,76.20008641775019],[190.46866698812892,76.17193288270238],[190.49601366572767,76.20433177538477],[190.4745370650474,76.17682629119385],[190.47303719104562,76.15729162363158],[190.4599967570157,76.15013595284516],[190.43908469078622,76.16028405324053],[190.39972001965506,76.13755087459874],[190.37032608298594,76.1651089135687],[190.36528507206077,76.15613597519553],[190.40174625734653,76.07679903281253],[190.4093029407715,75.9499773564729],[190.3731989084157,75.83691552364151],[190.37562539639083,75.82217108351932],[190.3887402867858,75.81466109814062],[190.38651412080435,75.8026459898528],[190.3580583063262,75.71930285936503],[190.33831079123283,75.68425220040203],[190.33816646690033,75.67414564034245],[190.35930786835303,75.66942857911963],[190.33842837190232,75.67114907365703],[190.33653074525645,75.65526851527338],[190.3745136081208,75.64313852900752],[190.39143270629108,75.57699765085644],[190.39056039457296,75.54681496862342],[190.4024053735016,75.542164657658],[190.41297952346886,75.49207766751195],[190.3848543883574,75.4116193780591],[190.3989582001564,75.25982415982095],[190.38097510736998,75.25866092724797],[190.34219352810004,75.16135618729666],[190.35726868502354,75.14590181375766],[190.40056836872162,75.25140283188883],[190.36187574593905,75.13079301106413],[190.34695340282786,75.10892969517113],[190.2849522966236,75.07047188538296],[190.25816393579106,75.06675782395614],[190.25159061992264,75.04755648939843],[190.23756024223616,75.05703078418335],[190.20993399454466,74.96443744739769],[190.20263251994157,74.88433436377602],[190.14568706089312,74.81675873381698],[190.1394090291282,74.79473114321513],[190.08266734268585,74.71465000135503],[190.0563146702444,74.68940692167247],[190.04820385625766,74.69507015167537],[190.04762859283622,74.71259850568052],[190.03524762211697,74.7076360292226],[190.02816208745378,74.67632042532024],[189.91399901622805,74.56834806773948],[189.89719946929833,74.53787324306565],[189.8825528522225,74.53774178080737],[189.83871754775657,74.50062926467461],[189.71082322351583,74.42353269303902],[189.69512723949867,74.40080270687179],[189.71231129723782,74.37517122367117],[189.70818633807983,74.3681969445377],[189.6929008124973,74.38812888253135],[189.67742146490286,74.3864756571219],[189.64753526322238,74.31314724415401],[189.6203594461577,74.15792865411571],[189.62048210057242,74.14262462984647],[189.62853603404986,74.1755208063373],[189.62250701305362,74.14439348295326],[189.61754082424835,73.88327001685424],[189.58609548207363,73.7417772935822],[189.56819297940893,73.70189050164839],[189.56958204101915,73.68424852260856],[189.52552266174632,73.56843421837681],[189.51555087268275,73.55369841372624],[189.50552789951092,73.50719935585558],[189.490504900039,73.48003546794334],[189.48160391681625,73.44438146576783],[189.47532158892548,73.44014578131164],[189.48053582546524,73.42598915802196],[189.47531904568362,73.4008275716843],[189.452811624609,73.35949678186519],[189.46707099917234,73.36513155183137],[189.46018005662577,73.3316037187987],[189.38028466381837,73.15403243547041],[189.36522166404956,73.09443738190959],[189.3452634416064,73.04538806297083],[189.29140989832194,72.95918383555569],[189.15625870501134,72.80424644910619],[188.98166130100637,72.63009073887315],[188.86592686103728,72.53775023547306],[188.78302393364453,72.46343979282761],[188.73365247353556,72.43184313451735],[188.51360589488726,72.33781510926345],[188.37070540332357,72.32770007742172],[188.3554487820384,72.32165733246713],[188.26544119715658,72.39301863345928],[188.18733619813995,72.49023139083008],[188.14462811304338,72.57292049175209],[188.12980370021592,72.63405296393366],[188.11874173597818,72.64099986841718],[188.08829499313592,72.60875899656317],[188.03343113744376,72.5130571874877],[188.03748570704676,72.4787161772846],[188.07329142487094,72.4047611999542],[188.07187942001121,72.3208677779999],[188.091450881743,72.25821105987991],[188.07105840968413,72.20527452314994],[188.05995655549538,72.19705655257455],[188.04484526732153,72.20531872305975],[188.0415581953412,72.23033567624677],[188.0235283638009,72.16662549475657],[188.03123410514206,72.22083118835079],[188.02229775723794,72.22370522487152],[188.01035462707074,72.19711972924927],[188.02238350120422,72.22850907634923],[188.0373237502503,72.23741418871158],[188.03985008300364,72.24975766813034],[187.98021589054358,72.37831824889699],[188.02178189417577,72.5247443089153],[188.05006823898302,72.5772786076252],[188.12389236572704,72.67797067130076],[188.14638168563692,72.68709339731274],[188.14396537364647,72.70829741694845],[188.15736269589357,72.73385073711313],[188.14579997690532,72.710303806735],[188.15051798223863,72.69636078830894],[188.19282139336593,72.84315420541326],[188.2099174908174,72.86885818066662],[188.22416356990485,72.93053331226908],[188.24037517113354,72.94034675653032],[188.2485550863209,73.02401286265385],[188.23257678260063,73.11023406062061],[188.18785377964082,73.12952050666615],[188.14428264867985,73.20547296817107],[188.12714350367915,73.19303138825377],[188.11059473371347,73.2030866626145],[188.10433668235996,73.22190565915764],[188.10864979819888,73.19114170966398],[188.0899132942168,73.13489223627778],[188.1024488405818,73.12284820633613],[188.10329617829905,73.10226152783235],[188.08122369470638,73.06316436247022],[188.06955761772002,72.99116451108696],[188.03867090365907,72.90681256498871],[188.03169041676443,72.85013735101468],[188.0164382054379,72.81383443072436],[187.97178858226442,72.74720048841826],[187.934722061469,72.72092370112098],[187.92475916643264,72.66727571315666],[187.8917426221116,72.57367363841604],[187.80732394001507,72.44174090108169],[187.73937861163026,72.36593446941163],[187.6936693906117,72.34182073506825],[187.68895489472112,72.32832582267413],[187.62302798499053,72.27213209713143],[187.60004346163856,72.23722003570026],[187.5399302222836,72.18585177628593],[187.47751737034505,72.09369559783109],[187.43583652655443,72.00607645389027],[187.3503596546784,71.90550763359629],[187.27460170153157,71.76951465851263],[187.12269201563242,71.55691550204723],[187.01400522833882,71.35978278474377],[186.94426398703035,71.25513225815446],[186.85479554553973,71.19279656154096],[186.7612816039596,71.19884487654629],[186.65768865055873,71.2470567253961],[186.54666925831435,71.31993760105262],[186.49407440752154,71.29504370006403],[186.41264911215984,71.30089727582516],[186.24047851126272,71.17136118135062],[186.26480589911728,71.0740067178975],[186.25158890621557,70.88625861309532],[186.20312843392935,70.76315585513966],[186.12263723406778,70.64218186639322],[186.03183157128683,70.58094258250298],[186.03215702014717,70.49391687780218],[185.92868056178534,70.23093248340477],[185.8388183620687,70.09307599998631],[185.79213775191272,70.07319540617081],[185.72066739237582,69.90856695371225],[185.44665302951296,69.69983741375916],[185.42562769698202,69.64653232718723],[185.56917215905816,69.50514068462894],[185.61581121792892,69.53446044777431],[185.70696081224125,69.4926234169148],[185.82152217057228,69.58659513480498],[185.83953606020293,69.57130999272313],[185.8472798515196,69.37400672374187],[185.9526358614671,69.02359453875438],[185.99911980298998,69.02342200648192],[186.01160032176654,68.95990803340558],[185.98570871316974,68.88019910765502],[185.98864226535343,68.77006035541035],[186.02836884050333,68.7870730149547],[185.9988104286688,68.66487537492526],[186.12534272071153,68.74175488652237],[186.17377719767762,68.83028662372224],[186.21683074061596,68.87677770167181],[186.17723103181777,68.79532059218295],[186.1425062349054,68.74229510914671],[186.14944803422594,68.73718907677562],[186.2448895132789,68.87850044063258],[186.3327208571449,68.98207626916142],[186.35884485892072,68.98847633043445],[186.3276188917106,68.91191893779815],[186.2736830377906,68.83096464983433],[186.2659090675408,68.852823524976],[186.1246596142545,68.68291889464811],[186.0047236525324,68.56140990594977],[185.99081455358808,68.44639420478802],[186.0242150570876,68.46782025288128],[185.97045487527987,68.34241197854958],[186.00284286585673,68.32325377396272],[186.08539416297407,68.4136830616406],[186.08625709167862,68.39018935640257],[186.00680874425103,68.23699482582074],[186.01056496482187,68.20842775584546],[186.10025849843095,68.30350291951667],[186.08482894071375,68.2566839700878],[186.11443147265996,68.28993138467578],[186.09174235378669,68.22241964758543],[186.06061079253521,68.16493048955265],[186.05968196699934,68.1367194173254],[186.09014014819974,68.15543771020633],[186.18775501649043,68.2745248259646],[186.15995247736117,68.22936610905072],[186.1608504325846,68.21961551237825],[186.19983050327522,68.27864394338792],[186.2230721660524,68.28144969616581],[186.2553920186073,68.31581454592964],[186.19010501433604,68.19031926236053],[186.19341173156354,68.17228303701393],[186.2843509336783,68.2923016684259],[186.40125537307094,68.42383498263004],[186.38734504568492,68.38607556436031],[186.44354252256403,68.46482891375398],[186.44374402952053,68.45057520690732],[186.5133385262389,68.54165650532985],[186.49360045548326,68.50850491317347],[186.52459799262826,68.54684220995333],[186.5040212918162,68.50620823589166],[186.4655764079219,68.46039814543192],[186.44351876696385,68.42687775042339],[186.44383005139164,68.41216701240404],[186.41963741631986,68.3748995417126],[186.40997411848667,68.37008353033804],[186.3731047800504,68.30854777457536],[186.39464396892112,68.30826754638574],[186.33048429981903,68.22019754673666],[186.28515417871554,68.14590860754173],[186.33077214055754,68.19923573631638],[186.40521244885042,68.22123550730929],[186.2407013469048,67.94598629086681],[186.17788076642543,67.85975858962217],[186.21485954540586,67.90260886891124],[186.29518165254945,68.02257109674132],[186.3116238097616,68.03662360815034],[186.2823941092829,67.98644883831845],[186.22368155861537,67.90251673025406],[186.18723533415343,67.85862599483363],[186.1755998936498,67.83540586147747],[186.1420651536483,67.79106902431771],[186.07395431983264,67.71494696231825],[185.98649184576627,67.59856253944406],[185.8875419521789,67.48230167984232],[185.76675451410517,67.29689310028166],[185.47493857009738,66.9369057514158],[185.24045493277706,66.64884418435474],[185.13550191366653,66.54412205896533],[185.05170991567113,66.47147267285803],[185.05564290737397,66.48801721658567],[184.9637444733907,66.39202481232505],[184.8537893883123,66.2867034612068],[184.6369117068915,66.10017724653741],[184.62638346786147,66.09603019326568],[184.62326964314184,66.08683087719419],[184.51582335038947,65.98368012949729],[184.39900337343713,65.88122810975415],[184.2941426876011,65.79628435119591],[184.24983705041458,65.77090541436766],[184.11996021329944,65.6508189501414],[183.95086874756174,65.50900998867778],[183.92087555458994,65.4891301911579],[183.8087892442825,65.39210918634095],[183.70798894361818,65.2960863359904],[183.6779553849426,65.26310768492162],[183.6183813803824,65.20552870485069],[183.50451619317366,65.1031236555368],[183.41837001663714,65.03432964380167],[183.4053031590759,65.00225810367787],[183.47869948504152,65.03655213543678],[183.69334514450253,65.17925165618504],[183.8463558162606,65.29035185354064],[183.9204037357274,65.34314635605233],[184.21222725724738,65.57996807451822],[184.42624115760066,65.76522762244619],[184.5162925786605,65.83824123809889],[184.76221696107817,66.05121528589588],[184.86941394332774,66.12091275601631],[184.92978381479264,66.17386124735421],[184.93875360341193,66.16400840668527],[184.93131515328278,66.13847222416824],[184.98191993664364,66.14592854638025],[184.86946712846685,66.01176062509623],[184.80196177021818,65.945598602466],[184.69946920029216,65.83364054343818],[184.6502155199664,65.78400025350665],[184.64817454596928,65.76328393703173],[184.64659788573184,65.74329401033916],[184.5158836594247,65.57721526311438],[184.47969670535358,65.54236879667371],[184.40647332059189,65.48014668507443],[184.3633440723527,65.4352498078861],[184.3063690796336,65.37304257507991],[184.31936834444534,65.37036426822489],[184.35635699080692,65.39416691021282],[184.24235529265633,65.28828943014896],[184.18198078912351,65.2338325540444],[184.18024016068526,65.22774902103632],[184.11161533344654,65.17259889797207],[184.0899837244852,65.14707424003478],[184.03328623873406,65.09749714209579],[183.9688131409552,65.04509477795389],[183.96944986479747,65.0429650463439],[183.86170361094707,64.94851709078753],[183.7807483752526,64.88080907999966],[183.7064260144296,64.82013486605058],[183.56149455952237,64.71410898294309],[183.50488336292898,64.6696080517388],[183.41596556133524,64.58979522316136],[183.32012967133423,64.51465318112128],[183.26357627446228,64.45751889948149],[183.18479558601243,64.37595772697999],[183.0480107560211,64.21791110441698],[182.9679533703577,64.13010907767594],[182.83450589076259,64.01135074921454],[182.78461905638784,63.97162985395927],[182.69909911684746,63.898295265327974],[182.6446367572335,63.85797224013991],[182.53592747000494,63.77283451300438],[182.45520968848314,63.706604975406876],[182.43097799860942,63.68819084673644],[182.35363643356797,63.61383004552188],[182.2752682223442,63.5484584390546],[182.2611550572648,63.53042103818559],[182.18449988036124,63.458212818409415],[182.1508886291944,63.4203538646854],[182.09933554328148,63.36905324889176],[181.9621170340348,63.245317499903095],[181.90077019412982,63.1823507937021],[181.923085859995,63.19056035297604],[181.91589056540016,63.179034051826264],[181.93042047371202,63.182735294929465],[181.90719792575945,63.15192786823217],[181.93654591902848,63.167467181899816],[181.9385781474812,63.1628618410792],[181.87517120320933,63.104886743093985],[181.81620912356797,63.05626969918457],[181.8130193873191,63.04127799591879],[181.81486833567575,63.03929683872422],[181.8306657857875,63.046503845992206],[181.82666448991935,63.03887857192177],[181.7642352314187,62.980478986705],[181.7820227792891,62.98822678932987],[181.76920910341178,62.96818763611421],[181.68938624856304,62.890571623597445],[181.67494337733044,62.866185596310736],[181.6382296226761,62.83448328103214],[181.61411399605612,62.81597273480539],[181.56633432519058,62.771442904532286],[181.5214157680746,62.73671487781084],[181.48512202937994,62.696420235926126],[181.47906992878904,62.68783933157114],[181.49201304159214,62.68071725994295],[181.48279641338354,62.65395729439828],[181.497950163045,62.661474575242266],[181.47129802981954,62.62284846630527],[181.48525535639828,62.62164952269397],[181.4660521765212,62.59091132560404],[181.47291605673007,62.590354249723504],[181.43739383825545,62.538842684978434],[181.42583744752372,62.52262783845322],[181.38562956753313,62.47915134359916],[181.34187459915913,62.41864443047606],[181.28474436951458,62.35708278297179],[181.27662693240944,62.33909547314501],[181.24158891986872,62.303440139645204],[181.18677137361635,62.25463735004493],[181.18842869576412,62.24902507793725],[181.2788505150013,62.28938197542829],[181.23185237346004,62.24751618800788],[181.22272060157778,62.23616514917281],[181.2302845145898,62.22975250148765],[181.2688212336954,62.25288383983222],[181.30842769823568,62.280222266142786],[181.366710842572,62.34053374271954],[181.3723759100077,62.33364997467976],[181.3862719443506,62.34039353564683],[181.41516802487354,62.365218232451],[181.42269821012832,62.364652678334664],[181.46538633791806,62.39032258101882],[181.4528534096864,62.36468918701111],[181.4662247079246,62.365596344304066],[181.40603322950466,62.28034827657049],[181.41967543528816,62.274902897846516],[181.40801852501582,62.25848205714404],[181.3943088713202,62.23571614351698],[181.34288995243065,62.19026073459475],[181.32304941372792,62.16296750782636],[181.28908996777386,62.14532726058465],[181.2734535345822,62.129154918448265],[181.27541789568826,62.123720638627546],[181.2481564570087,62.10801804621738],[181.19838387112742,62.08794103240703],[181.157795637989,62.055293059246665],[181.11295721703334,62.03000258239622],[181.091994464957,62.01492195159011],[181.0743502710449,62.00078799396794],[181.0139739788106,61.96310209425555],[180.94624706308707,61.88087989759744],[180.9680918102835,61.89430497738403],[180.96417019891203,61.88612003535973],[180.93459988180803,61.84168287674861],[180.91311860703064,61.81841532893373],[180.9000322323007,61.79737468815388],[180.87259092639914,61.76209544172624],[180.86403518986896,61.744196541278555],[180.82166238589286,61.68516403502149],[180.8170436741652,61.66878211108067],[180.79843481658443,61.63788884513619],[180.71874374931218,61.54002798038997],[180.67061618563346,61.48676718982012],[180.66106001855167,61.47257633737058],[180.65454226501663,61.45723541439838],[180.6241671529195,61.41768509795841],[180.6171802715249,61.40355164082817],[180.6607976541777,61.44233302058385],[180.65294146007895,61.4230565182534],[180.61317361763952,61.36199649977545],[180.63731665927287,61.37611490149783],[180.60956022048202,61.32935049981922],[180.5396201572791,61.238600754716074],[180.52116838085317,61.21387731685745],[180.5519239807517,61.22412959837194],[180.58961915133838,61.24996507254236],[180.6311439590844,61.293661138515496],[180.69575679853523,61.30371601516677]]],[[[198.00526972536207,85.60559272730134],[198.0037481921684,85.56615541084288],[198.0200874120897,85.56876066348843],[198.032402540501,85.5330083504027],[198.06280776187455,85.54492873719256],[198.08892977744458,85.49688521453217],[198.1272978184109,85.48332356948987],[198.22369960363,85.56168257104314],[198.23851086423218,85.58951486600083],[198.25883878342086,85.59774140001869],[198.2561314762987,85.63629206535181],[198.26646751956133,85.66159515526577],[198.23340662666908,85.70339996955079],[198.2684421700902,85.72267298725558],[198.3038974578191,85.67338503227987],[198.34212591277827,85.67815709627197],[198.35842784732762,85.71587823866494],[198.38534639867845,85.72867188264831],[198.39918648713476,85.74911730674451],[198.43876710746812,85.7549699244957],[198.4395979291148,85.78068678621031],[198.42082984138145,85.79353835804642],[198.43598781795322,85.80946845245545],[198.43548398781064,85.82333209977618],[198.456487641788,85.83209955299557],[198.46606046208305,85.85644384749091],[198.443894101965,85.85022797782781],[198.42602427522536,85.91355311426878],[198.39126834426338,85.87119022512775],[198.35449868628984,85.85714300318783],[198.35560739317276,85.87333778115381],[198.39372884889625,85.90203371463633],[198.38571425829673,85.92590630155986],[198.40003975677658,85.9432582877236],[198.4052412006831,85.96828708158003],[198.39380935556372,85.99064873064422],[198.37355088294154,85.99361111691104],[198.3618250003662,86.01591072836976],[198.35041291360767,86.0071473954604],[198.3452805457876,85.97973862268961],[198.32929032451779,85.96523330791717],[198.2814894964805,85.9632558146858],[198.2953290482929,85.98369850092104],[198.30129767798385,86.02933221473207],[198.2737712014938,86.01431879785534],[198.26426317775093,86.04681219710342],[198.20652225993177,86.08164163886231],[198.19377870736412,86.0616816560178],[198.20688285747912,85.99606950250443],[198.17737349347516,85.99387504396854],[198.1670276161244,85.96951567274608],[198.15336101922856,85.98388767647589],[198.14150467276133,85.96867380227317],[198.12962419217857,85.97951405946104],[198.1020974079815,85.96450172680085],[198.10428629219615,85.98241497505083],[198.1300269599735,86.00095912767453],[198.11895360626568,86.00164825410445],[198.11877961131134,86.03792094054748],[198.05843609182676,86.04642159988124],[197.99039627507784,86.00479027078254],[197.98048698730295,86.01583856490412],[197.9528448754175,85.97196877574666],[197.97033680791088,85.92915243870875],[197.955669045279,85.90991851944855],[197.93324579379677,85.90568506017138],[197.91061550420955,85.8707197109208],[197.9193961474635,85.86327365316842],[197.9150295989552,85.8144196048112],[197.94021814851914,85.8217384031496],[197.9546331791584,85.80930515739965],[197.99491641604786,85.83124931016377],[198.04807858844146,85.7549946240308],[198.0308388898788,85.74262354520673],[197.97505300349673,85.7463224398178],[197.96284991199437,85.7506144677588],[197.95807896454667,85.78640450814305],[197.94892954606817,85.78636647208424],[197.9227270839641,85.75846667998022],[197.9213906835501,85.73133679240459],[197.93058920115962,85.68103525571973],[197.96323145618732,85.69421912478265],[197.97686378040447,85.6675234292803],[198.0006603762801,85.70600558171739],[198.01557633127845,85.70991008206609],[198.00364373140354,85.67150421159789],[198.01165676456102,85.66119927556147],[198.02768275057375,85.66773052216847],[198.00526972536207,85.60559272730134]]],[[[196.3952119518483,86.01890603033351],[196.381604524896,86.02492350978159],[196.3458546328964,85.97447164072533],[196.40779239427397,85.90018378781282],[196.4595940008181,85.92562972076891],[196.49580020904438,85.96790153202096],[196.4641577227689,86.01902611314053],[196.42275701992764,86.00520605557443],[196.3952119518483,86.01890603033351]]],[[[197.05761556109974,86.56858519220519],[197.05960734974468,86.51627052031141],[197.0447079339867,86.49840726929321],[197.0261475325534,86.49771327293462],[197.0180684292171,86.47702380191606],[197.03982130934895,86.42181870377672],[197.09666187735183,86.4295090655189],[197.12758071496177,86.51971793779664],[197.17198033343917,86.58518302703372],[197.1310991156931,86.5909944916712],[197.15334580417158,86.61275803408918],[197.1701313572813,86.66686496051105],[197.16589895178583,86.68836428915682],[197.13570657456094,86.67820267188524],[197.13754703733198,86.71548720928656],[197.1648430270392,86.73334762108985],[197.16641543616723,86.75082216500542],[197.09192019851815,86.72066278862039],[197.02155004998625,86.59968373248363],[196.9477579249033,86.58052425332237],[196.9295571773754,86.52075478427288],[196.95414922899084,86.49935531102341],[196.99747735800213,86.53922655862948],[197.04446939866128,86.5415175897043],[197.05761556109974,86.56858519220519]]],[[[197.32597592272958,86.91639844167848],[197.29105958306369,86.86681817616626],[197.28595282683747,86.82246422052138],[197.29768697209366,86.80396184074951],[197.2495583903542,86.71090097937326],[197.25823758619472,86.67977868449512],[197.32086240609232,86.69938329731202],[197.33443885149467,86.74532606047596],[197.40617215913753,86.82633504612163],[197.44940254842587,86.83246284145423],[197.4539951896549,86.80229510756037],[197.4746450323018,86.82647211042605],[197.5285092011292,86.84601941938308],[197.54152419344126,86.87319892255975],[197.5377912014078,86.89860690000545],[197.55763103393076,86.94088135794385],[197.53824386240922,86.95216643218278],[197.56682604228837,86.98185604308497],[197.52590870646148,86.97822288352593],[197.51033576377833,87.02246747768986],[197.41434721453678,86.95015336584233],[197.41494629079327,86.9228562031185],[197.40700444495036,86.94920405761539],[197.32597592272958,86.91639844167848]]],[[[198.40662694273797,87.34665560892556],[198.41125478248148,87.32188851676312],[198.4344678109271,87.3037528164194],[198.5485069441184,87.30743567177333],[198.55853674447584,87.32644583875272],[198.50497185027135,87.34039846316892],[198.48158895783607,87.35508342986076],[198.47533770761584,87.37501469723358],[198.4545468452238,87.37906091405655],[198.4091679099838,87.36364872403898],[198.40662694273797,87.34665560892556]]],[[[198.4116575786469,87.62245230637888],[198.39383083025382,87.56430586639799],[198.41055613730848,87.53352596575346],[198.4326428868441,87.5548827177001],[198.43727807453456,87.53661653994233],[198.46811956211565,87.55546667557829],[198.49865850566627,87.53974232048346],[198.52461047217548,87.57166659139594],[198.5392942459308,87.62048998390958],[198.51925740312305,87.65689075229785],[198.4804266806547,87.62888364689492],[198.4486618907927,87.62586523436474],[198.43494776195567,87.64865130647661],[198.4116575786469,87.62245230637888]]],[[[198.40563564822287,87.76659060368654],[198.36554369128066,87.7351925109749],[198.34338634104714,87.7392123677676],[198.3194705244995,87.72149901746282],[198.31155553999724,87.73015011784437],[198.28511321624,87.69778279787624],[198.28809931604937,87.67459387158888],[198.26717054932087,87.658176495212],[198.25073870479773,87.61432146570186],[198.23333349246448,87.60660176216386],[198.2329555173446,87.58844250714874],[198.21363350974252,87.58370321342953],[198.22058907024936,87.51557695487057],[198.3010385336822,87.5077466179051],[198.27707784560795,87.3668577445579],[198.29942294874323,87.3491443521946],[198.31201937035178,87.35231839328343],[198.3217550089724,87.38358775832127],[198.33555563730488,87.50674948731202],[198.3685078087394,87.55431495821078],[198.3763856211474,87.59383655416953],[198.39412638346658,87.6214297452109],[198.39878743825693,87.66579594672649],[198.41537255949572,87.67056563529982],[198.42494115041993,87.70541603180763],[198.42359379694656,87.75376766399114],[198.40563564822287,87.76659060368654]]],[[[198.54269912314655,88.05825855176755],[198.5371358968211,87.99418237972617],[198.5747400738888,87.9501229425477],[198.61258878186942,88.00904146030828],[198.61386136814775,88.03491361879358],[198.5601685881317,88.07040357238017],[198.54269912314655,88.05825855176755]]],[[[198.25577128573698,88.36707118494269],[198.23072792448082,88.3325700827861],[198.22458997727097,88.26718065938104],[198.20204145360609,88.23398037207141],[198.2071818706981,88.19021004254553],[198.23275265249734,88.16625824556732],[198.25370549081003,88.20656002839127],[198.25524533863384,88.27734957791739],[198.2852309992249,88.2936809571163],[198.29796636043093,88.32514818257269],[198.28137949616448,88.358704821028],[198.28523828415285,88.3778076507842],[198.2725734381614,88.3823521562238],[198.25577128573698,88.36707118494269]]],[[[195.12066911478888,87.03870292268216],[195.10348383569405,86.97464692689407],[195.10630222986384,86.95223697722363],[195.14472896886673,86.94409410419337],[195.15214246302574,86.90407356989746],[195.17689833060456,86.91427766896844],[195.201260944664,86.95461559982611],[195.23377422821872,86.97922728897697],[195.22931917205818,86.99443719362009],[195.2143100405559,86.98617848662866],[195.22476665895783,86.99931463938275],[195.2458858310235,86.97819914912834],[195.27108462534633,87.03856054609504],[195.25855463085182,87.04648849174728],[195.24858334105244,87.02345522536959],[195.18246270322473,86.98514633784676],[195.12557735842208,86.98607333446628],[195.13692399996637,87.04841728467053],[195.15817381293647,87.06729231341838],[195.1951066708769,87.05456029392117],[195.2601395004645,87.106482706636],[195.2538087489132,87.06775453590829],[195.277202416164,87.07790046751425],[195.27645826516618,87.01906784688407],[195.3212984341925,87.0275929383959],[195.3600667357335,87.00738966992331],[195.332527087472,87.04591070209753],[195.31686427860578,87.0341146494159],[195.282404482076,87.04171701488252],[195.28369573428117,87.05521643729406],[195.31190630091413,87.0501370051665],[195.3314304815422,87.06961743517834],[195.34552505972064,87.06448690223979],[195.39144740007467,87.09106639300329],[195.40735545532291,87.11484758171268],[195.40342626061198,87.13880541861285],[195.3480114069342,87.1717726049492],[195.3540440585432,87.21735364523249],[195.34114771084342,87.23287429356581],[195.31570603689482,87.20994283731162],[195.3220567458937,87.20594428926775],[195.30901548160998,87.16658995170071],[195.26367547219104,87.12298485618416],[195.24969478263023,87.13480302233825],[195.20272978746237,87.11381909835684],[195.17594356602552,87.12551973401366],[195.1840592836015,87.12551227260451],[195.198542763478,87.175973436484],[195.22684998596637,87.21318456177212],[195.2311621170602,87.25473935006696],[195.246809583835,87.26501944590245],[195.24421727700155,87.27713703457694],[195.29165800886022,87.30079190687502],[195.29171641908482,87.33977063455939],[195.29915498118342,87.36152757608484],[195.2958126316284,87.34270375065788],[195.3052958939774,87.3289053857819],[195.36518538953337,87.30200465172517],[195.41749237848717,87.29982390954783],[195.42265642838402,87.28131698705022],[195.40879582970638,87.26242595911393],[195.4195257187358,87.25710098279623],[195.44998131776296,87.30905674087197],[195.45457031118468,87.3362520597866],[195.44523777967038,87.35878336393922],[195.44990910066792,87.32822516882337],[195.4272739057495,87.3013390753695],[195.42520385575355,87.32605767061821],[195.4371804692304,87.32874809600114],[195.42268033892026,87.35436535596051],[195.4350642490535,87.36689250057016],[195.43389138135387,87.3901486349102],[195.44841616421314,87.39019966176595],[195.43505725302828,87.39344976956116],[195.43009708358258,87.41983116261652],[195.44097406769583,87.45065627607882],[195.43412566885104,87.47103326698856],[195.44522035846936,87.46848940847688],[195.43735079276834,87.49794640898966],[195.4606324238184,87.4979611751674],[195.4596217033158,87.47658387960739],[195.47511385642233,87.47764286700357],[195.46983179150703,87.45844057712962],[195.47710223441044,87.44775261093588],[195.46714682357918,87.44325087646331],[195.47346319068726,87.43560339996074],[195.51634473911378,87.44744177409902],[195.49166149763383,87.48836874329191],[195.50884563040077,87.49376940865454],[195.5204310826088,87.47394780955753],[195.5229574602099,87.49824811491963],[195.53449560714256,87.49735732971557],[195.55204408258484,87.45770284720881],[195.5712593879948,87.46657600844917],[195.58510968410775,87.4569085795565],[195.57989850127223,87.44279330261783],[195.538904381677,87.42984779402182],[195.52666544097707,87.43428009013607],[195.5280177910239,87.44798326856579],[195.51062301288243,87.42993303885324],[195.4797483507553,87.42909014350556],[195.49697450275653,87.39850215749352],[195.56876486904616,87.41314852361823],[195.70951993954577,87.3423131366391],[195.7668132776047,87.48582207050947],[195.83623118962248,87.53101994285772],[195.93248387206876,87.53443768612036],[196.0290111760454,87.49323581646195],[196.06297934013804,87.50030213506038],[196.0542515051944,87.61957928801485],[196.0077147818239,87.75198184476238],[195.98565543515573,87.74275540541372],[195.9415904465168,87.77582335020068],[195.96179834416242,87.9977650418968],[196.03596015034972,88.13254180029361],[196.0634643563884,88.15259563991246],[196.1700998623531,88.1157890048788],[196.13761210205683,88.04373772389856],[196.14736840408048,87.94868159942523],[196.24417886735384,87.85936469114179],[196.28226194744877,87.84965032932267],[196.32386195709825,88.00845742450946],[196.3251264932295,88.18016336877167],[196.36259494515932,88.3042066979175],[196.3180998580825,88.57400370676632],[196.28810740658605,88.64975288732626],[196.23356053560155,88.68649309596081],[196.1869389334577,88.6293318224542],[196.139432106982,88.42137013379181],[196.08206671110528,88.28494367221111],[195.95526167488234,88.20639602437797],[195.84846638882155,88.08647177586603],[195.77909222866717,88.05435680528501],[195.76058106499278,88.01354453178934],[195.70017469990592,87.96712545951654],[195.6986647717285,87.95436608383564],[195.62950675322426,87.95877293599565],[195.61048512036555,87.98258104683241],[195.61017630577132,88.0428457752915],[195.56581186900698,88.03011362956195],[195.55447146138908,88.03989533435771],[195.51796993055822,87.94797591786548],[195.4787733081416,87.90152032005291],[195.4058727304179,87.88555580672096],[195.39959607205225,87.8955196138847],[195.39136192985288,87.88617402046832],[195.38834314568894,87.90014311988793],[195.34942711354975,87.77743004004911],[195.3216414395681,87.74723996845896],[195.33760133733722,87.74459692356132],[195.33146900347631,87.67339823659465],[195.2794842165935,87.58920287127756],[195.2550030078886,87.49745732630173],[195.21060349078334,87.4222142149145],[195.22013202045747,87.38783675075018],[195.2160365041117,87.31258628235966],[195.1793199191082,87.14053739548787],[195.1661700716617,87.12397173354114],[195.17082356429714,87.1114556204416],[195.15186252537728,87.06302065197727],[195.14067513145923,87.06682523932562],[195.12066911478888,87.03870292268216]]],[[[196.5149670948455,86.40119775984527],[196.52585814551276,86.37664331133239],[196.54321229916366,86.3992601933964],[196.55237287012977,86.39520309046152],[196.60910245074115,86.3109416524161],[196.64558660513265,86.3194511685276],[196.6348531401542,86.30797316326804],[196.63209464229465,86.22610569026567],[196.6010836931989,86.15138211866365],[196.61942910680898,86.1290274405574],[196.70198107570383,86.24042140361404],[196.70512077717953,86.27328807234309],[196.73678607702735,86.30200947385292],[196.72515689532898,86.31034538435442],[196.73408697732998,86.32653413026497],[196.74328711374096,86.32309791984383],[196.75693091677547,86.38953917142261],[196.71726347296112,86.41526578328136],[196.74619880974547,86.4870436151701],[196.72990706101848,86.51722823764395],[196.73430625274324,86.53625962150083],[196.789269189707,86.5346026629927],[196.81852153404685,86.56486573638928],[196.84544081450355,86.57428455641669],[196.8706509347245,86.618799654972],[196.89906421195317,86.63566777664981],[196.90534220895137,86.67204717213214],[197.00504473878402,86.73633120024236],[197.0685829358129,86.81005154196382],[197.0917348242888,86.81114691505135],[197.17757571283022,86.93382328624523],[197.24347386043348,86.99212079572412],[197.29502891222313,87.00296670638009],[197.33681767233813,87.06039823217193],[197.44747829918646,87.11917150453141],[197.4920194062129,87.08052730693647],[197.57063208814668,87.10356533951133],[197.62876091615212,87.1377038260734],[197.639385203154,87.13640154983058],[197.64573096252263,87.09094143335383],[197.68996740306034,87.0975640142366],[197.7707655967567,87.29944335944553],[197.81526754796653,87.3550994033141],[197.80446745441438,87.38244803143203],[197.81955626062026,87.39862760377031],[197.8140913443989,87.42789579641374],[197.83498579413703,87.4362116384125],[197.8483190706513,87.42642947995643],[197.84324578684723,87.3881491514802],[197.86081581000147,87.39264597421153],[197.8626068864002,87.44607656930589],[197.879531342563,87.46825179305978],[197.86826459851616,87.48912348501503],[197.88903043459229,87.51745998434443],[197.8970771725611,87.49960539627597],[197.92370286660187,87.52040872735824],[197.89351051745913,87.43063988294254],[197.89118578579425,87.36636016709618],[197.87995998520557,87.33379238951994],[197.88589677146786,87.27654630216708],[197.86354712384662,87.21949886338035],[197.87034391220774,87.19335596386624],[197.84950311609364,87.18059830587258],[197.83167763656485,87.12306775127257],[197.8569123890969,87.091678821435],[197.94961221987558,87.15231261870215],[197.9657411845246,87.1775457454101],[197.95443515928534,87.22809209602873],[197.9302972615648,87.25096089817174],[197.97086388374922,87.28575194071362],[197.96800937904686,87.30274735556591],[197.98833634397624,87.33338943159595],[197.985159755663,87.35594750554205],[198.01776650710633,87.36991250091715],[198.05576938430596,87.41124277518475],[198.1074669337864,87.52507660862481],[198.0895177851605,87.55963512570871],[198.11527606102027,87.56999278060744],[198.12134576733243,87.59946323467292],[198.15096918225143,87.6297299378686],[198.12099081055442,87.63283046576211],[198.1010113150266,87.65275978557715],[198.13435647018431,87.69868244475876],[198.15287557444938,87.75597223056441],[198.13961014500254,87.78842981676684],[198.11511428437007,87.78193725843593],[198.12250959226296,87.73863234129888],[198.07291241466305,87.7327046807614],[198.05625456036412,87.74993335321007],[198.02176572057002,87.72915703624787],[198.0034996114191,87.737907470732],[198.00524977938267,87.78794425298489],[197.98979100754156,87.81259048542621],[198.00558825080603,87.843172040264],[198.0219094778074,87.84328890495264],[198.08825807652653,87.91063928380042],[198.1026381772034,87.90682572055849],[198.12738890932195,87.93318485354605],[198.11827985263622,87.95853660674719],[198.0944664200302,87.95648168029766],[198.0379161594409,87.92540219637407],[198.03077228781757,87.9693780196308],[198.01149587858188,87.98534190404303],[198.02449497384194,87.99745095434155],[198.02530619426,88.05587655290876],[198.06389861252637,88.1136255678995],[198.11597407588576,88.23529286873755],[198.12288427177427,88.2694330774704],[198.1093995364078,88.3017611844105],[198.15668212679944,88.38292947475163],[198.14973042399834,88.4021836523837],[198.16246638189062,88.40940711639101],[198.1680296586011,88.38620730987346],[198.18756051261278,88.38775582342497],[198.18615926697936,88.4074725416024],[198.26055829824077,88.48129767596892],[198.2804732382761,88.5726149061618],[198.24597304737443,88.62168143212905],[198.2389534884853,88.67828001249129],[198.21861975938367,88.68550397065951],[198.19659729271683,88.80264313110685],[198.1790442207933,88.82943233073559],[198.16758690007674,88.83277884223192],[198.13861889922802,88.8054746831159],[198.077336796596,88.80151707664538],[197.92819593152905,88.86020966044252],[197.87328961208428,88.90738045975804],[197.73850647233436,88.85681189723775],[197.70144826681235,88.82248418177106],[197.6821507713104,88.81919453738494],[197.6494158879898,88.76427097842424],[197.5978776860235,88.7727989609788],[197.55786802363082,88.81230475040215],[197.554790257678,88.84415015646282],[197.5069263716209,88.82591363014791],[197.48315081136238,88.79591152029137],[197.48839173343495,88.74896622374462],[197.45877096097573,88.7435186986938],[197.41966081414222,88.67480217026521],[197.37840994735961,88.64448738117026],[197.3288986732126,88.65020732026753],[197.2916844087813,88.69475932325714],[197.3038387012794,88.7279593305587],[197.28023679098683,88.73319548857233],[197.25621739840489,88.70286642221514],[197.25872816414284,88.67173023288933],[197.22447146345903,88.5725724251854],[197.19074098673158,88.55480413120603],[197.15285599978534,88.49304381283744],[197.1151410897753,88.49856019063667],[197.13378489025843,88.43903150577859],[197.06589793313358,88.34832561613081],[197.0297426092194,88.32442281927602],[197.00132883835397,88.35745889838344],[196.97499880304824,88.29039241871611],[196.9500907839035,88.27015716941094],[196.88838148125416,88.29087354927834],[196.8617093318423,88.2769367584162],[196.86042949093422,88.29367337647437],[196.8279027029096,88.27814867771413],[196.80638276075948,88.2546695281372],[196.80997357369463,88.22298763986475],[196.8002071642382,88.19372231488987],[196.758984236584,88.17922524696175],[196.7556378180884,88.21255337466624],[196.7236902504324,88.20918311444959],[196.73088466579438,88.18752422321971],[196.70165995512863,88.14682326161775],[196.6891078568679,88.14489262873823],[196.66213090754846,88.09617124698633],[196.61413868585998,88.07361279018218],[196.63184329665606,87.88125447272301],[196.65680289427243,87.750396875947],[196.63502563441173,87.70626508802538],[196.6248134941011,87.59507301299237],[196.60984203554068,87.54877652110878],[196.57507774560665,87.49688969295887],[196.57050474558184,87.36605839616172],[196.54932505684954,87.32566059011663],[196.5505420572063,87.29043308878646],[196.53666975499922,87.27618319393022],[196.54342621984247,87.2498584641024],[196.52391165534135,87.21715964442424],[196.55956970626633,87.20650343072793],[196.58595438289296,87.2226596209974],[196.6108535865978,87.20591116069727],[196.5927742866424,87.12521974584111],[196.5442028428574,87.10240737965881],[196.51136615954545,87.0338676389524],[196.5100006935987,86.99511684777498],[196.5129521971998,86.95808351134995],[196.57037875588392,86.95540380701492],[196.56925143785924,86.92274251148464],[196.54551092847305,86.89123204256087],[196.55100660994424,86.88061039861995],[196.65507536393608,86.9087355186171],[196.64372945331021,86.81518440063243],[196.61908438936277,86.79607753223675],[196.6129867647502,86.76511963484154],[196.5825156046224,86.76396271361637],[196.56725156318944,86.711523994653],[196.5676204780398,86.6628171435291],[196.58172793158076,86.64953422973254],[196.5854654797236,86.62214112818121],[196.56304654599003,86.57223180361433],[196.5559223518085,86.46211744668088],[196.52435617054977,86.43441809648732],[196.5149670948455,86.40119775984527]]]]}},{"type":"Feature","properties":{"Level":"ADM1","shapeGroup":"MYS","shapeID":"MYS-ADM1-15666254B11144250","shapeISO":"MY-13","shapeName":"Sarawak","shapeType":"ADM1"},"geometry":{"type":"MultiPolygon","coordinates":[[[[151.54161112363164,44.496965925250734],[151.57465689209593,44.49858913077409],[151.5751048705733,44.535677886385116],[151.52472465335399,44.55854694845583],[151.49143783867157,44.56294411969829],[151.48249021037913,44.551548972631466],[151.48529115396266,44.52882535868204],[151.51368210652777,44.50534709314249],[151.54161112363164,44.496965925250734]]],[[[159.35163397172036,48.45183396350866],[159.37608742791704,48.42530199813379],[159.447323286689,48.39184125458251],[159.47570749910994,48.40328870473664],[159.5013356102537,48.42257429939899],[159.54639050606727,48.493987467943846],[159.59916941911968,48.53436625852888],[159.7063526887493,48.57685797203185],[159.82124236371087,48.59039623907933],[159.87276764577445,48.622956728023205],[159.90459836535211,48.67022958358259],[159.83468321968718,48.68938930648581],[159.810385065683,48.71663607412464],[159.79274490364702,48.78404133524778],[159.80312959585385,48.916321386689496],[159.79024338257992,48.94590735815454],[159.70768285888477,48.99253638854184],[159.69932331833866,49.009171945178075],[159.75855549535987,49.11267273216598],[159.77314243456513,49.20390265228961],[159.82412370154935,49.30877553326168],[159.88854605264038,49.38109872146589],[159.9325715732647,49.4568620993338],[159.99023358019613,49.776377695250936],[160.03032694896348,49.82517255608821],[160.07793333615243,49.84448004622889],[160.09032407024685,49.858110604870205],[160.07120985662507,49.92032276996943],[159.96780726269805,49.970098552995104],[159.90999135151966,50.018278314590816],[159.8105366329872,50.199088232858955],[159.7378600576194,50.233591002573604],[159.66955037185744,50.24417557090058],[159.5148732917739,50.20778562498185],[159.3226964053341,50.08537979134189],[159.24705096747832,50.021922443233066],[159.1801068454326,49.93009503432789],[159.15250955111674,49.87370778335385],[159.14508420061344,49.85298773216326],[159.16474924971044,49.82142367599589],[159.13217169756058,49.798516941018775],[159.0985363346635,49.70231628912221],[159.11783921192432,49.684073328478505],[159.09734087591428,49.666545518494765],[159.08934045845677,49.61013291353618],[159.15434554030594,49.216458708997365],[159.1993886770347,49.129711247571805],[159.22855110133227,49.119471901610275],[159.21210040289495,49.11556582728835],[159.2007082477333,49.10261619099719],[159.21875228595908,49.0620984526918],[159.2086226886374,49.04966921758766],[159.2399820446862,48.97444012760701],[159.23336836223905,48.94489038649589],[159.1291552158315,48.757271623153095],[159.1065955875876,48.69962279501784],[159.10181884959388,48.62776964286232],[159.10893941920645,48.61479690576864],[159.13292207147742,48.60970946349989],[159.2826836894014,48.60698943168639],[159.31919500732545,48.59850145513103],[159.3430611697051,48.58224906720777],[159.3672974534045,48.56295712779217],[159.36878555410613,48.513952654055835],[159.35163397172036,48.45183396350866]]],[[[160.13403327461128,49.8532092996431],[160.15138993647093,49.863570897809986],[160.1784578752364,49.92352619457333],[160.2770747377487,50.05693067375889],[160.22718657759074,50.05366652293954],[160.07622408924053,50.009229031369976],[160.1129371497635,49.97903800202764],[160.13403327461128,49.8532092996431]]],[[[183.41837001663714,65.03432964380167],[183.36964192930662,64.99922234115279],[183.33746248432485,64.98141221275382],[183.2600708147022,64.9277655101621],[183.2231426232624,64.89881159804156],[183.1101494312339,64.8420027315079],[182.96210989012016,64.73021729744991],[182.90279401132656,64.66083448617785],[182.69153504253165,64.48028630005578],[182.6083441066199,64.44449100878488],[182.62856131795945,64.46848162609712],[182.54647037505987,64.42618635644865],[182.50506677483202,64.38849911242488],[182.5312844839198,64.37223304513785],[182.50726142828347,64.33415623251108],[182.4567202621269,64.25806739322645],[182.40277165795197,64.1588572511852],[182.29730650926433,64.01381876435836],[182.2118675315495,63.924586269458054],[182.06757311286674,63.809780707365704],[181.91381781027022,63.69647906461556],[181.89279517586965,63.67881115636201],[181.8491877981815,63.65694299360531],[181.816744095363,63.68183728918595],[181.80358007683543,63.66711567551374],[181.7451984664628,63.65020969820535],[181.7145423219924,63.63257407674961],[181.69039438027912,63.616958431928104],[181.648655615025,63.57649599907326],[181.6301810587081,63.58641952495168],[181.59130230096517,63.56876820392171],[181.5700219073952,63.55322250715943],[181.523115045563,63.5021007935288],[181.50905643453274,63.49237072183999],[181.50481458850217,63.50097472918238],[181.5242331728239,63.529147958165396],[181.53976500889158,63.56436170606999],[181.53054752087195,63.560806197455264],[181.54114312164032,63.58529356800522],[181.5308896340396,63.57361463762552],[181.52858652516497,63.57906955819707],[181.53342719110717,63.61016389145816],[181.54221912303063,63.630818129060216],[181.58261031365623,63.69083085863365],[181.52572678998962,63.62607535333199],[181.5727255953329,63.68564580158605],[181.5718771872811,63.69208358665531],[181.59655561942554,63.725100641681195],[181.58709778601565,63.722548006600945],[181.57369876421984,63.808630389415505],[181.53065167332164,63.74278259013427],[181.45095775041295,63.69664450564021],[181.42843087776532,63.66627173818304],[181.42564890383917,63.682322194842854],[181.38790917451627,63.646514719116965],[181.33222412628606,63.57657181319183],[181.30876136239192,63.476422200176316],[181.28506083744008,63.43649867956178],[181.2328191454631,63.36840994615484],[181.18029719941788,63.32261142193997],[181.1420431309228,63.30385009805099],[181.08855568760112,63.26247784717582],[181.0733250320971,63.23882083754092],[181.0610368886949,63.24011984070163],[181.0170634862577,63.208429185306095],[180.9565093456105,63.17641977465931],[180.9508996000933,63.14816810237435],[180.92082816066898,63.12912231941916],[180.92699883971866,63.11782631017773],[180.90407400716893,63.09216544078259],[180.89689427549604,63.08773975963927],[180.88829945208818,63.09108628515136],[180.86685237947714,63.08408367942688],[180.84813990712524,63.064706786624804],[180.82900778050947,63.05611339634055],[180.80390474048693,63.03661674903525],[180.83542398842064,63.0315408774931],[180.89106892015792,63.05233427692246],[180.89783658264685,63.050700506919945],[180.88696146760043,63.0343115107353],[180.89506911256572,63.034149559233406],[180.92078222666177,63.043160722731244],[180.9437271753855,63.04900957982224],[180.9424486547823,63.045045921009645],[180.90795405247906,63.02208719040775],[180.8971143266084,63.00631457884935],[180.88421896921818,62.99754004842122],[180.88537309759033,62.980081962962075],[180.96603196983398,62.95980879950874],[180.97114545551403,62.94819661553754],[180.95761344631694,62.92957712970211],[180.94384559329325,62.91767607513326],[180.91856546534893,62.90283484893308],[180.82306938430577,62.805766744589484],[180.8255421796933,62.79505294228687],[180.80932883381598,62.760794616359824],[180.82862832159455,62.74664045658197],[180.82225077126915,62.73538834487201],[180.7066616385917,62.60785446629012],[180.70010051086933,62.58721620713312],[180.73962967502814,62.611143666910905],[180.7284402002577,62.582990580884285],[180.711893460041,62.56177005417971],[180.63860595259916,62.4853849561491],[180.6229227927691,62.46576646266571],[180.65692121623687,62.47239167961371],[180.67391967571848,62.47012144074906],[180.66644414811103,62.453124572287436],[180.63001476911336,62.40997736719018],[180.6303026263724,62.405671417322395],[180.59138032828707,62.35468189544463],[180.46397584599006,62.1703636513263],[180.4121960717043,62.102043476229085],[180.3592079517349,62.0275293000169],[180.28235972940104,61.91524917564651],[180.24212919730957,61.84556991656545],[180.20349503812056,61.79453391738562],[180.13693302352624,61.66470888497771],[180.06957922447432,61.56423203003757],[180.05841587234093,61.54111347516393],[180.06450016140963,61.536675166495144],[180.0131002388,61.46475416146221],[179.98533316800584,61.420253143692634],[179.957730166669,61.3844816051484],[179.92929349279788,61.34460284190804],[179.93304877559135,61.345744289885936],[179.90424879441886,61.28904829044766],[179.9111487504258,61.29495939567488],[179.9014532210945,61.26658948524394],[179.9143427695476,61.27377735291069],[179.9166898225564,61.2565154188848],[179.89630157975023,61.22689208311059],[179.8860957991677,61.20490503065735],[179.89831353663288,61.207169135847494],[179.9586613239758,61.25966156039295],[179.95593156263863,61.24575996922654],[179.98838021771405,61.28073917575726],[179.9658177185242,61.245137540175044],[179.96819054719816,61.24222915418877],[179.95561398359018,61.22315275907594],[179.93348700002304,61.17267006435149],[179.9421485984503,61.17930042680168],[179.92451095871937,61.14343613230044],[179.96934384171075,61.177598671425066],[179.96562665004404,61.17065865997125],[179.88684601006608,61.06027240407989],[179.8583696303453,61.02618981987402],[179.84221035194255,61.00297885641824],[179.82963544213172,60.98974031094491],[179.79422770713023,60.944295265175555],[179.76540192900603,60.91372752084579],[179.7385082295168,60.880778304820595],[179.72123809433785,60.85608388515469],[179.67369288206666,60.80260774443938],[179.6437212272322,60.76593085136409],[179.61477081134913,60.73265084819214],[179.57033765704796,60.68656153151451],[179.57151970268166,60.69384598254662],[179.54971303300303,60.691965422554304],[179.55660042918487,60.70515259791172],[179.5532853250676,60.70766549804118],[179.53245097934925,60.71118867156423],[179.59744771826823,60.79970547379567],[179.51847127294576,60.72552541024678],[179.51263194178065,60.735695482014755],[179.47190842030432,60.69414983386871],[179.4471339203246,60.66358334223342],[179.41824940124258,60.63308564043024],[179.39227816920737,60.61114552703873],[179.38629718661358,60.61516248479672],[179.37493413530888,60.60616375401085],[179.37480037965608,60.60953152545899],[179.3874197493751,60.62565746012706],[179.39687984332636,60.64452400684429],[179.43730409805914,60.70236160194217],[179.4271848211795,60.7034823101489],[179.3238918876206,60.60599086814463],[179.30843855976283,60.582908856718355],[179.24606292498902,60.53689612163808],[179.24061275872106,60.53597992787428],[179.21572167069723,60.51490984561279],[179.2236325199516,60.53181143380944],[179.17323545790885,60.48120355320551],[179.14887392038239,60.458882159831035],[179.13273835783968,60.45163967184318],[179.1080204403921,60.42490066768074],[179.1205310821318,60.457248965800645],[179.07482164750525,60.40602721826721],[179.00585615667802,60.33646933741922],[178.94095963066457,60.29154662401878],[178.9172828822987,60.281954073625904],[178.905557904631,60.28959817557261],[178.90655600767462,60.30521613970194],[178.86544436170638,60.298454205275654],[178.88290585268305,60.33225424901996],[178.92068249599873,60.38098755751771],[178.9483271863807,60.406979613299896],[179.0018196824218,60.47579393669442],[179.0093595407996,60.48827819931513],[179.00360670573443,60.496841659909435],[179.02088273946637,60.556596467692565],[179.05668388200718,60.60668246768486],[179.0663269768187,60.60992883478374],[179.0734273734882,60.624482783876196],[179.06322196102627,60.61485594016156],[179.06332563505782,60.61823491758046],[179.07065943579104,60.62842582341378],[179.07226284599426,60.625513845962764],[179.08543243723852,60.63592635836126],[179.08173345605255,60.638176469761106],[179.08717962439476,60.641547117899684],[179.09596688695027,60.6569566831843],[179.09034431559047,60.653960261586334],[179.1099225287592,60.66558251214483],[179.11053690445826,60.66142095893315],[179.11749976545823,60.66834843015311],[179.11529767955184,60.670274735331226],[179.1266875351827,60.680101974108254],[179.12273838114325,60.68134802349496],[179.1385892021016,60.695594429876536],[179.13232000822168,60.69489411289124],[179.1425628979187,60.7031315359625],[179.141938812175,60.70928461996836],[179.1579889410028,60.728787010295214],[179.15640361052368,60.732353253567275],[179.17475339148697,60.7506091990124],[179.18061412125908,60.759738351938424],[179.16886188469047,60.74989663403316],[179.1822322107296,60.7663443480277],[179.17836162487947,60.766600270058845],[179.18567958636942,60.77327912878367],[179.18531606335327,60.77633941518683],[179.18087720711262,60.77454000525244],[179.18901588048618,60.782957609789605],[179.18348461669768,60.77894837446889],[179.17133219303454,60.76360097817224],[179.18652604160755,60.79655379273722],[179.17973961724334,60.78916680445314],[179.20072900129256,60.81957264387777],[179.20853306243765,60.82433694360227],[179.2302799280753,60.852430303335055],[179.2265682572414,60.852442995577455],[179.24045942969482,60.8695846251793],[179.23657032580076,60.87370919860131],[179.2301570165704,60.86445098271903],[179.21718626193802,60.8583124622242],[179.24236904550415,60.88344006818096],[179.23814534884335,60.8951900814851],[179.25723302386294,60.915664648233374],[179.24148563472588,60.9027449660294],[179.24924239404993,60.91827936355313],[179.23810205332245,60.911398997345344],[179.24915479169158,60.92529128645582],[179.2448861410633,60.9274744277623],[179.22448839191904,60.905883373852404],[179.22763593495242,60.914527084579206],[179.23542433546254,60.918376285139],[179.2449194430178,60.93226408062651],[179.2382156597652,60.9291784093359],[179.25932065621043,60.94796567136152],[179.2593320895873,60.95274253895938],[179.27222468262573,60.96955909870605],[179.27277752415836,60.982159112071656],[179.27858987971422,60.98339270898603],[179.27957867294063,60.991329338778485],[179.29160778225085,61.00714199010125],[179.29800821250126,61.00542818642065],[179.32303917340604,61.03788062453377],[179.32008580543317,61.04053648457109],[179.32969448039935,61.049517173997614],[179.3308547767556,61.056592500851295],[179.342810400751,61.067813664625625],[179.33676182162696,61.066275328092004],[179.34411916314662,61.07414356009577],[179.34851461530775,61.095866710484266],[179.35788487864724,61.107777174299315],[179.34341806980004,61.10170731200525],[179.36032096656788,61.126617213352134],[179.3414325895436,61.10459627597001],[179.33986614088707,61.11461663835704],[179.3431153343772,61.12008394011328],[179.35022898572052,61.12427829464374],[179.36781104955836,61.15867673321855],[179.35725982492156,61.157368106481265],[179.36825033294525,61.170511694190616],[179.37760145597906,61.17253790063726],[179.3807263993134,61.18370993829863],[179.4131610266657,61.22019241082711],[179.40352570124287,61.21717756051352],[179.41243822250027,61.22927303930991],[179.40705961224305,61.232433951524804],[179.41902367100076,61.25259873664149],[179.40495063856918,61.24034392594529],[179.40597917765598,61.24510466117917],[179.42666402276214,61.26257328818765],[179.44087186374304,61.27899288766214],[179.43526296930514,61.290098551842604],[179.42513271832058,61.28572206862191],[179.43590528711002,61.29995837354701],[179.43202548128951,61.298707811995364],[179.44948497052917,61.331274044770524],[179.4590692589358,61.33876122052253],[179.46498896789728,61.351353582240144],[179.46132461294746,61.3595004334586],[179.437445679502,61.33870527336752],[179.45472833280581,61.36306836297817],[179.4416467148835,61.356569620391326],[179.45886232803593,61.37470049437881],[179.45522662380566,61.3866784889496],[179.46958814529526,61.40422567465721],[179.46475953290064,61.406839012910744],[179.47256596088855,61.417814677041456],[179.46051605370127,61.406150129088886],[179.47041713211354,61.42099763343359],[179.46424060319043,61.42221305180668],[179.47491825124672,61.431937434927875],[179.4828231430232,61.44496836859561],[179.46847414607174,61.4444532760945],[179.48992080916395,61.46831597796746],[179.49914721274124,61.485095738168596],[179.5140014919271,61.49936960394311],[179.50260483676004,61.496903472485975],[179.50843886750087,61.5050188053063],[179.50085720904258,61.502293435171744],[179.50584220783546,61.51146986470815],[179.52373867150425,61.52895290284893],[179.5263855851946,61.53633355962565],[179.54613207995268,61.557686215195574],[179.553402475192,61.56919360016368],[179.56750382610915,61.574904109070815],[179.57861088577926,61.59180613273375],[179.56597663523684,61.58478306036536],[179.57306788004064,61.59504892638587],[179.59972525305025,61.61416808876219],[179.6201246175439,61.64114592711433],[179.6035973254327,61.63248045303856],[179.62078875331989,61.65299828101331],[179.62113276416503,61.65739564079557],[179.58844788809495,61.631522090547406],[179.59696791874416,61.64440385849652],[179.6149535382216,61.66125165275344],[179.5991300308996,61.65767453483518],[179.62669346668682,61.69138599311207],[179.62517863589667,61.69860163658987],[179.66401862461268,61.72570241181226],[179.65391215077221,61.73562764515747],[179.6795683211488,61.76351363979222],[179.67941029679568,61.773318697094375],[179.69450130301092,61.799877684674186],[179.6822237997408,61.79576096288975],[179.70124629228124,61.838748019475325],[179.71987080041885,61.843755529273764],[179.73071289159654,61.85674817371507],[179.712737396353,61.86263044886094],[179.70039255762083,61.85201176395299],[179.69974326972988,61.85522341854057],[179.74916830392314,61.91409463670545],[179.75173301849046,61.90679549069297],[179.7704970097934,61.920451113935016],[179.76703736990365,61.93289396187356],[179.78585381193514,61.94835422174935],[179.79280845101727,61.95762594183083],[179.7675017727311,61.94278018433711],[179.79730568945155,61.97386501517638],[179.8139108479616,61.979087732679744],[179.83168649235978,62.002457424484014],[179.8095391815217,62.006731784882064],[179.85769762406238,62.05212567543139],[179.88951542963292,62.08877752098568],[179.86666179213688,62.08042081246082],[179.86340075342403,62.09232982214317],[179.8384064210821,62.05216399831722],[179.8171678768846,62.051976088090335],[179.84039733374894,62.08222777069514],[179.85340055875477,62.107912130317445],[179.88265301376117,62.13031743590813],[179.8905737647772,62.139859249443944],[179.8853361392273,62.14456251312154],[179.8504960470365,62.110411026065634],[179.85333640164825,62.12176624342591],[179.87752598616535,62.147882754751926],[179.92021223804053,62.18483911379604],[179.95227762081475,62.233211981174676],[179.9704507748166,62.27057855337207],[179.99368179034224,62.30042673456616],[180.0585851385544,62.36636627311813],[180.12952829065839,62.45823375547782],[180.1544350381763,62.49904171609852],[180.14767445240324,62.508195057838584],[180.1271962927161,62.48309279552246],[180.10039313922434,62.45787093632927],[180.0783818207824,62.45779762967665],[180.06097274478674,62.44158397797074],[180.07914163999027,62.46641981922656],[180.08497496414935,62.48860908446283],[180.07314221891068,62.47583624367857],[180.0606423049245,62.47226745922546],[180.04173399591247,62.44673119721776],[180.02632777963518,62.43680302466778],[180.0318098180016,62.44620170017643],[180.04717719481846,62.45451577381182],[180.0864279461838,62.507802748548386],[180.06986777940534,62.497201595918305],[180.07806599931172,62.51490471828175],[180.07127392923917,62.511180227841024],[180.09740921066506,62.571860603400644],[180.1368279994744,62.64107513900845],[180.15205677484332,62.658144220225566],[180.1600538504359,62.67197607875021],[180.1778140184216,62.71279894167952],[180.19231159005454,62.76257041763143],[180.22467234569723,62.81484221640662],[180.2999616477498,62.897531527439746],[180.25714082924065,62.88638200939675],[180.23950449324957,62.86894711403044],[180.24239873838462,62.87437782378623],[180.25500003017922,62.88924147398409],[180.28386216898937,62.91132291235082],[180.32980507884855,62.95347496000842],[180.3517839680344,62.98462366823172],[180.32810460936525,62.96758398771898],[180.21924003885388,62.90733181855582],[180.1267278170206,62.81118805461075],[180.1113725003666,62.78238462737899],[180.08854143038263,62.70972517023777],[180.034933103156,62.645305178318395],[180.02402545096976,62.62491776873938],[180.0167219645747,62.583578225275865],[179.93875421772955,62.46246063910779],[179.91125216417686,62.42493178132556],[179.8801447867667,62.37212218986467],[179.8442480157876,62.32003989585443],[179.81485433292602,62.314962535267156],[179.79046547491652,62.29686536618497],[179.78889516850379,62.29991728582754],[179.7742191047692,62.288987457062404],[179.77404481009557,62.29540687582186],[179.7521924045946,62.27820251137631],[179.71597496749627,62.26507720684454],[179.6189995039198,62.187488743420815],[179.61431917643483,62.18567817736466],[179.62506171499203,62.205103026462034],[179.5635193932911,62.179769897505196],[179.424181660123,62.0644818204606],[179.3290005767538,62.00367893747759],[179.2713858728902,61.95734746104387],[179.23165018416037,61.91963738191813],[179.09023077030474,61.76722529596178],[179.00592915425437,61.68614289573097],[178.9106365666762,61.63588912656627],[178.88476623326036,61.638410216599134],[178.78496216879353,61.62903991184311],[178.6449513979385,61.58539273186638],[178.63589749064582,61.56704694480468],[178.68346593897417,61.53574204067997],[178.68358963102693,61.52404981255279],[178.64411730900713,61.483000967755174],[178.61280739083568,61.467080963471716],[178.5868864318224,61.4468039773931],[178.5664755881907,61.42012813127258],[178.5987204930192,61.40724996102732],[178.56835102654227,61.347993636498316],[178.60356572421887,61.34793126625143],[178.61480018959426,61.33661963302626],[178.5511242588969,61.28413847722875],[178.53563231303292,61.26341300514908],[178.54155202581384,61.254053697018286],[178.49142199943046,61.18876460180432],[178.46965394376642,61.16615419288897],[178.45552398421853,61.13277920253922],[178.46007034496466,61.10339349347103],[178.43311602272752,61.0625857373906],[178.4315951346125,61.05143896722106],[178.39824785765606,61.007625432881596],[178.39483361495633,60.988978262948535],[178.377311118477,60.977374415612175],[178.36581996978808,60.962584161536014],[178.3858058797389,60.948549145478495],[178.37942225064626,60.93582608580094],[178.3541976043752,60.91064402669955],[178.3626637905413,60.897471524595154],[178.34446646058979,60.87628976397061],[178.32203632761286,60.83476746782809],[178.3035842294494,60.80870442570195],[178.2921910254816,60.77900863169526],[178.2917095120354,60.74848222238436],[178.27989099988673,60.729626371867695],[178.2747654697198,60.706026524106974],[178.25961046010764,60.68135153771422],[178.23929999266315,60.607854489063826],[178.2206989580041,60.57327957747549],[178.21771036996518,60.55568160215795],[178.19238277992153,60.49918900782759],[178.18543245699334,60.470007963906795],[178.17470940310932,60.451429229470136],[178.14174579573043,60.36848512368678],[178.13996588119707,60.355865927941146],[178.12934948503607,60.338578177508964],[178.09206904187312,60.24418172162616],[178.07968122977638,60.19662165722822],[178.0520359740014,60.134778809799315],[178.05367716140148,60.12042050311385],[178.0475402205335,60.09374126626908],[178.0388065439504,60.08100941822751],[178.0382684752169,60.06920527400861],[178.03003892322167,60.05699668336898],[178.01831179012532,60.02012800444445],[178.02267741711114,60.011630264116235],[178.04320236222804,60.01068015339062],[178.05771630162795,60.001057908367244],[178.07609562022344,60.01584518658443],[178.1131489743047,60.025695572909726],[178.17379903587005,60.070361242275936],[178.1891364343083,60.07293787950606],[178.18205340758206,60.05193610203694],[178.16160787721756,60.01039534391706],[178.14259448200482,59.98035939230031],[178.13878041163602,59.96772327112364],[178.10818710354428,59.928060063757435],[178.1102079056798,59.92234948490696],[178.09850691464987,59.89002221278294],[178.07586986412474,59.851501543954],[178.06802616296983,59.82891641243185],[178.05595738627355,59.81374976896897],[178.0300784854644,59.749270067850546],[178.01163769710655,59.71708091592589],[177.9947829000142,59.669653505210704],[177.97003706611517,59.62065708862376],[177.91409465284966,59.5262685798682],[177.90764570640238,59.50918602237651],[177.89462400837834,59.49361179718954],[177.88833333805246,59.48111312833181],[177.8842791805277,59.466764509900564],[177.87318267638074,59.45490697195943],[177.86731587720192,59.44168261910902],[177.8519176594496,59.42036208387747],[177.8326761579047,59.38177243763013],[177.79273484776687,59.31101918844165],[177.777267877409,59.265094585460844],[177.72228293151238,59.12264231392991],[177.71930590866134,59.09531421347491],[177.72967743106378,59.104736625323596],[177.7588986819688,59.173985106460464],[177.7780789041717,59.1973410826442],[177.83138780925103,59.31691715349979],[177.85514562010997,59.33914917521996],[177.84417326640778,59.29972450276461],[177.81280702464838,59.227364750515704],[177.74828227427219,59.03125332646259],[177.73525508847337,59.00111579715397],[177.7267161046367,58.96643018351855],[177.63705912121503,58.74641029838314],[177.6254119007099,58.70440373419013],[177.6056406471692,58.65354500906627],[177.58868248424577,58.60176800415094],[177.57335022338023,58.57054578828712],[177.5671431222559,58.551798068592085],[177.57062403056196,58.54694535422048],[177.59847882328432,58.58545253974758],[177.60307538083543,58.58582128012411],[177.6028430005261,58.5751494944887],[177.59032854231305,58.5357778527506],[177.5726726241174,58.50501470604253],[177.55940234408206,58.46790252203848],[177.53316674851132,58.42328537817342],[177.5262250586989,58.39347829167204],[177.51898585025768,58.3804046007872],[177.4801553496506,58.328921312463116],[177.46116440881892,58.28309279066245],[177.39245429503399,58.17086277669516],[177.30952686896015,58.06036261183179],[177.19630110702923,57.91502321877126],[177.15907362608516,57.87177663219293],[177.0064790252744,57.7123187634478],[176.8506328231578,57.571013264091235],[176.80570865021173,57.53878348598068],[176.74477622627649,57.49171736476544],[176.7113163791264,57.475096168084576],[176.71360245266808,57.47958086683522],[176.7329501404813,57.494507268970686],[176.7528815149621,57.51769418717002],[176.7874422936375,57.55207359194634],[176.81766469381415,57.599546914476335],[176.80490818078295,57.62787908578386],[176.7700652165852,57.61265735773087],[176.72880506725687,57.58177092307048],[176.71006688428656,57.58089151626429],[176.71895188171993,57.60214883705097],[176.7183179327997,57.6170486219647],[176.72438523735707,57.63248161036313],[176.71451309668373,57.66978727117607],[176.67539474876506,57.66244478108862],[176.67753000763872,57.67131100832029],[176.7108310287996,57.71841801863073],[176.7050826714243,57.72736092694521],[176.71029559148195,57.74365346587603],[176.69237174312474,57.73601617711748],[176.69159890258817,57.73962815067695],[176.71880673574086,57.77360790553932],[176.74397089083715,57.838855243464465],[176.73817754430166,57.84510515359],[176.724232454751,57.83887116033396],[176.7163054121553,57.843004569271805],[176.693208782067,57.884992482021055],[176.6345885977151,57.83883151983945],[176.6168273772816,57.84608781616332],[176.62690640415116,57.86174329475325],[176.63091558223527,57.94089030847517],[176.6517784565641,58.00037082183654],[176.66468675116505,58.057431598073364],[176.65737171284252,58.08968681978932],[176.66565227086573,58.106004541089746],[176.66811848807825,58.12972687721546],[176.69508201504874,58.177204526837045],[176.6908106840196,58.184623001256504],[176.70351094752692,58.23305075706124],[176.714647755889,58.25438102969508],[176.72861028530957,58.27102343124587],[176.75178934789471,58.320527476272716],[176.76133491112532,58.333662264149446],[176.759804751796,58.33751271865595],[176.76787030084708,58.35048710910712],[176.76372016815097,58.35761347642712],[176.77467199028163,58.3913038516983],[176.75645242126535,58.38836628994893],[176.7388891358399,58.37295159442804],[176.7153229132422,58.33938159912411],[176.7105908712056,58.34574778841541],[176.69124013462596,58.32651582017475],[176.67813895465662,58.30459539627028],[176.6560848082095,58.286350697343565],[176.65739485087056,58.27834930137361],[176.61322346746414,58.21788711247607],[176.5715889786607,58.2142769887817],[176.57335772026443,58.22812913098369],[176.5664597756553,58.22913290416118],[176.54384923648445,58.20951724089508],[176.4990997358912,58.19905427752654],[176.4592180787351,58.17467707031625],[176.41239576199,58.12061401729461],[176.36093336662043,58.105425003483],[176.27039295772067,58.04970277776958],[176.25935168451383,58.06751758474376],[176.4170938055931,58.344321042058965],[176.52166550150045,58.52895868000717],[176.46832099750284,58.572119422053184],[176.53866193968327,58.74937264329515],[176.52883780772427,58.87107726378035],[176.49000780545413,58.998888562981634],[176.4495869513508,59.06009460834287],[176.4501543770032,59.113412271469144],[176.36891365811283,59.32510162128946],[176.22305282477734,59.44483202211423],[176.17449384564927,59.37301509894291],[176.14306772649095,59.49573188352893],[176.0406675092211,59.739174922855454],[175.67821387479856,59.84925131039504],[175.67202614663196,59.88659139655763],[175.28324136875787,59.96345928151842],[175.20899890930733,60.03713530791198],[175.22020427341644,59.96412085801304],[175.23535000390663,59.93312847129545],[175.22576704974037,59.89002778056291],[175.2077696114202,59.870166350118936],[175.21422363074043,59.75513043601461],[175.25524333279103,59.62918882815742],[175.30643334552232,59.317200803663916],[175.3138752346392,59.308434643309624],[175.30783646788868,59.30287371409087],[175.31729640385862,59.25907489444215],[175.32092002252102,59.049185143683346],[175.30585801325262,58.91124788130903],[175.27046819593136,58.76732070816627],[175.2206491322708,58.62359084519678],[175.1931962890969,58.56029464997092],[175.1736344147255,58.52301397558494],[175.14955023378445,58.51841062381656],[175.15751908949605,58.48771348835906],[175.15276858224493,58.466856312887224],[175.13367369265944,58.44446964793207],[175.11429615070725,58.43746872835658],[175.1036489663208,58.41126081347275],[175.12008078761184,58.43245846969142],[175.13034360091078,58.41405699125965],[175.13951440847475,58.42410245282495],[175.14449071440424,58.403999161947134],[175.1356679031539,58.4181135274841],[175.13529840106682,58.39586343949557],[175.13106473889042,58.40880208816022],[175.11420941133173,58.41963326463543],[175.1088406282106,58.405591114478895],[175.11188616487485,58.413175034903226],[175.1250052907573,58.4053892201679],[175.12986284596118,58.391391463353564],[175.12209405544215,58.40399237889976],[175.1146246262692,58.367563297064024],[175.11062933375456,58.370569208306],[175.07014617197905,58.2857058515177],[175.05824957393426,58.27562850578197],[175.05507794929485,58.260651057045585],[175.06462541791805,58.23259926772174],[175.0836194975051,58.228919890269836],[175.09096897408136,58.22010276542054],[175.09339515401544,58.19888761934178],[175.1000652287585,58.198753712933275],[175.09387714327625,58.19418703390765],[175.07810799083498,58.12167684556598],[175.0517825287405,58.042253484820215],[174.94311283984976,57.79377235269533],[174.81395249254047,57.6077604199742],[174.48824092935772,57.28292507174715],[174.10782927630865,56.96041983455626],[174.01743049765727,56.88023599109984],[173.97185593450249,56.82595955435973],[173.8591675967346,56.74243541952393],[173.84662083355818,56.723250132265946],[173.74610825571102,56.616745840400895],[173.53355470982982,56.4156879899631],[173.52234475826896,56.40107343150144],[173.50190842856625,56.38673157923263],[173.4535761338791,56.338933409762575],[173.41335208467518,56.29386624531304],[173.28567709055667,56.169848131809665],[173.02919736635425,55.92273077393699],[172.6996268431715,55.59732416273545],[172.59127318760932,55.48992288643534],[172.45149238942005,55.36119455498722],[172.443751489728,55.348926918573625],[172.42708243867233,55.33807181289686],[172.35144325920717,55.265988271780195],[172.20371840474627,55.11735107901787],[172.14613112351677,55.04361439639173],[172.13342981908602,55.01947608652448],[172.13834954380653,55.01139554870641],[172.13390404919912,55.00221646391967],[172.0702570829134,54.90864869952236],[171.9254843853407,54.70144124989666],[171.88173936139927,54.641422420033265],[171.8767300812427,54.63126902374951],[171.8318047931491,54.57894629127844],[171.83453894490933,54.56494848509647],[171.8208588140905,54.540809228179775],[171.79157011797173,54.50037184022297],[171.78171523025097,54.49148719820877],[171.756886530994,54.4593800357269],[171.75151767504985,54.44538009478921],[171.53755509636835,54.18317733227165],[171.52601838314536,54.164964038970936],[171.49306729309885,54.12355175058063],[171.47051365051675,54.08254823610808],[171.46667323542633,54.06066751281569],[171.4786953225389,54.06659689322661],[171.47570491529962,54.04518348693809],[171.46889161499158,54.0313468739173],[171.47374760269167,54.02243579493521],[171.46621941598136,54.023730264346334],[171.45975540143476,54.01785436755544],[171.39350393896035,53.92097090808522],[171.31522866690995,53.818112874533654],[171.1400136946803,53.607198961553465],[170.9951068180909,53.44438410953555],[170.91128061006475,53.330686667685946],[170.8637324198637,53.23937526489803],[170.8241476373075,53.186621846405544],[170.81046674451218,53.15101220149016],[170.6876707728689,53.02359578439703],[170.38939048489692,52.8347246242265],[170.38456524194817,52.82072788940106],[170.34373700614904,52.784757998358714],[170.38294388541715,52.79432142050949],[170.40057270036857,52.78756918259465],[170.44380721133686,52.79655130087487],[170.4415246743307,52.777085431386425],[170.39596309865595,52.76861924273033],[170.39246883044976,52.75239991816299],[170.4063969757437,52.755793329632965],[170.4073074841351,52.74998507298759],[170.44114882866072,52.753517227713004],[170.42219069934023,52.727587693485894],[170.3314860717175,52.71424162250579],[170.33264575538212,52.696989854325295],[170.38671108751095,52.689729061451544],[170.30591100759224,52.63279248780318],[170.29310077024132,52.61769421496123],[170.2671294032681,52.60281137989827],[170.27654999327075,52.59165148626661],[170.26299006654878,52.58582343549751],[170.26619155093223,52.58367702411542],[170.2574351673951,52.57427343957929],[170.27442114086708,52.57784104324038],[170.25067539517644,52.561804496894545],[170.2517303599268,52.55770366784162],[170.238539575787,52.552936842051736],[170.2098620245278,52.53241568882202],[170.20071766719056,52.531696361169544],[170.19621213576005,52.521627693672016],[170.20867217963172,52.507726918755274],[170.2040150509238,52.50280699611056],[170.15688717503053,52.47661408474678],[170.08045213583327,52.42104809625078],[169.82239081862863,52.27589224550861],[169.6713336023565,52.21085544589343],[169.47976893145818,52.153900706480705],[169.2985003758303,52.109382338704066],[169.12038984432306,52.073771421437755],[169.1855125075595,52.05157143727162],[169.20958915246905,52.03675626169118],[169.20959905207113,52.02530054001941],[169.19714993200472,52.0170926128823],[169.20191076475052,52.031449956337006],[169.1818145986152,52.04544426607065],[169.08093423626528,52.07230921636478],[169.0305764353655,52.071604274659414],[169.00309727741754,52.05766849299374],[168.5629786313102,51.974147732242315],[167.99475182618562,51.88155329231497],[167.92971089968535,51.864732924963356],[167.9054476634653,51.84986816447012],[167.8620925815822,51.84681639868721],[167.83740269110925,51.83974073578429],[167.77586840772702,51.85735975333958],[167.71415478412422,51.859195343733575],[167.15607955184964,51.80124656203248],[167.12701242200717,51.793616152903084],[167.10861294549127,51.795555159066254],[167.07796011602903,51.79102370229954],[166.73315459835413,51.73661322859573],[166.72377468525977,51.72912077127225],[166.72175575191636,51.73255902922333],[166.70451151299628,51.73260158318134],[166.54526544458045,51.707530732180004],[165.97110099412373,51.62924415618032],[165.740067054385,51.57903276218796],[165.31030098624797,51.49420651825013],[165.07566173080042,51.45324760585535],[164.82342772385434,51.41851315679665],[164.81237511387297,51.41329815482884],[164.81067273379935,51.40445633526572],[164.7681547463822,51.40667148354004],[164.0987688531938,51.267747528825424],[163.63761166646228,51.145548356218214],[163.60892698970684,51.1406306043841],[163.58858059588374,51.14551848192039],[163.55976443670176,51.14290936812752],[163.41195821362567,51.10388965289393],[162.51763844470713,50.770570459955195],[162.42812696203362,50.716500609313],[162.55734812772968,50.71705138068168],[162.76169415951347,50.729751405148384],[162.715055755065,50.68880226347345],[162.627623975628,50.682948996093046],[162.56955800050912,50.66183418063238],[162.50406751528845,50.66475270026859],[162.44088812894677,50.6527538105742],[162.3704114231855,50.671275323093276],[162.26840317701718,50.65496208104134],[162.26641197316718,50.6800575559722],[162.25047473149073,50.69712894883571],[162.2192036423991,50.70471846454694],[162.16225026713687,50.68757853000577],[162.09175048134946,50.654630932979146],[161.94530068680592,50.54646518213055],[161.91556183199015,50.51295454007114],[161.8464346944266,50.45489664484891],[161.74914084866313,50.39811591802662],[161.3692306503089,50.1978154902689],[161.20442902232537,50.12266115182447],[160.9524833750544,50.04303010597194],[160.88680674163535,50.015956420269646],[160.83474508995238,49.98748083259561],[160.80362556515132,49.936437295260944],[160.71445959485004,49.89490904538824],[160.53807623062002,49.84424578197235],[160.44464312036334,49.81046575734816],[160.40266439209827,49.78210916791872],[160.38650430202233,49.764539527969795],[160.35478105190217,49.68651832934939],[160.22643035362194,49.54168744003366],[159.97343822951873,49.28858036104458],[159.92352077187542,49.221009064322494],[159.9112786704003,49.18455912994072],[159.92847459368343,49.17032236092308],[159.96484857462826,49.15907157090349],[160.1407428160625,49.12121624882989],[160.23495934907578,49.11179126166028],[160.15423541216032,49.04491968664507],[160.00716617958113,49.04730092157085],[159.9061681719149,49.03906592538299],[159.8468630846249,49.03159767627147],[159.80567148568036,49.01565036242613],[159.9195556408023,48.93440802530045],[159.9107950973175,48.89143616152066],[159.87239329520025,48.82944792168101],[159.87556678855103,48.79986289556906],[159.907387707597,48.774458723222544],[159.98813532189624,48.74334829519001],[160.26821531776187,48.699499393189214],[160.15164937486503,48.644022043072155],[160.02190093517132,48.679152051420544],[159.84153358937937,48.563168319930575],[159.79714752014053,48.54543582592281],[159.6540111050087,48.5232451374661],[159.6291795465205,48.5075476525805],[159.53883632761017,48.39406030250763],[159.50596915051216,48.37253653743959],[159.41662654310795,48.33957206012646],[159.24042096023325,48.4114426591033],[159.19441872225627,48.396555146071265],[159.08946776832045,48.32868930063994],[159.1150248130463,48.3780321970823],[159.21321435655327,48.445813695010195],[159.23978332203214,48.47005004264709],[159.2468032744319,48.5009809398215],[159.1550059348596,48.48731368721909],[159.07298171380006,48.488012795761676],[159.0084774805692,48.47075062402801],[158.83613448209314,48.476589267702906],[158.791654001537,48.54301063422839],[158.73681707388852,48.524369132604996],[158.6811423538201,48.491403333982134],[158.5577860458143,48.3673233186021],[158.5039692464418,48.2830213959232],[158.47413419175737,48.18315970055289],[158.46418050946784,48.14226384138916],[158.47113171275745,48.039333984574384],[158.5036602187825,47.89226126334082],[158.47887637836794,47.7323730281122],[158.4895516657209,47.67235585228558],[158.572703933791,47.62547012962461],[158.5089311485282,47.568786077368074],[158.48873894572367,47.53212608824196],[158.45098175719548,47.5074829007292],[158.39430608813242,47.481227823060415],[158.35992009352805,47.45502447957872],[158.34258040264677,47.42611499009972],[158.34127662088244,47.39899211448634],[158.31208304585826,47.353593485000175],[158.34964140746737,47.34737786196007],[158.4084083814147,47.314088631758985],[158.53341833278193,47.36512909791211],[158.59790450631067,47.39792306015095],[158.6571992187455,47.408463854578386],[158.71827089922536,47.43174638981123],[158.76555900670078,47.391795223596546],[158.68585788073693,47.33125942860699],[158.64647869978313,47.27762436251421],[158.56932522250062,47.200011824544916],[158.5482102202753,47.221269913326545],[158.53345285625602,47.215498009706344],[158.50252628726184,47.16188952294019],[158.4260280332162,47.05453310947774],[158.33545784722412,46.93325002422736],[158.2150058239854,46.74792659300514],[158.16174088539432,46.63722551516817],[158.16496122056816,46.618226972293456],[158.1098323270864,46.5385571001371],[157.9578620802721,46.36428295176947],[157.63455648842773,45.945093426953186],[157.59108031631868,45.872755443634695],[157.57087292076613,45.81011607974759],[157.57498747014426,45.77425815315195],[157.55560204674828,45.722404792402074],[157.48443583289233,45.6535978782855],[157.4204992941299,45.58166103413907],[157.51455215769215,45.50750800771941],[157.50352163956686,45.48159356604913],[157.50618448364787,45.44212485347943],[157.5308136210601,45.40687792875493],[157.55747248096037,45.39313509617536],[157.65243483298565,45.40904479781682],[157.60428379847448,45.31353037492567],[157.5323253831194,45.291354604662814],[157.49325824216754,45.290840649577326],[157.3961868020796,45.2750641492515],[157.2163321121141,45.19829775110896],[157.0642078294742,45.183313599063645],[156.99180988608475,45.14486356193078],[156.93589347448878,45.10252496902218],[156.84271517620436,45.01716875092822],[156.65736668500065,44.73536913262214],[156.63224856070272,44.70184972189292],[156.58013319624024,44.652154221580794],[156.56213005383245,44.52596089329544],[156.54384745768994,44.490530087022016],[156.50665103704142,44.44274802333324],[156.5203927472119,44.434159376033605],[156.59151610801624,44.459351780374604],[156.64411116093203,44.455888975162765],[156.70339743118365,44.44024026765386],[156.72646739353846,44.42141095307426],[156.7498104122123,44.36371917427869],[156.77427000872012,44.3410986884395],[156.76544754758675,44.24629154423214],[156.79043697958173,44.19784023468836],[156.86198398362734,44.17464761630721],[157.05235587668471,44.165291518640146],[156.93159363160362,44.0212071967441],[156.79496672408982,43.99963845912508],[156.68919253387008,44.00805688216765],[156.64643699293035,44.025721717765606],[156.55538156278988,44.08539570707991],[156.5242299792937,44.120202402805866],[156.49915595221051,44.21073293538527],[156.46982188943346,44.247546668783286],[156.43094455606396,44.274511494029],[156.37646797364604,44.29531643631509],[156.17076015516795,44.357490222542566],[156.07252853922145,44.35682436922919],[156.00379229515934,44.34539902343632],[155.82992007739486,44.34204636001359],[155.78578669407898,44.34816706937563],[155.69043584823908,44.38053011515557],[155.6677858710739,44.37931834927829],[155.40417157315056,44.44246952410254],[155.29556491577802,44.44276880496593],[155.24655100604747,44.43429121967637],[155.15391506415227,44.37784144792465],[155.11592639285962,44.374489805907906],[155.07150772311394,44.327904235693396],[155.0627192762056,44.238978873595144],[155.0035810351339,44.116107793348476],[154.84621367250912,44.10052545698653],[154.84185320527777,44.18107833475633],[154.82756321394447,44.2186963591048],[154.79507278833006,44.242834617726146],[154.73725463341847,44.25779426768875],[154.58190706736616,44.260091821498456],[154.57137217116332,44.27349161901454],[154.5449352683247,44.26045121307381],[154.4816687938608,44.260580373590884],[154.45226773255527,44.25386001409794],[154.40407094031733,44.276208980165535],[154.37104500359078,44.26224839809338],[154.34479860081603,44.269665135510564],[154.34744089544893,44.28373324706088],[154.28826386167822,44.30712261697831],[154.2115472693927,44.31806129074032],[154.1645911402311,44.30351149536264],[154.16955833120062,44.3446610563352],[154.1283193147155,44.32376280360736],[154.08400730025733,44.32328130302973],[154.0906407932239,44.34387684187216],[154.01094016508918,44.3683373221707],[153.9143118500033,44.36889857069432],[153.87172605604445,44.355542397548945],[153.8167169312606,44.37166796030485],[153.763457331734,44.360341646917234],[153.74177808597915,44.34058241838504],[153.71360135748785,44.352416307418544],[153.61271282255728,44.33031364079782],[153.55676193213247,44.33407226190805],[153.4388563747228,44.29496764177944],[153.40304135516112,44.277786010923236],[153.39522183407382,44.2633997086499],[153.37413146590123,44.26957750662184],[153.35197842429193,44.262618999200356],[153.3489227457306,44.24819970799479],[153.28892470227086,44.23891410452004],[153.23377899099052,44.28798911532287],[153.22558829437406,44.35116953730031],[153.2067091854952,44.39130877670411],[153.1834773764246,44.40732131871312],[153.1603497584723,44.44562102603797],[153.14641662321156,44.440786178093646],[153.12352491390266,44.45144523454101],[153.10756599548805,44.44262446295588],[153.03372800337516,44.5353232473394],[153.00602532386955,44.54103032524863],[152.9723871784778,44.53555832436906],[152.93500208768782,44.53827067692092],[152.93079947557823,44.5656285218226],[152.93808233899247,44.59150050755932],[152.96144042488368,44.61237273269817],[153.02153894328052,44.61973161206302],[153.0329889796168,44.63975485038303],[153.02909066980885,44.683268298141826],[153.05932029766197,44.691570257196844],[153.11367936175827,44.768432826292255],[153.11775344349957,44.79100343093251],[153.1406891641397,44.80954136575487],[153.24583282723862,44.863905287726595],[153.28802692859603,44.86614671016381],[153.3500877696615,44.884402802226624],[153.30073832792124,44.907873116677166],[153.29315120781598,44.9379621570094],[153.2682380573454,44.944636085387486],[153.26798021842643,44.95767842928822],[153.20154132992832,44.987512233622816],[153.1634430436097,44.96175845982452],[153.14156632059476,44.966332593215846],[153.0790721351948,44.89503531998511],[153.01903676339884,44.88076646617898],[152.94731769755907,44.87411588619315],[152.912267891588,44.89697040797353],[152.85577084093984,44.916758984718065],[152.83022885160966,44.8857770941695],[152.78135715907192,44.88072286922268],[152.71246924940004,44.855545834962314],[152.7140861282008,44.84770930195414],[152.6985725097756,44.84141755769967],[152.72746765059287,44.82320890807512],[152.7029358228216,44.80850037890049],[152.66865482094153,44.801760248129725],[152.6925894733469,44.77685561659548],[152.65843720580332,44.735207043159335],[152.60169756988836,44.69582243073319],[152.58249280180502,44.695641589788224],[152.53899418489164,44.63641040760236],[152.50620470753697,44.6231755282995],[152.3999592556146,44.670690385018396],[152.33674671074425,44.66132083155757],[152.2577170906447,44.668663301248145],[152.17122493960244,44.65112273130288],[152.1459738448338,44.6618503157368],[152.15743499845647,44.69834955764487],[152.1433809736297,44.716142971428575],[152.03607151594954,44.74526302371507],[152.01405938032318,44.76475341324995],[152.01596680119496,44.78523573396376],[152.05443763846745,44.800840431091075],[152.0260614119867,44.82807463891963],[152.04929354066232,44.83918539023229],[152.05990717450794,44.858513166123345],[152.04277445515345,44.87896138281406],[152.03862160558577,44.91718486806084],[152.05668135007613,44.9505931849349],[152.02558673291026,44.95884850280942],[152.02669734552498,44.96733135064521],[152.00386786225064,44.97303371382361],[152.008438294644,44.981694693798175],[151.99773884162084,44.9766939418],[152.001793447303,44.995664663359314],[151.9746870259343,45.02053637302506],[151.97931252864652,45.02601171455182],[151.95641326233644,45.032358323458],[151.9431986886861,45.05483923005913],[151.95348367778723,45.07488884928256],[151.99258143079567,45.09103238274753],[152.0266277861437,45.121655132448495],[152.00128256672355,45.1473142828021],[151.950610130373,45.15874488030173],[151.93566066044107,45.147748385091724],[151.91571082868688,45.14592522758921],[151.89019755902422,45.12581897780744],[151.86962730333812,45.09622285997176],[151.87471373554513,45.07066384730255],[151.86209385633276,45.06726978760026],[151.8300064676661,45.03220549676959],[151.8093709368897,45.02481626305264],[151.79546085154092,44.99422994399533],[151.77257498966932,44.97779941895786],[151.7782403357355,44.95827788442293],[151.79560741036687,44.95800404198444],[151.7988370743572,44.94268205745338],[151.77170803604315,44.91993771889021],[151.73709019250643,44.91510727183464],[151.736707035634,44.90464134183577],[151.74711576585324,44.90426177547346],[151.73648389603858,44.89571140809498],[151.67554390439284,44.87651993190377],[151.67174217089823,44.8566789142064],[151.64238486309063,44.84028081585613],[151.6537416803148,44.82272798553224],[151.66378932462467,44.82672535252868],[151.72220266052886,44.809592289214876],[151.71687982380735,44.798107619894225],[151.73210349327115,44.78448602445987],[151.71529741293736,44.76555814573844],[151.7139396485694,44.74686290495072],[151.72583953068118,44.742371508935896],[151.73647577218662,44.707043773926685],[151.68804984193963,44.68446056702086],[151.69100392553773,44.67214487738056],[151.66831067203435,44.65609232808728],[151.65738116957075,44.65929494714932],[151.64522525391348,44.640684984717396],[151.54513150945613,44.60992120099907],[151.53659584256025,44.596560989582144],[151.54246839106557,44.578446054006555],[151.5998959930264,44.543238717810894],[151.61661502971893,44.4711486133214],[151.60357156987294,44.44666345118148],[151.53592199567854,44.39746374879029],[151.59701507860993,44.38178010591868],[151.63233416451789,44.36521772271796],[151.6515052772648,44.34390241569522],[151.6809579143159,44.35226952081841],[151.70395146601345,44.346667477558825],[151.73512653707704,44.368213209650946],[151.73222986066153,44.3738486928085],[151.7777312107089,44.3951133574007],[151.7373588541453,44.37398049889937],[151.74011530636236,44.36829817507281],[151.72312628258481,44.35299599718801],[151.70230130923807,44.34265681258873],[151.67483491934752,44.34698862605368],[151.65056206528357,44.33781991116738],[151.6291880190094,44.3586714491406],[151.5905045384165,44.37655579026699],[151.56971979748909,44.383379377208755],[151.53529975981303,44.38222734068208],[151.5177653449077,44.39236814569452],[151.46765655517933,44.367133519712944],[151.48252041940162,44.341373863922826],[151.52465033118156,44.31838160356055],[151.58716748348502,44.32402014725464],[151.64181314702395,44.301329439485116],[151.65816985527294,44.31557003857786],[151.67088032201394,44.31836790635725],[151.73857722109153,44.31088319016053],[151.7701819497538,44.328685695149225],[151.80920576616126,44.33350585064166],[151.76948175071982,44.32741364437077],[151.73771490851732,44.309085320515635],[151.6701274361271,44.31605903875084],[151.6573638516168,44.31123345189232],[151.64778786201714,44.296870079928794],[151.6579910404241,44.272526265366004],[151.7371424303027,44.26362275176409],[151.77045183142548,44.27211163674525],[151.77913132348266,44.28261335507578],[151.77276372515215,44.29479879391479],[151.79143831907325,44.29669923086976],[151.77620998466176,44.29435149752112],[151.78193180683746,44.28063246401311],[151.76651932668705,44.266215658004924],[151.76503539406536,44.24592226752406],[151.75274047794875,44.237528926732686],[151.76462295473692,44.25143946562099],[151.7601223275605,44.26498267288976],[151.7434106589501,44.26013594521926],[151.6593482723174,44.26684724970829],[151.6412347935938,44.24870342945483],[151.6365930570251,44.21850965328771],[151.6757309256886,44.20436395712104],[151.6423119487883,44.19062706519209],[151.62901688060606,44.19386820350268],[151.6396962786314,44.20422072349223],[151.62449561810428,44.226448318416274],[151.64370440102334,44.27125255582458],[151.6153744169464,44.25235413340417],[151.5892772366135,44.21855505073069],[151.58802212689574,44.19784658045268],[151.58486298636268,44.215108544637786],[151.59441775762326,44.23759531076672],[151.6329244672053,44.27472074929214],[151.63675630350997,44.2871602773581],[151.62294489935636,44.29845034056569],[151.58330702373877,44.3114226707482],[151.54472898104783,44.30486516517045],[151.54549517702844,44.2575796778133],[151.5328192825047,44.22991197323637],[151.51164638439707,44.233109240242584],[151.52189935110354,44.26205155475469],[151.50825899622362,44.30935464095721],[151.47209372329968,44.32305692296042],[151.4433315535375,44.34870043658001],[151.44103882734706,44.368881819769754],[151.46472763918024,44.38996036350399],[151.55092052130237,44.43853088742203],[151.57982492980207,44.46648481801613],[151.56551295384475,44.48715031790128],[151.50836380576516,44.48856886533672],[151.45232382292764,44.53964236072801],[151.43234184689618,44.572483401498374],[151.4063338884968,44.57730846398319],[151.4606818548491,44.627248309561026],[151.5007581083331,44.6450743781559],[151.49544699288919,44.691198949784194],[151.4467645484052,44.69385054958083],[151.42116383488315,44.68867770820977],[151.4050925544517,44.67163929697498],[151.3779055948524,44.6939294637072],[151.33579802409497,44.699895832651166],[151.078248482563,44.66314067425023],[150.93641990586326,44.6336596855034],[150.88009567738357,44.59046598149824],[150.86405283805757,44.57015986712973],[150.88134360281327,44.54663568342532],[150.92301749988968,44.53593405196839],[151.09723181936153,44.52965163177394],[151.1508740486982,44.51883276717468],[151.1686584430932,44.49882804509238],[151.16689288158457,44.467911915801935],[151.1458560957142,44.42511598322786],[151.20558758915502,44.40170493449827],[151.21461058548823,44.39051511944642],[151.21576729214632,44.379634574908124],[151.1863516337388,44.34187572983282],[151.20248573901898,44.31908173205052],[151.17422456082545,44.32655963260329],[151.16479161280859,44.340094071933365],[151.1899367395871,44.388790808427046],[151.12608386527018,44.40623441665953],[151.12066507852796,44.419596623851106],[151.05712061643885,44.410110637610885],[151.0373482052218,44.40651191907776],[151.03305766803382,44.384266317828775],[151.06565814127612,44.33679534039982],[151.02864189686608,44.289880035392216],[151.01716073335757,44.294529247897],[151.0412358486301,44.33178326219772],[151.0071635359164,44.386617046275695],[151.01494305909807,44.404922213047236],[150.98029224442212,44.407435698148646],[151.09030218262265,44.43369130014365],[151.12593197336082,44.458187021713144],[151.12795986534124,44.48844307705315],[151.1180711777581,44.50115892806555],[151.09147351436724,44.50776238606714],[151.00496264127386,44.50150657683842],[150.94481370557378,44.505220773837365],[150.8494827304339,44.52354314278274],[150.81907621897133,44.5625439136481],[150.83902088671323,44.625378821249235],[150.8024285419184,44.647647543025194],[150.46505787321485,44.612639562500114],[150.37078146858133,44.581826567631225],[150.30856995657302,44.569319782396036],[150.23752132186047,44.58073722311204],[150.13624495114215,44.575354471160225],[149.9272164034394,44.57961400627286],[149.81219411518293,44.550341058963305],[149.67390459873928,44.55377968879439],[149.34876105188692,44.53700009414004],[149.2708432746769,44.52563942286312],[149.01409172164176,44.520371440014095],[148.67655368384655,44.5163141085622],[148.46903167399557,44.5381273136798],[148.3719788098095,44.569026817794004],[148.42534951279728,44.67200541228768],[148.42238782588993,44.700868836018145],[148.3552535834637,44.72943284599761],[148.2704369456224,44.73633246451905],[148.21559757821774,44.75469769324805],[148.19905333614724,44.786662600446334],[148.2342672886092,44.82824546886518],[147.9465823013747,44.84181838410572],[147.76322335862437,44.87506985109832],[147.72884452474239,44.86444164129234],[147.79695433672788,44.840741718535185],[147.81778645879842,44.805833112848376],[147.81430699080713,44.78643099880807],[147.8037790525279,44.770583074208076],[147.73263118501822,44.74639549519634],[147.73646192089672,44.758053835672584],[147.7975399204215,44.781143711685175],[147.80031265672505,44.794415780290194],[147.78732885855408,44.8111576176513],[147.73547324655723,44.81414916778732],[147.69813108843158,44.856768844802545],[147.69285535940855,44.886457204172864],[147.67332066964877,44.91455199756423],[147.27890307596755,44.967979372757],[147.16997599153046,44.99014197378751],[147.06302340208305,45.026500857733055],[147.0090436017299,45.056750791582814],[147.02208319725335,45.07393329299076],[147.01053790318758,45.09261225806798],[147.01387270206044,45.108829985714465],[147.04491862577908,45.13490488534307],[146.9868257618563,45.169067883881304],[146.99022685503763,45.18861250428696],[146.89088104451986,45.230171377272185],[146.83174946351377,45.2772722676095],[146.81839888579873,45.313150833951816],[146.83326192666573,45.32445153320637],[146.82943533094496,45.34576811739465],[146.8088241637646,45.36078363323517],[146.80334964989933,45.391522928489444],[146.81294164746248,45.409136565400765],[146.84978150455999,45.417766592553136],[146.84793859472262,45.44293583505136],[146.82467716376908,45.45924401829349],[146.80676576724142,45.48940917753936],[146.84847066812182,45.530810710891615],[146.82719339899415,45.55097164203513],[146.84973580570735,45.586612350351665],[146.85103285882838,45.65160550677983],[146.90314559489127,45.683223825157974],[146.93229130371358,45.68812843775047],[146.95951395679913,45.67639447735264],[146.97377412803397,45.679639146201275],[146.95748454109435,45.71072271731069],[146.8649296495948,45.74665150116252],[146.83962570454997,45.79594924356651],[146.88261997129513,45.835761540083254],[146.91346795202128,45.87961134023506],[146.8984801309179,45.902860362551976],[146.90377552934214,45.93443668528903],[146.94187491062584,45.95200138233467],[146.8948332731225,45.960750307285885],[146.85679634508907,46.00069942801388],[146.87357664220997,46.022804656411274],[146.86271987130044,46.03260364029029],[146.89688082268256,46.09673074818872],[146.8874365621004,46.15211902057945],[146.87299024917982,46.15523453143143],[146.86041526005494,46.11731625955299],[146.83730749782893,46.10017149017816],[146.8185839293511,46.0629743893341],[146.74664476037202,45.9704533926367],[146.73861441871134,45.913004908512185],[146.75405331505016,45.8922214616353],[146.78971589929515,45.87451300665878],[146.71966218559174,45.79832846812668],[146.72035286032673,45.75064155136725],[146.68726247043628,45.70737083126211],[146.68834453674785,45.6784895371116],[146.6641466561801,45.67958193077764],[146.6497508873795,45.66336406474671],[146.64936977074996,45.64398363798306],[146.63533850968776,45.63339946135695],[146.5840804988034,45.624521259571345],[146.53682833260316,45.605286027589734],[146.48223965841413,45.56746161814109],[146.47241596942237,45.56525582937769],[146.46480823620047,45.59097954434376],[146.37566193583962,45.573019648753714],[146.31066722543704,45.568335444354695],[146.23079537444733,45.5315430388967],[146.18950349708365,45.52022551637189],[146.17082831785106,45.49477219454276],[146.13625681024655,45.48619746609835],[146.1436297002374,45.470809148310764],[146.126900795522,45.45615281519991],[146.11978181642675,45.43614173061533],[146.1479092595655,45.430822947236884],[146.18289601793535,45.43740980037387],[146.21066261577874,45.42201856802338],[146.20166403475758,45.40436224346482],[146.22292258326198,45.39495324513779],[146.21492585671888,45.38070022012727],[146.1855934229619,45.364831579390525],[146.199757626605,45.34589184181297],[146.14765633336276,45.32567006668915],[146.13094707649125,45.305511013813955],[146.13499721132226,45.298794112606906],[146.106223930873,45.301726324005905],[146.0740663424242,45.28304377783386],[146.05409994073412,45.28816563493458],[146.00174481356422,45.272445177511365],[145.99992846835062,45.196586865866756],[146.04564629139173,45.16464467797638],[146.05212275430063,45.14001062224749],[146.05235717024613,45.11926697183282],[146.02736552473024,45.098224760091696],[146.04084888885157,45.06970894430731],[146.05692569747325,45.06014006544072],[146.0485561542513,45.04362474141597],[146.08907155129205,45.009037897872894],[146.11471179942185,45.005114339420444],[146.065966670159,44.95022024936233],[146.0628840116271,44.937158137856336],[146.0828460291985,44.91943172978531],[146.07273723525336,44.908837440437516],[146.08560843183815,44.895343661633305],[146.126429098099,44.890892906170656],[146.14346572915002,44.8649222757156],[146.19862920376013,44.86711870709495],[146.23077836003765,44.87772552078978],[146.2517305375318,44.8460895598489],[146.27374405386965,44.83898941428412],[146.2650457173295,44.81373174696196],[146.28269324956597,44.79218037822136],[146.29081072204,44.760640909473864],[146.2807037032023,44.73521844596738],[146.28933917117516,44.72557613335669],[146.27793638231475,44.71128061385065],[146.2452257309937,44.70016612696827],[146.23327492210746,44.678610717466434],[146.24457956923266,44.64859782038262],[146.2760776232326,44.62006229992375],[146.33043015935064,44.636642662269225],[146.35208917724515,44.65489218901986],[146.38158574703735,44.663055822894414],[146.39830077807153,44.65356323024109],[146.46779166357337,44.663478506631265],[146.51237022010267,44.681667024685446],[146.55069531583774,44.70941630535976],[146.5931535904731,44.696903189844406],[146.62048083838454,44.70827161638652],[146.6507472138451,44.73259364532441],[146.664078540124,44.70610455143109],[146.68714630766124,44.69593020506287],[146.73760792924693,44.69439035848116],[146.81875417755677,44.7163286155902],[146.87793424673683,44.698942229624684],[146.91375080721215,44.674114951302975],[146.97826027692776,44.673065826707244],[146.99565242740834,44.65602171629053],[146.97866212309364,44.61718346899317],[146.98453707875618,44.58360593744088],[146.94896272630416,44.53389060794274],[146.93227887021544,44.48985359536778],[146.9211661530412,44.47248415451148],[146.87447053733592,44.437359653995934],[146.85926704383462,44.402200283892824],[146.83840362998924,44.38777058598888],[146.83668536455275,44.324090980696425],[146.8250852324411,44.30799522538794],[146.8236975067606,44.27934098254545],[146.83437444945838,44.26301338645787],[146.82570622248997,44.23918274616914],[146.83434911138528,44.21471582495137],[146.8004578664009,44.202135868050036],[146.7643665853313,44.175263299224895],[146.78693466915186,44.127314673419775],[146.75163260252597,44.08011759512917],[146.79115085869444,43.97305666639229],[146.7150897726817,43.89200195351917],[146.72658257735083,43.86980415278113],[146.73254424212152,43.803342495002575],[146.76249587862375,43.792671108786884],[146.76186775676643,43.78625915671912],[146.78490220666995,43.79120303606693],[146.81931997212345,43.778121713447334],[146.87308418846334,43.789795543297544],[146.92612414063197,43.78449681461336],[146.9207643955729,43.768213362314306],[146.96208880990685,43.72980543579764],[146.95012447664342,43.708493414005815],[146.97298369375312,43.683014124656744],[146.9870417824149,43.682630905016296],[146.9969831333777,43.66907540378973],[147.03841644736897,43.68430326244568],[147.07574385483943,43.653008573380006],[147.09023335066863,43.62354518373049],[147.1097120637593,43.61622883035368],[147.10676107481336,43.60531045306586],[147.12871023213404,43.59914292101905],[147.14360455501213,43.57859746671525],[147.16819021818037,43.58500045073669],[147.1889233483173,43.566436058738425],[147.2118633154824,43.56081589085861],[147.22563864292567,43.53844401099916],[147.25704083869746,43.53765798553596],[147.32493281212595,43.48268036669449],[147.32748734425257,43.4656822991474],[147.3573818366997,43.45916742877475],[147.36166856528536,43.441252855755316],[147.4541379314678,43.423998589370264],[147.4606797455823,43.40799435190691],[147.49428581069253,43.40059089117633],[147.5220110128012,43.37640075468491],[147.54146149888703,43.33605821751486],[147.55843877821832,43.33192533957788],[147.62301628002172,43.33929552054371],[147.65864011201182,43.328201356904515],[147.65262698679348,43.30544175378221],[147.67541445336533,43.29570496325826],[147.68268394099505,43.26749327844847],[147.63489257421162,43.254079079086075],[147.63997199370263,43.21106511001065],[147.65530941383082,43.18199853291471],[147.6977777526247,43.1618654685012],[147.71970735704755,43.16422690102158],[147.73651082375406,43.148038974055495],[147.76381985127296,43.16039345724609],[147.78562900273664,43.18978764880404],[147.78440092546572,43.2099323262224],[147.82069628131896,43.21551911628687],[147.82969232125902,43.23472452443745],[147.85956816185313,43.2518689190555],[147.86201520411473,43.27058236113006],[147.88775472307307,43.28476142727391],[147.90144311614185,43.27822384469569],[147.9309806052231,43.30268236848897],[147.9501851418958,43.303827047346196],[147.9524003436984,43.2959027443822],[147.92672389494197,43.270312278521786],[147.91481483020058,43.220531269496085],[147.88419317364628,43.189081355076496],[147.878639923589,43.16343890556504],[147.85809232636217,43.13997218919206],[147.8625275010504,43.12481518329603],[147.87677503652253,43.11960597361801],[147.87653470040487,43.077318689551376],[147.8888772216366,43.063003740293354],[147.8635772085764,42.99400961820083],[147.88843904319253,42.96599210701057],[147.91795055313463,42.97763078615334],[147.93622010638236,42.97293810817578],[147.9661821549429,42.99976155623136],[148.02769680105976,42.98911440416196],[148.04313526030535,42.9763018597378],[148.1668143992626,42.98977645722272],[148.2650729249615,43.0173953815143],[148.30354783013476,43.016881224745234],[148.316500528223,43.00499369080071],[148.37968929830072,43.04063361142274],[148.47041536196593,43.07838299901193],[148.59561240899754,43.10755176865486],[148.7003397040891,43.037902392110944],[148.75559739758287,43.03617692473783],[148.76010972140497,43.041529619107536],[148.79486530490448,43.027184504156686],[148.81477852267017,43.03686259493274],[148.80811890858905,43.01877860679077],[148.82591587057306,43.003029518944345],[148.81594799722535,42.98651638277185],[148.87069724164357,42.96016293963254],[148.8416151808491,42.938035136126445],[148.82559389955986,42.89101277223032],[148.79750251419426,42.870973303357516],[148.8124058919829,42.84766609281633],[148.81301023637332,42.83169661992879],[148.80023533949506,42.81490604828952],[148.81885053502188,42.8032773082309],[148.8306634255539,42.77014542728041],[148.82218433670664,42.751118289916846],[148.83719624240572,42.7301399809144],[148.831276958879,42.711940459204584],[148.88830928113384,42.49906296109078],[148.89926663860047,42.49304478385061],[148.9236035219075,42.50192725359062],[148.98780626197143,42.49617970014511],[149.0362207944532,42.52191394677441],[149.150329497333,42.51815775563473],[149.1823818054502,42.48775295433503],[149.21109533898283,42.48793834203622],[149.3055248362143,42.46353532178473],[149.34410642504236,42.46525632352903],[149.35544087537346,42.45481705151517],[149.37108539019073,42.45781699033749],[149.37613572242194,42.43820874262209],[149.3676194205058,42.419764971457326],[149.39917127837407,42.423613340038],[149.42161493970798,42.44480278872412],[149.4558621764238,42.46169331385009],[149.47500505438893,42.43692806120467],[149.50437080449632,42.442796414996195],[149.50579255854993,42.437518239343774],[149.47337145798255,42.413625373691445],[149.51223393612963,42.394304764201166],[149.49722290229957,42.3728662884608],[149.52119826887596,42.317818091348634],[149.50529624576149,42.27494366564356],[149.51661572996375,42.25591493645735],[149.50377854724584,42.237192912976624],[149.46118259216718,42.22527706189949],[149.43267259077584,42.19848021785593],[149.46268631609138,42.163186380961655],[149.46743888183647,42.14163806159374],[149.57121676339622,42.18286438266261],[149.63531323556708,42.21790855912669],[149.6657305776683,42.16888130434706],[149.68069414787666,42.17297284684758],[149.6950905844815,42.15782236123205],[149.69294516822004,42.14227608207267],[149.7088885359064,42.13151653556271],[149.75847379419724,42.13597769944309],[149.78443135413673,42.15009336319302],[149.84329286540245,42.14747123606642],[149.88846671153584,42.15905322789845],[149.9190550697246,42.152472256044106],[150.0307297920517,42.20694904437188],[150.06685257893474,42.21704953442175],[150.1218872841538,42.21313333441227],[150.1424080578961,42.224425747232694],[150.18202025245392,42.22721034832715],[150.22949658520554,42.21503175767368],[150.25065386438686,42.19483674521429],[150.29480159061913,42.18130479637715],[150.34186403384814,42.17680220126678],[150.40467244884616,42.19138027138941],[150.4223749498371,42.15160631166746],[150.43953329726133,42.146722681581906],[150.45423296562427,42.1221364514269],[150.47351383850744,42.11104048056791],[150.50139248469193,42.11085632637645],[150.4937217253755,42.071594076834835],[150.53497245058242,42.04219104516387],[150.53875833522395,42.02198738483406],[150.52564418796166,41.98680171396373],[150.48035606506403,41.96155504121734],[150.47416351614808,41.937324331197445],[150.48942602693063,41.92715667803364],[150.49205468286158,41.861255956053654],[150.54987382960036,41.8538004505077],[150.60096665135558,41.86440424184002],[150.65843496028566,41.9062901142031],[150.72627213592935,41.9041871243395],[150.75158560237503,41.88461425781194],[150.75046365251455,41.87331388785063],[150.77401816247647,41.86222746487313],[150.75571074391024,41.828158396254224],[150.7658428877886,41.80597535336834],[150.75956053764784,41.74256457921286],[150.78275799801185,41.710359447619766],[150.86441457932983,41.6998511832168],[150.8660065526255,41.66604777282791],[150.8886980854088,41.66098521166851],[150.84006595410668,41.626093713833185],[150.8458550629962,41.59958832855887],[150.88064876715345,41.575255085666164],[150.89917509133525,41.59308399488003],[150.93694266152986,41.59090623339935],[150.96948442033346,41.600420811900776],[151.0131297869355,41.567226677469016],[151.01006712407082,41.54530720003653],[150.98463121753258,41.531447544158226],[150.9334408046546,41.481614127292815],[150.9748311454075,41.41736543488129],[150.97000893806066,41.40323594154862],[150.95206331583947,41.38918800846124],[150.9565082804565,41.36594187540876],[150.91366616929827,41.296537017224644],[150.9208116056618,41.28215023180068],[150.94201940607502,41.28065883211868],[150.99487707800887,41.29463385591096],[151.05585316884094,41.322593532133595],[151.0911460351635,41.32186349058817],[151.10862938400112,41.341611392302866],[151.12705608606535,41.34544851071283],[151.126309391586,41.37010775104205],[151.14619311805063,41.37826205435452],[151.154952058775,41.36130998467362],[151.17616529045648,41.378112737889296],[151.1853039408995,41.373105988370966],[151.21709125419216,41.37920133041815],[151.2600950567248,41.34349780199917],[151.29959687689177,41.38393094209514],[151.29696468167066,41.40103564918985],[151.3173644570523,41.41289037494521],[151.31963407370569,41.42176123414144],[151.33309854812637,41.42577828505962],[151.35109194872524,41.410139840474294],[151.3692494121455,41.4200436630886],[151.35947617399174,41.44333009358989],[151.37927122955517,41.47094809698994],[151.4088193887909,41.44307028879921],[151.38923801765253,41.39543054340305],[151.39864527560957,41.368442064687876],[151.42464608511318,41.352939277445586],[151.46611712808172,41.347450368138155],[151.47403958265858,41.3576869084979],[151.48943938090227,41.35382657607521],[151.5012127122159,41.36756851002222],[151.50923023982844,41.33794873190229],[151.57105026391264,41.372622544359615],[151.59092016649083,41.37636261770477],[151.61162702028656,41.406835645069535],[151.63219248132353,41.42134226955104],[151.652259136781,41.424054867509426],[151.66202452394845,41.43681806237855],[151.68467957117247,41.43271183468541],[151.7057898895274,41.44212924746904],[151.7325475118096,41.43503853599118],[151.7497169893464,41.45183711964742],[151.78272617299282,41.46155679283295],[151.7960246261887,41.431066699554215],[151.83856663645284,41.429531997005995],[151.83003108184923,41.4076723192573],[151.8426235620572,41.368464677652355],[151.83164641119197,41.34123742095427],[151.856198696071,41.326441824619],[151.85849005320983,41.311453884650746],[151.8429125506606,41.29856007564726],[151.8396699045672,41.26972292164759],[151.81574800283397,41.25316143667369],[151.81515691533087,41.23807315881383],[151.8290778661198,41.23105817390827],[151.86729384388087,41.24754069896149],[151.90071810400445,41.24760969848296],[151.90460733208704,41.23596763023096],[151.92677526666952,41.24766674955737],[151.92502309583818,41.23858054597534],[151.94045520127187,41.23169495636965],[151.96299446948632,41.22980803359494],[151.9760809697509,41.24394142448876],[151.9817003517743,41.23421856638189],[152.00479713765617,41.241004970250394],[152.018527481396,41.23291427014824],[152.01320114134126,41.203948814485614],[152.02467089290678,41.19135777163052],[151.9797111294875,41.142111234777104],[151.9661241929685,41.13671202676871],[151.96116990819473,41.11248711474299],[151.98991580632486,41.09431956301515],[151.9817523316384,41.05658618221368],[152.01677060069338,41.000246495241655],[152.0611193671764,41.01778621007969],[152.08034599395495,41.002236231218745],[152.1218986714175,40.99557135831372],[152.13114349476288,40.91443894214258],[152.20424367236478,40.924614686182665],[152.20361207790964,40.867641571321045],[152.25409422703333,40.85141151255651],[152.2546162350826,40.825529576866515],[152.34737735938222,40.82218666678321],[152.38746062021562,40.83766316768882],[152.43778938364068,40.81674071519869],[152.49063644646395,40.83531706647422],[152.5227231157594,40.815874620797125],[152.55724804060569,40.83171484036468],[152.57667457088075,40.82508012489023],[152.59544023107208,40.8356223462131],[152.59517669489924,40.80074893745404],[152.63163574767128,40.77932233654481],[152.68332494583473,40.800261648245574],[152.73065144247934,40.806823380298454],[152.73471134940786,40.77744201768882],[152.7495479664152,40.78139598043542],[152.76848369772614,40.765790999746656],[152.80143835191598,40.805174621377724],[152.83780035856807,40.806404272024],[152.86526071396324,40.828161497196156],[152.91194410172292,40.824082340508426],[152.96024213418232,40.90631166461478],[153.0058444297415,40.90110111910389],[153.02706383987987,40.920049713508135],[153.0714064926818,40.90805973442275],[153.13530023594348,40.96120094888957],[153.18978915491078,41.02964601453091],[153.18294626079756,41.05102464278288],[153.2153300276586,41.09358238871473],[153.2071233291751,41.13269882687842],[153.2189193790517,41.168805892046365],[153.19903303793546,41.187731537326755],[153.20969874755008,41.21953785860579],[153.22393205979753,41.22937070535613],[153.2390031692712,41.22621823749259],[153.25447699605357,41.2343990323122],[153.27276289711074,41.224574240235974],[153.30504794892613,41.231993831478384],[153.33475523231698,41.225673891531926],[153.32914002952174,41.197262575987295],[153.30155846365992,41.15584612051293],[153.30291371648826,41.134181780495716],[153.3325548259422,41.13576356971329],[153.3188347495041,41.07746986916071],[153.33132775647948,41.07432185402984],[153.33200056863998,41.061024842914705],[153.35005545441157,41.07194450386565],[153.360181241442,41.05112792245835],[153.38007657300705,41.05124111065001],[153.3943522284231,41.02742213646509],[153.43392256133916,41.063555958052476],[153.44826536251696,41.04772280270845],[153.4700270125166,41.052019877306776],[153.50364939848737,41.08361591255225],[153.52085273983647,41.08648749755676],[153.54469216703154,41.10697394187013],[153.55152282517702,41.097440369737484],[153.57800811117878,41.10558469501837],[153.61645865532157,41.13647429741066],[153.6205734307385,41.15825865269779],[153.6360209062278,41.17673222113106],[153.6602127970728,41.18789787081606],[153.66801610696572,41.20928522576757],[153.70182088648085,41.24114709089065],[153.71704199783633,41.270214848217876],[153.75326108953558,41.279807544585154],[153.76623903348113,41.29494279516473],[153.7835493474782,41.28784720812056],[153.79833819259466,41.29737517576946],[153.838414706153,41.30025804635064],[153.87300428561582,41.28450298068398],[153.93257775641266,41.298709252852845],[153.94181599490804,41.27320971600135],[153.9514089316701,41.273090564083276],[153.98868663064798,41.31544707872599],[154.0190686423793,41.327829239994784],[154.02577864686003,41.34373678378082],[154.02165474880462,41.37910631242425],[154.0101927725085,41.38462270766111],[154.0165782973353,41.40146602368664],[154.0276876557948,41.41756353794288],[154.04845708974597,41.429465183424625],[154.06123467954342,41.45904893632427],[154.08872709147806,41.476516338715726],[154.1097859759584,41.48181687744412],[154.12787448584714,41.474629610411085],[154.1455862476991,41.45158482859644],[154.14667619782864,41.369562256023166],[154.208628002383,41.33964629438772],[154.23127008457624,41.35257011323025],[154.24229915274827,41.31440407299861],[154.25346849201742,41.315477541515676],[154.30394816590456,41.36855862339188],[154.31687758088154,41.41182244258424],[154.34510969593805,41.44851840885176],[154.32765394359186,41.49462170804148],[154.32555385397322,41.529475520743674],[154.3079289793783,41.54453153012231],[154.33844614592374,41.57605811993521],[154.3616031968551,41.613645344920066],[154.38131190581396,41.618381709842396],[154.40135894946303,41.59173713198071],[154.4361995605384,41.631305051144565],[154.45659632161497,41.642031353327525],[154.51965529379444,41.631891150389286],[154.60645071448096,41.667231233687176],[154.63859485269384,41.64769400531341],[154.67346755549045,41.64993912772536],[154.67165902331368,41.66213686081632],[154.69448823045167,41.688517983263715],[154.71203746914318,41.735195919800404],[154.75858275570192,41.735324430119306],[154.81786354964171,41.79619195339254],[154.89425020278657,41.83323085817478],[154.9304818934781,41.8831247943635],[154.9564360020411,41.98111770677964],[155.0253144755795,42.02823972085982],[155.05449573095015,42.059157960662354],[155.06969770509903,42.08920553953636],[155.08453501950206,42.09832925535795],[155.14983464359085,42.11829152190913],[155.19429517266818,42.11998115939359],[155.22633037282978,42.10652621069816],[155.2560646715781,42.10610412500844],[155.403131142854,42.1241697814153],[155.43286589130213,42.14073531270827],[155.4724942953568,42.148006228158096],[155.5128714373154,42.13970776089433],[155.58187902943035,42.156682942021725],[155.63825023695404,42.14975597356104],[155.6688071649587,42.18259498852469],[155.71688065440662,42.178371716786735],[155.77759615831076,42.194585108682375],[155.82956735466627,42.198929889499695],[155.90571298803653,42.225508228311554],[155.9546489072001,42.23324478710005],[156.0187656436584,42.26051716293176],[156.0498035888687,42.28739957578043],[156.17672150627448,42.32986144879304],[156.2481343479707,42.32069118400174],[156.29932446189008,42.344251505698026],[156.33689332422173,42.349044263771304],[156.3553755500706,42.33055676983347],[156.396058019473,42.356492653340375],[156.41858794758963,42.35556720772817],[156.46184948794092,42.368867611737194],[156.5591755274702,42.37197267243495],[156.64984507531963,42.39990012468209],[156.75841626024803,42.44945568832959],[156.7968919716511,42.44390866338598],[156.8366987490031,42.461489195662466],[156.86330446757535,42.45941562468802],[156.91825477735242,42.47199461323789],[156.97845725953744,42.512668638778806],[157.02162118288163,42.53118083333644],[157.04199344286843,42.55089988196133],[157.06453887664873,42.558864980659116],[157.08252951043283,42.59737033652894],[157.10575646868114,42.607548863731495],[157.13126779654027,42.64063716707339],[157.13075516811892,42.61575258771068],[157.2304092504568,42.57003010390006],[157.2624449635596,42.49825517169687],[157.34390988788635,42.53389622062855],[157.3781765545379,42.53347339434772],[157.45061557303802,42.47566723891971],[157.5031178588348,42.476979172134826],[157.5644992309331,42.4374388915475],[157.6093119886368,42.43587238963376],[157.6181623356108,42.428131226229326],[157.72342968755112,42.43599570047249],[157.76887668914787,42.42100520758697],[157.79606814729078,42.39538718650677],[157.84246602227677,42.40562467752913],[157.9509985791086,42.342780755834966],[157.97398794361945,42.30596087019068],[158.0285950920377,42.308667760955686],[158.05543414418042,42.31957173660657],[158.0859374351095,42.29156573932885],[158.20831538155963,42.31626084248915],[158.25524592567623,42.33785772898372],[158.3245681972351,42.35725068207466],[158.39714425260067,42.4176076184715],[158.45910702201522,42.50195565617429],[158.5952689817043,42.51893196682487],[158.60923898677729,42.489818040402966],[158.63817422120744,42.47901552353797],[158.65117293557847,42.46198984388832],[158.66667540362195,42.461481891871365],[158.67184258639458,42.411086839800205],[158.69289746586435,42.38627370149772],[158.68704078666389,42.2629153827201],[158.67200508521012,42.19757631450357],[158.68042698095294,42.10433067963333],[158.725516338055,42.09910974006429],[158.76188428965656,42.07313014131973],[158.78435633230688,42.08112791013016],[158.83725960978109,42.13513967358628],[158.85302152458266,42.22572801162063],[158.83982236073675,42.23450430129167],[158.84302293347832,42.25591109699049],[158.8795845389173,42.27785426757568],[158.9170203387636,42.311494438873275],[158.95116377809407,42.309120323589],[158.9506364330918,42.291342917540085],[158.97557424531982,42.26375616907154],[158.9931289835923,42.26535926816349],[159.05580562995175,42.33625835256926],[159.069706899338,42.37448466197236],[159.09042970786584,42.399529937044285],[159.09908945305062,42.448445241284226],[159.1362291911404,42.48510512586317],[159.25622392227683,42.54411860376714],[159.26240502096317,42.560767018758064],[159.30561488197998,42.597154091941576],[159.3240426229416,42.59406570816823],[159.34951515103327,42.608327255710634],[159.3697100003096,42.603565024269905],[159.39249829341074,42.6152211998508],[159.3988051345039,42.63573807337507],[159.3922059686825,42.65433871430838],[159.40015869876754,42.66828224451199],[159.47182220615255,42.69778480452846],[159.50930468790312,42.72401931311139],[159.52093071432824,42.74077455729387],[159.5450341065012,42.74758413323413],[159.56589567360479,42.76779784580674],[159.67046638829913,42.69507410530169],[159.6947205886626,42.71574178552572],[159.72430934686602,42.71190974403533],[159.74166865108515,42.698370488947326],[159.77414657745453,42.71998154608115],[159.7990097064872,42.72156629918029],[159.79813693258973,42.69783335193289],[159.76190952108533,42.65879502390358],[159.7741626234133,42.62704203133455],[159.7895572697624,42.61641487452241],[159.80680149115085,42.61437267447404],[159.8543771994287,42.63272695910039],[159.8800347331147,42.63473576273892],[159.91973956409447,42.66143593647316],[159.92971644170677,42.65301322136308],[159.95006409781067,42.66211704823436],[159.96231362089188,42.65877782807801],[160.00768481015635,42.715071826768416],[160.05312150510258,42.74823648557853],[160.08951741841653,42.73294281820098],[160.08208581872105,42.663255820287766],[160.098975062807,42.63372437352908],[160.17505875641865,42.61918556950949],[160.2163194891803,42.65948270278433],[160.23154358527592,42.66318694004472],[160.25296991172382,42.64062425490647],[160.2912139847456,42.64991620898678],[160.30201808867963,42.58486816585629],[160.33090914980352,42.60372204014532],[160.35469124597853,42.60512327437614],[160.40258357648312,42.66301710621141],[160.42492765093502,42.6664215876811],[160.44898270254498,42.69424235770609],[160.53317083112427,42.73058369154907],[160.5406914753641,42.75604322287314],[160.55522971429576,42.756555172171986],[160.5548807533591,42.768388400882486],[160.574122461874,42.78367842912658],[160.6020599639746,42.78172238179049],[160.61134184830743,42.804041011364646],[160.62887523965694,42.81602604073105],[160.6307361516335,42.8379454717318],[160.60403398768486,42.834376392588105],[160.60132800052475,42.84101432895177],[160.62588062039734,42.868324712282124],[160.64130843464838,42.87178051723794],[160.67253447267973,42.902762928027],[160.67081183080364,42.93404530365345],[160.6616283763239,42.9468539262407],[160.667122950929,42.976451995807956],[160.68258689014507,42.9912745299312],[160.6783347530482,43.00649854918108],[160.70542015073593,43.009595045422664],[160.70451256395876,43.027818198540736],[160.73195066835757,43.03586200286221],[160.73239280167448,43.05244266185006],[160.7563480635203,43.08484382766493],[160.7518249118584,43.121203758081855],[160.78134623578464,43.13209067109196],[160.789600150892,43.14189140229937],[160.8130147531203,43.14272924822778],[160.82322517783612,43.162585260505885],[160.83697032520877,43.171777230836916],[160.8797970438793,43.16185514352555],[160.8977552292777,43.17466323721395],[160.9119297693409,43.16790295500531],[160.91295532628436,43.19048898533134],[160.93683112983197,43.220302456232226],[160.9244754894856,43.237615691833604],[160.9484688838503,43.251177893074356],[160.95401552954894,43.27097081433241],[160.98827405684173,43.27780294364761],[160.99554309243612,43.269666261232814],[161.02193482339285,43.289719298191415],[161.04198471908992,43.28187794266605],[161.05248175789475,43.323199939317405],[161.09659746967023,43.37850389326305],[161.106980434185,43.44950578853109],[161.1198750025156,43.46375707684264],[161.13993808521326,43.46830950482736],[161.20794279145042,43.46040701066913],[161.2852360751954,43.51812007306448],[161.3196439731143,43.5220866090392],[161.3404595253129,43.513283193799516],[161.37621701374448,43.52441284483317],[161.39974755091356,43.52175877204538],[161.4706385050464,43.54875727264873],[161.56202929143208,43.56372465986277],[161.64684933142712,43.59366370202036],[161.66531623660723,43.60943394196448],[161.72468813707542,43.628578159976634],[161.76977275729013,43.65415855172313],[161.81765835319453,43.63570394607645],[161.85760808661672,43.6391644140148],[161.87797452399025,43.6609097892725],[161.9553034828671,43.70635710381123],[162.02779989201366,43.725167995526064],[162.11706529343172,43.78883413389852],[162.13451538910343,43.78689344134301],[162.1985497432072,43.81860761847591],[162.23179299782186,43.82303893043649],[162.26514386354023,43.8508590912776],[162.3055356907587,43.84326883107545],[162.35050779873,43.881305094908896],[162.42328640699287,43.89396700743771],[162.5120090132001,43.94265608679116],[162.58685955213372,43.95636403308378],[162.64731902048527,44.004611068154674],[162.67418885550205,44.04058080106491],[162.70727864804556,44.05204155025445],[162.72558186864825,44.03263955270549],[162.74523640042125,44.11990249525155],[162.7468495384766,44.14708498567762],[162.7361037535924,44.1631459861992],[162.7891696622888,44.242189527270185],[162.77649027455817,44.26273789004736],[162.75092938968646,44.254622848250364],[162.74923066824488,44.29864715410682],[162.72386103908545,44.303413259013794],[162.72314446021417,44.31600582425912],[162.73150925557428,44.33179012359424],[162.751941696092,44.33431693144713],[162.8274275948416,44.40088880406863],[162.84778980049026,44.42536941849331],[162.85458440282832,44.44690884363507],[162.9119739466937,44.50498664978308],[162.90880247597622,44.547793541033556],[162.9172448500785,44.56574173974178],[162.96893259440083,44.602921694773094],[162.95664746089813,44.62161359216652],[162.97201548704132,44.649392313636994],[162.94802209693972,44.708329843125966],[162.97193468018628,44.72707239812074],[162.9627078366113,44.746117371459135],[162.97060997772235,44.777021587288445],[162.95993084699754,44.79088348027628],[162.99120257793297,44.821270479633945],[163.03807659161419,44.84181168967315],[163.08676895818536,44.8948394338504],[163.0815763248376,44.97592567553474],[163.10228412454717,45.02005576005562],[163.10407298369995,45.0491747513811],[163.12723626211263,45.092610808230006],[163.17614051340814,45.122871499394435],[163.22167817799848,45.22229184792929],[163.27756961231688,45.25132137855437],[163.3138099905505,45.27829869395377],[163.39947072385286,45.32083428942822],[163.55038332759756,45.461874958120255],[163.5419707430604,45.501378401518224],[163.57052891511233,45.510421116149786],[163.62592660062046,45.54482756972235],[163.65183533470082,45.58423951808737],[163.64512521224708,45.59571974124911],[163.65921928814885,45.62149271794796],[163.7125545340395,45.66263653036618],[163.7497935502572,45.70880500984168],[163.79197976457772,45.79213753568147],[163.7769788401697,45.79201403751232],[163.72191565337886,45.75410887358449],[163.67711121459638,45.801774863255844],[163.63155563447765,45.77117373446926],[163.6006070763213,45.772057672746],[163.60077410596463,45.79498602307524],[163.60825438779142,45.809852251715],[163.67632317733748,45.866954438418034],[163.70617083289903,45.949167406370805],[163.76434151415754,45.99723486832717],[163.79685706171955,46.036399232503875],[163.85978145524444,46.067090530098874],[163.8867638643053,46.072533512609766],[163.91891643845173,46.103230225631854],[163.94824098547457,46.12001164007924],[163.98716715019407,46.13259357791882],[164.01009264844578,46.12852606746172],[164.0500049262182,46.151698158570454],[164.08707070934202,46.153606578161174],[164.1175621000163,46.17380156667899],[164.1664282915426,46.18649588962358],[164.22922444788998,46.22315961186489],[164.2626660244632,46.24862806952928],[164.33646980084637,46.261662444041825],[164.3870730152073,46.29205576682914],[164.43798828354062,46.31230716292334],[164.51452662618868,46.37360330686407],[164.54959030462504,46.39224800039641],[164.59136400054365,46.40455999052019],[164.6345467338601,46.44125819762499],[164.6672248367457,46.45233208376339],[164.74286602993033,46.501402537608115],[164.7784179281035,46.548854106192046],[164.79809320317065,46.54666403655456],[164.8623581914763,46.568701444415495],[164.9369540085894,46.57011152799929],[164.98733261180465,46.59206792673625],[165.0281695942993,46.58058593167756],[165.06118615234107,46.6020731726843],[165.12212626547637,46.61986564764441],[165.1918680011331,46.664738641122085],[165.2395320505056,46.686114265365674],[165.32919241951103,46.69588626313097],[165.4354300818514,46.78282690864634],[165.46375543244883,46.78202000925167],[165.48370456450252,46.762979435549006],[165.6273557377261,46.83016275714831],[165.7171886487087,46.84167934519346],[165.76992531701856,46.87047686977465],[165.83956008040295,46.92412613164718],[165.84788158404095,46.93593519435956],[165.85111255470446,46.96236168728792],[165.8688917365843,46.98637973126644],[165.89792818189193,47.01423839963206],[165.95841499946403,47.06202168419785],[165.99513255113567,47.07477063728355],[166.03701855034885,47.125672436555085],[166.06201267457777,47.13504311396738],[166.07717562463728,47.158272648470096],[166.10040018972623,47.15832330600823],[166.14049757641456,47.21080667237803],[166.15681256352434,47.21544363103759],[166.1680050127423,47.208507680346344],[166.20999643417937,47.2384427833296],[166.23528488958505,47.22115815675167],[166.2732008014077,47.21545984063334],[166.31866256835892,47.24467231507553],[166.35631633928352,47.23061903393117],[166.39626105033102,47.2297902686274],[166.454551639679,47.24610653710933],[166.46352221097777,47.23372156228305],[166.51474312978627,47.250507649847364],[166.56108822654102,47.24881591684735],[166.66040438663802,47.268595931234714],[166.7804079486649,47.2517182994063],[166.832601137082,47.263373726459534],[166.87666628565523,47.29710914197004],[166.88849399664943,47.29411236229902],[166.93119236158452,47.30661088359324],[166.9396033607408,47.29780415681514],[166.93953219157837,47.2586838689046],[166.97680677888908,47.22439486680066],[166.99844039727805,47.24241522824946],[167.05482408469078,47.23709891213989],[167.09640544943028,47.25161410503889],[167.14135780832402,47.28129239794531],[167.23739509583308,47.3031648471836],[167.2628733188448,47.323170024124266],[167.30894918553275,47.32504389432991],[167.3485941040767,47.29718857760465],[167.3591922239029,47.271704099725625],[167.43531314733602,47.293563726200944],[167.47402185053784,47.31803329042724],[167.48434272714132,47.30926111011086],[167.51396869701796,47.31968765482573],[167.52765238204776,47.31305900810658],[167.54046895929244,47.287450289955935],[167.57912040609514,47.29193436053518],[167.61317050641094,47.27272468871265],[167.62162296025963,47.2453188088004],[167.6074565317937,47.2020854621156],[167.61368876362363,47.19834056367914],[167.67475775902008,47.1976614956205],[167.6826375837685,47.18244633052359],[167.72755191267288,47.19036642439617],[167.7455519838299,47.18525339721294],[167.76021955664743,47.20652235879121],[167.78840365708916,47.2273579297545],[167.8154989738138,47.20885310869309],[167.8220104547231,47.18104463979331],[167.8345333174995,47.17775253873943],[167.85592091423308,47.18796332996648],[167.87374649081218,47.184041222689345],[167.88451570061122,47.24050476257904],[167.91256441716374,47.25258935301312],[167.91349516002413,47.28205019828377],[167.93880556710494,47.3015066285883],[167.97795373278024,47.30656132760485],[168.0066181628281,47.32087671226977],[168.02111814098555,47.35779094129987],[168.07100348180234,47.38814394621681],[168.10798812131608,47.45426690259844],[168.14976628482367,47.480354878961265],[168.17828083585061,47.470219914641866],[168.21087970207003,47.488337867258004],[168.22977270596297,47.481635917971104],[168.2456251218541,47.44977399987291],[168.30072383871982,47.44172752393514],[168.31153951042546,47.42776123022279],[168.31476169194883,47.38658817481179],[168.366967943346,47.34739245080351],[168.41428831441127,47.3409123429882],[168.42449195781293,47.364043886714086],[168.45069361776146,47.34846000034357],[168.47430604553915,47.383458812807966],[168.49931887793653,47.38789996324774],[168.50412043927628,47.38426222072578],[168.4984883575622,47.360290128995594],[168.52020537484418,47.34623356488434],[168.5416322837804,47.34615995613278],[168.57568618339548,47.31390321886502],[168.62636164730085,47.320515769447915],[168.67707544582126,47.4102118446813],[168.7173573424771,47.407443058480645],[168.7451539094289,47.41601124749193],[168.74702229814602,47.40504596236278],[168.7314222230309,47.37597633931239],[168.74057229590557,47.34016691794113],[168.77295747310856,47.345010581940166],[168.8046996156219,47.34102459380119],[168.8197641089342,47.32951575790393],[168.8430994414237,47.3335118216099],[168.85809041759603,47.31518178125914],[168.87773683618394,47.31974785327735],[168.8950020106264,47.29861817685974],[168.94051470792647,47.28240664693211],[168.95724229034872,47.26159784101205],[168.98933791411093,47.26878810659669],[169.0107277418589,47.23514708883044],[168.99628349825292,47.215120226357634],[168.99039436856475,47.19074648673721],[168.9928157183517,47.172029297939545],[169.0111454779698,47.15572448626572],[169.00700975773347,47.088227530571785],[168.97810305346536,47.09414197907826],[168.95819260295292,47.08860299499093],[168.9463132870179,47.072232083079705],[168.85714064958051,47.00579239931113],[168.85605988630945,46.97533867759837],[168.84363158004788,46.93570717155772],[168.8547070569267,46.91936103360742],[168.85138039663195,46.91062634063233],[168.8033244670556,46.902555000197836],[168.78765222978427,46.88797962724092],[168.74891672956898,46.87249230852756],[168.7692307088685,46.82063795277152],[168.77177593126714,46.76706574224698],[168.76142993220577,46.75364020912375],[168.73121112373053,46.734822995616604],[168.69323003264444,46.740221321336705],[168.66830275892394,46.71200018821332],[168.59233643506593,46.69015274529001],[168.56253152358235,46.6656133220444],[168.44655628413685,46.636469056875306],[168.41584269311412,46.621703891881374],[168.40993104109396,46.59248342050007],[168.3895754743811,46.56258441551625],[168.3507131145046,46.54384947896144],[168.34331218610703,46.462310318523116],[168.30512936829737,46.376042910267806],[168.35417849579045,46.35809136382243],[168.38747752432224,46.36660015123387],[168.40028396979062,46.35987866790776],[168.4596063250899,46.36211940329236],[168.50237543174927,46.337717093440745],[168.52862730307427,46.33847215780637],[168.56108599877334,46.350313514950166],[168.5933196075517,46.376084803963444],[168.6421480482068,46.39212435891532],[168.69221968830865,46.44493014725673],[168.75643115723915,46.424798403614794],[168.79813892929107,46.43787065992842],[168.867061197355,46.48551789197289],[168.91173665883616,46.46532629253391],[168.93104230587912,46.4666916026504],[168.95008486105246,46.49630739197369],[168.96351611476626,46.50435324489257],[168.98215406244384,46.54704959307818],[169.05096169425812,46.566644057490464],[169.063573740836,46.50608083399761],[169.10427886503783,46.48604994515991],[169.11525487304098,46.457537976144756],[169.09764652860972,46.412100896804],[169.10738245394776,46.37703371923405],[169.13826531797162,46.365336369614845],[169.1231434242137,46.29576849260694],[169.1452330186999,46.24535678784549],[169.17354689126714,46.22399892060909],[169.22613206108355,46.234008318375295],[169.2851057613836,46.19585718261433],[169.32696805649655,46.15280385815013],[169.35901608282114,46.14776569437028],[169.37682186713093,46.1664306451859],[169.40328006799214,46.17088726904385],[169.44245202183626,46.15309224176415],[169.50228373007212,46.17152848656262],[169.53285160487513,46.16098947414022],[169.5654587715647,46.21350473759048],[169.62193374262654,46.243801485542804],[169.66478838329482,46.22607262540289],[169.68736806683089,46.16612637166767],[169.7047060906101,46.14180516956302],[169.73159999480092,46.14670026397661],[169.74626271768227,46.20670573121253],[169.75673405531094,46.19890337211611],[169.7849238731221,46.13754112558113],[169.80731576495407,46.143327486687966],[169.86471807570112,46.09905632302029],[169.87944610599504,46.075402690557986],[169.8956995751647,46.107403009069934],[169.92114275223207,46.124579891900964],[169.9462448945009,46.05533003923665],[169.95903986623907,46.0377895459887],[169.98128012342917,46.029451399372064],[170.0006629840426,45.99547819161212],[170.01258480835367,45.98561557793408],[170.0307847824665,45.9896812188677],[170.05604178159712,45.92284260923534],[170.07136586790784,45.89634656534271],[170.08897180610768,45.828202971398206],[170.10870250670277,45.78380382666721],[170.12516331393516,45.70329392188763],[170.17209076815848,45.67271038539719],[170.20985496883455,45.669385450614186],[170.24341068075552,45.5963228597279],[170.26872257567675,45.558816738310085],[170.28324046993833,45.50483575761109],[170.3232933605139,45.43501116080492],[170.3379867663665,45.392825746443584],[170.3851839998187,45.38954298358664],[170.41625339174828,45.420686568057995],[170.40860061125235,45.48718147215423],[170.41361607615835,45.5609678512155],[170.4108892834036,45.5900253012575],[170.4397961951238,45.60845512405176],[170.4465317936596,45.641327535753],[170.4579267462925,45.63737809779608],[170.46531884338967,45.742961246933916],[170.4784758521959,45.725740331184156],[170.48592544155107,45.74159481551892],[170.5073315644607,45.724115004687626],[170.52731051908307,45.78579676901218],[170.5445631697102,45.811972874650166],[170.57081139260697,45.808678067637814],[170.58914856491262,45.79172369435708],[170.63245738200683,45.70890727807427],[170.6487834983643,45.72641785199531],[170.67460418688995,45.6953655010265],[170.68155213786,45.718892237776274],[170.68986331154986,45.721036962131954],[170.7090288128613,45.62636363910482],[170.72499127901133,45.58973518330965],[170.75647969361938,45.54866469835947],[170.76126924985184,45.509301778043145],[170.77424044825884,45.476070879131896],[170.78609810372893,45.46027045458],[170.79644111721421,45.40870105992233],[170.82190608096866,45.321614458706264],[170.86380788928523,45.292053672799355],[170.88774412882637,45.26005991671299],[170.9153244744701,45.25203866918355],[170.9435587887653,45.15351545042913],[170.9380605134879,45.09409610514611],[170.94402828594258,45.044368874510866],[170.9590194264523,45.03466469096249],[170.9841586354981,44.9706111701429],[170.99763877424516,44.9584984624015],[171.02183199593225,45.0064704733829],[171.0472669825827,45.02064058859358],[171.0707227556193,44.974993414302645],[171.08485520619172,44.977645321104646],[171.08620002338208,44.993605182478944],[171.07028030955757,45.033242961821415],[171.064261282396,45.08401047604035],[171.0665025772151,45.12100822765605],[171.0817165476508,45.12931185401154],[171.09184282753841,45.221353687253085],[171.08602682437964,45.27937021039985],[171.08422304226383,45.373391775690614],[171.07456474876903,45.44020894296365],[171.1072970013801,45.43816830583758],[171.11181625372862,45.49124688510156],[171.1414170959306,45.51182347938374],[171.13929645232992,45.54886256852748],[171.14823483606605,45.55053670129523],[171.16192556944344,45.58540558672023],[171.17883780338283,45.57958207538933],[171.18261050840812,45.626438829897964],[171.1786724894014,45.65852978314629],[171.2020609548218,45.71533533725342],[171.21508506172998,45.77160093010517],[171.25445460793568,45.85985413260691],[171.25768043196064,45.939589816448944],[171.24696559270058,46.04885650869407],[171.23381891577452,46.10675171979333],[171.23317175462714,46.16054074619844],[171.2164078566089,46.2246972612287],[171.20092634229434,46.311475441326905],[171.18770178132772,46.35983712980688],[171.17284737320546,46.36522692796792],[171.16316640986776,46.388737288915365],[171.12633114133249,46.44539463174891],[171.13311930521735,46.48315026373802],[171.1300718569219,46.51365737697504],[171.14219937388117,46.54437391532582],[171.1428005053911,46.58791748165778],[171.16774029372033,46.603911526514956],[171.17684459558268,46.62564970020328],[171.16704815612272,46.65815530405915],[171.1638328844722,46.69122339999305],[171.18660072733837,46.70188252155613],[171.20584588273942,46.69552565617017],[171.2224333157707,46.721257276226126],[171.2254431548892,46.74332844088607],[171.21968472348152,46.790431543865495],[171.22227556306564,46.84352864880626],[171.24617137799225,46.893656855016474],[171.24624728623994,46.968650344346145],[171.25216473500163,46.9772932402749],[171.2684865193905,46.95223446542673],[171.29093189397338,46.95278540604531],[171.29492322660084,46.99950708055259],[171.3090794460067,47.01885425720779],[171.28927212542965,47.13876416536127],[171.28515813629107,47.209546849995796],[171.29833989064122,47.26280388901961],[171.31870432388268,47.28167259126066],[171.3313175297681,47.272581141316266],[171.3299548819405,47.31548702593639],[171.3394935153382,47.33995324244836],[171.36146560869747,47.342176295330475],[171.4025419322623,47.314096627632765],[171.42038647087256,47.37108688159903],[171.4399621074583,47.367403669552075],[171.4596552171457,47.41116359434137],[171.47231933758889,47.39984991038355],[171.50897507445538,47.42264920225497],[171.51426501742034,47.46990869196068],[171.52737729783155,47.47145706423785],[171.56559839154824,47.55115261279414],[171.58654837034743,47.53865793174854],[171.58842077495734,47.55083161511334],[171.59781143594205,47.54984726943863],[171.6075646683486,47.57763857567318],[171.62457593475153,47.552656313178986],[171.64078068110524,47.50427306300007],[171.66507683011736,47.52026832345339],[171.67062202517505,47.54178934455645],[171.6696765363165,47.5766271465349],[171.70229042653872,47.58891836486898],[171.70536706234765,47.60259288480664],[171.71683017371433,47.61031255995375],[171.73628697850216,47.59190189990911],[171.75858953935116,47.5277663820965],[171.77387389709654,47.51220833004914],[171.79347314112755,47.447485591495976],[171.80066132329307,47.45614757864942],[171.8224385699637,47.43987188208459],[171.85080718185918,47.41195959112749],[171.88087688580998,47.36021727552501],[171.89792084744835,47.35716354776689],[171.91824077862498,47.315130125269725],[171.94037507614223,47.30353537895342],[171.95147054224276,47.261692301046324],[171.97279766015888,47.20747519636592],[171.98610195468336,47.216896426359504],[171.9991024297574,47.28015359091606],[171.9834979986956,47.3467491143313],[171.98630319658162,47.4387021294949],[171.98218508347438,47.47833083836434],[171.98928133441126,47.48367800934139],[171.97496692086008,47.5369317342635],[171.97186184204827,47.57262627830768],[171.98070838303892,47.57096075574139],[171.99093136897926,47.612175338235296],[171.99908872537227,47.598103820847996],[172.0020391158851,47.60862063022869],[172.04883388199727,47.617080364324735],[172.05782149591934,47.63525020724699],[172.0683072413724,47.637531244255584],[172.0965793036821,47.69076825695696],[172.1075197328027,47.697031778830336],[172.1095657623507,47.716828812478774],[172.1051789907471,47.78354431202567],[172.10988783707256,47.80893383161282],[172.15722839536267,47.880205167192074],[172.1556211842472,47.90745499587338],[172.164360828004,47.926548665814515],[172.2029096539947,47.97947658952355],[172.2275565689975,47.9806528178047],[172.22952218140867,48.015868503734836],[172.25716280175072,48.03930146329787],[172.26066220119918,48.109784824342455],[172.25193967383234,48.17989443799079],[172.23991020908585,48.20487661917627],[172.2394088700887,48.21536264642903],[172.26804783328828,48.25228146172975],[172.2787932863713,48.25163896927185],[172.28782866414673,48.271700729525236],[172.30252834721946,48.252942379246484],[172.31704192534352,48.20184565429402],[172.33895682821452,48.19054847451182],[172.35626995163625,48.156895191512945],[172.40614207462988,48.11311888522002],[172.44219638068896,48.06261428390704],[172.46719533007024,48.05612332042713],[172.50316360592547,47.994107217129226],[172.52208344177905,47.98496643075822],[172.54169586351858,48.000414568940855],[172.55169961859644,48.03555688146565],[172.56115298217537,48.00973501695182],[172.57701242113143,47.99256133699746],[172.61101245084768,47.90828328543691],[172.68634144372277,47.774311809675815],[172.7407538003508,47.708817329291975],[172.83398879498066,47.67355370461651],[172.85339749289432,47.65487409731655],[172.87446822242805,47.60081516802528],[172.88312364887668,47.61001096819132],[172.88510050282625,47.654116870895706],[172.87787731999583,47.72574320653078],[172.90882446747406,47.73947660244076],[172.92026289874883,47.760778803433425],[172.88145991191863,48.01134769827332],[172.88271933791975,48.04115210691076],[172.9124952323821,48.101510647955976],[172.92084783267478,48.19462910030898],[172.91139308338822,48.3021995087555],[172.90255523144936,48.344625252159325],[172.88561668244978,48.369912631788864],[172.87793654257706,48.39748601090551],[172.8619654394651,48.41240388731242],[172.86319617419758,48.561065354403596],[172.885819403747,48.58363155471896],[172.86560953631738,48.63221728170399],[172.8592919411785,48.70516238184872],[172.90418306163946,48.72746704487973],[172.95432513054996,48.78615332609472],[172.99316347352442,48.78650612020131],[173.17150145134383,49.00535176824539],[173.23085926328253,49.15993990321704],[173.27615088551505,49.22539437622264],[173.28094559232431,49.321994501734444],[173.25205843905923,49.472880435361986],[173.25643880943085,49.5018094692929],[173.28120209953443,49.5494761326421],[173.2703706920961,49.59781601798544],[173.27294717975946,49.61700453181078],[173.2137713981508,49.74045883618412],[173.21606918764618,49.7671508546251],[173.23101903436128,49.79068962220316],[173.19934188310063,49.83124948873766],[173.2207431241398,49.83908239839848],[173.25204988591545,49.86699396688873],[173.26712280720466,49.94320062333293],[173.24456237805768,49.99356505485912],[173.24244240467013,50.036758263741504],[173.21065784472614,50.028420841668265],[173.18344325428302,50.06478666517747],[173.1650572810492,50.06930079561856],[173.18203371164145,50.080340978710645],[173.20660631976062,50.077542005500426],[173.22418425011068,50.09033235913754],[173.2374731112581,50.12650049584687],[173.26986410516275,50.11738428302031],[173.29485448227769,50.14752865910078],[173.31209468774685,50.14837385097354],[173.32274493585254,50.160335551838294],[173.3666335714475,50.17508961426225],[173.37085091867533,50.241485122632724],[173.34260977412424,50.2695729677049],[173.3312117954516,50.299365298041955],[173.39665711047897,50.30257185532687],[173.42004004771752,50.312026437312234],[173.42917890665723,50.33529159983345],[173.47683178143907,50.34502889576704],[173.4877587884935,50.35351113291672],[173.52283024026767,50.336900734651586],[173.57267880904806,50.29293024571038],[173.6022315049982,50.28159158477787],[173.59625812327363,50.25018549206145],[173.66102729298154,50.23691381729817],[173.6714965060936,50.244601994332115],[173.68168017627823,50.23162098600814],[173.699419345603,50.22788588522518],[173.7318157051214,50.23435395250727],[173.76072038041664,50.24832771479176],[173.75748444454126,50.29239967062057],[173.7893472540429,50.307689473140265],[173.80605003269525,50.3426981292463],[173.84152431730067,50.368920136494395],[173.86773801335727,50.373601249479066],[173.87984359514698,50.384381934244104],[173.88866600425308,50.40026672623401],[173.8820222404127,50.42987587475365],[173.89360361353,50.44437922488028],[173.91163972773614,50.44031952526022],[173.96170302541367,50.455220911152125],[174.0134155216164,50.438383989703496],[174.09980498175452,50.4469903081331],[174.11248141498646,50.46559210568667],[174.12945260705345,50.46261859980865],[174.16001683981074,50.47733957805042],[174.16226182613775,50.50092150663133],[174.17050183622598,50.5101576318107],[174.24252000416644,50.53291604576145],[174.2384373784307,50.56349932600726],[174.21404952052094,50.58058388186101],[174.21115218322197,50.602219008028484],[174.17186847436406,50.62094814668025],[174.17176945994245,50.6488864982004],[174.15791538256954,50.66048442495756],[174.13497714429667,50.65555095589315],[174.12102887960782,50.66899228132594],[174.1043827339012,50.69669409730467],[174.11795709637826,50.72425722994592],[174.10300594405268,50.73794715801803],[174.12043356264306,50.83546534320972],[174.16554062640586,50.857271204564654],[174.17096143830486,50.879940263171406],[174.21949458818102,50.897635472614496],[174.2381110695878,50.91895691804922],[174.2366473598321,50.93462645308847],[174.24817749369998,50.943777856495174],[174.2658247533698,50.98307716151839],[174.26857365951747,51.04392211128781],[174.3258158537287,51.05927740861449],[174.3463392226858,51.134914069108646],[174.33133643031582,51.16787987173775],[174.30941604498014,51.18577026296513],[174.24388902834,51.186653882070395],[174.21671557410954,51.2136543319579],[174.18692074592883,51.19569498485181],[174.16086948024108,51.1933403014881],[174.09626685814808,51.16884418621498],[174.0875888394126,51.15646285557587],[174.06916834351148,51.15402387758604],[174.04016392769506,51.13550047517877],[173.99227514028365,51.13733117533026],[173.94591963379258,51.11528397943324],[173.9338093922006,51.124409209611926],[173.9311935159813,51.17295352612807],[173.9128713884215,51.18489542249321],[173.90998025389865,51.209034131411386],[173.8817092125866,51.263055391644954],[173.88504166432236,51.3143232298486],[173.9064013804264,51.3116830714458],[173.9707272526383,51.32800002735446],[173.9658064137244,51.36250041895875],[173.9411189106139,51.417251844752684],[173.92464622342266,51.42252941760057],[173.9091311200693,51.4446240141494],[173.9276629109882,51.472813266749455],[173.94692120351252,51.46883081864203],[173.96360391574353,51.489967745635596],[173.9852889933214,51.49466352068054],[174.01057992367748,51.51397095408746],[174.00343947294056,51.543793917580494],[173.97852691551606,51.59500642659515],[173.92189954771266,51.63679853805667],[173.9208564002098,51.68020338028663],[173.94655081728038,51.71906799925803],[174.00148884493484,51.77217797368621],[174.02283779047724,51.81946646466004],[174.02231418966642,51.84116825744094],[174.0890262281347,51.85117813666177],[174.10607956627842,51.87934789032891],[174.1323458192236,51.90240177329596],[174.13405677820887,51.913757699696184],[174.15654126444042,51.925311792208774],[174.21430285926488,51.94274615219262],[174.2286257186227,51.95171540426539],[174.22979632806306,51.98425475329654],[174.25184422321001,51.99514491024699],[174.28713385614907,52.00132603671126],[174.34688898003867,52.024785491433775],[174.38482228282166,52.02218865789433],[174.3775762778468,52.00372638145197],[174.39877642093654,51.98331621575272],[174.46350771597568,51.992451894611804],[174.52681742290844,51.993461037854445],[174.55793428443616,51.99984353070967],[174.6132112889724,52.022812734494025],[174.64390113510498,52.001754852997394],[174.70343561578034,51.98684903088732],[174.76323735130683,52.00984288655916],[174.79975992145938,51.977188781625856],[174.8047114360706,51.96367303681893],[174.85882413202523,51.96718519592954],[174.87241385415618,51.975427443418106],[174.9389371268661,51.99588252805958],[174.98934097282037,52.017200863407155],[175.01062901589512,52.03396296805431],[175.0292291450373,52.03209961740285],[175.05577280163607,52.03805699588369],[175.11331220184996,52.02784959342258],[175.16642985504436,52.04499008512664],[175.19811740966838,52.061462949424495],[175.20366535698017,52.073143696254235],[175.16652770521603,52.09275222928261],[175.15198513772737,52.10804505802423],[175.13391473162054,52.11373195233159],[175.13765213198502,52.13753809548183],[175.14828372637155,52.148488823595855],[175.15103383113907,52.16286410993274],[175.21340915175784,52.21381782489619],[175.22048987784063,52.23253497699805],[175.23215577553768,52.23938904060834],[175.24797694341328,52.241606599557585],[175.26014948966153,52.257417233664995],[175.28298392925038,52.26246314488755],[175.2942005278118,52.281673414970854],[175.31516172500844,52.2786158880333],[175.3350466169445,52.28666110455076],[175.3598688623231,52.28312441598043],[175.37239804252192,52.27365312258625],[175.36267058165095,52.26384729829229],[175.37809853356595,52.261642531949455],[175.42092851291588,52.22389814335548],[175.4468522311556,52.2210037660288],[175.50609743224408,52.245853146785535],[175.52101393407213,52.259165579546135],[175.5610454045301,52.266954923722004],[175.6049693825456,52.26262276611091],[175.62845310809865,52.265652744038185],[175.67423328395074,52.30780355364198],[175.7061748242738,52.31286457873324],[175.7393383007913,52.341067220655475],[175.7719692636221,52.335251640322895],[175.77594021686173,52.32030759993529],[175.80470233335313,52.32360931833954],[175.79457634680907,52.345682098361145],[175.8167413502884,52.3730983143345],[175.82972054198012,52.378648816549344],[175.89608073970754,52.38714924506289],[175.90837194510345,52.37618471645933],[175.94005225442748,52.38457140783764],[175.94885195749072,52.37906774590171],[176.00245721545826,52.37563810988601],[176.00632582858734,52.3678129522872],[176.05531506877986,52.370758595992285],[176.08823902728196,52.387746123926746],[176.0855394633155,52.40128132728752],[176.0947249522833,52.40919141801082],[176.1018079526612,52.43379078725817],[176.1338443766497,52.4506846722267],[176.13606845898073,52.458655616097175],[176.1541192737069,52.46688794394545],[176.17001934711874,52.484115089028684],[176.20739337735927,52.48824331226492],[176.2556382673564,52.52749334592747],[176.27541194918985,52.521410448154214],[176.3176066059031,52.5279650606719],[176.36942565233326,52.5635364330385],[176.40427297950697,52.57468817941449],[176.41782839781595,52.58374944297543],[176.44972597854252,52.58900958184097],[176.51718061671488,52.59152902635202],[176.56842058930891,52.61473210360295],[176.59770155992214,52.613152908551044],[176.61753623391897,52.61814016472448],[176.632074920491,52.63646107904998],[176.6495452709588,52.63381212157646],[176.65453816570385,52.62234449050213],[176.69747398742658,52.59662775414006],[176.71522960875106,52.657214559637595],[176.7413049213222,52.67486270891447],[176.74748746739706,52.71827291729497],[176.78712064232724,52.75648234567093],[176.83790244805476,52.87261117014748],[176.822985236427,53.00251825750548],[176.8056795535773,53.036814087036774],[176.78311730813454,53.00723234282049],[176.75146526555343,53.01961766824737],[176.73407292467533,53.012432659038325],[176.7296295740556,53.031604824007886],[176.71331106212324,53.05693606045941],[176.72484894630304,53.1029679607076],[176.7150031587176,53.13506381739747],[176.69633234995132,53.1380122510477],[176.6982330855515,53.16458407913717],[176.67840460446496,53.151368032446186],[176.66347430316665,53.170902056244955],[176.63801851582303,53.17902961458633],[176.63372044796682,53.227507245233596],[176.62219253144954,53.23760728371844],[176.59669395959287,53.238757438322196],[176.58444083881508,53.29850455900386],[176.565133778262,53.28683711038288],[176.55362565453044,53.2960570840723],[176.52362190057863,53.24062212419205],[176.4964447281907,53.237065774741026],[176.48253551569354,53.20854943915673],[176.47012506257585,53.196045607160094],[176.45434625525323,53.1525610923192],[176.45632084938734,53.132856131773025],[176.44032846038715,53.08461130154929],[176.40282987886513,53.079204241203115],[176.37494608516874,53.03764399668752],[176.3511974545541,53.0496080150143],[176.35369128260174,53.088284215773314],[176.3459111854837,53.11462027561368],[176.32337399543007,53.105902211313264],[176.31727617378553,53.119489959476276],[176.29196096408648,53.11807422158138],[176.2810667801894,53.16026202203895],[176.29291063685199,53.20771507178485],[176.3072488803507,53.21544509063031],[176.32580733046711,53.23844081610344],[176.34902671963073,53.29922454125334],[176.36235906019692,53.31956181621905],[176.35805051080604,53.3555629976879],[176.36205614574217,53.379254389508205],[176.37071031505903,53.38442205454899],[176.3784080712786,53.404895779209546],[176.3906979676397,53.41322945125698],[176.38209116660863,53.4280466919328],[176.3729292387127,53.4860165963308],[176.35096464158107,53.53802830510301],[176.35185400146472,53.56027765703618],[176.36839470556038,53.59173512030213],[176.36701827978698,53.61000733170852],[176.35753194580354,53.615225329341385],[176.34912326197644,53.60058039973479],[176.34053470641015,53.597229246026714],[176.32796276211255,53.621518252774045],[176.30185017974833,53.616085717485724],[176.3023063863492,53.63327600621808],[176.29687291663316,53.643147366087],[176.30871268813115,53.655853130325816],[176.32174351957968,53.70096161208595],[176.31868585653018,53.73643866898595],[176.32401454519496,53.761253722866016],[176.3372122332695,53.76939580124949],[176.34014365751779,53.78231199649612],[176.38242994868364,53.83752578072381],[176.38762676217888,53.8544191802779],[176.39680855360047,53.860960697948585],[176.45979506977832,53.991363722522316],[176.46141973026948,54.020099699330544],[176.44973754312974,54.04710156139503],[176.4434435785018,54.13544141450028],[176.44756831671754,54.160167108561566],[176.49453111079401,54.24623566410502],[176.47144732305915,54.29591916419645],[176.4556922134077,54.3117900636566],[176.40839545334688,54.28780572894453],[176.39306484898134,54.26209234296417],[176.29041420430855,54.30235683534262],[176.271070087552,54.3198449094671],[176.31325650791385,54.38359535730846],[176.35308714630537,54.42272676441126],[176.38662116947012,54.50185920388589],[176.38666697229945,54.52419440984776],[176.424077416903,54.58979868250533],[176.43611378698137,54.653554114396634],[176.47612611541888,54.709528062569646],[176.4739280326546,54.75100004489123],[176.46189444251667,54.78392388836389],[176.47332505235897,54.8240852401189],[176.47606498330887,54.90291672145197],[176.4863484820816,54.929424912079924],[176.5186148006398,54.9647204438465],[176.56419631216824,55.0361192441986],[176.6322591183927,55.08101622241962],[176.659015174543,55.13225194215701],[176.73646600480896,55.24236903181676],[176.76731980883352,55.2653046179479],[176.80605927908138,55.27864936362772],[176.84804121232054,55.324192547282856],[176.86567057410343,55.33574489325863],[176.8908058665357,55.370879560765815],[176.9088052373791,55.40584678675644],[176.9163068965898,55.436749560159065],[176.92830220443307,55.45140595267671],[176.94225763884717,55.519283885821025],[176.97011447306176,55.56102144216416],[177.02397731655012,55.64201860106006],[177.0584396321048,55.66733532237656],[177.10133905381593,55.72220761636286],[177.12938289192635,55.74903645606666],[177.16425085979253,55.7940308090632],[177.17353867171812,55.77536364186818],[177.18968483425854,55.78380334896261],[177.18658567681464,55.76758382552236],[177.19900514656604,55.77407452185715],[177.1956993853151,55.76261318593785],[177.17962775839385,55.742857118036525],[177.17563316627067,55.72778982523805],[177.19198701215953,55.73147220954942],[177.21124638012117,55.72694215690446],[177.20483617251372,55.699030170413835],[177.20581549175577,55.65852926303795],[177.2116556735432,55.64240446769986],[177.18970426564712,55.58333111308274],[177.19294358445669,55.571893394474486],[177.2092052966475,55.5679164406465],[177.24844666915533,55.602161558590616],[177.26605412157363,55.60261796993353],[177.29325381667297,55.63765087973317],[177.32274193437192,55.65273935463442],[177.34208873608424,55.66958736889347],[177.3668793063609,55.67118087934038],[177.3783667281191,55.69068995449372],[177.39044364977065,55.70288319979329],[177.39861590802695,55.70465885074586],[177.40359318052856,55.69517903923884],[177.41630256888573,55.70301666485807],[177.4246740184098,55.70075523394412],[177.4449629073045,55.7100654642154],[177.48254670455015,55.74346542457001],[177.51700513237984,55.802793850937405],[177.53236334442767,55.81533285803323],[177.55506604486413,55.844101094948996],[177.58776577968456,55.91626397475771],[177.6168903194633,55.946517587263195],[177.633345941576,55.95479049196964],[177.6321014549841,55.94717205274917],[177.64981687286058,55.95840799485356],[177.6864892021893,55.997786328325844],[177.70254827659636,56.0066101876171],[177.7359254896923,56.03185815680222],[177.8259413964197,56.056065018717206],[177.8145370683933,56.03873283187928],[177.86861011528612,56.09448706431769],[177.89818160120285,56.11550276731864],[177.92901078693495,56.14340315401243],[177.943603035936,56.152628656587524],[177.96126497744646,56.171133996387255],[177.98319622788927,56.1879164912904],[178.0083970955461,56.21947183454061],[178.0518067280916,56.260003093303474],[178.07836538889262,56.2998642736987],[178.08266889593506,56.318600153059265],[178.11313352826662,56.36863697310604],[178.1129683768487,56.37667239541324],[178.14875436683099,56.41670450357672],[178.15605489212157,56.43763473428112],[178.17327436390127,56.46076010482798],[178.2147003180792,56.49762823338955],[178.2687878866078,56.580061573833234],[178.29934059043194,56.618162539181114],[178.31016120263715,56.62668732481961],[178.31745527510918,56.625320693500925],[178.35184788110004,56.6516708818781],[178.3795293801062,56.68693246407838],[178.3869523220725,56.70067477230552],[178.40673928181445,56.71644611636153],[178.4330087132258,56.75649133333528],[178.4478255357785,56.77127144575814],[178.45626288203846,56.79990801289246],[178.44812213359742,56.798737146676146],[178.4288457063995,56.785790133854576],[178.4088059442853,56.79430412254799],[178.388493691326,56.77716890932399],[178.38343373680115,56.780365008748],[178.3581335046892,56.764103986470616],[178.34247619076285,56.76017055113492],[178.34341777523002,56.77493092177484],[178.35971824217972,56.812393003189285],[178.38972409220705,56.857854114131605],[178.4061586558802,56.88862129739729],[178.4289815447275,56.918878044694864],[178.4470584086716,56.93168815695014],[178.46027758399697,56.945525213675204],[178.47757164337557,56.98126511467844],[178.49172056519268,57.003162534686105],[178.49260362897718,57.00745268714999],[178.4734509137421,56.995041223606016],[178.49015222349604,57.022348267936486],[178.49092345741482,57.02755971086488],[178.47346614250648,57.026707044586566],[178.47357299323772,57.04040323400854],[178.52845970013098,57.12922076202351],[178.54718375610008,57.154803363194304],[178.56390573449198,57.16934907621417],[178.57862259854744,57.187849288185014],[178.58627180594326,57.21565080228936],[178.5828848280471,57.2315223368812],[178.59910001670778,57.26760814198888],[178.59553899065372,57.27277717156685],[178.6171398071204,57.321465949209994],[178.6432608768891,57.34065498210046],[178.6634144312687,57.36733554621521],[178.67167878873778,57.38368271525129],[178.6833919754688,57.39139643944847],[178.68938469640366,57.40024833236005],[178.7079885728001,57.443675513328685],[178.7108495551972,57.4584910382638],[178.72035305683153,57.473079406898805],[178.71399376889232,57.483790288284325],[178.7271366574013,57.52718472056725],[178.7667569717278,57.59354799226092],[178.79055825285852,57.62326815736397],[178.81424447367147,57.66166264773375],[178.81886277430164,57.67237670767264],[178.8165043306384,57.6826121857987],[178.84169794627888,57.70769594444501],[178.855415257312,57.738013188154184],[178.8932750479378,57.78481920084086],[178.90936968729193,57.81654961403947],[178.9313652471855,57.83533946421288],[178.95872175483342,57.89813690715685],[178.99980598011476,57.975201786028535],[179.00735537911078,57.98270090263951],[179.03495529161273,57.994598315529245],[179.04095595857575,57.98643543828341],[179.0617176247822,58.00842859046398],[179.08253790337815,58.023250302216944],[179.08484656251576,58.00269216992901],[179.07279499010212,57.94079850441804],[179.08038522404956,57.93563242360591],[179.07211848071097,57.9100483414107],[179.07914848724016,57.90498431518206],[179.127105104482,57.94785478858732],[179.1428557810367,57.96425231902292],[179.16584300340958,57.97517898517286],[179.17666996651442,57.99207509177389],[179.23439953509757,58.02710845316275],[179.23647388000091,58.04072406887592],[179.25009324074952,58.05512812516427],[179.28512569120565,58.06884412451077],[179.30349870079905,58.08534854828833],[179.26727655035035,58.11219795355213],[179.23107582054428,58.11271992663631],[179.21377165777557,58.12068695639915],[179.22396047050145,58.14588184871688],[179.1979114485898,58.155653042813846],[179.2108747637695,58.1902723206089],[179.1967438846932,58.188139655745026],[179.20090482584715,58.205853522562435],[179.19890078379044,58.23979654129552],[179.2115939074814,58.25871198479257],[179.2193607614533,58.27764572084947],[179.2059646881121,58.28124177292562],[179.2037924822756,58.3038856410208],[179.21657902522082,58.33033665137101],[179.21962865941595,58.3469202648735],[179.25319587250692,58.40163276269112],[179.272111600839,58.446073078231635],[179.27363605883025,58.51241060195461],[179.2850356538077,58.545883584759814],[179.236885660815,58.50225609560421],[179.22497599150506,58.49808757982233],[179.23720806432274,58.53024001735487],[179.21335864291132,58.53708410247511],[179.22365957351857,58.57315012369415],[179.21520345814503,58.57614205551657],[179.2249864608935,58.60561445852217],[179.2445183208564,58.64258050727273],[179.24376785968985,58.6589623200103],[179.26438823173035,58.69163114432493],[179.27283416446767,58.70987560516724],[179.27151116715385,58.725424915037166],[179.2586525572615,58.72558497827969],[179.25496448738667,58.73584678605073],[179.28026217955795,58.81169324343138],[179.29897406596902,58.840371702830936],[179.2931150992169,58.85893969475209],[179.29872908532624,58.884071426407104],[179.31503250271868,58.92168082659027],[179.35600266728542,58.99271974000554],[179.36800261205147,59.03299532977213],[179.37656516701648,59.04679214590875],[179.37025195173268,59.04495150452582],[179.3719591885002,59.069834089818755],[179.36278103987294,59.07398187410592],[179.37752553097923,59.10181072295613],[179.40021811890904,59.13691291877304],[179.41671124710618,59.20637304500592],[179.45051536887001,59.261198042286665],[179.47064427148112,59.287235440782716],[179.47281710653183,59.304201064162996],[179.50906877339943,59.366092466618184],[179.51121077794562,59.37963724263437],[179.50264359122787,59.374140628471714],[179.51625644244265,59.40464780018231],[179.5288303754729,59.422655924649916],[179.55321254232274,59.47048002519034],[179.59457235033807,59.5307765146571],[179.63638226731615,59.60763495483738],[179.6404429385973,59.62121536737372],[179.66406386213018,59.65677047445568],[179.67960952692408,59.68625994822762],[179.72743634024846,59.777312263566614],[179.7272755343573,59.798163583787996],[179.74126252169262,59.82997209448234],[179.75559705031623,59.85325934336796],[179.7757930150969,59.90477494891579],[179.77639905441842,59.924651402402645],[179.74658511146734,59.90174592107232],[179.73003288081634,59.8799190662123],[179.71389913638131,59.865603269299875],[179.70038186917716,59.86862127207495],[179.7101541537771,59.90365334098901],[179.69879938079015,59.89339626355698],[179.67108942007718,59.85237994212411],[179.6476364019218,59.82613456148827],[179.65079425125353,59.86573764129288],[179.59807487524478,59.87354780310818],[179.6234600495243,59.897716620959564],[179.64275809918902,59.92253183616219],[179.7320026762576,60.06580988798938],[179.74709616481053,60.07772547436214],[179.7797056499505,60.11545476655453],[179.78473358401104,60.11290920222866],[179.80289155102193,60.124984152862574],[179.85649179694792,60.17540045669502],[179.88174612532,60.189554815481685],[179.95288280614514,60.280614050983004],[179.99675189011754,60.349694109636026],[180.0222108311728,60.37812444663868],[180.03114670791314,60.39500458220067],[180.04539486867773,60.41184011107455],[180.05881943197295,60.438258701219695],[180.109719442429,60.495423389727165],[180.12089502193265,60.51378817330669],[180.16525780647166,60.56246461192211],[180.2055156816606,60.62942930751113],[180.21641995368807,60.657783657658456],[180.24761480792733,60.69571492303194],[180.25453779765584,60.71107210701257],[180.2794141399734,60.735354557610165],[180.30801560575838,60.77439937544876],[180.32227203802566,60.81008947557569],[180.38692825205663,60.86857805414538],[180.4506220142596,60.94969370697702],[180.48184638311372,60.982518606958685],[180.48407799660313,60.99270787809982],[180.50928364969593,61.01566036017151],[180.53236481806908,61.046988255888365],[180.5583289944816,61.069670320893906],[180.57495024735744,61.09617029598324],[180.6133075953962,61.13234303001326],[180.62587050271947,61.15341232969644],[180.66013480550632,61.19234058364932],[180.67573915945704,61.21993187112995],[180.66893193803736,61.22433051083041],[180.7127708159313,61.278292466995126],[180.72099149254404,61.30850949487297],[180.69575679853523,61.30371601516677],[180.6311439590844,61.293661138515496],[180.58961915133838,61.24996507254236],[180.5519239807517,61.22412959837194],[180.52116838085317,61.21387731685745],[180.5396201572791,61.238600754716074],[180.60956022048202,61.32935049981922],[180.63731665927287,61.37611490149783],[180.61317361763952,61.36199649977545],[180.65294146007895,61.4230565182534],[180.6607976541777,61.44233302058385],[180.6171802715249,61.40355164082817],[180.6241671529195,61.41768509795841],[180.65454226501663,61.45723541439838],[180.66106001855167,61.47257633737058],[180.67061618563346,61.48676718982012],[180.71874374931218,61.54002798038997],[180.79843481658443,61.63788884513619],[180.8170436741652,61.66878211108067],[180.82166238589286,61.68516403502149],[180.86403518986896,61.744196541278555],[180.87259092639914,61.76209544172624],[180.9000322323007,61.79737468815388],[180.91311860703064,61.81841532893373],[180.93459988180803,61.84168287674861],[180.96417019891203,61.88612003535973],[180.9680918102835,61.89430497738403],[180.94624706308707,61.88087989759744],[181.0139739788106,61.96310209425555],[181.0743502710449,62.00078799396794],[181.091994464957,62.01492195159011],[181.11295721703334,62.03000258239622],[181.157795637989,62.055293059246665],[181.19838387112742,62.08794103240703],[181.2481564570087,62.10801804621738],[181.27541789568826,62.123720638627546],[181.2734535345822,62.129154918448265],[181.28908996777386,62.14532726058465],[181.32304941372792,62.16296750782636],[181.34288995243065,62.19026073459475],[181.3943088713202,62.23571614351698],[181.40801852501582,62.25848205714404],[181.41967543528816,62.274902897846516],[181.40603322950466,62.28034827657049],[181.4662247079246,62.365596344304066],[181.4528534096864,62.36468918701111],[181.46538633791806,62.39032258101882],[181.42269821012832,62.364652678334664],[181.41516802487354,62.365218232451],[181.3862719443506,62.34039353564683],[181.3723759100077,62.33364997467976],[181.366710842572,62.34053374271954],[181.30842769823568,62.280222266142786],[181.2688212336954,62.25288383983222],[181.2302845145898,62.22975250148765],[181.22272060157778,62.23616514917281],[181.23185237346004,62.24751618800788],[181.2788505150013,62.28938197542829],[181.18842869576412,62.24902507793725],[181.18677137361635,62.25463735004493],[181.24158891986872,62.303440139645204],[181.27662693240944,62.33909547314501],[181.28474436951458,62.35708278297179],[181.34187459915913,62.41864443047606],[181.38562956753313,62.47915134359916],[181.42583744752372,62.52262783845322],[181.43739383825545,62.538842684978434],[181.47291605673007,62.590354249723504],[181.4660521765212,62.59091132560404],[181.48525535639828,62.62164952269397],[181.47129802981954,62.62284846630527],[181.497950163045,62.661474575242266],[181.48279641338354,62.65395729439828],[181.49201304159214,62.68071725994295],[181.47906992878904,62.68783933157114],[181.48512202937994,62.696420235926126],[181.5214157680746,62.73671487781084],[181.56633432519058,62.771442904532286],[181.61411399605612,62.81597273480539],[181.6382296226761,62.83448328103214],[181.67494337733044,62.866185596310736],[181.68938624856304,62.890571623597445],[181.76920910341178,62.96818763611421],[181.7820227792891,62.98822678932987],[181.7642352314187,62.980478986705],[181.82666448991935,63.03887857192177],[181.8306657857875,63.046503845992206],[181.81486833567575,63.03929683872422],[181.8130193873191,63.04127799591879],[181.81620912356797,63.05626969918457],[181.87517120320933,63.104886743093985],[181.9385781474812,63.1628618410792],[181.93654591902848,63.167467181899816],[181.90719792575945,63.15192786823217],[181.93042047371202,63.182735294929465],[181.91589056540016,63.179034051826264],[181.923085859995,63.19056035297604],[181.90077019412982,63.1823507937021],[181.9621170340348,63.245317499903095],[182.09933554328148,63.36905324889176],[182.1508886291944,63.4203538646854],[182.18449988036124,63.458212818409415],[182.2611550572648,63.53042103818559],[182.2752682223442,63.5484584390546],[182.35363643356797,63.61383004552188],[182.43097799860942,63.68819084673644],[182.45520968848314,63.706604975406876],[182.53592747000494,63.77283451300438],[182.6446367572335,63.85797224013991],[182.69909911684746,63.898295265327974],[182.78461905638784,63.97162985395927],[182.83450589076259,64.01135074921454],[182.9679533703577,64.13010907767594],[183.0480107560211,64.21791110441698],[183.18479558601243,64.37595772697999],[183.26357627446228,64.45751889948149],[183.32012967133423,64.51465318112128],[183.41596556133524,64.58979522316136],[183.50488336292898,64.6696080517388],[183.56149455952237,64.71410898294309],[183.7064260144296,64.82013486605058],[183.7807483752526,64.88080907999966],[183.86170361094707,64.94851709078753],[183.96944986479747,65.0429650463439],[183.9688131409552,65.04509477795389],[184.03328623873406,65.09749714209579],[184.0899837244852,65.14707424003478],[184.11161533344654,65.17259889797207],[184.18024016068526,65.22774902103632],[184.18198078912351,65.2338325540444],[184.24235529265633,65.28828943014896],[184.35635699080692,65.39416691021282],[184.31936834444534,65.37036426822489],[184.3063690796336,65.37304257507991],[184.3633440723527,65.4352498078861],[184.40647332059189,65.48014668507443],[184.47969670535358,65.54236879667371],[184.5158836594247,65.57721526311438],[184.64659788573184,65.74329401033916],[184.64817454596928,65.76328393703173],[184.6502155199664,65.78400025350665],[184.69946920029216,65.83364054343818],[184.80196177021818,65.945598602466],[184.86946712846685,66.01176062509623],[184.98191993664364,66.14592854638025],[184.93131515328278,66.13847222416824],[184.93875360341193,66.16400840668527],[184.92978381479264,66.17386124735421],[184.86941394332774,66.12091275601631],[184.76221696107817,66.05121528589588],[184.5162925786605,65.83824123809889],[184.42624115760066,65.76522762244619],[184.21222725724738,65.57996807451822],[183.9204037357274,65.34314635605233],[183.8463558162606,65.29035185354064],[183.69334514450253,65.17925165618504],[183.47869948504152,65.03655213543678],[183.4053031590759,65.00225810367787],[183.41837001663714,65.03432964380167]]]]}},{"type":"Feature","properties":{"Level":"ADM1","shapeGroup":"MYS","shapeID":"MYS-ADM1-15666254B51003747","shapeISO":"MY-03","shapeName":"Kelantan","shapeType":"ADM1"},"geometry":{"type":"MultiPolygon","coordinates":[[[[71.43107669803865,81.85552560995393],[71.43113715537943,81.76872504031789],[71.46917888592779,81.62701186848447],[71.42756546868426,81.56232147009459],[71.4594958333289,81.50959915657455],[71.47822940086452,81.4316528260151],[71.47168749760132,81.4079411782795],[71.5043908300809,81.3487818981956],[71.4755265881593,81.31862951413582],[71.46036357881971,81.27598462772559],[71.35839837482722,81.2081920842767],[71.3559048319311,81.186723041986],[71.31050700167744,81.14128896650887],[71.27921480266505,81.06789588645356],[71.23201214605778,81.07617369313277],[71.2215614920593,81.0275300274414],[71.23659478178472,80.9985558085972],[71.22492978096508,80.86027769552226],[71.23936500870678,80.81776963141833],[71.28685393566123,80.76411539800014],[71.28561755624794,80.72707910593297],[71.2415557118232,80.68601602065289],[71.23358756238065,80.65468574747592],[71.24721359386861,80.56423693785081],[71.22618863272382,80.54902196712766],[71.23120425462636,80.5313536250709],[71.25303213503264,80.52944293305401],[71.33349823294637,80.46265069551211],[71.41410979448447,80.4379504814686],[71.44844023944388,80.35737956204348],[71.47059152063042,80.36080371390813],[71.51552802151876,80.31739478403097],[71.52003085814931,80.2702253971239],[71.47629398512336,80.24000835545162],[71.47787598091858,80.21471639589168],[71.45765238655076,80.18237283585489],[71.47600524305889,80.15582009067425],[71.47895431345711,80.090031756327],[71.43296338494697,80.06918849983458],[71.44142814126194,80.00379437005137],[71.45938779912568,79.99021233733669],[71.44340243564072,79.94381252646454],[71.4065874365588,79.93847993173434],[71.4219081916784,79.87692578962628],[71.40681352426995,79.87824008888235],[71.41925590905308,79.83830234383373],[71.36772277074581,79.78817062050315],[71.47681441216766,79.63567351273868],[71.51154941669225,79.67313803827969],[71.58796647964444,79.64279745594659],[71.6038730274618,79.60138867609963],[71.66931706977408,79.56466159842483],[71.68479451442316,79.53198679761863],[71.71720640665507,79.52547292266946],[71.74052418967253,79.57885933147266],[71.88788244643656,79.61162824238686],[71.90732980825643,79.6029328131568],[71.92005888846789,79.55965902156552],[71.97137999079524,79.49244817746536],[72.04392561584889,79.46206435567481],[72.05424695915765,79.52636003413768],[72.11782939525027,79.54925106061825],[72.17310450384831,79.51439887818948],[72.2302465721648,79.43790302921181],[72.28845695856316,79.23311407275786],[72.2341874903884,79.19464048929393],[72.18912864939186,79.12068735565687],[72.21796351216099,79.08301732520734],[72.25745197347027,79.05592194035479],[72.31222899020334,78.85569993598735],[72.3686527345563,78.80654478960611],[72.38917878442908,78.74290908100694],[72.37687261727929,78.56418827507198],[72.41217434713644,78.53949757058513],[72.41283533338891,78.51169179689622],[72.46465414683885,78.47481194684747],[72.46581902424268,78.44526883332537],[72.57826370097584,78.37388819662124],[72.54444862149785,78.32303650908736],[72.51383308282158,78.31216665925515],[72.51281274053198,78.27194079210139],[72.47077419075589,78.20939902380155],[72.40443593668215,78.22352948263598],[72.32542512456806,78.21218019422443],[72.29538370978749,78.17015102968091],[72.21310432163456,78.1700941219823],[72.15866184085118,78.14675808336261],[72.14147043522881,78.10416121018324],[72.07893167447673,78.0960405428809],[72.00089038208085,78.13171048228574],[71.89578419327616,78.1529537452532],[71.89595227582495,78.11392221116749],[71.86595695291268,78.09322961747895],[71.81881964247349,78.1012190853188],[71.81326183988875,78.12650838322665],[71.76624234455905,78.17611960803202],[71.73106029164143,78.19078876670193],[71.69020494630793,78.22927128533743],[71.67567796008022,78.25614466721494],[71.61732582748311,78.29986568693803],[71.56034112449966,78.29350121346121],[71.5463421629971,78.27381588817777],[71.50917271178236,78.28318337209393],[71.48590053433898,78.30705989095264],[71.45446517805371,78.317226250239],[71.41592739857126,78.37378861962628],[71.37652629246705,78.40305844450982],[71.34149259330287,78.38074649218866],[71.30105059394374,78.39566745454741],[71.27224937230771,78.38359846282762],[71.27250153723635,78.33029230985075],[71.2455632530032,78.30015314614002],[71.24972263842128,78.27765919730757],[71.21142985036818,78.28495245012476],[71.19346835678749,78.26620597958788],[71.1408137522396,78.28723179419359],[71.09581661643594,78.29082008152113],[71.07509660496981,78.27899718897176],[71.06523193501626,78.2524219904482],[71.08023178532694,78.22324798699756],[71.08010030523188,78.12803736079758],[71.06710434348736,78.06244513074833],[71.10809884699516,77.9965816443837],[71.113329468966,77.97228930003871],[71.09197696191436,77.97187183759247],[71.09201429257031,77.95168853419092],[71.05938871550764,77.94430267450689],[71.02714371716064,77.9788221819445],[71.01327406284355,77.97390874386704],[71.01256231427351,77.94578084121125],[70.99337353300567,77.92966185311965],[70.96986509127802,77.94090932599565],[70.96227331859919,77.92201812721963],[70.93285195668648,77.91328379790573],[70.93753818609375,77.85195554893515],[70.95880219793159,77.81687419847437],[70.94941308243705,77.77972308260823],[70.92711366253911,77.7964163590133],[70.89663603861408,77.78140306088852],[70.86031221200656,77.79401684714206],[70.8376982525204,77.81641329364936],[70.84422000549193,77.83710062118051],[70.80051841660536,77.88163484519512],[70.79307983735654,77.86191089887423],[70.76224338811036,77.87682339820697],[70.74914226170182,77.86774425301952],[70.76692059255105,77.81953130501823],[70.76371085291353,77.73694076971593],[70.79424745838702,77.71965686604855],[70.79680500243539,77.65384417934476],[70.77414388069936,77.61652019145843],[70.71701941901625,77.57373689449898],[70.73719801033714,77.54852256572542],[70.74521352219591,77.50115435197274],[70.79504689970213,77.41465914268171],[70.77110886552384,77.33176633000593],[70.79895117590124,77.29371739002846],[70.76887909117687,77.26629762675975],[70.78836941320382,77.23554557388637],[70.7102541752466,77.20953241434817],[70.6971273325147,77.16253224444333],[70.73339380480452,77.10399494739909],[70.71279269024933,77.08142399468261],[70.67686420528676,77.0979013719753],[70.70953819072756,77.02519918640259],[70.75771413555422,76.98012129183456],[70.70219251701036,76.93268430468856],[70.72294450774999,76.84379941271573],[70.79592717123859,76.74091112879597],[70.7913098280497,76.68218156275438],[70.80243062077966,76.6435795077273],[70.77323730320235,76.53927183888982],[70.80367202923028,76.4483931842048],[70.90022909704491,76.32056097809738],[70.83299214749071,76.24666769901268],[70.79736659713524,76.25188252682902],[70.74523098646941,76.2261022977581],[70.74350801227618,76.1143253254354],[70.77649250861703,76.07678946436295],[70.77918559878798,76.04340607944839],[70.7573634543559,75.97734352013143],[70.7833906314856,75.94583963848599],[70.7764626616671,75.90492875695146],[70.78958650117347,75.86377852201784],[70.82798905274785,75.81852961371361],[70.74929517485099,75.64248404680136],[70.8058305254677,75.59361795783074],[70.82151317278816,75.56323445922713],[70.79399685458287,75.54616264149584],[70.7975224572789,75.48812513133335],[70.77469921931905,75.47199676734348],[70.73683117620422,75.49364527897015],[70.71738770298174,75.4763829719632],[70.65297734123172,75.49040930505433],[70.58307327900887,75.43480777658223],[70.62182456341674,75.38273202018021],[70.62391579783113,75.36076986853278],[70.64667227184405,75.34282134891558],[70.7429049892353,75.29569582221802],[70.76303145250083,75.26149182879652],[70.86257903593621,75.22585558811934],[70.8703956043945,75.19876942527279],[70.91063312308893,75.17340415751478],[70.93283469441269,75.12668786155292],[70.89861759832081,75.10405816625466],[71.03495405152543,74.95405984235498],[71.07662314015444,74.84284196101669],[71.05226155682469,74.79927876849925],[71.11987129679497,74.72227172542812],[71.04940314106439,74.68922361133203],[71.04967609027776,74.65273119683292],[70.9640803947518,74.67209820716323],[70.9664195396588,74.63520116981566],[70.99683176804498,74.60712120014172],[70.98799724607551,74.58672706444555],[71.0821897411204,74.54094999428051],[71.1004053834494,74.50875123646992],[71.05560847403228,74.50971606811657],[70.97581550189561,74.54096053210296],[70.90301990949627,74.50316146987805],[70.864088110831,74.52770524593872],[70.8147072409034,74.53086974795723],[70.77577570624109,74.55541367512163],[70.73239579789299,74.56391053670069],[70.74964503196772,74.52279075032561],[70.78961730450331,74.47721946412068],[70.69782048746575,74.49780329148797],[70.67845948914282,74.485978174926],[70.69557208145021,74.4631044600013],[70.67518481667645,74.43065701143269],[70.77152083946746,74.35452188750196],[70.84139545612237,74.27055438838849],[70.8853650395036,74.24241882729635],[70.87886656452909,74.18512322313032],[70.86209723248643,74.14155212080504],[70.83376384432505,74.12757862209631],[70.83564796457644,74.092067244519],[70.77369914570615,74.02090066560785],[70.79632868137398,73.94080625392536],[70.66894294010916,73.98164278272468],[70.62493829883812,73.98280249630129],[70.537134188057,74.00781446753624],[70.63078800939917,73.9060556269052],[70.62386897390988,73.87731153603995],[70.6783527709441,73.83676364438774],[70.8037294164145,73.69409494988216],[70.7500525111028,73.67070365261696],[70.74339851034733,73.64529005595163],[70.63078952777951,73.6671410650611],[70.57588300556121,73.71350997115664],[70.52532699627837,73.73928828810466],[70.42294106609025,73.72522406770935],[70.34990995532098,73.74944230298397],[70.307625051042,73.79106706097126],[70.25751673356115,73.79169030161354],[70.238027096009,73.77107675212186],[70.25296623612118,73.73837860381163],[70.17811994993338,73.73597324968468],[70.19779370068298,73.6619884898613],[70.23018361376893,73.63425810871335],[70.29139200430565,73.60636148127043],[70.36811817477725,73.55311315067371],[70.46018069561859,73.51721942136328],[70.53449406849332,73.45178364078902],[70.59729788306588,73.41215855890849],[70.66618052044433,73.39091781705102],[70.76711626136645,73.31950367464415],[70.85202253589432,73.22288391057997],[70.91904824135898,73.1756174851428],[71.00392676156255,73.14901341398168],[71.14794708626802,73.07658570957605],[71.07775924332307,73.05796151347815],[71.1630362172841,72.98054608573099],[71.2032536950395,72.97230343839277],[71.37287444747501,72.89740792990267],[71.555691333894,72.87106042528261],[71.58164931298676,72.88780537006467],[71.6274578466732,72.87233659947249],[71.69757891257703,72.8298209529307],[71.75710511560249,72.81849103686302],[71.85429791442247,72.76504199128495],[72.0397073447737,72.69193479759295],[72.23286487908791,72.57924339047104],[72.37999344829235,72.51995673946013],[72.46354012803036,72.4948346303626],[72.60928224428216,72.38905300898287],[72.68716294856297,72.35706604717923],[72.7726361097627,72.33856023729653],[72.8420959846171,72.31418767311507],[72.91144694527497,72.31393391644924],[72.99345579342604,72.28129042441753],[73.13470024363033,72.27467334228425],[73.06437936484298,72.32752790060539],[73.03581965610174,72.46207241874677],[73.08323091813031,72.46922662571833],[73.1535854929962,72.44553434325626],[73.20291336022078,72.45538302560846],[73.26610460128447,72.44710144158955],[73.31356011104009,72.49313597982925],[73.30545276793008,72.5193492138269],[73.41982468902859,72.47015169418799],[73.58834014349019,72.4545507544862],[73.60943278202542,72.47933125751709],[73.67741120597768,72.47049689883539],[73.73290099170063,72.42713819085921],[73.85437341425303,72.39890018278217],[74.12308889689453,72.26566135830075],[74.22127940171546,72.15538142883446],[74.34856429867676,72.04781487444265],[74.46013399663714,72.00858528730853],[74.5557997845302,72.00335725988182],[74.72386788300017,71.91766648665916],[74.90359859697453,71.77340743653244],[75.0055812279751,71.74292609919831],[75.04894615884187,71.68387478526378],[75.14962322244992,71.62305740715841],[75.178632124534,71.62119065138228],[75.1606932797216,71.65764091151856],[75.26303000967931,71.6394901815966],[75.34976792646547,71.60859216068175],[75.39943275754638,71.60991512089267],[75.4675654129804,71.58706477280153],[75.57011223855615,71.51176196238755],[75.62180270849214,71.46119501786156],[75.68929111863648,71.4244645597476],[75.73480337180646,71.41081777616354],[75.77433199422451,71.40790663760596],[75.76295233950013,71.43148628807644],[75.88031960228943,71.45603697633389],[75.9441684024899,71.43848722204021],[76.01111923308993,71.40523159813114],[76.1342617516113,71.36996177948845],[76.1706285367268,71.38260593314621],[76.24073059851196,71.37369640933385],[76.22400834424623,71.39752908554121],[76.25513343937982,71.4197119219875],[76.22177322360625,71.45547453028105],[76.18734055767732,71.51974157566515],[76.20128839948242,71.5325134658796],[76.16726498391752,71.60492023347571],[76.19072248641127,71.60366627936524],[76.22685788340351,71.58371316667854],[76.34735177348385,71.59049193031633],[76.45877597274303,71.55480664725401],[76.49065710882121,71.56077936424398],[76.54323501630849,71.54220844122656],[76.53861048415462,71.566036664431],[76.55550826575079,71.5686190954444],[76.60887842897795,71.52783950089795],[76.61483795433927,71.5459805780441],[76.67900387286491,71.52008376498542],[76.69590172611856,71.52266570004335],[76.64108981101703,71.57742193640601],[76.60901460626599,71.62986130960051],[76.67082129244834,71.61711429233439],[76.72018117456508,71.58289091138664],[76.7372214464368,71.55503245419183],[76.7755364034002,71.5318190583952],[76.82195156391302,71.48589106354358],[76.88171813850447,71.44845419782612],[76.91154152589715,71.44009952964102],[76.97316898186186,71.3938665706089],[77.0214114986881,71.37522764293733],[76.97313858260554,71.43286467276654],[76.98406223602382,71.43959051671021],[76.92646108779329,71.50067477559081],[76.96725415782483,71.482616986035],[76.97497497139469,71.49788655355584],[77.06261705551795,71.43648411360043],[77.00701362529398,71.57103439755502],[76.96621096487752,71.61937729782827],[76.96728043961775,71.64789012415237],[76.91046316565969,71.7409972410716],[76.92814966331146,71.77246419875989],[76.86266453208222,71.88786305383961],[76.77806920996693,71.97367501134016],[76.7452771651117,72.07405613872353],[76.67241662683726,72.17868754769552],[76.67364167702048,72.20063493196963],[76.71227146670927,72.18733899554856],[76.70238328810213,72.2147850254564],[76.64121273292584,72.26874557480764],[76.6419413814879,72.30581215724237],[76.54680030213314,72.41828958651062],[76.4450700408514,72.58418454763066],[76.44622908526095,72.60861486686477],[76.41869218024958,72.6474522465059],[76.41917208116105,72.72310023655062],[76.58354701464678,72.63707410790335],[76.62870904002291,72.6252413587553],[76.59107323972178,72.67529489381413],[76.64017566033816,72.66199606966866],[76.71956873886435,72.6150516474239],[76.78751430528979,72.5910130327297],[76.9560504323342,72.44415616830871],[77.07811399530097,72.19399658789158],[77.14880735565815,72.11632885147341],[77.26706549340474,72.04076426318757],[77.25952754747902,72.0966486523113],[77.33998908444556,72.05243105347432],[77.50002674926745,71.84299459961439],[77.51380930724292,71.80268690145773],[77.63885913235276,71.63239956254921],[77.7095061686777,71.58632439202805],[77.74356414824052,71.59796624989946],[77.7286706912285,71.6340499105103],[77.7679759354776,71.63011291242691],[77.85821142352182,71.52255891943123],[77.93638588246323,71.46738206223833],[78.05119708210694,71.42358084816385],[78.17819211332275,71.35013360361737],[78.21393428080128,71.29164026040043],[78.30230008247065,71.2367876453606],[78.2956294172719,71.19800537159449],[78.36510812252907,71.14033849429295],[78.4290686225107,71.00878759474708],[78.51396494254944,70.93578021366682],[78.57908612678011,70.82038245627396],[78.68566470670385,70.72912092986945],[78.76538371986497,70.70295289093936],[78.71701951747977,70.82342114840819],[78.7076284665892,70.90037416744107],[78.73523754465691,70.972066925424],[78.71164671545338,71.03419519065262],[78.71467993586556,71.07857682652761],[78.80992733026109,71.05742275292158],[78.81468731719224,71.13782900784727],[78.73731232743978,71.25460251663792],[78.65172853868577,71.49813565722175],[78.53358259077925,71.66182020955212],[78.53127645825418,71.70582986310808],[78.39877481057707,71.85235952744047],[78.35159865440372,71.94759719495634],[78.46549208598816,71.9754382854626],[78.47884297709658,71.94761347547652],[78.54799004475899,71.90397738336804],[78.60389473614096,71.81679074611003],[78.85676918199108,71.64759422456586],[78.77771991171488,71.73975789907912],[78.80963311127309,71.7413504190169],[78.753205281816,71.81492860533335],[78.88976184356098,71.81184243536524],[78.93841491507605,71.71982199257981],[78.99330539478994,71.6825943498979],[79.00676728188455,71.66124107778612],[79.07310110839715,71.61772963622903],[79.12519132022065,71.54194350723132],[79.20238316860586,71.45714984264312],[79.22994658389284,71.45402847368116],[79.21816743723416,71.54079771765134],[79.26318461568866,71.51238736205539],[79.3486545885678,71.3958655384861],[79.39639456875389,71.3763953748023],[79.43527526059785,71.32362163710751],[79.4731913329774,71.31042706910318],[79.49930780177738,71.28528893095893],[79.51316422010532,71.29518388796394],[79.46979133461389,71.37876302249416],[79.50889020354666,71.42700151858145],[79.5629621244437,71.35967760546588],[79.66784494215086,71.37280972605588],[79.70462169408063,71.42760111847124],[79.74580641763568,71.41327538764048],[79.75981002408895,71.43799194367504],[79.91786806051988,71.4086387394894],[80.09789155356172,71.13275798364104],[80.13359946854895,71.01253955459228],[80.20954021605635,70.91520432455003],[80.33317213671468,70.81737311332209],[80.43037633148941,70.70327763336182],[80.4712348023939,70.67014624877515],[80.51646843950064,70.5992263393519],[80.56328277559871,70.5600273348112],[80.61985630577215,70.4784714195579],[80.65815833954217,70.41255135117541],[80.65509600912367,70.39118539338068],[80.67692081409541,70.3650151967802],[80.73918009985465,70.33795247420001],[80.81140593015033,70.2758033931378],[80.90831709765712,70.16914712737092],[81.0020174006109,70.11782643341736],[81.1249759013171,70.02319378137145],[81.16917892349207,70.04510488759946],[81.0824304733394,70.16065597783458],[81.09299118011377,70.1825115362253],[81.13587044158737,70.1618861007739],[81.15780230982972,70.16417970762902],[81.17237095626722,70.18762152950691],[81.24514907914369,70.16794115566317],[81.27329214935637,70.18837649567783],[81.383166901854,70.11778371868306],[81.47457361528745,70.02700437059173],[81.62333916100125,69.9251159162538],[81.72913077115881,69.92114428130026],[81.71638127242099,69.95936384088338],[81.75655919425498,69.9466600513922],[81.77454485181013,69.95031740560799],[81.74445239679599,70.01973061192918],[81.76880974777615,70.11028636347785],[81.8106033972562,70.12434917061833],[81.80016788677644,70.18840897233144],[81.82130670609114,70.24171747441228],[81.80134217952232,70.29606681609141],[81.75514400743597,70.3259422608082],[81.71823127873792,70.37191536796294],[81.7049991471085,70.40982561138895],[81.72484785972821,70.45828685041735],[81.77338239943495,70.44448946175086],[81.79102090741662,70.46796889135109],[81.8559291753482,70.44996104471737],[81.94371339501757,70.40627064824417],[81.96547399392028,70.44933768097496],[82.02428015717065,70.43023306821146],[82.09900127789082,70.38298144862493],[82.16772996738204,70.39261111180205],[82.1985662533695,70.3732933363467],[82.22368215213096,70.3816196334073],[82.32016676176184,70.32923683030711],[82.32442799904219,70.29777938038393],[82.5952337703022,70.13798355246173],[82.73049231873125,70.04137299192578],[82.7525759821613,70.05522723944624],[82.80394308145995,70.04110851625319],[82.82022469172712,70.08552975713413],[82.85188422544533,70.09750828460966],[82.88912467272344,70.08785838939198],[82.8673731981785,70.12861244499275],[82.8752186814832,70.15140381457951],[82.90089182123992,70.15605349867167],[82.91426002852093,70.22746603419532],[82.88816125863124,70.2852890432153],[82.89889724747911,70.3045053634442],[82.93018637803445,70.30870940452715],[83.12804988840625,70.15889147812794],[83.13866518711919,70.18486162792328],[83.17793485332373,70.19085766158622],[83.22723504276344,70.15596667316079],[83.26452682875549,70.15095994714594],[83.30178412673564,70.12477064387897],[83.34686309759135,70.1236457982059],[83.31328245301111,70.18301192851246],[83.31997441896281,70.20815971565179],[83.24573139526188,70.3173819764567],[83.18739771179261,70.42095747232526],[83.10654235449967,70.47937972914221],[83.11930183432634,70.50964840331808],[83.09961920855201,70.53118208192487],[83.1087912874549,70.54722351207144],[83.09700675360804,70.56816993046698],[83.0993321835259,70.61036387989168],[83.07925980435824,70.6475353491167],[83.03775056763982,70.68630168820224],[83.0653777884752,70.72995614248121],[83.0519630010288,70.77109101663609],[83.14709036242134,70.72722052652428],[83.20654853703502,70.71729111071164],[83.29123492420095,70.64302652570206],[83.38205749284339,70.63216780740946],[83.44088042718414,70.60675820553169],[83.45805051386762,70.68506917984229],[83.44394184115112,70.74093640045245],[83.36355154180242,70.79809684899243],[83.32464687691257,70.87698163845768],[83.22782488140659,70.96683646806501],[83.17433901881276,70.98740959040094],[83.16902387888982,71.02934894728858],[83.15478760843558,71.05612037607654],[83.16315027608525,71.18167796272917],[83.11253269772774,71.25563106167583],[83.0896270356039,71.25180325798917],[83.03789736061863,71.284904381618],[83.00753532245741,71.32337515264527],[82.97718844177733,71.31182788164722],[82.91779223655968,71.37330386118592],[82.86941394192431,71.37653740977667],[82.81325980261316,71.45320892097007],[82.78580315537387,71.50753211380912],[82.74113319986286,71.529517447817],[82.700699280539,71.51821014743388],[82.68064506835232,71.53286403194053],[82.62994517393336,71.58156049422882],[82.6196541573447,71.61490995583003],[82.54840899267388,71.70644154085724],[82.53761063592697,71.69080261988977],[82.4830739212386,71.76567966247208],[82.43226340307481,71.75827883353959],[82.36516050017504,71.83758744431208],[82.2793833609499,71.86807903989458],[82.24995526705054,71.90744212597907],[82.22141464068565,71.9115134331915],[82.21667715927995,71.84530769947477],[82.1936462259107,71.82419978040863],[82.11200135235228,71.89298566063505],[82.02001452363945,71.94181517192784],[82.01696206689243,71.98041738478062],[82.03668017729288,72.00231078925393],[82.01816167905146,72.03902430111225],[82.02553542645491,72.07651107185275],[81.96708942296529,72.23361800466535],[81.96985151201113,72.26099663440434],[82.00335586249412,72.25713295450979],[81.9937176295735,72.29731393939768],[81.93655575990519,72.34492103888623],[81.92364682516703,72.3803872972687],[81.95116801917467,72.44501793755258],[81.85686810604331,72.54349385034602],[81.81754651882954,72.61467302380653],[81.78078296699044,72.6529136058298],[81.71337377395307,72.77807008453016],[81.7026794486126,72.8573464552677],[81.67486958168374,72.90000798745683],[81.6759096999708,72.93033212956362],[81.73671159047882,72.9210464767205],[81.77298399632431,72.96059203404928],[81.7632890133888,73.00856392103057],[81.79038212697937,73.08871601448325],[81.7661572597259,73.14826686235668],[81.75969642914511,73.1952642588],[81.7099492136129,73.28772313860722],[81.73040705643072,73.4023056971996],[81.677602260918,73.50829726912761],[81.6719239893494,73.5892936055239],[81.6293456582878,73.68112044809672],[81.6488359886689,73.75960461326737],[81.67891748495808,73.76869451205188],[81.70503115860213,73.73236889978554],[81.73382446592515,73.77229359600337],[81.7248136014182,73.86272002671146],[81.75766920228037,73.90503474320182],[81.77249096874154,73.94726542534035],[81.77121403055506,73.99246624520815],[81.68438592659994,74.13283467747138],[81.6836839858905,74.19943894901003],[81.63947929961714,74.20884145553477],[81.56866982327269,74.30502128143868],[81.49557989372106,74.33188849898654],[81.47981357741382,74.44419144931695],[81.40228949376869,74.56223337635231],[81.39563647246412,74.61284083571842],[81.33227261916657,74.64928908240341],[81.33128078597356,74.71086782778048],[81.26224894152021,74.75514678697564],[81.2300750295051,74.74262374752138],[81.14632912193629,74.77171097486678],[81.04066064930105,74.92174782813827],[80.93080202561333,74.95695336588054],[80.87039836221675,74.95316116550623],[80.82726913226224,75.0041698762444],[80.82381021835224,75.07148293891981],[80.8471912682252,75.08888903915381],[80.85045905589433,75.13756755955093],[80.83683759533302,75.1840017411394],[80.85217270994454,75.23281542388584],[80.80646148091965,75.38027187442736],[80.73237628488809,75.48246127343467],[80.6940410491144,75.57150574969387],[80.69970859759583,75.6263637435089],[80.62730568874889,75.83917791081242],[80.63187132178237,75.95414564834012],[80.56767589238949,76.08947614342289],[80.58298948200454,76.12289259439409],[80.52468798779245,76.22073492419378],[80.54967834140874,76.24810319919243],[80.51434532067259,76.45600513509386],[80.56426943713994,76.4661867350282],[80.57031562921624,76.52432438394189],[80.48966180469043,76.69078132729369],[80.49423688618921,76.75534898224976],[80.45879128742868,76.81461480161713],[80.45776095285837,76.86525110762571],[80.55388188058257,76.82588809859993],[80.53693914970606,76.95419900266903],[80.47588465973354,77.02985293387279],[80.41321318605361,77.02617029401772],[80.27054122761679,77.21812055784646],[80.24969976796923,77.31285616863101],[80.18497550725489,77.30273608087285],[80.11938530690226,77.38484177367552],[80.03755090639794,77.42013823999123],[80.0057642330446,77.47010105982318],[79.9528383092929,77.51330773509675],[79.9132632518505,77.57145204029416],[79.85360552860585,77.61016401500969],[79.7840309524151,77.80835577106993],[79.87393877726335,77.77011109554567],[79.90079609173557,77.90881494197917],[79.8127506023271,78.08703474240853],[79.80710592733128,78.15596266980685],[79.70581771293416,78.25676477407437],[79.63196388001063,78.31027331121565],[79.55538177452628,78.5415009983685],[79.44401393490998,78.66748486182522],[79.37604263436057,78.70910354056747],[79.3345737830128,78.76491622473708],[79.32234290509919,78.8046655166427],[79.40064020823361,78.7973002484204],[79.46153376510526,78.8650684807517],[79.45481497592924,78.93520382670982],[79.40953346707671,78.98854373133926],[79.44309434465382,78.99837327424915],[79.48020217003409,78.97623851271966],[79.50532541947221,78.98283564542348],[79.44898279245925,79.03496543182594],[79.42606938373173,79.07970652442341],[79.38647040464473,79.1210831846854],[79.37586400228474,79.15741149374674],[79.26934784556883,79.26345737828778],[79.26923544827102,79.30381251655395],[79.2023015220417,79.3801914753494],[79.14803309939632,79.53978549105358],[79.17928090053462,79.6548171289605],[79.11851203929636,79.72765572293574],[79.06451184508622,79.73765770228174],[79.06524070504567,79.79178782927474],[78.9797870488215,79.86621994841506],[78.9896589926467,79.95524170007324],[78.93470209943959,80.05378348779381],[78.92676882604175,80.15162494116667],[78.89421118812669,80.19557409504525],[78.90132614092795,80.27397981996583],[78.81366569642036,80.3711850843652],[78.81990590705101,80.45604995355205],[78.91676028607402,80.50044588870836],[78.99878379964213,80.45793510174063],[79.05585520792712,80.59958758518289],[79.16753313764667,80.67853092336102],[79.29995047070958,80.88624594433665],[79.54950973137812,81.03526826197972],[79.80041680046793,81.25225449769819],[80.08877203991473,81.57824878942392],[80.19128498862659,81.74491583299982],[79.88956913425396,81.99730865692733],[79.59247434335416,82.2814647000687],[79.42091324096741,82.49856908776805],[79.16900841799766,82.86516189777386],[78.13299948640864,84.57230420151845],[78.10816365079255,84.57666377469944],[77.80015615578435,84.96546257078037],[77.74654815449534,84.95284352051087],[77.65879097596847,85.02203089857167],[77.5788022794682,85.05889193988227],[77.54059132459477,85.08980735463649],[77.44305631557918,85.11393533623195],[77.23123641927802,85.2171867633051],[77.11588274599313,85.25684572534331],[76.81070984950641,85.42640951174397],[76.6189939379675,85.55005135970985],[76.20925006615924,85.68453319289411],[76.06146393136721,85.69388701043819],[75.98664033602167,85.65372677606997],[75.94370855549984,85.59426368288078],[75.90451975240637,85.59049607679525],[75.83280114960442,85.60787694262002],[75.62421000979145,85.68902180145695],[75.55812747498429,85.69067301987114],[75.41908358231083,85.74348012852442],[75.13941582416487,85.95847012728109],[75.12806549266634,85.94348635023042],[75.15090133984675,85.90306317159362],[75.14042608615061,85.87009707802727],[75.08260802252006,85.84042742561266],[75.04738375197824,85.80249789243163],[75.06141483496998,85.75354351900418],[75.04926293027096,85.67001074967418],[75.06561067271699,85.59159154045255],[75.04412454120985,85.55720459875057],[75.047522535682,85.50174695658411],[75.08752538809414,85.40208683360409],[75.07523551958656,85.31070016259176],[75.11422622022403,85.30734985905724],[75.11815204358535,85.28211429651799],[75.15065060440139,85.25209058887663],[75.1356169299908,85.21912001164016],[75.14434483649568,85.18872774399397],[75.19145217582465,85.1833413089983],[75.21584486028385,85.1426710227675],[75.20722157967553,85.11146102082296],[75.23756067337445,85.0870161581288],[75.23578743991659,85.06197903313893],[75.1867533431949,85.02742410517091],[75.20767632761553,85.00211517458447],[75.18267917956355,85.0075303896416],[75.1698682453878,84.98785120619254],[75.1461280724802,84.99470917242859],[75.14578091796061,84.9311509785423],[75.12539868329638,84.9350378780322],[75.12057138066032,84.91391242492014],[75.09760866286979,84.92126077106695],[75.11940528347715,84.89923035983118],[75.10736928376211,84.88451327919965],[75.0842302586196,84.89433254485965],[75.08628279190948,84.86713200605821],[75.06894158912198,84.85087500484057],[75.08357694205249,84.83352603953092],[75.05517960319915,84.84308779641307],[75.07497635543025,84.81611753281383],[75.044985120232,84.81391187325437],[75.03636115392278,84.76322229313642],[75.01414182533222,84.76186594897325],[75.00355379239008,84.77460285163599],[74.99951438401632,84.74989258933041],[74.98129008885732,84.754152207529],[74.94302327776352,84.71984854972665],[74.93370109738288,84.6835213480327],[74.94420996064349,84.65961042915546],[74.92170156013341,84.66774607611394],[74.94730900895601,84.61188383181246],[74.91674037354605,84.6180377388334],[74.90715210913703,84.56566589636377],[74.87593534421745,84.5230007474348],[74.77230134134632,84.50360177772706],[74.77789564239568,84.48574559424739],[74.72906106062874,84.48103347273553],[74.67971597552327,84.45431611500521],[74.65516459555978,84.47509397798592],[74.63358380992679,84.42595317710048],[74.56226343837454,84.40176477112811],[74.54202347173724,84.32059534578076],[74.49909864266893,84.34274783149516],[74.45634738033557,84.323095279236],[74.37284779044623,84.32485115119076],[74.38303748870476,84.27045757391551],[74.34948999229614,84.25905447006164],[74.33178783591222,84.23504069219285],[74.24934911405957,84.25197434403628],[74.16454086445691,84.15946145899443],[74.12104100888158,84.18603454908046],[74.12286426971212,84.1534350223846],[74.10160194219273,84.11730117385744],[74.05439683631738,84.08950783207963],[74.06759685842809,84.04976360063927],[74.0601897324689,84.01269927126137],[74.07582675369625,84.00090744352113],[74.07187091033639,83.96341838416919],[74.03364738336329,83.95406402760321],[74.02543608328321,83.9291040931555],[73.99970412208899,83.93074760104905],[74.0043073420922,83.90965532561876],[73.98371131221744,83.89011939740556],[73.94482602121299,83.90572130597442],[73.93460156065744,83.87042461949925],[73.89289656914399,83.89881242957506],[73.8900077231553,83.88684277291833],[73.91083061494452,83.86812699720066],[73.8772161356318,83.85818840522539],[73.871765251915,83.82355113455016],[73.85574429181099,83.83160542334572],[73.85660364862169,83.8567287932801],[73.83137094160516,83.86406885374045],[73.84510210691435,83.8028498162284],[73.82732604184515,83.79694685289054],[73.81329569790144,83.83580185102421],[73.79654788964682,83.79495566620966],[73.78128276174289,83.79082303699008],[73.79329177787669,83.74843928778871],[73.80972126926977,83.75635170250675],[73.82131170060504,83.74210283614813],[73.75297078366755,83.71004421507435],[73.78600287458468,83.64386832488798],[73.77314693758417,83.58733340409128],[73.80602536936837,83.57201693582654],[73.80578071116861,83.53886289826313],[73.733907044594,83.4919736522604],[73.71409765595939,83.5078625089916],[73.65615489229054,83.50931516212027],[73.65845616586401,83.46597287833244],[73.67141126280814,83.47906734841344],[73.68703068497206,83.47125189831849],[73.66645777666237,83.45435896468959],[73.68526756599576,83.43730288244254],[73.66322080223833,83.4278720399869],[73.65644213475268,83.40580987061753],[73.68567587721651,83.394801240199],[73.68725908777732,83.38568217597201],[73.67092877342529,83.39559938578792],[73.6590223228055,83.38631038111379],[73.68085736396961,83.35624921176984],[73.66539372248928,83.34695868296164],[73.65200869923629,83.2820800531373],[73.62961673814635,83.29837533303154],[73.60269173146828,83.2895428904152],[73.6162778813079,83.25138486444558],[73.58531981392872,83.23636796611017],[73.596642037919,83.21819386687928],[73.58532079180064,83.20403431645421],[73.59558040432879,83.14698648449776],[73.61821237363607,83.14688225835876],[73.6365904286784,83.12421181002847],[73.64382249467418,83.14843965471866],[73.67609635654033,83.13697154577984],[73.6830722736668,83.0785861158063],[73.68951343266353,83.09726604241864],[73.7090292019363,83.09810289963197],[73.70293016897584,83.07546801320925],[73.72533281631294,83.04366313629836],[73.71627345545848,83.02404966243613],[73.73757554743409,83.01104159666163],[73.72621646863807,82.99533542614452],[73.77156554954101,82.92719413862594],[73.75102297059263,82.8884165544713],[73.79181153850423,82.89749708532797],[73.774282241295,82.88369158263049],[73.79583819849657,82.84994320452913],[73.78127767240987,82.78881878888512],[73.80556987363612,82.76584621755163],[73.82848295345761,82.70813917441518],[73.79526276638866,82.6986036053461],[73.80769130259311,82.66519625850914],[73.77031247247685,82.60016328853322],[73.75472663075365,82.62682289766249],[73.69725593529894,82.61230276156624],[73.66259971496531,82.55144115513968],[73.68991780836708,82.52614879446375],[73.65368206496242,82.49042417071503],[73.62593621856608,82.49291322940839],[73.59734908463851,82.45582382346919],[73.56134873439312,82.4627010254517],[73.56316363080451,82.43143969409823],[73.44652182675173,82.42757887726782],[73.3854872696302,82.47131018109246],[73.36096090770246,82.45724385373919],[73.34438800176794,82.49337183288685],[73.30592263961009,82.41601505570627],[73.28043368978521,82.41320661377563],[73.25597359119212,82.43447680005762],[73.23001591754573,82.424331957481],[73.2376789344579,82.39471112951856],[73.19268638399376,82.37527975145113],[73.15806462344412,82.24414538724193],[73.19177194306597,82.1989378408067],[73.18057915155401,82.17712389455502],[73.20034561039756,82.16070569864877],[73.20452739972362,82.13608953389618],[73.17800207184241,82.14167728151067],[73.18344617772902,82.13287290861813],[73.15770158734202,82.1174845117617],[73.16464062655763,82.09913838098839],[73.14958209321975,82.10701674539246],[73.15439778091107,82.09255667939273],[73.13212382614861,82.07631685049918],[73.0931142540662,82.09234163971587],[73.0738551021318,82.06860844549286],[73.06150603404498,82.08469014910384],[73.03492390264195,82.0815630617568],[73.00347479447876,82.05532616446976],[73.02900238125413,82.03901920580445],[73.03290274213188,82.00136626280059],[73.0672910966222,81.9834147369875],[73.06232215732473,81.96354198074917],[72.97471246347679,81.98228316884318],[72.96677378234915,82.00385374164458],[72.95201599319276,81.97701548466398],[72.83399175624841,81.97662569562114],[72.83255441175152,81.96333319075083],[72.8205961224962,81.98440077464612],[72.8016469278304,81.97557869983014],[72.79252093860747,81.98721762528515],[72.75705223384858,81.973327275011],[72.74641203879183,81.94752277453739],[72.75647236858728,81.94126846807326],[72.66872221400116,81.81235381255792],[72.6290684800551,81.70598267848447],[72.60555789871113,81.6949476356698],[72.60054720124765,81.6756960268882],[72.6111254608835,81.65630344503388],[72.64275627612477,81.65584496022873],[72.66099887344083,81.63292200898695],[72.66949768498827,81.55753036148869],[72.69440565827918,81.50815403077546],[72.69345250392742,81.48014016025114],[72.67496820927958,81.46600439615358],[72.59421395872693,81.4755744871139],[72.55128829410609,81.55026170365784],[72.5216253918057,81.57607341119683],[72.46782128198069,81.59266729366928],[72.41604205521028,81.65161138181574],[72.36023484408133,81.65892452120971],[72.3250600323745,81.68816168074795],[72.1737235077501,81.85890168144623],[72.15742677411357,81.90696960473583],[72.1735078208076,81.98249533842373],[72.16598279477971,82.01803387883292],[72.09475058807291,82.07703729389534],[72.061015487323,82.08933290208593],[72.01010645453049,82.15607608545139],[71.94180495223426,82.18640208100582],[71.90363347667437,82.17585289554181],[71.89160446385594,82.15395899631734],[71.87571818025073,82.1723874209537],[71.85618196352131,82.17179169821435],[71.85892502133635,82.13841509438919],[71.8167789102894,82.06058295190678],[71.71047865557239,82.11057138724107],[71.70182899553038,82.08014411873296],[71.67617322488131,82.06545572214264],[71.65430428063318,82.14455535811643],[71.6316227224525,82.15078081111875],[71.63688678701138,82.02545944410642],[71.62012426871829,81.9039051772678],[71.58790689018949,81.9031882340206],[71.56921841950778,81.83639013373767],[71.53339866542876,81.81695667909256],[71.49890409664293,81.81590699541812],[71.43107669803865,81.85552560995393]]]]}},{"type":"Feature","properties":{"Level":"ADM1","shapeGroup":"MYS","shapeID":"MYS-ADM1-15666254B25478011","shapeISO":"MY-16","shapeName":"Putrajaya","shapeType":"ADM1"},"geometry":{"type":"MultiPolygon","coordinates":[[[[67.25621710577798,46.62210565499373],[67.28522388529673,46.64874892851668],[67.53518799860376,46.66165161504965],[67.59025740912372,46.71413662552327],[67.69694820512268,46.718181148485115],[67.88015927424019,46.87624997742648],[68.54606952383097,47.13203538817406],[68.59084076406221,47.25993354062521],[68.83279178783728,47.386423043608566],[68.89435980363393,47.52789253618383],[68.64316530780854,47.4710169042101],[68.67486647766741,47.55568584720869],[68.8724681120847,47.61307201892494],[68.90738402787612,47.70520855654608],[69.41321841525313,47.915093839602534],[69.71549443000032,48.420710612472334],[71.87868614052022,49.60897408710222],[72.53267390380289,50.13565252069109],[72.41271566067631,50.134265113952424],[71.01330963483261,49.578995102950174],[71.02078095454556,49.84120761954061],[70.70552429345128,49.52798962606171],[70.54171050413086,49.45686946401893],[70.54202727857925,49.50133092454277],[70.1039253989854,49.27882072389127],[70.07990936559078,49.390523737550225],[69.80039013278798,49.288818561645115],[69.8280659195295,49.49922868768464],[70.38450948185636,50.030467777867166],[70.4205857663415,50.13862476909404],[70.32670779714972,50.09937762084995],[70.23784106612322,49.92614202925528],[68.98698920794911,49.08178643381445],[68.38254239906874,48.92001278115695],[67.57671645971502,48.75941431142411],[67.21432414163162,48.618032956160796],[66.49062527762783,48.463685010310314],[66.56476632541353,48.313057752738715],[67.32708910321792,48.149435157059834],[67.33381607728474,48.05642494162116],[66.52544798515409,48.00430509537231],[66.77389426854522,47.89132122470935],[66.63485570000603,47.706981826093326],[66.96656599481932,47.51272691006645],[66.88583935183804,47.48559913801519],[66.88171097657388,47.34939285774958],[66.68323451426232,47.33129744287259],[66.70722492806678,47.22316239736638],[66.32117662076644,47.199422362967226],[66.26845958550466,47.101978467069046],[66.08612318031251,47.05870194282026],[66.03848687001305,46.9951467750549],[66.17851379385733,46.821936476180916],[66.3010749246769,46.78001038070518],[66.22238012776602,46.69946396527082],[66.32355449703614,46.597422545082324],[66.72498799235673,46.65172742767953],[66.8344816593402,46.542107178526145],[66.93885083536284,46.62514614384885],[67.11031098366122,46.6000191801258],[67.25621710577798,46.62210565499373]]]]}},{"type":"Feature","properties":{"Level":"ADM1","shapeGroup":"MYS","shapeID":"MYS-ADM1-15666254B41680983","shapeISO":"MY-11","shapeName":"Terengganu","shapeType":"ADM1"},"geometry":{"type":"MultiPolygon","coordinates":[[[[90.88936152488088,70.63207813818985],[90.92625864767763,70.5950137612421],[90.93454912169214,70.56532130530402],[90.96589489070588,70.55480341385203],[90.996242694671,70.57669099170434],[90.98489739923102,70.60642574744196],[91.00635793405,70.64182772628713],[90.98948695469907,70.6689396252985],[91.02676131679074,70.69265519847728],[91.02120139495413,70.70427514406407],[90.98915097890162,70.70703733463536],[90.9913763889781,70.71760382899473],[90.95494138056297,70.71726185281042],[90.94143857639482,70.72716191285748],[90.9488934447369,70.74361518908611],[90.9384407270448,70.74265684856344],[90.9131544998975,70.70210071116401],[90.91237205623453,70.68747892748998],[90.92147345463027,70.69123426814885],[90.9302858599579,70.67651315171751],[90.92276098612167,70.65068870093775],[90.89590873795751,70.6467771336816],[90.88936152488088,70.63207813818985]]],[[[87.42750005147208,74.20690160266231],[87.45544064285264,74.11124379756248],[87.48530013275983,74.10499862340568],[87.50435550277703,74.0776305028246],[87.5158092208365,74.11984404760213],[87.50463271962239,74.15335474691315],[87.51452523519347,74.16733690098616],[87.49217818295806,74.20536434071549],[87.49973078722536,74.2177475704635],[87.48290416523939,74.29716102962276],[87.47692467130248,74.26371628925813],[87.43472057578595,74.23238863396975],[87.42750005147208,74.20690160266231]]],[[[85.34259028273794,78.68912733260535],[85.3761516390911,78.65000066402229],[85.37531719021206,78.62011519889003],[85.42103435670688,78.60149942650865],[85.45778709064885,78.62302015957795],[85.47476067731205,78.70201860135639],[85.45285205332151,78.76186708725055],[85.40104455108596,78.80164988381904],[85.35281516370227,78.76362718349971],[85.35711504744108,78.71723138474735],[85.34259028273794,78.68912733260535]]],[[[83.68877900178276,80.70907538362125],[83.72630826117114,80.6672986077489],[83.72994826496635,80.61590456758827],[83.77833234098395,80.60555784703541],[83.78838660397712,80.58785353680133],[83.81271999526591,80.58716566812447],[83.8234768288666,80.57243608213021],[83.82553877962951,80.59480428150164],[83.84013012173779,80.60208010638505],[83.8255217043818,80.63028287517997],[83.79619715662321,80.63725136554211],[83.71231688618342,80.73334152560673],[83.69371909412166,80.73407825712026],[83.68877900178276,80.70907538362125]]],[[[84.59583102960775,80.43680478454172],[84.63312745972507,80.35358919492728],[84.68155348090373,80.28354800509535],[84.68987147786223,80.18387125459714],[84.7296822471713,80.09614116748642],[84.72693012424457,80.13800462917604],[84.73865036044279,80.13476563601857],[84.74640544708029,80.17188949392389],[84.76947959733099,80.19100881812986],[84.78867980930633,80.11417370874861],[84.8581887525778,80.0855671074285],[84.91087713088905,80.10393232571938],[84.9081612913045,80.12548300539851],[84.95393006153562,80.2050909244478],[84.98613072232571,80.21435578735708],[84.99228060937375,80.19365859012456],[85.00412575601933,80.18961891944957],[84.98701104412274,80.23051919501356],[85.0206343139478,80.22692929771407],[85.02312818202569,80.246791703218],[85.00895562251469,80.26574807357356],[85.03796628600935,80.2785808497652],[85.01665591453619,80.28532541129152],[85.00640064056628,80.32256376616208],[85.08383857076328,80.4238132322983],[85.05821450696328,80.43834802056841],[85.04022386089797,80.42968587056026],[85.02784535544652,80.44463892797616],[85.00118439291404,80.4356579220173],[84.99431786490678,80.45199481826097],[84.97745072054896,80.44453347253616],[84.97383981255341,80.470762603166],[84.95988580377717,80.45330829095752],[84.94094232543402,80.48090491759184],[84.9189662493295,80.48559909530681],[84.89069026320287,80.44677466355097],[84.88569739571132,80.41011984609179],[84.82592092941431,80.42182004416168],[84.81203510002075,80.44416308242543],[84.81132996977547,80.47876428104223],[84.83865285805902,80.53902225066645],[84.81853790501972,80.55607606922821],[84.84548049274139,80.56924076566287],[84.83860897886058,80.62080312706168],[84.80666080368609,80.63470581435948],[84.80006100634749,80.64958609607467],[84.78956780153703,80.64603009753004],[84.75363612929748,80.72273322099211],[84.75059210758008,80.68541386493189],[84.73074423712328,80.68310519747665],[84.70887618565817,80.71878561652969],[84.6912248890936,80.71169989115675],[84.6600110025093,80.73673483840858],[84.64632399234256,80.71795343154143],[84.62502022431627,80.71649103589264],[84.61060873388615,80.62870600902045],[84.64098888845895,80.53778846468111],[84.64022898538934,80.46951821236138],[84.59583102960775,80.43680478454172]]],[[[83.44088042718414,70.60675820553169],[83.73691561096649,70.2765201399068],[83.90499220905397,70.24107810026926],[84.03854898148612,70.1580199742869],[84.19468565877979,70.01593647168454],[84.28239967422581,69.93335987713826],[84.5767073190747,69.72750672867886],[84.66535142687145,69.71196586924864],[84.73034342979801,69.73397669334804],[84.79357618029618,69.6763239932519],[84.87183880878675,69.5466622847628],[84.96419664308509,69.34319236291617],[84.99569008152054,69.20765153331122],[85.03704205931453,69.09261806812334],[84.97284078664688,68.99825699161558],[84.99504486470842,68.9061366642021],[85.06151626490674,68.8035125310239],[85.03872087998732,68.73620750280062],[84.9018280569789,68.69673068107363],[84.89246482337094,68.616563298259],[85.09932721986567,68.20853922674675],[85.23957785898827,68.02876259641613],[85.42606105103968,67.90797118152955],[85.56653939356323,67.94112909137894],[85.63302876567249,67.90772954750538],[85.76557652554979,67.69776722960601],[85.84060536830799,67.60957018879529],[85.90075357946407,67.47942133737212],[85.96743817186764,67.38346505973693],[85.97728930285847,67.32447234940089],[85.98099574501873,67.10614605731867],[86.01960716008044,67.01742929282179],[86.0856423282103,66.90321125604552],[86.07713202449531,66.84774579376365],[85.93602578319592,66.9399767802399],[85.89396985950575,66.86088024455461],[85.92287191359316,66.65840481758394],[85.85948862992491,66.66118470481774],[85.88868073276461,66.55416786322151],[85.9396743278927,66.39816765792305],[85.91795023500381,66.22654421531308],[86.06244121741199,65.93081897113599],[86.08732814965205,65.78569626260426],[86.03854358985078,65.71781975203969],[86.06489323025966,65.63932660832506],[86.16095387131107,65.47897407925387],[86.26457200854496,65.39046396435852],[86.35413603031485,65.40042546272335],[86.43826434862983,65.4652415167537],[86.5259336050509,65.41959879136408],[86.81381377686867,65.26380321544099],[86.91989321882953,65.13292870155746],[87.076217071863,65.07942740410502],[87.16114171655119,65.00710021423309],[87.33709839641494,64.7957704363159],[87.45922139405258,64.71646236807102],[87.6000808455949,64.57261228976353],[87.68886299051292,64.57926984921556],[87.72507802094484,64.63210189811262],[87.78844509285496,64.62305663056453],[87.88420563583223,64.48178241524347],[88.04241183348184,64.46321194030901],[88.17140803162579,64.27509429981208],[88.318560194658,64.16228738831262],[88.36584358710695,64.00203622702864],[88.51833622331651,63.794865838452786],[88.67336883003343,63.711686039982],[88.77703412414262,63.749803487778976],[88.75324018920512,63.929221396001005],[88.65356011280826,64.11423476178354],[88.51189299361585,64.32959542173187],[88.44215180754405,64.5236601877666],[88.34596102240405,64.69162568221964],[88.2518185657047,64.79753573386482],[88.19396356478279,64.99718942691077],[88.22967876170881,65.28015531643624],[88.1774103277111,65.54618390294824],[88.22017326673358,65.64517250417985],[88.3463111541298,65.63999052210265],[88.44232975107964,65.53579962749227],[88.58556378881514,65.53554743358598],[88.93160223084445,65.62181434181569],[89.05497622506823,65.61341479287114],[89.04882277626785,65.72746647879177],[89.07674846774515,65.85393951584126],[89.11115102319786,65.9148030957733],[89.1061048816165,65.92059675237799],[89.14645812447277,65.9237220116438],[89.155854897556,65.89530135786502],[89.16032632958124,65.90634558297354],[89.18409888930645,65.89391272229496],[89.20745366277563,65.92143174139423],[89.22405548389496,66.04948908577572],[89.2485175110827,66.06879604771794],[89.28961171931435,66.06290775502556],[89.2779272007774,66.0103208733635],[89.29361940724165,66.0109455880737],[89.30932134760597,66.07932364137854],[89.30690377181276,66.1372118895675],[89.32495672178868,66.14429524328607],[89.33572299316964,66.2071048543365],[89.36003825642081,66.21343939967863],[89.34696047368412,66.26561313886259],[89.35048830300435,66.3102770671094],[89.35985074222926,66.32054327013864],[89.37173707324044,66.31110030315644],[89.38767980147007,66.31871043715356],[89.38404212866523,66.33751829285353],[89.39612489725769,66.3381165711931],[89.40009462630935,66.32289593317284],[89.39751531604341,66.35678863861312],[89.42469954437655,66.39609564793578],[89.43397239921774,66.48228723721947],[89.45996024994356,66.52026211254532],[89.44982988764775,66.55050222896128],[89.46992092072564,66.60986224168155],[89.47261712555924,66.67927855478403],[89.42321099243134,66.75775022697255],[89.31821483515857,66.99515482386502],[89.23887978940097,67.23677846113794],[89.24957523601408,67.37678972180584],[89.26606138639335,67.41869376067658],[89.24996330312013,67.4829185164017],[89.25842822433592,67.55268418044673],[89.21387922030308,67.7274031475173],[89.19466035005587,67.85607517665235],[89.23775544707252,68.13769593009819],[89.27421179551446,68.22966565020515],[89.29088602504615,68.22996086713869],[89.31409128386436,68.25768246807397],[89.36639751846486,68.25684114165644],[89.37698810235172,68.23635730097803],[89.4082234886551,68.29340223501278],[89.43370724163465,68.31781748361077],[89.43958376370924,68.34763162826259],[89.41050628271998,68.46320232155558],[89.42792095360043,68.4854736183544],[89.37947453210049,68.59075489555781],[89.38987156455863,68.60995658782316],[89.18458541426082,69.04910768241457],[89.11638440478679,69.22537851245879],[89.1059998943605,69.29292856613972],[89.11211713146498,69.34855773891236],[89.13312186155598,69.38432262443379],[89.16335182966475,69.3594442852356],[89.18477369243433,69.38381212326121],[89.15669206383586,69.49555502679155],[89.17382651288229,69.48645624708544],[89.15626244620918,69.50801716964492],[89.17959701383077,69.49678501763006],[89.15870833527597,69.51403418771207],[89.15139524020461,69.54029829793141],[89.16453518017303,69.5635710489365],[89.15628929222338,69.60008133361691],[89.17133504491312,69.62245576940258],[89.14507600476989,69.68544977947816],[89.1498890032329,69.70429522861892],[88.9489795310748,70.13376498166227],[88.92092602646206,70.24413705520479],[88.93920053651706,70.31112767401328],[88.98056902862581,70.38004975165812],[89.04932650210831,70.37764196190464],[88.91833451985266,70.59405635380467],[88.9240623303104,70.62693068864516],[88.36875310472088,71.47916495610335],[87.77024675286745,72.48717344045957],[87.22928595072372,73.64185151241936],[87.11924489544805,73.92270720410136],[87.04832257349439,74.05507010405742],[87.05146925782904,74.10845015502306],[87.03222954888567,74.12531672030839],[86.99599574745396,74.12770667427145],[86.95347134753183,74.18931017424349],[86.76907316014987,74.5208940659324],[86.72782477836182,74.61730148574351],[86.7411365087452,74.63186437730093],[86.72769244603327,74.63305346601375],[86.72232845366253,74.67688989245644],[86.72164538106566,74.69159331362805],[86.75837948168768,74.69211048892575],[86.77031899434121,74.65329625896288],[86.75314703084386,74.73393185711069],[86.73473972460917,74.74627815635581],[86.65006025463447,74.9039601835782],[86.63213557547247,74.91537138218949],[86.60776599770095,75.007486306846],[86.39884352299012,75.44351074842447],[86.39322155282656,75.45768417969559],[86.42666145187818,75.50503110241074],[86.4103161897533,75.56679477549922],[86.37474623216501,75.60088812976699],[86.25475190537298,75.64732209183154],[86.24548532125914,75.68003094532241],[86.22920053322545,75.68449449339424],[86.08178127807717,75.99955818076447],[86.02379478039637,76.09604228133371],[86.04685228323592,76.16692493569795],[86.0345461697655,76.19227505117182],[85.98181444699779,76.16393056063993],[85.92531781266598,76.25649920978252],[85.3542532234523,76.92740677398383],[84.96005708779546,77.44048023989464],[84.69977464551833,77.73586029253403],[84.56186320301221,77.86748183842943],[84.4455822866405,77.94985834966965],[84.4091918890006,77.91932105614555],[84.41579940553935,77.88791043796071],[84.39183751120079,77.88247323838183],[84.31517721451326,77.89738014398067],[84.17232109903787,77.97683115162083],[84.04233786625248,78.10362767302865],[83.82582457992751,78.37247980687127],[83.79878971716361,78.3802194444673],[83.66292930242233,78.47977482643552],[83.47296931599888,78.65070168623976],[82.97050814814688,79.18498281122903],[82.65305277363399,79.49545937586532],[82.42990218213264,79.6727373425898],[82.36610481258306,79.70806248282652],[82.09232768573708,79.98637923346978],[81.64629443702218,80.47700487467564],[81.29523100634074,80.9341855504215],[81.24463692510787,80.94730304880142],[80.88866489735247,81.28847719855256],[80.71175376835491,81.39189813682847],[80.61164551871066,81.47421118679009],[80.50227405948937,81.58747943385214],[80.52196231133674,81.56231548883346],[80.52235766492197,81.52773640127445],[80.4904242974615,81.53718321386816],[80.4824573104177,81.56740390898216],[80.47160336696109,81.55483126959315],[80.34125258342489,81.61655818668062],[80.19128498862659,81.74491583299982],[80.08877203991473,81.57824878942392],[79.80041680046793,81.25225449769819],[79.54950973137812,81.03526826197972],[79.29995047070958,80.88624594433665],[79.16753313764667,80.67853092336102],[79.05585520792712,80.59958758518289],[78.99878379964213,80.45793510174063],[78.91676028607402,80.50044588870836],[78.81990590705101,80.45604995355205],[78.81366569642036,80.3711850843652],[78.90132614092795,80.27397981996583],[78.89421118812669,80.19557409504525],[78.92676882604175,80.15162494116667],[78.93470209943959,80.05378348779381],[78.9896589926467,79.95524170007324],[78.9797870488215,79.86621994841506],[79.06524070504567,79.79178782927474],[79.06451184508622,79.73765770228174],[79.11851203929636,79.72765572293574],[79.17928090053462,79.6548171289605],[79.14803309939632,79.53978549105358],[79.2023015220417,79.3801914753494],[79.26923544827102,79.30381251655395],[79.26934784556883,79.26345737828778],[79.37586400228474,79.15741149374674],[79.38647040464473,79.1210831846854],[79.42606938373173,79.07970652442341],[79.44898279245925,79.03496543182594],[79.50532541947221,78.98283564542348],[79.48020217003409,78.97623851271966],[79.44309434465382,78.99837327424915],[79.40953346707671,78.98854373133926],[79.45481497592924,78.93520382670982],[79.46153376510526,78.8650684807517],[79.40064020823361,78.7973002484204],[79.32234290509919,78.8046655166427],[79.3345737830128,78.76491622473708],[79.37604263436057,78.70910354056747],[79.44401393490998,78.66748486182522],[79.55538177452628,78.5415009983685],[79.63196388001063,78.31027331121565],[79.70581771293416,78.25676477407437],[79.80710592733128,78.15596266980685],[79.8127506023271,78.08703474240853],[79.90079609173557,77.90881494197917],[79.87393877726335,77.77011109554567],[79.7840309524151,77.80835577106993],[79.85360552860585,77.61016401500969],[79.9132632518505,77.57145204029416],[79.9528383092929,77.51330773509675],[80.0057642330446,77.47010105982318],[80.03755090639794,77.42013823999123],[80.11938530690226,77.38484177367552],[80.18497550725489,77.30273608087285],[80.24969976796923,77.31285616863101],[80.27054122761679,77.21812055784646],[80.41321318605361,77.02617029401772],[80.47588465973354,77.02985293387279],[80.53693914970606,76.95419900266903],[80.55388188058257,76.82588809859993],[80.45776095285837,76.86525110762571],[80.45879128742868,76.81461480161713],[80.49423688618921,76.75534898224976],[80.48966180469043,76.69078132729369],[80.57031562921624,76.52432438394189],[80.56426943713994,76.4661867350282],[80.51434532067259,76.45600513509386],[80.54967834140874,76.24810319919243],[80.52468798779245,76.22073492419378],[80.58298948200454,76.12289259439409],[80.56767589238949,76.08947614342289],[80.63187132178237,75.95414564834012],[80.62730568874889,75.83917791081242],[80.69970859759583,75.6263637435089],[80.6940410491144,75.57150574969387],[80.73237628488809,75.48246127343467],[80.80646148091965,75.38027187442736],[80.85217270994454,75.23281542388584],[80.83683759533302,75.1840017411394],[80.85045905589433,75.13756755955093],[80.8471912682252,75.08888903915381],[80.82381021835224,75.07148293891981],[80.82726913226224,75.0041698762444],[80.87039836221675,74.95316116550623],[80.93080202561333,74.95695336588054],[81.04066064930105,74.92174782813827],[81.14632912193629,74.77171097486678],[81.2300750295051,74.74262374752138],[81.26224894152021,74.75514678697564],[81.33128078597356,74.71086782778048],[81.33227261916657,74.64928908240341],[81.39563647246412,74.61284083571842],[81.40228949376869,74.56223337635231],[81.47981357741382,74.44419144931695],[81.49557989372106,74.33188849898654],[81.56866982327269,74.30502128143868],[81.63947929961714,74.20884145553477],[81.6836839858905,74.19943894901003],[81.68438592659994,74.13283467747138],[81.77121403055506,73.99246624520815],[81.77249096874154,73.94726542534035],[81.75766920228037,73.90503474320182],[81.7248136014182,73.86272002671146],[81.73382446592515,73.77229359600337],[81.70503115860213,73.73236889978554],[81.67891748495808,73.76869451205188],[81.6488359886689,73.75960461326737],[81.6293456582878,73.68112044809672],[81.6719239893494,73.5892936055239],[81.677602260918,73.50829726912761],[81.73040705643072,73.4023056971996],[81.7099492136129,73.28772313860722],[81.75969642914511,73.1952642588],[81.7661572597259,73.14826686235668],[81.79038212697937,73.08871601448325],[81.7632890133888,73.00856392103057],[81.77298399632431,72.96059203404928],[81.73671159047882,72.9210464767205],[81.6759096999708,72.93033212956362],[81.67486958168374,72.90000798745683],[81.7026794486126,72.8573464552677],[81.71337377395307,72.77807008453016],[81.78078296699044,72.6529136058298],[81.81754651882954,72.61467302380653],[81.85686810604331,72.54349385034602],[81.95116801917467,72.44501793755258],[81.92364682516703,72.3803872972687],[81.93655575990519,72.34492103888623],[81.9937176295735,72.29731393939768],[82.00335586249412,72.25713295450979],[81.96985151201113,72.26099663440434],[81.96708942296529,72.23361800466535],[82.02553542645491,72.07651107185275],[82.01816167905146,72.03902430111225],[82.03668017729288,72.00231078925393],[82.01696206689243,71.98041738478062],[82.02001452363945,71.94181517192784],[82.11200135235228,71.89298566063505],[82.1936462259107,71.82419978040863],[82.21667715927995,71.84530769947477],[82.22141464068565,71.9115134331915],[82.24995526705054,71.90744212597907],[82.2793833609499,71.86807903989458],[82.36516050017504,71.83758744431208],[82.43226340307481,71.75827883353959],[82.4830739212386,71.76567966247208],[82.53761063592697,71.69080261988977],[82.54840899267388,71.70644154085724],[82.6196541573447,71.61490995583003],[82.62994517393336,71.58156049422882],[82.68064506835232,71.53286403194053],[82.700699280539,71.51821014743388],[82.74113319986286,71.529517447817],[82.78580315537387,71.50753211380912],[82.81325980261316,71.45320892097007],[82.86941394192431,71.37653740977667],[82.91779223655968,71.37330386118592],[82.97718844177733,71.31182788164722],[83.00753532245741,71.32337515264527],[83.03789736061863,71.284904381618],[83.0896270356039,71.25180325798917],[83.11253269772774,71.25563106167583],[83.16315027608525,71.18167796272917],[83.15478760843558,71.05612037607654],[83.16902387888982,71.02934894728858],[83.17433901881276,70.98740959040094],[83.22782488140659,70.96683646806501],[83.32464687691257,70.87698163845768],[83.36355154180242,70.79809684899243],[83.44394184115112,70.74093640045245],[83.45805051386762,70.68506917984229],[83.44088042718414,70.60675820553169]]],[[[82.12604620836206,81.85823858206079],[82.15530187773804,81.77781990002805],[82.17852320572823,81.76858458510695],[82.19347096677153,81.72190385935286],[82.21971325629065,81.73704170369705],[82.2106701428348,81.808596411615],[82.2749318427611,81.83870277676895],[82.34556996381004,81.76684470608326],[82.37139635257593,81.72176499659678],[82.39900630181221,81.74242039690236],[82.4405788491084,81.71242420424822],[82.42973854984022,81.745418767214],[82.45755178687924,81.79251992126619],[82.42817673529741,81.85142064969543],[82.4003605789253,81.88006198284808],[82.407410547304,81.91768817784506],[82.39740097294435,81.95239066501588],[82.4081150457431,81.9692208964494],[82.37896749381846,82.01190697498592],[82.29457172916159,82.06041156446643],[82.28109023911097,82.11452599091947],[82.24949814095237,82.05688403062601],[82.24373186358054,81.99732965225047],[82.20663902729376,81.9868366318454],[82.18282248291278,82.00250321619113],[82.15145214857748,81.98054671733894],[82.15956388133371,81.93266257924257],[82.13354359174504,81.93036756282056],[82.11349707330942,81.94720050387659],[82.12652728824389,81.92844697284889],[82.12604620836206,81.85823858206079]]],[[[81.89937897366619,81.93593386567957],[81.91585161432462,81.90715891170429],[82.01497529743004,81.8638830673077],[82.0469206920818,81.88712901969579],[82.06257214159938,81.92660882464318],[82.04792358501852,82.00984172772175],[82.01092506157812,82.05332038145487],[81.96246393596776,82.07958942671883],[81.9385281313529,82.11705102002345],[81.9395541663741,82.14139854982086],[81.96693355273237,82.14131778614794],[81.97202559671666,82.16133382167205],[81.95197524692472,82.16857777705192],[81.94871791503718,82.18548274705319],[81.9236910125204,82.19854300582597],[81.91063080532447,82.22215736251808],[81.92278250124976,82.26076105186891],[81.95742612164892,82.26351855343249],[81.95060194138102,82.29064896784314],[81.8983200524804,82.30581739291097],[81.86878047341796,82.28522484668119],[81.88654493460932,82.25393729271761],[81.87312233259526,82.20598142499152],[81.8874083975565,82.17278938028028],[81.86856797847268,82.15589945106356],[81.88920115049962,82.11618736504678],[81.88110506671065,82.09466053587809],[81.8983419131479,82.07388825914704],[81.88620755574665,82.04116488060154],[81.89937897366619,81.93593386567957]]]]}},{"type":"Feature","properties":{"Level":"ADM1","shapeGroup":"MYS","shapeID":"MYS-ADM1-15666254B75294568","shapeISO":"MY-06","shapeName":"Pahang","shapeType":"ADM1"},"geometry":{"type":"MultiPolygon","coordinates":[[[[82.95069708658806,61.92081059508247],[83.14696867735233,62.02172188602376],[83.243573400504,62.02445863521926],[83.31663298526666,62.08470828558225],[83.33592760315419,62.15937798452161],[83.40951454004819,62.19254393852244],[83.4954743586079,62.129913584259185],[83.54834506675905,62.12131686059721],[83.63617836553549,61.972800298159044],[83.82474840874245,61.971253050808464],[83.91122380032478,61.94038467146268],[83.94418732951071,61.950613391938695],[83.97228739061356,61.92233438925306],[83.95012782225054,61.81438903460791],[83.99287174179025,61.785168497097175],[84.00329007495225,61.71808325740244],[83.97678042414577,61.66366074893277],[83.9231205697761,61.65723919423484],[83.9931522348551,61.59242264952725],[84.1125526521806,61.529068743751026],[84.18352961496487,61.52237342281225],[84.25708988972124,61.462261070175956],[84.25907137394384,61.44652182965935],[84.37124022654645,61.3794723347953],[84.43698916919857,61.381563563776766],[84.46294293924038,61.397781862645104],[84.52631757813896,61.386951272538],[84.57138366981242,61.39636425221742],[84.6195495302195,61.348288350136116],[84.65017876918165,61.360480074640364],[84.70614435697732,61.34146424162462],[84.74940120375244,61.23970066345068],[84.75415752896015,61.17961986450624],[84.73798646495241,61.13732036444827],[84.75517948884783,61.04580347199932],[84.74517169278525,61.01663031073553],[84.69173311245865,60.973240207741874],[84.68298262876496,60.92021796475494],[84.70955328181809,60.8916285342152],[84.66567345190805,60.768579929585286],[84.71113150269727,60.725248532876286],[84.81441519973764,60.76900896701709],[84.82871499787298,60.767810327125446],[84.83144268639747,60.71759417366083],[84.8506206669164,60.71369425785911],[84.88600486579075,60.8093427835321],[84.95579704800484,60.87185035674135],[85.01241382584718,60.870893056378094],[85.15993883099267,60.96138147291186],[85.26968868286636,60.95335122287207],[85.30622246716881,60.9131467928475],[85.32216163057707,60.91458469138866],[85.34175041712012,60.94489443380019],[85.34933329529652,61.00257800761057],[85.42284260028707,60.99399048863338],[85.43567841837267,60.93783437247906],[85.47336292164587,60.93239807542691],[85.48833540084937,60.954956617508856],[85.52467929729033,60.959446964250525],[85.54188252725659,60.94867498257851],[85.58531477806054,60.77518437266474],[86.00294250480043,60.47758083933231],[86.70494054884061,60.14650363877833],[86.71473981499112,59.619645288996054],[86.74723188718559,59.32055514051025],[87.15041210418812,58.35871186366222],[87.22698259326575,58.29792097511692],[87.21449637405436,58.22123723252754],[87.1771165190662,58.15244202776688],[87.1450148359409,58.07344231777696],[87.11804479050949,58.0464400116761],[87.10557373904584,58.018892782962055],[87.0898609189118,58.007684332573774],[87.06649008417429,57.93101264013631],[87.05224070735179,57.92305575015948],[87.05305388365721,57.91156985777177],[87.06965123137955,57.91719076134163],[87.05739636035986,57.90315835558383],[87.37645145587952,57.57415288344049],[87.37685424174803,57.52669389408547],[87.2912668565386,57.02185841881506],[87.19367145285199,56.662193160580614],[87.0520274258221,55.57306739499704],[87.09103428492497,55.39920947434353],[88.18214348291046,54.08042974948243],[89.64515512103569,54.41866147305469],[90.25251317334603,54.40041175313682],[90.72626705148545,53.82048922996771],[90.79514096028423,53.798479932957775],[90.90451688809561,53.70242239401656],[90.94415330017796,53.65452768779783],[91.0481266902172,53.488605194284276],[91.15731007160443,53.273529838144995],[91.66039619400674,52.65435278973047],[92.1868609034904,52.03066917036735],[92.16343471443388,52.12532297520802],[92.16700102224098,52.16742291379417],[92.19353706820874,52.1057935071406],[92.22850584421371,52.055422924404276],[92.289369448477,52.029458548628135],[92.33530367008638,52.240525414770204],[92.28874789060453,52.279604394840945],[92.27048749780731,52.311286146364516],[92.24789542406471,52.465865240026545],[92.18999262349436,52.57531672315014],[92.14079850088228,52.64301929307818],[92.13955928189876,52.72369957604193],[92.16942812379268,52.76843997307998],[92.16458159538088,52.78732342517603],[92.14262378995934,52.80506321669043],[92.11506092674782,52.78681450291026],[92.02695684924151,52.850520359015725],[91.9720972798927,52.82599053297395],[91.94283609498453,52.88686502747534],[91.93748480631963,52.945972264034026],[91.9619054388961,52.99820223102401],[91.92674438871808,53.08318442093469],[91.92801138337087,53.10149147925473],[92.00212754730642,53.19416173546822],[92.02325073848313,53.18867675450122],[92.0362546557675,53.16825192556481],[92.06122335062946,53.07686277438345],[92.08315289094568,53.07050655297383],[92.0473013400555,53.272549215177065],[92.02666647982946,53.30718280924148],[92.00705552593496,53.31879053414584],[91.97944628238591,53.24815852717828],[91.96286412167132,53.248233960549115],[91.94414479742461,53.26844591865267],[91.92693148362801,53.326911512627696],[91.93713004651761,53.41002629170887],[91.96157205751788,53.44100885202971],[91.99661394404464,53.431595669236216],[92.04989086639262,53.37117928425608],[92.08391963757107,53.36778097554158],[92.07053551568681,53.42512796310278],[92.00087228651385,53.47992363083697],[91.98535936929854,53.52598359344366],[92.00079042427542,53.55876453967756],[92.05694179131804,53.54639097361087],[92.06874012118347,53.56180000462693],[92.05312011083035,53.61591100400231],[91.9667913091875,53.74807422804224],[91.96313120309023,53.796618929416454],[92.00890266865221,53.81820407790652],[92.00666365747455,53.84473067348493],[91.94935011097218,53.90601887807562],[91.92388435155151,53.947764091869885],[91.93908668525424,54.04178351246153],[91.9288390906304,54.08483216600905],[91.89143557124697,54.12730425336073],[91.86038041537743,54.137982678611124],[91.83867912565185,54.12464115516106],[91.8438155566352,54.07809775823814],[91.88195157691294,53.9992451514652],[91.88854647255924,53.96364625507373],[91.85787311578238,53.94715489596796],[91.82081370998026,53.99010187145129],[91.8052618008178,54.0231474675963],[91.74840088510558,54.20981063889711],[91.7697901539809,54.29362102660285],[91.7932626288729,54.29754301421782],[91.86397880207382,54.238009634556946],[91.94302359531717,54.132060501524606],[91.99476437790929,54.13164615082554],[92.02587003486019,54.16062715866786],[91.99232088996085,54.212731386084805],[91.94739157153928,54.324436750193875],[91.89825598691175,54.40702428992695],[91.5387815315853,54.969429338319756],[91.3962049346285,55.202800601008214],[91.33754130934722,55.32347590840777],[91.26452767720698,55.42094521960753],[91.14760598038585,55.625892025416114],[90.83232042599602,56.245808772250946],[90.75675375305586,56.3560492970847],[90.5722742475442,56.7301569646259],[90.49483497832188,56.910732581558875],[90.39576702516936,57.21233605466658],[90.40012590859754,57.540991734346875],[90.42741314898765,57.61098264297422],[90.47186829287868,57.682670212382554],[90.52751754617313,57.79786929253429],[90.65939228199043,58.40772921305109],[90.67898778985514,58.47429968239537],[90.72271950063796,58.49961556659515],[90.73870892596896,58.53624480556718],[90.77567163699595,58.687377962634486],[90.8129390426873,59.10008952011941],[90.82914030404702,59.323539692685166],[90.77540645316182,59.48280858556201],[90.7624929309444,59.53718904954611],[90.64094225528979,59.83611261188439],[90.57478350714027,60.02280676979787],[90.52381714125795,60.19447946048849],[90.505972255747,60.27687802035412],[90.47477286852734,60.49530941827446],[90.47591905422017,60.78547817437922],[90.5103110221691,60.87155248151509],[90.53672512791299,60.91683800609141],[90.56640328666093,60.94630657458988],[90.57156214375193,60.938262026131085],[90.56576219494178,60.900032788505726],[90.5695285378081,60.854982946082224],[90.5811544967942,60.83754862758116],[90.58745873167744,60.883197217812544],[90.56581441891962,61.015419451499845],[90.53674133667313,61.137950438063605],[90.50898708889338,61.191398090540915],[90.46120489810353,61.227969144400845],[90.33753418708193,61.36004530098488],[90.19082886298989,61.544257671144976],[89.79991520250255,61.98848213540164],[89.60579841037364,62.23977061650646],[89.55918308695708,62.30842992488799],[89.47298011760314,62.447223603529224],[89.38476371770368,62.56286808028484],[89.34856038902231,62.638159452578705],[89.32352530166514,62.71975837669062],[89.31659764985525,62.79247856978363],[89.32705469936391,62.840966853236466],[89.3012032154515,62.9029084941799],[89.38210087093857,62.90708016826821],[89.43802065389937,62.89647040031444],[89.48701891622132,62.86262145039239],[89.49397791694102,62.87542736257781],[89.4607196422871,62.93312768941793],[89.45997258722554,62.944282091811985],[89.47744257820501,62.95234469683895],[89.42829326324664,63.00296880384414],[89.42453354048693,63.026045627838535],[89.32164031930995,63.15840354465457],[89.22337170775717,63.300188756324715],[89.1876360561489,63.38132751947837],[89.14782451519949,63.44816448416714],[89.10956742774798,63.55834686687061],[89.11373483781519,63.60984301179452],[89.10312762992916,63.670677100854526],[89.12778907723614,63.84025514211643],[89.15042554323765,63.87735502263895],[89.16103075748507,63.87158396911908],[89.20189410611897,63.88252654805497],[89.36202117671141,63.78560297657253],[89.38375276479371,63.78257816010931],[89.36851610612379,63.81764194790576],[89.39490940048876,63.823223334894166],[89.3714729389366,63.848620025811826],[89.33789402176107,63.85968083835845],[89.33131281383082,63.87929788067409],[89.30358892172748,63.88039066802165],[89.29774978617058,63.8888272280856],[89.26320035796068,63.88141492292857],[89.20300557397212,63.94704433878137],[89.18329192013783,63.95330357676124],[89.15724174909248,63.981468762376124],[89.18288895093056,63.99487423776223],[89.25148340064489,63.920799334165054],[89.27001560731145,63.93066213974117],[89.28719569147535,63.91714600920711],[89.29997472102959,63.92170934768261],[89.23993579578664,63.98205646268805],[89.24150520423792,63.99255692128483],[89.25064601111396,63.98538194683137],[89.23687996944035,63.99948144598674],[89.23023599935895,63.995818741501495],[89.07491220909867,64.15832615117426],[88.90318406489273,64.40363773861327],[88.8761581038731,64.46475321390463],[88.80466450464809,64.56476186565207],[88.72666932950872,64.70278935168082],[88.66157050538317,64.86575680383558],[88.66258930216745,64.91343063676126],[88.68595747852964,64.95997167967548],[88.70514835416496,64.97031480796609],[88.70343780997484,64.9553784102699],[88.73670977636945,64.95237147288577],[88.7609091266809,64.99389243010415],[88.7938107189323,65.01409638029979],[88.82410139600131,65.26239087448509],[88.86805681713452,65.35395209594468],[88.92237154400127,65.38997466638453],[89.0423561037077,65.36663211965285],[89.07505942536594,65.40679120478407],[89.07705282978657,65.49527214150854],[89.05497622506823,65.61341479287114],[88.93160223084445,65.62181434181569],[88.58556378881514,65.53554743358598],[88.44232975107964,65.53579962749227],[88.3463111541298,65.63999052210265],[88.22017326673358,65.64517250417985],[88.1774103277111,65.54618390294824],[88.22967876170881,65.28015531643624],[88.19396356478279,64.99718942691077],[88.2518185657047,64.79753573386482],[88.34596102240405,64.69162568221964],[88.44215180754405,64.5236601877666],[88.51189299361585,64.32959542173187],[88.65356011280826,64.11423476178354],[88.75324018920512,63.929221396001005],[88.77703412414262,63.749803487778976],[88.67336883003343,63.711686039982],[88.51833622331651,63.794865838452786],[88.36584358710695,64.00203622702864],[88.318560194658,64.16228738831262],[88.17140803162579,64.27509429981208],[88.04241183348184,64.46321194030901],[87.88420563583223,64.48178241524347],[87.78844509285496,64.62305663056453],[87.72507802094484,64.63210189811262],[87.68886299051292,64.57926984921556],[87.6000808455949,64.57261228976353],[87.45922139405258,64.71646236807102],[87.33709839641494,64.7957704363159],[87.16114171655119,65.00710021423309],[87.076217071863,65.07942740410502],[86.91989321882953,65.13292870155746],[86.81381377686867,65.26380321544099],[86.5259336050509,65.41959879136408],[86.43826434862983,65.4652415167537],[86.35413603031485,65.40042546272335],[86.26457200854496,65.39046396435852],[86.16095387131107,65.47897407925387],[86.06489323025966,65.63932660832506],[86.03854358985078,65.71781975203969],[86.08732814965205,65.78569626260426],[86.06244121741199,65.93081897113599],[85.91795023500381,66.22654421531308],[85.9396743278927,66.39816765792305],[85.88868073276461,66.55416786322151],[85.85948862992491,66.66118470481774],[85.92287191359316,66.65840481758394],[85.89396985950575,66.86088024455461],[85.93602578319592,66.9399767802399],[86.07713202449531,66.84774579376365],[86.0856423282103,66.90321125604552],[86.01960716008044,67.01742929282179],[85.98099574501873,67.10614605731867],[85.97728930285847,67.32447234940089],[85.96743817186764,67.38346505973693],[85.90075357946407,67.47942133737212],[85.84060536830799,67.60957018879529],[85.76557652554979,67.69776722960601],[85.63302876567249,67.90772954750538],[85.56653939356323,67.94112909137894],[85.42606105103968,67.90797118152955],[85.23957785898827,68.02876259641613],[85.09932721986567,68.20853922674675],[84.89246482337094,68.616563298259],[84.9018280569789,68.69673068107363],[85.03872087998732,68.73620750280062],[85.06151626490674,68.8035125310239],[84.99504486470842,68.9061366642021],[84.97284078664688,68.99825699161558],[85.03704205931453,69.09261806812334],[84.99569008152054,69.20765153331122],[84.96419664308509,69.34319236291617],[84.87183880878675,69.5466622847628],[84.79357618029618,69.6763239932519],[84.73034342979801,69.73397669334804],[84.66535142687145,69.71196586924864],[84.5767073190747,69.72750672867886],[84.28239967422581,69.93335987713826],[84.19468565877979,70.01593647168454],[84.03854898148612,70.1580199742869],[83.90499220905397,70.24107810026926],[83.73691561096649,70.2765201399068],[83.44088042718414,70.60675820553169],[83.38205749284339,70.63216780740946],[83.29123492420095,70.64302652570206],[83.20654853703502,70.71729111071164],[83.14709036242134,70.72722052652428],[83.0519630010288,70.77109101663609],[83.0653777884752,70.72995614248121],[83.03775056763982,70.68630168820224],[83.07925980435824,70.6475353491167],[83.0993321835259,70.61036387989168],[83.09700675360804,70.56816993046698],[83.1087912874549,70.54722351207144],[83.09961920855201,70.53118208192487],[83.11930183432634,70.50964840331808],[83.10654235449967,70.47937972914221],[83.18739771179261,70.42095747232526],[83.24573139526188,70.3173819764567],[83.31997441896281,70.20815971565179],[83.31328245301111,70.18301192851246],[83.34686309759135,70.1236457982059],[83.30178412673564,70.12477064387897],[83.26452682875549,70.15095994714594],[83.22723504276344,70.15596667316079],[83.17793485332373,70.19085766158622],[83.13866518711919,70.18486162792328],[83.12804988840625,70.15889147812794],[82.93018637803445,70.30870940452715],[82.89889724747911,70.3045053634442],[82.88816125863124,70.2852890432153],[82.91426002852093,70.22746603419532],[82.90089182123992,70.15605349867167],[82.8752186814832,70.15140381457951],[82.8673731981785,70.12861244499275],[82.88912467272344,70.08785838939198],[82.85188422544533,70.09750828460966],[82.82022469172712,70.08552975713413],[82.80394308145995,70.04110851625319],[82.7525759821613,70.05522723944624],[82.73049231873125,70.04137299192578],[82.5952337703022,70.13798355246173],[82.32442799904219,70.29777938038393],[82.32016676176184,70.32923683030711],[82.22368215213096,70.3816196334073],[82.1985662533695,70.3732933363467],[82.16772996738204,70.39261111180205],[82.09900127789082,70.38298144862493],[82.02428015717065,70.43023306821146],[81.96547399392028,70.44933768097496],[81.94371339501757,70.40627064824417],[81.8559291753482,70.44996104471737],[81.79102090741662,70.46796889135109],[81.77338239943495,70.44448946175086],[81.72484785972821,70.45828685041735],[81.7049991471085,70.40982561138895],[81.71823127873792,70.37191536796294],[81.75514400743597,70.3259422608082],[81.80134217952232,70.29606681609141],[81.82130670609114,70.24171747441228],[81.80016788677644,70.18840897233144],[81.8106033972562,70.12434917061833],[81.76880974777615,70.11028636347785],[81.74445239679599,70.01973061192918],[81.77454485181013,69.95031740560799],[81.75655919425498,69.9466600513922],[81.71638127242099,69.95936384088338],[81.72913077115881,69.92114428130026],[81.62333916100125,69.9251159162538],[81.47457361528745,70.02700437059173],[81.383166901854,70.11778371868306],[81.27329214935637,70.18837649567783],[81.24514907914369,70.16794115566317],[81.17237095626722,70.18762152950691],[81.15780230982972,70.16417970762902],[81.13587044158737,70.1618861007739],[81.09299118011377,70.1825115362253],[81.0824304733394,70.16065597783458],[81.16917892349207,70.04510488759946],[81.1249759013171,70.02319378137145],[81.0020174006109,70.11782643341736],[80.90831709765712,70.16914712737092],[80.81140593015033,70.2758033931378],[80.73918009985465,70.33795247420001],[80.67692081409541,70.3650151967802],[80.65509600912367,70.39118539338068],[80.65815833954217,70.41255135117541],[80.61985630577215,70.4784714195579],[80.56328277559871,70.5600273348112],[80.51646843950064,70.5992263393519],[80.4712348023939,70.67014624877515],[80.43037633148941,70.70327763336182],[80.33317213671468,70.81737311332209],[80.20954021605635,70.91520432455003],[80.13359946854895,71.01253955459228],[80.09789155356172,71.13275798364104],[79.91786806051988,71.4086387394894],[79.75981002408895,71.43799194367504],[79.74580641763568,71.41327538764048],[79.70462169408063,71.42760111847124],[79.66784494215086,71.37280972605588],[79.5629621244437,71.35967760546588],[79.50889020354666,71.42700151858145],[79.46979133461389,71.37876302249416],[79.51316422010532,71.29518388796394],[79.49930780177738,71.28528893095893],[79.4731913329774,71.31042706910318],[79.43527526059785,71.32362163710751],[79.39639456875389,71.3763953748023],[79.3486545885678,71.3958655384861],[79.26318461568866,71.51238736205539],[79.21816743723416,71.54079771765134],[79.22994658389284,71.45402847368116],[79.20238316860586,71.45714984264312],[79.12519132022065,71.54194350723132],[79.07310110839715,71.61772963622903],[79.00676728188455,71.66124107778612],[78.99330539478994,71.6825943498979],[78.93841491507605,71.71982199257981],[78.88976184356098,71.81184243536524],[78.753205281816,71.81492860533335],[78.80963311127309,71.7413504190169],[78.77771991171488,71.73975789907912],[78.85676918199108,71.64759422456586],[78.60389473614096,71.81679074611003],[78.54799004475899,71.90397738336804],[78.47884297709658,71.94761347547652],[78.46549208598816,71.9754382854626],[78.35159865440372,71.94759719495634],[78.39877481057707,71.85235952744047],[78.53127645825418,71.70582986310808],[78.53358259077925,71.66182020955212],[78.65172853868577,71.49813565722175],[78.73731232743978,71.25460251663792],[78.81468731719224,71.13782900784727],[78.80992733026109,71.05742275292158],[78.71467993586556,71.07857682652761],[78.71164671545338,71.03419519065262],[78.73523754465691,70.972066925424],[78.7076284665892,70.90037416744107],[78.71701951747977,70.82342114840819],[78.76538371986497,70.70295289093936],[78.68566470670385,70.72912092986945],[78.57908612678011,70.82038245627396],[78.51396494254944,70.93578021366682],[78.4290686225107,71.00878759474708],[78.36510812252907,71.14033849429295],[78.2956294172719,71.19800537159449],[78.30230008247065,71.2367876453606],[78.21393428080128,71.29164026040043],[78.17819211332275,71.35013360361737],[78.05119708210694,71.42358084816385],[77.93638588246323,71.46738206223833],[77.85821142352182,71.52255891943123],[77.7679759354776,71.63011291242691],[77.7286706912285,71.6340499105103],[77.74356414824052,71.59796624989946],[77.7095061686777,71.58632439202805],[77.63885913235276,71.63239956254921],[77.51380930724292,71.80268690145773],[77.50002674926745,71.84299459961439],[77.33998908444556,72.05243105347432],[77.25952754747902,72.0966486523113],[77.26706549340474,72.04076426318757],[77.14880735565815,72.11632885147341],[77.07811399530097,72.19399658789158],[76.9560504323342,72.44415616830871],[76.78751430528979,72.5910130327297],[76.71956873886435,72.6150516474239],[76.64017566033816,72.66199606966866],[76.59107323972178,72.67529489381413],[76.62870904002291,72.6252413587553],[76.58354701464678,72.63707410790335],[76.41917208116105,72.72310023655062],[76.41869218024958,72.6474522465059],[76.44622908526095,72.60861486686477],[76.4450700408514,72.58418454763066],[76.54680030213314,72.41828958651062],[76.6419413814879,72.30581215724237],[76.64121273292584,72.26874557480764],[76.70238328810213,72.2147850254564],[76.71227146670927,72.18733899554856],[76.67364167702048,72.20063493196963],[76.67241662683726,72.17868754769552],[76.7452771651117,72.07405613872353],[76.77806920996693,71.97367501134016],[76.86266453208222,71.88786305383961],[76.92814966331146,71.77246419875989],[76.91046316565969,71.7409972410716],[76.96728043961775,71.64789012415237],[76.96621096487752,71.61937729782827],[77.00701362529398,71.57103439755502],[77.06261705551795,71.43648411360043],[76.97497497139469,71.49788655355584],[76.96725415782483,71.482616986035],[76.92646108779329,71.50067477559081],[76.98406223602382,71.43959051671021],[76.97313858260554,71.43286467276654],[77.0214114986881,71.37522764293733],[76.97316898186186,71.3938665706089],[76.91154152589715,71.44009952964102],[76.88171813850447,71.44845419782612],[76.82195156391302,71.48589106354358],[76.7755364034002,71.5318190583952],[76.7372214464368,71.55503245419183],[76.72018117456508,71.58289091138664],[76.67082129244834,71.61711429233439],[76.60901460626599,71.62986130960051],[76.64108981101703,71.57742193640601],[76.69590172611856,71.52266570004335],[76.67900387286491,71.52008376498542],[76.61483795433927,71.5459805780441],[76.60887842897795,71.52783950089795],[76.55550826575079,71.5686190954444],[76.53861048415462,71.566036664431],[76.54323501630849,71.54220844122656],[76.49065710882121,71.56077936424398],[76.45877597274303,71.55480664725401],[76.34735177348385,71.59049193031633],[76.22685788340351,71.58371316667854],[76.19072248641127,71.60366627936524],[76.16726498391752,71.60492023347571],[76.20128839948242,71.5325134658796],[76.18734055767732,71.51974157566515],[76.22177322360625,71.45547453028105],[76.25513343937982,71.4197119219875],[76.22400834424623,71.39752908554121],[76.24073059851196,71.37369640933385],[76.1706285367268,71.38260593314621],[76.1342617516113,71.36996177948845],[76.01111923308993,71.40523159813114],[75.9441684024899,71.43848722204021],[75.88031960228943,71.45603697633389],[75.76295233950013,71.43148628807644],[75.77433199422451,71.40790663760596],[75.73480337180646,71.41081777616354],[75.68929111863648,71.4244645597476],[75.62180270849214,71.46119501786156],[75.57011223855615,71.51176196238755],[75.4675654129804,71.58706477280153],[75.39943275754638,71.60991512089267],[75.34976792646547,71.60859216068175],[75.26303000967931,71.6394901815966],[75.1606932797216,71.65764091151856],[75.178632124534,71.62119065138228],[75.14962322244992,71.62305740715841],[75.04894615884187,71.68387478526378],[75.0055812279751,71.74292609919831],[74.90359859697453,71.77340743653244],[74.72386788300017,71.91766648665916],[74.5557997845302,72.00335725988182],[74.46013399663714,72.00858528730853],[74.34856429867676,72.04781487444265],[74.22127940171546,72.15538142883446],[74.12308889689453,72.26566135830075],[73.85437341425303,72.39890018278217],[73.73290099170063,72.42713819085921],[73.67741120597768,72.47049689883539],[73.60943278202542,72.47933125751709],[73.58834014349019,72.4545507544862],[73.41982468902859,72.47015169418799],[73.30545276793008,72.5193492138269],[73.31356011104009,72.49313597982925],[73.26610460128447,72.44710144158955],[73.20291336022078,72.45538302560846],[73.1535854929962,72.44553434325626],[73.08323091813031,72.46922662571833],[73.03581965610174,72.46207241874677],[73.06437936484298,72.32752790060539],[73.13470024363033,72.27467334228425],[72.99345579342604,72.28129042441753],[72.91144694527497,72.31393391644924],[72.8420959846171,72.31418767311507],[72.7726361097627,72.33856023729653],[72.68716294856297,72.35706604717923],[72.60928224428216,72.38905300898287],[72.46354012803036,72.4948346303626],[72.37999344829235,72.51995673946013],[72.23286487908791,72.57924339047104],[72.0397073447737,72.69193479759295],[71.85429791442247,72.76504199128495],[71.75710511560249,72.81849103686302],[71.69757891257703,72.8298209529307],[71.6274578466732,72.87233659947249],[71.58164931298676,72.88780537006467],[71.555691333894,72.87106042528261],[71.37287444747501,72.89740792990267],[71.2032536950395,72.97230343839277],[71.1630362172841,72.98054608573099],[71.20500919653186,72.85956533946332],[71.27867373736972,72.80354761982412],[71.16832781964574,72.7670068124682],[71.13368907508081,72.67180350317344],[71.4422772019228,72.39053239793402],[71.80833141228811,72.24501209765278],[72.02927610814444,72.11581069674051],[71.68893065399571,72.14622467182735],[71.76073025922231,72.06882233191483],[71.52796188221598,72.04199815256791],[71.90822339974399,71.88126054278284],[72.04759798001669,71.80426077979183],[72.2117781769101,71.7541313888426],[72.4912294110237,71.71466346059103],[72.96927302294307,71.54811656364254],[73.49018875108409,71.42503511849122],[73.70248881859213,71.34752017494826],[73.51832379424371,71.30783703547993],[74.08975754752588,71.1403658497941],[74.37505271159604,70.99244072643431],[74.62904302111491,70.90456986427324],[74.66366657571012,70.88833253429138],[74.51923638338455,70.90230160503432],[74.54706435860226,70.8792047760695],[74.80830646521544,70.7935735428819],[75.6241117670699,70.58927374575796],[75.75843121555334,70.53673529018262],[75.72284517955964,70.47554293144998],[76.01707545544181,70.36637936173616],[76.14002140291824,70.29665347246235],[76.48770592238691,70.16101475778771],[76.78336133868648,70.08634042893809],[77.25423513900715,69.90060774487392],[77.50043910046767,69.81165374322343],[77.6078727984433,69.7569356678892],[77.99283560762827,69.59360934678537],[78.01506591207732,69.54548640210608],[77.69620315682346,69.55251632899922],[77.73150413745542,69.46700413844633],[77.98614473466341,69.32660195758588],[77.94636524451204,69.29465015755993],[78.05114841722683,69.2266700407588],[78.04237397159085,69.10073249576091],[77.78695756201972,69.0568451115472],[78.41733519402753,68.76087258615223],[78.12143710234764,68.72738653991475],[77.84002516079747,68.77285634354328],[77.9526048159816,68.6689653370877],[77.88256803278927,68.6337056169226],[77.66511065301842,68.68088564274272],[77.62249919087995,68.63429978137103],[78.18980484128144,68.4137673035248],[78.41480902633853,68.17684992673233],[78.3946532359244,68.15977465728507],[78.47520633189666,68.13464146062888],[78.63751518114992,67.94770808695142],[78.8308565719889,67.77927280324178],[78.93593983083186,67.72996113415911],[78.99434145297795,67.6604677842717],[79.26936130545727,67.55652598389466],[79.38176621644367,67.46842150458045],[79.77864719693707,67.34016098296581],[79.82495657742999,67.25740100977977],[80.02242066218118,67.17585810178079],[80.14721360339686,67.1434352459036],[80.26380649572154,67.08764702016462],[80.44916430990033,67.02872909403663],[80.52483176218281,66.98328402358831],[80.52264767181259,66.97264850384697],[80.61471708095056,66.93326384709317],[80.81884492891734,66.88595806800848],[80.86356809570898,66.85452694863534],[80.90924085425833,66.84328456656668],[80.99914334770165,66.78717788569594],[80.94477641955586,66.77628080813523],[80.97408153208346,66.70895840541687],[81.05188207714824,66.6799051920492],[81.112149957307,66.62226316490995],[81.10977568214537,66.6152753346774],[81.13183103767787,66.60423580084003],[81.20474584799183,66.53460297879589],[81.21321364947961,66.51705122703179],[81.25714968517566,66.48967425209415],[81.28351190303565,66.46644687113228],[81.31354355057617,66.45686897149922],[81.32300633544956,66.44579487838152],[81.31705205301833,66.4271796017409],[81.36651295226906,66.363177378044],[81.3222161967247,66.35331557001791],[81.46892427316772,66.19051303427567],[81.50900586749884,66.16893996641161],[81.52840803634528,66.14423871483713],[81.50919189264617,66.12908717456082],[81.54047773410784,66.09118521845959],[81.54409389334704,66.06862122821937],[81.51980524012642,66.06765870610229],[81.57600394592195,66.00755490714386],[81.62992633387749,65.9681354190456],[81.73552625415695,65.91631182652412],[81.74832352696797,65.8829745705671],[81.80670746558513,65.78329897970298],[81.91885107814564,65.73831038431274],[81.94934476516762,65.70783149158646],[81.928972241187,65.68751033731012],[81.95514089957376,65.65735011277128],[82.02127058103235,65.62960100078013],[82.03113568958977,65.61175253508135],[82.00576196138626,65.55621858307958],[81.96871317373862,65.56254171112423],[81.92597020599567,65.52290243273701],[81.86385170573101,65.53631795919537],[81.86098580657324,65.48066577203201],[81.82727294529937,65.47416853813228],[81.86292557619409,65.4143913547739],[81.82468343252665,65.4161267656341],[81.83734487670313,65.38185572747658],[81.78271949107697,65.37956960231855],[81.71864544978715,65.30271275022662],[81.6479107668411,65.34072875931092],[81.57843499544674,65.33688825080678],[81.47399758609717,65.38456727014783],[81.35944388136176,65.41434410118976],[81.33896336915657,65.43323038401017],[81.1474708318838,65.42367003239949],[81.09863886058399,65.37467858759175],[80.97038181669186,65.36759671650974],[80.88747759772998,65.33824909357742],[80.798404271806,65.35651735773678],[80.68695976053698,65.34716329271303],[80.66530439535356,65.26686777049028],[80.62248576950776,65.2460389481796],[80.67107764357823,65.17574387659938],[80.68953421685592,65.07690513117664],[80.6788524603941,65.04307364329273],[80.84304095970973,64.84327818343733],[80.86226821611308,64.78813638736301],[80.83077685780924,64.69757491175223],[80.86379787260809,64.62890604831792],[80.90870552959305,64.578641020555],[80.89596582235788,64.53481890403957],[80.92276004174235,64.5203879166486],[80.89381943919884,64.47067082723103],[81.03687806262559,64.34944398131069],[80.92943285763361,64.32227173769142],[80.75131708138838,64.31736360626647],[80.62744005102775,64.28840709157983],[80.56172861463295,64.30636846594363],[80.45330582678515,64.2735912229556],[80.05292667403315,64.33031014824581],[79.99333322317482,64.18036846765432],[79.85001755044667,64.14805973662166],[79.72840859654207,64.16141504845386],[79.58308787085045,64.10637382908286],[80.0833393356845,63.79184703336233],[80.31334821006291,63.6820935223396],[80.3086250347245,63.62783213387111],[80.21370425871869,63.44893135961237],[80.3807198941264,63.34672008307587],[80.71159580863403,63.2473198806735],[80.85060743693995,63.11499195722908],[81.04480519296386,62.81670849580388],[81.31756784042746,62.57668326095859],[81.62940051427148,62.42296716630203],[81.7978645013456,62.38855435021437],[81.87578796085722,62.250607266354024],[82.11674589696645,62.15448165990053],[82.31278670761904,62.151321440483116],[82.4765855372938,61.99054736317737],[82.57333918768092,61.97617133062376],[82.66219904430027,62.02826509076133],[82.78677039969563,62.024374624738506],[82.82529119573286,61.99721820062307],[82.8798705442298,61.989187623346595],[82.91009671537859,61.967913984694974],[82.91199617689608,61.92841492691748],[82.95069708658806,61.92081059508247]]]]}},{"type":"Feature","properties":{"Level":"ADM1","shapeGroup":"MYS","shapeID":"MYS-ADM1-15666254B63283793","shapeISO":"MY-02","shapeName":"Kedah","shapeType":"ADM1"},"geometry":{"type":"MultiPolygon","coordinates":[[[[43.18344962274378,88.43798544448236],[43.184557415767415,88.41091810269253],[43.21248921929113,88.40840715013275],[43.16834587709235,88.36951551034147],[43.15454175583052,88.26724345013166],[43.08226009522288,88.23784600036439],[43.043347346932975,88.15170244903035],[43.08106955245376,88.17356074691284],[43.15494330923401,88.26402933986357],[43.179728827572305,88.27962475357197],[43.31936532740883,88.29894258253292],[43.335961278490515,88.27096446886637],[43.38721780275229,88.32658335670226],[43.43654918918855,88.35977215788417],[43.428849266267534,88.37548759759449],[43.385029868420844,88.37782729931628],[43.41775830585735,88.4146746132468],[43.34958376447635,88.42388571046988],[43.5200828414708,88.50830595362939],[43.55229899837127,88.56886623003766],[43.49877131147455,88.56708636947948],[43.46282122519981,88.58744029583818],[43.47578694856471,88.61719897212946],[43.50445719438408,88.64017786669592],[43.486213912842814,88.65668316647216],[43.48621327753357,88.62566260527473],[43.426318335822195,88.6070041743559],[43.355701165676024,88.54431516432575],[43.38916596257221,88.61451000480247],[43.37540285512328,88.61120473499751],[43.30931901151642,88.55294400067422],[43.26480800497862,88.49671506886497],[43.23705125839009,88.48608648373327],[43.21622459678716,88.45810807846561],[43.18344962274378,88.43798544448236]]],[[[43.16804616594712,88.64163284657823],[43.13741794115161,88.61139290514225],[43.154862562518396,88.60357992237498],[43.154443386885404,88.58283511675722],[43.11057730584685,88.52785409968574],[43.12481604049661,88.51994018532187],[43.11989876020567,88.49620529617292],[43.15350974910288,88.48627129746902],[43.233253362533894,88.54119479338773],[43.24169462621913,88.58919953208148],[43.26030576579723,88.60369431871118],[43.22042084327136,88.595252331891],[43.20257387082907,88.60257270500514],[43.16804616594712,88.64163284657823]]],[[[44.41318201137857,88.74362947211696],[44.449086715102446,88.62456880345658],[44.516983020723494,88.6689997415448],[44.54761728446779,88.67605573856594],[44.55183899165681,88.6653300646766],[44.58485382480518,88.67550197553626],[44.62556758283701,88.66671269398364],[44.665797895299775,88.69328988167003],[44.812807729153306,88.71137352143307],[44.792222841195006,88.61492851850848],[44.81693315180146,88.62008717699459],[44.84350166585327,88.62991763227197],[44.87009136762557,88.67689336840922],[45.045417232551664,88.79192619035273],[45.06067132445018,88.81892730101717],[44.94898643799765,88.81281802129052],[44.901213840357684,88.82261988395186],[44.9606885292806,88.86908309526194],[45.05114480860089,88.89301645001274],[45.08783490931693,88.91665554268698],[45.04604435091608,88.92070724913506],[45.002581241691686,88.90905163466043],[45.05781849545584,88.95080857656345],[45.047899557484776,88.96034704781579],[44.94527924301716,88.95811457352261],[45.00288486773714,88.98878691133513],[44.925551418822536,88.98976352642772],[44.89281403643544,89.0396148080339],[44.806342939535604,89.0230805556055],[44.7859034079524,89.00531111252914],[44.65537321691967,88.96638219741249],[44.56695013744178,88.87139134149228],[44.486757735152096,88.83332136621382],[44.41318201137857,88.74362947211696]]],[[[43.71870295952547,88.55619038388778],[43.74717418092478,88.53421957040528],[43.78655342173363,88.54894009439263],[43.74538907725125,88.51504234152338],[43.75543155084454,88.50898120128045],[43.72987707051237,88.47955469418685],[43.769274577115425,88.46726302797497],[43.72877677619671,88.45243539262404],[43.73182435903951,88.44271623152994],[43.77086202283539,88.45040187829117],[43.828643827949506,88.50490681063971],[43.84331518030615,88.50727007675964],[43.825618921195954,88.42454829901041],[43.84490287706539,88.4173659399965],[43.83353520261609,88.39227487022788],[43.85708641033524,88.36880495808083],[43.8500624044194,88.32883820095708],[43.80524159888762,88.30538597490299],[43.79907141679016,88.25266460028877],[43.823728547298,88.26315882223619],[43.822729645380996,88.28024424034385],[43.84128006567448,88.29316772697265],[43.85554763760891,88.26801320019302],[43.85731447977283,88.27768813309633],[43.89805465972919,88.30015238947865],[43.94408184298701,88.35566996065701],[44.00845959300736,88.36247224555967],[44.0186268281349,88.34505208002383],[43.99226439120042,88.30327499838208],[44.010752946556586,88.28513741581503],[43.990344327778246,88.27053425936288],[43.986099345409855,88.23086302876057],[44.03539083283273,88.2551560020292],[44.05084739025661,88.22839444211351],[44.071386624804674,88.23620325852244],[44.114135018447506,88.21454941962438],[44.122417636349866,88.2347205815267],[44.08503873940687,88.23679822670469],[44.08842400242701,88.25080593137426],[44.16155538941619,88.28317585900166],[44.191799131786446,88.32009113933049],[44.20490288377894,88.31035297238658],[44.24116819194253,88.31433501854953],[44.25517775408889,88.37147117430544],[44.284811857194754,88.39123283771718],[44.334814935397574,88.40038692633553],[44.40321143888461,88.47825793164384],[44.43722953561705,88.49378871229177],[44.40681359866228,88.50514310444129],[44.4243607359718,88.52067876964787],[44.41332508433581,88.55953415273848],[44.47862908124188,88.56261782562862],[44.505870886952906,88.61141671655545],[44.5340767969888,88.62285225812573],[44.55356091328204,88.61000936317662],[44.56771344058532,88.6176742687897],[44.53794074976119,88.65126804549203],[44.47202614924204,88.60479816505352],[44.424034413191876,88.59614874688282],[44.42756831593847,88.62724701968088],[44.363671652614855,88.71122318464867],[44.394706239833326,88.78655673216747],[44.519454617151396,88.87027659540763],[44.552840594008316,88.99762988727784],[44.59389288250012,89.02628622969607],[44.64791694056872,89.0219411166795],[44.742324209313765,89.0839016417933],[44.846444308521455,89.09807353510713],[44.833957309258835,89.12956894547165],[44.91781468743593,89.18999071866446],[44.926294865603,89.23658209390194],[45.00462011694839,89.26146762031641],[44.994176177536005,89.27833905354133],[44.859020576539905,89.28277759411387],[44.81467400333625,89.25617373380209],[44.728434851878696,89.24821630580144],[44.67208569945883,89.20927024635014],[44.615986853115416,89.12104387535885],[44.57447534652505,89.09993796540233],[44.455482729829356,89.07247331684297],[44.35377423583684,89.0315386459971],[44.31223547071069,89.04097937440709],[44.2262032562499,89.0044053588295],[44.23012899532637,88.98366760688953],[44.18947512059331,88.9690960482329],[44.17700792882023,88.95095382991653],[44.17028056421688,88.9122325510144],[44.15847696450014,88.91321438080212],[44.122212874048756,88.8707719514882],[44.09714821120821,88.87040790865106],[44.07361255957158,88.82516713183541],[44.04890814505466,88.80482658858605],[44.025190370196796,88.76956995573943],[44.04835147384904,88.75474247633679],[43.998577859457924,88.72703465736986],[43.92623667320521,88.70519902087813],[43.90742814797382,88.6690237005016],[43.92195424021327,88.64576228969781],[43.86956211436435,88.63581438637476],[43.86679445478462,88.64719155633816],[43.88842805303935,88.66131092449342],[43.86955909298438,88.67083510890194],[43.84897225387745,88.65244851066939],[43.79792297585506,88.6593233517625],[43.79116125837213,88.58933905432177],[43.7638637699029,88.59364857434377],[43.71870295952547,88.55619038388778]]],[[[43.076990180677385,89.06632722794768],[43.08688777379763,89.04326395010003],[43.14678486720733,89.06420980998425],[43.15796242131563,89.05799662485904],[43.15994223518686,89.06662199856682],[43.214964483784264,89.11544669701262],[43.21331865394482,89.08994726948237],[43.166618914322314,89.06727100901091],[43.1813801230064,89.06163759807599],[43.21014364736797,89.06846824355095],[43.215920977477914,89.06112661744604],[43.231674527138594,89.08679925978544],[43.25980651754267,89.10108862820162],[43.26651020792041,89.12336012026013],[43.293397453028085,89.14260790673393],[43.309179491180494,89.19572327943466],[43.252724722005354,89.17303635858042],[43.242230724989724,89.18948796565198],[43.20754767979916,89.18658997715815],[43.180703183530575,89.12884963032482],[43.08318569478111,89.08036774609751],[43.076990180677385,89.06632722794768]]],[[[45.755926753320104,89.43989860784413],[45.78970326866927,89.42894944140286],[45.78880168226391,89.40513634142921],[45.835148781168925,89.41616041214408],[45.85513374385187,89.4346695116425],[45.87228937336638,89.41498220297225],[45.916375770121505,89.44751495682975],[45.915053891247474,89.42915753902419],[45.97851370015967,89.41193679866709],[45.99106446915032,89.42724723705217],[46.06116767947826,89.42052790172058],[46.17997870151699,89.43537358259832],[46.185116482662664,89.41978322175646],[46.14696932379047,89.38175931699313],[46.15488468300906,89.37097878463555],[46.27015145929282,89.361168116091],[46.27918349626345,89.30986762011909],[46.262899939761546,89.28911592772015],[46.28416583266457,89.28519467355089],[46.32370721278005,89.32143780166496],[46.325831630903366,89.35742958276825],[46.372780250132294,89.39305222810592],[46.36295327920922,89.42156443163172],[46.44535001627919,89.49947526232657],[46.49576659812099,89.4900731370838],[46.46136884777799,89.46548479020586],[46.52257912069374,89.46354819974309],[46.54143009076207,89.51404434780429],[46.49133541464239,89.51654598188009],[46.47955157823243,89.56562335577428],[46.45996652309356,89.5723583756565],[46.41864236152946,89.55582054820769],[46.37645266593181,89.56075994740357],[46.33912825380786,89.53539702714373],[46.250447133252166,89.52490474118967],[46.21958536307019,89.50174628452858],[46.201432685184436,89.51412355312475],[46.09934218527563,89.5208822607851],[46.05774074180764,89.50301157336011],[46.00414161045124,89.50802956512888],[45.95882096020751,89.49261688684791],[45.91702546653208,89.50563501543618],[45.87174496002942,89.48393463615439],[45.86781763721456,89.45647373290404],[45.79059734900642,89.47378027477339],[45.78946689505959,89.45746714487429],[45.755926753320104,89.43989860784413]]],[[[46.46645997675691,90.39982793975868],[46.472623606435306,90.32943415096845],[46.496651355613544,90.30039377857854],[46.519457930911514,90.3114756322637],[46.50618124915706,90.32982237592891],[46.59822736587882,90.44754052832693],[46.611469392591076,90.51089228830561],[46.722207498916646,90.62594023843424],[46.73217974651297,90.6571177528854],[46.62932107017894,90.57194985102952],[46.62017828344819,90.5267386111102],[46.5794133667788,90.50289237460883],[46.57134145293983,90.51399770225757],[46.556742612864454,90.47517320875943],[46.53131677496096,90.46959823821929],[46.52618512140374,90.43645641887431],[46.46645997675691,90.39982793975868]]],[[[46.12208643262079,90.64095334011168],[46.13531499762742,90.56339801777709],[46.20936574223087,90.51104510494223],[46.34255514616375,90.48084462789531],[46.40145550707571,90.41836252560742],[46.43230361492489,90.42817869068394],[46.46229524459471,90.41840706150123],[46.462917421099384,90.44039047167256],[46.52446924421226,90.4790536058675],[46.49149848015843,90.4910569521088],[46.43517994247493,90.47942834972002],[46.46798434886344,90.50334021092154],[46.43650468809875,90.55364569483956],[46.4368655201754,90.6057037886431],[46.47850030788528,90.7130394956553],[46.44366711201437,90.7099044047387],[46.40290173292299,90.67922821312642],[46.374463456518136,90.68897875861671],[46.38783842248972,90.78775370958572],[46.33893543899224,90.81184330400205],[46.3248976872058,90.78550107123306],[46.22793828586214,90.76523372736398],[46.204796338809004,90.71413609445582],[46.12208643262079,90.64095334011168]]],[[[43.111745663366264,90.31694925180429],[43.10847527634092,90.27713168764669],[43.054959006100326,90.15025375013354],[43.074486397457655,90.1441372756821],[43.07633776350877,90.12352457589598],[43.04790572352936,90.07608846809526],[43.03907563589562,90.02062623157127],[42.99717871943159,89.9800001990092],[42.99086603063743,89.94914121167514],[43.00389730947257,89.94584100831995],[42.969092099978035,89.85247772649885],[42.97925462598142,89.80300545745483],[42.962375823153124,89.76871897709307],[42.99919568970917,89.72134798613085],[42.99590225696189,89.69912123618215],[43.02691880167688,89.6884427911536],[43.089865580122705,89.70867515873068],[43.15698978285397,89.74633785001402],[43.19945928862505,89.72830013355124],[43.22332151055012,89.75184491830576],[43.27459760203786,89.77432420596415],[43.32350321538519,89.76993262653698],[43.32462067187815,89.7562120404385],[43.34632405258075,89.7749129969577],[43.323061148544745,89.78717484672065],[43.34056820121576,89.80337800756632],[43.36210704016566,89.7898600267644],[43.313144172420245,89.7230450537372],[43.33480829526319,89.70815916594407],[43.38379844144662,89.72346715052414],[43.4066091154117,89.69400229235441],[43.45958863164202,89.73689672013501],[43.51943901029399,89.75617551832698],[43.531342553545215,89.74353562652101],[43.584543597161336,89.75294100966111],[43.6249259034836,89.78051700506163],[43.66382667108334,89.72604909817721],[43.64726936277195,89.69989534335011],[43.66492806682308,89.65073025555623],[43.65527714579327,89.59268626495569],[43.60928206128855,89.56221860182096],[43.634715315722886,89.55826143260016],[43.63801680387856,89.52819553068383],[43.61113001181725,89.44725412827654],[43.58847472930336,89.40933657550002],[43.44297679496528,89.2721245153678],[43.486382702736925,89.22936469333686],[43.47937014762854,89.21295962527734],[43.45143879645739,89.21749631721069],[43.47809536840509,89.2089937413381],[43.45195036898328,89.16219746532587],[43.49969038595674,89.10405376772687],[43.50563748328454,89.04166168423745],[43.48675110320006,88.92108435843424],[43.466772306383376,88.89655886350127],[43.419952020220876,88.86939637231728],[43.43236378755134,88.84691385473617],[43.456841010301545,88.86067141418025],[43.494333923308524,88.84796273657957],[43.50986912299564,88.85641045712927],[43.525192826813274,88.86973357730088],[43.520224756652865,88.9032733852805],[43.557854334552914,88.91619166192646],[43.57743960601735,88.9080661156097],[43.584838971935106,88.93970936843905],[43.63682699415038,88.92449303501209],[43.654115445519245,88.95347103917855],[43.691707712659976,88.94870897978731],[43.70232933169207,88.97256734631797],[43.714144626005094,88.9663637181713],[43.72671087946814,88.97523630266815],[43.71991033863296,89.00013774104892],[43.730194441624676,89.01758292987876],[43.74282508427159,89.01791643059539],[43.743545342740404,89.03851172497221],[43.787662700417066,89.02575373890511],[43.797970301165634,89.0578620378445],[43.835056680619175,89.08106155100465],[43.86859693900558,89.0519735246416],[43.92648965117368,89.0764229079515],[43.9772416364032,89.0469087343427],[44.007760933166715,89.06369162661555],[44.00932383188248,89.0810084647563],[44.03784290731292,89.09681941514775],[44.05620031750682,89.12502701037828],[44.094802175777986,89.13286292722383],[44.109747421600574,89.15827875909415],[44.14016019726984,89.15068719593091],[44.23237255656394,89.22940349295587],[44.22727978397424,89.24695903343482],[44.27678624561125,89.26083370050142],[44.306374705706176,89.29475469480391],[44.32325403578516,89.29085309414789],[44.382491825052256,89.33001717939638],[44.413976026148646,89.3672150482816],[44.43589121618399,89.36812370742717],[44.44173503512342,89.39221303054606],[44.42585665424565,89.39041942934858],[44.446286812519276,89.4046686770844],[44.443939906196405,89.42632893513726],[44.47604394117775,89.45042591790553],[44.463677635447546,89.45464116305556],[44.522273119064835,89.46272773624207],[44.514161075075435,89.48251372445205],[44.53966207823704,89.49834634945825],[44.59101810011761,89.4968540987789],[44.68011809369309,89.52583250209088],[44.76044581567667,89.50741691579694],[44.74537892618111,89.5209793014451],[44.897434667160574,89.55028042603942],[44.94780711604997,89.5410262583014],[44.96081481993006,89.55987534643286],[44.95411950563985,89.54018177759596],[44.97666104928436,89.55475941866776],[45.00653067826489,89.54998314613707],[44.98578905560226,89.5259998904261],[45.01589998652529,89.52496724532766],[45.03940332639008,89.55020218236456],[45.056588107246185,89.53755577993974],[45.07603819893636,89.56139406780585],[45.1038500842138,89.56559243573754],[45.129408583541505,89.56165199926312],[45.111266673382985,89.53849620481117],[45.15384208916647,89.54363187178373],[45.18067069288135,89.52055423113543],[45.2200963067388,89.52978668983909],[45.18966258831568,89.51412485105152],[45.21366760784058,89.49792253613256],[45.22546623677033,89.51663412728828],[45.22462453342201,89.50591810923471],[45.25342670264896,89.50882491326703],[45.224716327010825,89.49000926237812],[45.245379811353516,89.47214192705582],[45.263713995591075,89.47615954238681],[45.26463392920603,89.43800764245658],[45.292110912660206,89.41424286834301],[45.274393729049976,89.40083196170302],[45.28675757675193,89.41788667005426],[45.24950990692922,89.41303985593521],[45.248591877626204,89.39607841023542],[45.27185268844874,89.39926642933311],[45.22945416519375,89.39022920555115],[45.223186083448425,89.31797270685209],[45.25545724952299,89.32508062695211],[45.375711746739285,89.30000309938123],[45.33336130005465,89.24469962079347],[45.43170661106248,89.30356783417423],[45.43124485493318,89.34938778685954],[45.393999118959016,89.37141812116452],[45.42282045597657,89.40639238190131],[45.46888200393248,89.41312689519222],[45.51015824355629,89.38422493427447],[45.54808159563761,89.39309090317624],[45.58390650217484,89.38494022521428],[45.72126076768852,89.44072782390174],[45.70439319305822,89.49153357886715],[45.72540146406353,89.50920213375697],[45.766630591026384,89.51121687200202],[45.79824814802626,89.53789108355608],[45.876821566966726,89.55683638332174],[45.94532194160782,89.54016981168041],[45.97406476024897,89.57506636420851],[46.122505207435864,89.60357502358801],[46.14029424274454,89.59659350460298],[46.15781203108597,89.61259632491704],[46.22170344951735,89.60809776277272],[46.24933682016087,89.64883097311517],[46.290572732764645,89.6604277204945],[46.27997371667302,89.70672771114073],[46.323425417494065,89.76077732125896],[46.32521946304793,89.79285306017098],[46.30806185668713,89.8079959952709],[46.2738300946158,89.80505806219558],[46.22894053073214,89.86853144290082],[46.16971493717437,89.90132504789136],[46.158224420750514,89.94273280654087],[46.22112560058601,89.98427248165584],[46.29001606070487,89.98568403901609],[46.2646487675033,89.99488855832357],[46.27281059271586,90.01637067437902],[46.311924953068015,90.02662430380471],[46.32841416115217,90.06475301598951],[46.39849055751807,90.10900442059787],[46.421459548046954,90.21258868196607],[46.38687424113552,90.23853698417287],[46.333244063803306,90.2099877858099],[46.334372428021574,90.18863431602773],[46.26718263916057,90.18651215034984],[46.254358497419645,90.24889801713306],[46.2794647514402,90.33823325548845],[46.23208140184525,90.43580496630366],[46.20887226635587,90.43795116868961],[46.18625066616915,90.41667072837083],[46.16799843435933,90.47022053492492],[46.135554707149225,90.48284363691934],[46.11845946845639,90.45082494628707],[46.078520517393414,90.46970350403267],[46.073940002572456,90.49393677495814],[46.05752288643988,90.47903989073241],[45.99702216151934,90.55945063404832],[45.93341297852123,90.53421764765065],[45.89735137009978,90.564729378512],[45.86694069335543,90.5669979039593],[45.870508171131405,90.59507973082654],[45.84606108789401,90.59359797614124],[45.8383264977149,90.57688161476328],[45.817393598117405,90.58094254002674],[45.820776827773344,90.59537149271986],[45.84112805652053,90.59856476582684],[45.82437125106948,90.62363146186829],[45.80527563425593,90.621979817099],[45.79225492591463,90.60096260200741],[45.736025930097504,90.61448281348474],[45.75361502849526,90.639029099834],[45.72700818941338,90.62795421664997],[45.71644207809784,90.64352325467779],[45.76793367846483,90.66776582150739],[45.743988063391505,90.68535880623914],[45.79190720781047,90.72271506666783],[45.78385976179726,90.74433299672258],[45.85290325259927,90.77558696540794],[45.83500818509281,90.81227679351218],[45.75600066979304,90.82888647358213],[45.779138091772,90.84195257610013],[45.772940788535465,90.86005192831075],[45.82721764998666,90.85332107770664],[45.80800010769032,90.85924836823324],[45.817095176414504,90.87405139148467],[45.73751771685797,90.91332477568645],[45.76438013193811,90.94862304211253],[45.7317053916621,90.94438333390683],[45.709126042583776,90.95860955442319],[45.677372958817415,90.94630278663065],[45.58817103402865,90.97862322424263],[45.57378731988765,90.94657212451817],[45.551755755001544,90.94570743857422],[45.5262952545002,90.99058796491907],[45.48411163174983,91.01141065215067],[45.45968773504383,91.01469194811806],[45.43197466692691,90.99717295660969],[45.35786439719877,90.92531274942317],[45.32318542313058,90.91976767693886],[45.31147660074129,90.89233980047318],[45.347724910009056,90.88355356411714],[45.362353026175235,90.92016692385035],[45.40365849939385,90.93731110432425],[45.428420090275864,90.91469972542028],[45.40402352374058,90.9018345359533],[45.41489618127468,90.87838577792488],[45.443322337707244,90.86671152117685],[45.460300117755025,90.87538727479661],[45.48469476047625,90.85883576620812],[45.500617496988255,90.87417242560804],[45.54074227626422,90.86739362589567],[45.534984385472924,90.84662251096401],[45.59373792831722,90.86960555285033],[45.61801904797624,90.86022750634352],[45.62509446562519,90.87495498174829],[45.63816578520196,90.8145238413341],[45.621232161836105,90.795783376613],[45.65257461844976,90.76537127167464],[45.63097119433573,90.70788916691362],[45.57126998636471,90.76111782692968],[45.486565351695845,90.7772871821432],[45.433352374418945,90.85703278836539],[45.25597575346487,90.77315199302937],[45.21641396406417,90.77399408933252],[45.207894663495054,90.80286087596733],[45.17746765296735,90.7993307281236],[45.04903780983369,90.72341027210474],[44.75861044001369,90.49846004395575],[44.63487227402026,90.4508514185781],[44.52982587886704,90.43082375866616],[44.5208588680023,90.4501114149646],[44.50139501267493,90.43937764055984],[44.52571156351464,90.46168526319835],[44.519404718224074,90.4767694774607],[44.49213563504309,90.4873324283949],[44.4919552648698,90.47235759302961],[44.46737070145243,90.4539151152658],[44.43933846868757,90.45646833466138],[44.447840640428474,90.49317905526978],[44.46447226819809,90.49764948009913],[44.43170732397323,90.49720823673702],[44.44510459795751,90.49333603411448],[44.43266135524953,90.43880150053967],[44.34584655235643,90.40501372816925],[44.333289162298755,90.4252636442166],[44.32036647457226,90.40242011759716],[44.32258871809749,90.42220793781232],[44.27392553140055,90.41432657426147],[44.26999496574548,90.43295952353154],[44.29308075402931,90.45422172709658],[44.26771052708492,90.45117499520988],[44.26472731872814,90.46312083896849],[44.227285571629665,90.42098179891948],[44.15539204164799,90.40248050616749],[44.15283728644676,90.38720833874702],[44.12663766022965,90.36590625167149],[44.1283838470414,90.34549823720464],[44.01718218238357,90.23514112364477],[44.01859030633605,90.29131906019964],[43.9673804619008,90.28426562466132],[44.00172665971752,90.31197761395757],[44.03860319804093,90.38921869914998],[44.105080445550485,90.42985349834376],[44.09532352224428,90.44503236010276],[44.02260662208724,90.41879326407488],[43.967162207280964,90.43337138459248],[43.83970559191348,90.42713177070344],[43.805403242182564,90.43731557006922],[43.62561604041909,90.37790041816586],[43.598195941667356,90.37880526985121],[43.595586166809234,90.39215104865853],[43.554261736461264,90.37502738601526],[43.51483080103325,90.39309343781358],[43.50927575578585,90.3808467937323],[43.48681755734628,90.37309667215459],[43.47533365134175,90.34036343545826],[43.444056953337274,90.3122389631012],[43.370990847053406,90.28357855848256],[43.34190765090999,90.31635055643845],[43.35120176163675,90.35142132558084],[43.306852892703155,90.32401117453102],[43.27044273049288,90.3289781778392],[43.263877247193896,90.35468139892231],[43.222259989962396,90.36579033055953],[43.14442897843105,90.34601239136008],[43.111745663366264,90.31694925180429]]],[[[65.59924307960725,83.1118443072886],[65.55195860492222,83.17406193797535],[65.52677700418121,83.15194548249146],[65.49115725033491,83.16571488857778],[65.44947571947841,83.29468742577495],[65.41913086486669,83.34510840951057],[65.38673830978735,83.3661269818686],[65.36670731560396,83.42850103282308],[65.44413382901207,83.44904569135953],[65.47900252252958,83.49885996203679],[65.50620717224757,83.50793101109],[65.49651132454633,83.55621258550185],[65.52190029617853,83.57170716941421],[65.49944227172627,83.6212088557217],[65.54790656621674,83.64550753925131],[65.5564714529526,83.70008498337756],[65.58512834725275,83.7041466947904],[65.46905124197029,83.87861613940885],[65.49309650833736,83.93650505885628],[65.45619976569915,84.06729557239673],[65.42432689302962,84.12935033683146],[65.46720091052478,84.132035117837],[65.4733876767839,84.15641220987652],[65.45273469793872,84.22085513208532],[65.49089122768339,84.25189153323277],[65.48335525744142,84.30034124234999],[65.51329421539245,84.31101463607467],[65.52000156629079,84.39119802512371],[65.55656124708185,84.41936436533577],[65.53657177246819,84.46267639540929],[65.50574150302899,84.48135412631231],[65.50181391840832,84.51660323759064],[65.47661579973177,84.55467714731321],[65.4973615241635,84.56886862235349],[65.54802167910276,84.56228164996674],[65.58953074614075,84.58525849318363],[65.67806461873352,84.55454613069195],[65.7144859396377,84.51661922275375],[65.79378885147615,84.47681209301186],[65.81515086361614,84.48721445816463],[65.80962609430937,84.53523657965349],[65.85554834362753,84.52708999044967],[65.86251976193437,84.55748925692998],[65.88271410011016,84.5570655556536],[65.97110793478778,84.52232702070991],[66.01778619352102,84.52346161768948],[66.0788688172206,84.48793188488824],[66.1589331690511,84.40925121195261],[66.172874518338,84.4264235446253],[66.15638630328573,84.48982874485488],[66.17449363593383,84.51887023192211],[66.14570937614803,84.54909449432063],[66.1406798150893,84.57495786989664],[66.18395676003551,84.56737262823609],[66.17279016849446,84.6359575232255],[66.21198246950573,84.66511328000567],[66.23292152211596,84.71172911829716],[66.15994983125947,84.79811791133696],[66.22931512377062,84.79652140114976],[66.29642228997257,84.85893938714756],[66.32765065023911,84.83791922898766],[66.34183161183752,84.8541130280257],[66.34019259384546,84.9287315490304],[66.37474678240193,84.94609205110157],[66.37276502345782,84.98349188657974],[66.42113918323702,85.00253760108862],[66.39902076960477,85.04844048776886],[66.30411175766756,85.08822430230379],[66.27595814655406,85.10965902413272],[66.2799043261119,85.12708399450561],[66.22707241594328,85.13457177569356],[66.18397607412322,85.15590634472555],[66.14590856298074,85.24957684020944],[66.1686358001237,85.2660771404718],[66.15934406196588,85.29406565485257],[66.19885169580314,85.31966366237523],[66.17202699287998,85.33498802500952],[66.11861203901229,85.40057167140338],[66.14610581315853,85.42349555040384],[66.08293587858621,85.51373945407715],[66.12575277376894,85.53130251420762],[66.12534464806498,85.59788874045236],[66.01521611016827,85.66575792854029],[65.99520823446761,85.69767881209224],[65.9653944197946,85.69985849630324],[65.93010169365655,85.72277313118143],[65.95777400406348,85.81165245838213],[65.94360562708243,85.83238395710518],[66.00562939916176,85.85731094677541],[65.97667110386129,85.92450253978011],[65.99031481968787,85.94085502310743],[65.97979857833667,85.95704316255495],[66.0211868113847,85.97758369176125],[66.02546247920195,86.03357941626058],[65.98419512575195,86.10001286377931],[66.05176678271785,86.11801298593274],[66.13063415482462,86.11447733588199],[66.13849985701468,86.13790797813002],[66.10386955845023,86.22708514480578],[66.06615310229063,86.24162023255444],[66.06715951839931,86.25912785455681],[65.98932024561682,86.30714109817349],[65.93020153676063,86.29667928050274],[65.81923433849003,86.30843891863134],[65.83867784707931,86.34618259981642],[65.7941698445374,86.40629962160594],[65.74415459986157,86.40859630925799],[65.712347168657,86.44094443791214],[65.64347933681562,86.46707176498559],[65.5657880572702,86.52570637152812],[65.5340949440851,86.52045425425767],[65.38784103498969,86.54280074735497],[65.3361234022731,86.58585811991631],[65.25993434610615,86.59108162056924],[65.23952884282744,86.60358497346179],[65.22291282565935,86.5963379849099],[65.18320966536545,86.61679844830194],[65.18651330714596,86.6869088104815],[65.22301178764269,86.68905596770605],[65.28358559002423,86.75260306865003],[65.34549729554546,86.76098748758395],[65.30917656156005,86.8517578333381],[65.43242329341811,86.87967891699608],[65.43016802332124,86.91871980041451],[65.53306044406318,86.89173292897536],[65.56988084715624,86.92401002299644],[65.6269046187473,86.91067156588755],[65.72300952567007,86.91862408733974],[65.76200703751766,86.94467977868034],[65.83402129340145,86.96073750536992],[65.9076263881972,87.02108093319917],[65.94236748565758,87.0313253490071],[65.88915908508677,87.0989052200623],[65.77364850374549,87.13645136787991],[65.80666616450023,87.20907581421538],[65.74996085985676,87.25163707969014],[65.75344894498865,87.28341079549985],[65.7100504003713,87.30231936328643],[65.70737687780785,87.33788833391087],[65.66727514334514,87.35165083593411],[65.65724933203471,87.38793748615028],[65.57744287234162,87.44252099702027],[65.61812708606257,87.51722662360078],[65.64298071054817,87.52876508368684],[65.65290845862225,87.56700575419946],[65.5969800348427,87.56735252214875],[65.52420674671674,87.59122807277457],[65.49026513930181,87.62450491741006],[65.41067193399259,87.66106949837375],[65.23876588903332,87.65802422022905],[65.14795359884774,87.61995386383313],[65.10838489347624,87.64651624186186],[65.0398297678426,87.62745983006641],[64.99615902925936,87.66445733734702],[64.958875776012,87.64676895240581],[64.94919896392737,87.60863441564558],[64.87590103759243,87.63197672395965],[64.8236935229771,87.6295055719968],[64.76626539371436,87.58906995221278],[64.73875903938739,87.58010646040134],[64.71787501578441,87.59303605292598],[64.61758170867682,87.54919829050078],[64.57580619984448,87.55833901702346],[64.56157529574061,87.58960185091692],[64.49740142150152,87.6248143428173],[64.478109733691,87.5933467449648],[64.42680026481796,87.60158453579817],[64.39368204719814,87.62928806899227],[64.36458182010193,87.71075102005486],[64.33721048617973,87.71481209151231],[64.28478085998721,87.77416777774519],[64.25998297317436,87.772197230557],[64.21618134263717,87.81020680564664],[64.17593618987172,87.82441942339635],[64.1626178808243,87.85679177699296],[64.13083885102746,87.86797844090971],[64.07244090547847,87.9885444340628],[64.07088308627603,88.0187985986318],[63.9809905620774,88.04940749549453],[63.93437508451482,88.09648824531044],[63.903978001916606,88.10691640036384],[63.881827751969986,88.10126251563526],[63.89775978674829,88.06008984669057],[63.892139680829956,88.01740223530744],[63.86888147479063,87.9930609395593],[63.810107765087196,87.99322910394434],[63.79976876694624,87.9683568453173],[63.767714782911575,87.98121663997138],[63.75572849359081,87.94471512181354],[63.67213696248479,87.94879420751775],[63.665556137984694,87.87838778315545],[63.68533749051344,87.8251724836854],[63.65888877467501,87.79993187575616],[63.66219069855393,87.7422432139856],[63.509122050112985,87.7818021760309],[63.42196851433495,87.82152178540039],[63.36813820795929,87.86697187829884],[63.32017194096669,87.8463496448831],[63.30975618449847,87.81696827394813],[63.26668459303642,87.81388490216854],[63.27084983814851,87.78426677349937],[63.23487581253124,87.75640394391463],[63.182696562351865,87.7802043280724],[63.11300504033398,87.84789744453023],[63.10001387535058,87.95027955011254],[63.03558966447028,87.9744034648971],[63.0208301924307,88.02667145768241],[62.97599162834925,88.04002859044786],[62.94359009395697,88.07020281338849],[62.9253154105521,88.091111996766],[62.913469137720675,88.14896891348259],[62.88453544931237,88.16909333570536],[62.868172502515236,88.16586831119771],[62.86891458473562,88.13293771341414],[62.856002969367495,88.12763646183168],[62.86396878547316,88.05292212273902],[62.82488165791027,87.98621900858221],[62.874909481345135,87.9190126626706],[62.770262706845415,87.89597765494445],[62.744428787976624,87.87278286553038],[62.7035659639397,87.87701543299195],[62.67417731786085,87.90965802016106],[62.62077195757266,88.0540655888267],[62.59317999842729,88.09373795694688],[62.592843381982796,88.14646024162073],[62.61468398162686,88.16497095028052],[62.590249120737994,88.20947018658583],[62.59856470147296,88.22997528284631],[62.52892476834815,88.39320396185317],[62.521260347665056,88.45332687160418],[62.48552205990424,88.49778490705975],[62.47725629344363,88.53531032250119],[62.496712919278814,88.55248314962199],[62.47851775707374,88.61605473249202],[62.50320598517308,88.64687704445083],[62.54168916769174,88.63950800010787],[62.55384551068004,88.71528415949327],[62.604015799068556,88.72053337839856],[62.62975805713866,88.70480880087365],[62.6208138379415,88.77395961474414],[62.52683262591341,88.88667316440798],[62.52957788199629,88.93831790826806],[62.47411962380685,89.08420132339097],[62.422137481437574,89.18091025396984],[62.40012835620327,89.19818275038537],[62.38939586800796,89.25553602352593],[62.325484869479986,89.31843723486557],[62.33406029602602,89.38518024587958],[62.312892319143465,89.45573961807948],[62.326284919381976,89.47482495557357],[62.31024133107292,89.50787890664438],[62.3336557250554,89.55310276451817],[62.33024332206894,89.58703094270994],[62.30989824739389,89.6026231898292],[62.276332079352905,89.7192618779847],[62.27534364939471,89.74222866639657],[62.299409262146085,89.75516899350158],[62.29480578669139,89.77928744620816],[62.24334227576843,89.87776936171021],[62.18052173036241,89.93367604537133],[62.18175521282488,89.96276826278199],[62.143338897882074,89.99612638508873],[62.15442325056874,90.01249656697225],[62.11877157249145,90.04304138492238],[62.10174757949991,90.09042867284063],[62.07235185892148,90.11162259987452],[62.04016295073246,90.10977623215197],[61.98546673464392,90.13273693024387],[61.841254794596615,90.16857546183206],[61.791722468461664,90.22834766876964],[61.73335552075925,90.23864244520348],[61.73848519399218,90.25348215722484],[61.67123166082463,90.32013129699747],[61.63390004094307,90.28208862699385],[61.597164685935894,90.26865937926657],[61.49488713678352,90.30225726279495],[61.47798184252086,90.29282054641992],[61.45994951367318,90.31031208240384],[61.428054496598534,90.3185144431252],[61.31825393863254,90.44599156663338],[61.31223998601068,90.51943364251287],[61.297893535387104,90.55853903863179],[61.26750207894363,90.5843237378468],[61.254212348433356,90.62698259990964],[61.28454154318544,90.65348751031583],[61.29579200090387,90.6947834711755],[61.27667815262065,90.70555405851529],[61.264405121633814,90.7544960280458],[61.235684915417806,90.78803669879063],[61.19067673729283,90.79537279184822],[61.18125049848219,90.75778895399021],[61.15165634404377,90.76102867010293],[61.166962516664626,90.73339763292918],[61.14410818208249,90.7242662887862],[61.162679671925915,90.69290847259052],[61.14824778352555,90.6768689252641],[61.08589247234369,90.68821237122592],[61.05517572597623,90.65716725688065],[61.04478062983129,90.61500971120192],[60.97336507676245,90.59257774097034],[60.94627012404641,90.5018023891721],[60.86886691313695,90.49689118757499],[60.81275915444209,90.51120593951305],[60.79625946775333,90.49763177727192],[60.80392144367883,90.46640661438309],[60.7583025418992,90.45329653778194],[60.74333639640922,90.46295582329466],[60.66808705584753,90.46164882139544],[60.67161905396421,90.43617324700561],[60.64271815189727,90.39355459256439],[60.65487701963135,90.36745635239127],[60.58673769909838,90.37363399623575],[60.508598730986165,90.35837929894446],[60.385087585711936,90.35592265385586],[60.26806758477103,90.2923277760089],[60.2455171079599,90.32028068753561],[60.19899010523156,90.3278739788587],[60.186337778246056,90.3481070502207],[60.1481837260155,90.36188366400557],[60.18715676745763,90.38730562201764],[60.187700977706236,90.4299984231778],[59.9479843598192,90.43907006029185],[59.83959763618949,90.45852964973733],[59.78954671810614,90.47898164770415],[59.79204937563716,90.51456336588758],[59.732288335094196,90.54499052791265],[59.72085488459423,90.57215749694646],[59.67112849073093,90.56757859957644],[59.65951083124408,90.54265276901745],[59.63459732880051,90.53372266372861],[59.59101960923833,90.59386293897926],[59.54869680780604,90.61738235502926],[59.467184790454965,90.63202181576487],[59.40647834859658,90.6159701836616],[59.2491695791488,90.65786887245184],[59.11965393450252,90.78292247752248],[59.05230952650843,90.74960201263602],[58.979464365430744,90.73842167619199],[58.91100005263093,90.67532557398442],[58.83359674439576,90.74052282456714],[58.75787514894332,90.7022532560726],[58.69453397544516,90.73220413761587],[58.603428503015685,90.71160759881352],[58.586118993590624,90.74088151983119],[58.51393817170566,90.72593689678828],[58.4696430035519,90.77109574356919],[58.41987462526394,90.76351459355624],[58.37950120697063,90.84278796759747],[58.34500647815754,90.82623785509156],[58.29618430178734,90.83730434066024],[58.27435706317342,90.90858683274452],[58.24110745767565,90.89590218357655],[58.19712655092347,90.93069278681799],[58.19186581663062,91.00978530351621],[58.234686010843276,91.0215897867484],[58.24432951952117,91.05248143879163],[58.168200934856,91.09938775290851],[58.11614397351211,91.07216949038093],[58.05201459939139,91.09297302417528],[58.023684153791386,91.08180828951942],[57.97475541196012,91.09361625999804],[57.86876958793869,91.05994860947331],[57.821648147867634,91.07284313640528],[57.8255841307633,91.10253694209428],[57.746514282712795,91.11248643701477],[57.71611844251646,91.17867213043104],[57.65900471880233,91.19130447431368],[57.60440110636858,91.14242619082154],[57.483886953876485,91.14603146747385],[57.43343434360947,91.16553112001736],[57.407298951969736,91.15345258079998],[57.37061454889224,91.16721160057706],[57.28250997400946,91.13404740565502],[57.23905428251666,91.13060536650201],[57.22338429482798,91.14633627249708],[57.18536235626131,91.13845399907393],[57.09956381297272,91.09088086936904],[57.05278767288962,91.09872845061938],[56.9994229578938,91.1127196079345],[56.97552924992586,91.15991661615551],[56.889067840283055,91.15672004988356],[56.83991224908921,91.22356430625894],[56.75013890526573,91.23909554431819],[56.73978303456872,91.30858896654671],[56.65310352961781,91.28910980281448],[56.48703856696176,91.32090506216923],[56.468825508664466,91.36848161367547],[56.41537229906238,91.36836792413574],[56.37780033300597,91.40762530199174],[56.20264832973369,91.46282344262619],[56.122930366986374,91.4018628701195],[56.17876817806767,91.37802356120086],[56.28617920642943,91.13700789168135],[56.18834436877687,90.99434559648392],[56.164078508352446,90.71689364178806],[56.00988437540086,90.42459432874871],[55.075773460440544,90.20103059157834],[54.551676953213324,89.94052325882876],[54.256815459189035,89.84769107508974],[54.2408229539808,89.78778423922832],[51.58819763287708,89.02294834384809],[51.50136225295284,88.79891948453826],[51.19256592418277,88.67051693214906],[51.05208655478722,88.65180596816134],[51.05851305483919,88.63197863723303],[51.14576406267507,88.60524512217405],[51.19019755908059,88.60622956855737],[51.44253785876987,88.55337678387103],[51.98073858299144,88.37625283733033],[51.95698171794294,88.37039642440675],[52.008782644702755,88.3438569249204],[52.09297016704335,88.3262150229361],[52.621829832430976,88.03353427520122],[52.968681880354964,87.78598702110467],[52.94338099234173,87.64382848682374],[53.11053331418337,87.59535275975838],[53.06877449939283,87.56546659129916],[53.10100256700606,87.54392595530406],[53.16972117489466,87.52142328563285],[53.52315450000762,87.46711696077072],[53.84475163918319,87.40194885760448],[54.26445815400553,87.27560366503137],[54.489185465540196,87.11854381553849],[54.661340495830586,86.90001505626864],[54.738896431022944,86.87137938018914],[54.688196444621234,86.84247766284385],[54.73421032299514,86.6892895199121],[54.71187025034628,86.38667682167025],[54.66606347114343,86.28303433505098],[54.57830329496121,86.27836575568374],[54.658836218441095,86.27730404902643],[54.795098577502216,86.19701094973176],[54.825071061653574,86.08681998073106],[54.89070636141068,86.05765527625198],[55.00928342449474,85.75912389304187],[54.92574271754542,85.63672368919323],[54.78279124749183,85.45490614531428],[54.61059428443828,85.34473755951257],[54.37013009991492,85.24532433715194],[54.30555877825178,85.23111576407325],[54.211207926457234,85.23285691561216],[54.218849266544595,85.21719969244481],[54.33027548215195,85.21160006372045],[54.36900231720456,85.19297168696582],[54.30338975025623,85.13721882043282],[53.69194381111166,84.90010234872577],[53.61427155536609,84.8452817242277],[53.63961483223584,84.77621972348581],[53.73054537059289,84.7258652699775],[53.978610637035835,84.64783633167703],[54.23741918006315,84.6314759982],[54.30279547298211,84.59195077591082],[54.296233229922265,84.53625252935925],[54.15770099603939,84.53640976255625],[53.852855204578034,84.48598371318185],[53.731899907122624,84.5051256139687],[53.51528267512688,84.49551440687156],[53.35307165841994,84.52128968338548],[53.27187473545768,84.56652133577691],[53.06407071045707,84.59056659124661],[52.96410736597875,84.63377746102566],[52.88925948037521,84.62658383448922],[52.686272570657046,84.52335426458865],[52.55201194685065,84.50641751941869],[52.37937338056505,84.5197765418315],[52.40413249660998,84.45076682116705],[52.29199261277101,84.44566321759069],[52.26895913642497,84.42707838113373],[52.37601591843763,84.43570456167939],[52.48335201342819,84.41062879029872],[52.56564445250055,84.41480412539467],[52.62692000458747,84.34715631159769],[52.52079578848299,83.96605181793198],[52.01309003003755,83.40457891750651],[52.00407959076165,83.31399544043104],[53.18224544789073,83.20525655529617],[53.417388341406884,83.23028303053754],[53.52777736902725,83.34249223112126],[53.69211195246718,83.35356677723767],[53.88154902428009,83.24999987059014],[54.00488363311758,83.24630374722388],[54.18095255608917,83.30510148534546],[54.27716852198613,83.29493343040139],[54.38651451817364,83.18651076491429],[54.673923013149704,83.19026142283101],[55.13413507665951,83.07208467112207],[55.30459100987237,82.95487417988002],[55.84730985640947,82.86067194608302],[56.00083632556577,82.8492338880847],[56.223753424444396,82.87610667136472],[56.27961266229117,82.8720118007867],[56.3787580368787,82.78738728323289],[56.48922329321505,82.8375784541571],[56.801928274033244,82.83223313513079],[56.897410678423824,82.7987390556978],[56.91827109254484,82.72946961058605],[57.007020257707154,82.71189964471593],[57.10590298413235,82.78721782522527],[57.17791028628547,82.78984108801826],[57.43274487178164,82.68319335471922],[57.578317219027454,82.69724164729595],[57.730511714461436,82.67573000593254],[57.87130822073914,82.58157752277033],[58.10065616036741,82.56508744823445],[58.334565518930276,82.43629514919428],[58.341112350374544,82.56750210662165],[58.38703063880749,82.56085948526398],[58.48474754678717,82.50291192272708],[58.92159528996072,82.41317065832969],[58.97502826418918,82.3814757194901],[59.02378716475992,82.27486268161114],[59.26592270985538,82.25342872027568],[59.39738944956608,82.19828376214932],[59.48887369990527,82.19289911920508],[59.536205656069306,82.17254963190503],[59.52237174099696,82.10989803411681],[59.52014093824967,82.07861689387954],[59.5993283190748,82.01912109532086],[59.677494340096416,82.08985390085111],[59.69059518053777,81.85302022084115],[59.79560006326322,77.78567187025932],[60.07245225556594,74.61594930941492],[60.22513928873152,73.84808892953106],[60.14209248991331,72.65058908758449],[59.826837790221965,72.35464451119773],[59.59802834086994,72.15527459099958],[58.68705163669447,71.50812737607914],[58.424484240462554,71.30000619953299],[58.13159279609901,71.06147032563084],[58.11559384722231,71.0500224668322],[58.09528348601085,71.0372541950857],[58.02318174882421,70.99000909483826],[57.96529147801505,70.94442270755272],[57.89273651832637,70.87726145342037],[57.81848335671981,70.79260589687772],[57.815723501286485,70.78367742964768],[57.81409509917867,70.77745803937464],[57.81431893147602,70.76624592280236],[57.818997257871416,70.7619965399238],[57.832980120797366,70.76026792383468],[57.946807687764455,70.78458468642485],[57.98378149482324,70.78556922916256],[58.033591579884074,70.77927304154011],[58.002433896217404,70.68831125979892],[58.0589065962636,70.68740006315306],[58.21097032016663,70.78463532176123],[58.25005234527034,70.85378669906561],[58.26606159497386,70.89482082239489],[58.33886143066003,70.9721739846974],[58.4517973770652,71.05374270083655],[58.697031195250666,71.15604470942219],[58.78009995209065,71.19232490622427],[58.76675724479429,71.1327070983658],[58.498343497101715,70.87214393221963],[58.532866663615266,70.69030668091449],[58.80119138806489,70.93993827871388],[58.88469292953873,70.99515119063511],[59.076298385970865,71.0628021694846],[59.2549370435501,71.22150597265767],[59.37030567046576,71.4080783508689],[59.55889722731086,71.56288054365338],[59.646299778128395,71.59183126236675],[59.588820375192434,71.48056859047577],[59.71791926851373,71.56197685168398],[59.6166522728748,71.4267855474354],[59.75834496895134,71.51945535791938],[59.81776226838702,71.5055418140406],[59.889517245897984,71.57384101677147],[59.883297854868886,71.608027363683],[60.15385296145433,71.80555746890376],[60.283013855712014,71.93726756164526],[60.30042507510493,71.92326594755022],[60.30897518768501,71.95865796529493],[60.45722471367058,72.08820537948226],[60.4244185307945,72.11598300130849],[60.69536487977068,72.43248518979588],[60.80599634304173,72.5394217664099],[60.79835202521903,72.55072259828447],[60.86901925331288,72.63013940317657],[60.8854173601593,72.66558866430842],[60.96757278521839,72.78803962908606],[61.04917903815627,72.88284202124665],[61.07488911113484,72.8943408595809],[61.12519046246846,72.95606198588186],[61.058013664120026,72.98118100602109],[61.15293888070155,73.09645300885083],[61.17749138393694,73.14760115395801],[61.227277107035825,73.19306248840351],[61.203461229914225,73.1988114990069],[61.26578264183064,73.27674073714435],[61.27334194135898,73.31190153038241],[61.35703848282323,73.40919547679877],[61.33093743564037,73.42196510139846],[61.36196796216442,73.47834105293988],[61.32482518711163,73.4359142129255],[61.31992773615072,73.45028085690288],[61.40585012595973,73.54244395973404],[61.38873883873923,73.54351927547957],[61.43805471410815,73.61508229824801],[61.4833123999758,73.65298118405109],[61.527124538561175,73.73022030605912],[61.531456383874485,73.70188593321872],[61.584263523786106,73.77523665313021],[61.67122860952168,73.84630875282565],[61.720413913167334,73.90929094502755],[61.71882076804253,73.94944080949602],[61.76076658568891,73.95837579268454],[61.74667797754243,73.96442403318909],[61.79680890397301,74.05076076444101],[61.76780222086691,74.03535116427938],[61.843118458148105,74.12937464818768],[61.83006542997608,74.14505830039404],[61.88868616425613,74.17458453371819],[62.00714023137945,74.32123002533936],[62.11261350278815,74.42240028604874],[62.12815375657563,74.49885269721625],[62.19759057419019,74.58495630859602],[62.22939773152197,74.60343212551095],[62.22203239434775,74.64868379893163],[62.27178310147919,74.68546267105705],[62.298876313437816,74.72324773963723],[62.27341665966628,74.72919354941118],[62.345343375669785,74.84865820338484],[62.30189578593586,74.81606176065475],[62.313506754151106,74.8599014034545],[62.35522969707517,74.88754058668154],[62.354251984118164,74.91520541836468],[62.39220969571795,74.9681450225561],[62.38404016232716,75.01494386301871],[62.408358617765806,75.03853475904205],[62.401206807379744,75.05771897570159],[62.439074139147976,75.13129638632287],[62.51797552390377,75.1772375540593],[62.56750881294967,75.24161818254964],[62.64363696243572,75.29125263447247],[62.70515406814473,75.35238390495809],[62.74657385957698,75.42112277789585],[62.827831665209075,75.4611991309518],[62.854408547372515,75.49462577062643],[62.89740549153338,75.51002042955315],[62.924977648938125,75.554315147718],[62.97028157797506,75.58336493664599],[62.96300982345491,75.61759030491591],[63.002251405986414,75.63287115572645],[63.01909119362305,75.61762539174475],[63.07669740664852,75.64077904857507],[63.11507374360686,75.67272897984304],[63.15094436005656,75.75840424156083],[63.18143021634612,75.76995576354639],[63.19069317814361,75.80699414428551],[63.19663742252223,75.81928125930585],[63.243629368958,75.87406106721396],[63.29053651227131,75.89550119431415],[63.325734817888076,75.96652125822389],[63.37154485248905,76.00298105624775],[63.36677864476958,76.0181733372764],[63.40585461019499,76.05183311452595],[63.42436336742308,76.10286847795842],[63.46274389365519,76.13252270701949],[63.45544279809914,76.15689900955245],[63.49915833299214,76.17798762148517],[63.51079009000685,76.1998604732306],[63.57548477200629,76.24051104143243],[63.59303186784643,76.26637479973137],[63.569580203879134,76.32611049202875],[63.625628499495676,76.38354501476374],[63.6070249529983,76.39254725880537],[63.67116351778298,76.49901586239173],[63.64193060890209,76.52765020409984],[63.66261060432966,76.5479420198275],[63.66564175500689,76.66454440846735],[63.680629525611536,76.66247899922806],[63.68441449720923,76.72348813039102],[63.72097241682451,76.79141015734314],[63.77083700195844,76.8069453630136],[63.82213958253358,76.87853192019233],[63.83436363699781,76.867606562585],[63.85958364447016,76.90527407267976],[63.90071866315994,76.94257621398849],[63.91588071050727,76.99426800302636],[63.93432586103749,76.98639864047851],[63.94282910282096,77.00485054402921],[63.97322866957441,76.98269770888649],[63.98140530754843,77.00189395841012],[64.03368192650308,76.99387538533647],[64.08234402354557,77.05154820700812],[64.20634872665264,77.11884045982501],[64.21330547283239,77.17226429177859],[64.23285051526535,77.19460549572848],[64.22040038140412,77.2084121277269],[64.22114208804243,77.25661934782634],[64.19743892278635,77.29443423623864],[64.20955173805872,77.31194783872878],[64.21350209010075,77.3388163365529],[64.21510005501897,77.35488528411912],[64.21754259351633,77.3650283340944],[64.21555773041645,77.37096679192348],[64.22222144083634,77.38994662592933],[64.20863274531708,77.39253015448905],[64.2147802037623,77.41906551295438],[64.20229585067912,77.43298835696444],[64.21248276546498,77.44323811857126],[64.20122716066558,77.56118746312438],[64.20807812785515,77.63052849844524],[64.21170063527651,77.65869979169787],[64.20606583038597,77.66229977495499],[64.20403660955961,77.68215088560402],[64.22819616979297,77.68701767654588],[64.23105408478992,77.72615851561346],[64.24591487934124,77.74353221566543],[64.20209122323256,77.7967391244008],[64.22789657413031,77.8214740045176],[64.2399977955837,77.82149579650371],[64.31357689699229,77.92693581020916],[64.38295672074142,77.95215158885101],[64.41313344383667,77.96261995705812],[64.41128981181151,77.94758188895364],[64.4292454762265,77.93926095383003],[64.43901738761505,77.9264941829562],[64.46113564679291,77.96567119977465],[64.48753640689426,77.96889519547138],[64.48940554152104,77.9896656455141],[64.51577484438569,77.99319112435646],[64.52204344481127,78.01057053831865],[64.53771654831202,78.00641486110406],[64.55008402595308,78.00987478496523],[64.54891031593397,77.99701351174559],[64.5725372714549,77.98360278097113],[64.62440876281381,78.00280471892603],[64.61974686608863,77.96566100730449],[64.66005095216518,78.05509921000191],[64.65640894365357,78.10549281746135],[64.70564922180934,78.12878786543368],[64.71390389172973,78.10025585881215],[64.74000459946905,78.09359064843315],[64.74753149521177,78.12674649663788],[64.77633709330424,78.14095897245502],[64.81095270773133,78.10775430316306],[64.8178670646827,78.12779872512321],[64.85305651504041,78.13036571706158],[64.8468591994924,78.17017591345754],[64.85976507727567,78.18266240356871],[64.88481854384956,78.16495659823994],[64.89781902724106,78.21200325088157],[64.92361862306913,78.19345440991886],[64.93398259392666,78.21692112926331],[64.92506877088181,78.23065004654443],[64.91501907580098,78.23147889838137],[64.94761765478347,78.31959040797912],[65.02512683715976,78.45410842070625],[65.11314451749973,78.57589975089847],[65.23660776311874,78.82384097085468],[65.30770080856578,79.09906654011817],[65.3147872973073,79.63857999077896],[65.39228426273871,80.13680067293068],[65.57875995810828,80.05221175203025],[65.68767895842777,80.18084798278926],[65.72968496483577,80.37993566531084],[65.71024093677812,80.44121736029118],[65.73303267045563,80.46438433863665],[65.67823259118127,80.59259457586231],[65.70063838550652,80.72532784831822],[65.6895164281138,80.76238073965267],[65.69987997867743,80.81546713538616],[65.60089374875113,81.22070248110032],[65.32296313791934,81.46446560713369],[65.3310270415159,81.6088956585134],[65.49567024808317,81.64380917543951],[65.4976671378858,81.80090287190953],[65.6870202925128,81.8411552833047],[65.59932369602917,82.22629080115821],[65.64709600179505,82.41058992511802],[65.57681230722491,82.59413712464053],[65.36025847309247,82.75855488084693],[65.14325209075412,82.99868111746429],[65.20024044185031,83.09050680539558],[65.56212452417643,83.09078693268233],[65.59924307960725,83.1118443072886]]]]}},{"type":"Feature","properties":{"Level":"ADM1","shapeGroup":"MYS","shapeID":"MYS-ADM1-15666254B81844598","shapeISO":"MY-09","shapeName":"Perlis","shapeType":"ADM1"},"geometry":{"type":"MultiPolygon","coordinates":[[[[56.17876817806767,91.37802356120086],[56.06479368416411,91.41730661466968],[56.04401898173538,91.4605148099537],[55.94222094324884,91.52299764601699],[55.915657034065816,91.5933359369146],[55.95656694222355,91.62557882702194],[55.88310210162018,91.65626990290852],[55.86540643918616,91.69275885721811],[55.82395159634195,91.69504421549289],[55.8334810851035,91.78286283278119],[55.78827296896365,91.83863309358357],[55.72289637159184,91.84775693041749],[55.65763594727515,91.83496850650532],[55.583701048990925,91.89079646316851],[55.58599748026144,91.94845370144282],[55.46902060284511,91.98706945208896],[55.48455007037602,91.99908084496013],[55.44744296185396,92.01886663827092],[55.31606925124215,92.02679243694615],[55.250287234592676,92.0520437992866],[55.249210348345045,92.08553809832311],[55.14767959851232,92.1299381749833],[55.059422643129274,92.27761077066918],[54.987742538449965,92.27485655697448],[54.88099543091492,92.31583565740303],[54.840414789803724,92.31429367668088],[54.8554302268987,92.37716988989537],[54.939165253294355,92.36482150677467],[54.972104578783714,92.38229353810569],[55.06687446054798,92.37738879076727],[55.27261234200811,92.44196374989545],[55.22136638683717,92.48944378681159],[55.23441158670474,92.5145912792772],[55.19412777411269,92.54701147542622],[55.176906382827,92.61059681945609],[55.07962776849793,92.61222089581929],[55.072202912056085,92.63264745114508],[55.09335422091033,92.66592151143692],[55.18991362391267,92.67918498022827],[55.200544056619194,92.75507558659436],[55.14312091738179,92.81567778757841],[55.27942741586227,92.8629367430362],[55.31009947535222,92.90765616767041],[55.19014982386247,92.93841460286194],[55.132145897167696,92.93099429224628],[55.06878110181472,92.97566908353345],[55.00955502682045,92.9653813836565],[54.92801830401616,92.97919443292938],[54.86569168562531,93.00628409399087],[54.87650529852275,93.02157078850371],[54.840901862263095,93.04335106376728],[54.79430704647788,93.13510703614364],[54.760454162462054,93.14744157352393],[54.69665234410664,93.12746165919852],[54.63986401081391,93.15288919773216],[54.56592904890873,93.28015070679751],[54.60434799989683,93.33259182378578],[54.59916185696819,93.36698771714084],[54.67352039102899,93.41730944232002],[54.59422394002871,93.48296186769826],[54.52058650829152,93.46655817235636],[54.469769756754815,93.48313423789446],[54.374072629127,93.47208642936397],[54.339768318348284,93.44599377998942],[54.23666314574244,93.45320242144409],[54.12904828857161,93.40997348335874],[54.09546845408362,93.41189791805684],[54.07397202752398,93.4170916498426],[54.035317832120164,93.50801907482023],[53.961394775203374,93.55962549369391],[53.939398522055384,93.52760036366101],[53.901759093967826,93.54347393456247],[53.859572762448074,93.53954579641638],[53.86262952549114,93.48723073629007],[53.81110999764552,93.48128714271441],[53.775339589723984,93.42799170719732],[53.73415323531416,93.4121421012725],[53.68451842777461,93.4207248795484],[53.680225422106076,93.3946948120125],[53.62236764391362,93.38677170042915],[53.54470844586356,93.41329721888872],[53.51221890901345,93.40962558343918],[53.478107861555635,93.43300792376586],[53.424132631791174,93.42305932217543],[53.24325475285152,93.53656595872711],[53.26932027643113,93.60574979215788],[53.21721899343867,93.65475417748233],[53.21188894207747,93.71876057529555],[53.16827330783674,93.73982731714534],[53.075903974725136,93.73801238097832],[53.02275580106609,93.75681163226741],[53.00522909671079,93.78671108574267],[53.03454151155999,93.81316829513494],[52.965260764144574,93.80871403057166],[52.867574309931825,93.77403899121234],[52.81354578809048,93.78491228803657],[52.78881679992264,93.767400612882],[52.5318215314625,93.73905432132443],[52.52394098364526,93.70047398070537],[52.29626457216982,93.55636740387135],[52.27530764776148,93.51875023980706],[52.11596047135252,93.48870112666553],[52.14687915479992,93.36752610459908],[52.22312424658197,93.36380276420289],[52.23569785918751,93.3398542209338],[52.205413792902974,93.26046075474832],[52.14357585221677,93.21248691808337],[52.164226055984294,93.11456885871968],[52.14100036564179,93.04889830442016],[52.011346313055256,92.99732426785779],[51.942289106666365,92.99684253265391],[51.86650513336441,92.96216943354167],[51.82175639229177,92.793401060233],[51.76055319245263,92.77850093825126],[51.78923951937623,92.73086450672668],[51.74831328629392,92.6887309652952],[51.77181588955328,92.66877717275888],[51.73550151795955,92.52522340213827],[51.83552826509676,92.48068178157156],[51.89199975955442,92.48738451047312],[51.93199211751879,92.45665608292235],[51.91313462605435,92.4092328816435],[51.861302016546695,92.39273966617273],[51.83661686266645,92.3521193269068],[51.87390801917938,92.2971988352964],[51.849266608261544,92.25562137878696],[51.90176909147823,92.21578744751459],[51.848035626786015,92.17514358488779],[51.856449177749624,92.14241280135526],[51.72914542131005,92.13632548163578],[51.668983998800314,92.07353961987307],[51.62072346513222,92.15061597453348],[51.584310904804106,92.1568450964659],[51.560393571306456,92.1335192765111],[51.4779442302128,92.10503220176037],[51.43435973081297,92.12264338959022],[51.437099547780676,92.17168805220905],[51.33974504248838,92.20306482031499],[51.30328851332258,92.15532578841533],[51.34686598622304,92.1519160940542],[51.35779751687441,92.10949234756683],[51.325806723828094,92.08609981597796],[51.33040200277618,92.01708852358489],[51.198388728336475,91.9482511900616],[51.17791309901894,91.83728839239748],[51.212981431485794,91.7542637006832],[51.189393967981005,91.68511526146315],[51.20922650048502,91.63105596495984],[51.181670875611715,91.61095300986446],[51.19365680258886,91.50854346383062],[51.13059638579426,91.49273511079615],[51.170638330325154,91.4161044324272],[51.17170825497135,91.29552236266369],[51.20925215412257,91.25820652202],[51.16731087286331,91.15717591232759],[51.187515958062896,91.12578677617003],[51.1537885660948,91.05454686986195],[51.05246423068884,91.04579518607862],[51.0401592670347,91.02317895964376],[51.046009384181815,90.99905539151561],[51.12473487479785,90.96764466699965],[51.086699050755826,90.93471256474602],[51.03997138071573,90.92523189853793],[51.02026088335405,90.9418287416236],[50.954506469388846,90.9026484816975],[50.95624898648877,90.85923254621022],[50.924129897985395,90.83210353672581],[50.822323667198845,90.8095068947458],[50.82811562592613,90.78753731629574],[50.77417725268646,90.73876109957448],[50.8068475259954,90.61103870784444],[50.710603606358745,90.6049093021538],[50.65763129256911,90.57521267283798],[50.59985020285719,90.58936004904058],[50.482233717912486,90.56054007620548],[50.476671168957914,90.52026978954477],[50.42718553614309,90.50936805378528],[50.430245410262444,90.470971559399],[50.372392457363475,90.41348445510273],[50.246745265432416,90.38312738402203],[50.191467714663005,90.38597565877882],[50.16105742083526,90.36437876536117],[50.096060531365005,90.36776798692573],[50.10958241430939,90.17379978046245],[50.16837803801519,90.12946822893072],[50.11036329623734,90.10241128696879],[50.13544097711263,90.06638486779852],[50.19370122726662,90.050690009924],[50.229466327021896,89.97426018163094],[50.327481003690266,89.55337289874339],[50.40901097384162,89.43651975445673],[50.392691027182664,89.40047935153949],[50.50373334460515,89.14624141471917],[50.53320964839733,89.13126596724958],[50.56059106924982,89.03639239738058],[50.81880590096642,88.78524636080553],[50.961424889711424,88.69775770606684],[51.083635166651895,88.66266804875227],[51.19256592418277,88.67051693214906],[51.50136225295284,88.79891948453826],[51.58819763287708,89.02294834384809],[54.2408229539808,89.78778423922832],[54.256815459189035,89.84769107508974],[54.551676953213324,89.94052325882876],[55.075773460440544,90.20103059157834],[56.00988437540086,90.42459432874871],[56.164078508352446,90.71689364178806],[56.18834436877687,90.99434559648392],[56.28617920642943,91.13700789168135],[56.17876817806767,91.37802356120086]]]]}},{"type":"Feature","properties":{"Level":"ADM1","shapeGroup":"MYS","shapeID":"MYS-ADM1-15666254B35683348","shapeISO":"MY-08","shapeName":"Perak","shapeType":"ADM1"},"geometry":{"type":"MultiPolygon","coordinates":[[[[52.325314831705754,66.15906793448139],[52.329858257340256,66.15290022940893],[52.73007015660686,66.29987975000955],[52.857258402195995,66.38759485585064],[52.5652706245128,66.30024295724853],[52.40844521892946,66.24235369007425],[52.325314831705754,66.15906793448139]]],[[[50.708135592729974,65.68140279463944],[50.702225300671245,65.6451958951625],[50.8373881635927,65.70215507584533],[50.83807146991251,65.71813135885392],[50.89507000735287,65.76291485952298],[50.86900908790053,65.76481509740051],[50.88124662597759,65.78070468144679],[50.84807707253471,65.77721648031229],[50.81107458992558,65.75194781786055],[50.76713563203714,65.73747819648206],[50.7424980169749,65.71940282121905],[50.735642125389106,65.7100394544988],[50.793065029479635,65.72585293084096],[50.780463099754165,65.71183079110355],[50.708135592729974,65.68140279463944]]],[[[50.843421754903524,65.96779733110823],[50.865080262682525,65.96484917728091],[50.943074976285075,65.99122525613869],[50.93266008386169,65.97671427410378],[50.9796438988944,65.99251482158539],[50.933584942057436,65.93250727604658],[50.833046268350124,65.8750092151081],[50.899350701952194,65.88413113114238],[50.896689096580815,65.86857194451791],[50.86211543457377,65.83868500505312],[50.883122574292344,65.83277113419567],[50.95443134450376,65.87106097380692],[51.08005880804691,65.90842712329936],[51.107207148580144,65.87008460657098],[51.0830389773392,65.84065699687903],[51.117259042646666,65.83386668655524],[51.2114932999295,65.86659493506974],[51.27445526131035,65.903477177175],[51.40289483067809,65.94429096243388],[51.42805892953987,65.97445342946293],[51.34849152370929,65.96663191894505],[51.37836125143427,65.9943033601266],[51.41456761027578,66.01176987835248],[51.428476203819706,66.02855940872831],[51.37168684450674,66.02703239458839],[51.39351071304942,66.05266371915282],[51.43458105000119,66.07989947030286],[51.4067422498563,66.0838757853125],[51.42497513829431,66.09482244725939],[51.40662475900636,66.08564849302465],[51.444462579707135,66.13459608491054],[51.45621638313175,66.18462103511578],[51.38261762647143,66.18477914264973],[51.45511479283377,66.23059764410112],[51.36486115950819,66.2185490449924],[51.258524052499666,66.1695634413088],[51.235601728178295,66.1469413855626],[51.15283263911977,66.11689312774152],[51.12915904449924,66.11943551654713],[51.16776688231565,66.14363734694999],[51.14136295761202,66.14335916522882],[51.15575848056097,66.17956121481959],[51.116554234829195,66.16599976105779],[51.10171861751847,66.17061548433517],[50.99507230444864,66.12737630211905],[50.920581436016846,66.08484808797655],[50.90294095026383,66.06336904144322],[50.918039743644854,66.05085418490114],[51.03950234300417,66.09531196238915],[51.01818339179296,66.05842128561564],[50.995807266813586,66.03918125010375],[50.91274853926042,66.00500220528775],[50.843421754903524,65.96779733110823]]],[[[78.41480902633853,68.17684992673233],[78.18980484128144,68.4137673035248],[77.62249919087995,68.63429978137103],[77.66511065301842,68.68088564274272],[77.88256803278927,68.6337056169226],[77.9526048159816,68.6689653370877],[77.84002516079747,68.77285634354328],[78.12143710234764,68.72738653991475],[78.41733519402753,68.76087258615223],[77.78695756201972,69.0568451115472],[78.04237397159085,69.10073249576091],[78.05114841722683,69.2266700407588],[77.94636524451204,69.29465015755993],[77.98614473466341,69.32660195758588],[77.73150413745542,69.46700413844633],[77.69620315682346,69.55251632899922],[78.01506591207732,69.54548640210608],[77.99283560762827,69.59360934678537],[77.6078727984433,69.7569356678892],[77.50043910046767,69.81165374322343],[77.25423513900715,69.90060774487392],[76.78336133868648,70.08634042893809],[76.48770592238691,70.16101475778771],[76.14002140291824,70.29665347246235],[76.01707545544181,70.36637936173616],[75.72284517955964,70.47554293144998],[75.75843121555334,70.53673529018262],[75.6241117670699,70.58927374575796],[74.80830646521544,70.7935735428819],[74.54706435860226,70.8792047760695],[74.51923638338455,70.90230160503432],[74.66366657571012,70.88833253429138],[74.62904302111491,70.90456986427324],[74.37505271159604,70.99244072643431],[74.08975754752588,71.1403658497941],[73.51832379424371,71.30783703547993],[73.70248881859213,71.34752017494826],[73.49018875108409,71.42503511849122],[72.96927302294307,71.54811656364254],[72.4912294110237,71.71466346059103],[72.2117781769101,71.7541313888426],[72.04759798001669,71.80426077979183],[71.90822339974399,71.88126054278284],[71.52796188221598,72.04199815256791],[71.76073025922231,72.06882233191483],[71.68893065399571,72.14622467182735],[72.02927610814444,72.11581069674051],[71.80833141228811,72.24501209765278],[71.4422772019228,72.39053239793402],[71.13368907508081,72.67180350317344],[71.16832781964574,72.7670068124682],[71.27867373736972,72.80354761982412],[71.20500919653186,72.85956533946332],[71.1630362172841,72.98054608573099],[71.07775924332307,73.05796151347815],[71.14794708626802,73.07658570957605],[71.00392676156255,73.14901341398168],[70.91904824135898,73.1756174851428],[70.85202253589432,73.22288391057997],[70.76711626136645,73.31950367464415],[70.66618052044433,73.39091781705102],[70.59729788306588,73.41215855890849],[70.53449406849332,73.45178364078902],[70.46018069561859,73.51721942136328],[70.36811817477725,73.55311315067371],[70.29139200430565,73.60636148127043],[70.23018361376893,73.63425810871335],[70.19779370068298,73.6619884898613],[70.17811994993338,73.73597324968468],[70.25296623612118,73.73837860381163],[70.238027096009,73.77107675212186],[70.25751673356115,73.79169030161354],[70.307625051042,73.79106706097126],[70.34990995532098,73.74944230298397],[70.42294106609025,73.72522406770935],[70.52532699627837,73.73928828810466],[70.57588300556121,73.71350997115664],[70.63078952777951,73.6671410650611],[70.74339851034733,73.64529005595163],[70.7500525111028,73.67070365261696],[70.8037294164145,73.69409494988216],[70.6783527709441,73.83676364438774],[70.62386897390988,73.87731153603995],[70.63078800939917,73.9060556269052],[70.537134188057,74.00781446753624],[70.62493829883812,73.98280249630129],[70.66894294010916,73.98164278272468],[70.79632868137398,73.94080625392536],[70.77369914570615,74.02090066560785],[70.83564796457644,74.092067244519],[70.83376384432505,74.12757862209631],[70.86209723248643,74.14155212080504],[70.87886656452909,74.18512322313032],[70.8853650395036,74.24241882729635],[70.84139545612237,74.27055438838849],[70.77152083946746,74.35452188750196],[70.67518481667645,74.43065701143269],[70.69557208145021,74.4631044600013],[70.67845948914282,74.485978174926],[70.69782048746575,74.49780329148797],[70.78961730450331,74.47721946412068],[70.74964503196772,74.52279075032561],[70.73239579789299,74.56391053670069],[70.77577570624109,74.55541367512163],[70.8147072409034,74.53086974795723],[70.864088110831,74.52770524593872],[70.90301990949627,74.50316146987805],[70.97581550189561,74.54096053210296],[71.05560847403228,74.50971606811657],[71.1004053834494,74.50875123646992],[71.0821897411204,74.54094999428051],[70.98799724607551,74.58672706444555],[70.99683176804498,74.60712120014172],[70.9664195396588,74.63520116981566],[70.9640803947518,74.67209820716323],[71.04967609027776,74.65273119683292],[71.04940314106439,74.68922361133203],[71.11987129679497,74.72227172542812],[71.05226155682469,74.79927876849925],[71.07662314015444,74.84284196101669],[71.03495405152543,74.95405984235498],[70.89861759832081,75.10405816625466],[70.93283469441269,75.12668786155292],[70.91063312308893,75.17340415751478],[70.8703956043945,75.19876942527279],[70.86257903593621,75.22585558811934],[70.76303145250083,75.26149182879652],[70.7429049892353,75.29569582221802],[70.64667227184405,75.34282134891558],[70.62391579783113,75.36076986853278],[70.62182456341674,75.38273202018021],[70.58307327900887,75.43480777658223],[70.65297734123172,75.49040930505433],[70.71738770298174,75.4763829719632],[70.73683117620422,75.49364527897015],[70.77469921931905,75.47199676734348],[70.7975224572789,75.48812513133335],[70.79399685458287,75.54616264149584],[70.82151317278816,75.56323445922713],[70.8058305254677,75.59361795783074],[70.74929517485099,75.64248404680136],[70.82798905274785,75.81852961371361],[70.78958650117347,75.86377852201784],[70.7764626616671,75.90492875695146],[70.7833906314856,75.94583963848599],[70.7573634543559,75.97734352013143],[70.77918559878798,76.04340607944839],[70.77649250861703,76.07678946436295],[70.74350801227618,76.1143253254354],[70.74523098646941,76.2261022977581],[70.79736659713524,76.25188252682902],[70.83299214749071,76.24666769901268],[70.90022909704491,76.32056097809738],[70.80367202923028,76.4483931842048],[70.77323730320235,76.53927183888982],[70.80243062077966,76.6435795077273],[70.7913098280497,76.68218156275438],[70.79592717123859,76.74091112879597],[70.72294450774999,76.84379941271573],[70.70219251701036,76.93268430468856],[70.75771413555422,76.98012129183456],[70.70953819072756,77.02519918640259],[70.67686420528676,77.0979013719753],[70.71279269024933,77.08142399468261],[70.73339380480452,77.10399494739909],[70.6971273325147,77.16253224444333],[70.7102541752466,77.20953241434817],[70.78836941320382,77.23554557388637],[70.76887909117687,77.26629762675975],[70.79895117590124,77.29371739002846],[70.77110886552384,77.33176633000593],[70.79504689970213,77.41465914268171],[70.74521352219591,77.50115435197274],[70.73719801033714,77.54852256572542],[70.71701941901625,77.57373689449898],[70.77414388069936,77.61652019145843],[70.79680500243539,77.65384417934476],[70.79424745838702,77.71965686604855],[70.76371085291353,77.73694076971593],[70.76692059255105,77.81953130501823],[70.74914226170182,77.86774425301952],[70.76224338811036,77.87682339820697],[70.79307983735654,77.86191089887423],[70.80051841660536,77.88163484519512],[70.84422000549193,77.83710062118051],[70.8376982525204,77.81641329364936],[70.86031221200656,77.79401684714206],[70.89663603861408,77.78140306088852],[70.92711366253911,77.7964163590133],[70.94941308243705,77.77972308260823],[70.95880219793159,77.81687419847437],[70.93753818609375,77.85195554893515],[70.93285195668648,77.91328379790573],[70.96227331859919,77.92201812721963],[70.96986509127802,77.94090932599565],[70.99337353300567,77.92966185311965],[71.01256231427351,77.94578084121125],[71.01327406284355,77.97390874386704],[71.02714371716064,77.9788221819445],[71.05938871550764,77.94430267450689],[71.09201429257031,77.95168853419092],[71.09197696191436,77.97187183759247],[71.113329468966,77.97228930003871],[71.10809884699516,77.9965816443837],[71.06710434348736,78.06244513074833],[71.08010030523188,78.12803736079758],[71.08023178532694,78.22324798699756],[71.06523193501626,78.2524219904482],[71.07509660496981,78.27899718897176],[71.09581661643594,78.29082008152113],[71.1408137522396,78.28723179419359],[71.19346835678749,78.26620597958788],[71.21142985036818,78.28495245012476],[71.24972263842128,78.27765919730757],[71.2455632530032,78.30015314614002],[71.27250153723635,78.33029230985075],[71.27224937230771,78.38359846282762],[71.30105059394374,78.39566745454741],[71.34149259330287,78.38074649218866],[71.37652629246705,78.40305844450982],[71.41592739857126,78.37378861962628],[71.45446517805371,78.317226250239],[71.48590053433898,78.30705989095264],[71.50917271178236,78.28318337209393],[71.5463421629971,78.27381588817777],[71.56034112449966,78.29350121346121],[71.61732582748311,78.29986568693803],[71.67567796008022,78.25614466721494],[71.69020494630793,78.22927128533743],[71.73106029164143,78.19078876670193],[71.76624234455905,78.17611960803202],[71.81326183988875,78.12650838322665],[71.81881964247349,78.1012190853188],[71.86595695291268,78.09322961747895],[71.89595227582495,78.11392221116749],[71.89578419327616,78.1529537452532],[72.00089038208085,78.13171048228574],[72.07893167447673,78.0960405428809],[72.14147043522881,78.10416121018324],[72.15866184085118,78.14675808336261],[72.21310432163456,78.1700941219823],[72.29538370978749,78.17015102968091],[72.32542512456806,78.21218019422443],[72.40443593668215,78.22352948263598],[72.47077419075589,78.20939902380155],[72.51281274053198,78.27194079210139],[72.51383308282158,78.31216665925515],[72.54444862149785,78.32303650908736],[72.57826370097584,78.37388819662124],[72.46581902424268,78.44526883332537],[72.46465414683885,78.47481194684747],[72.41283533338891,78.51169179689622],[72.41217434713644,78.53949757058513],[72.37687261727929,78.56418827507198],[72.38917878442908,78.74290908100694],[72.3686527345563,78.80654478960611],[72.31222899020334,78.85569993598735],[72.25745197347027,79.05592194035479],[72.21796351216099,79.08301732520734],[72.18912864939186,79.12068735565687],[72.2341874903884,79.19464048929393],[72.28845695856316,79.23311407275786],[72.2302465721648,79.43790302921181],[72.17310450384831,79.51439887818948],[72.11782939525027,79.54925106061825],[72.05424695915765,79.52636003413768],[72.04392561584889,79.46206435567481],[71.97137999079524,79.49244817746536],[71.92005888846789,79.55965902156552],[71.90732980825643,79.6029328131568],[71.88788244643656,79.61162824238686],[71.74052418967253,79.57885933147266],[71.71720640665507,79.52547292266946],[71.68479451442316,79.53198679761863],[71.66931706977408,79.56466159842483],[71.6038730274618,79.60138867609963],[71.58796647964444,79.64279745594659],[71.51154941669225,79.67313803827969],[71.47681441216766,79.63567351273868],[71.36772277074581,79.78817062050315],[71.41925590905308,79.83830234383373],[71.40681352426995,79.87824008888235],[71.4219081916784,79.87692578962628],[71.4065874365588,79.93847993173434],[71.44340243564072,79.94381252646454],[71.45938779912568,79.99021233733669],[71.44142814126194,80.00379437005137],[71.43296338494697,80.06918849983458],[71.47895431345711,80.090031756327],[71.47600524305889,80.15582009067425],[71.45765238655076,80.18237283585489],[71.47787598091858,80.21471639589168],[71.47629398512336,80.24000835545162],[71.52003085814931,80.2702253971239],[71.51552802151876,80.31739478403097],[71.47059152063042,80.36080371390813],[71.44844023944388,80.35737956204348],[71.41410979448447,80.4379504814686],[71.33349823294637,80.46265069551211],[71.25303213503264,80.52944293305401],[71.23120425462636,80.5313536250709],[71.22618863272382,80.54902196712766],[71.24721359386861,80.56423693785081],[71.23358756238065,80.65468574747592],[71.2415557118232,80.68601602065289],[71.28561755624794,80.72707910593297],[71.28685393566123,80.76411539800014],[71.23936500870678,80.81776963141833],[71.22492978096508,80.86027769552226],[71.23659478178472,80.9985558085972],[71.2215614920593,81.0275300274414],[71.23201214605778,81.07617369313277],[71.27921480266505,81.06789588645356],[71.31050700167744,81.14128896650887],[71.3559048319311,81.186723041986],[71.35839837482722,81.2081920842767],[71.46036357881971,81.27598462772559],[71.4755265881593,81.31862951413582],[71.5043908300809,81.3487818981956],[71.47168749760132,81.4079411782795],[71.47822940086452,81.4316528260151],[71.4594958333289,81.50959915657455],[71.42756546868426,81.56232147009459],[71.46917888592779,81.62701186848447],[71.43113715537943,81.76872504031789],[71.43107669803865,81.85552560995393],[71.4285096815812,81.89887866664078],[71.39595836426702,81.9581791454149],[71.41614544079555,82.00241478989768],[71.38049815940815,82.13882523983388],[71.35510101808345,82.15957192229469],[71.30046733368852,82.15260409854304],[71.26427834556654,82.21248023379033],[71.24839742224458,82.21660584363886],[71.21827108287296,82.26312918607465],[71.22337224482168,82.3100466016188],[71.16954283236076,82.3790617628215],[71.19308402456986,82.44231553652133],[71.16020561731997,82.5098348242266],[71.1445914528039,82.522452454846],[71.12380319911506,82.49801945311276],[71.10558020119244,82.50571869204535],[71.09622905226777,82.60982012605706],[71.10587291815301,82.6630872285337],[71.0934295179286,82.74475503493903],[71.07818417690251,82.7705148965521],[71.09904337835634,82.80891410091556],[71.10744009285234,82.8665830247413],[71.05383304775839,82.98060186141757],[71.08030415836802,83.03836687873012],[71.10653274363557,83.054483425987],[71.06739442521125,83.11415580808098],[71.06519033392871,83.14876940570863],[71.01882784015025,83.18628306617818],[70.9414679238295,83.15033894962592],[70.92833359561851,83.13062966750738],[70.90530108809924,83.13537269536752],[70.83371538890952,83.20033627941453],[70.75836747519016,83.2336585110603],[70.76048064064751,83.27779319278046],[70.7396094066795,83.32017274253857],[70.74605815588046,83.39346384930738],[70.73318897576429,83.4274681115811],[70.7037949551143,83.43057021668677],[70.67623352760143,83.4873074376174],[70.66341288864005,83.59674404572404],[70.60216600978211,83.65017381308738],[70.51599176677594,83.63506195370759],[70.50993625355238,83.65870499279696],[70.43956613219456,83.7170099357745],[70.41174389929618,83.82654939024314],[70.35817806873942,83.87043978758084],[70.30816745460311,83.84486555483227],[70.29847940815333,83.80918159515795],[70.17847425466448,83.7733693957278],[70.13491111611691,83.79602870655604],[70.01999225177386,83.80350617112308],[69.99730078602119,83.76972477691405],[69.96349132524713,83.76515060790966],[69.91181969494892,83.72347180673506],[69.89796346573023,83.69076147714637],[69.9089583043509,83.65427374554532],[69.89697043902827,83.62120189104891],[69.86957712324735,83.64768849581228],[69.8451236958697,83.6464746015957],[69.82437931592371,83.68432852818911],[69.80628615984695,83.68395420508983],[69.79582212926678,83.6433485903147],[69.767589747294,83.62374836561868],[69.76676266897522,83.59446191674627],[69.69333576163532,83.54949957789854],[69.6791202277607,83.50988486068086],[69.65325888380869,83.49216128425418],[69.59704798425062,83.52318524103765],[69.61045167749627,83.4175080253656],[69.59827548713007,83.38395289345858],[69.53690656702625,83.42760961268313],[69.51720823466295,83.40738890685027],[69.49207503236545,83.41174271246678],[69.46268652084781,83.44868135043146],[69.40789009816825,83.48770265200989],[69.3972290186165,83.46367383383797],[69.36603636566255,83.45783212269467],[69.340047835038,83.40783297116268],[69.3152544130473,83.41366143851526],[69.26884413236778,83.45390579631874],[69.19507099518466,83.46948035754878],[69.18291706741417,83.49198064015773],[69.1662470607129,83.47686454799734],[69.13642959357853,83.48238158068573],[69.11059548630902,83.53207235386813],[69.09164437995584,83.5393606157252],[69.07496165573599,83.52450220209846],[69.00340088413077,83.56367301975118],[68.98782302646998,83.53233813808654],[68.9592991572373,83.54456960977419],[68.92539327986489,83.53538116111912],[68.89018908611416,83.55924527331955],[68.83988531988152,83.55709668912885],[68.79004438025015,83.60007870655599],[68.78291504747399,83.45343165550143],[68.79625922689043,83.42759017573906],[68.77314088334523,83.37884267072269],[68.71613295821197,83.35474606945101],[68.71744746122292,83.30748684228718],[68.6992071482986,83.29758055006869],[68.67681887984342,83.22429637493124],[68.6909446237663,83.19005924718796],[68.66788641545867,83.17042818450494],[68.65454243428971,83.18759868447135],[68.59137866381536,83.18586961231006],[68.56352626936288,83.21730905626163],[68.53872373901048,83.17451099126721],[68.5084367048082,83.17293072301368],[68.49404085425618,83.14434140757359],[68.51709661793011,83.08249580087758],[68.50841931394174,83.03556402731385],[68.51604959924461,82.99846189368196],[68.48148458032458,83.01484688806076],[68.46878791903886,82.99599015163702],[68.4505745222857,82.99922616088176],[68.41074922088777,83.05065656365213],[68.35080469826924,83.09186067259805],[68.31865987825108,83.08414395097843],[68.30646972663313,83.02868720452722],[68.2838097191385,82.99947630696337],[68.24997015463727,83.0152007915317],[68.23134749370264,83.0374949263896],[68.19457601385334,83.13191808168403],[68.12527815724204,83.13323681660084],[68.08272446555488,83.18564495848209],[67.98437223032641,83.17274711332941],[67.98297133083122,83.14635259212874],[67.96532264139674,83.13830605623245],[67.95133242983128,83.10109457157324],[67.91237081498224,83.08858474507977],[67.91978064008839,83.01933053528158],[67.90227374281677,82.96127499986933],[67.93032627422855,82.86373265306605],[67.91932356435146,82.83282250625149],[67.90131603786823,82.82558311369394],[67.88443945133807,82.72657483813569],[67.90440820406405,82.67502416885577],[67.95204556967876,82.61769494396461],[67.95296208277543,82.5630177670367],[68.02595287155462,82.41474885391462],[68.03142639826939,82.31810023935127],[68.03899988138653,82.29446314445886],[68.06210109047994,82.2712631976675],[68.06535815032704,82.21380627763243],[68.01093795853238,82.19379224977203],[68.00050747728272,82.15469769715033],[68.02564961507233,82.10439196332193],[68.01137382862305,82.08199721079497],[67.99603519535759,82.09387664738338],[67.98175838358759,82.08731744839872],[67.97064640744912,82.04956508312416],[67.92780460956322,82.04919417525083],[67.91097857615958,82.03194387196869],[67.80832867336166,82.05883934562789],[67.82604422670052,81.99328006894898],[67.85881799110105,81.93481441585752],[67.84210903964309,81.90765853004089],[67.85315174653707,81.84681027816944],[67.83534322484843,81.8329186615716],[67.84107834357758,81.80891823770789],[67.80633680742903,81.79937542357627],[67.77709587893797,81.8148376599373],[67.78017928030376,81.76209039633137],[67.75886189118694,81.76119520301543],[67.76372777779204,81.74214521762765],[67.74470893145956,81.72730407873726],[67.71130961478559,81.73601639412296],[67.69289347137271,81.75699099341934],[67.59894044288933,81.73216423191764],[67.56178196376126,81.73513396503118],[67.52828653507497,81.67676164156732],[67.535904892428,81.64621957936123],[67.55847658151329,81.62117292512661],[67.54911768230761,81.59827586242594],[67.43545498317,81.49526182135216],[67.39863878357669,81.50926290330561],[67.3616352502285,81.49894307598774],[67.3822535602518,81.4221922311114],[67.36127806498088,81.40699722035973],[67.331778011398,81.41702832020532],[67.30384715352957,81.40182574953278],[67.2755975054359,81.41562038080455],[67.26696555842067,81.46173303572091],[67.19301046578897,81.59101622672917],[67.19210181096071,81.6582331487129],[67.13288299969243,81.73507478529054],[67.1367760028884,81.76099090487817],[67.08968124015901,81.8442746471963],[67.08319956273392,81.88214857616202],[67.04790510376931,81.89796083711418],[67.02237318757105,81.97297787523567],[66.96626862119653,82.0199415690684],[66.96371679256525,82.03809099589827],[66.9290593647273,82.07576594234945],[66.85705173598917,82.10674125739025],[66.83609104966456,82.15236379094007],[66.81704031005582,82.15264468252764],[66.7804657990085,82.17950927940778],[66.76994395790523,82.21059496655425],[66.74511280031913,82.23253727557355],[66.75332821499615,82.26472566521099],[66.73405923832554,82.29825200211212],[66.69700824180357,82.31031865792492],[66.67859085834984,82.30317551068944],[66.62756718621083,82.35028259691917],[66.62808111155981,82.3846340787067],[66.60838068983435,82.38418385855735],[66.60114704308864,82.36107894754899],[66.58511555686866,82.36596939904948],[66.5706221306082,82.40376097694636],[66.57700968440774,82.42227407516866],[66.56403949497981,82.4277183878209],[66.5819895951874,82.45648245268389],[66.57437698387022,82.47593537527982],[66.5387938110882,82.48511462062115],[66.5088271496041,82.51507717279455],[66.4285786958402,82.5509167335492],[66.41526335276694,82.52538488400259],[66.37737022227891,82.53507404416445],[66.36685548995383,82.56695186222368],[66.37741898011433,82.57977573410554],[66.33263059840631,82.60827334431414],[66.34212704775848,82.63518521413215],[66.32933532104346,82.66828783790221],[66.34035968120732,82.68775056632012],[66.31931556738348,82.70880477122446],[66.2908022766846,82.70919895110427],[66.27590609452753,82.69052049208594],[66.26237997960001,82.70560437465393],[66.23457370459076,82.66735261960113],[66.14625971839345,82.66913107058474],[66.12825400308559,82.63721107324719],[66.09272912647278,82.65188288140449],[66.07103352175176,82.67425530303902],[66.07460889255954,82.68750669104398],[66.02676824552566,82.72426542147036],[65.99387111951238,82.7780146212749],[65.92521025320099,82.82560287368574],[65.8801865554777,82.88269067525347],[65.8716532829931,82.92224155301778],[65.84115035577238,82.9652460747532],[65.72026075263437,83.00502291741256],[65.70931471316284,83.05164294526301],[65.68350301818332,83.0595146408533],[65.64848177705267,83.11068548927098],[65.59924307960725,83.1118443072886],[65.56212452417643,83.09078693268233],[65.20024044185031,83.09050680539558],[65.14325209075412,82.99868111746429],[65.36025847309247,82.75855488084693],[65.57681230722491,82.59413712464053],[65.64709600179505,82.41058992511802],[65.59932369602917,82.22629080115821],[65.6870202925128,81.8411552833047],[65.4976671378858,81.80090287190953],[65.49567024808317,81.64380917543951],[65.3310270415159,81.6088956585134],[65.32296313791934,81.46446560713369],[65.60089374875113,81.22070248110032],[65.69987997867743,80.81546713538616],[65.6895164281138,80.76238073965267],[65.70063838550652,80.72532784831822],[65.67823259118127,80.59259457586231],[65.73303267045563,80.46438433863665],[65.71024093677812,80.44121736029118],[65.72968496483577,80.37993566531084],[65.68767895842777,80.18084798278926],[65.57875995810828,80.05221175203025],[65.39228426273871,80.13680067293068],[65.3147872973073,79.63857999077896],[65.30770080856578,79.09906654011817],[65.23660776311874,78.82384097085468],[65.11314451749973,78.57589975089847],[65.02512683715976,78.45410842070625],[64.94761765478347,78.31959040797912],[64.91501907580098,78.23147889838137],[64.92506877088181,78.23065004654443],[64.93398259392666,78.21692112926331],[64.92361862306913,78.19345440991886],[64.89781902724106,78.21200325088157],[64.88481854384956,78.16495659823994],[64.85976507727567,78.18266240356871],[64.8468591994924,78.17017591345754],[64.85305651504041,78.13036571706158],[64.8178670646827,78.12779872512321],[64.81095270773133,78.10775430316306],[64.77633709330424,78.14095897245502],[64.74753149521177,78.12674649663788],[64.74000459946905,78.09359064843315],[64.71390389172973,78.10025585881215],[64.70564922180934,78.12878786543368],[64.65640894365357,78.10549281746135],[64.66005095216518,78.05509921000191],[64.61974686608863,77.96566100730449],[64.62440876281381,78.00280471892603],[64.5725372714549,77.98360278097113],[64.54891031593397,77.99701351174559],[64.55008402595308,78.00987478496523],[64.53771654831202,78.00641486110406],[64.52204344481127,78.01057053831865],[64.51577484438569,77.99319112435646],[64.48940554152104,77.9896656455141],[64.48753640689426,77.96889519547138],[64.46113564679291,77.96567119977465],[64.43901738761505,77.9264941829562],[64.4292454762265,77.93926095383003],[64.41128981181151,77.94758188895364],[64.41313344383667,77.96261995705812],[64.38295672074142,77.95215158885101],[64.31357689699229,77.92693581020916],[64.2399977955837,77.82149579650371],[64.22789657413031,77.8214740045176],[64.20209122323256,77.7967391244008],[64.24591487934124,77.74353221566543],[64.23105408478992,77.72615851561346],[64.22819616979297,77.68701767654588],[64.20403660955961,77.68215088560402],[64.20606583038597,77.66229977495499],[64.21170063527651,77.65869979169787],[64.20807812785515,77.63052849844524],[64.20122716066558,77.56118746312438],[64.21248276546498,77.44323811857126],[64.20229585067912,77.43298835696444],[64.2147802037623,77.41906551295438],[64.20863274531708,77.39253015448905],[64.22222144083634,77.38994662592933],[64.21555773041645,77.37096679192348],[64.21754259351633,77.3650283340944],[64.21510005501897,77.35488528411912],[64.21350209010075,77.3388163365529],[64.20955173805872,77.31194783872878],[64.19743892278635,77.29443423623864],[64.22114208804243,77.25661934782634],[64.22040038140412,77.2084121277269],[64.23285051526535,77.19460549572848],[64.21330547283239,77.17226429177859],[64.20634872665264,77.11884045982501],[64.08234402354557,77.05154820700812],[64.03368192650308,76.99387538533647],[63.98140530754843,77.00189395841012],[63.97322866957441,76.98269770888649],[63.94282910282096,77.00485054402921],[63.93432586103749,76.98639864047851],[63.91588071050727,76.99426800302636],[63.90071866315994,76.94257621398849],[63.85958364447016,76.90527407267976],[63.83436363699781,76.867606562585],[63.82213958253358,76.87853192019233],[63.77083700195844,76.8069453630136],[63.72097241682451,76.79141015734314],[63.68441449720923,76.72348813039102],[63.680629525611536,76.66247899922806],[63.66564175500689,76.66454440846735],[63.66261060432966,76.5479420198275],[63.64193060890209,76.52765020409984],[63.67116351778298,76.49901586239173],[63.6070249529983,76.39254725880537],[63.625628499495676,76.38354501476374],[63.569580203879134,76.32611049202875],[63.59303186784643,76.26637479973137],[63.57548477200629,76.24051104143243],[63.51079009000685,76.1998604732306],[63.49915833299214,76.17798762148517],[63.45544279809914,76.15689900955245],[63.46274389365519,76.13252270701949],[63.42436336742308,76.10286847795842],[63.40585461019499,76.05183311452595],[63.36677864476958,76.0181733372764],[63.37154485248905,76.00298105624775],[63.325734817888076,75.96652125822389],[63.29053651227131,75.89550119431415],[63.243629368958,75.87406106721396],[63.19663742252223,75.81928125930585],[63.19069317814361,75.80699414428551],[63.18143021634612,75.76995576354639],[63.15094436005656,75.75840424156083],[63.11507374360686,75.67272897984304],[63.07669740664852,75.64077904857507],[63.01909119362305,75.61762539174475],[63.002251405986414,75.63287115572645],[62.96300982345491,75.61759030491591],[62.97028157797506,75.58336493664599],[62.924977648938125,75.554315147718],[62.89740549153338,75.51002042955315],[62.854408547372515,75.49462577062643],[62.827831665209075,75.4611991309518],[62.74657385957698,75.42112277789585],[62.70515406814473,75.35238390495809],[62.64363696243572,75.29125263447247],[62.56750881294967,75.24161818254964],[62.51797552390377,75.1772375540593],[62.439074139147976,75.13129638632287],[62.401206807379744,75.05771897570159],[62.408358617765806,75.03853475904205],[62.38404016232716,75.01494386301871],[62.39220969571795,74.9681450225561],[62.354251984118164,74.91520541836468],[62.35522969707517,74.88754058668154],[62.313506754151106,74.8599014034545],[62.30189578593586,74.81606176065475],[62.345343375669785,74.84865820338484],[62.27341665966628,74.72919354941118],[62.298876313437816,74.72324773963723],[62.27178310147919,74.68546267105705],[62.22203239434775,74.64868379893163],[62.22939773152197,74.60343212551095],[62.19759057419019,74.58495630859602],[62.12815375657563,74.49885269721625],[62.11261350278815,74.42240028604874],[62.00714023137945,74.32123002533936],[61.88868616425613,74.17458453371819],[61.83006542997608,74.14505830039404],[61.843118458148105,74.12937464818768],[61.76780222086691,74.03535116427938],[61.79680890397301,74.05076076444101],[61.74667797754243,73.96442403318909],[61.76076658568891,73.95837579268454],[61.71882076804253,73.94944080949602],[61.720413913167334,73.90929094502755],[61.67122860952168,73.84630875282565],[61.584263523786106,73.77523665313021],[61.531456383874485,73.70188593321872],[61.527124538561175,73.73022030605912],[61.4833123999758,73.65298118405109],[61.43805471410815,73.61508229824801],[61.38873883873923,73.54351927547957],[61.40585012595973,73.54244395973404],[61.31992773615072,73.45028085690288],[61.32482518711163,73.4359142129255],[61.36196796216442,73.47834105293988],[61.33093743564037,73.42196510139846],[61.35703848282323,73.40919547679877],[61.27334194135898,73.31190153038241],[61.26578264183064,73.27674073714435],[61.203461229914225,73.1988114990069],[61.227277107035825,73.19306248840351],[61.17749138393694,73.14760115395801],[61.15293888070155,73.09645300885083],[61.058013664120026,72.98118100602109],[61.12519046246846,72.95606198588186],[61.07488911113484,72.8943408595809],[61.04917903815627,72.88284202124665],[60.96757278521839,72.78803962908606],[60.8854173601593,72.66558866430842],[60.86901925331288,72.63013940317657],[60.79835202521903,72.55072259828447],[60.80599634304173,72.5394217664099],[60.69536487977068,72.43248518979588],[60.4244185307945,72.11598300130849],[60.45722471367058,72.08820537948226],[60.30897518768501,71.95865796529493],[60.30042507510493,71.92326594755022],[60.283013855712014,71.93726756164526],[60.15385296145433,71.80555746890376],[59.883297854868886,71.608027363683],[59.889517245897984,71.57384101677147],[59.81776226838702,71.5055418140406],[59.75834496895134,71.51945535791938],[59.6166522728748,71.4267855474354],[59.71791926851373,71.56197685168398],[59.588820375192434,71.48056859047577],[59.646299778128395,71.59183126236675],[59.55889722731086,71.56288054365338],[59.37030567046576,71.4080783508689],[59.2549370435501,71.22150597265767],[59.076298385970865,71.0628021694846],[58.88469292953873,70.99515119063511],[58.80119138806489,70.93993827871388],[58.532866663615266,70.69030668091449],[58.498343497101715,70.87214393221963],[58.76675724479429,71.1327070983658],[58.78009995209065,71.19232490622427],[58.697031195250666,71.15604470942219],[58.4517973770652,71.05374270083655],[58.33886143066003,70.9721739846974],[58.26606159497386,70.89482082239489],[58.25005234527034,70.85378669906561],[58.21097032016663,70.78463532176123],[58.0589065962636,70.68740006315306],[58.002433896217404,70.68831125979892],[58.033591579884074,70.77927304154011],[57.98378149482324,70.78556922916256],[57.946807687764455,70.78458468642485],[57.832980120797366,70.76026792383468],[57.818997257871416,70.7619965399238],[57.81431893147602,70.76624592280236],[57.81409509917867,70.77745803937464],[57.815723501286485,70.78367742964768],[53.38466212500618,69.94841799120128],[53.187892402208284,69.95715716981627],[53.04906100043087,69.98499436590188],[52.737958083008756,69.99992020685426],[52.58251030435364,69.98882139635006],[52.32520122357372,69.8201109359312],[51.67033686112089,69.67090311016615],[51.587166090489035,69.67608880288306],[51.405882058797516,69.63328358940308],[51.21437387035439,69.54031800310459],[51.203515955264365,69.45661244114869],[51.31775935010262,69.4448086172912],[51.31248423972583,69.41800201655863],[51.385174885248475,69.43247454567428],[51.370003762933194,69.4543403948081],[51.548460739607066,69.41158800112612],[51.60593635626597,69.417077130723],[51.704234364613484,69.3780048586606],[52.06097004344733,69.3730253450946],[51.77865521999513,69.32556766691032],[51.89014911953464,69.28029200820929],[51.90237071672417,69.2395341599366],[52.00166285671581,69.22644181496779],[52.06660199214642,69.08754669407067],[52.15392601302433,69.08991708256343],[52.35521148555743,69.02243862551316],[52.35022772112794,68.9591916817839],[52.415832634767,68.9460735564249],[52.47100389678641,68.85611517804438],[52.77865481930645,68.71876440781456],[52.98046981333704,68.69927128506335],[52.81401382075081,68.75896336326599],[53.12985689864462,68.73983510080163],[53.221971966139805,68.75571238930634],[53.346252665737964,68.8128649853511],[53.467294071913166,68.80452415594635],[53.43485885269219,68.78384249865685],[53.56224519080908,68.76024923426161],[53.458511601056024,68.68757845603818],[53.453024955859746,68.63570270424705],[53.52647488452958,68.61676898478262],[53.73821629753525,68.60500656279962],[54.01878910159017,68.61811530697756],[54.16241975542506,68.61374714351166],[54.38771582891056,68.64300968835465],[54.916438196220895,68.73089651456476],[54.99422841442125,68.74739914906418],[55.33105364564076,68.79504719388088],[55.466872559179905,68.83357483343609],[55.6815195463294,68.85848300540061],[56.15455483822663,68.93143941373572],[56.883256274525586,69.05672853247644],[56.83770545133393,69.03999642290287],[56.542744200451594,68.98356692317782],[56.25942179928864,68.92316822014152],[56.03669831200661,68.87589645865263],[55.795642951210425,68.8226692110926],[55.60494456891844,68.76342848635076],[55.75057594777627,68.78038971048296],[55.67365358961786,68.763286444362],[55.609627307456165,68.72119113907158],[55.698931120428796,68.73259973359197],[56.084515555129755,68.80288401827208],[56.25572757071625,68.82951861337995],[56.4755084346412,68.87178747079122],[56.45285598540069,68.86340617355744],[56.6865841130028,68.90543428229506],[56.94313604395043,68.9556002262913],[57.161667521149546,69.01497832573313],[57.34995290005992,69.07976843958052],[57.35428198852287,69.0844200942258],[57.46433473130999,69.12719386702943],[57.568528499167996,69.1759192069156],[58.089617890481136,69.3675841395075],[58.1769353432518,69.39493192718737],[58.195987928506,69.39625440349616],[58.095872777171294,69.35953938310053],[58.069623919229265,69.3467038742291],[58.02500015577529,69.31687307415709],[58.0521732000272,69.31550248717282],[58.310164957426295,69.39610316460899],[58.77924450547803,69.6369886926833],[58.74015673208727,69.60858145536602],[58.544998440105466,69.49979774253545],[58.06160262789888,69.29589354109427],[57.93963512888172,69.24355133707846],[57.93957340560904,69.23347587498375],[57.83719784694584,69.1828386355188],[57.89607998979997,69.1876317702707],[57.99077791832786,69.21961724782823],[57.87889774002514,69.15544558714936],[57.92679046014179,69.1519486273952],[58.038536097516534,69.17498549403174],[58.043059335605015,69.16924929147818],[58.166041403552086,69.20517739178341],[58.42703930898908,69.31389834075708],[58.61663076769838,69.40093313970176],[58.70208585098574,69.43908669992925],[58.788774659766204,69.47143657468769],[58.906237986546515,69.5288568718675],[59.25136327141812,69.72838655321563],[59.46212373343444,69.85609515545625],[59.78038016863666,70.04252785081056],[59.92943039142965,70.13830451192834],[60.077608460122065,70.23193025385582],[60.16345724279864,70.27757218134086],[60.044371678607945,70.1970178193973],[60.03205150432704,70.18271377350875],[59.60712936528333,69.92262338347521],[59.38368009603257,69.78113913135262],[59.28429577196393,69.70798684444206],[59.39565509706442,69.7577692719345],[59.51389031447172,69.82459075388533],[59.48050563747243,69.7970503807102],[59.1300924985033,69.61197071485644],[58.77952117413102,69.42594885222712],[58.46512944306487,69.28849183707375],[58.34676985397558,69.22772720864926],[58.12928769467666,69.12456068113356],[58.034149374763366,69.0759267798793],[58.02760434905605,69.04875093726133],[58.158369217030454,69.08412421943194],[58.122485060517626,69.06567487323548],[57.98494290268313,69.01166151814289],[57.9376920749337,68.9866546024431],[57.99541003793669,68.98947792324468],[57.95068689533831,68.96214318311736],[57.958788164644595,68.95002059946808],[58.058955864417904,68.96525384718194],[58.089369377299064,68.94909475587286],[58.292301924860524,69.02652660828474],[58.60888292987708,69.18438672191488],[58.81280491009453,69.28031727396447],[59.01833166220939,69.38544928631231],[59.08225186292941,69.417132910373],[59.1320751023473,69.43571509352466],[59.37490687435344,69.56126248926273],[59.78197305078159,69.79800160555672],[59.83588244214404,69.8234787603551],[59.98806028935381,69.90610579346227],[60.00896408566961,69.91192763170301],[59.87231560288445,69.8349842696543],[59.8282314400051,69.8056849996245],[59.86294571259299,69.82071422263024],[59.969307307125746,69.87819787292874],[59.99444595457331,69.88817467067524],[59.70502426813383,69.72523934443522],[59.630734004561326,69.67949298085856],[59.36609614185855,69.5351011259352],[59.10105655399773,69.38075058416854],[59.0891106990396,69.36870155559247],[58.90563291121873,69.27808180187405],[58.73037823328103,69.18831985147727],[58.69791726059044,69.16729568032311],[58.5211206509144,69.09032493451505],[58.064383808285854,68.87867487714868],[57.573837553328616,68.66891042890828],[57.43365489651781,68.59859783470293],[57.327080247675454,68.55660364774228],[57.25723155823385,68.50201890310332],[56.9473915644507,68.35225389130953],[56.98467697614457,68.36149379512226],[57.19989363280055,68.44171693984724],[57.25371810477306,68.45515304358652],[57.40323234064888,68.50567151820734],[57.38877923408314,68.49764869403984],[57.73717038054012,68.61101937744658],[57.940802818121554,68.67336767637747],[58.11707019392604,68.73629262087697],[58.29268391639586,68.81611548835747],[58.37671456840446,68.85477592975714],[58.685035239679706,69.00750980051335],[58.96944987052751,69.14115144636035],[59.03350700772242,69.17350425561764],[59.130014238524275,69.21469398026039],[58.95191357810147,69.11685828827305],[58.705383226731655,68.9740545119314],[58.643170987114615,68.9431001025757],[58.57240081913395,68.90296017834024],[58.32673361427129,68.78265625457277],[58.20961153618462,68.7173337225955],[58.15403921868818,68.71210704244157],[57.93809637246745,68.6224070374829],[57.45064226494294,68.40467953637435],[56.75373434629602,68.06465838835783],[56.325609376223895,67.93852785683796],[56.279276065927995,67.9147523351346],[56.05640567440187,67.86969075426373],[55.74114894111844,67.78535397173324],[55.381220668984405,67.69837488569236],[55.16934643930141,67.65669538437696],[54.994460634119534,67.62752683154852],[55.0386864477427,67.65458497019524],[54.696236641902836,67.57778609901355],[54.663580375693684,67.56404165715362],[54.47554590590015,67.51822979976211],[54.57021123438176,67.52527501510724],[54.483541452474654,67.49713582935397],[54.4751882672893,67.48009799361088],[54.57089264306532,67.49509866876649],[54.60175545443262,67.49407428960707],[54.53002833634824,67.47756156089898],[54.418781380491254,67.46162391701803],[54.2951064919249,67.43471548676932],[54.274350811148956,67.42171379801029],[54.33060136246966,67.42756365796104],[54.24470821083378,67.41202509051917],[53.923058033361535,67.3225871218253],[53.92904817360385,67.31348201801995],[53.8672301534602,67.29535842691504],[52.60173494907245,66.86916082385419],[52.4778463703998,66.8196505953426],[52.42519535488361,66.79357148248624],[52.21873072762308,66.71282092719389],[52.02262813265999,66.61469995256905],[52.10953106243579,66.64113028500745],[52.26161149532487,66.70287388115942],[52.38549220770776,66.7319009391358],[52.475068056433614,66.76727175971284],[52.53137872038679,66.78423107515395],[52.572491196769775,66.77418774633584],[52.457363159671054,66.70672657904055],[52.54605528002047,66.73523864925286],[52.58811750014941,66.75294510186761],[52.65320633756954,66.7627821300672],[52.47810556074454,66.66210608354538],[52.37357032945527,66.619773279106],[52.39567617102972,66.61525425336617],[52.51300223907409,66.64626030826003],[52.22220127710795,66.50088871403119],[52.295005271793286,66.51284509260807],[52.07537492677251,66.4027598120307],[52.005723446567075,66.37910122264014],[52.014290046284664,66.36936878346941],[51.908572981740306,66.32239321460261],[51.90941781455267,66.28899720867274],[52.068790501380946,66.32204804774216],[52.149092290260725,66.32703324430207],[52.03913230972459,66.25393417597331],[51.853789870384574,66.16065150146639],[51.806049108484785,66.11177496569282],[51.82284755142712,66.10776255109032],[51.85764133852723,66.1230035081314],[51.9176887735065,66.12948325991393],[51.94692377732337,66.0929834663191],[51.90604943794051,66.0513434875883],[51.941393821397924,66.05000064495677],[51.96174411733185,66.05578894206303],[51.99061049614874,66.07763300129258],[52.069879969556084,66.10120249352745],[52.11281763988913,66.08932050908498],[52.099374748896736,66.07505572050705],[52.12631249298807,66.08514636779196],[52.16004274066289,66.10467248456868],[52.20195231820921,66.11911881686646],[52.21665787935942,66.13688063067715],[52.30676095606405,66.17816398163785],[52.39892195003066,66.24235016730347],[52.66253797692527,66.3429237682516],[52.78436941989285,66.37080485731637],[53.144246243121245,66.48942490126329],[53.53774888885901,66.59531286128465],[53.64431894514902,66.61176176671165],[53.75076929458743,66.64456310982325],[54.00195066550432,66.67931047701637],[53.995400506237715,66.66906207994913],[54.103496715895886,66.68964553307413],[54.34386678017485,66.68824904618148],[54.35814413539627,66.67191329345157],[54.24011601555479,66.60338227586348],[54.501057343318735,66.64782899882863],[54.98633917168348,66.72652285611436],[55.17189659104625,66.71914082977636],[54.75725076887528,66.54426839697854],[54.42133023506144,66.40438172343781],[53.7237939649077,66.05180437249602],[53.516393317664,65.91360709698726],[53.488920392000026,65.88104245964044],[52.96648169120356,65.61596173136604],[52.59322538800663,65.54284630694511],[52.31423855578546,65.42199334432851],[52.16659389182667,65.33491851112788],[52.02142294858128,65.23458480214006],[51.80568424654272,65.05821519062818],[51.75035302160156,65.02365684801785],[51.696566539005126,64.98011044446],[51.50655258972107,64.81413535873459],[51.1040925133101,64.42887326719733],[51.01793030523103,64.35086817442429],[50.95911679267859,64.30921578191182],[51.025349199689515,64.33827659742907],[51.03055721761498,64.33377534377549],[50.96689730423801,64.29181313511938],[50.994324425797586,64.30534411622416],[50.972996611169634,64.28888772625803],[50.95016041585859,64.28048286940539],[50.91885978629884,64.24777466295012],[50.9339671864166,64.25053194597919],[50.89560659830782,64.22493328861172],[50.92294968172371,64.23784072688026],[50.89649455027428,64.21360219194722],[50.91239533543138,64.20867228604098],[50.81492210213382,64.00148544327544],[50.852842684334775,63.993702882638885],[51.03488310156667,64.06744012121382],[50.98149538121976,64.02708738309693],[51.29868058920748,64.14592297328036],[51.33023215867541,64.1616855876418],[51.3412675264522,64.1815983427241],[51.4615914715487,64.21321651733996],[51.58241704607403,64.2696071243796],[51.607165079883636,64.26328879474443],[51.72780155746773,64.31933427143244],[52.123832798946644,64.556945204816],[52.49400932129264,64.73889165200731],[52.58000877068372,64.7886127713152],[52.59734701225935,64.79029126296201],[52.677634492450295,64.83248813299971],[52.92420085255614,64.92487324576933],[53.176827032521764,65.0341414569921],[53.18741141942126,65.02791646330431],[53.10896996056078,64.957624007837],[53.548248073220044,65.14588168588008],[54.000532006343946,65.34710265733696],[54.85991542756223,65.65987784035813],[56.71363772189591,66.2956044995907],[57.12035392835759,66.452098550901],[57.147246020603674,66.44690675749615],[57.04133685031117,66.38265312346422],[56.40856861575455,66.05423767704313],[56.1545172843271,65.90152115832615],[56.262608116731,65.91794081065657],[56.77666369716071,66.07933219075599],[56.972829389982735,66.13627992422091],[57.03745393660726,66.08424908235759],[56.87322939483077,65.97279435417752],[56.74560826705711,65.90760520244565],[56.082029710347,65.64499353188508],[55.85606775524998,65.55580071716682],[55.72527235757038,65.49571350879603],[55.47337066553204,65.3545269332554],[55.418475254757055,65.29234230229305],[55.42665002350558,65.24826995265167],[55.6022785466004,65.29260980976552],[56.03142354674807,65.43636829513159],[56.113206421637145,65.47236799521816],[56.624559912491975,65.76034184571233],[56.758387760860714,65.82733024730048],[57.13498051925608,66.01529254184808],[57.267395523574876,66.07389276411132],[57.591697932031465,66.18099308097007],[58.03967839883402,66.42968165599595],[58.376678663119165,66.62907418135566],[58.4394637433213,66.63177381484766],[58.34902665554123,66.53790746126573],[57.93673036146741,66.24204261828403],[57.94896940229874,66.22831973388821],[58.30788611625047,66.44872390518704],[58.5397302572743,66.57954030102614],[59.03593663370036,66.87650435122788],[59.34404580148209,67.05112409720651],[59.42394638120421,67.08903110017235],[59.35356369484154,67.02098848877526],[59.001766325979915,66.80735301337774],[58.779035893186304,66.65904279357235],[58.717354398459946,66.61421387089916],[58.697532836206655,66.5657500160066],[58.250083679022,66.19284319736099],[58.304834164912634,66.21111546916555],[58.512899302006716,66.35222790574674],[58.72205466142614,66.52107084111373],[58.90662753861331,66.63040598561666],[59.3884051667908,66.89427978650183],[59.81122531976279,67.16447464855915],[60.23439672029976,67.42061280387796],[60.24780356258855,67.40477053245631],[59.693449711859344,67.0401398210189],[59.664862828300095,67.01067616578051],[59.774699254999106,67.0406343136138],[59.76875669768516,66.99737197249922],[59.81017306550178,67.00107690832246],[59.66133711907938,66.90655376957372],[59.59115049094641,66.87216537840567],[59.5706284580656,66.89807399363684],[58.95268303437241,66.61136240182977],[58.79966367504146,66.43939294858464],[58.27782496482598,66.0636118702869],[58.25726812552662,66.01959607509549],[58.315830436269465,66.05058886240441],[58.411045819873195,66.10427670827076],[58.59514568515784,66.24895793415433],[58.86139246012719,66.45150813766837],[59.126387425936834,66.58620680627865],[59.48118295823951,66.78765173699094],[59.23036914768012,66.5887609854211],[59.27489617933034,66.5997068483887],[59.394374125971645,66.66279339325295],[59.5224362796431,66.74196288881217],[59.75344770276695,66.91827526955751],[60.009573276291945,67.06924881502094],[60.02355010388019,67.00304751695663],[60.07629540984376,67.02841377331077],[60.26287593417637,67.1391633309113],[60.45839950864037,67.29031861009187],[61.30238715646735,67.82998805166878],[61.106548163687975,67.65974756660476],[61.08328640849983,67.63196833776135],[61.273442847650124,67.69465173092779],[61.20803697860623,67.64836098258276],[60.57433126926127,67.27382167310816],[60.55631585720825,67.2496784426317],[60.70626166716317,67.3200536245302],[61.08038269537953,67.46623432185291],[61.16332679856327,67.52143603158804],[61.273451559864874,67.62929946587043],[61.35846498388327,67.70529183490801],[61.53900811988539,67.81862697386173],[61.59611095936198,67.84671634741663],[61.42512230446061,67.69594356949824],[61.313458144356744,67.56686342458585],[61.35483701920619,67.5832638213436],[61.90754688926991,67.9907066031196],[62.03472099775361,68.1013463180285],[62.16246102053695,68.16874508929388],[62.1210212442344,68.13073096543337],[61.93475385862188,67.98283259233082],[61.883622668472476,67.91456908570338],[61.68269034619246,67.77209696868407],[61.786380302992974,67.8267140360058],[62.513690467937145,68.2217467168895],[62.067274817239806,67.95048465546041],[61.539033693730154,67.60907055914292],[61.47252008474264,67.61059982670534],[61.34342608295202,67.5119777644821],[61.350202197491875,67.47674583006915],[61.95921553366212,67.84770596232794],[62.137287601188774,67.94713853294023],[62.31007701560348,68.06067033100273],[62.376491726483366,68.09498295273852],[62.29999704133046,68.04294175084976],[62.290688404179384,68.01966149736475],[62.38433708602151,68.06395144953872],[62.48604446348569,68.15145094916488],[62.55925833469706,68.21014942378748],[62.62398475634269,68.25244076759813],[62.7251584106384,68.29705983786104],[62.593948197148265,68.21405681459856],[62.60440983955612,68.21039350505777],[62.5803651119041,68.18963319490956],[62.64310429289459,68.22707802328837],[62.659930812796304,68.22198184999083],[62.609854926185335,68.18555834099274],[62.701890593149045,68.22302764543198],[62.62603240448726,68.15205375556111],[62.69884573625609,68.18020195863404],[62.72164436398873,68.20342124770141],[62.841465596953554,68.26655299757533],[62.81747820220145,68.24582065221989],[62.839727292675974,68.24778708050661],[62.8157517423922,68.2296185902539],[62.75846721928467,68.2092643358136],[62.71421814854324,68.16754511126578],[62.76841906622631,68.1921192202279],[62.683434723176084,68.13802812079707],[62.638807817144986,68.10966681413298],[62.75383240971053,68.16359157465166],[63.02314765784407,68.31376354340738],[63.24839141251016,68.41213293375384],[63.32259133942004,68.45715661306349],[63.43749087056818,68.5065408119104],[63.591360579483975,68.59282381269547],[63.62668822299244,68.6042534463421],[63.721704672413395,68.66906804776454],[63.732549226972935,68.66686847288975],[63.841141432903854,68.71751570828005],[63.86629640169249,68.71167831594256],[63.96683856983337,68.75576543402319],[63.91141555534969,68.72556192006144],[63.835793142848075,68.66456995065677],[63.76849261230812,68.62883900051249],[63.779842381043785,68.62844758934315],[63.6429472308197,68.53959060583435],[63.52377450586678,68.44211250479172],[63.460117538377865,68.41007268434883],[63.48803029217585,68.4045741763314],[63.413616052138885,68.36164690953062],[63.47304860484476,68.39207809559036],[63.32774595819006,68.27379506676843],[63.4028175224762,68.31526021562371],[63.25273922569176,68.22460688217976],[63.08211416467523,68.10702525587577],[63.10965999402481,68.10984108707916],[63.047867002917556,68.06757111488301],[63.11746734791812,68.096086838385],[63.09901343228191,68.06595407589566],[63.063392161299376,68.04533780370754],[63.08509580179004,68.03539600067289],[63.1108601436457,68.02526226684311],[63.16827200497078,68.05957535993203],[63.258251233649816,68.10249448867083],[63.267317650168955,68.09119190178485],[63.25154086764231,68.07386554858202],[63.3114343967753,68.10078464891868],[63.32704677860433,68.09317454371948],[63.383352592899875,68.12906615873815],[63.47448918331616,68.15941355633335],[63.53452083527543,68.17611527674813],[63.62136993631358,68.23252260170874],[63.766293591552156,68.27671144532249],[63.814247131706985,68.30816848945605],[63.801151998431955,68.290356583558],[63.84514470783004,68.32333833549161],[63.83995242722827,68.31014268646518],[63.886886022796055,68.33908222464191],[63.963410308485386,68.40619292828404],[64.15151047656204,68.49314275793158],[64.19599087872106,68.52391084081148],[64.23655365640151,68.5320907364773],[64.30379968442762,68.56934805884835],[64.38430048659346,68.5849451382827],[64.52845858885252,68.65079891898182],[64.50151481456443,68.62649868346398],[64.60042944482346,68.6675520664099],[64.59894310981076,68.6566508161028],[64.5681349304989,68.64241501847567],[64.5898074918381,68.62056518701309],[64.86213801269989,68.71369875290367],[64.95567592831108,68.7603476808052],[65.01841635676828,68.77611725588028],[65.15524191248016,68.845874559711],[65.24461070961658,68.87752357762558],[65.26373206600363,68.90215295374142],[65.39920042623788,68.9435021312211],[65.42524918042628,68.94152681927343],[65.50083267509076,68.97039515488449],[65.93495003135418,69.08468702903879],[65.97873815913397,69.07099844777471],[66.24518249215022,69.14460056166577],[66.3608700083391,69.15152202538964],[66.26576259709651,69.11966871452528],[66.40316176601577,69.15515145966046],[66.57758468223379,69.19224054847214],[66.93805509899555,69.30762364962293],[66.9207039502026,69.31330245632084],[67.29734441163136,69.44069584206567],[67.4121581905143,69.49639822379034],[67.4386644390419,69.51810738458072],[67.37537149150505,69.50832291897648],[67.42919546387206,69.52974587744197],[67.49474831253863,69.57310208369753],[67.46260482753374,69.6028100770836],[67.58172443145186,69.64729425586165],[67.54076517212737,69.64451816831138],[67.66698971612968,69.73099653393082],[67.76077822275202,69.76261475983792],[67.88241013861064,69.82842272789908],[67.97537317147447,69.9014830233865],[67.9302051044563,69.94999736417063],[68.1127591770946,70.03670952583917],[68.18548606812135,70.10086332121827],[68.32121811682003,70.16531230706511],[68.52370263350673,70.20064788139385],[68.5805675778167,70.20189647022092],[68.66520948626552,70.2341262753991],[68.69172175170725,70.22710378318678],[68.75523654130555,70.24227695370399],[68.8336832140997,70.27966907517836],[68.9300325594763,70.28474020577922],[69.02086646758258,70.31180673791599],[69.03722518731053,70.30436926264889],[69.20174976775051,70.32984891321688],[69.26549731995824,70.31716565462615],[69.28981046934315,70.3325800621801],[69.46339482521437,70.36335291113838],[69.5429829146288,70.34776575643517],[69.64484675790277,70.35273658784445],[69.63603645557708,70.33686341634085],[69.73353404053007,70.33456867232282],[69.89679926067208,70.3149680235284],[69.94625105601366,70.28874847381834],[70.08102926328993,70.27745724979393],[70.08546033576759,70.25833657979811],[70.2194304981029,70.24893374442364],[70.19646440022001,70.23097459617365],[70.23740754703198,70.2299629000064],[70.26406437339318,70.21856256152532],[70.21227173226985,70.2090765768213],[70.3159073472942,70.181042992519],[70.29094960962689,70.17006020854944],[70.28036656353115,70.16060406211182],[70.35217466428188,70.1552658887697],[70.33909466265166,70.14077984854517],[70.23637010935151,70.12425998483313],[70.17066563878437,70.08052905585792],[70.11122772556303,70.08647842767019],[70.16514462275131,70.06994426985605],[70.12627270962926,70.06244926702806],[70.07328256947359,70.0697095940668],[70.08295163752207,70.05357797941463],[70.31417552470616,70.03551423146442],[70.31476845024702,70.0181298965629],[70.45155463855185,69.99174813707192],[70.46812138871309,69.9567582452562],[70.58718744852604,69.94700326525762],[70.5926827005365,69.93825383877191],[70.55614335115797,69.9484689092311],[70.4941900299983,69.93950627584198],[70.52457005624716,69.92528800313102],[70.60760503264322,69.91444466235319],[70.676785628314,69.88674404739261],[70.76219375701507,69.87900069085512],[70.83799728495839,69.8842486812547],[70.83313587452147,69.86495049840227],[70.99341079197474,69.85248091785594],[70.89641927334432,69.81709963582475],[70.97874959607209,69.80972135721069],[70.97145201584266,69.80135844288122],[71.06679160296531,69.79946188690238],[71.0041756316171,69.79343897118935],[71.18578465821193,69.79714102690107],[71.20129932768806,69.78611797234996],[71.29386277703205,69.78268319477205],[71.3787646578306,69.7724839936842],[71.55047841498053,69.76867249943655],[71.63006342704415,69.74078157353932],[71.73645750322808,69.74102367900564],[71.7436170655453,69.7242108100663],[71.6667733039537,69.71728566550519],[71.70890464376473,69.69913469470555],[71.67177041780874,69.69597726546272],[71.73773158068576,69.68821494899997],[71.61771833740879,69.6546278235908],[71.76934050261164,69.63961541186414],[71.72499121382583,69.6301684332412],[71.81695877304811,69.58957207174137],[71.7434242399741,69.57778468397835],[71.77889677553351,69.54876962806696],[71.71219610493439,69.54797603311331],[71.76969995782343,69.544112861646],[71.73004100555043,69.53751919340237],[71.77699250784107,69.51920385937449],[71.71018709181266,69.52322090468587],[71.66687844381877,69.51320450788842],[71.74188606507214,69.48896388347578],[71.68677451009124,69.4794932720639],[71.82460555894832,69.44978531764902],[71.88927696829683,69.4567026668301],[72.00368776024897,69.44575584713691],[72.0935812434581,69.43715237809326],[72.25369328719302,69.38687991256757],[72.18347326531308,69.37184221273534],[72.20192445782538,69.33794016710607],[72.20484866927532,69.31079700235195],[72.33123001872964,69.2944384557214],[72.50350316709589,69.25336271387386],[72.49018682903179,69.2449147887098],[72.72381938561647,69.2218512663922],[72.76186987097557,69.21086641350935],[72.8871676135585,69.19320521760896],[72.94960705687816,69.13928334982809],[73.06870187997235,69.11728837600012],[73.26064310504744,69.04678535136067],[73.32782667440608,68.96708079095445],[73.77703122560136,68.92614586348608],[74.10045519176636,68.86744007459119],[74.31633029897077,68.85327696849984],[74.5354028891231,68.81846024683387],[74.73271897087835,68.81772330678575],[74.82180844360994,68.80033545675154],[74.945292687408,68.79066521980688],[74.96670252326817,68.80414540941467],[75.1017153878692,68.7945281001472],[75.11155703243867,68.77714536786824],[75.37546213480542,68.72668516500326],[75.56225993522038,68.66272970726959],[75.64215128116875,68.66590736881665],[75.84815594586907,68.62350302396958],[76.04841410210088,68.56932221195473],[76.18626267675273,68.56506281876734],[76.35818049178297,68.54005355118635],[76.53348544848055,68.47577645681622],[76.5917249241488,68.47992461291138],[76.70109398008401,68.46216846497047],[76.83050809767772,68.50463151030348],[76.78490156799363,68.57744602182737],[76.80543673147551,68.61342379216397],[77.12740156127818,68.63027382282586],[77.67331490602339,68.44052548358582],[78.00207686269859,68.33902148476847],[78.41480902633853,68.17684992673233]]]]}},{"type":"Feature","properties":{"Level":"ADM1","shapeGroup":"MYS","shapeID":"MYS-ADM1-15666254B28769125","shapeISO":"MY-07","shapeName":"Penang","shapeType":"ADM1"},"geometry":{"type":"MultiPolygon","coordinates":[[[[52.00407959076165,83.31399544043104],[51.88891367523858,83.2801604250234],[51.93251589071181,83.1935397201374],[52.36568579464983,83.12820024793002],[52.58970428068467,83.01524624412619],[52.91225367794185,82.62073626714965],[53.07406892803626,82.21405477626195],[53.156974295293395,82.18128267891959],[53.06623314844192,82.07726738238404],[53.03344749343569,81.72546839748324],[53.16258491790397,81.60451714780345],[53.132303566289394,81.40809349706956],[52.790651215915666,80.23444983745034],[52.68096200704687,80.03512614337305],[52.598432354983714,80.03644072849335],[52.65448414322546,79.94521254887721],[52.299893492483996,79.0930664339036],[52.170928122254985,78.93105544446057],[51.827808058780604,78.97034187352911],[51.78435328980526,78.61174649828422],[51.91385221637998,78.54385031956821],[51.675299165253605,78.14052214901051],[51.673344839453364,77.98740366543984],[51.72388021323103,77.96555017269012],[51.681538350108674,77.94863228990776],[51.788602277404166,77.87182515899232],[51.68148388697589,77.9222286436224],[51.79345904492317,77.542873711562],[51.92054167553113,77.57239107505804],[51.974750795887246,77.49658349825923],[52.133832709269456,77.5177677609268],[51.962314341559534,77.42067322524514],[52.25536280232378,77.04681528025677],[52.24150789873545,76.95869262188728],[52.18807602469037,77.05134989882538],[52.272481326492255,76.7593711013232],[52.58377559546007,76.6359056853375],[52.91584493023397,76.22508019218286],[53.09205296638139,76.18085634616585],[53.454855100819564,75.8289957610422],[53.6392667809012,75.79194862657862],[53.67107412816054,75.73523606903183],[53.633373044966284,75.42065000326976],[53.50668884243193,75.2244085065176],[53.50910485191992,75.0186530105772],[53.670658512719704,74.84240809780955],[53.99709505336758,74.87951007215749],[53.891221940096536,74.83810941353639],[53.87322298607435,74.77053126301456],[53.99727203025707,74.60906188555623],[54.1374918181814,74.58399049161685],[54.06759976817379,74.53608955375834],[54.099551535804025,74.30056586866935],[54.32313301367641,73.72397984077438],[54.316311203769615,73.6233522902518],[53.769784897155716,73.15995370497254],[53.74447870342735,73.05503325165407],[53.577999351268275,72.92875197756999],[53.62307342653209,72.86054511598388],[53.932402298307125,72.83773235023006],[54.38179888709,71.9920797125256],[54.539165223796296,71.38849564209045],[54.48403258861095,71.32002886998005],[54.75604741656301,71.26271429124971],[54.512082787537025,71.21298513339221],[54.34770726046881,71.13692731174983],[54.139585905727046,70.90795539886426],[54.14701280565664,70.6795495916237],[54.456260409535645,70.66585272356397],[54.69879600336664,70.617100326105],[54.68430160264624,70.59516140271128],[54.31887765973568,70.59032547885367],[53.20271528486866,70.2129985775143],[53.20353453521317,70.19023241453193],[52.93389329790063,70.14603305462396],[52.63797188243906,70.04389956943814],[52.58251030435364,69.98882139635006],[52.737958083008756,69.99992020685426],[53.04906100043087,69.98499436590188],[53.187892402208284,69.95715716981627],[53.38466212500618,69.94841799120128],[57.815723501286485,70.78367742964768],[57.81848335671981,70.79260589687772],[57.89273651832637,70.87726145342037],[57.96529147801505,70.94442270755272],[58.02318174882421,70.99000909483826],[58.09528348601085,71.0372541950857],[58.11559384722231,71.0500224668322],[58.13159279609901,71.06147032563084],[58.424484240462554,71.30000619953299],[58.68705163669447,71.50812737607914],[59.59802834086994,72.15527459099958],[59.826837790221965,72.35464451119773],[60.14209248991331,72.65058908758449],[60.22513928873152,73.84808892953106],[60.07245225556594,74.61594930941492],[59.79560006326322,77.78567187025932],[59.69059518053777,81.85302022084115],[59.677494340096416,82.08985390085111],[59.5993283190748,82.01912109532086],[59.52014093824967,82.07861689387954],[59.52237174099696,82.10989803411681],[59.536205656069306,82.17254963190503],[59.48887369990527,82.19289911920508],[59.39738944956608,82.19828376214932],[59.26592270985538,82.25342872027568],[59.02378716475992,82.27486268161114],[58.97502826418918,82.3814757194901],[58.92159528996072,82.41317065832969],[58.48474754678717,82.50291192272708],[58.38703063880749,82.56085948526398],[58.341112350374544,82.56750210662165],[58.334565518930276,82.43629514919428],[58.10065616036741,82.56508744823445],[57.87130822073914,82.58157752277033],[57.730511714461436,82.67573000593254],[57.578317219027454,82.69724164729595],[57.43274487178164,82.68319335471922],[57.17791028628547,82.78984108801826],[57.10590298413235,82.78721782522527],[57.007020257707154,82.71189964471593],[56.91827109254484,82.72946961058605],[56.897410678423824,82.7987390556978],[56.801928274033244,82.83223313513079],[56.48922329321505,82.8375784541571],[56.3787580368787,82.78738728323289],[56.27961266229117,82.8720118007867],[56.223753424444396,82.87610667136472],[56.00083632556577,82.8492338880847],[55.84730985640947,82.86067194608302],[55.30459100987237,82.95487417988002],[55.13413507665951,83.07208467112207],[54.673923013149704,83.19026142283101],[54.38651451817364,83.18651076491429],[54.27716852198613,83.29493343040139],[54.18095255608917,83.30510148534546],[54.00488363311758,83.24630374722388],[53.88154902428009,83.24999987059014],[53.69211195246718,83.35356677723767],[53.52777736902725,83.34249223112126],[53.417388341406884,83.23028303053754],[53.18224544789073,83.20525655529617],[52.00407959076165,83.31399544043104]]],[[[48.98951437381962,74.42599728855711],[49.07817261599312,74.08009018248498],[49.157760862364604,74.02738833331287],[49.26334825889084,74.17763295453366],[49.22382383098006,74.45016153041904],[49.612933033009156,74.51966638578826],[49.75016235892628,74.63851885472457],[49.77247644378308,75.09220154610897],[49.68656424582619,75.10443730477525],[49.627404136712414,75.36336168583138],[49.530277282244214,75.36401594464797],[49.464496875632975,75.21710267659202],[49.31970773546838,75.14728573782264],[49.28432030426772,74.98809362688638],[49.17954115131148,74.95677322567842],[48.98951437381962,74.42599728855711]]],[[[45.54308030924564,80.30835892905031],[45.575440532740714,80.1633952018844],[45.676151608842844,80.11404188116285],[45.62898476716585,79.96737352637417],[45.65314242512463,79.77174808906881],[45.41843143101593,79.50463975015283],[45.48621979423236,79.38316542472599],[45.34652172695464,79.15331796502248],[45.50105095441937,79.02237322357975],[45.64007775419816,79.01686619173188],[45.620562213086956,78.56440773269223],[45.776502786805764,78.4858243913453],[45.62365600096007,78.51604996321971],[45.588176756774075,78.47254881545402],[45.5307743586605,78.15233544254778],[45.444216349133775,77.94830841260254],[45.45153997515212,77.76147847878859],[45.335251097911296,77.49159782642027],[45.44152947954703,75.84891312236789],[45.43881203280259,74.86753322297923],[45.362361326427965,74.75709745041966],[45.303936795543024,74.85250063115674],[45.221481537400834,74.87390854425297],[45.01323695953523,74.7949983843088],[45.1022289711936,74.62994388708015],[45.108413696398976,74.47405371985488],[45.017269939869045,74.38574009369741],[44.975296146423936,74.19757130026875],[45.024419149327855,74.09940806844584],[45.0932541293923,74.03905287837271],[45.161450813840645,73.80253255854267],[45.271754058122035,73.69936367718773],[45.2402793243778,73.92764813224808],[45.31062379364145,74.03833025833818],[45.562589211986904,73.9641217871652],[45.735558073488896,73.81702980957348],[45.83955465841596,73.77070113278013],[45.91348934418432,73.83838790784468],[46.09255182501433,73.82428802441586],[46.275256477638486,73.69840926067324],[46.32545298690865,73.80431013648587],[46.302112890462354,73.8942811850883],[46.44298127749443,73.88447959564246],[46.76703923965602,73.6700395815241],[46.8144882867746,73.53992126593673],[46.941552774396875,73.4122855489083],[46.97091072589012,73.32338046016329],[47.041392755038,73.35131482786481],[47.04814968425995,73.48304792886188],[47.195552746623925,73.44419684805192],[47.271743711267405,73.47526576136913],[47.40561864710058,73.37820537680727],[47.65076746872397,73.14483249988598],[47.69690607727942,73.03462325353397],[47.85275780515142,72.86187882824632],[47.938723404200374,72.55642694425742],[48.189181990161266,72.53296701526028],[48.23903500235503,72.6785361582282],[48.15841342519555,72.81817847778834],[48.16810750309553,72.96476083568028],[48.29747462302343,73.21417949386853],[48.45498069406884,73.35533177528924],[48.440607169147476,73.5639605639363],[48.35957269334401,73.61734324494626],[48.560096597863776,73.8314595063946],[48.69642894124721,74.63158425592212],[48.88610105486346,75.0331489102337],[48.98303493793141,75.10434697198644],[49.13396156240259,75.42017161750286],[49.3044062740388,76.13632575604657],[49.41399750826244,76.33198166027807],[49.38000680013895,76.42922679889638],[49.46002089981717,76.48513584020642],[49.44936735512401,76.86149122198589],[49.60158063659383,77.32766037312525],[49.50745773323814,77.32411624534933],[49.49995005653566,77.42588576477333],[49.672676635464256,77.7492460951121],[49.74165125037838,77.67623305303962],[49.89673669808665,77.72594154845997],[49.97366260133225,77.78368369545998],[49.896920897803255,77.85862417777363],[50.308333706993295,78.1862033904691],[50.17562094615533,78.31761281169372],[50.34927667545449,78.20307339728892],[50.46749857838453,78.3453496488637],[50.52294381665535,78.33668966156642],[50.55649529131265,78.3893660899525],[50.463984489033386,78.43349074379965],[50.53149236716485,78.4526931663442],[50.51324984869357,78.5920095145628],[50.6795863860001,78.69531185028941],[50.83008151253532,78.68995329423079],[50.774695675405496,78.73632352598156],[50.8904768560958,78.92007062585897],[50.94039986933939,78.86776327199262],[50.92972440387262,79.01173996188255],[50.891966098244616,78.93253053352294],[50.860593957715174,79.03169118466222],[50.660371311604194,79.10474224364823],[50.32271870671267,79.11127230204828],[50.0920983137031,79.17935488132383],[49.34691115696529,79.65977042889779],[49.25242409793246,79.84589400163043],[49.435786625491296,80.02893228880365],[49.499371807974995,80.1578014117288],[49.56885927450916,80.34308018738932],[49.57037374027884,80.55349211421714],[49.37826469900246,80.54503237686077],[49.35297006264932,80.60711882273425],[49.1045668985911,80.58041918616834],[49.09325379960631,80.61949969379862],[48.89708155816683,80.58293108051961],[48.895460503257695,80.68143757141507],[48.78653392486424,80.6501799721702],[48.78536409718403,80.6892374687546],[48.272500704442685,80.55282263704457],[48.27439933215909,80.80757963288539],[48.08873883933553,80.88762985776893],[47.914355467551005,80.81121017510738],[47.87476416123958,80.85565633827422],[47.81359725607171,80.81572044886457],[47.77157967627262,80.89743099568466],[47.668316774895445,80.89760177254155],[47.13178619682703,80.22631148124772],[46.94245771499291,80.12769188761767],[46.9170038997016,80.1780567253729],[46.844222256281846,80.12643185133003],[46.73847765157069,80.18103002798117],[46.57318294470049,80.02444840221887],[46.399104992212706,79.96558893362628],[46.39888880524221,79.90688316395362],[46.35020070652443,79.92486947782724],[46.39518899802464,79.95570399190052],[46.29499314522067,79.95034757249118],[46.22111245860609,80.0167865473319],[46.22637534564001,80.13645714529807],[46.27306225696388,80.21350660724511],[46.125353867380156,80.18479688572918],[46.086479437911066,80.34429954714192],[45.978057689335,80.2591431661917],[45.84707268947549,80.27446978032606],[45.832533730562346,80.31704053603477],[45.88264126034541,80.39774439195301],[45.86532676748087,80.48139917697009],[45.62296986936871,80.39596626635982],[45.54308030924564,80.30835892905031]]]]}},{"type":"Feature","properties":{"Level":"ADM1","shapeGroup":"MYS","shapeID":"MYS-ADM1-15666254B7353082","shapeISO":"MY-15","shapeName":"Labuan","shapeType":"ADM1"},"geometry":{"type":"MultiPolygon","coordinates":[[[[181.4721646100234,66.99133233264595],[181.53284563992588,67.08722515783201],[181.69398435982956,67.05988503792722],[181.56225569228553,67.12673563474091],[181.51152074498788,67.26062582618017],[181.50910321688625,67.3341626683906],[181.45156179662547,67.39798709810904],[181.3641201753416,67.3563393839335],[181.27940507767693,67.40794777449236],[181.25133584068945,67.48552797923729],[181.2626870847711,67.33108382305066],[181.33708446480307,67.28837341401807],[181.4721646100234,66.99133233264595]]],[[[184.7836354461987,69.45977911571062],[184.57875137175452,69.25247934625588],[184.5622338502611,69.17584447023152],[184.74742685719136,69.09015626182114],[184.8628896818646,68.92731923856097],[184.88876438694382,69.0251663208362],[185.0005102662775,69.19006494354784],[184.9650925958167,69.14106222202626],[184.95175912839926,69.2128648742841],[184.92821270014232,69.17208206301474],[184.9033829509259,69.1885679225102],[184.91314380354868,69.33131757021864],[184.93844313964155,69.30317741802868],[184.91422224986837,69.22848852858944],[184.9631400385632,69.25939461266243],[184.97783220008318,69.19110233773152],[185.0552738795168,69.24689743270568],[184.94898753751227,69.31746071536855],[184.8543568100535,69.46831490887061],[184.7836354461987,69.45977911571062]]],[[[182.0111055215054,71.46560549516327],[181.9113346425951,71.18688909310552],[181.9148828383883,70.9798634704073],[181.88409004043092,70.91156216814987],[181.91911966900676,70.90148041759564],[181.81319894874986,70.55984946817856],[181.76877261212147,70.21929615130561],[181.75882093767783,69.97039987951226],[181.80588323559772,69.51975070250789],[181.71567256488484,69.20756984320548],[181.72726418669322,69.01702678524292],[181.65798593598265,68.84718638874062],[181.60088399212512,68.50391742398297],[181.6402428987428,68.32456830290586],[181.8385114323434,68.27122266078386],[181.89774255055792,68.37263225305833],[181.9493535809518,68.48281230695491],[181.94350328550684,68.5724051440522],[181.9934188712483,68.61139183821062],[181.9213946972533,68.68687684358004],[182.0188789902836,68.84591206862379],[182.09405050044114,68.81186370612173],[182.29956846697968,69.47664103282469],[182.3622150171828,69.51116290624277],[182.4158978669886,69.45702758076467],[182.50411206923178,69.56953075023918],[182.56964427356723,69.60076740330551],[182.617503338816,69.5369428457179],[182.69065652404288,69.62381941691395],[182.72196917370923,69.49673841789567],[182.79193954204223,69.50824640157605],[182.8451920516509,69.42111931974654],[182.94163696157239,68.98427305007698],[182.9354338261732,68.91805626813714],[183.04601516506125,68.78998162198977],[183.00763156313013,68.70333411482476],[183.0627374837909,68.56782702279406],[183.15518298010892,68.5389704125219],[183.19287327239948,68.2793226838547],[183.36206770864226,68.73052206090934],[183.3813156684613,68.88221537220099],[183.2506943039677,68.97920372781255],[183.17877971076405,69.20712662432925],[183.20569204367607,69.28507387691965],[183.2512376415165,69.2586564182203],[183.14538817768658,69.64798616452644],[183.1227543698252,69.924364440988],[183.15091642269488,69.99893104109748],[183.24927465741013,69.94138803839739],[183.21247068983473,69.84032310634802],[183.22414241987119,69.71861689154451],[183.33500024867922,69.56604033999487],[183.52429548339234,69.4822149195623],[183.68236601651068,69.67458697077848],[183.7327309355718,69.9516548171334],[183.95682502708908,70.06067637677006],[183.84715736895518,70.25982067492184],[183.8785097905081,70.32866915327399],[183.82854844167016,70.4282538527976],[183.82386070511527,70.6010681958555],[183.65238271651987,71.16928018722682],[183.6861577905703,71.35559781040436],[183.6628629169839,71.44876291566437],[183.70817804580943,71.44652479043029],[183.7306088569519,71.5033817971594],[183.72927344709547,71.89622932140996],[183.82827643513284,72.16595882317488],[183.91513719913874,72.18978979686193],[183.93783030077572,72.26406945021033],[184.059586621699,72.30384011003811],[184.17890505075206,72.26615701599805],[184.22148234991687,72.29725932499143],[184.11587027366062,72.4143623702895],[184.11821417286234,72.4754818062892],[183.84610915743343,72.47132016219261],[183.71161225737256,72.5282210029134],[183.5438301864422,72.4903185530749],[183.43081052202558,72.39499810981182],[182.7350131138317,72.13011115415631],[182.5362332016436,72.00200254129308],[182.20711782427676,71.93737714670642],[182.24443435070205,71.91793881127317],[182.21417678243216,71.85292409429255],[182.1090189350171,71.69111157945487],[182.079686612034,71.58194706475102],[182.0111055215054,71.46560549516327]]]]}}]}
