{"type":"FeatureCollection","bbox":[28.497255790321105,45.53707050525743,106.55590156754486,219.14233457149396],"crs":{"type":"name","properties":{"name":"EPSG:cartesian"}},"properties":{"note":"Created using cartogram-cpp / go-cart.io with custom projection, not in EPSG:4326"},"features":[{"type":"Feature","properties":{"Level":"ADM1","shapeGroup":"TUN","shapeID":"TUN-ADM1-13205935B10720619","shapeISO":"TN-11","shapeName":"Tunis","shapeType":"ADM1"},"geometry":{"type":"MultiPolygon","coordinates":[[[[57.98404514584304,192.43292845144578],[59.1277750487781,188.95115759518973],[58.615905388623105,188.6330107697171],[57.31252200738441,188.57564102913068],[56.55587107768281,188.6131717837947],[55.69982305881175,187.8220680435678],[55.18456634017346,186.49220391290896],[54.42316137679457,186.33763815757132],[54.29886584240303,186.08233309187665],[54.28984397912548,185.61270877201943],[53.8101638124336,184.95707453901056],[53.439302860893804,184.83319247443072],[53.2023609107002,182.5348395526313],[52.691027331865115,182.6713142949066],[52.65244437723509,182.99654096781973],[52.6038120926678,182.71469782966614],[52.4814107119213,182.68142646735416],[52.43595781486826,182.2841045448409],[51.836048622425125,182.3245988401756],[51.30896072871458,181.45677298568037],[50.934294291515116,180.3552509793204],[50.966121455616474,180.04445299394646],[50.88098555536222,179.73469950767912],[50.89403238156467,179.41493729603533],[50.59008436219676,177.90575877824048],[50.88381432491224,177.93950955272027],[51.03530447825773,177.58076468776096],[51.2545667431827,177.88167914309477],[51.59897725991202,177.30268680478935],[51.83930129448562,175.53935020813128],[51.76259788144324,175.32702053771987],[52.4676775703603,173.3344345951221],[52.28668890012962,172.83402014733514],[52.08068824078172,171.67169643196476],[52.933490669987,171.8644480809126],[53.511165486390226,171.58284663378635],[54.49854915305977,171.75102738483366],[53.70259595072217,168.63257388760792],[54.45419053855873,167.68615104231478],[54.754465299850146,167.69087804337778],[55.05948505443436,168.30273603510742],[55.48940553935877,168.10386335942385],[56.22485894451555,168.51411017113733],[56.917106585958436,169.46141920764578],[57.775640658568335,169.76104466001237],[58.92696587257968,171.24020814148656],[59.20999354173307,171.32241755012376],[59.29271993819944,170.97027099666718],[60.044775769850375,171.35529646722955],[60.121830213282934,171.50305612731566],[62.0853082366008,172.44010954360914],[61.766378216052615,172.57994735251654],[60.97266634369298,174.67652961343254],[61.39070008251869,175.0675444998368],[61.81331410740775,175.17990945250602],[63.02742826738958,176.76500411238777],[64.1584879441222,176.72048014770664],[64.23744530991662,176.3575574006388],[65.40236890466629,176.12575068096214],[65.20851082044956,175.9872372197896],[65.16411619651474,175.66936899712533],[65.32820713507434,175.01269522806692],[65.93580008939784,174.88771966614885],[65.55891124998271,174.24494658600597],[66.51816448074617,174.80008828835236],[66.87904221524148,174.79075876511462],[68.84812000234669,177.15060425914203],[71.22125735088734,178.94328224872845],[72.0425938237463,179.581848896861],[71.97809593676814,179.90569820538647],[72.60785654138257,180.2060264109978],[72.95536439843406,181.1577164564043],[73.71005103567374,181.75495008436474],[73.94792222589513,181.4118986806571],[74.22201534478054,181.6693459166401],[74.57664259156749,182.80447924164312],[74.11070811571622,183.13004044816768],[73.55128146513704,184.54497118579903],[73.02529894640911,184.89760950556138],[75.71261681608934,188.59000405241764],[80.02836961949576,188.57898923733703],[82.75382680529734,189.4273579665993],[83.63041050623693,189.39105774332833],[83.82997364262518,189.5561791581424],[84.72183596686833,188.26599966922123],[85.17224305256642,188.03123897853015],[84.97615473693112,188.47317500062047],[85.22458514241397,188.74753970640768],[85.44928841487351,188.42687561531642],[85.35344384705428,188.0233136495305],[85.47389675224713,188.48532682187056],[85.06799694659229,189.1260269392408],[85.15331183592778,189.7014921707641],[85.88875217864702,190.7308914268027],[86.20923167056219,190.6090462839888],[85.73487711172392,191.56171657484768],[86.30575098961255,190.6794097323625],[86.26860518223165,190.88508065849032],[86.50420644519852,190.99063902667825],[86.39710602348926,191.13784272477056],[86.90929823283767,191.6764649724466],[86.88265707509659,191.98735845311865],[87.23458823536266,192.26504622285674],[87.12245847231382,192.42896298213228],[87.26944170980425,192.9230094129639],[87.72552691061415,193.2336950912108],[87.98883567468712,193.08598372118155],[88.02275123810584,194.0900212187327],[87.80698697797749,193.83199319265083],[87.7486067455843,193.9918460533454],[87.71434322663033,194.91489209898776],[87.93106355291661,195.0173886290949],[88.15868182326518,194.72109155243393],[88.45433779081782,195.89963777332946],[88.80140735538166,196.42808169866987],[88.92382716555954,196.3028792898169],[88.97788790253402,196.68721799558438],[88.9963002934412,196.414377597824],[89.15206953020217,198.19213506192256],[89.67319251415384,198.5894894602089],[89.80119794541693,198.4566256663827],[89.79215114256374,198.77613659047768],[89.94530016938924,198.78206563038424],[89.83754632869902,198.34198540659838],[90.08314316266282,199.07414482466712],[89.76890449728634,200.26225478772767],[86.67989925618117,203.7012966466745],[86.37571402007745,204.53168144153568],[85.73055702296537,204.99027977642226],[85.67132026766281,205.44859235048568],[85.91935378242218,206.1482414050919],[85.83207870667226,206.57656274971254],[85.47025700402361,207.00661958342678],[84.95786849009794,206.96348842559257],[84.64771742580423,207.47295539722592],[84.15893016019587,207.4332269754299],[84.37251792134181,207.6486814774345],[84.89273139011394,207.45861599423932],[84.48677709651737,207.67367875319945],[83.93690617438068,207.6322869685942],[83.78360063432537,207.4228627171524],[83.07254266527409,207.45317828812168],[81.69254111598524,207.9243918206726],[77.29939739177242,209.28490227386737],[76.97978066499795,208.92466105741977],[77.25476729444826,208.77900303994727],[77.62243516822232,207.9838455928485],[79.24138624998986,207.04332944923783],[80.29476918920446,205.676497506415],[80.07180329594904,205.42562177271088],[81.20218981742624,205.27758456214227],[81.42322805351708,205.02025312124704],[81.16219614851275,204.8571765708279],[81.4222155182253,204.54942878040546],[81.16148841020147,203.98833193925662],[80.32140510162353,203.63714826599346],[80.95700905017867,202.8996496433864],[80.1600760762347,202.4946031615549],[79.8170633825466,201.59083615837784],[81.30111591455022,201.02685505842936],[82.46344243778115,199.95503853395957],[81.42082372890076,199.33167684593582],[76.229228328729,200.04868902728754],[74.54045970473257,199.55186357142816],[74.7699724790638,201.59173554600625],[74.4122170743101,201.6547213218511],[73.76347614869256,201.45446067272783],[73.6845132682629,201.05687285410428],[71.89071746695303,200.38658550330032],[71.9260487855193,198.64885698017144],[69.26393642446948,199.1608632149753],[68.37915954411133,199.08695595420028],[65.6867780785955,196.87856596876236],[62.95844901066762,198.0310692464817],[62.24866299142215,198.1033306133505],[61.633039711991934,197.7663248130937],[60.111137939537116,196.1419331503928],[58.98826873366505,195.1522077935815],[58.43066707997942,194.85777443751027],[58.59705036147473,193.41188288358887],[57.994986414656935,192.75764366016094],[57.98404514584304,192.43292845144578]]]]}},{"type":"Feature","properties":{"Level":"ADM1","shapeGroup":"TUN","shapeID":"TUN-ADM1-13205935B54307065","shapeISO":"TN-13","shapeName":"Ben Arous","shapeType":"ADM1"},"geometry":{"type":"MultiPolygon","coordinates":[[[[80.02836961949576,188.57898923733703],[80.44289835932832,186.90096989786855],[81.32109008357999,187.01498391135988],[81.37499468819152,186.41249673293396],[80.66800549466765,185.53121557725171],[80.25684315957744,184.2258846295295],[79.31490408130549,183.74279060737524],[78.6872639978434,185.0377134978022],[78.915745991678,185.12219783794154],[78.63199172729433,185.12902307926197],[78.51529219526688,185.5692389433798],[76.64828728056227,185.78424230709282],[75.40636430532192,185.69038106092913],[74.5248061522081,185.26014372406902],[74.36208533691821,185.4340518917405],[74.10034290629736,185.32436887753008],[74.12991164912418,185.07256340775774],[73.55529150512913,184.80180367273852],[73.02529894640911,184.89760950556138],[73.55128146513704,184.54497118579903],[74.11070811571622,183.13004044816768],[74.57664259156749,182.80447924164312],[74.22201534478054,181.6693459166401],[73.94792222589513,181.4118986806571],[73.71005103567374,181.75495008436474],[72.95536439843406,181.1577164564043],[72.60785654138257,180.2060264109978],[71.97809593676814,179.90569820538647],[72.0425938237463,179.581848896861],[71.22125735088734,178.94328224872845],[68.84812000234669,177.15060425914203],[66.87904221524148,174.79075876511462],[66.51816448074617,174.80008828835236],[65.55891124998271,174.24494658600597],[65.93580008939784,174.88771966614885],[65.32820713507434,175.01269522806692],[65.16411619651474,175.66936899712533],[65.20851082044956,175.9872372197896],[65.40236890466629,176.12575068096214],[64.23744530991662,176.3575574006388],[64.1584879441222,176.72048014770664],[63.02742826738958,176.76500411238777],[61.81331410740775,175.17990945250602],[61.39070008251869,175.0675444998368],[60.97266634369298,174.67652961343254],[61.766378216052615,172.57994735251654],[62.0853082366008,172.44010954360914],[60.121830213282934,171.50305612731566],[60.044775769850375,171.35529646722955],[59.29271993819944,170.97027099666718],[59.20999354173307,171.32241755012376],[58.92696587257968,171.24020814148656],[57.775640658568335,169.76104466001237],[56.917106585958436,169.46141920764578],[56.22485894451555,168.51411017113733],[55.48940553935877,168.10386335942385],[55.05948505443436,168.30273603510742],[54.92442414257396,167.69263134343402],[54.203904619694654,165.85113390627797],[54.09107300222101,164.96014990292346],[53.83171784543593,164.02276885984412],[52.73794415934381,160.87483399936144],[52.089073919400406,158.3154360055113],[52.09349570604282,158.1731235715002],[52.28099571566868,158.0045405861433],[53.209103789040896,158.0596117147437],[53.095052379252365,157.92533985353458],[53.43479991644175,157.69275052908188],[53.585590326272296,157.74214705722537],[54.42999050962445,158.76669499480025],[54.65564383856359,158.97930103031592],[55.29605093011752,160.2044893216937],[55.35767253202607,160.19537345703492],[55.34850136148681,159.5881825066035],[54.95017064095559,158.6083164022108],[54.93888401676721,158.35536072885347],[54.76171964220501,157.97598448340025],[55.05466138995859,158.29831321867954],[54.906906808285555,157.97437443386792],[54.853788431969164,157.4510573251856],[54.62298890024093,157.09299480053366],[55.0913009041368,157.4257797952011],[54.9306081731372,157.1338964246919],[55.00544745849706,157.12070206696274],[54.930795998332535,157.0416052354792],[54.82869966613599,156.75302781676623],[55.2231502169419,156.85959714128302],[55.28529258264435,156.7723080603651],[55.63553210658619,156.96865720224787],[55.78626003826422,156.8623575631692],[56.424828506596796,157.29361562647597],[56.67194259129256,157.41574421131594],[58.784653555334316,158.86335413063676],[59.126887644516785,159.2100280567656],[59.829022252680375,159.65969066797473],[59.67957944200539,159.51820034178917],[59.61983127297267,159.39733039262194],[59.463349305166645,159.19338884909158],[59.30789488627356,158.8682823345048],[59.208050061219474,158.7573087577275],[58.402130891899006,157.89548722190193],[58.019181456957796,157.57221740634708],[57.76823460867554,157.25282884287668],[57.55540928215994,157.01478396736027],[57.6594598774547,156.91230440909393],[59.004475991953356,157.87560442889497],[59.1750072712598,157.94394996261343],[59.579649836375374,158.1975927872028],[59.82117462664786,158.37403437581406],[59.73729879532768,158.36342124522864],[59.84893960126242,158.47640487142462],[59.81851670303469,158.48802452594117],[60.343696871089115,159.17861576833303],[60.76034112220389,159.5996857666502],[60.954583278258994,159.8473596931363],[62.634577483541115,161.4102555402868],[66.65228793590765,163.759083421683],[66.54447549873956,163.81760116628234],[65.98569249225797,163.61108507030076],[66.14979699211571,163.77067914270964],[68.08426614466389,165.16390476765736],[68.76562776471685,165.54167767740043],[70.08745008453373,166.20566004269858],[70.19855744816536,166.4907368516383],[72.27948264932816,167.413946340268],[73.65876016662585,167.99636938838108],[73.78287440037111,167.99890788559878],[74.83493667221825,168.46410541108366],[75.19772662799517,168.81787570193796],[75.84452006690191,169.21164021586716],[75.9293127420982,169.42890002500596],[76.5237304231528,169.72032997191545],[76.76705310742969,169.94541930600388],[75.94029235425614,170.06019125494456],[75.88220464126789,170.32989444245513],[73.95497936096733,169.61841891412598],[71.91714612410937,168.65834596448002],[71.41242724438334,168.4637363169746],[71.51429291338778,168.6146826457869],[73.95805676079235,169.9673554229441],[74.1250608460616,170.11439082356605],[76.91521402618606,171.3930989192612],[78.90997977162745,172.12684970061105],[79.10883334138971,172.3070233373172],[79.51946374124971,172.4480450717936],[79.8607436440216,172.7239222145169],[79.63008763584278,172.94183345160508],[79.71682294422256,173.11200908244996],[80.35280112869566,173.3847067728929],[80.60630495935789,173.38733056118116],[80.64483379572782,173.52870864141698],[80.31338279695126,173.68408457105625],[80.64876842526604,173.796911451413],[81.56241970777886,173.89307245461413],[81.68042758570951,173.83998642425263],[82.14215403510953,173.96295365739965],[82.87413925671245,173.91782566532208],[83.16160770290713,174.25332027957498],[83.67392839290194,174.52521199522104],[83.95250306900478,174.93491885158488],[86.3065215121884,177.11891978465445],[87.42286790012732,177.7663485508761],[87.87560817623864,178.12964023846664],[88.24504581708086,178.28014497609314],[88.43987139776293,178.64615439851266],[87.71536745103217,178.45372812785845],[86.73956101763355,178.44210743879796],[85.48299168233358,178.76536187200415],[83.83405377656176,179.7439905507822],[82.87382973379148,180.88375330973753],[82.51519857831364,181.78383514656934],[82.15209243402957,183.85714926655444],[82.22976373466278,184.12284954350702],[82.345711450724,184.14034495938233],[82.1436289045422,184.62687670475606],[82.30091979121991,185.4728243726941],[82.5469958557832,185.79370803471858],[82.93199504744686,185.54191925655832],[82.00602676254184,186.23119324149357],[81.68996463676152,186.34829860333588],[82.00741306618825,186.33303035545862],[83.0160270117775,185.59516756709374],[82.97535386207076,185.4515217204293],[83.03146803292066,185.61096162664722],[82.60471884784846,185.91234020262786],[82.82432071941136,186.06944959703227],[82.56220555029066,186.35302695938833],[82.6436275795723,186.3019349065086],[82.9508475736711,186.60104380701574],[82.6548347951892,186.29102375542715],[83.0331249086151,186.0229127158902],[82.86887479876614,186.20102958753822],[83.08466678662725,186.48953902681325],[83.7530435759038,187.74265710511082],[83.44842095159143,187.70945226433486],[84.07932013235478,187.852797092363],[84.37527266171594,187.55867110663158],[84.55725061110675,187.49261518495297],[84.76899403300185,187.59891841631745],[84.9251930595361,187.84499532408927],[84.68191350171124,187.55918318191175],[84.40214722831558,187.56901021185018],[84.11538649816262,187.85042934933279],[84.3365238418069,188.13643701450053],[83.68998144551233,188.83535355844342],[82.75858003172864,188.854420055263],[82.75382680529734,189.4273579665993],[80.02836961949576,188.57898923733703]]]]}},{"type":"Feature","properties":{"Level":"ADM1","shapeGroup":"TUN","shapeID":"TUN-ADM1-13205935B3783788","shapeISO":"TN-33","shapeName":"El Kef","shapeType":"ADM1"},"geometry":{"type":"MultiPolygon","coordinates":[[[[32.98190474751938,157.23275056230278],[33.098845954047704,156.95744433902047],[33.18024654963677,156.83798216419473],[33.25508854895162,156.65414809078027],[33.26975232196249,156.54862674154225],[33.19959924781725,156.4203263363121],[33.242360658235135,156.27652382460235],[33.33330129245191,156.05895374685213],[33.57463701991121,155.73014355800913],[33.46057159810019,155.74794363972438],[33.46900656707086,155.59250727308864],[33.31350204203393,155.71026370870757],[33.23333921192785,155.6620457585884],[33.197932783416704,155.5633765072495],[33.12650669364581,155.5657105244857],[33.12022579514495,155.43187360339567],[33.05694970772754,155.39171236911514],[33.07369977255295,155.262333851112],[33.007587420141626,155.04896319540154],[33.104538539702006,154.98864202336244],[33.172735069648866,154.88246381265697],[33.21263356350277,154.86620113911164],[33.33971957448455,154.59721151865025],[33.39403149697205,154.46917578124263],[33.43206710769455,154.01987470722815],[33.468790733634506,153.9040567007928],[33.43240779434247,153.78597435338594],[33.38548001037803,153.79075698352892],[33.426737085451336,153.61843331051872],[33.334173313224184,153.48640140940037],[33.338465090738055,153.22374300566173],[33.305937525192235,153.18434380715192],[33.30836326342778,153.0894404986645],[33.32957839862248,153.04019096658445],[33.29055648016718,152.9372376130702],[33.26521755502743,152.89080649474403],[33.23028221964352,152.9105546325655],[33.21127686851625,152.8351577550357],[33.118170632690806,152.83793156907834],[33.07030652398223,152.74118718908102],[33.14547515815903,152.37435832536875],[33.18798716102902,152.28204030308137],[33.237098390741465,152.24493395463776],[33.2564707913151,152.1549930216674],[33.316199961189994,152.0137395946757],[33.38861063790193,151.8824767485282],[33.39977466621142,151.79405713296063],[33.47574940132371,151.69741563105433],[33.56162896718135,151.51307313501133],[33.60287892837623,151.28085689361896],[33.59937114657267,151.00712924217697],[33.694370238047235,150.6310270867258],[33.77387194392892,150.41895557529386],[33.7442347857069,150.27894095419808],[33.502950264006664,150.2727641789176],[33.51074430538108,150.14967999282493],[33.43481060352485,149.99270258727347],[33.490620627118204,149.80620797844938],[33.44002476654212,149.55654008530675],[33.352276013718964,149.3754129144569],[33.36316291171104,149.22769226117163],[33.49965991833564,148.62446989803544],[33.576307044222894,147.3605447523493],[33.549825036857534,147.34154962136643],[33.58525845883153,147.27040934142292],[33.50614008215739,147.27933451960683],[33.411178085536264,147.21742973155983],[33.353606553583326,147.23647338530415],[33.315085269210314,147.08747289485248],[33.28751660419603,147.08996218540028],[33.31885251079849,146.8872311919995],[33.321719498262695,146.67898286277367],[33.355921710584155,146.6194759942533],[33.280344365951684,146.54675117725125],[33.29066257834795,146.4173869989201],[33.493716580474015,146.2889298634269],[33.47535152179647,146.07258884309468],[33.43169664704321,146.05212035819585],[33.43106785130263,146.00166155924933],[33.332956713522854,145.88078191866245],[33.57502072571293,145.5780663179185],[33.55400066091725,145.53725913719813],[33.57339374330143,145.44899595457807],[33.55585630754145,145.40706038789344],[33.76952043493018,144.10602735446432],[33.76803926589303,144.01380639057706],[33.72698049529621,143.98567262871168],[33.758825297724066,143.89068512328168],[33.73603879328233,143.53144222120778],[33.78919471662948,143.18418831058676],[33.75629181648382,142.96488791378425],[33.76391241754803,142.73707198757089],[33.86589309606951,142.24995807767647],[33.931351982078546,142.08220474283746],[33.92383883508316,141.87473277982568],[34.14365635240623,141.5454298419079],[34.466012411393486,140.83330562016778],[34.56733238467097,140.53509555196678],[34.60431632264507,140.52727146332958],[34.7192192859646,140.28581886878857],[34.84812664424063,140.20997863285135],[34.954865538747114,140.10461550433956],[35.00892303251694,139.98686317919615],[35.15927021398792,139.76225106391757],[35.23301272214093,139.599584483505],[35.287020850242094,139.24693417255858],[35.27086212276181,139.1756939979147],[35.34172969827941,138.96156580200798],[35.35780351307241,138.25984017962162],[35.32993399269105,138.1569605064584],[35.44417253993519,138.07119154092186],[35.52877080169831,138.10209918319225],[35.71564412037408,137.91992458548157],[35.77080370200885,137.83009422618412],[35.69294213276205,138.42373342477057],[35.86784590568231,138.43445770427851],[35.87327933613387,138.53454075878224],[35.94803685433484,138.69954161603715],[36.0116054417484,138.7358967124075],[36.02037588012447,138.98183511161182],[36.17867482609791,139.00432197847766],[36.25211272216896,138.96619524723454],[36.28248868233473,138.90891686170457],[36.33227730370862,138.94053738419416],[36.48273774868492,138.8937576754014],[36.643715697195745,138.71364390992443],[36.7862938755409,138.67504827930344],[36.89553331438352,138.55239487513356],[37.56723911655775,137.98845706157653],[37.624864231450516,137.90228854031227],[37.58634853310497,137.6932668080541],[37.61421380851776,137.70240545761942],[37.7573451885482,137.25510643277903],[37.945192635825514,136.884371892206],[37.95796576949795,136.97405413906662],[37.990479719957946,136.9205882964315],[38.0567156515291,136.8908713743307],[38.077303495570504,136.95427238802097],[38.13462810700216,136.9606787275955],[38.15065483122131,137.09312429046432],[38.18564885661824,137.03381090374688],[38.240929132030274,137.09652538936777],[38.31896734120765,137.05835455620496],[38.3687642366523,137.0863961044383],[38.389984592800246,137.1579493371853],[38.46608396676574,137.14200263737328],[38.464167441634196,137.20075029126627],[38.43473493514683,137.20426965629753],[38.441259018579245,137.2687352161123],[38.418815468518,137.3005333305259],[38.43368769032823,137.3881294613282],[38.46680410734619,137.36352883349952],[38.48517925780046,137.43759810720985],[38.458719429974465,137.58093078764935],[38.50614613264784,137.5632908815465],[38.52179999218492,137.64972444021777],[38.57171342732632,137.68018950135698],[38.54105125212464,137.74892490149105],[38.56673098679222,137.7182675098172],[38.5537145716192,137.78115964338116],[38.58516445490984,137.76553993983708],[38.54902522263218,137.83547726285923],[38.58027325072479,137.86826444313365],[38.56792851550926,137.94826355956562],[38.505097002544396,138.0650196302553],[38.49936028225162,138.16176438290037],[38.46810718109072,138.2471705853015],[38.476077308505225,138.29039575141218],[38.44515629383147,138.32445136190236],[38.45223237797447,138.398371551577],[38.43080487141613,138.45399715505226],[38.4719385365207,138.5334403390956],[38.45910225715722,138.70573699684593],[38.427884862192116,138.7743028419149],[38.432832025318,138.9504168165485],[38.38927208071173,139.00078868937766],[38.380244542484604,139.0897405268922],[38.33838401078084,139.12714958857256],[38.314785235431955,139.18718737766633],[38.30481249589881,139.32617935410795],[38.25048744570244,139.44345568455705],[38.249331569337784,139.62525160045286],[38.336206392009444,139.4704101178611],[38.440447326215526,139.39523428050794],[38.460204990749816,139.66837944917683],[38.55989148017487,139.55629801446082],[38.59284537117725,139.46588172322754],[38.64183559315126,139.4501883577073],[38.686162574076015,139.50052650999953],[38.682139974696824,139.54985236773126],[38.70711953306469,139.50636240600815],[38.756861872318915,139.58231006038596],[38.81041161563162,139.5568785947619],[38.793357122230134,140.00107770499295],[38.73901446357747,140.28918697729475],[38.806369767000405,140.22062099758065],[38.84181484840285,140.23360589184404],[38.96180262013641,140.04137664482008],[38.98000728258374,140.07928070225074],[39.077961301767964,140.0829343470826],[39.097235507126435,140.04692717770723],[39.13088263368191,140.11996138501468],[39.22219399969556,140.03596667412486],[39.25963421112642,139.94686702891988],[39.279810713727244,139.93898756593242],[39.31558796676887,139.75104115199662],[39.28521018875695,139.6986312896927],[39.33542480929083,139.55448407000455],[39.36785856348465,139.54742502997973],[39.37862755708164,139.5998310536408],[39.42393375960883,139.5710884938685],[39.49872074063769,139.4378511711702],[39.540663972161354,139.42387494087924],[39.615425823032425,139.32576820840796],[39.71474688436255,139.41766048393404],[39.8481130492526,139.32517832881769],[39.89060749996047,139.36625879145254],[39.87707724559659,139.51875528243252],[39.95268244910163,139.5176792034543],[40.07696239611359,139.2988094016597],[40.19863042586574,139.20550266040505],[40.26655066065596,139.18921512838],[40.3431864704262,139.1081876080001],[40.57994822963914,138.51946427344626],[40.71713540819337,138.3494565811388],[40.862320808615536,138.1051698487614],[40.92473531404212,137.95876667050686],[41.103437082309824,137.78259651415829],[41.205424398361814,137.72169160848608],[41.35473146817195,137.5558640772678],[41.459800981792526,137.42444470037202],[41.54085647745576,137.2704869013379],[41.65671142982533,137.1569262931207],[41.90274979346228,136.74568455415425],[41.99564987602399,136.68929955008088],[42.07920871776632,136.54855893707517],[42.1037197958312,136.56535644145208],[42.17631881812698,136.49129409363178],[42.23172497029941,136.4818207293983],[42.37426073395499,136.26673764579778],[42.43077123249172,136.1377231244428],[42.65259551015818,136.13608880893864],[42.728590494648,136.03792348144927],[42.751218929554696,136.0443448299454],[42.90356096469611,135.7476258813507],[42.99664488895915,135.7345136584192],[43.11686438431413,135.59865966227585],[43.1538998515899,135.5000790603665],[43.173608009180214,135.5255679668512],[43.28682374617668,135.46254282968033],[43.36202102550454,135.37841912304583],[43.46993609475407,135.18700759729404],[43.55190989649515,135.14894161358978],[43.31649260145117,135.77757677085395],[43.13976630093502,136.55176479599143],[42.99341439044583,136.88036200054802],[42.781288298514305,137.6220913533906],[42.8323742428185,137.63494684634787],[42.8448744026736,137.99831055313848],[42.902844817671806,138.1660249515059],[42.80009908679102,138.48911842530242],[42.70164803699841,138.93022972588818],[42.73893588261899,139.12747021985717],[42.597240326550335,139.390712576295],[42.41594437774411,139.80001735510308],[42.49071814980975,139.75882795757133],[42.530856610066664,139.67989696227164],[42.5707455772493,139.66977888915835],[42.67506462939336,139.7740179043918],[42.66630387581429,140.02644755559712],[42.722195644557004,140.03368012556263],[42.65440642880996,140.0646015956068],[42.567261282334684,140.03560348251898],[42.449697962560904,140.14669378596517],[42.48786487624292,140.25764086230762],[42.46029574731613,140.3282112149525],[42.454119163981105,140.43999463285007],[42.542148644471226,140.59987559303875],[42.58519057836298,141.1971305388911],[42.69575961843634,141.14750091006533],[42.85315482076411,141.01787335490036],[42.862081919122076,141.09030258674295],[42.960247834569145,141.22547167488653],[42.968806235967406,141.36343226713865],[43.009241072849704,141.3808579644035],[43.007527983356056,141.5822370118788],[42.991786402922784,141.64345075904973],[42.950944913874224,141.70265809132616],[42.92082000858436,141.82496504769765],[42.84572715950407,142.30179158552295],[42.922730507837365,142.66355088435228],[42.89484689926175,143.02696284342008],[42.97757049713502,143.03762831552845],[43.10410604091953,143.15000487466588],[43.30422256222819,143.49347813486253],[43.33057480872306,143.49464444576813],[43.230591392504664,143.68640244929017],[43.179574467770266,143.70695800315522],[43.22527193579788,143.7743637878857],[43.2372375982582,143.8694576938436],[43.27728114968365,143.87835631572602],[43.27220815348205,143.92985295215234],[43.2243358684004,143.99885858105029],[43.137877322014575,144.21218653788955],[43.07294566325043,144.19856713366315],[43.04518725873966,144.2715567511436],[43.024165415886,144.45148070168474],[43.07832614050964,144.80781934579926],[42.97276962146744,145.0726716654526],[42.9599580903841,145.23414699704298],[42.999201447655125,145.3145790701938],[42.94735011959119,145.42284557886057],[42.95517105023898,145.46042485632051],[42.765989009759934,145.69170003065847],[42.678694215443564,145.83543434897038],[42.67813021602764,145.88758973666492],[42.65065831665047,145.90713106802153],[42.652873319697036,145.9429034208285],[42.56180219938968,146.04127022183226],[42.515597803282546,146.0256809616833],[42.451615525231546,146.15775575140532],[42.465388651668235,146.15266738284475],[42.43881771350949,146.1967466286659],[42.39225529233382,146.42072721559688],[42.35786716067042,146.44713948494967],[42.353301340426334,146.48469784132894],[42.314355227284295,146.51005042112487],[42.25361696532737,146.41162192242547],[42.15448631678126,146.4540309661176],[42.048150905217994,146.6485338001279],[41.902971880135325,146.83243132689284],[41.820275914571624,147.01133604221442],[41.580644667171235,147.18289609925],[41.47664074944231,147.48305571669724],[41.46402628486982,147.5936667162893],[41.415041473466694,147.75171755481543],[41.39695234681317,147.92494856090056],[41.42561290055175,147.9972672029342],[41.40258516761785,148.09566314371943],[41.41131633273653,148.1920222290669],[41.395159053004164,148.2796007243269],[41.36066634179161,148.35062452603609],[41.51905662770084,148.70770276944754],[41.3855525443293,148.87959012722447],[41.357027132341315,148.95844576967664],[41.3198478447837,148.9592555371706],[41.29410734888921,149.0601230639594],[41.22679573844514,149.14862268249595],[41.21873145392532,149.36808190261388],[41.26731699315584,149.4630920712082],[41.19688921218568,149.66797667814598],[41.09753547829151,149.71272433275996],[41.01718259932696,149.69703212067452],[40.96251453869307,149.76061777963034],[40.83438719012375,149.83247203135485],[40.74679078509188,149.84454281917706],[40.72014621377841,149.89315029353642],[40.69160969873193,150.0309439058769],[40.668943701322085,150.053003121624],[40.65944771901978,150.14119677337663],[40.619179601160056,150.193283561337],[40.59990892171851,150.27656279205732],[40.54710133980695,150.3264857436852],[40.47437815846784,150.4672611068226],[40.4706871090957,150.49726315496991],[40.500562031902724,150.49247706685463],[40.43384900339322,150.58336254541342],[40.403199143539595,150.73419101375242],[40.36594136557095,150.7935434489425],[40.35414548862471,150.88945292693825],[40.286652820029566,150.96778070523294],[40.2243656648335,151.32869586818015],[40.179759474873,151.310274842311],[40.13579403267072,151.55333631287453],[40.08500104626113,151.56131122201919],[40.097172008456205,151.72063842031378],[40.16997449361469,151.79247817850626],[40.176550365029385,151.85940215747468],[40.05672719275894,151.90010066946655],[39.99408703868825,152.1523981616532],[39.98702210093303,152.3418893600544],[40.034179493770175,152.3588297286888],[40.073216510536284,152.29249095150902],[40.093131659760246,152.34889387881321],[40.091806130026775,152.45644340352356],[40.027221429572926,152.5585088192416],[40.08028914610699,152.7461117364003],[40.16124130354695,152.7902344357333],[40.153043927653265,152.9350508129137],[40.20672370979706,152.90444216375965],[40.18725871026592,153.05766183097876],[40.20496421415696,153.14647160663267],[40.23551700220177,153.1166172875668],[40.270947404625616,152.96547704080174],[40.29912589951185,153.10009124145603],[40.279547114529585,153.1593717198953],[40.28571957858201,153.3006709939332],[40.351161418562405,153.08327966790023],[40.39788869299549,153.06738410100772],[40.41576864865045,153.17416281674645],[40.38174528878185,153.204427407386],[40.37222432082787,153.2866606997976],[40.40966543965667,153.31620975326473],[40.437099159889755,153.19296077020414],[40.46423228809958,153.18831357932044],[40.456545369625154,153.41095924367136],[40.5194853878173,153.41201044456312],[40.53363682880074,153.46744396975183],[40.49298030913763,153.65442989068143],[40.42914679509894,153.78119903210916],[40.463067861437125,153.91306828711004],[40.3711893751962,154.03918511800953],[40.347253450180325,154.1667310539416],[40.3945752725142,154.58769773304473],[40.3602711289722,154.74045738346607],[40.25521734686636,154.91365058516504],[40.20221853078197,155.27221746397873],[40.19804594670623,155.47930888601724],[40.15902653478797,155.49965626785973],[40.17410014762315,155.6878672228364],[40.108741198356505,155.67978378512018],[40.10132213901763,155.75352564768795],[40.130807234377244,155.8170372159044],[40.11034838345689,155.91026316190153],[40.046760843009444,155.93525618271653],[40.02578220358455,156.07826838146877],[39.94575701410817,156.1516941054818],[39.91308022427612,156.40540285412806],[39.89494582271823,156.36875274555578],[39.84961994072458,156.47548433072137],[39.80400338028163,156.88988757604454],[39.83131858811508,157.26483789197832],[39.795695508027165,157.4617020116365],[39.850730310360646,157.44512572542507],[39.877132419371506,157.536128704977],[39.88125318769124,157.8477913262336],[39.93441936612964,157.7474568008793],[39.94163962347062,157.89108237362433],[39.97699615845524,157.8144168333328],[39.997210131512176,157.8423089321892],[39.991100791076576,157.92350913084817],[39.79302149052748,157.99386698730856],[39.73880183654566,157.88730820066394],[39.51049756613543,156.89203272159392],[39.30795802821915,156.82598962467088],[39.179086167763806,156.6405384413116],[39.039513437974335,156.9051372508219],[38.98971925912605,157.1163158921457],[38.88494758811291,156.86347841373816],[38.74246975504752,156.8463762708207],[38.642058996136825,156.58300117022952],[38.60015315025089,156.71136889025632],[38.54115865577593,156.6803322659961],[38.517088612988395,156.7777669400246],[38.2652717676079,156.73302269960703],[38.257777437653885,156.80825791013447],[38.19117505610811,156.73289293946624],[38.07429813296271,157.12592670891206],[38.09262657264657,157.43615048094637],[38.06520056361987,157.40434328530714],[38.07275270963636,157.52964217659866],[38.04211314850821,157.6258979144427],[38.017284048750255,157.5524468108233],[37.98111472758897,157.6056495439628],[37.95823140358858,157.71151871833328],[37.92018274025233,157.72880454427246],[37.89750930021688,157.65422720695864],[37.880495022340725,157.73146263624108],[37.83194314294609,157.60146133993246],[37.812353703776814,157.65059356612022],[37.74385112170478,157.52175589845285],[37.738950050118945,157.39378720309847],[37.69674530988114,157.43545429843758],[37.68050696266385,157.27185643694844],[37.64559076852657,157.29192988055038],[37.641198675280975,157.37184842919118],[37.55376306779135,157.42207529498256],[37.47747869045939,157.70286645052553],[37.40876208015162,157.80723342877036],[37.387945138080966,158.16414738806145],[37.27597729810863,158.19685369259778],[37.18198899089569,158.47133042283355],[37.16874984517585,158.65385460028577],[37.0741064524196,158.5775813694825],[36.985664889819176,158.8301104819628],[36.932658088713566,158.8267418335109],[36.80251333666108,158.61498271006536],[36.55895643027044,158.39494709359832],[36.23359666404285,158.24464998478203],[36.132022482042956,157.66159950056056],[36.00032605545113,157.6171436588602],[35.889626105654855,158.03813555713901],[35.81369352825402,158.12116175926556],[35.51448076245764,158.05024527714494],[35.43815573033981,157.80984157753886],[35.40595856031882,157.85889770101082],[35.3722983533159,157.75615696489436],[35.29218317897142,157.79807499690307],[35.24895765711547,157.9674020054471],[35.221103807050945,157.92995526637262],[35.223174707684215,157.77570521244377],[35.17862117829448,157.78481745574928],[35.186078475307596,157.68285487928512],[35.0727421670253,157.48368388562528],[35.05283009735697,157.53571885199452],[35.02643689644859,157.4260309803003],[35.046013898929154,157.37495386489482],[34.90018397345289,157.21221611915195],[34.89519633571361,157.04898961637315],[34.84094220875823,157.0467101312664],[34.81959269634076,157.1333946734182],[34.78021293411315,157.0805798595494],[34.74260514217975,157.15652485219883],[34.73237708111076,157.02651341546706],[34.70193010493378,157.14725687840834],[34.669589800162434,157.0129248712032],[34.61987682874948,157.05665732757316],[34.60777715678327,156.94953408660206],[34.515106520995545,156.9055435261499],[34.418122659066256,156.9965795755199],[34.4061749286014,156.87560604165196],[34.283110657690266,156.925275534817],[34.30162023018755,156.85002547150103],[34.26525131381206,156.84899195146048],[34.20658260719759,156.8962999583652],[34.2484719438763,156.7707279811665],[34.249541953310604,156.70323051081215],[34.21782061449839,156.69610496244462],[34.239166204226706,156.57556972427398],[34.2765062742554,156.5030841900747],[34.22947349777708,156.527242146509],[34.24272881388377,156.49193576398426],[34.191048565460996,156.5445258949493],[34.200995942721086,156.47548675339846],[34.16945256042874,156.49636711871955],[34.150833692656605,156.43452217475237],[34.03512918193447,156.51548527733914],[33.87241041771616,156.71606354644652],[33.879930339494265,156.6611617394883],[33.84201071118973,156.65324195512295],[33.79629494170566,156.7287944175002],[33.666632305096634,156.83505364036128],[33.37461310529406,156.9833205542523],[33.307541460652175,156.97343659629428],[33.29297692059631,157.00737886691792],[33.15068992372082,157.08914430450704],[32.98190474751938,157.23275056230278]]]]}},{"type":"Feature","properties":{"Level":"ADM1","shapeGroup":"TUN","shapeID":"TUN-ADM1-13205935B98292507","shapeISO":"TN-51","shapeName":"Sousse","shapeType":"ADM1"},"geometry":{"type":"MultiPolygon","coordinates":[[[[56.00708287890461,150.94396668525997],[56.19154142698077,151.20501489783572],[56.374452067258886,151.4379610839698],[56.34694528726485,151.386450323276],[56.345620599173955,151.33011826140148],[56.398463190137925,151.31359691334865],[56.46463849703173,151.15156289634848],[56.51939949483251,151.15593438253026],[56.53161968404072,151.07953379021995],[56.62957203299976,151.10006769694144],[56.745854731630686,151.2052847729787],[56.80572122616244,151.23025633177105],[56.78664727427261,151.08183643542282],[56.964922538990315,151.23253572838692],[57.13235664588987,151.3318675783766],[57.0157244441992,151.10824295467896],[57.06318040181075,150.94121940704747],[57.176078577110694,151.00083874298355],[57.01650472359739,150.85113416948207],[57.117539534210835,150.75851938472368],[57.73155139334785,151.24168253124893],[58.10812826000889,151.46678874889946],[58.80357566101747,151.8246842002489],[59.14266892964485,152.03922846175186],[60.05317780741225,151.69360108893636],[60.14061941503438,151.41686980362493],[60.079439224022515,151.37260798455796],[59.863986678064265,150.49628178357847],[59.74719705426805,149.83949675565802],[59.49582615142977,149.7335074511932],[59.41838915361072,149.59815942425908],[59.42386017828664,149.40937287413783],[59.31809622195213,149.02488378306117],[58.927441837734236,148.60636969386624],[58.75907267649609,147.9107785872277],[58.4865515144609,147.53993501740703],[58.320305690572575,147.08509113634136],[58.259881172838575,146.46947356629408],[58.52316557016066,145.9959381878139],[58.41987954216127,145.5494422853693],[58.34778802730027,145.4175526362644],[58.371060381194724,145.29054570492346],[58.440939897026524,145.26270425931688],[58.26278865802806,144.86805624825394],[58.3622170044314,144.33570620725283],[58.456961138962846,144.340239866663],[58.51076117077304,144.41772735225436],[58.532416750293805,144.37538459775467],[58.5226118819834,144.2568972628725],[58.44263883439237,144.13773850081046],[58.47566672469711,143.8438781834349],[58.62260860241678,143.7828778569559],[58.72219494192042,143.6039663902711],[58.81951737781284,143.5909577159607],[58.84100007003224,143.6453851972383],[58.888972330579705,143.5632099135959],[58.959628162999785,143.5999347893708],[58.98880984264913,143.42042846817492],[59.23937278661575,143.47530816030667],[59.426979385670805,143.248003817909],[59.77311438017037,143.21073010005276],[59.810910270777114,143.11767028870165],[60.10548561351975,142.97623881475593],[60.41363976595332,142.3708119143544],[60.509166316152246,142.29809273913702],[60.69568139398674,142.28455393349861],[60.99144945112711,141.29086049978915],[61.55743551637244,141.36564883469893],[62.388433760216536,140.99621066490283],[62.617206495099175,140.5114197035234],[62.784453033380366,140.482934224696],[62.92486389809869,140.35826215160037],[63.05529954652389,140.10329491142812],[63.055837490835415,139.96918552589855],[63.23916874614679,139.73937583697722],[63.51756272848632,139.52053925923337],[63.669839756485466,139.25172259486976],[64.59170413521706,138.56579630861398],[64.67977748230054,138.42739631618213],[64.76913988707003,138.46037414710852],[64.8235150147593,138.56717699113014],[64.87767887930279,138.56482692803735],[64.93375178818854,138.84574446356396],[64.90842528493616,138.9596555996255],[65.12531817457776,139.15139709153726],[65.1538613864042,139.02257001646382],[65.01783149081146,138.91263809992682],[65.0594011481599,138.63943332712944],[65.10273432605817,138.6504851999582],[65.13094681774174,138.54001447088783],[65.18311448307044,138.55538720501755],[65.19275254367007,138.35477845566163],[65.26497089653145,138.32450661158498],[65.21679060253972,138.2573227685255],[65.00916573537924,138.39124291364564],[64.90887111685059,138.37602114653123],[64.93559409761684,138.2889128346973],[65.199704876059,138.1287770464014],[65.08965374777455,138.09145240922362],[64.97475619794383,138.15549585614582],[64.85838638035423,137.99165000065835],[64.93726321779451,137.8712021162491],[64.91780293680353,137.7275056665176],[64.80408886387505,137.5646762805929],[64.88276225494107,137.24787575482316],[64.70671660188611,137.09022880177307],[64.85208075463974,136.7701653346602],[65.09347552635782,136.79689981563956],[65.22604330893182,136.7640805518801],[65.26207216754268,136.70917368070621],[65.14131836557765,136.4683741962465],[65.27021436288871,136.5144045094687],[65.29347466865595,136.644590042248],[65.34073377101582,136.6669587718512],[65.53466876661643,136.37857237414104],[65.6364247868031,136.55067241741537],[66.21059969872258,136.187856068266],[66.40542015395174,136.28118142413308],[66.57844232437465,136.30960576947524],[66.62559429024569,136.26684677682624],[66.59426596449495,136.2038414504506],[66.61852500708738,136.14504304579117],[66.765800289663,136.12105774900047],[66.90592321305854,136.24528307529005],[67.05320708340241,136.11548285156732],[67.1204458138663,135.91966432366928],[67.29125089030777,135.78597839211642],[67.38575396424082,135.86498632294112],[67.38315933304872,136.0114061092983],[67.53362483643158,136.09016525932776],[67.54981882210096,136.26683543253634],[67.36107775549358,136.22024517273366],[67.42173592135887,136.47712321551109],[67.50270441894128,136.5401767880896],[67.54202956014805,136.51652129930886],[67.55969901554244,136.59645323249828],[67.44513649763533,136.54867852887406],[67.31324791712572,136.37636251905292],[67.2599710059563,136.39865929038177],[67.44962265697781,136.65419292609454],[67.54270979527375,136.67728019486154],[67.56768287441338,136.7649058046707],[67.61597554786596,136.74309817528467],[67.59602978396339,136.627294447056],[67.71968741824166,136.74965804813087],[67.81641999871302,136.6752684154104],[67.92676852221602,136.69010593074887],[68.0798938129903,136.81822960653022],[68.46491945850053,137.31827094915334],[68.68776077488127,137.0564564153575],[68.99165672048443,136.9964644644724],[69.35135202815019,136.9470394431449],[69.4880815690316,136.98131733896733],[69.60110034919498,137.0961882381144],[69.79701499983413,137.0898943148076],[69.93727054738613,136.95655986232836],[70.18716986036131,136.91073984265745],[70.18635769796606,136.86639186010623],[70.05307098435229,136.85058395754342],[69.97055350947063,136.63064140099152],[70.10768916908222,136.62202196487198],[70.57731810981642,136.28460761402056],[70.40160333507843,136.19900128124314],[70.79453731799744,135.93661885548497],[70.80056658458935,135.82851126302208],[70.63808129502077,135.79044003188253],[70.66671446369084,135.75805069401542],[70.74888294781307,135.74132564335628],[71.15212212503707,135.822873240447],[71.28132564431013,135.79383684589874],[71.22644932055006,135.89374663533616],[71.34421488714628,135.94568215230933],[71.77738025731124,135.8678093008704],[71.62240879689759,135.8105719682671],[71.62732353158678,135.7676130686254],[71.39649646321483,135.74234686086498],[71.50751922034834,135.66628472109184],[71.46891974692801,135.59768382556143],[71.59036912116024,135.5644761609224],[71.58581529245467,135.51278790527346],[72.33940952208575,135.35811072879085],[72.44639905334915,135.41519661389574],[72.90046696923262,135.368326058855],[73.25961120395297,135.47243032164857],[73.5543308014039,135.36251544223862],[73.74023428152378,135.3411444753895],[73.88251942335064,135.17890781857943],[74.03949173648321,135.14376727069828],[73.95560941348796,135.32705857998204],[74.16527953055488,135.38083949513324],[74.300488608245,135.3331582457556],[74.47316255690104,135.35998193663278],[75.01841397527684,135.0423474948789],[75.10758378397817,134.94164706180578],[75.37465304318653,134.95382853796386],[75.34661138731414,135.2103752113259],[75.41533698341038,135.5550356620462],[75.52015562080906,135.62477009436014],[75.46956082999463,135.646533118487],[75.50317183756832,135.74009266086188],[75.62599474489895,135.84846987312463],[75.60026787743422,135.96737179841992],[75.72601797099631,136.1990752326583],[75.58211283226308,136.47282644553695],[75.62848735784516,136.72610705529416],[76.17795000059422,136.8413371243842],[76.1478768954463,136.96304455222733],[76.2486163672732,137.1019198702579],[76.37363561263743,136.91603043265542],[76.41184204903662,136.99430381718156],[76.5436008177765,136.90224769979213],[76.76176680561164,137.03512002761772],[76.88452577965754,137.24022459707294],[77.17261075653641,137.25430938386265],[77.12475228730281,137.46668332321397],[77.21186409646984,137.6774192409261],[77.12212143743477,138.12770945658409],[77.14853771194578,138.5866516673155],[77.1202620278817,138.71353864366512],[77.0434430308247,138.7382140812452],[77.03942381929616,138.86391175173287],[76.97429557957336,138.94207491490852],[76.54517161524035,138.98767254188317],[76.46807939461931,139.12801756140914],[76.0628233873795,139.41986349729973],[75.78633989325752,139.403403422386],[75.42908105825788,139.21626259497043],[75.02841473277869,139.14942691817365],[74.9371298242391,138.94212157818572],[74.79539206881645,138.88117994546795],[74.6152557382774,138.5979199359337],[74.79933664966606,138.38621128765763],[75.14544706781712,138.22966921251057],[75.0819784067019,138.11940722898254],[74.78571916443009,138.27250242125348],[74.41372555721989,138.25520923121377],[74.46946752519085,138.13955615233945],[74.60566170083341,138.14415212123862],[74.77294183187945,138.04695074465775],[74.27938924387932,138.13333598267212],[74.5341889817634,137.95945497570744],[74.15513726284067,137.89643749471526],[74.20859970986271,137.8134776558628],[74.0839300738966,137.79387753839507],[73.89879296077619,137.88923839576515],[73.73345626407885,138.16243821497892],[73.41349703103117,138.22530368583426],[73.50901681207907,138.16256747060402],[72.76672873271312,137.91395492542082],[72.64564575536146,137.97290774078834],[72.69371065505356,137.87966761626842],[72.45245929368224,137.72604080483183],[72.16682438202031,137.83778151539116],[72.02758630541172,137.73823066599692],[71.91241784788568,137.9174402058548],[72.02998494681688,138.02779808132487],[71.74012997239541,138.23397048064524],[71.65451627398639,138.3923580945674],[71.67440861390139,138.60797628879612],[71.35223384236131,139.05006770251978],[71.21674638241576,139.6828763156531],[71.29138784137945,140.7798618665874],[71.69704916049238,140.92709725500885],[73.16649356503686,142.0188640666371],[72.59856612951063,142.48432240046327],[72.1469719206228,142.592150263988],[72.49314554905459,143.51632739236663],[72.76372728702029,143.69627796140935],[73.60498396901465,144.47973612535313],[73.90230684827664,144.8474636266641],[74.32883540828409,146.03519996279897],[74.80369958292536,145.76722713611827],[75.50264990994658,146.72854567968886],[75.75097019351094,146.88447485375968],[77.31476593700145,147.01874132486492],[77.41849588590533,147.33059027008406],[79.12500383984028,149.33590727738178],[79.22799690653328,149.57050543645045],[79.14380227540438,149.90407703933246],[78.23614103881751,150.3474095814721],[77.87935283522944,150.44538859953155],[78.24819786108709,150.86161102569244],[78.20706543881991,150.98262104576312],[78.6195112091027,151.15057031921776],[78.69568930613308,151.26010601090576],[78.46301502315907,151.50896484428188],[78.45513920369444,151.6647014488372],[78.55354528342076,151.99236526692846],[78.85588161329466,152.17100734086148],[78.72606901087956,152.35584512874075],[79.01610400252474,152.62451669690873],[78.8172953479361,152.8149247635434],[78.56530862109528,152.82358161220623],[78.35854520464028,152.9050634518207],[77.94556600581569,153.33915133934443],[78.32458455245981,153.61464595981533],[78.6805941722825,153.75133319405674],[78.734864927444,153.92966128274085],[79.03160098037331,154.05621068563062],[79.32116897270507,154.3497063688278],[80.13564745251341,154.44144345623135],[80.82090893929326,154.35148994634437],[80.90915237903673,154.76424362677514],[81.63869451065287,155.26519953188637],[81.68443676335163,155.53738980640463],[81.46990420087272,155.97824288812052],[81.98195896795386,156.12214728425943],[82.39563929787087,156.31426504984864],[82.75528641032972,156.50022658619292],[82.99022221457913,156.5438394373264],[82.73650521105104,156.5284230875304],[82.72309300981043,156.6167615136371],[82.61795431888807,156.6026978411984],[82.7135742994804,156.56420216586616],[82.62544511196248,156.5430379190492],[82.47983385676933,156.62250765969395],[82.81581283407809,156.6490311550656],[82.39486561813797,156.67626081864947],[81.86401940400272,156.9105250427646],[80.93045579608948,157.13424059706324],[80.69326875047176,157.2724477582625],[80.78227843995616,157.51493009723532],[80.93426157306192,157.60998990611648],[80.55062658168197,157.49409838887732],[80.45452841856304,157.55264072612795],[80.49292962337746,157.60204282304937],[80.59825094439954,157.55995101205042],[80.55895616180715,157.6832283035078],[80.5883584057767,157.6468851614086],[80.62524257056509,157.68276771206948],[80.86435337901116,157.68243987053833],[80.94025505760288,157.63107400681275],[80.9591717363722,157.67636582487975],[81.27985593635013,157.6714064828582],[80.79773875389985,157.74404986841614],[80.64654454143658,157.8350832021834],[80.70814535603934,157.87506960116372],[80.07823289808852,158.01849520445822],[79.56932841762577,158.07304319806866],[79.37649003205797,158.18164372337617],[79.4119766911986,158.30722192065014],[78.8951055899908,158.31740239465802],[78.51108640637858,158.4214891170068],[78.48018697751854,158.66786548647062],[78.65995121603495,158.83569470871703],[78.37488334004783,158.74819228304295],[78.36885804472695,158.78864706730207],[78.72079721865168,158.86568566872853],[77.83579150420658,158.89283022235162],[77.23573331064088,159.1502213256427],[76.79089146402683,159.13131605793876],[75.7603394816583,159.1727517041199],[74.65782382666703,159.18177279169143],[74.51132024736808,159.06544668259113],[74.61792168722462,159.11243247446276],[74.3293112481293,158.96056510967765],[74.27021733054934,158.95781140213896],[74.26864812306806,158.92560590340176],[73.95707585491058,158.76773125807895],[73.95037523558122,158.8168427034193],[73.87751646164996,158.71827723003503],[73.06558886534708,158.27064009005994],[71.7344798479354,157.66161669863038],[72.24038447137573,157.91025528372884],[72.08952040261659,157.8547209040471],[72.20938715439199,157.9216466024785],[72.12327368106516,157.90704859359317],[72.3281876569441,158.01666423896484],[72.23966862785704,157.9983418365754],[72.09364485188438,157.9104540630579],[72.00613836948612,157.9038307235768],[72.18593379558382,158.00421048353962],[71.97996144524569,157.9226932122477],[71.99096880775593,157.96949219002764],[72.19831390073371,158.082867338619],[71.95167327905568,157.99779002926562],[72.34917603982392,158.13839873573417],[72.32090754582102,158.21348970703946],[71.78887905437627,157.98366840486298],[71.82772850046968,158.0272664780514],[71.21950139240593,157.73886730947095],[70.91873414739356,157.66812823442814],[70.43661939842121,157.53778863698275],[70.0463618638074,157.3991361332164],[70.37855607598584,157.54051250574048],[71.26574552142367,157.7803639254708],[71.63906269230924,157.99986772461432],[71.5936540056764,157.94910190939663],[72.0122661724599,158.15117984211886],[72.05909976238502,158.19406599050137],[72.32983139701577,158.3165250150331],[72.29158227593481,158.31668274673214],[72.19688317416067,158.25903828483678],[72.17551275625979,158.285368847173],[71.94887230011055,158.14210962581404],[71.99227061883373,158.20936956203548],[71.22599094184366,157.88547589441794],[70.66325663892404,157.83786921261773],[70.18745895677442,157.67200334383858],[70.12744093228541,157.6222174830183],[70.2574011117076,157.56348741227617],[70.1435491878467,157.57696698744942],[69.34902100050297,157.46428199731162],[69.26778156806189,157.48512679249313],[69.0623809791219,157.43445757024207],[69.11453014608188,157.47338001058418],[68.99333598607637,157.47699778543176],[69.20883682653488,157.5059033638577],[69.31928881008524,157.5804416584584],[69.2689936604111,157.63107728226646],[69.39650281367136,157.66679188703824],[69.50747338193094,157.6653328719607],[69.91074118223928,157.81895797679022],[70.04054791306856,157.81803027415282],[70.36680554305384,157.88229403411123],[70.69554762366894,157.86861418816704],[71.05868004635502,157.9238368191232],[71.44010982982105,158.09795990912548],[71.93223503999111,158.38395108034533],[72.46995357806887,158.5932371476964],[72.79210292176086,158.76802049989624],[73.08210733940953,158.9677848687565],[73.09921790670757,159.03903899032204],[73.59124814506362,159.26959813699233],[73.85088272918468,159.19770636973308],[74.22744820898332,159.29311836900712],[74.2345843891089,159.06609501032523],[73.97248643426602,158.8393601133218],[74.17740624242882,158.990270774537],[74.53897403656558,159.16806041039052],[74.46693934809988,159.08562004493578],[74.65027531191592,159.18245427647747],[74.2974704084028,159.52126645942894],[74.37858850423103,159.60291805079342],[74.16358904764903,159.56569880812282],[74.22631064384011,160.04356546177252],[73.91647518161862,159.9094233794983],[73.78190236616884,159.87633646023056],[73.93127272170442,159.98482472384904],[73.63779084637596,159.8700642230093],[72.6138885663499,159.40014255694513],[71.7345916827714,159.34166716377035],[71.43029797862883,160.1043052341955],[71.8501353620883,161.20309320111858],[72.94066903201654,162.61976585467764],[73.8165777742992,163.37539591483016],[75.911484674219,163.9889676603926],[79.66732402986736,164.83869357906542],[81.57669619695024,165.33462043809675],[83.62912325517244,165.76169697507402],[83.0656213642433,165.8777869268634],[84.29761890070498,166.11315101124882],[82.41266298650919,166.69299027179207],[80.94901485386565,166.4304317883744],[78.39461514538647,165.94080882030084],[76.95213325488004,166.17336919111153],[74.35168785563573,165.8778318810197],[72.4107654099292,164.97200740210255],[70.4521067136101,164.02790060449772],[69.32903277784968,163.46232540493222],[68.33223509429571,162.9849215779227],[64.64150649598315,161.30494844373092],[64.3857377253043,160.91450674734372],[64.58766384637083,160.99298768701607],[65.3370770371748,161.37891979389596],[65.07321126723926,161.16680750441918],[64.27169705350842,160.60504776783276],[64.20707677621537,160.53345517329413],[64.64676213567712,160.73944988561257],[64.30125181902434,160.44137354152645],[65.02008429857023,160.77513104735542],[65.67715624416937,160.75264320226796],[66.67713834033347,161.30750580188294],[66.73534470649403,161.3029420725762],[65.09070140449384,160.05348173049168],[65.11967796484183,160.02841073660912],[64.79220056134682,159.8310272385682],[64.57762924211839,159.73831018556393],[64.08007690130859,159.5438972088333],[63.747025420494566,159.29416044156764],[63.945805541439945,159.3811229768325],[63.963990323784245,159.32673249247335],[65.54619013978896,160.00711536418223],[66.04769041354749,160.2837257766575],[65.22474937211803,159.69606758966887],[65.15739195173444,159.4886957952099],[64.8621719979304,159.28376282259214],[64.17115985669446,158.98716037320557],[64.04755390308222,158.84927709203865],[63.83946416265364,158.69585778769735],[63.72201365824939,158.62035814182818],[63.46115927704793,158.50226582627806],[63.111460377563105,158.24834854068763],[62.976678371299315,158.126463310767],[62.62497905114778,157.69773840998866],[62.03766150069307,157.18008896125508],[61.6944328514564,156.95213670471117],[61.460855631299324,156.72560092660137],[61.09084810619005,156.43611234271043],[61.00365313424214,156.41635556501868],[59.93884369576476,155.53559280075825],[59.667647549688624,155.36741412799574],[59.546780921824364,155.3550761861807],[58.278211071716555,154.52392074068135],[58.2433209026987,154.5813404984139],[58.509161802646474,154.88603312253457],[56.853254774947736,153.48235914330843],[56.65559540439188,153.25319628576872],[57.34419924350747,153.71313472753872],[56.95843922422776,153.13546842132075],[56.98859909594545,153.12248399901387],[57.16920370831227,153.23462814272594],[57.566256215216306,153.32111448680774],[57.640214860040516,153.19060737542932],[57.4421466923517,152.89649290837164],[57.34237601117589,152.7976490737791],[57.20261970768894,152.7026907969298],[57.113605115946086,152.58825306101457],[56.95989907113555,152.46510426026575],[56.66208268971231,152.3676151290751],[56.55273695510631,152.22570673314408],[56.360446574889934,152.0133595486801],[56.335879104225846,151.90075818733095],[56.264234424108786,151.79096574063115],[56.25215242565367,151.7320277260609],[56.13399199423617,151.46567408979678],[55.99127580206884,151.30402111516418],[55.89612458907669,151.15854111767254],[55.87996907139383,151.11002588541896],[55.91644897451832,151.1066791716284],[55.90901731617898,151.04153541468486],[56.00708287890461,150.94396668525997]]]]}},{"type":"Feature","properties":{"Level":"ADM1","shapeGroup":"TUN","shapeID":"TUN-ADM1-13205935B68541965","shapeISO":"TN-61","shapeName":"Sfax","shapeType":"ADM1"},"geometry":{"type":"MultiPolygon","coordinates":[[[[68.15120154520113,102.65941151301678],[68.2172025992145,102.46007050152338],[68.41885749923593,102.49067677777367],[68.42050064623987,102.4438230278003],[68.54062769789911,102.44709317103036],[68.57500436933205,102.48276518140331],[68.59055002110058,102.70274562183704],[68.54373268110038,102.81918541408868],[68.44504434903416,102.83478636806763],[68.46532152874951,102.9276472957925],[68.42184246487406,102.9976761042193],[68.35740902883919,102.9679258662199],[68.34895508346267,102.87804204761028],[68.15120154520113,102.65941151301678]]],[[[54.77770273343818,95.44713946006596],[55.660802362267496,94.6691869549151],[56.96029900236425,95.18883591845875],[56.8304414756396,95.38648059499118],[56.94285616791991,95.67438092885095],[57.575939504384664,95.62388297751123],[57.729380519649474,95.34932674647378],[57.93290399837184,95.22709017924444],[58.025684203294546,95.21091847825545],[58.06652255554496,95.10844021910532],[58.029596614662836,95.03264616438673],[58.058049167293476,94.99236902955974],[58.221983385071916,94.93890011356301],[58.32427036232843,94.84938047011224],[58.77145706178067,94.70109726565522],[58.890545672048546,94.49394125217081],[58.95399281058191,94.45752830924152],[59.13884723566437,94.73001416731199],[59.311055356818784,94.80884823072581],[59.41281394831736,94.92902133452506],[59.42576896121914,95.024133629008],[59.342361862282985,94.99307113148504],[59.2679921032856,95.08836123355934],[59.333820966552196,95.22325554611407],[59.27044598202548,95.39455748201777],[59.30429045147529,95.5183955394734],[59.44671818989815,95.67142024249667],[59.43699261087428,95.72664532380924],[59.56298166962026,95.79918761475882],[59.744803436014735,95.82364261150502],[59.84430787629201,95.9631111088527],[60.04280803718801,96.08665688496444],[60.49625895027729,95.87102624438631],[60.78176730382945,95.87078637057402],[60.93252896570444,95.76638376405437],[61.07546747745093,95.93952113890475],[61.10481000086199,95.90107224226435],[61.19446554523908,95.90508719395073],[61.25635872240923,95.82012671511609],[61.281652273708175,95.84164085958399],[61.34239362796832,95.81164786479346],[61.37685432947852,95.71308270492666],[61.45551940136272,95.75285125824851],[61.48234313736938,95.69515425697637],[61.415238867588286,95.67942262136702],[61.412744136785705,95.64329316718324],[61.36317715309643,95.67433067425321],[61.38826256336348,95.62333507284423],[61.49140872344051,95.68305975663212],[61.44244058735542,95.6431452046613],[61.45112981411446,95.60963365947305],[61.52208488703066,95.63337544456489],[61.51188048952268,95.58121903226774],[61.588097805383036,95.74481740094059],[61.60656206732067,95.58208662453657],[61.52925681907075,95.51419537703354],[61.624206835422804,95.582654547474],[61.65416872220226,95.6501209008133],[61.63202416065624,95.55251003411465],[61.55857307283358,95.49263355960888],[61.62219742376119,95.52176447404409],[61.67403928308571,95.61922832361121],[61.68506856998306,95.50806584754216],[61.6374595702015,95.44003125299857],[61.669006730841076,95.38698599266309],[61.71144355260631,95.63510663546249],[61.674483953565556,95.91759984690461],[61.7029454204432,95.93131203589965],[61.7134952027386,95.8559808796356],[61.72491197387847,95.9718115446105],[61.73926033632348,96.45629456779459],[61.6882909410206,96.35224954487097],[61.385185316264355,96.35999384675438],[61.38658181479545,96.3881564298433],[61.53785817709122,96.45721175222164],[61.579611350937135,96.43636301738792],[61.636427391493584,96.56179889886772],[61.68440137506712,96.58768404640162],[61.675710994233256,96.64809399491406],[61.74723978087726,96.75634662653313],[61.6383212825323,96.75695745985051],[61.62279908079658,96.83652412899497],[61.77718642678943,96.96597613488242],[61.768034315546686,97.01880750454632],[61.85927054626879,96.97552302104447],[61.97674868681748,97.01499686821802],[61.831117839750924,96.72166962032242],[61.83210175520234,96.50636728668744],[61.75481685106982,96.43839521092146],[61.793342446188554,96.43062318602962],[61.8933019784598,96.56336885506998],[62.00795469998782,96.8353593672796],[62.31967993531952,97.28024741389703],[62.68466703349238,98.35143490503394],[62.976839382677184,98.95363930154352],[63.05705381993562,98.9600735096273],[63.027768168115074,98.97358363497808],[63.05307176085603,99.01908695400496],[63.08780184091355,99.00373113245216],[63.04644063889589,99.0285431641515],[63.13907869807518,99.21451900085893],[63.375586930271155,99.5688979047532],[63.5202662589558,99.71346749554368],[63.65226767481822,99.98407499342187],[63.912139630693375,100.1091267959006],[64.07456282587327,100.25089227800999],[64.20622562634232,100.1370682494132],[64.07011827443262,100.31466541425883],[64.12014621792014,100.3164706079555],[64.3473769810653,100.51337995652878],[64.46816418190534,100.54478096960598],[64.47828782779393,100.3773935624053],[64.47301739241959,100.56118329327936],[64.66694817867788,100.62613536454947],[64.76458811854972,100.55916367507218],[64.7541876338319,100.74529783711782],[64.8523903494717,100.92421545021676],[64.99512107344336,100.9460574034373],[64.96844500277169,100.8639836711598],[65.006533732451,100.87409498524255],[65.10974046630324,101.0583006187789],[65.14201249813104,101.40093439421653],[65.22859417584033,101.47846640160805],[65.31280041584189,101.73261902898162],[65.36852770315221,101.64515142386495],[65.41497464961189,101.7233147935305],[65.40314264993039,101.5861692998191],[65.48937492339613,101.65678710141833],[65.59703869872209,101.55583957115701],[65.68671700905487,101.54556124922574],[65.76286748793672,101.41579753862932],[65.8984299141966,101.55384166769991],[66.20302061564965,101.7241143472346],[66.32064146109668,101.85961599403169],[66.36802001721748,101.9803346723514],[66.4585488996096,102.06135394100086],[66.48063317951542,102.15182141683363],[66.56204225473232,102.21354436065297],[66.77120209243358,102.25447671776611],[66.96605416428415,102.41722663679138],[67.12824158209182,102.43171504136001],[67.26499519313218,102.49321203031069],[67.28444450463029,102.4542573274835],[67.23319464256167,102.40082663728703],[67.2739524845617,102.42461191430078],[67.32812911884082,102.50913947363712],[67.39456798795749,102.80602673632903],[67.43402273371912,102.81598057898901],[67.57458922560373,102.99993723966979],[67.49493461904835,103.05408943051188],[67.53829867177186,103.10552785500566],[67.47711580030486,103.11034438010999],[67.60003702593438,103.18859957650143],[67.56448057124084,103.22012718625173],[67.64005714451157,103.28644516041254],[67.63272695487773,103.37233898956318],[67.67454699866471,103.32550582059525],[67.72222257873999,103.34092132763375],[67.73067436098154,103.43079872785901],[67.79250420982578,103.43289575791175],[67.82008106247437,103.4803517962718],[67.81674274265254,103.52675615227523],[67.7031867563007,103.55319201877455],[67.69052033606324,103.65016305339071],[67.78797549677776,103.66954063284135],[67.81219288340726,103.85987802814634],[67.81445168649446,103.71979092199898],[67.8722714293192,103.77858570532126],[67.82222587087028,103.66452570075197],[67.85378329606557,103.61931378725646],[68.02227961702813,103.72260625705738],[68.02838156214075,103.69917227653652],[67.90837885553944,103.63061494558372],[67.90491148935811,103.579458689743],[67.95727796980984,103.5578609397872],[68.0669688368111,103.5877482751839],[68.24500426050318,103.49304439363658],[68.4802112390275,103.45449588914585],[68.6578126003713,103.4587966283955],[68.78635092785377,103.5362657654894],[68.94180923083535,103.56069790629596],[68.7292461467973,103.39921005942986],[69.41135100462625,103.88627500000408],[69.478526046621,104.01332101786087],[69.49816495401663,104.34088360255103],[69.4319914073591,104.17399400683541],[69.30523601199052,104.13415277744546],[69.18279482153112,103.93860595670748],[69.02801828891597,103.92489447382613],[68.92443164499602,103.8715756611521],[68.84112982994885,103.77715108273739],[68.71627020644439,103.75030608720061],[68.72469366769495,103.87454199352041],[68.75702075590758,103.89769582932757],[68.7510773419269,103.80999603057944],[68.85881855303828,103.86804945697092],[68.78201509865465,103.92602215496025],[68.86770199268551,103.94219580228787],[68.91291401115684,104.15536023777491],[69.04001461918105,104.21511452593776],[69.04802811175558,104.16347752673255],[69.13684023601132,104.16155989751118],[69.06404682935867,104.22633184509445],[69.47168847925978,104.5114987838737],[69.4942354637549,104.60990632642367],[69.62382018616333,104.58123537031528],[69.74954901436362,104.66094479157854],[69.74077715110604,104.59244672698613],[69.68425121459109,104.5600712158082],[69.70736349026902,104.45046730889524],[69.84096996326903,104.47785835821219],[69.93266844285898,104.56875152762453],[69.9630187868739,104.56005006554994],[69.93550008235457,104.50026477087758],[69.87897181794588,104.46789021203097],[69.95845981046007,104.49651251963331],[70.07916620962457,104.61472299934826],[70.15912598707669,104.76446291556768],[70.28035304416872,104.90185078314505],[70.43679798900965,105.23508342256198],[70.57091893581102,105.42649856686981],[70.68900867753064,105.53462806490558],[70.96320308837872,106.03899808652614],[71.38091701220276,106.61736925046733],[71.46727742778923,106.83633525394214],[71.52434060270798,106.90454816481889],[71.54136546202024,106.88567288183077],[71.47680420022601,106.98113983788096],[71.56373213356957,106.94054908635532],[71.56961255256856,107.02168396637737],[71.5928453559919,107.00388779538977],[71.64260923482675,107.05626103140222],[71.80349993983735,107.28822828075889],[71.93976718928707,107.39210705185624],[71.94971689944302,107.44481300481526],[72.10782086026252,107.59619028760187],[72.45150869088519,107.8418502887362],[72.84918187605206,107.90934826109313],[72.93937747845534,107.95353495149509],[72.94449878988989,107.9992861147677],[73.0014819547784,107.99945703684841],[73.00821399320625,107.93455018305124],[72.96350872996096,107.91401384561533],[72.94652691246858,107.79454306345416],[72.9647636847645,107.91258281692974],[73.01155081534297,107.91977495165389],[72.96789228100535,107.7958621031608],[73.02499935624178,107.8574912605582],[73.01201491693564,108.00795088523493],[73.2106643640839,108.0998973692341],[73.31164709607617,108.06234117949066],[73.46331037750507,108.07572275248809],[73.62941006209289,108.19700731720863],[73.86807231786452,108.11028867039377],[74.47961309196131,108.30432009002548],[74.63920321050736,108.26959898223308],[74.61422932440755,108.22169124298583],[74.35602628798004,108.15191020591575],[74.50152523798843,108.17052209526145],[74.28969421136523,108.10145387174417],[74.4030882217426,108.12599687416528],[74.37400338693666,108.10540053391023],[74.23320449809881,108.08551461981308],[73.99572220909029,107.99127515086269],[73.90626525987943,108.00723070000979],[74.03662227925847,107.98308426756935],[74.88840046887131,108.27899748516455],[75.42896215386386,108.5362396112233],[75.7193790655288,108.7792648834441],[75.85177314509511,108.95267736007264],[75.62212223265455,108.7017514191984],[75.5955874100408,108.71122080214343],[75.85757283646392,109.48677960682573],[76.04793750205017,109.86884222792057],[76.08551455628185,109.86924530193453],[76.18979220809447,110.01606959970366],[76.5033397888954,110.17368524591755],[76.73835961724879,110.46043757114387],[76.78979421825211,110.64798910282573],[76.88940903849978,110.80659768611841],[77.18009763977784,110.93394999174247],[77.19839546975022,110.99219988147763],[77.15571267131877,111.0542010028441],[77.25236101087111,111.21628549070289],[77.52493292529047,111.4433630670137],[77.66416963143384,111.52136820232256],[77.7271046302587,111.48692011241954],[77.77545771110223,111.42874834232627],[77.77006633941726,111.18775524583273],[78.73221673643198,111.46782676619758],[78.9418778560543,111.62962436587195],[79.14554729697687,111.6764424130148],[79.65272071499668,112.12870107552217],[79.7965250296386,112.30388425743406],[79.6819086809333,112.42538603342098],[80.01781867799346,112.82648489948272],[80.31021680969894,113.26645640717645],[80.28373678178643,113.34107361380956],[80.314535183815,113.52293526730833],[80.40936311262054,113.6036040568085],[80.43389300318938,113.79260327037258],[80.5137258874852,113.77658604668224],[80.61028593792062,114.12485500131451],[80.51974219365572,114.17408556695946],[80.59061027119476,114.30184409674662],[80.66012021886385,114.6360833157361],[80.72862934888506,114.3871614327816],[80.78844991074627,114.49632561601982],[80.72293805072508,114.20104799458267],[80.84061735611174,114.20920345480417],[80.90327232110323,114.27761249289742],[80.83722348384754,114.21123626228362],[80.74118518373962,114.20613594969228],[80.75398454704437,114.26680923262202],[80.78938892095456,114.22844874171943],[80.79691976744759,114.26939894269732],[80.8046383780842,114.22991487408302],[80.85051030036354,114.2719585464981],[80.85122770792876,114.39834196658936],[80.7790593436352,114.3630751160077],[80.79284998358554,114.43774709093353],[80.873507786405,114.4428289254836],[80.88430783563568,114.50157206440872],[80.80020995300515,114.49878604379911],[80.81206448929443,114.563258304084],[80.91360713483479,114.56852713006946],[80.94472485487105,114.51798407737448],[80.93547652569369,114.4167283301093],[80.97951215064728,114.41589232838524],[80.92427105470688,114.37381805270148],[80.93016389934472,114.30531514076296],[80.97204897927844,114.34933960785077],[81.01309282742447,114.52179703299717],[81.15095082970188,114.57127334474507],[81.01767833351468,114.79265638676053],[80.93419859933093,114.69316451307957],[80.90189958214881,114.748429688289],[80.93360287911975,114.8025057123697],[81.07178571121199,114.91380129965862],[81.19369171084924,114.76313529839824],[81.25456563825398,114.88657449512385],[81.28084921865852,114.83998399906108],[81.22658002575747,114.65116542992195],[81.26920745228578,114.60767598782243],[81.33792865347468,114.80852335953915],[81.45304286573254,114.93649903703415],[81.42664141002408,114.92077400208211],[81.40423473423175,115.0183550609976],[81.47170382198942,115.19936603050655],[81.46381718644184,115.49743242617734],[82.08944126515587,115.9966285189473],[82.09752575954941,116.19172219923928],[82.16098235107661,116.21550206341364],[82.17897267615665,116.29086554180113],[82.31444509343595,116.28298637736413],[82.62060814303051,116.76457214713051],[83.21665733406911,117.1787183426083],[83.53318977425056,117.19925435091605],[83.82858199512543,117.29628706901086],[83.88182693823978,117.43410910963648],[83.80783819865783,117.81101429738148],[83.92010642748008,118.19725742795099],[84.03841961366233,118.16513383702922],[84.09007664244913,118.27913953577593],[84.17433471295061,118.29188947117983],[84.21997915320759,118.35464307117095],[84.38033487843938,118.42805625798674],[84.58231931667393,118.88845003111251],[84.85076551204028,119.13043463447644],[85.03483383695632,119.24288270009362],[85.21587879080579,119.46269171662371],[85.4389502405848,119.2944537480202],[85.24419574373631,119.47311963147706],[85.59351672622536,119.84749248114855],[85.72893163023042,120.27060604779405],[85.8196066564284,120.38329161894085],[85.84452893789806,120.74033360782288],[85.95504014305313,121.010194839439],[86.08198848300525,121.72218766465517],[86.21072055249167,122.0513275646213],[86.29512409130434,122.1386394224878],[86.19671024280206,122.1707108580955],[86.29354871949481,122.17796897932777],[86.36493837835505,122.34646835817105],[86.33464872707532,122.3765235818133],[86.39398240502096,122.35148813034596],[86.60328361981097,122.57618821669462],[86.91235293193046,122.75671507342972],[87.25800009965259,123.04697142410973],[87.61263031665526,123.21055255682994],[87.94950476487494,123.27037561124084],[88.2307761235686,123.36023716001084],[88.47895971955126,123.35970309101428],[88.54437597077488,123.53793699978964],[88.62809757920328,123.5898408585996],[88.66763442386306,123.54596337294032],[88.63881608017309,123.60334045991493],[88.82966044707324,123.79625313942927],[88.91977179176672,123.82984068062974],[88.95365944732225,123.91595542661922],[89.04990138528714,123.94087702759933],[89.24791211076186,123.86127834616397],[89.26101908479471,123.81724715173719],[89.30134734572903,123.80368892617115],[89.26227185853176,123.82029415358079],[89.2702536813773,123.84252841659955],[89.31812352335213,123.82567663512211],[89.26907092064206,123.85610816074173],[89.28696583754139,123.875987279034],[89.33319018675202,123.83348127152385],[89.3135340306601,123.79432732589761],[89.33601944004332,123.82933848759325],[89.31990018246287,123.86380519692237],[89.2819597482326,123.87880089670372],[89.2655494284642,123.85760894997466],[89.06162276090832,123.94933018959985],[89.12656557674099,124.33206988643423],[89.22768260973706,124.50049019726343],[89.28986179147445,124.53563198917433],[89.30568411168373,124.67508725476398],[89.36982681927667,124.7544046285717],[89.39036456058957,124.67019991865067],[89.40351384124217,124.7760987279993],[89.34359148287027,124.88866107318512],[89.33376669247872,125.05655380417258],[89.04260266176674,125.1799948134074],[88.738046947685,125.4609318187274],[88.59766707483351,125.38942095551316],[88.34816179119738,125.61268631940703],[88.09284252585816,125.68108607140755],[87.9314002273144,125.79955704910086],[87.58036988412935,126.69431719364316],[87.34059301605532,127.03359825729845],[87.9698023477415,127.26766930521086],[87.94367587508704,127.35200722941525],[87.86930444400996,127.36517628580586],[87.71953826288029,127.58820162405505],[87.85739991924154,127.63067978272133],[87.67175266167368,128.02805527912943],[87.44414675614465,128.35694338644254],[86.97490639351363,128.01125497675233],[86.74284608532028,127.86337854460322],[86.27826776813009,127.68077717353567],[86.10871814219797,127.66404777938841],[85.79820799545746,127.55946217880756],[85.473681177668,127.53906073896916],[85.54696640088923,127.62334425541876],[85.62479891785537,127.99075308627889],[85.58748260687312,128.23287270977727],[85.50436792546094,128.32670181588864],[85.40863673400175,128.58111534939542],[85.11448268814158,129.16225744858164],[85.01467318948198,129.32760364504264],[85.07728043566088,129.4588488664495],[84.99275287744315,129.97166847533828],[84.78201798543769,130.07686908563736],[84.59892622036298,130.30004424754773],[84.59109289062557,130.47204417617687],[84.42208614945308,130.85552817766882],[83.40949194198521,131.13909646981958],[83.28354019363019,130.75252920316183],[83.01645481144223,130.42271534618723],[82.90425293284825,130.41088906660426],[82.89143925397305,130.33762916606614],[83.22822765150619,130.13390710263718],[82.81706869629112,130.16042866923746],[82.58257820539457,130.10224505514333],[82.49494309969387,130.02216068120578],[82.44099970449231,130.0675292150614],[82.26195022744051,130.06050123495277],[81.43439406444526,129.92961961546337],[80.52589899540347,129.99042328737346],[79.98332724924683,130.1084708327562],[80.01750468686885,130.130856576924],[79.37403506959268,130.32183197132093],[79.06738973700874,130.48916642000643],[78.63797939951014,130.6296854022294],[78.28884916087046,130.91035414104894],[78.11389077981651,130.87879435172],[77.94865271068642,131.03149796913505],[77.34800382177798,130.84344150373832],[76.38209687596876,130.75857776489707],[75.88429093084689,130.65298848395076],[75.55711189363258,130.62039275067443],[75.66707905734152,130.46177351717344],[75.90621868610313,130.34638869044775],[76.418551063927,129.876037191173],[76.81516305652062,129.60555118747254],[76.59788754274602,129.49530070921625],[75.60040888264258,129.14182700703589],[74.70288102984532,128.99010086351817],[73.85708829437903,128.9393847860682],[72.8736423730472,128.94863899704336],[72.4857506097866,128.82241308946664],[71.57710088907217,128.101293910214],[71.29995153913745,127.93342923672138],[70.74884589108495,127.90234696008324],[70.3857230395646,127.9266512792838],[70.19270254657312,127.85899627517892],[70.02248581850795,127.93708085634135],[69.73849475221124,127.92399482828881],[69.70390701917414,128.13502656589816],[69.54546967696274,128.09223608047841],[69.41971221904488,128.1333581241131],[69.34656634607546,128.07572632532143],[69.16570433941892,128.19495985587153],[68.75046469924531,128.0206547862146],[68.4646304626951,127.70937026667983],[68.21196981941773,127.56211449877293],[67.6911267431577,127.58782333868315],[67.5740388473931,127.5238077659026],[67.06279657306636,126.97040058481514],[66.98084861562289,126.81140434735278],[66.7322306163851,126.53757310145872],[66.4278147693896,126.31927759552231],[64.68882061878179,125.89073864105177],[64.47969899264623,125.74749177367578],[63.649187058591025,125.13108689862611],[63.32509687513703,124.8266401541891],[62.950208752787475,124.53843342089627],[62.86051688590582,124.3989732929814],[62.55125972641666,124.13922748955561],[62.06873280602382,123.80963511278252],[61.819397419279056,123.72888002570424],[61.67947485110196,123.59962929994887],[61.609649106544744,123.14469389960682],[61.37192666484514,122.82323965819417],[61.06919256254901,122.69966659525946],[60.87850597586162,122.30753646507263],[60.4378849872419,121.76072473744533],[60.26367396539708,121.4214772578794],[60.18440742561244,121.18500299383433],[59.79695556150621,120.55672066257245],[59.68249532039615,120.44716057025009],[59.55299940877712,120.08146304458572],[59.34358090549671,119.79993025883795],[59.178303791348945,119.44346999500438],[59.16009011624783,119.33584024881584],[59.213225153807606,119.28526792633693],[59.15880477287366,119.05233785005899],[59.46735328323213,118.55090571128271],[59.554620921581204,118.11765247280198],[59.34767429380996,117.48831209640072],[59.11726750697996,116.29380075261051],[58.93951127754862,114.87310353427334],[58.94522081309967,114.71791115337909],[58.68969252791262,114.2820960362031],[58.46297251433221,113.7554414547833],[58.17288905720833,112.4204105247655],[58.30465575475359,112.40456748166243],[58.21965184247611,110.90988400184209],[58.33877196883637,110.34191253476124],[58.11526371053591,110.0743337500632],[57.88989468436831,109.97126179218674],[57.99279809124792,109.54522977922929],[58.12204598939425,109.52138594511973],[58.212379754980276,109.2524978107235],[58.13280813442049,108.4621457183517],[58.16848236265432,108.04109126186886],[58.442354404346425,107.76696016169478],[58.4082519749406,107.68783179748779],[58.23601389999418,107.61336254529442],[58.077473314469,107.46164768289852],[58.063021501836765,106.95006200981669],[58.54522018363442,106.87610362424265],[58.21714567051386,105.97480107464231],[58.336979298862374,105.9459962851627],[58.50224070148458,105.68142133582174],[58.78762398917327,105.98111109009169],[58.9375204821106,105.99442628130642],[59.20194852801406,106.00575974210325],[59.60717832456022,105.88121348081971],[59.95448218417545,105.90010304145994],[60.281650994930175,105.81831154240024],[60.351931809623025,105.60477321915174],[60.45656608488446,105.49301570124973],[60.497339053026295,105.33162087074186],[60.47055127630708,105.25696596895787],[60.31628905752157,105.08893703275004],[60.26592566182394,104.9679713122434],[61.414862099198835,105.27749429054762],[62.243593605381264,105.27562201702166],[61.95956558532586,105.08532548856664],[61.64266210948384,104.55693160968596],[61.071803499837976,103.80470535628703],[60.90326765283919,103.87637655815121],[60.82974310992206,103.82541157871874],[60.798493051543815,103.67676166197467],[60.697407356852466,103.53839206898256],[60.27268731186352,103.15657879810976],[60.034942334759755,102.84155112539686],[59.9729682972406,102.68919338897916],[59.59106882007433,102.30133315780846],[59.44268322193334,102.16249381987228],[59.34714526013259,102.19876108028708],[59.18858091220635,102.54566391255028],[59.01784396011341,102.3273975675207],[58.98942001313868,102.24141888185318],[58.976411047602,102.06586442834288],[58.914936532112556,101.88037961932375],[58.95592160138634,101.77826411139225],[58.9431448113338,101.5323343520001],[58.70924157370651,101.25526430685449],[58.56382196255732,101.16366347250751],[58.41865195832702,100.99883320304393],[58.041703291946284,100.2299979647263],[57.898622544469454,100.02549764517013],[57.63932143130283,99.75118574901879],[57.42574219531098,99.39137214409624],[57.34004857432105,99.34404065374615],[57.258945886861675,99.19913966465177],[57.06324551770585,99.1062113345014],[56.94456044220008,98.97458536512063],[56.60855467698458,98.72473884283036],[56.46089449853407,98.75350965947004],[56.380253107753546,98.65339404427313],[56.291485863429834,98.65173809976713],[56.19495499472229,98.55223386271224],[56.08677465560669,98.5272275251204],[55.90360182672139,98.30390100018988],[55.75122990458372,98.21811308671624],[55.69059150055081,98.0146275205953],[55.59977913920365,97.93132569695715],[55.53675121100552,97.8092714422694],[55.32803481416591,97.61794710336919],[55.250465710754995,97.60342745350857],[55.18517613967717,97.54300513691794],[55.1799291183117,97.49474941162926],[55.11125192091774,97.3963866003492],[54.948771277423766,97.2533780674108],[54.89708136514055,97.0742772172091],[55.11823018827599,97.02699687936364],[55.23932463157038,96.91164902951452],[55.32591939335408,96.5788475078421],[55.47460733334867,96.41512295387379],[55.46890968908405,96.26979318933195],[55.588751810441806,96.08994621305284],[54.77770273343818,95.44713946006596]]],[[[93.62534141911465,115.35768100316983],[93.62899602292485,115.25756172471621],[93.65872583212499,115.26549566305175],[93.9562003342084,115.50705344470414],[94.16946013572257,115.63028819985516],[94.2945495695724,115.67776597898836],[94.44764626917141,115.68870437128028],[94.56269656705072,115.74470173506131],[94.36464322987061,115.78699816168945],[93.92166069070296,115.64841755205279],[93.91478612281223,115.60397481145841],[93.7871005157283,115.57187956694342],[93.72531859062653,115.51797730943396],[93.71183018797853,115.4494795575719],[93.62534141911465,115.35768100316983]]],[[[94.22365672010771,117.30858729102334],[94.34763987525793,117.12811573615059],[94.51096098629195,117.17060476309943],[94.63448402341618,117.14439078482464],[94.68533036048981,117.16712710608863],[94.69398985308962,117.21114318699767],[94.74337877690726,117.1545354603704],[94.78773510006322,117.18547857750728],[94.83421028651907,117.157482790626],[94.85975764745596,117.18621196803801],[94.7597455720065,117.24132561186943],[94.58921430909604,117.24071824415745],[94.39975162338925,117.41781155071922],[94.28617759405464,117.40949243824741],[94.22365672010771,117.30858729102334]]],[[[85.00636927949056,112.78856458274795],[85.2840419037252,112.64811960259206],[85.76291503870014,112.17446121878841],[86.22924623014143,112.0105708079308],[86.54464663399318,111.5909378106343],[86.57852818470401,111.63390399692037],[86.54892088775861,111.74723714529173],[86.58733970965525,111.82481312086527],[86.74789403990802,111.94362342150009],[86.89016907320539,111.94564054095267],[87.2210754108344,112.26663208950096],[87.53809425749162,112.63751777460624],[87.60919380946473,112.66900243203563],[87.6695258491226,112.64504849205623],[88.13947051231358,112.976856339844],[88.5452106278594,113.07760265371519],[88.61105132159656,113.14027989931111],[88.54738521892759,113.17258831964477],[88.64495298836923,113.23270738766499],[88.54611711360542,113.17542169572204],[88.56250574768666,113.24709124486458],[88.43135015586716,113.35955333992197],[87.9932255077218,113.39046608885252],[87.9010772440598,113.53728546511721],[87.79861889570006,113.47387554466889],[87.61579029465567,113.43560247574626],[87.17575705661717,113.4881906077081],[87.08898913698633,113.38179127375159],[86.95733135307603,113.36006246807078],[86.81568140073043,113.46819382726093],[86.20941996344354,113.37180873924198],[85.69807480655217,113.38037335207596],[85.53937005496336,113.26132619884011],[85.24988904419375,112.86707603324797],[85.13816420710734,112.79839121434284],[85.06819494242703,112.8369161441243],[85.04032531409885,112.80763006843077],[85.08739858405903,112.7997704079611],[85.05502518917808,112.7647687667436],[85.00636927949056,112.78856458274795]]],[[[88.69484416376667,113.70709751972053],[88.76619029623166,113.61864950344294],[88.67149975435538,113.47109674066611],[88.68784604228054,113.31342733645049],[88.64888176860154,113.2381584700376],[88.78245988675911,113.23072585002171],[88.97990651789718,113.39230779449127],[89.2260169319421,113.49992373174358],[89.67163819926145,113.80305500646281],[89.81004059247131,113.82253045537793],[89.84432566366476,113.88000937097544],[90.28420458293881,114.038345277199],[90.79040724080517,114.14978466084727],[90.88110951504996,114.10292203560147],[90.88507909183699,114.05908463198051],[90.92848110108369,114.12288126378635],[91.18022451817873,114.1612081479806],[91.98785709260592,114.14107505254199],[92.09193188414147,114.24241219459262],[92.14074997207189,114.47610740421929],[92.2208802890579,114.40280219392584],[92.33197151091824,114.51960753599792],[92.33996625409159,114.45109988186839],[92.41517076319707,114.45425294739967],[92.59307790342626,114.57869364666992],[92.63865048618925,114.57363220059062],[92.95393684313572,114.83997835737877],[93.11584215228397,114.8904157129243],[93.27613501904443,114.8718694191129],[93.27568043708226,114.81811047083056],[93.20652419277455,114.73942385019929],[93.23266824551362,114.69264509073659],[93.21872304735187,114.74454693077024],[93.26104728746927,114.75178276827526],[93.2901809570067,114.79764649101634],[93.27465249277321,114.76522799436265],[93.30034191904558,114.78272236647615],[93.3020147007202,114.76468916181989],[93.30993348104683,114.76864228701675],[93.30271075893447,114.76326067250342],[93.31061032289071,114.76764866779169],[93.31340573104902,114.76041949026333],[93.26831617380194,114.72982692684268],[93.29207555155683,114.74264796945106],[93.35269714772167,114.7894038086376],[93.29963240687414,114.89835881870816],[93.50510882642273,115.03112302810342],[93.55282468406767,115.20278970435079],[93.50559544728475,115.24032424305155],[93.51368868297897,115.30017852846456],[93.46790122802427,115.30134188736196],[93.49032565048165,115.40500269717894],[93.10296619144042,115.65270049040173],[93.12783277994913,115.79182198086723],[93.21228743439568,115.9024723984716],[93.10190213682446,115.90907596279011],[93.08370202898428,115.95260293607387],[93.25434495269363,116.08504609198744],[93.30176192677388,116.03929900054506],[93.29655150092745,115.93881005304029],[93.3766516759716,115.96819122515744],[93.43553391568972,115.94995878675036],[93.63240135518748,116.05971899529061],[93.54229227970774,116.19186421942143],[93.57571578426077,116.28410950384911],[93.51126060859843,116.29968970647721],[93.57987250225167,116.42472099606496],[93.72085130207338,116.46165145867909],[93.73704243682567,116.49532522051337],[93.63322490830721,116.52885857421809],[93.59338390525579,116.59621436064005],[93.60434963817121,116.63542051779629],[93.64646811961445,116.64096177363069],[93.64542162303222,116.6933603075758],[93.71779222632992,116.67605609683216],[93.86248752185855,116.76987836632483],[94.03943572885885,116.80011139771952],[94.13762333146424,116.67538463850882],[94.20298380706822,116.7097722116477],[94.26770927821808,116.64984099349559],[94.34302992212753,116.74879276650476],[94.29821989754637,116.78920258184938],[94.1927221085927,116.7867649775637],[93.93889440686897,116.96108222126065],[93.81493270108098,116.92046316520019],[93.52979603618823,117.01791439893739],[93.49565518992256,117.00353627361363],[93.43223945115545,116.86601518023274],[93.53347607151738,116.84695944223577],[93.58015276004708,116.72452895340673],[93.50343113532888,116.62634063538896],[93.49315293062915,116.64341812806373],[93.45350973164645,116.60925656079479],[93.46876837790086,116.63771563928353],[93.3530433046044,116.67611304029901],[93.28945153480701,116.76047351576207],[93.33852713447348,116.84561733322917],[93.26992257291897,116.89366937545122],[93.31011205654045,116.96874425605992],[93.29080320676422,117.05147125029129],[93.15565872632577,117.12096906372591],[93.206798028133,117.22340923904218],[93.12108051373406,117.1260134381005],[93.10656179742382,117.14900741433817],[93.18395008617281,117.20918154527322],[93.16483112166797,117.21950045973779],[93.09322958599142,117.14894354479316],[92.97398507465644,117.14799041347604],[92.93989485758712,117.20388832270648],[92.9982226800455,117.08793556647603],[92.82972474274463,117.00430978341168],[92.7689484853232,116.85770376626458],[92.88548287634201,116.74976921665748],[92.84743268644408,116.65568933346142],[92.87550600272452,116.60130833364735],[92.83434389863552,116.59344580786522],[92.84309012878873,116.5696551861084],[92.81349138768505,116.50926312195958],[92.85131331880287,116.49620323566832],[92.81194122413412,116.5052846040061],[92.82834068933312,116.56746165808354],[92.70895861625536,116.57670605356174],[92.68964549404768,116.6621193121218],[92.63438405003166,116.6739822493705],[92.607187941056,116.62453423974807],[92.6774088014418,116.48018762638105],[92.6470701888576,116.41698859787344],[92.69253585653908,116.30139064819895],[92.65024257684965,116.28321092667855],[92.64691004892524,116.18107596916045],[92.57883031387055,116.18171022862492],[92.52232909734798,116.24180934557697],[92.50509708243466,116.20337826663133],[92.36158315060376,116.19292697323169],[92.28159739959233,116.24047662767246],[92.23786653677666,116.17780250251391],[92.26916350002678,116.1335189144259],[92.05245254904047,116.06010549504342],[91.9697133333475,116.15098923842321],[91.8019362980902,116.17838076828588],[91.81227593892643,115.92020195962976],[91.94494693858277,115.74912715796928],[91.9343161427892,115.69513988810994],[92.01622699729245,115.70374162542602],[92.05445505300005,115.6173951223185],[91.9677634324656,115.5268520157109],[91.87076723518071,115.52827159731174],[91.83722096583361,115.23943182145415],[91.75502838534302,115.21192532854752],[91.71365773384909,115.25349477507476],[91.71179653348666,115.12840315556281],[91.50001343920991,115.01348560577114],[91.4024341658025,115.10769812529006],[91.25036449198493,115.09077723046957],[90.98811433171716,115.16180613243748],[90.97788521624358,115.23401238941787],[90.89970927144773,115.25777711032552],[90.89557998624305,115.31126329058058],[90.80075927416642,115.339934527901],[90.7113321956356,115.43450452001538],[90.72574248396387,115.52653398109385],[90.66552247919608,115.61577506822755],[90.75058248432526,115.72927212995646],[90.7123660893632,115.80727379956718],[90.56564759365284,115.80282486030734],[90.4841635479919,115.87509812932336],[90.59712418470714,115.29484250203785],[90.44237164316712,115.22230471020656],[90.35720657899455,115.24017807506462],[90.24267997918987,115.1755024005065],[90.24268982340655,115.08195927550592],[90.32199025325352,115.04759089296554],[90.29615696832657,114.97494888783456],[90.1968971005411,114.90642524460623],[89.82927461789058,114.90708117234456],[89.80002224706959,114.8001128982277],[89.4988424641204,114.4411847736806],[89.11434651970022,114.3064947970164],[89.08326580762237,114.2242044915867],[89.11704788498787,114.19323528188018],[89.10896967957025,114.07479227974207],[89.0563241109934,114.00669966134726],[88.94818334488644,114.04971145994243],[89.0536329228674,114.00326803169096],[88.96360395958891,113.81848056050882],[88.69484416376667,113.70709751972053]]]]}},{"type":"Feature","properties":{"Level":"ADM1","shapeGroup":"TUN","shapeID":"TUN-ADM1-13205935B77517604","shapeISO":"TN-32","shapeName":"Jendouba","shapeType":"ADM1"},"geometry":{"type":"MultiPolygon","coordinates":[[[[39.991100791076576,157.92350913084817],[40.081617558981854,157.9030308863063],[40.26197827262237,158.07775729923517],[40.49978551827698,157.93970971491171],[40.66312074829854,158.1047448770103],[40.857140780605036,157.90916343743413],[41.08607778834122,157.86014147579644],[41.08859434381367,157.70873488268342],[41.1184268393811,157.60621837270344],[41.165624031800846,157.71560374415822],[41.230409156967404,158.23286694932534],[41.27859475350058,158.31119506527506],[41.29302518489585,158.6646932428796],[41.25180589165385,158.7944654990583],[41.21939595401078,159.02877323721128],[41.306982646033106,159.51692602402613],[41.230206524199346,159.74153745363222],[41.401370029268506,160.13298434030733],[41.4925394317222,160.61370355423531],[41.58898206719425,160.57014381724105],[41.519818876034485,161.34693562669275],[41.61977096792914,161.6459307227291],[41.62864689157926,161.8004635939196],[41.59643084321405,163.61420115544703],[41.65442734178761,163.73831894239817],[41.62039611614225,164.11074630523268],[41.676668600273715,164.21304693099438],[41.71649509801014,164.40900596131127],[41.65513650706987,164.65947423296336],[41.62440631629188,165.05813260604526],[41.60079196311332,165.13754976162448],[41.62671020116762,165.3929874273186],[41.58892509742468,165.52637664121823],[41.56362003492326,165.82289892489396],[41.456892952553886,167.41065366184353],[41.3942259860543,167.71164479150576],[41.33412252404012,167.8297777611462],[41.183351754512145,169.50328916503673],[41.17281833552448,169.6434178686934],[41.229593922408164,169.58070612337488],[41.21513600208429,169.70865906932755],[41.240121842667435,169.77633409042681],[41.223098038837236,170.04603974697292],[41.23759361739434,170.08644073437443],[41.212734301092404,170.24026774756467],[41.23693381446831,170.13986893049747],[41.23138162986873,170.32663139898398],[41.18622140878808,170.5624126716184],[41.234296991837105,170.46496336751153],[41.17322069167525,170.78243772212514],[41.184813750201734,170.83397342717495],[41.138286541547785,171.2673103860478],[41.13044942645136,171.51915439458736],[41.15531810939932,171.61290648220387],[41.08968701594554,172.03664477594145],[41.08306926497852,172.43312045768585],[41.10710777733711,172.38671843117868],[41.11772216604934,172.50278366723452],[41.102193147244314,172.7823116423166],[41.07486264473554,172.9831828009349],[41.097492065483024,173.15150761877294],[41.05691623993306,173.49473229269776],[41.02685873792848,173.57121561894462],[40.98132788588812,174.07283866473617],[40.97096816097428,174.33126626773458],[40.94584626552595,174.4816195186389],[40.95278258020732,174.61142200897658],[40.92185213457407,174.96445973101726],[40.88925115457965,174.99427726162514],[40.87161046456508,175.17211801672056],[40.83129011405189,175.34600510121618],[40.82060904748635,175.54118227131647],[40.783252317018565,175.61580725521094],[40.696225989973065,176.00286822562353],[40.67467840104116,176.0078909009883],[40.549957958835634,176.49347460504538],[40.46399421692064,176.66870989337437],[40.26409260877409,176.89227327040305],[40.2160411171415,176.97892500374817],[40.16038218180973,177.18307263113815],[40.13145249852172,177.034140829092],[40.0673078800165,177.16388176720628],[39.98838472480316,177.51921375498648],[39.663617696613386,178.05564032083097],[39.57050506589784,178.42719157386276],[39.57866708894792,178.67605436463032],[39.77313157600964,178.92713519768185],[39.66937631490062,179.3846138476953],[39.650644431833655,179.67458985538065],[39.606732331139014,179.672427107896],[39.5968144727993,179.57790295487766],[39.4608761077236,179.55455124409482],[39.36274848782174,179.74160278274718],[39.312774069168015,180.22369044671194],[39.33677491184731,180.361988485231],[39.43314195517552,180.48736301783887],[39.37821000677627,180.60830771033864],[39.36266242537753,180.72897911888762],[39.43819224889273,181.09177135970174],[39.38367367622877,181.30310723303032],[39.453361257004026,181.4153291552134],[39.45451620058923,181.55222080389913],[39.560319173908205,181.49078881070764],[39.63913449638076,181.58997602724682],[39.687093872807026,181.52291347062356],[39.79527361095599,181.58270173250267],[39.80376350997516,181.7255397451733],[39.89739829988588,181.84837700644178],[39.911914243881306,181.95171552083076],[39.85782633700445,182.24174688630586],[39.904686631656205,182.37958021604786],[39.67440359193617,183.13382590759647],[39.71050468144994,183.21961170105865],[39.80036716348376,183.17408837163498],[39.71779923342629,183.64748147065978],[39.6871639095981,183.62364012305844],[39.635149646926415,183.75088472122928],[39.533072379137586,183.83078879038462],[39.42801736275937,184.02307422098917],[39.347358030011215,184.03964288231865],[39.0331358532796,184.53679310500672],[38.33582703125792,185.02271895829472],[38.21130893715886,185.16652136521233],[38.1310631659686,185.18069688931328],[38.00481017460358,185.57225708446916],[38.00677129442975,186.0120830859508],[37.97858698827888,186.15490158013594],[38.091290666587476,186.46101954245853],[38.011316520490006,186.61592981574165],[38.00792272223288,186.570621472908],[37.92634130906749,186.5998716714646],[37.95704894214452,186.67248110935793],[37.92018678233011,186.7779755826206],[37.846946060202214,186.7491564046823],[37.74521595745445,187.07983783519725],[37.591615974355896,187.42838667856017],[37.549436033271284,187.66916237404962],[37.59888850959127,187.84759065597817],[37.572673674089685,187.99056358268777],[37.49321797878065,188.12394819502026],[37.38810141272068,188.11897430625814],[36.931739706218174,188.63423360377925],[36.582492462523724,187.9258708918048],[36.212066484373224,187.28299741124994],[36.11048107410172,187.13570865347964],[36.00558965227912,187.09743256518155],[35.93205954443397,187.0067992245631],[35.802653534390586,186.60254289128278],[35.48172740564848,186.10214020649488],[35.30274955894879,185.99211273133216],[35.162826829413966,186.05708260678355],[35.092982101173746,186.19803053233403],[35.09737288457658,186.3566411791494],[35.08168763550674,186.1510587384626],[35.04939598182047,186.21597661048364],[35.08685298631833,186.2442410305157],[35.06861448266654,186.4137949438832],[35.134494231218376,186.34167981937279],[35.060379274665365,186.42886466936207],[35.00098856863852,186.64461416573718],[34.95702167209561,186.56447757491333],[34.96378908371663,186.37805955219483],[34.99361826607415,186.43010068156158],[35.028229896745785,186.33600461241326],[35.00766046229465,186.2129509658083],[34.949001111750874,186.33867417788787],[34.85503695168113,186.36324490765196],[34.682860378917276,186.69670520810752],[34.63787218607319,186.68944193575226],[34.60228578075612,186.49427181620615],[34.47198305148464,186.51578254828604],[34.34764260809813,186.42723799128783],[34.28847001415411,186.30520293151122],[34.21591361615178,186.34855895349347],[34.195496726444674,186.52272991021474],[34.12906137551792,186.4570290965986],[34.09445719974882,186.31489032170373],[34.04474742797625,186.24217701176138],[33.9426790255162,186.30430487152117],[33.86815493383872,186.2424708131121],[33.84277119837866,186.16903119541536],[33.779040199299615,186.15822404119922],[33.75283041094776,186.03602967309865],[33.616397978114904,185.92053163112615],[33.59879933029637,185.81875299152304],[33.55639386713462,185.81990012245114],[33.40684362978398,185.64096234661054],[33.34215867003289,185.46912211581645],[33.26556814117378,185.3829819328741],[33.32961108763521,184.90793216774864],[33.409510315407715,184.78709529808748],[33.6151530151481,184.26375024846317],[33.376897000027355,184.00270797686608],[33.369636803577315,183.4379379316482],[33.430034289830154,183.25143185987773],[33.40949637567258,182.9648563115699],[33.4840061642066,182.7605974227496],[33.48755393888984,182.6195698385455],[33.564206543534134,182.34291540192993],[33.53686434105262,182.1958878492106],[33.65621711181359,181.77655852565346],[33.612446776263816,181.68105380070506],[33.650200412058496,181.46646837401454],[33.73425092527495,181.56321353863058],[33.90129204138792,181.43274123166663],[33.99144834211139,181.4253429109147],[34.21046600971425,181.18930928891234],[34.279674682529105,181.18916347069617],[34.32607415491723,181.3344284674161],[34.51845442597152,180.96679939979742],[34.78681291399247,180.70703394303672],[34.83047010498575,180.25278890356398],[34.79435291879946,180.07553299553666],[34.80406935175817,179.7256400328002],[34.72727847725277,179.6626380626124],[34.61761964302737,179.38479127627994],[34.52574536062488,179.39844779406997],[34.24917289098221,179.01993051916764],[34.118931173289425,179.03465909012442],[34.11750106453672,178.7693865560637],[34.017781459768855,178.59840178127502],[33.89059056799121,178.76211160934702],[33.86933490225698,178.8642182850461],[33.74657260419245,178.9700851430173],[33.592981618994074,178.46865383261382],[33.498810822617635,177.84100189871356],[33.39172352166212,177.9369612744039],[33.39602118441425,177.8589258093333],[33.342912370679535,177.8676379984018],[33.30007051657537,177.94556633390144],[33.21915982664213,177.96238631824443],[33.11581029144605,178.12520820881596],[33.09537380507568,177.9518976766212],[33.022006341537775,177.8886441861004],[32.78496290462944,177.94660422880992],[32.71884869779944,178.1556932011114],[32.643983760022564,178.20228950248668],[32.625502950106366,178.3324747338466],[32.563217705570096,178.32479876881735],[32.477555712900035,178.15381603793435],[31.895093028504782,178.25128112926865],[31.748589807457698,178.0843827043077],[31.718884189354036,177.97118953216574],[31.53126232060947,177.8737347596542],[31.356313460192617,177.54630322104163],[31.148946944051595,177.42638010045584],[31.222183499135625,176.93396334926172],[31.312367516205093,176.96734210586916],[31.383455188729123,176.81922970754283],[31.505628918136324,176.78393841604907],[31.64893715844826,177.00769849302304],[31.697452507583378,177.0091439096535],[31.81782851677683,176.8582754441769],[31.985516875396318,176.53158199209747],[31.93388240023401,176.26437802300023],[31.997225576600048,176.09796082718543],[32.05930031964459,175.7943528611151],[32.42459135046722,175.06204934134422],[32.53600609434134,174.73656846062175],[32.631452191905865,174.56730617938828],[32.7240503914544,174.480412118191],[32.746337843511824,174.31020938457647],[32.723840607796035,174.16922522256942],[32.781162794559336,174.0186348726195],[32.80787435159556,173.83089300640592],[32.72632341344867,173.51015299767045],[32.6968945900457,173.21770593226978],[32.71902360445202,173.15113637157845],[32.66241244645816,173.1556761634779],[32.60467596297842,172.98159281248627],[32.446991726791424,172.90619358896222],[32.48746678433329,172.8441742523112],[32.592480845204165,172.84244731251027],[32.635745322122176,172.72208719028163],[32.73223703761465,172.13376512538485],[32.71384431853543,171.8130772780887],[32.747234879183864,171.54674676711147],[32.79752371903713,171.41974574672452],[32.794655275318924,171.11471347639684],[32.857668389564864,170.78823533214273],[32.547541276634966,170.84688050594607],[32.27645438456851,171.094921563277],[32.18266193968314,170.83418294911607],[32.0423322112583,170.7859010006486],[31.96321694668039,170.46033075643842],[31.980260835751487,170.2479933920324],[31.92705895357021,169.7943524464221],[31.842304802114853,169.5920780732271],[31.702057487330322,169.7813115595974],[31.65967311465654,169.6363902972438],[31.60381912280635,169.64455171526893],[31.39230543162324,169.38565050232407],[31.338157941775613,169.09259753066794],[30.99089977007516,168.57495521469042],[30.911468807949376,168.53375350588715],[30.881312781314936,168.20544876470453],[30.903323327865056,167.87766092028508],[30.86721704002294,167.7576736354611],[30.877677193000842,167.61114525933846],[30.791929601323496,167.45981560414683],[30.804592475488462,167.37230245065092],[30.756830694722474,167.21242284072798],[30.596908350580144,167.06630190857965],[30.494067228800247,166.67288261981813],[30.411552984532754,166.59050477280047],[30.229267424465668,166.61312721256024],[30.102424466778345,166.4718719600507],[29.942442507937056,166.61610443336002],[29.937081063297793,166.51649380928654],[29.85854923589445,166.39719527721365],[29.86974670388957,166.28136252354435],[29.81929763555599,166.05202136065796],[29.78254207067865,166.10962937805698],[29.74746814236331,165.93595421131528],[29.696279029663366,165.97303358666238],[29.607258225091506,165.71290163360942],[29.491965089327543,165.69137648982493],[29.517162198041355,165.5221533686609],[29.480913337696443,165.420339679527],[29.282575887660148,165.37751019700812],[29.093254525091034,165.02013636102882],[28.84666424558202,165.46937559253243],[28.773540741779353,165.4408698406006],[28.747815928204602,164.8989776688406],[28.60582060930734,164.75655081649074],[28.505354137398225,164.8494441326739],[28.525781514090756,164.78397780787415],[28.497255790321105,164.78981225412335],[28.539627171512866,164.67748412345847],[28.616081487018093,164.572055208662],[28.654362644310115,164.41544843123543],[28.62842955529184,164.19744789292673],[28.780071729559133,163.90833178976015],[28.9513374921284,163.45750836153144],[29.093594897794507,163.20472584220707],[29.38034162978004,163.0120341150735],[29.452302105593063,162.8927022547096],[29.51067211705099,162.6777609218347],[29.58017305717978,162.53237718918234],[29.748481676932887,162.29701737387853],[30.011219575431156,162.1350191524426],[30.049759264813808,162.04986154831647],[30.12459479043795,161.9624597307373],[30.234204720458266,161.91773108553602],[30.319656753462173,161.82788640590314],[30.556440709303708,161.4077948985004],[30.828519001289067,161.41287770852307],[30.944861593618935,161.2207579402547],[31.041012589282282,161.17275099348578],[31.13591058738821,161.06103853997564],[31.24404129134097,160.72554825902654],[31.349895466524572,160.75918511481183],[31.423914907523155,160.6435602208095],[31.545055811401596,160.54312901745396],[31.579870401473954,160.40230470234962],[31.798374819747277,160.34636130835273],[31.86699126739997,160.62982092609823],[31.87496201040945,160.82955201962326],[31.935333700161753,160.96488326525147],[32.16013478246865,160.54550371855913],[32.224208831968454,160.17409521640514],[32.31359015859083,159.88085724517612],[32.55403502471865,159.66012639767425],[32.935208324699296,159.52302508209885],[32.98870441349239,158.98921738811606],[33.035520689675835,158.89084304359884],[32.88868407687949,158.5395690241032],[32.92343774145881,158.42729461371044],[32.894038800931455,158.4004519274655],[33.06080318357549,158.0838937788139],[33.150859529933044,157.83175801652405],[33.135799309176186,157.764099884327],[33.15847029692511,157.71850091629332],[33.116803649117145,157.7722626842446],[33.14704563336969,157.7198529234031],[33.13593536733123,157.65932753418585],[33.086024666818204,157.67774550301405],[33.13795922376923,157.59336062188908],[33.13378585452105,157.51511485279562],[33.01247794591705,157.32237728805092],[32.96926909271493,157.32470592712002],[32.98190474751938,157.23275056230278],[33.15068992372082,157.08914430450704],[33.29297692059631,157.00737886691792],[33.307541460652175,156.97343659629428],[33.37461310529406,156.9833205542523],[33.666632305096634,156.83505364036128],[33.79629494170566,156.7287944175002],[33.84201071118973,156.65324195512295],[33.879930339494265,156.6611617394883],[33.87241041771616,156.71606354644652],[34.03512918193447,156.51548527733914],[34.150833692656605,156.43452217475237],[34.16945256042874,156.49636711871955],[34.200995942721086,156.47548675339846],[34.191048565460996,156.5445258949493],[34.24272881388377,156.49193576398426],[34.22947349777708,156.527242146509],[34.2765062742554,156.5030841900747],[34.239166204226706,156.57556972427398],[34.21782061449839,156.69610496244462],[34.249541953310604,156.70323051081215],[34.2484719438763,156.7707279811665],[34.20658260719759,156.8962999583652],[34.26525131381206,156.84899195146048],[34.30162023018755,156.85002547150103],[34.283110657690266,156.925275534817],[34.4061749286014,156.87560604165196],[34.418122659066256,156.9965795755199],[34.515106520995545,156.9055435261499],[34.60777715678327,156.94953408660206],[34.61987682874948,157.05665732757316],[34.669589800162434,157.0129248712032],[34.70193010493378,157.14725687840834],[34.73237708111076,157.02651341546706],[34.74260514217975,157.15652485219883],[34.78021293411315,157.0805798595494],[34.81959269634076,157.1333946734182],[34.84094220875823,157.0467101312664],[34.89519633571361,157.04898961637315],[34.90018397345289,157.21221611915195],[35.046013898929154,157.37495386489482],[35.02643689644859,157.4260309803003],[35.05283009735697,157.53571885199452],[35.0727421670253,157.48368388562528],[35.186078475307596,157.68285487928512],[35.17862117829448,157.78481745574928],[35.223174707684215,157.77570521244377],[35.221103807050945,157.92995526637262],[35.24895765711547,157.9674020054471],[35.29218317897142,157.79807499690307],[35.3722983533159,157.75615696489436],[35.40595856031882,157.85889770101082],[35.43815573033981,157.80984157753886],[35.51448076245764,158.05024527714494],[35.81369352825402,158.12116175926556],[35.889626105654855,158.03813555713901],[36.00032605545113,157.6171436588602],[36.132022482042956,157.66159950056056],[36.23359666404285,158.24464998478203],[36.55895643027044,158.39494709359832],[36.80251333666108,158.61498271006536],[36.932658088713566,158.8267418335109],[36.985664889819176,158.8301104819628],[37.0741064524196,158.5775813694825],[37.16874984517585,158.65385460028577],[37.18198899089569,158.47133042283355],[37.27597729810863,158.19685369259778],[37.387945138080966,158.16414738806145],[37.40876208015162,157.80723342877036],[37.47747869045939,157.70286645052553],[37.55376306779135,157.42207529498256],[37.641198675280975,157.37184842919118],[37.64559076852657,157.29192988055038],[37.68050696266385,157.27185643694844],[37.69674530988114,157.43545429843758],[37.738950050118945,157.39378720309847],[37.74385112170478,157.52175589845285],[37.812353703776814,157.65059356612022],[37.83194314294609,157.60146133993246],[37.880495022340725,157.73146263624108],[37.89750930021688,157.65422720695864],[37.92018274025233,157.72880454427246],[37.95823140358858,157.71151871833328],[37.98111472758897,157.6056495439628],[38.017284048750255,157.5524468108233],[38.04211314850821,157.6258979144427],[38.07275270963636,157.52964217659866],[38.06520056361987,157.40434328530714],[38.09262657264657,157.43615048094637],[38.07429813296271,157.12592670891206],[38.19117505610811,156.73289293946624],[38.257777437653885,156.80825791013447],[38.2652717676079,156.73302269960703],[38.517088612988395,156.7777669400246],[38.54115865577593,156.6803322659961],[38.60015315025089,156.71136889025632],[38.642058996136825,156.58300117022952],[38.74246975504752,156.8463762708207],[38.88494758811291,156.86347841373816],[38.98971925912605,157.1163158921457],[39.039513437974335,156.9051372508219],[39.179086167763806,156.6405384413116],[39.30795802821915,156.82598962467088],[39.51049756613543,156.89203272159392],[39.73880183654566,157.88730820066394],[39.79302149052748,157.99386698730856],[39.991100791076576,157.92350913084817]]]]}},{"type":"Feature","properties":{"Level":"ADM1","shapeGroup":"TUN","shapeID":"TUN-ADM1-13205935B80027761","shapeISO":"TN-41","shapeName":"Kairouan","shapeType":"ADM1"},"geometry":{"type":"MultiPolygon","coordinates":[[[[56.00708287890461,150.94396668525997],[55.891354648635286,150.78914834404884],[55.80278523832209,150.5800962491178],[55.61801111784267,150.21450164734497],[55.582972846743466,150.00450671634536],[55.52694287263701,149.9287746024197],[55.54818638817483,149.8339008523419],[55.46984962519851,149.50833630897822],[55.57321712497543,149.50999547720565],[55.65875314529046,149.61651833194247],[55.80620512800081,149.5387864245862],[55.65421192912307,149.34982588476095],[54.73177808565538,148.2929562128145],[54.613519723787135,148.2732576461106],[54.552199222131335,148.29797558022665],[54.54882327685968,148.3572531386032],[54.44880730379401,148.33708427104585],[54.37143906313069,148.49711018738046],[54.336591681385826,148.51772670506267],[54.28754939740852,148.4894009515022],[54.258140338141146,148.56639978622212],[54.22653865512677,148.56144720824142],[54.29824330580474,148.023385930966],[54.615345883804736,147.64674221827033],[54.62486264099636,147.45170127848735],[54.544819469006114,146.84431993230075],[54.63072101012863,146.7987164878554],[54.52478197930303,146.698957270766],[54.213749966497694,146.68081493985503],[54.08962055673619,146.75192649120467],[54.020147067699334,146.7014443636757],[53.99937277396151,146.60539592019367],[53.94908063090085,146.5930559437125],[53.89598597525135,146.67088014877436],[53.78380648491787,146.69111157590106],[53.742903631244396,146.78657293539183],[53.55974430058545,146.8333459562142],[53.4409723073082,146.82017716907401],[53.22962127463608,146.68509262530768],[53.18217173758708,146.7328548909268],[53.150931057728656,146.85583527748506],[53.0794912081018,146.79098508614055],[53.09633230172695,146.69419837929988],[52.988315983782165,146.64048037004565],[52.9488321663898,146.49460742664508],[52.91708724801366,146.45800745201325],[52.87804737305597,146.52142276560957],[52.70908693044875,146.40487420896036],[52.67488011575192,146.43667565734663],[52.6049181584094,146.41165711846728],[52.55268509250679,146.32006009481807],[52.466227194933026,146.24074054635003],[52.41554958735967,146.25079589614546],[52.34599076982475,146.16639655183414],[52.248394847377085,146.16217594888525],[52.20619048861276,146.11803640120155],[52.15055747663361,146.149445679618],[52.09468788451778,146.1440688035255],[52.06566879460732,146.24652763721326],[52.01237571784836,146.2715533048301],[52.014915708916824,146.38259196888777],[51.95731590759155,146.3777731428847],[51.92414236086477,146.42065336767737],[51.86036380834199,146.40692004529274],[51.81348305003344,146.36166841249488],[51.76012988834304,146.37710206395542],[51.71030897713722,146.4304631194919],[51.685806082832336,146.39312976128113],[51.29471644735825,146.16601575767828],[51.353037374392805,146.02152260831028],[51.24061489163059,145.80026081502953],[50.974184880845314,146.262327660859],[50.64512121201852,146.3843445524733],[50.541639635440816,146.25812235434233],[50.38811365809388,146.15422124711375],[50.2922282690014,146.1177114465452],[49.97800677950244,146.05615036541855],[49.89134113712398,146.09102368277289],[50.008251769448925,145.75103644896976],[49.770613870244524,145.27730526126547],[49.58339828333754,145.06199844181384],[49.54656481272412,144.81449898781182],[49.32588739850101,144.53462905368912],[49.186103666567085,144.2775714614818],[49.09805395533723,144.17860734417104],[49.04035454697447,144.04162775588904],[48.90453370863025,143.85706062021166],[48.782448038720766,143.56103233257363],[48.85992874180945,143.44632562098988],[48.740488462335534,143.28552846426805],[48.74585127220198,143.1635427100706],[48.69159650135406,143.0257729317576],[48.61453923668322,142.91598536340288],[48.61885970447152,142.86444479309483],[48.486786255758574,142.67070707308022],[48.41343532492314,142.4171810315093],[48.30371155045886,142.16533357596757],[48.20267276881439,142.00241792197886],[48.09647392022014,141.73504405404267],[48.037936274383064,141.6790246703225],[48.020255554483604,141.4580925182228],[47.96092947471262,141.3969364971073],[47.740105330384466,141.36052521135827],[47.71865806326356,141.21159444391986],[47.96198441113519,140.54182286724026],[48.108130718485874,140.42434592556918],[48.27035342802865,140.3637419309391],[48.320251728991934,140.2666333914036],[48.29599832013261,140.12663330382742],[48.43474591856656,139.96070193570105],[48.42171942213567,139.94487267575542],[48.4990384115427,139.71385136961493],[48.48012183907003,139.62988757813739],[48.4941014730402,139.55204709938397],[48.537646016054346,139.45353450857914],[48.48275029284524,139.24003835308912],[48.56813887128061,138.961366343026],[48.536692251124286,138.50820846081413],[48.64002889605229,138.41120639831465],[48.70820497030131,138.2873991168807],[48.50782341116237,138.32053703475708],[48.41182282475052,138.2857998291672],[48.5653794943785,138.0807990411793],[48.622469175829416,137.9493836359719],[48.66618260226305,137.76533130029205],[48.77302063097787,137.5672120437782],[48.84616523292882,137.5009966492858],[48.90534638526103,137.40053342750664],[49.03978236961451,137.34369822830135],[49.04432508472563,137.36916586015138],[49.16610716068226,137.25288677740596],[49.25128308623075,136.98257946656062],[49.20286062093659,136.88001530981825],[49.10272929344325,136.852526812501],[49.10155392841005,136.80315143793112],[49.15619731247766,136.72249574467642],[49.14665970858112,136.60486153991337],[49.125529088266404,136.5777772275704],[49.05674774899352,136.72047190089708],[48.92729682566775,136.5926074897335],[48.64255027913191,136.66312889159263],[48.60209871691599,136.62021505012927],[48.58511108392436,136.53158779518688],[48.54060619897759,136.5909609712436],[48.584350813777014,136.45320541993158],[48.50087899192339,136.44677671704514],[48.4386089311372,136.32184719833307],[48.50025044429238,136.1184729676454],[48.466566969453424,136.11936989166236],[48.45109013273101,136.0343046693123],[48.390221503521545,136.07481478241974],[48.39665509525939,136.0325887465374],[48.35919522333274,136.00773621341438],[48.3685630305339,135.9707310628598],[48.29063852118812,135.98606021538464],[48.23628627633205,136.09708259450187],[48.245823839705,136.01004568735786],[48.16974630393527,135.98867069148383],[48.16632542762934,135.81414791746295],[48.13119545138261,135.80312459094768],[48.10546821242508,135.58687966684255],[48.0468386476503,135.46175547260856],[47.9900885716292,135.48375640612392],[47.969850520732855,135.41576751394845],[47.702691905547596,135.62520581413054],[47.548859731997894,135.83162828335324],[47.44545180422085,135.9223611150419],[47.3778695717434,135.83456897685807],[47.174686817035195,135.83078405213843],[46.642217471350456,136.38557850715182],[46.47721799565035,136.41689076847064],[46.35667540579976,136.37355775070967],[46.306371459531306,136.2028680894648],[46.32579719114685,135.80396322942394],[46.36700412155061,135.66092312229273],[46.50567314400704,135.43030888129303],[46.698324069393564,135.21341188137384],[46.80623649875364,135.01842928096448],[46.99343871079765,134.8080178533487],[47.09227055333472,134.5255357448549],[47.241770250248024,134.4427626177635],[47.716832554444096,133.80384533939943],[47.857468736216966,133.5651823585958],[47.94165812721687,133.28798260122804],[48.13562615400661,132.8810115112702],[48.24890483955962,132.92035290428672],[48.36804986572333,132.83216938720912],[48.47799176320645,132.43592640355808],[48.51416194167589,132.45610889582312],[48.55455496892333,132.40391933264635],[48.568272875702384,132.34259154274775],[48.612889995955285,132.31367742589333],[48.669073944209416,132.18039703343828],[48.74137671748443,132.10901905777948],[48.804591235189356,132.14290955842475],[48.85036665153227,132.26582798388236],[48.880482462630226,132.13585033003898],[48.891735565944956,131.89479567840215],[48.83635198146292,131.79237533613596],[48.74790561836914,131.76199753277763],[48.69538051473276,131.81566509748046],[48.666726673680316,131.79499586285607],[48.653037233859564,131.65344622956516],[48.69803570805445,131.46538608234297],[48.86879065737483,131.40318029193253],[49.06858104417563,131.14749003662183],[49.1774870338143,131.01318261027893],[49.17144563302284,130.9082953636584],[49.197454323565324,130.83856569516473],[49.273009911835075,130.40464495169087],[49.33367718044458,130.22125586550365],[49.38380367296495,129.83579931871023],[49.66016983130723,129.4625612219098],[49.74435782951876,128.91582868875162],[49.91029676225088,128.61920197911508],[50.03816735081196,128.466129293864],[50.05984012385079,128.39071003344955],[50.08791222545698,128.22605204641224],[50.04659822233071,128.1122818084514],[50.057154194659944,127.92634767231263],[50.13726856332132,127.61677253329495],[50.16716518067932,127.24718857484],[50.20904554004725,127.06160647453281],[50.369226060627646,126.73912405058717],[50.39984010040462,126.71443180722275],[50.35662031692057,126.64576074344401],[50.369287735874885,126.52915556092066],[50.41813926933582,126.41880383938287],[50.24512277704713,126.03262264910097],[50.11614705320688,125.9306016149944],[50.10391661886244,125.71206294794588],[50.047956217933574,125.49645008765978],[50.04802320468515,125.34244798650576],[49.98638335873392,125.267478730936],[49.985882382404654,125.12609159794579],[50.159719295762606,124.96741867123498],[50.38692820253483,124.6805946089074],[50.745913409777614,124.40229389710328],[50.79545031179841,124.17107845967959],[50.76895850833171,124.0625956606531],[50.860957837955795,123.85449981340963],[50.89122826358772,123.70957168806252],[50.853066814107294,123.60692368203048],[50.87646726321647,123.45825557860348],[50.92641024265416,123.31195628254365],[50.9898469598503,122.97267568005081],[51.07927315719321,122.703406796852],[51.07404218080987,122.64628804522232],[51.114338623978526,122.43011768211963],[51.1540686588012,122.35515417538019],[51.17965783463187,122.23115211044043],[51.294174128852816,122.12628297449412],[51.31531220729439,122.05688426625049],[51.37695136079747,122.25338942883567],[51.46371313516353,122.3553290856699],[51.534979462534615,122.54345225679315],[51.65319612632528,122.44692334000408],[51.72068758474323,122.43893493563644],[51.79408352498797,122.27172269596744],[51.800184421607256,122.15933276120299],[51.873292217947196,122.08057151933835],[51.90079210691872,122.1098131557894],[51.942289476827,122.0574523191299],[52.024066395493,122.1166673721464],[52.04928706670246,122.04617045887304],[52.12770901972203,122.00349912509463],[52.16426429333945,122.04745655450392],[52.17706026193597,122.00941384887159],[52.19351734314681,122.06050740974416],[52.32371642862489,122.03490274749609],[52.36179160994641,121.99231953499395],[52.36334865388789,121.92364536609571],[52.415704248775015,121.93202181053084],[52.4963607093739,121.84827506229024],[52.58995601198727,121.629808771108],[52.751146972976784,121.56025588204713],[52.77612539020822,121.50981372291885],[52.80119880272949,121.5318914448347],[52.81591194486798,121.48657578688072],[52.92760174070777,121.57878775339901],[53.050134324275035,121.44919018011039],[53.04585892404559,120.90021876326742],[53.08569062232195,120.74184465318929],[53.149800736115544,120.62403575723289],[53.55191267603126,120.40773001931603],[53.56123813898609,120.45990372536173],[53.81030310407084,120.27899429898889],[53.93508394410698,120.37905833443924],[54.080406857515214,120.3474531651026],[54.43244579774621,120.53073533913135],[54.80548191185011,120.37396320192542],[55.07977142535878,120.46625605090361],[55.50514228988882,120.46938418404315],[55.53383067350816,120.53028571984882],[55.59416107435115,120.54551020792593],[55.65551207104849,120.63438652284023],[55.69398936848205,120.77378706546682],[55.64444889358583,120.91355217757203],[55.6808249929592,120.94714378945753],[55.726091888732725,121.08581909740694],[55.859192017363526,121.11043500499949],[56.01115205802638,121.28067433879517],[56.09103778682686,121.44998556196653],[56.487052092177066,121.76617296765303],[56.55790472195423,121.90071854336406],[56.60136249797763,122.05924672523892],[56.85484221094664,122.01595300067935],[56.922785276803324,121.92555132555034],[56.931756289816335,121.7859085782082],[57.02239074366636,121.575583610882],[57.264380524051376,121.45358079716934],[57.628350903077354,121.45461525270932],[57.524790189333494,121.14409596618839],[57.55284365685589,121.13560976366398],[57.52486701878914,120.90296153914878],[57.65537691675156,120.45572900358906],[57.590896240897386,120.36989077820866],[57.58277362066063,120.2578200467447],[57.65303012193632,120.24424123404424],[57.71965691761211,120.10003604914354],[57.86871165278562,119.93032764981464],[57.79576363442986,119.37301378734942],[57.97353511363029,119.34774485766471],[58.25343387613825,119.13873460810949],[58.17979505275377,118.72001209443495],[58.41672702318256,118.80595454251988],[58.3915482073443,118.66839951676847],[58.3367863351378,118.55782632211326],[58.285539980665156,118.54082928393328],[58.26561929216984,118.4942765193462],[58.9882412030225,118.48008225479693],[59.46735328323213,118.55090571128271],[59.15880477287366,119.05233785005899],[59.213225153807606,119.28526792633693],[59.16009011624783,119.33584024881584],[59.178303791348945,119.44346999500438],[59.34358090549671,119.79993025883795],[59.55299940877712,120.08146304458572],[59.68249532039615,120.44716057025009],[59.79695556150621,120.55672066257245],[60.18440742561244,121.18500299383433],[60.26367396539708,121.4214772578794],[60.4378849872419,121.76072473744533],[60.87850597586162,122.30753646507263],[61.06919256254901,122.69966659525946],[61.37192666484514,122.82323965819417],[61.609649106544744,123.14469389960682],[61.67947485110196,123.59962929994887],[61.819397419279056,123.72888002570424],[62.06873280602382,123.80963511278252],[62.55125972641666,124.13922748955561],[62.86051688590582,124.3989732929814],[62.950208752787475,124.53843342089627],[63.32509687513703,124.8266401541891],[63.649187058591025,125.13108689862611],[64.47969899264623,125.74749177367578],[64.07606856882994,126.50703545414491],[64.47710102446352,127.05192505911474],[64.1133854250285,127.21756743963678],[63.89854226661531,127.20217323126354],[63.862797486141666,127.37710603419438],[63.52599734699032,127.50215965182227],[62.91202825402807,128.13325090794473],[63.07185423267784,128.35371286759786],[63.747834863382124,130.03803290892924],[63.31154921393045,130.09939929891206],[63.288410957827764,130.18825140183515],[63.028775016351894,130.13092153805079],[62.714636154362545,130.00048077281653],[62.45801937889854,130.0041576623483],[62.208074709558346,130.17910278940803],[62.62076612984135,131.23951453032834],[62.56525641680556,131.69865496325545],[62.62462866836161,131.83910827539233],[62.673718007050994,132.28535739121935],[62.99482525107759,132.78905581782806],[63.36616021919558,132.9792019407581],[63.62119986623155,133.20344797105417],[63.70258949376331,133.38549681060954],[63.631447238155275,133.63439933822428],[63.71340916228429,133.77746340067472],[63.47222903481727,134.0421734769109],[63.432914957707794,134.1832640999731],[63.965521690907664,134.78979508942695],[64.29712745605248,135.22015555521526],[63.683292366375774,135.4230895443465],[62.439435466074215,136.02671944903827],[63.00677401882737,136.79213837622433],[63.942306011885904,137.7653824143528],[64.26005226030259,137.82413047954077],[64.47150807663208,138.06135382139377],[64.46866982625295,138.13949395430188],[64.57429204928532,138.17143926313884],[64.68141545418712,138.28803771398333],[64.67977748230054,138.42739631618213],[64.59170413521706,138.56579630861398],[63.669839756485466,139.25172259486976],[63.51756272848632,139.52053925923337],[63.23916874614679,139.73937583697722],[63.055837490835415,139.96918552589855],[63.05529954652389,140.10329491142812],[62.92486389809869,140.35826215160037],[62.784453033380366,140.482934224696],[62.617206495099175,140.5114197035234],[62.388433760216536,140.99621066490283],[61.55743551637244,141.36564883469893],[60.99144945112711,141.29086049978915],[60.69568139398674,142.28455393349861],[60.509166316152246,142.29809273913702],[60.41363976595332,142.3708119143544],[60.10548561351975,142.97623881475593],[59.810910270777114,143.11767028870165],[59.77311438017037,143.21073010005276],[59.426979385670805,143.248003817909],[59.23937278661575,143.47530816030667],[58.98880984264913,143.42042846817492],[58.959628162999785,143.5999347893708],[58.888972330579705,143.5632099135959],[58.84100007003224,143.6453851972383],[58.81951737781284,143.5909577159607],[58.72219494192042,143.6039663902711],[58.62260860241678,143.7828778569559],[58.47566672469711,143.8438781834349],[58.44263883439237,144.13773850081046],[58.5226118819834,144.2568972628725],[58.532416750293805,144.37538459775467],[58.51076117077304,144.41772735225436],[58.456961138962846,144.340239866663],[58.3622170044314,144.33570620725283],[58.26278865802806,144.86805624825394],[58.440939897026524,145.26270425931688],[58.371060381194724,145.29054570492346],[58.34778802730027,145.4175526362644],[58.41987954216127,145.5494422853693],[58.52316557016066,145.9959381878139],[58.259881172838575,146.46947356629408],[58.320305690572575,147.08509113634136],[58.4865515144609,147.53993501740703],[58.75907267649609,147.9107785872277],[58.927441837734236,148.60636969386624],[59.31809622195213,149.02488378306117],[59.42386017828664,149.40937287413783],[59.41838915361072,149.59815942425908],[59.49582615142977,149.7335074511932],[59.74719705426805,149.83949675565802],[59.863986678064265,150.49628178357847],[60.079439224022515,151.37260798455796],[60.14061941503438,151.41686980362493],[60.05317780741225,151.69360108893636],[59.14266892964485,152.03922846175186],[58.80357566101747,151.8246842002489],[58.10812826000889,151.46678874889946],[57.73155139334785,151.24168253124893],[57.117539534210835,150.75851938472368],[57.01650472359739,150.85113416948207],[57.176078577110694,151.00083874298355],[57.06318040181075,150.94121940704747],[57.0157244441992,151.10824295467896],[57.13235664588987,151.3318675783766],[56.964922538990315,151.23253572838692],[56.78664727427261,151.08183643542282],[56.80572122616244,151.23025633177105],[56.745854731630686,151.2052847729787],[56.62957203299976,151.10006769694144],[56.53161968404072,151.07953379021995],[56.51939949483251,151.15593438253026],[56.46463849703173,151.15156289634848],[56.398463190137925,151.31359691334865],[56.345620599173955,151.33011826140148],[56.34694528726485,151.386450323276],[56.374452067258886,151.4379610839698],[56.19154142698077,151.20501489783572],[56.00708287890461,150.94396668525997]]]]}},{"type":"Feature","properties":{"Level":"ADM1","shapeGroup":"TUN","shapeID":"TUN-ADM1-13205935B26701748","shapeISO":"TN-42","shapeName":"Kasserine","shapeType":"ADM1"},"geometry":{"type":"MultiPolygon","coordinates":[[[[35.32993399269105,138.1569605064584],[35.302840732641286,138.0323480887008],[35.35292471478748,137.7447651113622],[35.39254790318023,137.15335738273112],[35.52243121281549,136.3637086404155],[35.62301894482819,135.65478024709506],[35.60853503051633,135.4194758145315],[35.87495408929597,134.35843901111508],[36.05168165436122,134.00940728756262],[36.1017164237403,133.600029743216],[36.10335515952418,133.38356605480382],[35.94643291762469,133.52912751404912],[35.798858365436736,133.51474715666282],[35.71588125009301,133.56020629886976],[35.69907519473719,133.31941269781143],[35.59304290515121,133.14546886212545],[35.53442760306089,132.51388108105297],[35.38272932374676,132.4062724058438],[35.50084834460009,132.29816165300542],[35.589699933494074,132.04063043326713],[35.59220391286169,131.92508288032948],[35.51966847583988,131.5472646857128],[35.49175163671305,131.51392260073072],[35.46448314141544,131.16956378945997],[35.514913327923,130.9687919411857],[35.61442898516501,130.19232300620303],[35.65161659695303,129.73476445691557],[35.58734091174077,129.7418303185009],[35.616796993122186,129.45888485058424],[35.827340463576746,128.8407113191771],[35.86312339532174,128.5743566528672],[36.00546951294141,128.20998573377622],[36.345620942088864,127.84811120089566],[36.4352019892396,127.64385365366162],[36.64049589369408,127.37791247424236],[36.86319846506488,126.98708185117718],[36.91194596893017,126.82915169484954],[37.071730191104734,126.60855306071788],[37.15048476416099,126.4596838628083],[37.20838326395706,126.46296077140425],[37.32350021644454,126.3615644594372],[37.62225534688861,125.94417645612864],[37.64471601507017,125.95324165310538],[37.83138332165289,125.76836022373458],[38.06751348672739,125.71099317637587],[38.09333273913927,125.66812582558364],[37.959982938219554,125.28624600617707],[37.964983947044715,125.03116703882897],[37.900133851425764,124.6233196656104],[37.908599078895485,124.48645598598046],[37.86693275301717,124.36421858720146],[37.884852492039144,124.12333215343504],[37.936288362504,123.96371801178618],[38.01855604590903,123.58372660131371],[37.99503445982819,123.05185784098856],[37.83717354683991,122.73872147717645],[37.691948077132054,122.67510367214771],[37.675008243326616,122.57913427661502],[37.71513581424525,122.35836627804078],[37.69188077405648,122.34109103860868],[37.73962103700044,121.95964398246036],[37.715112201068095,121.91660159012879],[37.98028343039263,120.27192981136616],[38.14067338937679,119.75845918378113],[38.329592717560466,118.53078618429794],[38.322180956087855,118.4445846413806],[38.349291389322666,118.42516426954363],[38.428512505794615,118.2208414966975],[38.43779763037175,118.1623079495607],[38.40680265082817,118.17953922352262],[38.368951733299546,118.26494125591373],[38.356694650046805,118.21737462631218],[38.26031811986166,118.39772883243847],[38.248537130461585,118.33064267679062],[38.12316040631748,118.42073282320632],[38.08397910485136,118.34241534747159],[38.03878221773354,118.36812124102006],[38.018151577791286,118.17470935339357],[37.97544702906977,118.24283069223941],[37.93085747408336,118.24632944404894],[37.81354367328251,118.08213373627024],[37.94311951779833,117.78398162133875],[37.94029308045337,117.70908355232328],[38.02329480349792,117.51603603561017],[38.07504752807333,117.25702143599119],[38.17604415655369,116.93689051992986],[38.32156825938134,116.22913486415756],[38.46081170073081,115.85408344652294],[38.559172199618715,115.49289970510105],[38.59048880679953,115.27546175660756],[38.688228329992455,115.00043693183267],[38.681494739509745,114.89178654606364],[38.78797006517674,114.64197232453805],[38.8069075840005,114.50174950615232],[38.87281133299476,114.32903268056455],[38.87043055730649,114.24616194651946],[38.937374912055034,114.08154176477757],[38.949975294530915,113.94232952259995],[39.13187903832649,113.36642339394874],[39.182454393006275,112.97324494788319],[39.373019978790715,112.29393175030356],[39.57098675459265,111.84767108526837],[39.66141339072939,111.52289706172648],[39.721255735420016,111.38472899289407],[40.033575307140055,111.02403472338021],[40.127328317458684,110.87673991883794],[40.421969284329684,110.44334752739586],[40.57954423454931,110.24411615199114],[40.73800257335103,109.90377646333278],[40.87927748580601,109.78668966486401],[41.031667930391585,109.59121524808906],[41.49571593221424,108.90427282602471],[41.64380431931862,108.80934239575826],[41.76300810340865,108.67010711675638],[42.05947949763784,108.09904261403986],[42.19614052297103,107.94765172226481],[42.266205087580104,107.76182265033697],[42.30401873932051,107.57718278898481],[42.48808963063298,107.17549173955257],[42.587498139038644,107.16614064364423],[42.637432341380475,107.11183314966128],[42.81852743502836,106.78801943147363],[42.930646736438376,106.78048669518661],[43.28162097293726,106.59575752914945],[43.28196754948184,106.68357137448865],[43.87011207629357,107.9295239998682],[44.05449149609104,108.1693570786417],[44.13031144363084,108.34254012413895],[44.335415667367734,108.6688515584448],[44.536999187244696,108.90755791950758],[44.60353577746759,109.16619517806308],[44.80857943571053,109.12492015097968],[45.157092679532425,109.87089119662892],[45.315440351596806,109.99299989996811],[45.42270372296187,110.12968138782927],[45.63902791119877,110.26347914171639],[46.13178876896817,111.00291659811268],[46.36599334282968,111.2109885922154],[46.42990706454671,111.42309056966542],[46.51784593432853,111.53221095235237],[46.59607966827639,111.56158391088826],[46.8115501655923,111.52131523941279],[46.87545069441357,111.70344899435102],[46.914100878920934,111.67924326224082],[47.1361151983553,112.06454708997626],[47.33191504827038,112.22268206634902],[47.3874950174136,112.4167371710862],[47.465294359384636,112.5027342876124],[47.47160705972962,112.72424324741064],[47.443336621127244,112.8417656059186],[47.403228885027076,112.9158818842838],[47.37154803296541,112.93688666786369],[47.33570944038483,113.04311169626843],[47.29624635337282,113.0171274176853],[47.24101494677521,113.0717467746621],[47.22318397646711,113.00918342967879],[47.14798535198686,113.00638016039002],[47.01966928098868,113.09773268114162],[46.9898281874231,113.35732546653799],[46.82937122735187,113.75953889315701],[46.82817384206309,113.80303943127879],[46.896621760358826,113.86777440019384],[46.89749003093917,113.9462031390081],[46.8664658718599,114.04282136282113],[46.82077288744624,114.11596734214908],[46.824893013899334,114.14347456659769],[46.74309366290028,114.40791885766177],[46.78412848566841,114.38789141240822],[46.87371738798021,114.26947388092753],[46.92330823237744,114.27351979276057],[46.893694751083025,114.43239248614094],[46.91656852530049,114.60487533407371],[46.906701080158136,114.72834128656719],[47.01208835858406,114.73387777585319],[47.06304358189978,114.84765773586153],[47.16422915894285,114.88364544556312],[47.35003311410895,114.88295417118341],[47.412000277092105,115.15302101455156],[47.42291792478282,115.40755225118826],[47.47297140261844,115.59481570833083],[47.60185834445359,115.52768399195858],[47.70751539567658,115.55453665668249],[47.82849638772302,115.49955804409797],[48.006306295270164,115.75887473867904],[48.02974762350338,115.8901733870194],[48.11135107461067,115.88895211400373],[48.18167719819666,115.95531998683131],[48.22699887563558,115.94450783721796],[48.280433047335656,115.85288455226339],[48.418026729977015,115.75964788017029],[48.50694074603516,115.79871629649047],[48.57341595864711,116.00174966077003],[48.66119763995421,115.92684198957782],[48.721959851094525,116.05167888821954],[48.75696720100129,116.03126199353024],[48.813287415910295,115.91846163354572],[48.869800508365316,115.98464043889608],[48.98246565674502,115.91043843213183],[49.033970345557336,115.91901578086761],[49.0794763514212,116.01292100324832],[49.17191300061489,116.54585081828301],[49.38441475212779,117.46671041334986],[49.27334711498867,117.72334646145654],[49.233430391081654,117.88692909094453],[49.217582876644315,117.86821596932015],[49.19588885021999,117.90905515547591],[49.1467998780537,118.05880912454451],[48.74892661492615,118.59163745080818],[48.5203091553506,119.19282606179793],[48.52719580844663,119.3943989741614],[48.57905646049702,119.60116995112928],[48.55873768703286,119.97459195268313],[48.51813009139164,120.3049456776209],[48.337040107274134,120.85927263437733],[48.542772733928516,121.09636266706232],[48.565799682462796,121.06321869626497],[48.641978512666924,121.22801454808307],[48.563768707669084,121.3572934340839],[48.50073363151493,121.49646728899316],[48.347747762472835,121.70051654297846],[48.092920137969664,121.9332872894975],[47.961408095167,121.9805875118198],[47.76164398517814,122.1616838562139],[47.73330423886025,122.31918527273882],[47.670715907276424,122.45079285221682],[47.50382353550708,122.73898331809131],[47.20117108512102,123.0784872948791],[46.870223048494395,123.62530964309826],[46.850691961750854,123.74426730160252],[46.87862578894696,124.36478090840637],[46.94994342069769,124.65847729212152],[47.303714553714386,126.89076371101524],[47.492612333853444,127.43052933904346],[47.94989379355689,128.38215356627907],[48.01957143206951,128.66670321628106],[48.260150604177,128.9460507702346],[48.294778339536045,129.0182077543657],[48.31532628524268,129.2670772997962],[48.37545905541092,129.2617307179754],[48.39246211617319,129.34333045524545],[48.33071699003091,129.33413831284946],[48.29733912209635,129.38441341238263],[48.184015508128546,129.75382389864382],[48.244224126097144,129.87164742949528],[48.125455660229875,130.16895300964504],[48.109542749559665,130.31297677922046],[48.06988652523546,130.44713426780402],[47.92058702259401,130.52982921547806],[47.85508233693247,130.743342773388],[47.76803854187088,130.80828486009483],[47.61090511158322,131.14890339068876],[47.51415802463281,131.11483925405258],[47.49511367321827,131.04257935784477],[47.435025159919675,131.04191764563498],[47.35868685952996,131.09584170559026],[47.2991176877894,131.34082756968485],[47.298980159502115,131.44014184573092],[47.329351597708296,131.4742323471864],[47.24566030095119,131.59501635026007],[47.216831132357576,131.70227124590934],[46.96868899648284,131.52601349049422],[46.83719639821956,131.48202994461047],[46.81845838315968,131.43628163950132],[46.77965640215828,131.46167332146695],[46.742692934357116,131.36559567409057],[46.59444391572573,131.37611087027443],[46.529415965185095,131.52970213822422],[46.40908567725384,131.66482722071845],[46.39522735356469,131.73499768977828],[46.20544285627969,131.77113640657527],[46.03943759827108,131.9108999143162],[46.02740669189862,132.0447352703303],[45.96927872975416,132.23167436355575],[46.00042798997784,132.35148514405083],[45.96350439792212,132.38837047928263],[45.93012792832956,132.5323810029151],[45.981699146048726,132.79840813785773],[45.72947663576008,133.0827395306964],[45.62512879469968,133.09404371226674],[45.597247337460516,133.27357540192372],[45.604140700062324,133.41459460218334],[45.53491452827052,133.27267979016364],[45.51866421674039,133.3123074919184],[45.47563980304963,133.30728763865534],[45.276825122012326,133.4641118218558],[45.142454709982395,133.34195980662673],[45.12761513000686,133.21867940078297],[45.09056897951496,133.1966161111594],[44.85219329444975,133.48967264300796],[44.757714765466574,133.66570664328833],[44.72545266307165,133.62748745718073],[44.642512803890654,133.64023600760123],[44.65378572152986,133.59636234133205],[44.607047479307255,133.56962271560815],[44.65184304034102,133.4427746057094],[44.644693973698146,133.3864222674087],[44.56699573656795,133.31416293471946],[44.53744251273591,133.22541258160317],[44.56529034335369,133.15137252481432],[44.52737756159983,133.040733199529],[44.537323811182226,132.91284844310434],[44.49313895754262,133.05417947582694],[44.41847918259465,133.14725142604073],[44.37886364923156,133.24954932493904],[44.24022259891087,133.29987226691546],[44.000160882858154,133.50299364838864],[43.9340294394415,133.69690088877684],[43.837445971250915,133.85606148718523],[43.695944131259765,133.73471341763465],[43.538843314194715,133.6895833399246],[43.46486211270903,133.75245373733082],[43.209605958532386,133.78074901480593],[43.15890142771069,133.83066210639856],[43.12094822713452,133.8234729861837],[43.14386852458614,133.92073677148883],[43.09096917739203,133.96400159031276],[43.06132220463549,134.07672139553873],[42.97383206273636,134.2250995473354],[42.84906883378869,134.67389853531665],[42.975011888920136,134.70297211831544],[43.02154364962128,134.75388024592834],[42.82873158021232,135.0071250455502],[42.739141702717376,135.11822391202708],[42.66431216573338,135.1967073691438],[42.52985427185041,135.23371645074482],[42.550906492208654,135.3665015466842],[42.65551359434997,135.30960605517743],[42.672765870766426,135.44989903738247],[42.763001878218944,135.44623372059252],[42.791226210612,135.56435416989018],[42.85728376040407,135.58325107616477],[42.85953518065709,135.6602125997573],[42.94702221978191,135.61759290778497],[42.99664488895915,135.7345136584192],[42.90356096469611,135.7476258813507],[42.751218929554696,136.0443448299454],[42.728590494648,136.03792348144927],[42.65259551015818,136.13608880893864],[42.43077123249172,136.1377231244428],[42.37426073395499,136.26673764579778],[42.23172497029941,136.4818207293983],[42.17631881812698,136.49129409363178],[42.1037197958312,136.56535644145208],[42.07920871776632,136.54855893707517],[41.99564987602399,136.68929955008088],[41.90274979346228,136.74568455415425],[41.65671142982533,137.1569262931207],[41.54085647745576,137.2704869013379],[41.459800981792526,137.42444470037202],[41.35473146817195,137.5558640772678],[41.205424398361814,137.72169160848608],[41.103437082309824,137.78259651415829],[40.92473531404212,137.95876667050686],[40.862320808615536,138.1051698487614],[40.71713540819337,138.3494565811388],[40.57994822963914,138.51946427344626],[40.3431864704262,139.1081876080001],[40.26655066065596,139.18921512838],[40.19863042586574,139.20550266040505],[40.07696239611359,139.2988094016597],[39.95268244910163,139.5176792034543],[39.87707724559659,139.51875528243252],[39.89060749996047,139.36625879145254],[39.8481130492526,139.32517832881769],[39.71474688436255,139.41766048393404],[39.615425823032425,139.32576820840796],[39.540663972161354,139.42387494087924],[39.49872074063769,139.4378511711702],[39.42393375960883,139.5710884938685],[39.37862755708164,139.5998310536408],[39.36785856348465,139.54742502997973],[39.33542480929083,139.55448407000455],[39.28521018875695,139.6986312896927],[39.31558796676887,139.75104115199662],[39.279810713727244,139.93898756593242],[39.25963421112642,139.94686702891988],[39.22219399969556,140.03596667412486],[39.13088263368191,140.11996138501468],[39.097235507126435,140.04692717770723],[39.077961301767964,140.0829343470826],[38.98000728258374,140.07928070225074],[38.96180262013641,140.04137664482008],[38.84181484840285,140.23360589184404],[38.806369767000405,140.22062099758065],[38.73901446357747,140.28918697729475],[38.793357122230134,140.00107770499295],[38.81041161563162,139.5568785947619],[38.756861872318915,139.58231006038596],[38.70711953306469,139.50636240600815],[38.682139974696824,139.54985236773126],[38.686162574076015,139.50052650999953],[38.64183559315126,139.4501883577073],[38.59284537117725,139.46588172322754],[38.55989148017487,139.55629801446082],[38.460204990749816,139.66837944917683],[38.440447326215526,139.39523428050794],[38.336206392009444,139.4704101178611],[38.249331569337784,139.62525160045286],[38.25048744570244,139.44345568455705],[38.30481249589881,139.32617935410795],[38.314785235431955,139.18718737766633],[38.33838401078084,139.12714958857256],[38.380244542484604,139.0897405268922],[38.38927208071173,139.00078868937766],[38.432832025318,138.9504168165485],[38.427884862192116,138.7743028419149],[38.45910225715722,138.70573699684593],[38.4719385365207,138.5334403390956],[38.43080487141613,138.45399715505226],[38.45223237797447,138.398371551577],[38.44515629383147,138.32445136190236],[38.476077308505225,138.29039575141218],[38.46810718109072,138.2471705853015],[38.49936028225162,138.16176438290037],[38.505097002544396,138.0650196302553],[38.56792851550926,137.94826355956562],[38.58027325072479,137.86826444313365],[38.54902522263218,137.83547726285923],[38.58516445490984,137.76553993983708],[38.5537145716192,137.78115964338116],[38.56673098679222,137.7182675098172],[38.54105125212464,137.74892490149105],[38.57171342732632,137.68018950135698],[38.52179999218492,137.64972444021777],[38.50614613264784,137.5632908815465],[38.458719429974465,137.58093078764935],[38.48517925780046,137.43759810720985],[38.46680410734619,137.36352883349952],[38.43368769032823,137.3881294613282],[38.418815468518,137.3005333305259],[38.441259018579245,137.2687352161123],[38.43473493514683,137.20426965629753],[38.464167441634196,137.20075029126627],[38.46608396676574,137.14200263737328],[38.389984592800246,137.1579493371853],[38.3687642366523,137.0863961044383],[38.31896734120765,137.05835455620496],[38.240929132030274,137.09652538936777],[38.18564885661824,137.03381090374688],[38.15065483122131,137.09312429046432],[38.13462810700216,136.9606787275955],[38.077303495570504,136.95427238802097],[38.0567156515291,136.8908713743307],[37.990479719957946,136.9205882964315],[37.95796576949795,136.97405413906662],[37.945192635825514,136.884371892206],[37.7573451885482,137.25510643277903],[37.61421380851776,137.70240545761942],[37.58634853310497,137.6932668080541],[37.624864231450516,137.90228854031227],[37.56723911655775,137.98845706157653],[36.89553331438352,138.55239487513356],[36.7862938755409,138.67504827930344],[36.643715697195745,138.71364390992443],[36.48273774868492,138.8937576754014],[36.33227730370862,138.94053738419416],[36.28248868233473,138.90891686170457],[36.25211272216896,138.96619524723454],[36.17867482609791,139.00432197847766],[36.02037588012447,138.98183511161182],[36.0116054417484,138.7358967124075],[35.94803685433484,138.69954161603715],[35.87327933613387,138.53454075878224],[35.86784590568231,138.43445770427851],[35.69294213276205,138.42373342477057],[35.77080370200885,137.83009422618412],[35.71564412037408,137.91992458548157],[35.52877080169831,138.10209918319225],[35.44417253993519,138.07119154092186],[35.32993399269105,138.1569605064584]]]]}},{"type":"Feature","properties":{"Level":"ADM1","shapeGroup":"TUN","shapeID":"TUN-ADM1-13205935B85865212","shapeISO":"TN-53","shapeName":"Mahdia","shapeType":"ADM1"},"geometry":{"type":"MultiPolygon","coordinates":[[[[64.67977748230054,138.42739631618213],[64.68141545418712,138.28803771398333],[64.57429204928532,138.17143926313884],[64.46866982625295,138.13949395430188],[64.47150807663208,138.06135382139377],[64.26005226030259,137.82413047954077],[63.942306011885904,137.7653824143528],[63.00677401882737,136.79213837622433],[62.439435466074215,136.02671944903827],[63.683292366375774,135.4230895443465],[64.29712745605248,135.22015555521526],[63.965521690907664,134.78979508942695],[63.432914957707794,134.1832640999731],[63.47222903481727,134.0421734769109],[63.71340916228429,133.77746340067472],[63.631447238155275,133.63439933822428],[63.70258949376331,133.38549681060954],[63.62119986623155,133.20344797105417],[63.36616021919558,132.9792019407581],[62.99482525107759,132.78905581782806],[62.673718007050994,132.28535739121935],[62.62462866836161,131.83910827539233],[62.56525641680556,131.69865496325545],[62.62076612984135,131.23951453032834],[62.208074709558346,130.17910278940803],[62.45801937889854,130.0041576623483],[62.714636154362545,130.00048077281653],[63.028775016351894,130.13092153805079],[63.288410957827764,130.18825140183515],[63.31154921393045,130.09939929891206],[63.747834863382124,130.03803290892924],[63.07185423267784,128.35371286759786],[62.91202825402807,128.13325090794473],[63.52599734699032,127.50215965182227],[63.862797486141666,127.37710603419438],[63.89854226661531,127.20217323126354],[64.1133854250285,127.21756743963678],[64.47710102446352,127.05192505911474],[64.07606856882994,126.50703545414491],[64.47969899264623,125.74749177367578],[64.68882061878179,125.89073864105177],[66.4278147693896,126.31927759552231],[66.7322306163851,126.53757310145872],[66.98084861562289,126.81140434735278],[67.06279657306636,126.97040058481514],[67.5740388473931,127.5238077659026],[67.6911267431577,127.58782333868315],[68.21196981941773,127.56211449877293],[68.4646304626951,127.70937026667983],[68.75046469924531,128.0206547862146],[69.16570433941892,128.19495985587153],[69.34656634607546,128.07572632532143],[69.41971221904488,128.1333581241131],[69.54546967696274,128.09223608047841],[69.70390701917414,128.13502656589816],[69.73849475221124,127.92399482828881],[70.02248581850795,127.93708085634135],[70.19270254657312,127.85899627517892],[70.3857230395646,127.9266512792838],[70.74884589108495,127.90234696008324],[71.29995153913745,127.93342923672138],[71.57710088907217,128.101293910214],[72.4857506097866,128.82241308946664],[72.8736423730472,128.94863899704336],[73.85708829437903,128.9393847860682],[74.70288102984532,128.99010086351817],[75.60040888264258,129.14182700703589],[76.59788754274602,129.49530070921625],[76.81516305652062,129.60555118747254],[76.418551063927,129.876037191173],[75.90621868610313,130.34638869044775],[75.66707905734152,130.46177351717344],[75.55711189363258,130.62039275067443],[75.88429093084689,130.65298848395076],[76.38209687596876,130.75857776489707],[77.34800382177798,130.84344150373832],[77.94865271068642,131.03149796913505],[78.11389077981651,130.87879435172],[78.28884916087046,130.91035414104894],[78.63797939951014,130.6296854022294],[79.06738973700874,130.48916642000643],[79.37403506959268,130.32183197132093],[80.01750468686885,130.130856576924],[79.98332724924683,130.1084708327562],[80.52589899540347,129.99042328737346],[81.43439406444526,129.92961961546337],[82.26195022744051,130.06050123495277],[82.44099970449231,130.0675292150614],[82.49494309969387,130.02216068120578],[82.58257820539457,130.10224505514333],[82.81706869629112,130.16042866923746],[83.22822765150619,130.13390710263718],[82.89143925397305,130.33762916606614],[82.90425293284825,130.41088906660426],[83.01645481144223,130.42271534618723],[83.28354019363019,130.75252920316183],[83.40949194198521,131.13909646981958],[84.42208614945308,130.85552817766882],[84.59109289062557,130.47204417617687],[84.59892622036298,130.30004424754773],[84.78201798543769,130.07686908563736],[84.99275287744315,129.97166847533828],[85.07728043566088,129.4588488664495],[85.01467318948198,129.32760364504264],[85.11448268814158,129.16225744858164],[85.40863673400175,128.58111534939542],[85.50436792546094,128.32670181588864],[85.58748260687312,128.23287270977727],[85.62479891785537,127.99075308627889],[85.54696640088923,127.62334425541876],[85.473681177668,127.53906073896916],[85.79820799545746,127.55946217880756],[86.10871814219797,127.66404777938841],[86.27826776813009,127.68077717353567],[86.74284608532028,127.86337854460322],[86.97490639351363,128.01125497675233],[87.44414675614465,128.35694338644254],[87.67175266167368,128.02805527912943],[87.85739991924154,127.63067978272133],[87.71953826288029,127.58820162405505],[87.86930444400996,127.36517628580586],[87.94367587508704,127.35200722941525],[87.9698023477415,127.26766930521086],[87.34059301605532,127.03359825729845],[87.58036988412935,126.69431719364316],[87.9314002273144,125.79955704910086],[88.09284252585816,125.68108607140755],[88.34816179119738,125.61268631940703],[88.59766707483351,125.38942095551316],[88.738046947685,125.4609318187274],[89.04260266176674,125.1799948134074],[89.33376669247872,125.05655380417258],[89.35179811588898,125.18729299863357],[89.5141920093179,125.52588127479659],[90.02723207341326,126.04180118951842],[90.39454573853894,126.2996622720454],[90.4385577777046,126.29957511858045],[90.5845850244287,126.12562258867719],[90.42343547455698,126.33944623959503],[90.63496997531107,126.45670990065975],[91.00471042647801,126.38649784588819],[91.19059951800502,126.2849553035395],[91.36471211669227,126.276388221811],[91.37803921148829,126.3163412352411],[91.24839168159752,126.45049258450283],[91.26777791436422,126.52330596131507],[91.35481750252436,126.54414827069633],[91.56088300919939,126.74141805518049],[91.77885800497023,126.74705791282716],[91.7691893426663,126.85814008172781],[91.83761917809582,126.9176214065922],[91.96337900799716,126.95566284876519],[92.09031800238846,126.92583028290515],[92.15543630561116,126.98488405035843],[92.12889462071273,127.08045060192885],[92.20134104667697,127.33827265463891],[92.50918981567159,127.4401391233019],[92.52004637222458,127.52397478617905],[92.75217504343732,127.51465224157207],[92.80724264714645,127.44169583734481],[92.76611960335546,127.52697531853852],[92.96921243738382,127.50017504033882],[93.05721628578914,127.36179602369347],[93.18152230407865,127.39454197031664],[93.31967521844662,127.25859300550242],[93.45564035355358,127.26656113677346],[93.59978448440475,127.43238642659935],[93.72560696477707,127.40140748381121],[93.79493885163653,127.32262450544366],[93.73152112035784,127.40305150945369],[93.30151167740996,127.69750884915126],[93.05398154124099,127.92647482189273],[92.80048428907817,128.41153424727014],[92.54249527003648,128.68623852862095],[92.46367449505203,128.98607941500862],[92.23575686089696,129.33874671936906],[91.99877632124121,129.93543175476265],[91.88486417159407,130.4530795153903],[91.98377345097263,130.96988810058127],[92.24731063454252,131.54031365807595],[92.57504389478066,131.8994800228295],[92.70464753951501,131.94454478945823],[92.7747576422318,131.9168334578823],[92.89756760970886,131.99319947397146],[92.93683580596826,131.96987434380543],[92.98417463185689,132.0006079821687],[92.9802106036518,131.9630163996755],[92.92436888410121,131.9541987991099],[93.0296660531757,131.96199095184176],[93.10029291396813,132.38028866133638],[93.22701177637829,132.66948323991525],[93.6975658289841,133.26886895031598],[94.87623713571583,134.44965025661858],[94.96534068245859,134.5089568128691],[95.05864815056691,134.45427564459845],[95.08052087975072,134.45533372901167],[95.22052955407617,134.53988509338825],[95.0616784666554,134.45794986140174],[95.04057839494212,134.46985942007274],[95.09082726652282,134.51693073815892],[95.04732927216335,134.48027096510165],[95.02283802988771,134.49595568876848],[95.07529373194001,134.54266668479477],[94.9929631535974,134.52151790999469],[95.05245462962542,134.58329161545095],[95.14948087050158,134.57041843735334],[95.12236951101609,134.61058840205533],[95.18669556774518,134.63085645300154],[95.17439612471378,134.59295390580758],[95.2134107401794,134.62765425922257],[95.1753414722009,134.538744341558],[95.34404555417753,134.67435671767566],[95.4800767362611,134.67150446520273],[95.49815684621521,134.7053010935162],[95.53920382568229,134.70149629575752],[95.50534409339441,134.68142109029492],[95.63836462675906,134.7550855826779],[95.65690094430818,134.80722459021615],[95.24995633632393,134.70352165228036],[95.16863921711317,134.72844178056206],[95.03284610904981,134.83167130641726],[94.92011334306342,135.00668456208675],[94.8698560194992,135.25621152240223],[94.89682021163213,135.48695848608003],[95.19333411898702,136.13978463257425],[95.22304698365272,136.2794161471537],[95.17353142683316,136.35160195763802],[94.61539915328996,136.49131019007018],[94.65908572372342,136.74601125030625],[94.37028452802869,136.8191326538905],[94.32793200219801,137.02852049659668],[94.23113837239171,136.8722158021683],[94.1469205440225,137.04436664465737],[94.15877200119553,137.18520834286022],[93.93278834948671,137.12859981492892],[93.8820904767303,136.58060760426318],[93.82706097298004,136.638557500733],[93.7587757692873,136.55049858835795],[93.62471694365516,136.59875180430822],[93.56538602845083,136.8990435136138],[93.01459144655814,137.10504422897958],[92.71985679683792,137.5161227963152],[92.58816297394056,137.48325689635715],[92.57364807618691,137.32284454285076],[92.52076970863963,137.36059161519353],[92.46932678924905,137.54042612571794],[92.56989581175873,137.85491637949616],[92.32062004452321,138.01271267727742],[92.14966884293139,138.28207429948003],[91.92999090370938,138.0318610272436],[91.77363775910814,138.04042726682812],[91.63539468357342,137.849871657612],[91.42441276484851,138.12474786063606],[91.4179318121566,137.93020301473217],[91.31278465244223,137.9479662355089],[91.32140593118156,137.79495852622418],[91.038876241853,137.70770955887764],[91.13639027240278,136.86327864487674],[90.6575039277196,137.1219948074431],[90.27680515410674,137.5849814165395],[90.31803278973682,137.72600983046996],[90.18926575227997,137.84358918351492],[89.5030521964681,137.8767188258165],[89.45347933781541,138.1088244223786],[89.26510139359718,138.06065495207903],[89.08387020049858,137.63794436248207],[88.78477721528502,137.83506008040473],[88.78476673431366,137.70990106926445],[88.60954876042464,138.18606183858896],[88.42912353085504,138.15373671919394],[87.96044418251888,137.4807355259813],[88.10622069005132,137.300915327939],[88.04408172428754,137.15465308239513],[87.65866325168454,136.81315758216618],[87.79874637881821,136.54413337448923],[87.98950339716464,136.29424851330833],[87.62592190458118,135.74451805094725],[87.1334765295212,135.67667736228518],[86.745341076466,135.72741102890234],[86.64322577337605,135.49641162466406],[86.17917204769488,135.61161533626233],[85.75995907791864,135.23026097123102],[85.31797155483724,135.23631988791473],[85.16673750824116,135.35864708416364],[85.21921874415789,135.42789337187602],[84.39359276210497,135.38272780893863],[84.44863417840209,135.6442072423717],[84.120782513429,135.62928616259344],[84.27049368089735,135.87794155821436],[83.86260661995757,135.9971936688577],[83.71936888114136,136.22926684883743],[83.34354234240294,136.24507462327284],[83.15094016298181,136.94628639098684],[82.07046948799936,137.37450797045838],[82.43347717133717,138.11854801861244],[81.5398612002188,138.08479742098802],[81.12426125251173,137.3440936546129],[80.80070115115856,137.49141042908573],[80.47968083288656,137.535420777229],[80.52315096944571,137.4245380889722],[80.45209658038695,137.26883497579468],[80.12138087010214,137.4138803554912],[80.11385855478395,137.3390386513427],[79.9104671793772,137.23763958204933],[79.93569778659409,137.50001724333222],[79.66026931210314,137.50990472047664],[79.47809714204134,137.87093178809596],[79.03719788335644,137.57639559621376],[78.83673406107464,137.80570450205727],[78.54221452667136,137.86257444035675],[78.24514536711814,138.09247075998786],[78.17713325642352,138.91973794339924],[78.08487983442093,138.70699536598602],[77.51158261733426,138.18386383481555],[77.35197330503597,137.64973144482286],[77.21186409646984,137.6774192409261],[77.12475228730281,137.46668332321397],[77.17261075653641,137.25430938386265],[76.88452577965754,137.24022459707294],[76.76176680561164,137.03512002761772],[76.5436008177765,136.90224769979213],[76.41184204903662,136.99430381718156],[76.37363561263743,136.91603043265542],[76.2486163672732,137.1019198702579],[76.1478768954463,136.96304455222733],[76.17795000059422,136.8413371243842],[75.62848735784516,136.72610705529416],[75.58211283226308,136.47282644553695],[75.72601797099631,136.1990752326583],[75.60026787743422,135.96737179841992],[75.62599474489895,135.84846987312463],[75.50317183756832,135.74009266086188],[75.46956082999463,135.646533118487],[75.52015562080906,135.62477009436014],[75.41533698341038,135.5550356620462],[75.34661138731414,135.2103752113259],[75.37465304318653,134.95382853796386],[75.10758378397817,134.94164706180578],[75.01841397527684,135.0423474948789],[74.47316255690104,135.35998193663278],[74.300488608245,135.3331582457556],[74.16527953055488,135.38083949513324],[73.95560941348796,135.32705857998204],[74.03949173648321,135.14376727069828],[73.88251942335064,135.17890781857943],[73.74023428152378,135.3411444753895],[73.5543308014039,135.36251544223862],[73.25961120395297,135.47243032164857],[72.90046696923262,135.368326058855],[72.44639905334915,135.41519661389574],[72.33940952208575,135.35811072879085],[71.58581529245467,135.51278790527346],[71.59036912116024,135.5644761609224],[71.46891974692801,135.59768382556143],[71.50751922034834,135.66628472109184],[71.39649646321483,135.74234686086498],[71.62732353158678,135.7676130686254],[71.62240879689759,135.8105719682671],[71.77738025731124,135.8678093008704],[71.34421488714628,135.94568215230933],[71.22644932055006,135.89374663533616],[71.28132564431013,135.79383684589874],[71.15212212503707,135.822873240447],[70.74888294781307,135.74132564335628],[70.66671446369084,135.75805069401542],[70.63808129502077,135.79044003188253],[70.80056658458935,135.82851126302208],[70.79453731799744,135.93661885548497],[70.40160333507843,136.19900128124314],[70.57731810981642,136.28460761402056],[70.10768916908222,136.62202196487198],[69.97055350947063,136.63064140099152],[70.05307098435229,136.85058395754342],[70.18635769796606,136.86639186010623],[70.18716986036131,136.91073984265745],[69.93727054738613,136.95655986232836],[69.79701499983413,137.0898943148076],[69.60110034919498,137.0961882381144],[69.4880815690316,136.98131733896733],[69.35135202815019,136.9470394431449],[68.99165672048443,136.9964644644724],[68.68776077488127,137.0564564153575],[68.46491945850053,137.31827094915334],[68.0798938129903,136.81822960653022],[67.92676852221602,136.69010593074887],[67.81641999871302,136.6752684154104],[67.71968741824166,136.74965804813087],[67.59602978396339,136.627294447056],[67.61597554786596,136.74309817528467],[67.56768287441338,136.7649058046707],[67.54270979527375,136.67728019486154],[67.44962265697781,136.65419292609454],[67.2599710059563,136.39865929038177],[67.31324791712572,136.37636251905292],[67.44513649763533,136.54867852887406],[67.55969901554244,136.59645323249828],[67.54202956014805,136.51652129930886],[67.50270441894128,136.5401767880896],[67.42173592135887,136.47712321551109],[67.36107775549358,136.22024517273366],[67.54981882210096,136.26683543253634],[67.53362483643158,136.09016525932776],[67.38315933304872,136.0114061092983],[67.38575396424082,135.86498632294112],[67.29125089030777,135.78597839211642],[67.1204458138663,135.91966432366928],[67.05320708340241,136.11548285156732],[66.90592321305854,136.24528307529005],[66.765800289663,136.12105774900047],[66.61852500708738,136.14504304579117],[66.59426596449495,136.2038414504506],[66.62559429024569,136.26684677682624],[66.57844232437465,136.30960576947524],[66.40542015395174,136.28118142413308],[66.21059969872258,136.187856068266],[65.6364247868031,136.55067241741537],[65.53466876661643,136.37857237414104],[65.34073377101582,136.6669587718512],[65.29347466865595,136.644590042248],[65.27021436288871,136.5144045094687],[65.14131836557765,136.4683741962465],[65.26207216754268,136.70917368070621],[65.22604330893182,136.7640805518801],[65.09347552635782,136.79689981563956],[64.85208075463974,136.7701653346602],[64.70671660188611,137.09022880177307],[64.88276225494107,137.24787575482316],[64.80408886387505,137.5646762805929],[64.91780293680353,137.7275056665176],[64.93726321779451,137.8712021162491],[64.85838638035423,137.99165000065835],[64.97475619794383,138.15549585614582],[65.08965374777455,138.09145240922362],[65.199704876059,138.1287770464014],[64.93559409761684,138.2889128346973],[64.90887111685059,138.37602114653123],[65.00916573537924,138.39124291364564],[65.21679060253972,138.2573227685255],[65.26497089653145,138.32450661158498],[65.19275254367007,138.35477845566163],[65.18311448307044,138.55538720501755],[65.13094681774174,138.54001447088783],[65.10273432605817,138.6504851999582],[65.0594011481599,138.63943332712944],[65.01783149081146,138.91263809992682],[65.1538613864042,139.02257001646382],[65.12531817457776,139.15139709153726],[64.90842528493616,138.9596555996255],[64.93375178818854,138.84574446356396],[64.87767887930279,138.56482692803735],[64.8235150147593,138.56717699113014],[64.76913988707003,138.46037414710852],[64.67977748230054,138.42739631618213]]]]}},{"type":"Feature","properties":{"Level":"ADM1","shapeGroup":"TUN","shapeID":"TUN-ADM1-13205935B91723645","shapeISO":"TN-14","shapeName":"Manouba","shapeType":"ADM1"},"geometry":{"type":"MultiPolygon","coordinates":[[[[57.98404514584304,192.43292845144578],[56.54335335168939,191.0006862148846],[56.154616523911606,191.72480497573576],[55.85654625116296,191.56194530730178],[55.76378296487513,192.1285795710624],[55.932376897811416,192.56578347114802],[55.80406435215425,192.9306904660412],[55.69843757162169,192.7900379392638],[55.53157059212935,193.2779792519357],[55.618667245070846,193.5520732494549],[55.3619426701612,193.84776165092393],[55.45886263147437,194.25984276541936],[55.20258180100015,194.22630421196982],[55.50474430659804,195.0698332407311],[55.39808767781526,195.04232935579597],[55.440617936059056,195.3056755645017],[55.27939513077207,195.1795767155447],[53.963756537471795,193.6748041288738],[53.274612710662964,192.05806099489877],[53.12035108396691,191.79395050640005],[53.00952862416958,191.25850131034915],[52.71638941787777,190.5093106445832],[52.669549046580926,190.6945633149256],[51.90264300392093,188.76010193350476],[51.715262485797496,188.8454071254546],[50.65129610149739,187.16492236786425],[50.23966479752437,184.6774569706222],[49.88844330319589,184.27749127823552],[49.8669748354043,184.43190506214194],[50.005940960929806,185.00183580562467],[50.307252244058205,185.76936469297726],[50.327285400378635,186.9364920700649],[50.391802457193236,187.33839852413303],[50.65182883328126,187.67172346354312],[50.794824680343055,188.03329103708018],[50.941714800964085,189.0153820746733],[51.16783086478604,190.04090275395998],[51.23135425059423,190.82481589542857],[51.53501135482817,191.71097478205235],[51.74418429477057,192.79424518308548],[51.922449593587295,193.37515011119774],[52.2078341876619,193.96685604238428],[52.18802227063845,195.23085463262169],[52.15846857564379,195.69041639495416],[51.635686325248344,195.53032071075268],[50.68549527733196,193.36611997641398],[50.31464931152025,192.53200800177393],[50.35508157923248,193.0353573530635],[50.43923478344052,195.84246140086478],[50.02589893912497,194.9767259112466],[49.43634887815329,194.3261193698402],[49.032311630855666,194.13005819280056],[48.916620151935994,193.62084493749023],[48.586256701357854,193.52971633135948],[48.54139955031524,193.8427815040605],[48.44531460812106,193.7774591347901],[48.425298815284734,194.1557731367986],[48.37995910946836,194.06194577487634],[48.210455876671496,192.92451262529045],[48.208510189157906,192.59380564640608],[48.15562651601893,192.1001445546019],[48.11707345558216,191.39552933036458],[48.14308470312812,191.15040646586812],[48.11317522841174,190.68895241927163],[48.02063360747211,190.75837756016955],[47.832680397550575,190.131961297607],[47.740871622596245,189.4703630050413],[47.70773773856553,188.91838806442112],[47.65686854259799,188.56790494195917],[47.63496822311899,188.15755177368743],[47.58044738741993,187.8041173255549],[47.43123805883107,185.68745649705394],[47.34650856600645,185.05881975188174],[47.28968413530919,184.48743950747615],[47.20986410402141,184.3981491358262],[47.04566215476858,183.92596805213813],[46.96909606452401,183.8604826312884],[46.95637106836243,183.99189924377248],[46.88612386909766,183.97236575560478],[46.893248472442735,184.3439704291628],[46.824357487171724,184.34374867854797],[46.79152933286181,184.73879808845572],[46.54828839276453,183.24058717381928],[46.432732244551545,182.5554044803314],[46.36994636850456,182.36712487488148],[46.317032647802655,182.438641291286],[46.281487318356255,182.32654918940466],[46.26681419279363,182.1034274258532],[46.071379923631824,180.83741958791643],[46.08467783479763,180.32944638139438],[46.05904621933531,180.0758110533161],[46.02403950956719,180.0319032642616],[45.98086069694566,179.6335191316969],[45.96104988009475,179.7222697563654],[45.91221071947198,179.56626470634635],[45.89099942515641,179.29538861928182],[45.891200737016064,179.00563549057838],[45.8540942955324,178.8686421750578],[45.8393341579027,179.31870536189905],[45.85220374295358,179.6133205037103],[45.826652722921295,179.88260213976324],[45.71728874254238,179.67128212517613],[45.4888321190706,178.4583927665609],[45.4448537650358,178.4395399367661],[45.35057276364992,178.08065385661325],[45.27694499021687,177.61075110998664],[45.27658057628691,177.37151634785545],[45.235076842768294,176.89917309457348],[45.23571775327616,176.69979166791506],[45.316367664328624,175.73977781330439],[45.335291139408376,175.37254814886873],[45.519141499353914,173.78882536641368],[45.51078726894917,173.60540475878318],[45.57639848770216,173.2135032010336],[45.64675394011932,172.46510287915436],[45.66782279711367,171.92320641856665],[45.71583797943317,171.70874192503237],[45.75083272897147,171.6799422393407],[45.86575893160523,170.89116815652858],[46.164539558934074,169.84499689708406],[46.16614550565324,169.7795650474617],[46.256439008560136,169.45972794388618],[46.27543618879446,169.47890299050292],[46.38520065481008,169.08934666985152],[46.54998034855227,168.8784782536547],[46.57537551573635,168.9564235535432],[46.7629794804458,168.60216875011523],[46.87511388237521,168.1320895844818],[46.97252705414037,167.8166666315614],[47.08754856467345,167.65417618006057],[47.1340842180533,167.47755038806218],[47.14352409160478,167.3400601932592],[47.11312733600258,167.3353428110867],[47.190930668873186,166.87497472577172],[47.20896439608065,166.89083791635437],[47.304739393746495,166.4747106319372],[47.46404447019545,165.95247033406233],[47.49075851540519,165.41377383201151],[47.53282888636798,165.32093870176885],[47.553063369143885,165.18840524958108],[47.60367130323406,165.6596207723549],[47.654081959693684,166.50084740492213],[47.783070888775484,166.4146971054873],[47.74960599639953,165.67565943306735],[47.79983963916709,165.4207731908426],[47.86582843745424,165.34813294841078],[48.00174152180402,164.71281210097632],[47.98127805975113,164.60520029595492],[48.017461312238815,163.6246552749249],[48.020990076128996,162.93711829746331],[48.13657461966139,162.20871742201592],[48.221047701795065,161.95498260173707],[48.27965756751032,161.7128672445174],[48.357957425634254,161.1993282236745],[48.337898286221716,161.09351963609126],[48.3885723616652,160.8032904034298],[48.39039052193424,160.20880756569255],[48.28202044521413,159.8743660928455],[48.3924454029491,159.0315320883548],[48.475609079749724,159.36906818086518],[48.51900332924188,159.40015148931582],[48.57558325969582,159.26505866887143],[48.645360264307456,158.55394327896127],[48.61249831561503,158.4241070679665],[48.61517333639948,158.2112843973029],[48.79331721008029,157.5705824087373],[48.94148497773422,157.39633864295496],[49.03333807715538,157.35087919614767],[49.13805815499677,157.40905171858287],[49.236231097419626,157.1640643338938],[49.28295052824633,156.8687158606051],[49.36012511135776,156.67827969311747],[49.47044201710469,155.89556203586596],[49.57806182973991,155.84702293288052],[49.73882730574236,155.6419858923396],[49.908704481070714,154.92848371216908],[49.996850207928304,155.33973753637287],[50.05503688842913,155.47290623159347],[50.06910918514284,155.6159188159043],[50.18435297506703,155.9137062453728],[50.18360982834959,156.2990500172893],[50.27063696484241,156.5959535717451],[50.35942761998473,156.77492164789118],[50.372350177174454,156.96418209002215],[50.44058977600433,157.04550329493247],[50.46272777525547,157.19850736644014],[50.542976706713084,157.27842942699402],[50.57133873015584,157.39312511710312],[50.852597621946636,157.56581368888624],[50.83673291988607,157.67093352635897],[50.898520262263744,157.7667572177984],[50.98808884743144,158.27673763421933],[51.05293217442473,158.3962753764494],[51.17440130020019,159.1816798529813],[51.19575468477292,159.18853004381742],[51.20709352319955,159.5626212626883],[51.60445979338132,161.20632023608684],[51.68959589150951,161.64653897707362],[51.82837569962375,161.5006318341181],[51.90908003448115,160.98137114337177],[51.75479955267521,160.34932574081165],[51.77071597735047,160.10196434246117],[51.964661789090776,159.6095964576956],[51.97730175395277,158.64151236122245],[52.089073919400406,158.3154360055113],[52.73794415934381,160.87483399936144],[53.83171784543593,164.02276885984412],[54.09107300222101,164.96014990292346],[54.203904619694654,165.85113390627797],[54.92442414257396,167.69263134343402],[55.05948505443436,168.30273603510742],[54.754465299850146,167.69087804337778],[54.45419053855873,167.68615104231478],[53.70259595072217,168.63257388760792],[54.49854915305977,171.75102738483366],[53.511165486390226,171.58284663378635],[52.933490669987,171.8644480809126],[52.08068824078172,171.67169643196476],[52.28668890012962,172.83402014733514],[52.4676775703603,173.3344345951221],[51.76259788144324,175.32702053771987],[51.83930129448562,175.53935020813128],[51.59897725991202,177.30268680478935],[51.2545667431827,177.88167914309477],[51.03530447825773,177.58076468776096],[50.88381432491224,177.93950955272027],[50.59008436219676,177.90575877824048],[50.89403238156467,179.41493729603533],[50.88098555536222,179.73469950767912],[50.966121455616474,180.04445299394646],[50.934294291515116,180.3552509793204],[51.30896072871458,181.45677298568037],[51.836048622425125,182.3245988401756],[52.43595781486826,182.2841045448409],[52.4814107119213,182.68142646735416],[52.6038120926678,182.71469782966614],[52.65244437723509,182.99654096781973],[52.691027331865115,182.6713142949066],[53.2023609107002,182.5348395526313],[53.439302860893804,184.83319247443072],[53.8101638124336,184.95707453901056],[54.28984397912548,185.61270877201943],[54.29886584240303,186.08233309187665],[54.42316137679457,186.33763815757132],[55.18456634017346,186.49220391290896],[55.69982305881175,187.8220680435678],[56.55587107768281,188.6131717837947],[57.31252200738441,188.57564102913068],[58.615905388623105,188.6330107697171],[59.1277750487781,188.95115759518973],[57.98404514584304,192.43292845144578]]]]}},{"type":"Feature","properties":{"Level":"ADM1","shapeGroup":"TUN","shapeID":"TUN-ADM1-13205935B93524886","shapeISO":"TN-43","shapeName":"Sidi Bouzid","shapeType":"ADM1"},"geometry":{"type":"MultiPolygon","coordinates":[[[[59.46735328323213,118.55090571128271],[58.9882412030225,118.48008225479693],[58.26561929216984,118.4942765193462],[58.285539980665156,118.54082928393328],[58.3367863351378,118.55782632211326],[58.3915482073443,118.66839951676847],[58.41672702318256,118.80595454251988],[58.17979505275377,118.72001209443495],[58.25343387613825,119.13873460810949],[57.97353511363029,119.34774485766471],[57.79576363442986,119.37301378734942],[57.86871165278562,119.93032764981464],[57.71965691761211,120.10003604914354],[57.65303012193632,120.24424123404424],[57.58277362066063,120.2578200467447],[57.590896240897386,120.36989077820866],[57.65537691675156,120.45572900358906],[57.52486701878914,120.90296153914878],[57.55284365685589,121.13560976366398],[57.524790189333494,121.14409596618839],[57.628350903077354,121.45461525270932],[57.264380524051376,121.45358079716934],[57.02239074366636,121.575583610882],[56.931756289816335,121.7859085782082],[56.922785276803324,121.92555132555034],[56.85484221094664,122.01595300067935],[56.60136249797763,122.05924672523892],[56.55790472195423,121.90071854336406],[56.487052092177066,121.76617296765303],[56.09103778682686,121.44998556196653],[56.01115205802638,121.28067433879517],[55.859192017363526,121.11043500499949],[55.726091888732725,121.08581909740694],[55.6808249929592,120.94714378945753],[55.64444889358583,120.91355217757203],[55.69398936848205,120.77378706546682],[55.65551207104849,120.63438652284023],[55.59416107435115,120.54551020792593],[55.53383067350816,120.53028571984882],[55.50514228988882,120.46938418404315],[55.07977142535878,120.46625605090361],[54.80548191185011,120.37396320192542],[54.43244579774621,120.53073533913135],[54.080406857515214,120.3474531651026],[53.93508394410698,120.37905833443924],[53.81030310407084,120.27899429898889],[53.56123813898609,120.45990372536173],[53.55191267603126,120.40773001931603],[53.149800736115544,120.62403575723289],[53.08569062232195,120.74184465318929],[53.04585892404559,120.90021876326742],[53.050134324275035,121.44919018011039],[52.92760174070777,121.57878775339901],[52.81591194486798,121.48657578688072],[52.80119880272949,121.5318914448347],[52.77612539020822,121.50981372291885],[52.751146972976784,121.56025588204713],[52.58995601198727,121.629808771108],[52.4963607093739,121.84827506229024],[52.415704248775015,121.93202181053084],[52.36334865388789,121.92364536609571],[52.36179160994641,121.99231953499395],[52.32371642862489,122.03490274749609],[52.19351734314681,122.06050740974416],[52.17706026193597,122.00941384887159],[52.16426429333945,122.04745655450392],[52.12770901972203,122.00349912509463],[52.04928706670246,122.04617045887304],[52.024066395493,122.1166673721464],[51.942289476827,122.0574523191299],[51.90079210691872,122.1098131557894],[51.873292217947196,122.08057151933835],[51.800184421607256,122.15933276120299],[51.79408352498797,122.27172269596744],[51.72068758474323,122.43893493563644],[51.65319612632528,122.44692334000408],[51.534979462534615,122.54345225679315],[51.46371313516353,122.3553290856699],[51.37695136079747,122.25338942883567],[51.31531220729439,122.05688426625049],[51.294174128852816,122.12628297449412],[51.17965783463187,122.23115211044043],[51.1540686588012,122.35515417538019],[51.114338623978526,122.43011768211963],[51.07404218080987,122.64628804522232],[51.07927315719321,122.703406796852],[50.9898469598503,122.97267568005081],[50.92641024265416,123.31195628254365],[50.87646726321647,123.45825557860348],[50.853066814107294,123.60692368203048],[50.89122826358772,123.70957168806252],[50.860957837955795,123.85449981340963],[50.76895850833171,124.0625956606531],[50.79545031179841,124.17107845967959],[50.745913409777614,124.40229389710328],[50.38692820253483,124.6805946089074],[50.159719295762606,124.96741867123498],[49.985882382404654,125.12609159794579],[49.98638335873392,125.267478730936],[50.04802320468515,125.34244798650576],[50.047956217933574,125.49645008765978],[50.10391661886244,125.71206294794588],[50.11614705320688,125.9306016149944],[50.24512277704713,126.03262264910097],[50.41813926933582,126.41880383938287],[50.369287735874885,126.52915556092066],[50.35662031692057,126.64576074344401],[50.39984010040462,126.71443180722275],[50.369226060627646,126.73912405058717],[50.20904554004725,127.06160647453281],[50.16716518067932,127.24718857484],[50.13726856332132,127.61677253329495],[50.057154194659944,127.92634767231263],[50.04659822233071,128.1122818084514],[50.08791222545698,128.22605204641224],[50.05984012385079,128.39071003344955],[50.03816735081196,128.466129293864],[49.91029676225088,128.61920197911508],[49.74435782951876,128.91582868875162],[49.66016983130723,129.4625612219098],[49.61546066807921,129.4010010847706],[49.58716850843918,129.24967979963878],[49.49301647484465,129.2180053963558],[49.12659828498235,129.45711175158465],[49.03598060744328,129.7072724480971],[48.912711234859124,129.7385798594957],[48.8507874286221,129.54345308972637],[48.67078002777092,129.4166007122968],[48.643865320619454,129.28515890408096],[48.424034394453955,129.28958367358686],[48.39246211617319,129.34333045524545],[48.37545905541092,129.2617307179754],[48.31532628524268,129.2670772997962],[48.294778339536045,129.0182077543657],[48.260150604177,128.9460507702346],[48.01957143206951,128.66670321628106],[47.94989379355689,128.38215356627907],[47.492612333853444,127.43052933904346],[47.303714553714386,126.89076371101524],[46.94994342069769,124.65847729212152],[46.87862578894696,124.36478090840637],[46.850691961750854,123.74426730160252],[46.870223048494395,123.62530964309826],[47.20117108512102,123.0784872948791],[47.50382353550708,122.73898331809131],[47.670715907276424,122.45079285221682],[47.73330423886025,122.31918527273882],[47.76164398517814,122.1616838562139],[47.961408095167,121.9805875118198],[48.092920137969664,121.9332872894975],[48.347747762472835,121.70051654297846],[48.50073363151493,121.49646728899316],[48.563768707669084,121.3572934340839],[48.641978512666924,121.22801454808307],[48.565799682462796,121.06321869626497],[48.542772733928516,121.09636266706232],[48.337040107274134,120.85927263437733],[48.51813009139164,120.3049456776209],[48.55873768703286,119.97459195268313],[48.57905646049702,119.60116995112928],[48.52719580844663,119.3943989741614],[48.5203091553506,119.19282606179793],[48.74892661492615,118.59163745080818],[49.1467998780537,118.05880912454451],[49.19588885021999,117.90905515547591],[49.217582876644315,117.86821596932015],[49.233430391081654,117.88692909094453],[49.27334711498867,117.72334646145654],[49.38441475212779,117.46671041334986],[49.17191300061489,116.54585081828301],[49.0794763514212,116.01292100324832],[49.033970345557336,115.91901578086761],[48.98246565674502,115.91043843213183],[48.869800508365316,115.98464043889608],[48.813287415910295,115.91846163354572],[48.75696720100129,116.03126199353024],[48.721959851094525,116.05167888821954],[48.66119763995421,115.92684198957782],[48.57341595864711,116.00174966077003],[48.50694074603516,115.79871629649047],[48.418026729977015,115.75964788017029],[48.280433047335656,115.85288455226339],[48.22699887563558,115.94450783721796],[48.18167719819666,115.95531998683131],[48.11135107461067,115.88895211400373],[48.02974762350338,115.8901733870194],[48.006306295270164,115.75887473867904],[47.82849638772302,115.49955804409797],[47.70751539567658,115.55453665668249],[47.60185834445359,115.52768399195858],[47.47297140261844,115.59481570833083],[47.42291792478282,115.40755225118826],[47.412000277092105,115.15302101455156],[47.35003311410895,114.88295417118341],[47.16422915894285,114.88364544556312],[47.06304358189978,114.84765773586153],[47.01208835858406,114.73387777585319],[46.906701080158136,114.72834128656719],[46.91656852530049,114.60487533407371],[46.893694751083025,114.43239248614094],[46.92330823237744,114.27351979276057],[46.87371738798021,114.26947388092753],[46.78412848566841,114.38789141240822],[46.74309366290028,114.40791885766177],[46.824893013899334,114.14347456659769],[46.82077288744624,114.11596734214908],[46.8664658718599,114.04282136282113],[46.89749003093917,113.9462031390081],[46.896621760358826,113.86777440019384],[46.82817384206309,113.80303943127879],[46.82937122735187,113.75953889315701],[46.9898281874231,113.35732546653799],[47.01966928098868,113.09773268114162],[47.14798535198686,113.00638016039002],[47.22318397646711,113.00918342967879],[47.24101494677521,113.0717467746621],[47.29624635337282,113.0171274176853],[47.33570944038483,113.04311169626843],[47.37154803296541,112.93688666786369],[47.403228885027076,112.9158818842838],[47.443336621127244,112.8417656059186],[47.47160705972962,112.72424324741064],[47.465294359384636,112.5027342876124],[47.3874950174136,112.4167371710862],[47.33191504827038,112.22268206634902],[47.1361151983553,112.06454708997626],[46.914100878920934,111.67924326224082],[46.87545069441357,111.70344899435102],[46.8115501655923,111.52131523941279],[46.59607966827639,111.56158391088826],[46.51784593432853,111.53221095235237],[46.42990706454671,111.42309056966542],[46.36599334282968,111.2109885922154],[46.66400742534118,110.15126497483837],[46.79116914048869,109.51458707543179],[46.88286950773136,109.33627757068555],[47.089391608721726,108.73960524299909],[47.31094454157259,108.30588225704975],[47.42363227505963,108.03413072544676],[47.47771695886513,107.95556301694721],[47.54747067694366,107.97146227557346],[47.683389350259674,107.86157803198785],[47.75819243542477,107.70755287663401],[47.819352880322484,107.63785427906294],[47.88772634692186,107.44535736767469],[48.04030171070398,107.37298540666156],[48.149365939109174,107.20866333262666],[48.20290359146192,106.97255151823468],[48.222126798234406,106.94834616551137],[48.24885692754813,107.17497494983579],[48.30092370564127,107.18311914888625],[48.29232638356888,107.48561660920032],[48.35899673097244,107.63230220716724],[48.454199314874955,107.69577657073144],[48.59100699062281,107.4566761212358],[48.6279238426152,107.61658309209643],[48.703947356020976,107.63452499147499],[48.75697191255424,107.5602091379218],[48.785182037133566,107.6437332207534],[48.817276065741474,107.61514138799674],[48.845832445756976,107.68541759472451],[48.8512761476765,107.47445306626689],[48.840875889767666,107.37658005396442],[49.15304526163366,106.80309165413529],[49.1630045378962,107.17174118933306],[49.396843040858386,107.09644469135304],[49.42079726227218,106.9845433476582],[49.73160440596516,106.20603063558117],[49.79949873319494,105.93103709089051],[49.80285744205965,105.78666581255557],[49.936397380083676,105.41370676696846],[49.902941262979915,105.20456731433302],[49.899562890516165,105.01588534742586],[49.92971576237893,104.86354920553381],[49.9338902760391,104.6779781273669],[50.01900575487598,104.37684346590076],[50.00525575427595,104.36729575889451],[50.02858849812854,103.98358502531084],[49.98744742296194,103.61662246435604],[49.98606949313292,103.0743617982094],[50.16862494681681,102.65048905861704],[50.209995579888606,102.85913877688424],[50.297484922765214,102.95080134156541],[50.3774043641405,102.43633822013493],[50.5073033647038,102.31540948328288],[50.47059061839428,102.06959533062454],[50.5459866376596,101.82782121081627],[50.647477814643096,101.912948248834],[50.777731360650165,102.21666653739132],[50.80665820322985,102.03720828692008],[50.763024840469505,101.92985206474941],[50.75537058032294,101.59638355996574],[50.7254541002591,101.38566775449092],[50.7411610676249,101.11068241857329],[50.770068903736274,100.90896411905746],[50.7614154188592,100.86004309431695],[50.7209762822572,100.72499015648712],[50.69147095175258,100.69451200085376],[50.660720692312225,100.50595223540634],[50.548354294136594,100.18577076692564],[50.51996729242787,99.95967389436116],[50.59966688855696,99.84317851556935],[50.628142682360604,99.60131422096744],[50.69042302550781,99.54979912588554],[50.70395532000319,99.72242666608071],[50.74004089511939,99.87445677538453],[50.79371451143741,99.94778293807317],[50.85034653176028,99.89884809840494],[50.99605649272351,99.67840275472633],[51.03930856497846,99.54055359842866],[51.191464471132576,99.4024267581516],[51.181908066049544,99.20414555322131],[51.22931932246708,98.96084160771028],[51.27736667791851,98.80179913740169],[51.40238117220527,98.65568252155303],[51.526748958520365,98.63994080819259],[51.52798499894152,98.3833367530107],[51.54134127421249,98.23623915718491],[51.561117584929534,98.16954860278936],[51.5677003418985,98.044553142856],[51.64039877452003,97.82835804989381],[51.732152848417584,97.43301473573845],[51.7688877176189,97.35568622172079],[51.83728932237379,95.57679750461895],[51.82964468545369,95.14161878124877],[52.10242694871671,94.7495376493364],[52.24752342683907,94.75677150168907],[52.19133339233927,94.48972795006497],[52.0309275495859,94.13342870179967],[52.084973003667024,93.19060898428866],[52.11678707856796,93.09960124015012],[52.01675320244768,92.38029063757266],[52.01198233677116,92.2200398432089],[52.048204728417176,91.91721681774585],[51.98323932059413,91.47476137277926],[52.32548823937128,91.74677971485788],[53.82578600779945,94.00597267975316],[54.51685341833538,95.11569988969782],[54.77770273343818,95.44713946006596],[55.588751810441806,96.08994621305284],[55.46890968908405,96.26979318933195],[55.47460733334867,96.41512295387379],[55.32591939335408,96.5788475078421],[55.23932463157038,96.91164902951452],[55.11823018827599,97.02699687936364],[54.89708136514055,97.0742772172091],[54.948771277423766,97.2533780674108],[55.11125192091774,97.3963866003492],[55.1799291183117,97.49474941162926],[55.18517613967717,97.54300513691794],[55.250465710754995,97.60342745350857],[55.32803481416591,97.61794710336919],[55.53675121100552,97.8092714422694],[55.59977913920365,97.93132569695715],[55.69059150055081,98.0146275205953],[55.75122990458372,98.21811308671624],[55.90360182672139,98.30390100018988],[56.08677465560669,98.5272275251204],[56.19495499472229,98.55223386271224],[56.291485863429834,98.65173809976713],[56.380253107753546,98.65339404427313],[56.46089449853407,98.75350965947004],[56.60855467698458,98.72473884283036],[56.94456044220008,98.97458536512063],[57.06324551770585,99.1062113345014],[57.258945886861675,99.19913966465177],[57.34004857432105,99.34404065374615],[57.42574219531098,99.39137214409624],[57.63932143130283,99.75118574901879],[57.898622544469454,100.02549764517013],[58.041703291946284,100.2299979647263],[58.41865195832702,100.99883320304393],[58.56382196255732,101.16366347250751],[58.70924157370651,101.25526430685449],[58.9431448113338,101.5323343520001],[58.95592160138634,101.77826411139225],[58.914936532112556,101.88037961932375],[58.976411047602,102.06586442834288],[58.98942001313868,102.24141888185318],[59.01784396011341,102.3273975675207],[59.18858091220635,102.54566391255028],[59.34714526013259,102.19876108028708],[59.44268322193334,102.16249381987228],[59.59106882007433,102.30133315780846],[59.9729682972406,102.68919338897916],[60.034942334759755,102.84155112539686],[60.27268731186352,103.15657879810976],[60.697407356852466,103.53839206898256],[60.798493051543815,103.67676166197467],[60.82974310992206,103.82541157871874],[60.90326765283919,103.87637655815121],[61.071803499837976,103.80470535628703],[61.64266210948384,104.55693160968596],[61.95956558532586,105.08532548856664],[62.243593605381264,105.27562201702166],[61.414862099198835,105.27749429054762],[60.26592566182394,104.9679713122434],[60.31628905752157,105.08893703275004],[60.47055127630708,105.25696596895787],[60.497339053026295,105.33162087074186],[60.45656608488446,105.49301570124973],[60.351931809623025,105.60477321915174],[60.281650994930175,105.81831154240024],[59.95448218417545,105.90010304145994],[59.60717832456022,105.88121348081971],[59.20194852801406,106.00575974210325],[58.9375204821106,105.99442628130642],[58.78762398917327,105.98111109009169],[58.50224070148458,105.68142133582174],[58.336979298862374,105.9459962851627],[58.21714567051386,105.97480107464231],[58.54522018363442,106.87610362424265],[58.063021501836765,106.95006200981669],[58.077473314469,107.46164768289852],[58.23601389999418,107.61336254529442],[58.4082519749406,107.68783179748779],[58.442354404346425,107.76696016169478],[58.16848236265432,108.04109126186886],[58.13280813442049,108.4621457183517],[58.212379754980276,109.2524978107235],[58.12204598939425,109.52138594511973],[57.99279809124792,109.54522977922929],[57.88989468436831,109.97126179218674],[58.11526371053591,110.0743337500632],[58.33877196883637,110.34191253476124],[58.21965184247611,110.90988400184209],[58.30465575475359,112.40456748166243],[58.17288905720833,112.4204105247655],[58.46297251433221,113.7554414547833],[58.68969252791262,114.2820960362031],[58.94522081309967,114.71791115337909],[58.93951127754862,114.87310353427334],[59.11726750697996,116.29380075261051],[59.34767429380996,117.48831209640072],[59.554620921581204,118.11765247280198],[59.46735328323213,118.55090571128271]]]]}},{"type":"Feature","properties":{"Level":"ADM1","shapeGroup":"TUN","shapeID":"TUN-ADM1-13205935B42491490","shapeISO":"TN-73","shapeName":"Kébili","shapeType":"ADM1"},"geometry":{"type":"MultiPolygon","coordinates":[[[[43.17168499647186,85.36533196022624],[42.871480243472234,85.14796125198355],[42.98016339445131,84.79989361478194],[43.51649953168366,84.58741261843784],[43.55045171255331,84.28918156829945],[44.008633576032345,83.5785815312202],[44.120652454230466,83.55876364437637],[44.37042513968275,83.49404999824128],[45.11964094923479,83.21778905595076],[45.38555853342011,83.07541242636884],[45.93258456942496,82.71871412671507],[46.002654154773566,82.68242648378103],[46.18289979921848,82.50937934477491],[47.256614883072814,81.52006906267559],[47.34555702480607,81.44961215051941],[47.38722846211081,81.3917028978298],[47.48974778164592,81.31217939795377],[47.87372888086645,80.95834154995342],[48.32770316515349,80.51687344136587],[48.175673536509926,80.28273635706697],[48.15141531337116,80.22498488152858],[48.17263244405861,80.1847020913572],[48.74649726814413,79.36300806497047],[48.83261473490255,79.27007150265398],[49.67581164412661,77.81775094722117],[50.869136895236515,76.40833426736637],[50.88169642281646,74.19598591488949],[54.906224394000084,72.28509171373692],[60.6254752521323,69.25778427001782],[62.23577388001701,68.55287673073687],[62.394625280761666,68.56492401625394],[62.43725959379429,68.62039604886581],[62.460168632719494,68.59970260422648],[62.45556044054801,68.61669807998379],[62.479803489317334,68.59888774899213],[62.48335486165199,68.6145784556901],[62.49021345349098,68.61010446333324],[62.512215849992124,68.58456612800452],[62.50500803347033,68.61599158084695],[62.498339416658055,68.62872004321399],[62.496996262330875,68.64283908237077],[62.511597082431365,68.65857783635796],[62.509810875135216,68.68041862897383],[62.533878168996125,68.66090416676836],[62.5232813967532,68.68732022082109],[62.5233458150962,68.69418871148308],[62.545653786152755,68.70456348120697],[62.51719857118783,68.74851168182616],[62.53711128176105,68.75267841133117],[62.53894213747669,68.77194596309606],[62.554330987915606,68.77365970130269],[62.56505477640322,68.7621567650323],[62.5731209487662,68.74329503197507],[62.579360105949576,68.74306356951979],[62.58538941849644,68.75700550377272],[62.60052345077531,68.74456665703894],[62.607749749325166,68.74921695232568],[62.618804786159316,68.7438441058395],[62.64244868851858,68.7083552273576],[62.65063184979034,68.72046602755125],[62.66201247205493,68.7048776647526],[62.675688546959634,68.69861147914936],[62.68115628730812,68.6924595463254],[62.689222052313,68.6701587576179],[62.72979518112166,68.6160548488348],[62.73895282925051,68.60772428058948],[62.737960915020565,68.615318058653],[62.74692913070092,68.60580045481024],[62.768205848682065,68.57572601987488],[62.79040096497815,68.55613964225158],[62.806358409711265,68.53141153602765],[62.88889314779168,68.42946751303394],[62.92441640374392,68.38094379954543],[62.93763909233327,68.38896701934028],[62.93796502796587,68.40301042382012],[62.95859783400287,68.38378940398619],[62.98205171170676,68.35528318548012],[63.02359771098378,68.28708469324192],[63.040614894945485,68.27694868323422],[63.053853285808515,68.27703320072132],[63.09259466344227,68.23134051984195],[63.16109292798216,68.17928238443567],[63.178546010342714,68.15717501554353],[63.19591263693883,68.1202684575049],[63.20452725668391,68.10895973435018],[63.222448197241384,68.09439330712723],[63.2466164467836,68.05908677372548],[63.30512084527369,68.00327412106367],[63.326384539767254,68.000981939907],[63.32723289953779,68.01776569205525],[63.311370330010774,68.05772206736808],[63.2721274132947,68.12131686546712],[63.26322718626005,68.14559672323284],[63.241715296056455,68.17763678613582],[63.23347525890152,68.18281951074226],[63.19127949310027,68.22700796001087],[63.17722250602192,68.2327996215239],[63.10489216358023,68.30416758391428],[63.07510746015794,68.34242970257492],[63.050144817354806,68.36885744892639],[63.03316236816778,68.39572855692532],[62.98804327917283,68.43291313061037],[62.983648177768956,68.45299933837958],[62.995656618736874,68.45354053330351],[62.96847033293722,68.51048654676242],[62.977645277589104,68.54292797600436],[62.978243980080514,68.55491085715958],[62.95634258002913,68.62081608783411],[62.94984767520258,68.62624562479004],[62.9166818473027,68.68040112198315],[62.89262018730407,68.74719878958436],[62.893892122835084,68.7613936181462],[62.90995972800957,68.77630935647333],[62.94011056090416,68.75444826895318],[62.93641371478358,68.81169642693061],[62.93853261049774,68.83838192864387],[62.93250173547909,68.90649989074575],[62.92037261642976,68.93007530150105],[62.89744186028103,68.95657601028269],[62.886603690166496,68.97755343354054],[62.85446264512573,69.01720931860207],[62.836981652038645,69.04794279383991],[62.768167865448206,69.19378564922027],[62.7313969254656,69.23689970547568],[62.704173741827496,69.30577858135062],[62.661115365021146,69.36282196450239],[62.63696090713794,69.42629426471603],[62.636903268429705,69.45519670114186],[62.662520891175355,69.44102332738191],[62.66486863501284,69.46251407487861],[62.72949280204989,69.44735376686242],[62.71800739949988,69.52022637424999],[62.660460731004406,69.60323210622559],[62.624781809868125,69.64108034455018],[62.571570215565,69.68198059134482],[62.5526295219767,69.67107346362542],[62.434518674548535,69.78400428959591],[62.32741440243416,69.92072060163333],[62.23033463914414,70.05392539413485],[62.12201474130782,70.1806118270796],[62.07451720219486,70.22882420094875],[62.059211535916226,70.21826833698651],[62.01869652666034,70.26215135640349],[61.95198486752397,70.36790949286645],[61.976374365702625,70.36278103000893],[61.96637565534477,70.38206995802008],[61.96760209168201,70.40081148186633],[61.85667650781904,70.54650072113957],[61.648393538317,71.1622141304839],[61.54705501762842,71.46399370280372],[61.4290993594803,71.7993219691376],[61.398846102129895,71.83538328607645],[61.360942118728424,71.90070668796596],[61.333717700464355,71.92616973903888],[61.28758890498462,71.98445509333362],[61.19584789259831,71.96027492628932],[61.04893344408322,72.08296957984305],[60.87902413120817,72.22563605068336],[60.56734306419419,72.59851971053783],[60.204302808668714,72.90873258093046],[59.72340173812043,73.20137638355263],[59.451493019791286,73.36443305684865],[59.13593066958124,73.76079188030639],[59.05098076692262,73.84587612501907],[59.007443790835794,73.9148322729142],[58.9230234458036,74.02525515084109],[58.79517890676438,74.18211246656197],[58.73430475451678,74.2288409369573],[58.634507972251946,74.25644036063225],[58.53108421129623,74.32628030054076],[58.427557120558795,74.37152558705715],[58.32064766827341,74.45410376865017],[58.215973014466925,74.52087333600487],[58.13337411224539,74.60119791257262],[58.061193188388216,74.65091650410591],[57.913118111667174,74.72996191703335],[57.80081092353559,74.81504733695482],[57.67283547828357,74.89998115144992],[57.60994266988134,74.93487883636446],[57.5507470423914,74.98540489940781],[57.500965707375705,75.01395092315086],[57.4604406428478,75.05009603801662],[57.421268902457506,75.06479424470861],[57.34876996252645,75.1151520195311],[57.321558007296126,75.11234818742423],[57.30815554614461,75.14160808819354],[57.35249044586988,75.13079412349374],[57.34598594752693,75.15590450156488],[57.49588932978837,75.07594385086547],[57.59105803388708,75.05131413411938],[57.568086605188114,75.14050215334754],[57.52868972468455,75.19977144065057],[57.442454716159915,75.30431995468395],[57.365038697679125,75.5344949143749],[57.30309066102576,75.65362768423942],[57.28924068872803,75.70297222636604],[57.327861350014516,75.74318172105617],[57.31809463332632,75.83143207338094],[57.21257730443736,76.09725811014775],[57.22086697569871,76.17388600657097],[57.26454728068799,76.25080789185043],[57.263586312321706,76.30605088309993],[57.0973251035751,76.22409336789975],[57.085215352329485,76.20273415670404],[57.07375009447901,76.12446067984901],[56.98622647596313,76.1938618458927],[56.72759777359728,76.48227732223805],[56.6206611531904,76.650091022169],[56.49256894215881,76.84069962049571],[56.43402760296354,76.87005853654144],[56.42694256323237,76.78671367779333],[56.34359059751762,76.79985184227739],[56.14649602900803,76.77578009620196],[56.08197214914076,76.85147364326397],[55.67387695487196,77.44685741309029],[55.49091368019569,77.69639645491668],[55.30853924604382,77.88349222030308],[55.01626243065267,78.14004469831954],[54.96122844650788,78.19487920177552],[54.82270865007888,78.40197944353994],[54.788476313683105,78.4612948660399],[54.541414265895305,78.81852312412856],[54.21924447403681,79.4080858613732],[53.89580510489924,79.99731410048233],[53.150177150356384,81.15529211157632],[52.21246560922099,82.32301186754863],[50.827292467555395,84.71252366414772],[50.75668484435281,84.85891094837886],[50.664670054724944,85.14496583459689],[50.606762847416825,85.27077371133359],[50.61420078315138,85.37239992245763],[50.59350203879626,85.42022329325812],[50.534859189253915,85.56201233824214],[50.55371667651173,85.58245007487608],[50.55008901712587,85.68393840373358],[50.56812375813807,85.68261300608768],[50.55345779997251,85.81186669886065],[50.560118423584534,85.90772973887843],[50.58017796650462,85.88852864957624],[50.58624388011788,86.00908519631592],[50.654314585288525,86.0110875291284],[50.69200012339031,85.95048571068054],[50.687270805503786,86.06782253721951],[50.69830600698142,86.11448780301082],[50.65558967749661,86.36242054294972],[50.69617513159544,86.48717514254297],[50.72997400628171,86.51862335377814],[50.75637395058376,86.4950614869301],[50.426188838924936,86.91615416098483],[50.35750735368927,87.13119623970438],[50.14888860944632,87.44550325589842],[49.70906258746308,88.73951829594486],[49.643696465429244,88.37867540812002],[49.456979935680984,88.39733343154303],[49.41749793184807,88.33151934565062],[49.30315379672736,88.31319609054474],[49.21745400070899,88.42305428193775],[49.12011947296113,88.39525496741071],[49.115065878153075,88.30112165573325],[49.07176089318295,88.2867834814761],[49.04520298781624,88.2193487945669],[49.043387003630784,88.13179996363576],[48.999584930700884,88.1215108596215],[48.99096407812354,88.00282294926637],[49.00303155557282,87.93766129563303],[48.969649968793746,87.90648332557186],[48.925202936593706,87.66946886782605],[48.88319270142493,87.6796010999904],[48.81806852712141,87.56154186525805],[48.74306344093196,87.58837808183767],[48.50899940438781,87.52172326739472],[48.2549279503296,87.6855227232319],[48.17877359543403,87.75620305109088],[48.15647627716866,87.71550983007532],[48.06012634563883,87.80021736025475],[48.016875227931074,87.77111946559641],[47.84618541713059,87.83276823483291],[47.94070351863605,87.69914345693093],[47.968322047953,87.64877049981537],[48.049994115064074,87.53394917860933],[48.089815003295534,87.46642586381546],[48.0906558947244,87.40650505087225],[47.96934931646089,87.46499078239168],[47.94728288139753,87.45949159224999],[47.90688525286801,87.49109753509066],[47.87687364727954,87.46566922871514],[47.724672427179414,87.58215613379502],[47.59642853177277,87.66102336553803],[47.52499536964961,87.68769408299228],[47.51424147284635,87.65361927809322],[47.456741926319964,87.68645608216048],[47.416845585311606,87.72823613794094],[47.432067945584734,87.67428026274476],[47.36414069428696,87.67892489660119],[47.35531363646628,87.6552267797475],[47.27679297712406,87.73639473305137],[47.2405834955677,87.7585776369927],[47.21782190314719,87.75081275139887],[47.23251844622857,87.71442052614236],[47.209209931823565,87.70096501605495],[47.21435660479206,87.64956714765624],[47.32213699730362,87.42557033967606],[47.38310408155578,87.32906668562028],[47.51475227537748,87.15848115847902],[47.86223397357115,86.61663078713454],[47.992198871491865,86.32607342834687],[48.199995679166236,85.95448566410961],[48.3965374693861,85.47793459329924],[48.47043879380936,85.21376551591531],[48.59923150898125,84.62046125858853],[48.57972386712933,84.47244762976963],[48.65539612680577,84.27287105732063],[48.73736091405052,83.76082417707751],[48.73216341878999,83.62513913818799],[48.63032434321796,83.5790073542197],[48.525886351693565,83.59290706812223],[47.84592622190077,83.60482627058586],[47.109643345756524,83.8662029429088],[46.01850560219589,84.42454648051438],[45.34379796124556,84.73000526150012],[44.269098279428846,85.04979834955861],[43.17168499647186,85.36533196022624]]]]}},{"type":"Feature","properties":{"Level":"ADM1","shapeGroup":"TUN","shapeID":"TUN-ADM1-13205935B59152641","shapeISO":"TN-31","shapeName":"Béja","shapeType":"ADM1"},"geometry":{"type":"MultiPolygon","coordinates":[[[[40.857140780605036,157.90916343743413],[40.859262894196675,157.57415590708763],[40.908540721876435,157.41478609612668],[41.02254643350652,156.96823807284744],[41.2912359938677,156.56968305208693],[41.41476586751461,156.48511460458656],[41.4527356123957,156.32860162505085],[41.542974982437556,156.13266777088947],[41.561112076979654,155.99342094144555],[41.66730673795018,155.77722561544522],[41.685013439565054,155.49799702240745],[41.631786918672006,155.33535809613912],[41.59060023732658,155.31541078749808],[41.620882057086405,155.2714951715628],[41.646861098978576,155.14526698264555],[41.731299114951334,155.0922889820024],[41.79141519082964,155.1273358919283],[41.96157600811231,154.81079348461986],[42.02784354140036,154.29700547906663],[42.01666148785175,153.8468195133539],[41.97654691134263,153.82590392554664],[42.01480186921142,153.6267028160248],[42.19518909876685,153.44619670422003],[42.23609273416909,153.47064968937556],[42.407812611848755,153.81009841134687],[42.499494729865305,153.9281843246665],[42.62214525157528,153.9484919229459],[42.65756429355968,154.02412826010453],[42.69598532352075,153.922532542558],[42.71002316265675,153.9611605519437],[42.72837717106549,153.91483846180523],[42.727451833527525,153.83542623254073],[42.74699543160645,153.83303217905873],[42.79114447530582,153.6913836770059],[42.80806508717846,153.56349132888806],[42.831243277819766,153.54596884823508],[42.86634030288834,153.3698582825839],[42.950284927917856,153.36238622000218],[43.009736459832496,153.2240409780645],[43.077188727308865,153.21866430264987],[43.209322648217324,153.02229857085948],[43.20964013175241,152.97901232156724],[43.219848357336,153.02689034922457],[43.30645626820104,152.9079067480566],[43.341875065310646,152.94743276806466],[43.340916277320325,153.05055123518684],[43.4010387037204,152.85972977876864],[43.44205864188912,152.65314639497433],[43.453907430719966,152.4244024887288],[43.51345278328957,152.0668732692567],[43.51815101706244,151.62552675777945],[43.55933177879791,151.26161416926274],[43.617085080569495,151.3430511102352],[43.61753478611307,151.46182081603052],[43.671069159006855,151.6256656029078],[43.67785118994113,151.9056537601823],[43.718713545432664,151.93049828735076],[43.74179602791081,152.1108482819687],[43.79475645030905,152.14251093129897],[43.80963641042952,152.23739125499765],[43.91570677331153,152.18873723874182],[44.063867158156796,152.41948459145533],[44.124613100089576,152.4273979113292],[44.21542153630469,152.67341481792369],[44.32054034038757,152.83460192387366],[44.3447915286181,152.9648055108962],[44.29550172802435,153.36316352170118],[44.34926531148234,153.31669343691593],[44.38470827018611,153.37330605256386],[44.49596559374464,153.80973565031138],[44.435139174235374,154.1689748215594],[44.409970767585776,154.62022335948689],[44.52559515536438,154.67184884384238],[44.62707991115322,154.4750670353729],[44.74082384945084,154.49409663032844],[44.777408617944765,154.41493401560342],[44.81087227403333,154.59235190072462],[44.87116911465789,154.61138004453792],[45.006589182567886,154.8598185056846],[45.089659393667944,154.89694090665427],[45.14172981254471,154.77392533855613],[45.24988727538282,154.70419879539506],[45.28849592891945,154.60724659774036],[45.34598503055784,154.57538302556426],[45.437230826731096,154.26807066255066],[45.4605361067572,154.13280603848202],[45.50303066396542,154.0783115108937],[45.69941497884916,154.239525230867],[45.76874375882687,154.11226187628841],[45.79306265093831,154.1422086560205],[45.90004834625913,154.07525596208512],[45.95939270826369,154.21299237186537],[46.09221702813111,153.87790927532444],[46.23530814203468,153.6492593381396],[46.30171006875847,153.4274743507571],[46.31437843372629,153.22000736603258],[46.3450017348748,153.11677739040897],[46.47689792880097,153.03871017730373],[46.557360353679094,152.89856992519344],[46.65256543818662,152.82566797412613],[46.75671884849511,152.50747393961132],[46.83594406803259,152.4981225337085],[46.93218919301897,152.42110865091541],[46.987962226572094,152.491800822044],[47.02128211973721,152.43475600669598],[47.14681389528725,152.40542135931204],[47.27200828451437,152.28549134482415],[47.35430049225691,152.31769462376099],[47.540830625066675,152.2268976669655],[47.74239871018712,152.03699387113437],[47.83795116199805,151.77800409005943],[47.89027060258647,151.76362244681403],[47.90733336845871,151.71644843500164],[47.88978159764156,152.1329067228749],[47.957866838961536,152.12973046630714],[48.06234035973145,152.2061467623223],[48.10550033312725,152.33336744260367],[48.23485956405207,152.36663083251477],[48.30673390617133,152.2809108853217],[48.36231684225064,152.1273065735374],[48.57094160429678,152.2245229115133],[48.52072168647955,152.60310382150425],[48.54688564251852,152.73162240909176],[48.48288144833661,152.92299045116013],[48.55699196776119,153.07184599109735],[48.622949756385296,153.11323523694523],[48.66791221151766,153.475088051029],[48.71094867873486,153.33852167417814],[48.747274655143485,153.28911566025772],[48.76867201516062,153.37272395697215],[48.80601728768551,153.309322508037],[48.8474700570483,153.7288713966201],[48.81877961505165,154.08072418966796],[48.91064344320853,154.43026200564066],[49.05517420563946,154.55430665144846],[49.1642047728034,154.52613457879798],[49.16212601784593,154.7602787461187],[49.192921439985966,154.93340882611483],[49.1837259265515,155.3336244525505],[49.21948950418865,155.74803183515724],[49.32697242700157,155.8593823328199],[49.42102226611921,155.80558910434502],[49.47044201710469,155.89556203586596],[49.36012511135776,156.67827969311747],[49.28295052824633,156.8687158606051],[49.236231097419626,157.1640643338938],[49.13805815499677,157.40905171858287],[49.03333807715538,157.35087919614767],[48.94148497773422,157.39633864295496],[48.79331721008029,157.5705824087373],[48.61517333639948,158.2112843973029],[48.61249831561503,158.4241070679665],[48.645360264307456,158.55394327896127],[48.57558325969582,159.26505866887143],[48.51900332924188,159.40015148931582],[48.475609079749724,159.36906818086518],[48.3924454029491,159.0315320883548],[48.28202044521413,159.8743660928455],[48.39039052193424,160.20880756569255],[48.3885723616652,160.8032904034298],[48.337898286221716,161.09351963609126],[48.357957425634254,161.1993282236745],[48.27965756751032,161.7128672445174],[48.221047701795065,161.95498260173707],[48.13657461966139,162.20871742201592],[48.020990076128996,162.93711829746331],[48.017461312238815,163.6246552749249],[47.98127805975113,164.60520029595492],[48.00174152180402,164.71281210097632],[47.86582843745424,165.34813294841078],[47.79983963916709,165.4207731908426],[47.74960599639953,165.67565943306735],[47.783070888775484,166.4146971054873],[47.654081959693684,166.50084740492213],[47.60367130323406,165.6596207723549],[47.553063369143885,165.18840524958108],[47.53282888636798,165.32093870176885],[47.49075851540519,165.41377383201151],[47.46404447019545,165.95247033406233],[47.304739393746495,166.4747106319372],[47.20896439608065,166.89083791635437],[47.190930668873186,166.87497472577172],[47.11312733600258,167.3353428110867],[47.14352409160478,167.3400601932592],[47.1340842180533,167.47755038806218],[47.08754856467345,167.65417618006057],[46.97252705414037,167.8166666315614],[46.87511388237521,168.1320895844818],[46.7629794804458,168.60216875011523],[46.57537551573635,168.9564235535432],[46.54998034855227,168.8784782536547],[46.38520065481008,169.08934666985152],[46.27543618879446,169.47890299050292],[46.256439008560136,169.45972794388618],[46.16614550565324,169.7795650474617],[46.164539558934074,169.84499689708406],[45.86575893160523,170.89116815652858],[45.75083272897147,171.6799422393407],[45.71583797943317,171.70874192503237],[45.66782279711367,171.92320641856665],[45.64675394011932,172.46510287915436],[45.57639848770216,173.2135032010336],[45.51078726894917,173.60540475878318],[45.519141499353914,173.78882536641368],[45.335291139408376,175.37254814886873],[45.316367664328624,175.73977781330439],[45.23571775327616,176.69979166791506],[45.235076842768294,176.89917309457348],[45.181598286431374,176.68414945089165],[45.177028831050684,175.98675977635367],[45.12808294661209,175.39041531411596],[44.96321820741741,174.4271392240871],[44.95492911555149,173.87539345158547],[44.90585527249296,173.4190193065287],[44.93841615029324,172.45516786352724],[44.87848315345821,172.48804778662623],[44.80624161483708,172.0425579014459],[44.73672333594473,171.9984370803407],[44.72206659959541,171.87103568162908],[44.73589672402938,171.76902911117173],[44.691533170085584,171.47317239693658],[44.58775481547528,171.52579787024732],[44.555757390534545,171.38067950217047],[44.52172632689858,171.3973818120451],[44.491729111984824,171.2279530671859],[44.47215523946265,170.50924058715992],[44.44018810922141,170.4230410645305],[44.48786524868754,169.80959621214893],[44.486917950153206,169.56780714667332],[44.448581606836406,169.56900742013175],[44.41426745501026,169.68804557882058],[44.385644360640185,169.45695077501964],[44.36081191526946,169.53606710496788],[44.37241977827934,169.43883928941608],[44.322043399057975,169.19253013231506],[44.24767056437715,169.663988311835],[44.180626457053286,169.80153349061442],[44.179844963209625,169.8750296430324],[44.12226372385322,170.0745351665422],[44.08713321372706,170.35727178697346],[44.04356654578403,170.44376206806623],[44.037778556034915,170.55562980136668],[43.91739771072557,170.99801137224603],[43.90332703385544,170.97041970385797],[43.87889721415997,171.06539932422382],[43.87096368925683,171.16271439810603],[43.8037978321288,171.45192815654346],[43.75407254355568,171.50302813110088],[43.664586574256376,171.79111164912263],[43.56462539750436,172.59786190853092],[43.58956161035205,172.94400794450019],[43.58198263266913,173.23400064904158],[43.62747521514151,173.69477997888814],[43.6027308414277,174.22219378461247],[43.60527893652747,174.32910825060515],[43.63435948537834,174.3855158437471],[43.603374861139486,174.77109713802224],[43.586910003625704,175.2177483245638],[43.606583379910184,175.2736200874442],[43.60839002360569,175.47606491630603],[43.62500815269702,175.4519599076377],[43.61894112404357,175.87906955374916],[43.65062001040134,176.29227484850043],[43.63452178672796,176.8367398077732],[43.70137464651924,177.04973139062025],[43.616831491480475,177.43841284047238],[43.61350319441867,177.66451448680826],[43.586003173216035,177.88445649649728],[43.485079666420525,178.16986185725898],[43.30382646106102,178.88034712190222],[43.26194877314201,179.22722964081737],[43.11331586763305,179.90221520961174],[43.06427126163706,180.28335723282706],[42.99792808225894,180.36798165335347],[42.92532148162176,180.9549994959694],[42.90918700450124,180.79715568878626],[42.87364896240955,180.85560219942008],[42.865065386465126,180.73807143796034],[42.89138466477634,180.58210406658034],[42.90080016536346,180.33935155475],[42.88118045835309,180.3139934262179],[42.90434811560874,180.13121532860853],[42.85567790488844,180.0656761863303],[42.758029687960246,180.498860701006],[42.7307140289382,180.69211029436593],[42.65824772768468,180.89405581249798],[42.56603984218399,181.68709256799588],[42.47217587625968,181.74512478279374],[42.40840673035258,181.91892419059985],[42.30236717207535,182.06815510660505],[42.237937430590776,182.42527405250306],[42.05484661285744,182.92468503609746],[41.97973598035861,183.41454866202784],[42.0180109850174,184.191237259469],[42.051713430869725,184.35709786647539],[41.98835093951578,184.54880538760347],[41.86466241239199,185.47834468749102],[41.79891271883608,185.76609765664745],[41.680143939032185,186.90078816926274],[41.620577090839404,187.06325698722154],[41.57828367913851,187.37157120309388],[41.54197419927206,187.32326882011606],[41.48380980203195,187.5973040064009],[41.455776616166176,187.56791496867334],[41.43535390838717,187.77453173829093],[41.42218575323153,187.71778408175453],[41.42448646365086,187.87102583878703],[41.369783561789,188.078031579451],[41.41098347447081,188.17785298061182],[41.457608029988364,188.51125792912583],[41.457711575520506,188.70908257934994],[41.43168926572288,188.86768097741896],[41.43699265266386,189.47914459139804],[41.41781026005384,189.64145488820472],[41.34215364728489,189.74130755609025],[41.34402866929305,189.81727784803883],[41.27392185734502,189.9360448445995],[41.303438047556156,190.2002258557126],[41.2729177156547,190.32423507080262],[41.271995743493875,190.50322996824124],[41.243925917865596,190.59791453326991],[41.249479326893805,190.71951245049394],[41.198084710872564,190.8249403392239],[41.179136677120496,191.01299901865994],[41.09637351749138,191.19321223799668],[41.049977747948745,191.36045296201797],[41.04930664169835,191.44729084513057],[41.01900695909967,191.46866260523637],[40.95054878359789,191.6796584344262],[40.72400914990859,191.81556443161864],[40.571529013005744,191.68334362369444],[40.45853956145922,191.6760862903428],[40.39321735420174,191.38524266462534],[40.34079697472336,191.41409898619384],[40.22245689908658,191.1889933994115],[40.101587686134124,191.2771156443865],[40.078236909922246,191.07916635327905],[40.038353510572435,191.06826322626472],[39.892471857216606,191.70559847239636],[39.80208645847259,191.92973475722042],[39.68813066738963,192.15105810948566],[39.57640661327124,192.288714683386],[39.50380424809067,192.30276053004195],[39.50720302489276,192.6996115537924],[39.55891735552377,193.02841170745373],[39.556553467158544,193.18713285368386],[39.62399226877594,193.46344680705886],[39.60173247801802,193.6817364578032],[39.636266891595525,193.8163416910393],[39.70261649201993,193.8540904565396],[39.75608038560784,193.97010687171976],[39.78242719661659,194.49651402570774],[39.685200957123435,194.5068503842311],[39.58119999124981,194.6973584842103],[39.5012557796475,194.89571360206924],[39.45644257357817,195.23569792363722],[39.3399272816975,195.4468676475207],[39.24330895524301,195.3575078176102],[39.231339598252006,195.260880807096],[39.15638786876467,195.15786027141417],[39.11551497201334,195.02625632172007],[39.02913035388101,194.96611847888522],[38.956444002304835,194.78659359322418],[38.89583947502045,194.45884971997074],[38.74852827904175,194.2210206438603],[38.70711947913886,193.94993369116744],[38.712513405057265,193.7863623153244],[38.617832666179936,193.68198642602064],[38.61061327335038,193.33230761875757],[38.57826216207884,193.33967605178955],[38.54893252731046,193.11519897082943],[38.51496373725306,193.09372574152053],[38.468383269245045,192.88615723070188],[38.40400733282895,192.75080934879304],[38.37500208527524,192.57106983248636],[38.344266833948744,192.60730838066436],[38.29211584783116,192.50224239170973],[38.28439093051342,192.4539590601287],[38.373493118775365,192.4921821401833],[38.38513445448467,192.32009084642107],[38.3524838824088,192.2008510383576],[38.309038721497984,192.1626252450232],[38.31470742412639,192.055753032078],[38.22059990887888,191.77683816369563],[38.21828115739898,191.65014266275818],[38.121764245540405,191.4497338180169],[38.12550797520346,191.28430627851657],[38.0928550570638,191.22716886660763],[38.03512307546116,190.8701305031001],[37.550716428029666,189.9008151739725],[37.50551086671475,189.73862951673422],[36.931739706218174,188.63423360377925],[37.38810141272068,188.11897430625814],[37.49321797878065,188.12394819502026],[37.572673674089685,187.99056358268777],[37.59888850959127,187.84759065597817],[37.549436033271284,187.66916237404962],[37.591615974355896,187.42838667856017],[37.74521595745445,187.07983783519725],[37.846946060202214,186.7491564046823],[37.92018678233011,186.7779755826206],[37.95704894214452,186.67248110935793],[37.92634130906749,186.5998716714646],[38.00792272223288,186.570621472908],[38.011316520490006,186.61592981574165],[38.091290666587476,186.46101954245853],[37.97858698827888,186.15490158013594],[38.00677129442975,186.0120830859508],[38.00481017460358,185.57225708446916],[38.1310631659686,185.18069688931328],[38.21130893715886,185.16652136521233],[38.33582703125792,185.02271895829472],[39.0331358532796,184.53679310500672],[39.347358030011215,184.03964288231865],[39.42801736275937,184.02307422098917],[39.533072379137586,183.83078879038462],[39.635149646926415,183.75088472122928],[39.6871639095981,183.62364012305844],[39.71779923342629,183.64748147065978],[39.80036716348376,183.17408837163498],[39.71050468144994,183.21961170105865],[39.67440359193617,183.13382590759647],[39.904686631656205,182.37958021604786],[39.85782633700445,182.24174688630586],[39.911914243881306,181.95171552083076],[39.89739829988588,181.84837700644178],[39.80376350997516,181.7255397451733],[39.79527361095599,181.58270173250267],[39.687093872807026,181.52291347062356],[39.63913449638076,181.58997602724682],[39.560319173908205,181.49078881070764],[39.45451620058923,181.55222080389913],[39.453361257004026,181.4153291552134],[39.38367367622877,181.30310723303032],[39.43819224889273,181.09177135970174],[39.36266242537753,180.72897911888762],[39.37821000677627,180.60830771033864],[39.43314195517552,180.48736301783887],[39.33677491184731,180.361988485231],[39.312774069168015,180.22369044671194],[39.36274848782174,179.74160278274718],[39.4608761077236,179.55455124409482],[39.5968144727993,179.57790295487766],[39.606732331139014,179.672427107896],[39.650644431833655,179.67458985538065],[39.66937631490062,179.3846138476953],[39.77313157600964,178.92713519768185],[39.57866708894792,178.67605436463032],[39.57050506589784,178.42719157386276],[39.663617696613386,178.05564032083097],[39.98838472480316,177.51921375498648],[40.0673078800165,177.16388176720628],[40.13145249852172,177.034140829092],[40.16038218180973,177.18307263113815],[40.2160411171415,176.97892500374817],[40.26409260877409,176.89227327040305],[40.46399421692064,176.66870989337437],[40.549957958835634,176.49347460504538],[40.67467840104116,176.0078909009883],[40.696225989973065,176.00286822562353],[40.783252317018565,175.61580725521094],[40.82060904748635,175.54118227131647],[40.83129011405189,175.34600510121618],[40.87161046456508,175.17211801672056],[40.88925115457965,174.99427726162514],[40.92185213457407,174.96445973101726],[40.95278258020732,174.61142200897658],[40.94584626552595,174.4816195186389],[40.97096816097428,174.33126626773458],[40.98132788588812,174.07283866473617],[41.02685873792848,173.57121561894462],[41.05691623993306,173.49473229269776],[41.097492065483024,173.15150761877294],[41.07486264473554,172.9831828009349],[41.102193147244314,172.7823116423166],[41.11772216604934,172.50278366723452],[41.10710777733711,172.38671843117868],[41.08306926497852,172.43312045768585],[41.08968701594554,172.03664477594145],[41.15531810939932,171.61290648220387],[41.13044942645136,171.51915439458736],[41.138286541547785,171.2673103860478],[41.184813750201734,170.83397342717495],[41.17322069167525,170.78243772212514],[41.234296991837105,170.46496336751153],[41.18622140878808,170.5624126716184],[41.23138162986873,170.32663139898398],[41.23693381446831,170.13986893049747],[41.212734301092404,170.24026774756467],[41.23759361739434,170.08644073437443],[41.223098038837236,170.04603974697292],[41.240121842667435,169.77633409042681],[41.21513600208429,169.70865906932755],[41.229593922408164,169.58070612337488],[41.17281833552448,169.6434178686934],[41.183351754512145,169.50328916503673],[41.33412252404012,167.8297777611462],[41.3942259860543,167.71164479150576],[41.456892952553886,167.41065366184353],[41.56362003492326,165.82289892489396],[41.58892509742468,165.52637664121823],[41.62671020116762,165.3929874273186],[41.60079196311332,165.13754976162448],[41.62440631629188,165.05813260604526],[41.65513650706987,164.65947423296336],[41.71649509801014,164.40900596131127],[41.676668600273715,164.21304693099438],[41.62039611614225,164.11074630523268],[41.65442734178761,163.73831894239817],[41.59643084321405,163.61420115544703],[41.62864689157926,161.8004635939196],[41.61977096792914,161.6459307227291],[41.519818876034485,161.34693562669275],[41.58898206719425,160.57014381724105],[41.4925394317222,160.61370355423531],[41.401370029268506,160.13298434030733],[41.230206524199346,159.74153745363222],[41.306982646033106,159.51692602402613],[41.21939595401078,159.02877323721128],[41.25180589165385,158.7944654990583],[41.29302518489585,158.6646932428796],[41.27859475350058,158.31119506527506],[41.230409156967404,158.23286694932534],[41.165624031800846,157.71560374415822],[41.1184268393811,157.60621837270344],[41.08859434381367,157.70873488268342],[41.08607778834122,157.86014147579644],[40.857140780605036,157.90916343743413]]]]}},{"type":"Feature","properties":{"Level":"ADM1","shapeGroup":"TUN","shapeID":"TUN-ADM1-13205935B42975151","shapeISO":"TN-83","shapeName":"Tataouine","shapeType":"ADM1"},"geometry":{"type":"MultiPolygon","coordinates":[[[[50.88169642281646,74.19598591488949],[54.577009106653904,71.45292891411123],[56.6084200810084,69.65566363840156],[59.107892836605025,67.88531336344437],[59.69397605198617,67.54455602519641],[59.80116842785509,67.49812577872088],[61.91306376344235,65.89672584578368],[62.09904623086186,65.77208094819329],[62.50665719600772,65.35693697409907],[64.80814980319487,60.28714572083324],[64.84674910285717,60.212678495028676],[65.98159067398646,52.23258621281943],[65.80998157326853,45.53707050525743],[65.87153683249045,45.60337256354578],[65.91610881606795,45.59870994120085],[66.0552391111704,45.78842780696061],[66.30798451715745,46.56303254479056],[66.42348301778193,46.71639457310777],[66.5749926681025,47.071377282131785],[67.02083437193018,47.711908269485484],[67.32469317742024,47.67848122517909],[67.47863448082575,47.960838503684684],[67.49447385606364,48.04895482690958],[67.5759901645577,48.26900883762252],[67.65743413731263,48.38009772279951],[67.69124869426335,48.7380601381907],[67.7552284636999,49.006797298840446],[67.82022145812252,49.06351104460918],[67.88114822965554,49.79568353209984],[67.92393728794283,49.93474962309604],[68.27654243152037,50.239592982288166],[68.4429299827235,51.59640638068552],[68.66090502000893,52.9672755152524],[68.76376394540964,53.079194426554416],[68.82347377213584,53.63513932053767],[68.89068374525358,53.72377040137922],[68.8969757935104,53.97570059733948],[69.01656562565371,54.422916331930885],[69.03393387366728,54.90648629454013],[68.99617060202611,55.344851864153945],[68.95707867069842,55.51546489484838],[68.9723164860237,55.64194346493744],[69.04515345526677,55.74772321739957],[68.87930911573017,55.95726240896583],[68.53077774899891,56.732193948259535],[68.38628614045486,57.224505160903924],[68.28865204679838,58.11390340492968],[68.32189603678626,58.87658646171387],[68.19148774940297,59.457779253433785],[68.10553101710566,60.140379453304405],[68.08262252001722,60.331917609706714],[67.998772387641,60.50898729348404],[67.94546906941814,60.70341655776146],[67.81361430382202,61.12915731725208],[67.51896841005743,61.605817498078416],[67.32516381711507,61.85574433161683],[66.75362268893396,62.605508992588106],[66.5637161200915,63.056476945977266],[66.45190983905823,63.32205372485997],[66.36027095967367,63.42875411871154],[66.27596340558061,63.53553862639874],[66.1761088135385,63.67200685166753],[66.1359992569528,63.75395392394647],[66.13504905224772,63.79946011422385],[66.10703009891607,63.85688333045548],[66.05922312511694,64.05628092593518],[66.05059440394503,64.22847149735834],[65.87235732810483,64.76962483198407],[65.78168265643087,64.94165756930988],[65.7799021005117,65.11014930046238],[65.9152309100622,65.26428475126768],[65.95405164573212,65.25548530182203],[65.96883121498678,65.24686996095892],[66.00286908827377,65.21507323237202],[66.04759387475201,65.19878045644808],[66.09336197666785,65.17230615624425],[66.14332151314679,65.16486729274256],[66.18527559781947,65.12182535483858],[66.19890365550374,65.1316423553153],[66.24534157842639,65.08512931321077],[66.3280707084827,65.05864791138947],[66.36655683166452,65.07865548547564],[66.3666136796553,65.09340137583548],[66.33520700309235,65.16456253968313],[66.34461420297404,65.17916451856388],[66.38854496016057,65.13254373526144],[66.4329170098067,65.0667825832391],[66.44447447011703,65.05496958046047],[66.53571377802908,64.99009695596281],[66.5214849630208,65.1161667758637],[66.4896303856626,65.24883203736198],[66.40478317191442,65.39257087867746],[66.35849045994651,65.54499745351752],[66.37056793049902,65.67342048177146],[66.28944703699308,65.84308360768452],[66.20587039241298,65.93094543456802],[66.14210230164568,65.98699264251806],[66.11003135746984,66.01250369020539],[66.05007793870593,66.04952935007346],[66.028118433814,66.06954319475179],[66.03507857571635,66.06950752642891],[66.02252460941142,66.07958072718421],[66.0329427800901,66.07475779096276],[66.01429854876325,66.093591418861],[66.01926016555568,66.09715394208965],[66.03427565996789,66.08770813333582],[66.02191847326822,66.10128859252589],[66.03872797577137,66.09992090579226],[66.01156965132276,66.103409925541],[65.98737624745665,66.11763234828129],[65.98602739256994,66.12941163207111],[66.0055053158935,66.12806670476587],[65.98307807880457,66.1403732058224],[66.0010052917058,66.13631855719163],[65.98427368355422,66.14953749255089],[65.98282293012771,66.1577785124341],[66.00664888394425,66.13921293204328],[66.0049890772624,66.14814744766704],[65.98853698976656,66.1616319754189],[66.01215376489296,66.15117148622652],[66.00132949237329,66.16443009931831],[66.00515344413017,66.17131085234882],[65.9756500144075,66.18100917307244],[65.98601276501284,66.19299216218045],[65.96740659267161,66.20878421232956],[65.9569492822169,66.21156496009313],[65.96120414229371,66.21651894557985],[65.95368939155972,66.22607387663392],[65.94541421669683,66.22896161711073],[65.95205809687135,66.23073250931989],[65.9455204672978,66.24414315275965],[65.99509473612132,66.19182035306142],[66.01081036562968,66.19197131469689],[65.9810961948249,66.21361249564922],[65.9709221233028,66.2275508905463],[65.97827276550218,66.2342653488961],[65.96046749209579,66.23898115561357],[65.94881332543156,66.25517251775122],[65.96763831689996,66.24852941488767],[65.96017448542987,66.25990958437919],[65.97201880817022,66.25896072944772],[65.9532279451963,66.27631880949679],[65.95495557380039,66.26951493091065],[65.94562941279378,66.27894700957124],[65.94928066826797,66.2709494119737],[65.93379422181393,66.27530826736547],[65.93275250732735,66.28460102632961],[65.92187229560687,66.291142713926],[65.91378869349387,66.3043178827754],[65.9181215040638,66.31091436548422],[65.90691032723714,66.32262557662034],[65.92120161519479,66.3183569918071],[65.89736398581114,66.34772889308996],[65.88414127595006,66.35076397090516],[65.87342508906809,66.3643942537162],[65.86392479863233,66.38590317805598],[65.87322649366038,66.37336386514161],[65.9019851189207,66.35036395829204],[65.88515268505148,66.37724167802023],[65.90337254430096,66.37055594064952],[65.88750206908095,66.38826336225699],[65.89280477070348,66.40072459389255],[65.85842869488665,66.42174169597968],[65.8589495967449,66.43300274076277],[65.88537521504341,66.41795714749578],[65.87443458865043,66.44478233995231],[65.85566697612522,66.45525155595641],[65.86888252920514,66.45460441496633],[65.89205696741419,66.44071113505925],[65.88323058187731,66.46205261132258],[65.97273711379084,66.42602946079363],[66.1422579096936,66.33591951281099],[66.21291056759077,66.31687133937768],[66.23261803515126,66.4031982235517],[66.2932740944976,66.38457260238127],[66.36405491319921,66.40325474180568],[66.43322449482956,66.44415838757098],[66.24242337312153,66.91372653912191],[66.16049129437258,67.03173506147398],[66.53441811206136,67.37142123101228],[66.6293574549924,67.51191525027379],[67.12761699361673,67.79216275719455],[66.89138018284007,68.03933854700966],[66.92236667685988,68.04080080086642],[67.00621283576281,68.06692319084294],[67.02161365369824,68.09582017808934],[67.14166742628069,68.12809006196102],[67.2233721795009,68.17463064251346],[67.39407387820691,68.24631957081452],[67.65369907423502,68.34640781225923],[68.35050363868697,68.57031158275043],[69.56486313646157,69.04112480132672],[70.55782153656162,69.33503152141455],[70.78257633984141,69.45790688268225],[71.64188277407465,69.82597846350038],[71.52395454944455,69.86244765511873],[71.70429664917145,69.96004685541322],[70.6859111494545,69.71951563761519],[69.79008083152065,69.4037148125472],[68.9857774094348,69.18924655942179],[67.8687164728436,68.81926648668895],[66.9733420689065,68.48340948811799],[66.86884239142302,68.53624799164386],[66.52500050291106,68.60921448733131],[65.56401784369496,68.44403580952826],[65.47391097435502,68.62552562768232],[65.51006119488153,68.90599578524564],[65.48613744636367,68.95415515910578],[66.01111250934233,69.48919347110852],[66.34745409424994,70.1021742553274],[66.47789064704732,70.45531233329224],[67.0547536333861,71.28849996842604],[67.0844920106003,71.36263579758182],[67.03620903700158,71.38558992180502],[67.08577786033038,71.46715944943317],[67.05925975445703,71.47264798103853],[67.08542450061812,71.5240163617631],[67.16698961460959,71.62561639347282],[67.11706377697645,71.61597944517494],[67.17999965087293,72.02495995937268],[67.13336522192681,72.00367116355808],[67.21647952692979,72.1405138182534],[67.25980067227775,72.2509893529285],[67.3708269199207,72.41620935769201],[67.3149414388427,72.41460571188765],[67.21776393865576,72.32036047708894],[67.24983622778791,72.3686907874164],[67.43828441003474,72.61845085888991],[67.63075343761012,72.85480484391685],[67.7350475823276,73.01581703750914],[67.82638448614216,73.14802699811717],[68.15301888421548,73.7005919895128],[68.8163517291118,74.75469020160548],[68.33385499878031,74.18695909010785],[67.83823354311194,73.48493179917192],[66.27102529061247,71.89454656210953],[66.17155318351678,71.75887061920251],[66.15704629037704,71.76708146239808],[66.11404423776884,71.72730335581815],[66.03024594488359,71.6147833382581],[65.95115719228005,71.4825831584798],[65.84781563712222,71.32451051818332],[65.79304033274265,71.2483633410608],[65.78276978281552,71.26409855230224],[65.70655856568435,71.18497632927544],[65.59492924787128,71.00569948719291],[65.37968084149176,70.77309486756391],[65.28171977225756,70.68972788639132],[65.18474990380975,70.63856201732773],[64.83362523145266,70.29967913686289],[64.6945714467443,70.12634926257807],[64.58754777186988,70.0478794733426],[64.52514530784491,69.97187587219734],[64.45329901615533,69.88866509025371],[64.36444089776754,69.82552494974252],[64.27130134595997,69.74518010967813],[64.03592624161341,69.6952943031121],[63.80030299799486,69.78416022722007],[63.67716496366936,69.83993228799416],[63.63071157697278,69.89332164219067],[63.507212279203834,70.10442257075567],[63.537530489116605,70.11542622300756],[63.58339804097984,70.09616784168483],[63.624535786411904,70.06804932966386],[63.65629224587597,70.0640616380984],[63.71935149423423,70.07537173422315],[63.736351780322146,70.09957476311833],[63.75937848335171,70.21306245089063],[63.85288472043767,70.37595064413087],[63.99796375729094,70.60525675142355],[64.17771154137698,70.77718689011661],[64.28935344468539,70.94115175915138],[63.69119615270119,70.9302712762122],[63.561873230382766,70.96743597212043],[63.55257968307077,71.00513874000895],[63.43677661248471,70.9855813758297],[63.4585983884039,71.40019555018218],[63.41428434046339,71.26572996123154],[63.389990016866804,71.25043581725033],[63.37472885130461,71.18752769481291],[63.339723705213544,71.16741776503129],[63.30197553535772,71.03303686754349],[63.230075806250355,70.95375776016238],[63.202290560770486,70.86741270392308],[63.146305089498206,70.81049026473],[63.13607808211101,70.78967496662479],[63.04738115166108,70.81947548049779],[62.96903104487439,70.81874601684639],[62.89382668919808,70.8360221974493],[62.875532624600055,70.80569073148553],[62.8852692503341,70.75100368608577],[62.87167080555778,70.75413567855993],[62.8535661719744,70.72608670750154],[62.86326358399178,70.62609459324814],[62.8491395670176,70.63111654760456],[62.84747833434263,70.61812781577413],[62.819543018390014,70.66762650469387],[62.79912988963943,70.64671651421317],[62.78407749021016,70.6817329246557],[62.78479117188261,70.65038086021829],[62.77183149983449,70.67236435360802],[62.76840348160928,70.65434641438442],[62.74655732913877,70.67476895784972],[62.752680990439245,70.64881843027706],[62.74838423074697,70.62727122456242],[62.73244885141669,70.6235372468501],[62.74392809101629,70.56997655094625],[62.73425820969007,70.55793500367238],[62.697164997857826,70.59254629627631],[62.7003047416593,70.56314526942946],[62.630417138879864,70.48255612627817],[62.620852384426584,70.45426736227105],[62.620074513237626,70.34600080247674],[62.673634425829384,70.17255854312113],[62.65532554606206,70.15246350506987],[62.655749878920155,70.13159901464078],[62.667471610025686,70.10464574857916],[62.647069043199,70.11361693963003],[62.6191656696426,70.13976647200752],[62.616098214951016,70.13181509989097],[62.54748471151936,70.20563649631335],[62.534786566519756,70.16336991481798],[62.50373046349804,70.19433481054034],[62.48496644681376,70.19200436845651],[62.48921885754301,70.16630552054325],[62.52564578400759,70.10346842200464],[62.533144397940134,70.08180194255283],[62.5586556328496,70.04095860566663],[62.55592733238608,70.0391487956716],[62.50101990466488,70.08761079433985],[62.49336039181632,70.07804988297161],[62.36446179443454,70.16628172824906],[62.34414915716543,70.16699467121555],[62.336922562759966,70.15083595752401],[62.208680410874216,70.24462340658354],[62.13944932669072,70.28281934665219],[62.164025606566625,70.22637783345716],[62.21019444396888,70.14847555223136],[62.201886991809964,70.13843198789614],[62.12595028407202,70.20195099449758],[62.10689014438846,70.2211111821697],[62.04418696504576,70.30420004806811],[62.001550366439275,70.34637691893934],[61.976374365702625,70.36278103000893],[61.95198486752397,70.36790949286645],[62.01869652666034,70.26215135640349],[62.059211535916226,70.21826833698651],[62.07451720219486,70.22882420094875],[62.12201474130782,70.1806118270796],[62.23033463914414,70.05392539413485],[62.32741440243416,69.92072060163333],[62.434518674548535,69.78400428959591],[62.5526295219767,69.67107346362542],[62.571570215565,69.68198059134482],[62.624781809868125,69.64108034455018],[62.660460731004406,69.60323210622559],[62.71800739949988,69.52022637424999],[62.72949280204989,69.44735376686242],[62.66486863501284,69.46251407487861],[62.662520891175355,69.44102332738191],[62.636903268429705,69.45519670114186],[62.63696090713794,69.42629426471603],[62.661115365021146,69.36282196450239],[62.704173741827496,69.30577858135062],[62.7313969254656,69.23689970547568],[62.768167865448206,69.19378564922027],[62.836981652038645,69.04794279383991],[62.85446264512573,69.01720931860207],[62.886603690166496,68.97755343354054],[62.89744186028103,68.95657601028269],[62.92037261642976,68.93007530150105],[62.93250173547909,68.90649989074575],[62.93853261049774,68.83838192864387],[62.93641371478358,68.81169642693061],[62.94011056090416,68.75444826895318],[62.90995972800957,68.77630935647333],[62.893892122835084,68.7613936181462],[62.89262018730407,68.74719878958436],[62.9166818473027,68.68040112198315],[62.94984767520258,68.62624562479004],[62.95634258002913,68.62081608783411],[62.978243980080514,68.55491085715958],[62.977645277589104,68.54292797600436],[62.96847033293722,68.51048654676242],[62.995656618736874,68.45354053330351],[62.983648177768956,68.45299933837958],[62.98804327917283,68.43291313061037],[63.03316236816778,68.39572855692532],[63.050144817354806,68.36885744892639],[63.07510746015794,68.34242970257492],[63.10489216358023,68.30416758391428],[63.17722250602192,68.2327996215239],[63.19127949310027,68.22700796001087],[63.23347525890152,68.18281951074226],[63.241715296056455,68.17763678613582],[63.26322718626005,68.14559672323284],[63.2721274132947,68.12131686546712],[63.311370330010774,68.05772206736808],[63.32723289953779,68.01776569205525],[63.326384539767254,68.000981939907],[63.30512084527369,68.00327412106367],[63.2466164467836,68.05908677372548],[63.222448197241384,68.09439330712723],[63.20452725668391,68.10895973435018],[63.19591263693883,68.1202684575049],[63.178546010342714,68.15717501554353],[63.16109292798216,68.17928238443567],[63.09259466344227,68.23134051984195],[63.053853285808515,68.27703320072132],[63.040614894945485,68.27694868323422],[63.02359771098378,68.28708469324192],[62.98205171170676,68.35528318548012],[62.95859783400287,68.38378940398619],[62.93796502796587,68.40301042382012],[62.93763909233327,68.38896701934028],[62.92441640374392,68.38094379954543],[62.88889314779168,68.42946751303394],[62.806358409711265,68.53141153602765],[62.79040096497815,68.55613964225158],[62.768205848682065,68.57572601987488],[62.74692913070092,68.60580045481024],[62.737960915020565,68.615318058653],[62.73895282925051,68.60772428058948],[62.72979518112166,68.6160548488348],[62.689222052313,68.6701587576179],[62.68115628730812,68.6924595463254],[62.675688546959634,68.69861147914936],[62.66201247205493,68.7048776647526],[62.65063184979034,68.72046602755125],[62.64244868851858,68.7083552273576],[62.618804786159316,68.7438441058395],[62.607749749325166,68.74921695232568],[62.60052345077531,68.74456665703894],[62.58538941849644,68.75700550377272],[62.579360105949576,68.74306356951979],[62.5731209487662,68.74329503197507],[62.56505477640322,68.7621567650323],[62.554330987915606,68.77365970130269],[62.53894213747669,68.77194596309606],[62.53711128176105,68.75267841133117],[62.51719857118783,68.74851168182616],[62.545653786152755,68.70456348120697],[62.5233458150962,68.69418871148308],[62.5232813967532,68.68732022082109],[62.533878168996125,68.66090416676836],[62.509810875135216,68.68041862897383],[62.511597082431365,68.65857783635796],[62.496996262330875,68.64283908237077],[62.498339416658055,68.62872004321399],[62.50500803347033,68.61599158084695],[62.512215849992124,68.58456612800452],[62.49021345349098,68.61010446333324],[62.48335486165199,68.6145784556901],[62.479803489317334,68.59888774899213],[62.45556044054801,68.61669807998379],[62.460168632719494,68.59970260422648],[62.43725959379429,68.62039604886581],[62.394625280761666,68.56492401625394],[62.23577388001701,68.55287673073687],[60.6254752521323,69.25778427001782],[54.906224394000084,72.28509171373692],[50.88169642281646,74.19598591488949]]]]}},{"type":"Feature","properties":{"Level":"ADM1","shapeGroup":"TUN","shapeID":"TUN-ADM1-13205935B80018614","shapeISO":"TN-81","shapeName":"Gabès","shapeType":"ADM1"},"geometry":{"type":"MultiPolygon","coordinates":[[[[54.77770273343818,95.44713946006596],[54.51685341833538,95.11569988969782],[53.82578600779945,94.00597267975316],[52.32548823937128,91.74677971485788],[51.98323932059413,91.47476137277926],[51.98806622813807,91.36114427899685],[51.93126760355789,91.27693458582173],[51.87187686668287,91.04513329372256],[51.92970535114061,90.95741263163063],[51.942043954716,90.75283055316439],[51.880296682029524,90.59773520251663],[51.73418975222682,90.48322821190888],[51.73102050282732,90.35539860895898],[51.6938261507266,90.2608064012002],[51.48749506369453,90.11360462639122],[51.46220591597956,89.99830984525663],[51.3517190428555,90.02083387727288],[51.23128498138926,89.93589673740985],[51.189649403036725,89.87432952155233],[51.14017937427027,89.50763459699385],[51.10134357109028,89.45724623114246],[50.96479858633333,89.41769478141043],[50.9364508772334,89.23631712414354],[50.83040019242799,89.14791393528529],[50.75116303966695,89.2321196260077],[50.580762130619206,89.55598261716435],[50.48074933120628,89.67456869587129],[50.482725344574085,89.74589614393773],[50.46307498834839,89.92190504954604],[50.3911695933672,89.69870194629324],[50.33061003884323,89.81692875765988],[50.296825760220514,89.73774869502807],[50.23810143975602,89.70193197634222],[50.155187739181216,89.77472111216913],[50.10623683185325,89.7677120356735],[50.003362954595694,89.58101411353121],[49.93686618337884,89.35951158812793],[49.8641867155825,89.27581158885707],[49.80264140871772,89.03472281509511],[49.74455368889528,89.05102508427916],[49.70906258746308,88.73951829594486],[50.14888860944632,87.44550325589842],[50.35750735368927,87.13119623970438],[50.426188838924936,86.91615416098483],[50.75637395058376,86.4950614869301],[50.72997400628171,86.51862335377814],[50.69617513159544,86.48717514254297],[50.65558967749661,86.36242054294972],[50.69830600698142,86.11448780301082],[50.687270805503786,86.06782253721951],[50.69200012339031,85.95048571068054],[50.654314585288525,86.0110875291284],[50.58624388011788,86.00908519631592],[50.58017796650462,85.88852864957624],[50.560118423584534,85.90772973887843],[50.55345779997251,85.81186669886065],[50.56812375813807,85.68261300608768],[50.55008901712587,85.68393840373358],[50.55371667651173,85.58245007487608],[50.534859189253915,85.56201233824214],[50.59350203879626,85.42022329325812],[50.61420078315138,85.37239992245763],[50.606762847416825,85.27077371133359],[50.664670054724944,85.14496583459689],[50.75668484435281,84.85891094837886],[50.827292467555395,84.71252366414772],[52.21246560922099,82.32301186754863],[53.150177150356384,81.15529211157632],[53.89580510489924,79.99731410048233],[54.21924447403681,79.4080858613732],[54.541414265895305,78.81852312412856],[54.788476313683105,78.4612948660399],[54.82270865007888,78.40197944353994],[54.96122844650788,78.19487920177552],[55.01626243065267,78.14004469831954],[55.30853924604382,77.88349222030308],[55.49091368019569,77.69639645491668],[55.67387695487196,77.44685741309029],[56.08197214914076,76.85147364326397],[56.14649602900803,76.77578009620196],[56.34359059751762,76.79985184227739],[56.42694256323237,76.78671367779333],[56.43402760296354,76.87005853654144],[56.49256894215881,76.84069962049571],[56.6206611531904,76.650091022169],[56.72759777359728,76.48227732223805],[56.98622647596313,76.1938618458927],[57.07375009447901,76.12446067984901],[57.085215352329485,76.20273415670404],[57.0973251035751,76.22409336789975],[57.263586312321706,76.30605088309993],[57.26454728068799,76.25080789185043],[57.22086697569871,76.17388600657097],[57.21257730443736,76.09725811014775],[57.31809463332632,75.83143207338094],[57.327861350014516,75.74318172105617],[57.28924068872803,75.70297222636604],[57.30309066102576,75.65362768423942],[57.365038697679125,75.5344949143749],[57.442454716159915,75.30431995468395],[57.52868972468455,75.19977144065057],[57.568086605188114,75.14050215334754],[57.59105803388708,75.05131413411938],[57.49588932978837,75.07594385086547],[57.34598594752693,75.15590450156488],[57.35249044586988,75.13079412349374],[57.30815554614461,75.14160808819354],[57.321558007296126,75.11234818742423],[57.34876996252645,75.1151520195311],[57.421268902457506,75.06479424470861],[57.4604406428478,75.05009603801662],[57.500965707375705,75.01395092315086],[57.5507470423914,74.98540489940781],[57.60994266988134,74.93487883636446],[57.67283547828357,74.89998115144992],[57.80081092353559,74.81504733695482],[57.913118111667174,74.72996191703335],[58.061193188388216,74.65091650410591],[58.13337411224539,74.60119791257262],[58.215973014466925,74.52087333600487],[58.32064766827341,74.45410376865017],[58.427557120558795,74.37152558705715],[58.53108421129623,74.32628030054076],[58.634507972251946,74.25644036063225],[58.73430475451678,74.2288409369573],[58.79517890676438,74.18211246656197],[58.9230234458036,74.02525515084109],[59.007443790835794,73.9148322729142],[59.05098076692262,73.84587612501907],[59.13593066958124,73.76079188030639],[59.451493019791286,73.36443305684865],[59.72340173812043,73.20137638355263],[60.204302808668714,72.90873258093046],[60.24826005256901,72.92772496909532],[60.29801091590786,72.91490095618602],[60.36372955252948,72.88581070485873],[60.48586917904663,72.83130989603205],[60.58415616590737,72.7665782692587],[60.58249419373419,72.82804337900934],[60.605703234371944,72.89819344367568],[60.641770005165526,72.90558395449672],[60.79260641814591,72.85972309209222],[60.79859120200471,72.91354390022386],[60.83811298645978,72.93817151459344],[60.98904112669833,72.8196441154866],[61.12248041504397,72.7566184717814],[61.05282923939998,73.1328715856875],[61.068147029154126,73.13565642704104],[61.115191880577356,73.06477913146567],[61.11123279181062,73.3852509929718],[61.09162571676353,73.80956214804297],[61.077612916843876,73.87257694224498],[60.966952818298864,74.17740413440626],[60.93241040346295,74.45600886759452],[61.0099108822746,74.46657451865306],[61.00244902324893,74.63925505193285],[61.035764077547995,74.87220266522642],[61.02043359154362,74.8702676148072],[61.00259545550425,74.90975634626356],[60.9656128334451,75.04211938889657],[60.98212731529229,75.06164608764854],[60.977431630699215,75.14744592053921],[60.994611394291866,75.16827349547312],[61.03569470670318,75.408618692822],[61.11052323166657,75.4436316370458],[61.2055254554046,75.60314384394874],[61.26274334688377,75.60418688557165],[61.54624728266137,75.83130089251048],[61.68323755540819,75.8429183642655],[61.712841341160484,75.7098776452919],[61.74139817733704,75.71259940912809],[62.161304736556765,75.95112512654269],[62.224349361850415,75.95792302780308],[62.4048197326817,76.1302035895347],[62.50599868255345,76.19492302904786],[62.59402402501591,76.35409428929648],[62.69424667590211,76.44374782199095],[62.86000605394816,76.70274006716767],[62.91666473054114,76.90437658554103],[63.24521688886871,77.46858651419451],[63.44529917817667,77.69240863103563],[63.50212165334583,77.81806316978849],[63.57185618301941,77.86600369744636],[63.6438457665605,77.86626706135205],[63.80070853311838,78.09111919152062],[63.97528039252631,78.24514392400843],[64.05440608592104,78.40178509561518],[64.21674235367233,78.60574788891807],[64.29798224715822,78.8174044266202],[64.4097327023759,79.01519369025756],[64.5265581054023,79.158240562136],[64.7280531283807,79.46146251386547],[64.81201624171041,79.50533106375043],[65.02445481959184,79.83977183897441],[65.11736888144098,80.02845670355366],[65.13122629712929,80.12954979681064],[65.24069810920527,80.29436753749022],[65.30997132375717,80.4819524775164],[65.37689781995958,80.57413449824026],[65.47376432602059,80.65950158156801],[65.51844357546727,80.76548016061875],[65.67359928906662,80.99770288285154],[65.77008178115368,81.18809496321286],[66.03972845949266,81.4479745425063],[66.13257034759607,81.600574646233],[66.38729052232337,81.89348490524665],[66.55622251858486,81.96294192079054],[66.58990799331244,81.91851733530791],[66.75984625450332,82.13255627903933],[66.909173997903,82.40416010458755],[67.00640459683964,82.45157258845263],[67.02656451927975,82.54778931513928],[67.13195101648483,82.7074404010241],[67.23628929145399,82.91224624530112],[67.26999718474403,83.02933845416115],[67.25093277664104,83.06924233881924],[67.31744631108069,83.22628600893498],[67.5353394720159,83.46784850663136],[67.53390075850875,83.40996517803008],[67.60412571257444,83.42311225819063],[67.6520449375513,83.51396064970092],[67.70973226354249,83.54117765796482],[67.70166444472976,83.46584242550654],[67.76729841386283,83.57303730955046],[67.93671061381815,83.7803229365274],[68.02887781203488,83.84529629508599],[68.06269342603882,83.98076411219577],[68.14291836882624,84.03818773403248],[68.20751125956727,83.98930108257863],[68.3206322320994,84.13140419614322],[68.52194482154908,84.23312393355486],[68.54053868911666,84.27942211376566],[68.49129928734867,84.3295571151948],[68.39900824986978,84.31324879198095],[67.79377059733423,84.24834191446084],[67.78038935876924,84.29938720724428],[67.82259527684641,84.32147555786771],[67.71884025809004,84.31478855697912],[67.66591528841914,84.24519063283861],[67.67453239158998,84.3078251461227],[67.6441321436665,84.31014343767441],[67.58560040803306,84.231833702448],[67.4609888747792,84.2500983151991],[67.39701297131525,84.21140444239565],[67.35335746855009,84.29943108446022],[67.31999163098271,84.2769376158592],[67.12904214748701,84.3785066440445],[66.90820681198227,84.55122871926848],[66.90966864048428,84.62119738569841],[66.96758358557099,84.6937441953448],[67.03238584414558,84.72481054229488],[66.99071333422239,84.72171578178714],[67.02847847425552,84.74432634143685],[67.03325418825372,84.77054231514776],[67.0521498177797,84.74803008888331],[67.05358681375144,84.77233767927656],[67.03038232198341,84.77567467948056],[66.90275069983716,84.61714619398526],[66.85838785806826,84.63878583104466],[66.8032614687189,84.585065299972],[66.53783214797707,84.73592551009276],[66.1197227578497,85.27020073606442],[65.98477148875128,85.27574567652886],[65.90642444149822,85.18595558836512],[65.97080593899294,85.35900220040881],[65.91268770061076,85.47603230775553],[65.89733620440956,85.77921505150731],[65.76178493681438,85.85958456591999],[65.61355093329182,86.07658271229695],[65.17843995959603,86.29625123246834],[64.84744551125928,86.59762767004102],[64.36662534082325,87.46400063065012],[64.26663145892132,87.77128248711153],[64.20909895535877,87.90977905991065],[64.22896682982329,87.96716924347467],[64.17746883395952,87.92569380894517],[64.1731795431053,87.98148663938058],[64.10592517776568,87.88077986516109],[64.11059408572665,87.91518843662992],[64.18499726098594,88.0085016337039],[64.25512882283428,87.9853910285343],[64.19445260945837,88.01828052960512],[64.17171167884186,88.00388888614579],[64.13564816394835,87.94994006004478],[64.11571472808177,87.96644160743334],[63.91716127696609,88.34106726048269],[63.877415487358306,88.51568062426975],[63.94510864134126,88.63174553569709],[63.96222442609809,88.70239738363527],[63.94314725628458,88.64101406031551],[63.88592944654021,88.63452292899609],[63.74462142549828,88.54010756586926],[63.70098745620705,88.68711653417533],[63.770533491247804,88.73255768344444],[63.760024298856486,88.80415230615364],[63.9118017930602,88.8514800172652],[64.02095429540003,88.80503295434403],[63.90070130768095,88.85995687389855],[63.68487543733874,88.78977634175263],[63.50884374692316,88.81976947018333],[62.805787717096116,90.17049817198676],[62.24887944716018,91.67315760182267],[61.95464251612319,92.88967471383398],[61.87450934008275,93.08021193202853],[61.868756259573246,93.16961520515287],[61.89887381864222,93.22358035340805],[61.80373357944405,93.78556817162979],[61.753401183684424,93.79833126119009],[61.78471420935105,93.94732349135175],[61.68531083519147,93.99859216181592],[61.74531393065171,94.0459732686163],[61.70805699373549,94.14773419744029],[61.72808138309138,94.16730886380257],[61.64278114292487,94.9072859684866],[61.33927429696368,95.32036443088484],[61.241447728322385,95.66626962227917],[61.25635872240923,95.82012671511609],[61.19446554523908,95.90508719395073],[61.10481000086199,95.90107224226435],[61.07546747745093,95.93952113890475],[60.93252896570444,95.76638376405437],[60.78176730382945,95.87078637057402],[60.49625895027729,95.87102624438631],[60.04280803718801,96.08665688496444],[59.84430787629201,95.9631111088527],[59.744803436014735,95.82364261150502],[59.56298166962026,95.79918761475882],[59.43699261087428,95.72664532380924],[59.44671818989815,95.67142024249667],[59.30429045147529,95.5183955394734],[59.27044598202548,95.39455748201777],[59.333820966552196,95.22325554611407],[59.2679921032856,95.08836123355934],[59.342361862282985,94.99307113148504],[59.42576896121914,95.024133629008],[59.41281394831736,94.92902133452506],[59.311055356818784,94.80884823072581],[59.13884723566437,94.73001416731199],[58.95399281058191,94.45752830924152],[58.890545672048546,94.49394125217081],[58.77145706178067,94.70109726565522],[58.32427036232843,94.84938047011224],[58.221983385071916,94.93890011356301],[58.058049167293476,94.99236902955974],[58.029596614662836,95.03264616438673],[58.06652255554496,95.10844021910532],[58.025684203294546,95.21091847825545],[57.93290399837184,95.22709017924444],[57.729380519649474,95.34932674647378],[57.575939504384664,95.62388297751123],[56.94285616791991,95.67438092885095],[56.8304414756396,95.38648059499118],[56.96029900236425,95.18883591845875],[55.660802362267496,94.6691869549151],[54.77770273343818,95.44713946006596]]]]}},{"type":"Feature","properties":{"Level":"ADM1","shapeGroup":"TUN","shapeID":"TUN-ADM1-13205935B17423093","shapeISO":"TN-23","shapeName":"Bizerte","shapeType":"ADM1"},"geometry":{"type":"MultiPolygon","coordinates":[[[[38.030102795911404,207.21986526396955],[38.06662858044864,207.1086241470843],[38.177402058050205,207.14861600513422],[38.32569361315758,207.36066240859725],[38.42718203323784,207.4278116764816],[38.588234717531634,207.68356470651028],[38.64259527239257,207.67761292991855],[38.679892469593796,207.5340543413094],[38.710053323616954,207.52730117531914],[38.74814337526762,207.58616548220806],[38.87709287706112,207.93201597863828],[38.79441177215702,208.12680435199746],[38.81552129448001,208.28591200782483],[38.740278282135606,208.28091186906914],[38.69952283076529,208.1057459538508],[38.651968152154346,208.0415969238328],[38.60891429428832,207.92953704363694],[38.459951348335196,207.84932926690456],[38.436921255331626,207.79616959050355],[38.26994631893979,207.6708367001962],[38.2142568327059,207.5138293131552],[38.09859028123703,207.37116853754003],[38.030102795911404,207.21986526396955]]],[[[52.15846857564379,195.69041639495416],[52.238758224294,196.36761441697757],[52.34479613025283,196.77959527736766],[52.492388860854476,197.105121888815],[52.69054592622062,197.11007179927498],[52.750238393754294,196.2030455756304],[52.84297534376794,196.30651846170522],[53.149974663334916,197.06646461901167],[53.55146453800968,197.7878865674445],[53.25329022416485,198.26188655366866],[53.326108644138486,198.77774207838746],[53.19620164171139,198.64936232477885],[53.08552619192094,198.36179425257603],[52.949770065114095,198.170566818489],[52.83259034731417,198.2345983130839],[53.102817378496276,198.88251736065678],[54.03355293953901,200.51874162565656],[54.096126783072876,200.95640391160137],[54.36060543139986,201.40391424611795],[54.55220184732184,201.86109993800875],[54.35802075600621,201.9657208984886],[54.749898017008135,202.3101607511807],[55.073914702973894,202.82938072833795],[55.50802870269305,203.66296314014386],[55.59489335064748,204.10258098220984],[56.13595104427651,204.76680166337115],[58.99750514283964,207.91091569559484],[59.28214692370605,208.47809134003205],[59.8051678437282,209.09653390067587],[59.84437986485379,209.28991852990018],[60.18603302171195,209.80519680317317],[60.38594962966185,210.22218188127823],[60.73263197161406,210.5703626571457],[61.58571547242923,211.65236382633643],[61.70280552876203,212.03859060642617],[62.19158890582538,212.56896163997396],[62.07120120931765,213.19401861293483],[62.11942253139476,213.3164095680449],[62.42904065530092,213.63795861322427],[62.487827569757386,213.83173620667583],[63.87887023164912,214.9501049182324],[64.26708096192986,215.30238995389678],[64.60768593700594,215.43226901179395],[65.21164255801061,215.52962897415938],[65.24489157908428,215.37013783763237],[66.01049992055809,215.7844675117858],[66.93597398431382,216.0432061201796],[67.454556800181,216.29245195494866],[67.5836898542223,216.31262157435708],[67.68993277907946,216.18154867654425],[67.89658206560034,216.18437632141683],[68.17873555528794,216.2709422384526],[68.43443149993092,216.4299783946747],[68.76686077553865,216.50193911201634],[69.27759216541746,216.51254355057893],[71.50416427955369,217.16990493671256],[71.86517315292198,217.22245481091278],[71.26119710844509,217.77261250114432],[71.03771262608844,218.13687611844483],[71.12211464836147,218.2375252666124],[71.66320598159159,218.46416691674563],[71.62691984545035,218.478832936668],[71.45291147634009,218.43860178117106],[71.54233850143414,218.43207259547876],[71.32682002285014,218.38501303603397],[71.52537269074311,218.42160431647537],[71.4848168257551,218.39612925892482],[71.23533894276895,218.35083208821322],[70.89397158208139,218.24632523606397],[71.18828848334479,218.30428575538528],[70.86217565793959,218.21898095359307],[71.00606501157607,218.19239284574797],[70.82320806280407,218.15082229952705],[70.92926339488393,218.15698633839776],[70.84835469695928,218.0639279599094],[70.74166605627622,218.14140628260026],[70.70027924414927,218.07709730190706],[70.86753622691401,217.80992209361696],[71.40174401318863,217.5493759272959],[71.73966489717762,217.2398666798563],[70.0308632388346,216.91234378933083],[69.98445291532165,216.85910548466677],[69.90017115771568,216.93116229126986],[68.70485569392709,216.83239963123486],[68.7640456160609,216.88900068564334],[68.61066234441783,216.89263006855998],[68.9084451951903,217.0000890432496],[69.10553015891178,217.147684210298],[69.07666847778093,217.2995956594838],[68.98637121850939,217.14687767266548],[68.84475188905441,217.1280062847828],[68.75131284953154,217.04506977253794],[67.42113582501412,216.65973755182057],[67.19569126938471,216.69686563257798],[66.18724890958549,216.5130446206298],[66.02454124874075,216.62537502363259],[66.14937708558465,216.67639685878663],[66.01787857249566,216.6942160584476],[66.16006342467072,216.7211700233286],[66.09284675299645,216.74221168104734],[65.84169681576873,216.71814825059292],[65.62359158697004,216.63151282938205],[65.8579699962754,216.79438750885924],[65.7766565219675,216.85056491473424],[65.50874080124613,216.79312879193708],[65.7288250507786,216.88101850376134],[66.52777933986916,217.42536939868512],[66.85236487497109,217.5660745039478],[67.33834404764283,217.73082177739184],[68.64848246455976,218.06981805378328],[69.58768654854146,218.31760071388476],[69.50881610382294,218.3174722448107],[69.65005031296747,218.33962335015167],[70.14206349483905,218.48535295154204],[71.4942602184733,218.71702529952634],[71.71218424032745,218.73781853378745],[71.8022770634345,218.69413815529606],[71.71309196243392,218.5039420165888],[72.1486267303921,218.56369996725576],[72.03991717867456,218.52964744989407],[72.41820958314597,218.51216037976243],[72.2740194970225,218.5617056228308],[72.41105781226284,218.57922593041152],[72.51788571831585,218.56613346432346],[72.3886310985804,218.54079284239563],[72.55609611310473,218.48966265708918],[72.4860207101389,218.51546085049392],[73.06524726419488,218.5968443225221],[74.1693220850689,218.9215609459854],[75.21017034805168,219.03517911922077],[75.99716575744932,219.0731754812361],[75.82853723185406,219.13638058573278],[75.41133166705136,219.14233457149396],[74.89780712266867,219.09823823325695],[74.15802767970021,219.07014054544862],[73.61899460556401,219.08397064356595],[72.08897745971485,219.00614191652468],[71.03727625892124,218.91715477092015],[70.53688847472978,218.9082116121052],[70.48199410275085,218.99606878977585],[69.2570597085635,218.86303464518085],[69.24901555153832,218.8871214134691],[69.40323230053603,218.9347595502301],[68.72267819571908,218.80694740783505],[68.55453324798896,218.80980697004668],[68.17938131898288,218.72063846173555],[67.90179583284112,218.69466851297224],[67.49973062903827,218.61428652981894],[67.05536809567535,218.59436872240724],[67.06957452209173,218.63114391660554],[66.76328690619756,218.56619029916268],[66.49880561265186,218.56764596424497],[65.84479784430977,218.46841967218904],[65.25377246727908,218.4181083555112],[63.64016466065354,218.0469412442112],[63.21796690592515,217.97151307021502],[62.952621044897796,218.02679181363752],[62.93373418449437,218.08764829800043],[62.6113341106056,218.07474263588068],[62.506141535970634,218.12944608262154],[62.66247052890168,218.23911177223084],[62.57596515446802,218.243689863897],[62.03166360863648,217.97838263263284],[61.58408978481109,217.7996092461587],[61.52282494600371,217.73998025837926],[60.9118928737561,217.4190407643195],[59.90470216233703,216.7059269084728],[59.46340945879341,216.43902096150072],[59.40117659413231,216.43736979581956],[58.89052534417654,216.02791658120958],[58.549982294966966,215.79027639837892],[58.47777478501669,215.77054939201557],[58.330568890184395,215.63952418077633],[57.73961253660295,215.29952723860225],[57.3207382590803,215.112745465822],[56.98421373155675,214.88715894345842],[56.75772799482847,214.77721805305282],[56.74290073670821,214.80798315718624],[56.55903186256769,214.67040110411295],[56.12338249080699,214.42841903230828],[55.732494980081796,214.31780497311533],[55.83036699476311,214.4950132866433],[55.741878914050645,214.3495145380881],[55.693370197079716,214.3269369794871],[55.733622404609804,214.38815587120163],[55.68481081594719,214.3322058971691],[55.649707342625575,214.33073084484502],[55.688351405235125,214.3750422014885],[55.76305700363229,214.48300119043918],[55.88012298391357,214.52820379289528],[55.748643419598054,214.47951998354353],[55.757448538252085,214.4802396873414],[55.72503232598021,214.43107689948206],[55.64763014903524,214.38618567028237],[55.76783749400094,214.60383988365518],[55.62080464177842,214.3445715378227],[55.43883799819801,214.22955813632163],[55.42190592758183,214.23588496515595],[55.431485363761524,214.2678366238863],[55.5124886713991,214.34690694910594],[55.31134790041578,214.15249680769034],[54.96989219629462,213.80679848183627],[54.716646435970326,213.3486509933849],[54.45877196141053,212.9812042506625],[54.2810760704742,212.80744213695584],[53.680823422773194,211.99454158981115],[53.58763500447103,211.94982404594157],[53.594805427184575,211.8184845866879],[53.51502173136376,211.66435556295266],[53.18620222053475,211.21336698454866],[52.97663842187342,211.04188656544954],[52.97814326622316,211.07571065336282],[52.85271323794131,210.77435803751163],[53.02963266238345,210.9443690906063],[53.313787327054726,211.12327248250392],[53.47808445130104,211.41963959935615],[53.64715476700311,211.64736594704456],[53.745058058721916,211.65176350970748],[53.76620787350953,211.74540872997324],[53.82561891989741,211.82283196381712],[53.994131137326775,211.8918677387829],[53.99790936786735,211.9764481965667],[54.28493757249774,212.30804211734085],[54.308297282374525,212.27670010399385],[54.31134473681594,212.31597822284084],[54.477403387833384,212.47604702367119],[54.657505047774656,212.600294329659],[54.69950110596182,212.57789780730027],[54.96337165492805,212.7990604477088],[55.01151457227334,212.82689420446064],[54.989914068601394,212.72196545593874],[55.14815012669128,212.91136152725366],[55.29411222364952,213.0003264955275],[56.40570395974077,213.88190133011855],[56.55821952164449,213.94900476550404],[56.68645088502813,213.85426661029564],[56.639765470108074,213.61060431030864],[56.63023223951362,213.67076591485971],[56.30800914646238,212.96817194580487],[55.72245122018215,211.73735718699922],[55.15125316716117,210.7279211483741],[54.603557880207816,210.12939139093098],[54.44077027303984,209.86685181020644],[54.14439841911124,209.5591292813718],[53.640347578909235,208.7704063179283],[53.204016143152,208.20937267119876],[52.61624453470171,207.73675632427592],[52.48804268981697,207.7036181960396],[52.20683963387996,207.40955414979018],[51.98594923342354,207.21335314219638],[51.934813949746584,207.22645281446228],[51.67677330611693,206.97392989141872],[51.56609345217616,207.0676336007657],[51.6347329667885,207.2625009488038],[51.70803230338281,207.3300944477498],[51.632924536450915,207.26922136212178],[51.75841434831556,207.66099715710658],[51.857064386722364,207.7567039777535],[51.75854271771111,207.66664510834858],[51.71124355464326,207.80725223346207],[51.57578195878363,207.7022500393698],[51.58984125397331,207.7675222362859],[51.66125285295585,207.86988449170616],[51.339835195601964,207.62170038119075],[51.21296118537755,207.76751533279815],[51.263702166012905,208.06884831072847],[51.50399906460527,208.75876422868492],[51.53199793646155,209.06172394827058],[51.46804629994066,208.92155258829865],[51.48493350898073,208.85699387688106],[51.44817211890573,208.73332480272109],[51.40924102104056,208.7772575717765],[51.31993878483958,208.59996321743813],[51.254177798583115,208.5697115019011],[51.286527994920874,208.67140165197287],[51.32106279120501,208.69477601977866],[51.2953543016584,208.7153669006957],[51.23581695154914,208.59717676956186],[51.32257971603381,208.9104693649046],[51.260858076537986,208.87059310603928],[51.317453350492414,209.00388042197062],[51.231482112501766,208.93239285010822],[51.21534621365005,209.0601448750214],[51.17932914792877,208.99966861886148],[51.29841791591866,209.32534192689616],[51.48650789748531,209.34058884658072],[51.60986198745032,209.94636214798066],[51.71653165789821,210.1285001564827],[51.68075323855516,210.08061237155724],[51.62526595352458,210.14116448192433],[51.70101058702019,210.19918814278506],[51.73437091573898,210.1357327943366],[51.95696141123224,210.35191008076612],[51.985424143776896,210.31006940451175],[52.221852484254725,210.65131878381848],[52.26540119289194,210.6343855955372],[52.30259117471809,210.7089802652119],[52.44232757655291,210.80440716316775],[52.532200212499646,210.97992379384027],[52.68108909714817,211.19324942592394],[52.74168881298503,211.20814488216837],[52.80988071772028,211.33544041039448],[52.792146952461316,211.22998246487077],[52.86759412904827,211.19761253278062],[52.97938659345778,211.279648241226],[52.96725362617504,211.30681708673688],[53.08406450528999,211.35599344286842],[53.090616129105555,211.4865851480306],[52.97294090812028,211.4278770852779],[53.008533621455456,211.52534076270666],[53.25733375357856,211.73236117209908],[53.447266051946265,212.0700725140892],[53.548902136136974,212.18209356311553],[53.54043686088711,212.0523197068427],[53.720322089682995,212.3451042514142],[53.83117599095105,212.42016993194653],[53.85637876159504,212.48005237368812],[53.798774763357336,212.43949186606287],[53.91517664141945,212.67112136449308],[53.92233431540183,212.62113672796923],[54.12393059971371,212.88552765924896],[54.293684387715885,213.03616658214713],[54.509648865147916,213.30140498154137],[54.529476531256265,213.380810452341],[54.364359488242556,213.24464728515224],[54.27014368111071,213.2306649411546],[54.32664857630162,213.32823975261707],[54.85927881425515,213.75919069286184],[55.45842783736079,214.34963655028417],[55.51572145132013,214.42990535575052],[55.49791720333623,214.4926766634333],[55.475789058314135,214.38721035346043],[55.40311418392628,214.31411957342644],[55.40371823563285,214.4416366646009],[55.287318253330994,214.343151404791],[55.279823307605795,214.2877201250207],[55.28816063896329,214.35754973105043],[55.391901660172685,214.44682536440902],[55.611528505358095,214.57499444547884],[55.54344491032876,214.4574033196971],[55.62975170619814,214.5940675436536],[55.816772085171664,214.71040358039676],[55.64118205042821,214.62722328916857],[55.42046953827341,214.66144122551628],[55.44937648020034,214.87985623513978],[55.34285061492153,214.99443097770884],[55.5674390496451,215.4490725020368],[55.51697225257843,215.50496440603575],[55.687443758197226,215.80583948650568],[55.650081554291845,215.82486664944724],[55.60002316240231,215.77643770623087],[55.58245875078832,215.7905927190402],[55.34290862121708,215.58422200670896],[55.18911093166284,215.5264107027961],[54.94471310572182,215.3349255727748],[54.9077156303029,215.38441901871263],[54.867304279618466,215.33251365241708],[54.829565577628166,215.3204633998843],[54.84553261139746,215.37467320856211],[54.72730735125451,215.2298523131825],[54.55149972971644,215.14213305571866],[54.32727982791096,214.98787053041042],[54.30757973917592,214.95364271399066],[54.1323976365117,214.82455426600478],[53.865904848907206,214.57299229636553],[53.46790207100098,214.25193767152956],[52.891139836564655,213.869946602434],[52.5972177518247,213.6976063712155],[52.34356579426925,213.61053111050856],[52.330380674175146,213.65346891784634],[52.414833619566366,213.7695724620598],[52.34954379052921,213.7497733260546],[52.368626867134665,213.83682164928535],[52.14794509026723,213.6289141126032],[52.076566747065186,213.61467481625743],[52.01505908672793,213.54508714742465],[52.00253704245343,213.55427197679683],[51.92580343053584,213.44704533586346],[51.83278128652794,213.38285652173442],[51.743575456798915,213.2659876476845],[51.709065689406025,213.2635201123554],[51.69248072723538,213.2166751074661],[51.36210920043112,212.872520945231],[50.77432667805017,212.33977786023667],[50.711662495948445,212.30200430196487],[50.72118449479866,212.3407831541788],[50.620182323762286,212.2313721633202],[50.60675300717246,212.2636177129947],[50.56540456537789,212.21526313296954],[50.485210813010994,212.2051320794987],[50.33423135288274,211.99104888205056],[50.10451230263154,211.77752677536677],[50.02804153879083,211.8042988560523],[49.97018555712486,211.69018900274435],[49.77738944889376,211.4382565712708],[49.724042337664045,211.40624112979634],[49.591178630409004,211.23280211121835],[49.415254885986826,210.96868395586435],[49.36841997101699,210.9260920455083],[49.27733920975284,210.77268413585168],[49.23736031833488,210.73652359071534],[48.703647264538674,209.95124589770833],[48.45112153880417,209.61732187821997],[48.39187176817299,209.47317239267056],[48.27716061866094,209.34806036330713],[48.19362049787995,209.17230272167097],[47.9253994530806,208.7782148481947],[47.870160269818335,208.59458877095682],[47.8029486598106,208.47447546272468],[47.73588789743347,208.43821806278683],[47.66341362220338,208.23838511305703],[47.52834866473956,208.0752840151353],[47.42080752660052,208.20367940322706],[47.37722320218475,208.3842820501879],[47.3456170631767,208.36385327127195],[47.08940701398758,207.92061301652973],[47.02473474264038,207.708477208275],[46.91206124733791,207.68290158909184],[46.90748357537621,207.61468594857678],[46.739465053013426,207.290524226262],[46.697152762177964,207.11094167914402],[46.649322751707075,207.07463725262207],[46.64169337082999,206.96094087603558],[46.49222267136783,206.61248917593824],[46.22096744037689,206.10196492137237],[46.173859051709066,206.0770870000454],[46.138719058425146,205.92517713124764],[45.85261819977014,205.400354800189],[45.400896796171224,204.78054255338145],[45.27457978818112,204.7383808401613],[45.17824909970461,204.84217400849522],[45.168080217349,204.79160961575545],[45.06603556092588,204.71035205447862],[45.053239232558234,204.7532498513081],[44.940753055041895,204.67959180986102],[44.5320551490894,204.34886250765038],[44.423260671645,204.07111556612134],[44.36035620474083,204.0528777709527],[44.28103041957793,203.91538607336207],[44.12600424451168,203.8025543467059],[44.16281115377792,203.77877107137377],[44.122126996811126,203.57649458777675],[43.817374947010364,202.91971870933762],[43.73309248898693,202.78889054340638],[43.70124556584738,202.8060043154216],[43.58540486218041,202.5120159942774],[43.48649032890198,202.4650998895849],[43.50137019063078,202.44508832880814],[43.44030365302931,202.38583860401457],[43.43300963576159,202.30571206531476],[43.34193104436089,202.22256156408895],[43.29758058606967,202.10229745924295],[43.237031404216886,202.0487479994763],[43.242265725992205,201.98391707902692],[42.8310910763139,201.23481976910068],[42.593087150424225,201.0433843126093],[42.33383887899294,200.65581656662474],[42.07031414280534,200.451073341511],[41.9817960504061,200.20397019467669],[41.903848852532,200.12774800259209],[41.816425809027045,199.94402039702925],[41.79620715151154,199.83799277688297],[41.63033641442161,199.65906567210507],[41.560582792718264,199.44347256831497],[41.51009674492144,199.3890013488348],[41.505521467654596,199.30949954700202],[41.43331524164324,199.14216695060932],[41.350518926366476,199.04709332415945],[41.270477997989126,198.87541985728654],[41.26532185051094,198.93893936848636],[41.20305795380717,198.94368635234162],[41.22627475113781,198.89588868844783],[41.2264398683592,198.79856675688953],[41.17440259338319,198.7249326659353],[41.12598366606163,198.74968526008163],[41.133041787894356,198.80569629516643],[41.11532722773243,198.83334770597986],[41.10912988139609,198.76675161316967],[41.05994336460931,198.74176726763292],[41.02880535328234,198.7557794111283],[41.02037591521434,198.82533846287697],[41.00781718516149,198.72845558862392],[40.933853911186524,198.6867556508468],[40.821882872899735,198.73211644310544],[40.78934619419688,198.81361199032932],[40.799706721664194,198.91002242393597],[40.76857618561788,199.03140712591792],[40.783380417633516,199.11115317841166],[40.72455371627055,199.07355469830324],[40.72146269301999,199.27827460517761],[40.689651056027856,199.3129212413856],[40.677457496991764,199.55844126295304],[40.64873724573986,199.62638737377733],[40.37416454835096,198.81620459684336],[40.32477760050219,198.42413608451727],[40.28159836812365,198.33668180296888],[40.28570469946513,197.90502158587088],[40.239437089976114,197.90329035400202],[40.215168880935806,197.58293557178882],[40.0966394366062,197.04225254447044],[40.004184779395196,196.78445822408122],[39.969350276507214,196.77358753202122],[39.974525335822264,196.7100636372013],[39.92135329162908,196.6319469915091],[39.87734849224258,196.392645177773],[39.801205565568104,196.25548389839796],[39.81926081081728,196.15557247255043],[39.78966084000172,195.95876190066087],[39.75277733461653,195.92432862024586],[39.75795207204412,195.8608033831861],[39.60772511305554,195.80482818374472],[39.54248004056501,195.67278745607743],[39.38337232724944,195.54807368156884],[39.3399272816975,195.4468676475207],[39.45644257357817,195.23569792363722],[39.5012557796475,194.89571360206924],[39.58119999124981,194.6973584842103],[39.685200957123435,194.5068503842311],[39.78242719661659,194.49651402570774],[39.75608038560784,193.97010687171976],[39.70261649201993,193.8540904565396],[39.636266891595525,193.8163416910393],[39.60173247801802,193.6817364578032],[39.62399226877594,193.46344680705886],[39.556553467158544,193.18713285368386],[39.55891735552377,193.02841170745373],[39.50720302489276,192.6996115537924],[39.50380424809067,192.30276053004195],[39.57640661327124,192.288714683386],[39.68813066738963,192.15105810948566],[39.80208645847259,191.92973475722042],[39.892471857216606,191.70559847239636],[40.038353510572435,191.06826322626472],[40.078236909922246,191.07916635327905],[40.101587686134124,191.2771156443865],[40.22245689908658,191.1889933994115],[40.34079697472336,191.41409898619384],[40.39321735420174,191.38524266462534],[40.45853956145922,191.6760862903428],[40.571529013005744,191.68334362369444],[40.72400914990859,191.81556443161864],[40.95054878359789,191.6796584344262],[41.01900695909967,191.46866260523637],[41.04930664169835,191.44729084513057],[41.049977747948745,191.36045296201797],[41.09637351749138,191.19321223799668],[41.179136677120496,191.01299901865994],[41.198084710872564,190.8249403392239],[41.249479326893805,190.71951245049394],[41.243925917865596,190.59791453326991],[41.271995743493875,190.50322996824124],[41.2729177156547,190.32423507080262],[41.303438047556156,190.2002258557126],[41.27392185734502,189.9360448445995],[41.34402866929305,189.81727784803883],[41.34215364728489,189.74130755609025],[41.41781026005384,189.64145488820472],[41.43699265266386,189.47914459139804],[41.43168926572288,188.86768097741896],[41.457711575520506,188.70908257934994],[41.457608029988364,188.51125792912583],[41.41098347447081,188.17785298061182],[41.369783561789,188.078031579451],[41.42448646365086,187.87102583878703],[41.42218575323153,187.71778408175453],[41.43535390838717,187.77453173829093],[41.455776616166176,187.56791496867334],[41.48380980203195,187.5973040064009],[41.54197419927206,187.32326882011606],[41.57828367913851,187.37157120309388],[41.620577090839404,187.06325698722154],[41.680143939032185,186.90078816926274],[41.79891271883608,185.76609765664745],[41.86466241239199,185.47834468749102],[41.98835093951578,184.54880538760347],[42.051713430869725,184.35709786647539],[42.0180109850174,184.191237259469],[41.97973598035861,183.41454866202784],[42.05484661285744,182.92468503609746],[42.237937430590776,182.42527405250306],[42.30236717207535,182.06815510660505],[42.40840673035258,181.91892419059985],[42.47217587625968,181.74512478279374],[42.56603984218399,181.68709256799588],[42.65824772768468,180.89405581249798],[42.7307140289382,180.69211029436593],[42.758029687960246,180.498860701006],[42.85567790488844,180.0656761863303],[42.90434811560874,180.13121532860853],[42.88118045835309,180.3139934262179],[42.90080016536346,180.33935155475],[42.89138466477634,180.58210406658034],[42.865065386465126,180.73807143796034],[42.87364896240955,180.85560219942008],[42.90918700450124,180.79715568878626],[42.92532148162176,180.9549994959694],[42.99792808225894,180.36798165335347],[43.06427126163706,180.28335723282706],[43.11331586763305,179.90221520961174],[43.26194877314201,179.22722964081737],[43.30382646106102,178.88034712190222],[43.485079666420525,178.16986185725898],[43.586003173216035,177.88445649649728],[43.61350319441867,177.66451448680826],[43.616831491480475,177.43841284047238],[43.70137464651924,177.04973139062025],[43.63452178672796,176.8367398077732],[43.65062001040134,176.29227484850043],[43.61894112404357,175.87906955374916],[43.62500815269702,175.4519599076377],[43.60839002360569,175.47606491630603],[43.606583379910184,175.2736200874442],[43.586910003625704,175.2177483245638],[43.603374861139486,174.77109713802224],[43.63435948537834,174.3855158437471],[43.60527893652747,174.32910825060515],[43.6027308414277,174.22219378461247],[43.62747521514151,173.69477997888814],[43.58198263266913,173.23400064904158],[43.58956161035205,172.94400794450019],[43.56462539750436,172.59786190853092],[43.664586574256376,171.79111164912263],[43.75407254355568,171.50302813110088],[43.8037978321288,171.45192815654346],[43.87096368925683,171.16271439810603],[43.87889721415997,171.06539932422382],[43.90332703385544,170.97041970385797],[43.91739771072557,170.99801137224603],[44.037778556034915,170.55562980136668],[44.04356654578403,170.44376206806623],[44.08713321372706,170.35727178697346],[44.12226372385322,170.0745351665422],[44.179844963209625,169.8750296430324],[44.180626457053286,169.80153349061442],[44.24767056437715,169.663988311835],[44.322043399057975,169.19253013231506],[44.37241977827934,169.43883928941608],[44.36081191526946,169.53606710496788],[44.385644360640185,169.45695077501964],[44.41426745501026,169.68804557882058],[44.448581606836406,169.56900742013175],[44.486917950153206,169.56780714667332],[44.48786524868754,169.80959621214893],[44.44018810922141,170.4230410645305],[44.47215523946265,170.50924058715992],[44.491729111984824,171.2279530671859],[44.52172632689858,171.3973818120451],[44.555757390534545,171.38067950217047],[44.58775481547528,171.52579787024732],[44.691533170085584,171.47317239693658],[44.73589672402938,171.76902911117173],[44.72206659959541,171.87103568162908],[44.73672333594473,171.9984370803407],[44.80624161483708,172.0425579014459],[44.87848315345821,172.48804778662623],[44.93841615029324,172.45516786352724],[44.90585527249296,173.4190193065287],[44.95492911555149,173.87539345158547],[44.96321820741741,174.4271392240871],[45.12808294661209,175.39041531411596],[45.177028831050684,175.98675977635367],[45.181598286431374,176.68414945089165],[45.235076842768294,176.89917309457348],[45.27658057628691,177.37151634785545],[45.27694499021687,177.61075110998664],[45.35057276364992,178.08065385661325],[45.4448537650358,178.4395399367661],[45.4888321190706,178.4583927665609],[45.71728874254238,179.67128212517613],[45.826652722921295,179.88260213976324],[45.85220374295358,179.6133205037103],[45.8393341579027,179.31870536189905],[45.8540942955324,178.8686421750578],[45.891200737016064,179.00563549057838],[45.89099942515641,179.29538861928182],[45.91221071947198,179.56626470634635],[45.96104988009475,179.7222697563654],[45.98086069694566,179.6335191316969],[46.02403950956719,180.0319032642616],[46.05904621933531,180.0758110533161],[46.08467783479763,180.32944638139438],[46.071379923631824,180.83741958791643],[46.26681419279363,182.1034274258532],[46.281487318356255,182.32654918940466],[46.317032647802655,182.438641291286],[46.36994636850456,182.36712487488148],[46.432732244551545,182.5554044803314],[46.54828839276453,183.24058717381928],[46.79152933286181,184.73879808845572],[46.824357487171724,184.34374867854797],[46.893248472442735,184.3439704291628],[46.88612386909766,183.97236575560478],[46.95637106836243,183.99189924377248],[46.96909606452401,183.8604826312884],[47.04566215476858,183.92596805213813],[47.20986410402141,184.3981491358262],[47.28968413530919,184.48743950747615],[47.34650856600645,185.05881975188174],[47.43123805883107,185.68745649705394],[47.58044738741993,187.8041173255549],[47.63496822311899,188.15755177368743],[47.65686854259799,188.56790494195917],[47.70773773856553,188.91838806442112],[47.740871622596245,189.4703630050413],[47.832680397550575,190.131961297607],[48.02063360747211,190.75837756016955],[48.11317522841174,190.68895241927163],[48.14308470312812,191.15040646586812],[48.11707345558216,191.39552933036458],[48.15562651601893,192.1001445546019],[48.208510189157906,192.59380564640608],[48.210455876671496,192.92451262529045],[48.37995910946836,194.06194577487634],[48.425298815284734,194.1557731367986],[48.44531460812106,193.7774591347901],[48.54139955031524,193.8427815040605],[48.586256701357854,193.52971633135948],[48.916620151935994,193.62084493749023],[49.032311630855666,194.13005819280056],[49.43634887815329,194.3261193698402],[50.02589893912497,194.9767259112466],[50.43923478344052,195.84246140086478],[50.35508157923248,193.0353573530635],[50.31464931152025,192.53200800177393],[50.68549527733196,193.36611997641398],[51.635686325248344,195.53032071075268],[52.15846857564379,195.69041639495416]]],[[[51.539400386363354,209.3811339536653],[51.537925143033554,209.29940193156082],[51.61804595631439,209.39365040008659],[51.58347465119884,209.28844184660716],[51.869010115502064,209.659172532475],[52.004848382637995,209.7551025392056],[52.158193228330234,210.09823248575861],[52.56051348990326,210.76654273959505],[52.49992115770084,210.75165575332113],[52.364899774775694,210.61591469823517],[52.343042528061474,210.68110423478495],[52.25612595660337,210.60156594476842],[51.64788541438286,209.66908742307538],[51.61388915709965,209.56295509354652],[51.659969159722735,209.57350399521235],[51.539400386363354,209.3811339536653]]]]}},{"type":"Feature","properties":{"Level":"ADM1","shapeGroup":"TUN","shapeID":"TUN-ADM1-13205935B48879523","shapeISO":"TN-12","shapeName":"Ariana","shapeType":"ADM1"},"geometry":{"type":"MultiPolygon","coordinates":[[[[77.29939739177242,209.28490227386737],[74.00931807812552,210.09492849043664],[71.87185244873315,210.9443751303755],[69.38908085257549,212.9612744554401],[69.02362682235844,213.7968259263714],[69.10936613972035,214.83279207615507],[69.46803866414345,215.24079242913817],[69.26288441087436,215.10678987135566],[69.45305845235322,215.41125863007045],[70.3749552614317,216.2267406181183],[70.6648808732788,216.1945087277178],[70.3765827119072,216.2321714533539],[70.41005811557011,216.2819232620302],[71.12361421258079,216.67784741099],[70.79315837971018,216.5856180917066],[70.10784561639456,216.18692241736858],[69.9938546177897,216.1504004062108],[69.95855174688549,216.18464292502557],[70.63882698295612,216.60993945422823],[70.6470438783268,216.72405627101563],[71.005712844471,216.9072606773446],[71.43425051887958,216.95203399206832],[71.55561514974028,217.01826906188725],[71.34573799706169,217.00879338217268],[71.38499168636385,217.0722139782705],[71.80485329049057,217.19775264739292],[71.37496578253126,216.74152060564836],[71.30916939879866,216.58119688548987],[71.40392589780342,216.60440131823827],[71.48899006147833,216.83924084258297],[71.86517315292198,217.22245481091278],[71.50416427955369,217.16990493671256],[69.27759216541746,216.51254355057893],[68.76686077553865,216.50193911201634],[68.43443149993092,216.4299783946747],[68.17873555528794,216.2709422384526],[67.89658206560034,216.18437632141683],[67.68993277907946,216.18154867654425],[67.5836898542223,216.31262157435708],[67.454556800181,216.29245195494866],[66.93597398431382,216.0432061201796],[66.01049992055809,215.7844675117858],[65.24489157908428,215.37013783763237],[65.21164255801061,215.52962897415938],[64.60768593700594,215.43226901179395],[64.26708096192986,215.30238995389678],[63.87887023164912,214.9501049182324],[62.487827569757386,213.83173620667583],[62.42904065530092,213.63795861322427],[62.11942253139476,213.3164095680449],[62.07120120931765,213.19401861293483],[62.19158890582538,212.56896163997396],[61.70280552876203,212.03859060642617],[61.58571547242923,211.65236382633643],[60.73263197161406,210.5703626571457],[60.38594962966185,210.22218188127823],[60.18603302171195,209.80519680317317],[59.84437986485379,209.28991852990018],[59.8051678437282,209.09653390067587],[59.28214692370605,208.47809134003205],[58.99750514283964,207.91091569559484],[56.13595104427651,204.76680166337115],[55.59489335064748,204.10258098220984],[55.50802870269305,203.66296314014386],[55.073914702973894,202.82938072833795],[54.749898017008135,202.3101607511807],[54.35802075600621,201.9657208984886],[54.55220184732184,201.86109993800875],[54.36060543139986,201.40391424611795],[54.096126783072876,200.95640391160137],[54.03355293953901,200.51874162565656],[53.102817378496276,198.88251736065678],[52.83259034731417,198.2345983130839],[52.949770065114095,198.170566818489],[53.08552619192094,198.36179425257603],[53.19620164171139,198.64936232477885],[53.326108644138486,198.77774207838746],[53.25329022416485,198.26188655366866],[53.55146453800968,197.7878865674445],[53.149974663334916,197.06646461901167],[52.84297534376794,196.30651846170522],[52.750238393754294,196.2030455756304],[52.69054592622062,197.11007179927498],[52.492388860854476,197.105121888815],[52.34479613025283,196.77959527736766],[52.238758224294,196.36761441697757],[52.15846857564379,195.69041639495416],[52.18802227063845,195.23085463262169],[52.2078341876619,193.96685604238428],[51.922449593587295,193.37515011119774],[51.74418429477057,192.79424518308548],[51.53501135482817,191.71097478205235],[51.23135425059423,190.82481589542857],[51.16783086478604,190.04090275395998],[50.941714800964085,189.0153820746733],[50.794824680343055,188.03329103708018],[50.65182883328126,187.67172346354312],[50.391802457193236,187.33839852413303],[50.327285400378635,186.9364920700649],[50.307252244058205,185.76936469297726],[50.005940960929806,185.00183580562467],[49.8669748354043,184.43190506214194],[49.88844330319589,184.27749127823552],[50.23966479752437,184.6774569706222],[50.65129610149739,187.16492236786425],[51.715262485797496,188.8454071254546],[51.90264300392093,188.76010193350476],[52.669549046580926,190.6945633149256],[52.71638941787777,190.5093106445832],[53.00952862416958,191.25850131034915],[53.12035108396691,191.79395050640005],[53.274612710662964,192.05806099489877],[53.963756537471795,193.6748041288738],[55.27939513077207,195.1795767155447],[55.440617936059056,195.3056755645017],[55.39808767781526,195.04232935579597],[55.50474430659804,195.0698332407311],[55.20258180100015,194.22630421196982],[55.45886263147437,194.25984276541936],[55.3619426701612,193.84776165092393],[55.618667245070846,193.5520732494549],[55.53157059212935,193.2779792519357],[55.69843757162169,192.7900379392638],[55.80406435215425,192.9306904660412],[55.932376897811416,192.56578347114802],[55.76378296487513,192.1285795710624],[55.85654625116296,191.56194530730178],[56.154616523911606,191.72480497573576],[56.54335335168939,191.0006862148846],[57.98404514584304,192.43292845144578],[57.994986414656935,192.75764366016094],[58.59705036147473,193.41188288358887],[58.43066707997942,194.85777443751027],[58.98826873366505,195.1522077935815],[60.111137939537116,196.1419331503928],[61.633039711991934,197.7663248130937],[62.24866299142215,198.1033306133505],[62.95844901066762,198.0310692464817],[65.6867780785955,196.87856596876236],[68.37915954411133,199.08695595420028],[69.26393642446948,199.1608632149753],[71.9260487855193,198.64885698017144],[71.89071746695303,200.38658550330032],[73.6845132682629,201.05687285410428],[73.76347614869256,201.45446067272783],[74.4122170743101,201.6547213218511],[74.7699724790638,201.59173554600625],[74.54045970473257,199.55186357142816],[76.229228328729,200.04868902728754],[81.42082372890076,199.33167684593582],[82.46344243778115,199.95503853395957],[81.30111591455022,201.02685505842936],[79.8170633825466,201.59083615837784],[80.1600760762347,202.4946031615549],[80.95700905017867,202.8996496433864],[80.32140510162353,203.63714826599346],[81.16148841020147,203.98833193925662],[81.4222155182253,204.54942878040546],[81.16219614851275,204.8571765708279],[81.42322805351708,205.02025312124704],[81.20218981742624,205.27758456214227],[80.07180329594904,205.42562177271088],[80.29476918920446,205.676497506415],[79.24138624998986,207.04332944923783],[77.62243516822232,207.9838455928485],[77.25476729444826,208.77900303994727],[76.97978066499795,208.92466105741977],[77.29939739177242,209.28490227386737]]]]}},{"type":"Feature","properties":{"Level":"ADM1","shapeGroup":"TUN","shapeID":"TUN-ADM1-13205935B10551642","shapeISO":"TN-21","shapeName":"Nabeul","shapeType":"ADM1"},"geometry":{"type":"MultiPolygon","coordinates":[[[[66.65228793590765,163.759083421683],[66.76869792541814,163.54621734520035],[65.4393380806832,162.66133277386191],[64.71323377211719,162.24252414198767],[64.55601530722294,162.08568476174403],[64.89648630687674,162.12579415700634],[64.73164984090887,161.924115255028],[64.22773661352684,161.64169501122063],[63.45856432937494,161.21388899291193],[63.33370144850468,161.10514378990024],[63.53535158723635,161.18400981150612],[63.13199866286341,160.92141509038632],[63.16903161159342,160.8941502172675],[62.965744965942214,160.70141767411593],[63.705802616789796,161.07359718419906],[63.50334455705311,160.88699748787295],[64.64150649598315,161.30494844373092],[68.33223509429571,162.9849215779227],[69.32903277784968,163.46232540493222],[70.4521067136101,164.02790060449772],[72.4107654099292,164.97200740210255],[74.35168785563573,165.8778318810197],[76.95213325488004,166.17336919111153],[78.39461514538647,165.94080882030084],[80.94901485386565,166.4304317883744],[82.41266298650919,166.69299027179207],[84.29761890070498,166.11315101124882],[83.0656213642433,165.8777869268634],[83.62912325517244,165.76169697507402],[85.17479368219529,166.0033957895418],[85.61352031287888,165.97460968383598],[85.65285009971099,165.98677726941906],[85.38743449529409,166.03042989217116],[85.65555197765147,166.04744213617028],[85.36872497219508,166.06540258099477],[85.40642103524253,166.08910140968686],[85.56195939010557,166.0821917886226],[85.89049794331697,165.9953932222399],[85.61024857812504,165.9418515711723],[85.93581145277277,165.99583168573997],[85.87269875443005,166.03603771089294],[86.56050163372934,166.0837075858975],[87.81169062899393,166.1135197357969],[88.62794397754364,166.09300152747187],[89.9786454750645,166.02090483376486],[90.82994723103978,165.91634892817325],[91.62072664808962,165.70019495782012],[91.77854541835424,165.5741855053672],[92.07132944418379,165.52296358492288],[93.18912349042694,165.47938709110065],[93.72262534893376,165.42518561213217],[93.79415966969532,165.39207306805525],[94.34940747020703,165.34231246215387],[94.47193884387248,165.28685456588062],[94.4996188539334,165.2426240442806],[94.69045536536713,165.2080660578551],[94.79803822564683,165.15444659071693],[95.73687478719555,165.02706365353794],[96.52256999556192,165.112042235044],[96.7666438419242,165.11472690661068],[97.41756804644741,165.25019358298718],[97.61701213791378,165.18540333622352],[97.77150585680204,165.23254891896244],[98.16905471650705,165.17805500788165],[98.42216270775018,165.29769967939842],[98.63940389874445,165.33345132568735],[98.80724848692219,165.26121290045745],[99.18854955846615,165.36028725512992],[99.34390902698527,165.19853390111564],[99.45082568438227,165.17167264351377],[99.39625102904347,165.2065795166624],[99.41156438466359,165.25437041710157],[99.54849667916446,165.33564483720863],[99.48410546438693,165.1472196512202],[99.57234971136896,165.36089367614082],[99.65344897062975,165.31520686180042],[99.82252206130885,165.37032069415577],[100.4872908585417,166.99832266833153],[100.86002197302436,168.36490828612094],[101.6325589111797,171.08799137914056],[102.82292471444954,176.98268793847268],[103.19056995041353,178.67387827563564],[103.46682133899036,180.1595613419807],[104.48785042605209,183.3204463606596],[105.07454079780499,184.44180412593002],[105.82824140541993,185.36019038051336],[106.00426649009661,185.35031389276116],[106.03022019142004,185.30018116617936],[106.01363888177642,185.1776022404092],[106.03569435970448,185.25449940713355],[106.09014647529355,185.1043406043878],[105.99296893091385,185.16840757507805],[105.99862835834557,185.1144212269702],[105.97574168407024,185.1177401588537],[106.06215005700818,185.060338902537],[106.17300766161809,185.22627671598366],[106.2375459130994,185.59330142127442],[106.27601246475416,185.62374226491366],[106.28944303703165,185.793015492191],[106.3285820616626,185.84346661233272],[106.34936138976518,186.07318625402175],[106.40163092290791,186.15079068707587],[106.41635352825558,186.37567983974859],[106.55590156754486,187.08572056153116],[106.29065889811442,187.91359783236433],[106.00245680617417,189.06310678306852],[105.37457785838039,193.35659402683623],[105.12981081621417,194.20279404817177],[104.92183812989343,194.6119171911823],[104.80234444236334,194.99666680290656],[104.41702352448915,195.90259987100399],[104.12981072244754,196.74302623949865],[103.97182140580014,197.44161376122486],[103.91529014001807,197.91799527966003],[103.92033420425687,198.28792745784747],[103.95738030113267,198.29605532349117],[103.97602936268316,198.2130573135185],[103.988324364626,198.28827553350146],[104.1098847660953,198.23840887868624],[104.04081863148508,198.39589176987147],[104.08378100918158,198.39289121957245],[104.04465930120217,198.4937816941946],[104.05315400653643,198.57092110955222],[103.62372867186461,199.45725199197656],[103.57332530002239,199.7169022164761],[103.49040932554604,199.93984017275912],[103.4740230265958,199.93807807769798],[103.42050216753233,200.08796817051953],[103.21555467896127,200.3644142749142],[103.19556148632651,200.54491550992884],[103.11094603836949,200.71426595603864],[103.03019726769834,200.7943000023722],[102.87464775265994,201.095573304811],[103.03938404565639,200.5634412166625],[102.99802317816726,200.52901049138868],[102.92073505176025,200.61459786394894],[102.9142100002316,200.52295321740817],[102.80451835309337,200.53983816227125],[102.729322852591,200.37358017523894],[102.5784905833835,200.43868177669265],[102.56744088844819,200.39357431506988],[102.52673643305077,200.45069743906205],[102.53851470770338,200.3624958219373],[102.48193147239537,200.45664730102624],[102.48258211469908,200.38642303221823],[102.34670762384411,200.47328979083312],[102.35836681050242,200.36332643172972],[102.21506077113175,200.50650553091532],[102.19535028296924,200.3671218097266],[102.08869666552368,200.40253551062818],[102.07285441939774,200.31573884690758],[102.00336702394962,200.3970509703462],[101.98593199958707,200.50312089311703],[101.95316833698726,200.48353546970498],[101.91445064919068,200.7251460186212],[101.87704328651695,200.8195598127172],[101.8665662086779,200.7201295012009],[101.82420026047143,200.7679131168879],[101.7605511318881,200.95571002293576],[101.68199917101882,200.99680901710963],[101.66190229562453,201.06417568775174],[101.64620485578644,201.00215337947188],[101.61194690868643,201.09499028587004],[101.56103278173228,201.05685245794277],[101.51608816820927,201.25586497329257],[101.51334981806427,201.2050555530179],[101.47578196282956,201.2903276176245],[101.47526439502951,201.20959398578853],[101.45227766696642,201.28746075608933],[101.39291561391079,201.29875878321084],[101.37012901838588,201.1805464834362],[101.31473858265733,201.36219080978697],[101.22979381553309,201.39574015395428],[101.13639055382225,201.73625511114213],[101.1477236938518,201.66964658175746],[101.11332602380452,201.60096121593457],[101.16154675131601,201.50129165985365],[101.16227671267372,201.4389903521713],[101.10310743033584,201.45787050409677],[101.18802345546631,201.19087017846766],[101.1837995900201,201.05049117303105],[101.13317952396932,201.16016561031017],[101.11851754674362,201.11576513975592],[101.13162564281261,201.00969158214903],[101.18936175817247,200.91907222774387],[101.20934031343066,200.78954909093392],[101.17592775571774,200.62371732286186],[101.1473392568437,200.65085283390795],[101.24930521123929,200.27483366647735],[101.2426531471793,200.1780487129957],[101.18234660058799,200.3133387658165],[101.19050066849509,200.1934573175694],[101.19338023271422,200.2548752684589],[101.23554496591098,200.1611489253591],[101.22656015443172,200.07361765341165],[101.20232317175991,200.18086636078903],[101.20364947150104,200.11610471544626],[101.23492479331458,200.04728965052013],[101.2519304901526,200.1434404842081],[101.31032502044746,199.91857520176322],[101.29320487786572,199.91075817471187],[101.30322104484192,199.48923979771664],[101.27329110134838,199.51194477012658],[101.29511539639887,199.35868865935555],[101.21622115016447,199.47437647182892],[101.10830382653914,199.83347094805902],[101.13146468144586,199.72170076827422],[101.09485459849715,199.7377832170736],[101.13825910430221,199.56239217789192],[101.11621492140543,199.59837010543868],[101.10068692700658,199.44071908483167],[101.05076891089715,199.48388714564337],[101.0452092332189,199.39319718490125],[101.06830050021544,199.28890304988843],[101.03704817996434,199.18964224695438],[101.05873343278394,199.07786137415584],[101.01180852770469,199.16567513511887],[101.0211778217363,198.99792218460806],[100.96092629472045,199.11526268948728],[100.97856200017569,199.00734355752803],[100.92851434317468,199.0181407940338],[100.94249931949216,198.91208638534022],[100.91096454050569,198.9567361762718],[100.90963823891246,198.7367852254041],[100.82253831271177,198.81298219841864],[100.84158684097243,198.54999782180377],[100.71852209054703,198.65615532592784],[100.69843270952843,198.565589593994],[100.6686731871784,198.61934238988235],[100.67376464828445,198.50897719901093],[100.61270515449813,198.59158983938713],[100.52752567262998,198.37722596579653],[100.35903235303147,198.22616259369576],[100.35102476565189,197.9908490661433],[100.2582956549963,197.76365579712729],[100.21433964633559,197.68376685840693],[100.16894841277839,197.85340405430796],[100.16310429212028,197.6627923841299],[100.12490019245098,197.57185410856243],[100.04540495728945,197.6192890131769],[100.01940998761741,197.2836238093241],[99.77776030189334,196.92411089207627],[99.71719646961668,196.9789769202393],[99.71974697904372,196.8320135836157],[99.6640247732901,196.94462194217837],[99.6800102759645,196.77476421572533],[99.65115195134958,196.84168805119114],[99.66314157248445,196.71429418360407],[99.61763093932794,196.77833265320024],[99.62340560238712,196.65704985692358],[99.57767561833334,196.66349811395818],[99.40364725424487,195.755776509812],[99.18949159012371,195.0296124719108],[98.77893172711592,194.3759489328989],[98.39002398614873,193.97742965107193],[98.15831927893161,193.94587652883666],[98.01980012036337,194.15915831517378],[97.93335696073422,194.10299583303345],[97.8764060980034,194.27846532530785],[97.7557268483765,194.34479278861764],[97.6706589199473,194.69015773395853],[97.64212231886731,194.63973127132655],[97.61037312748533,194.80762279724786],[97.47119653431645,195.0678656223323],[97.35285178832153,194.87040266821134],[97.3126587502199,195.05614239570824],[97.19019907821418,194.78690090004352],[97.02695336649039,194.76574727906893],[96.98463987594003,194.94112210050878],[96.95661202770172,195.38830863943366],[96.81886989273859,195.8060714064864],[96.87738333017641,195.04851345404552],[96.8766774052773,194.72847341237957],[96.8363680956782,194.72472884907071],[96.79038117196166,194.38891823053754],[96.76656498248566,194.46111947969237],[96.71557144634401,193.92863848544292],[96.53800559996466,193.87146438763665],[96.49191830008502,192.21508283132886],[96.43855007085237,191.7526723624358],[96.42882779471755,191.89496361570292],[96.39901065397903,191.81097770798087],[96.38928686741086,192.07947625661703],[96.36558231187252,191.599744124558],[96.31375086979045,191.5773728944994],[96.32645641967392,191.13397812101604],[96.30128810485961,191.13806852591102],[96.2868182560224,190.93350286214238],[96.29564917350379,190.72771734972773],[96.19909557423087,189.74892938015054],[96.13700580421519,189.3645339281973],[96.12415268102397,189.44838398009733],[96.11523951155519,188.89222674295848],[96.025558582298,187.96213705879424],[96.02366166516532,186.6136078234212],[95.8534724673465,186.2723357551582],[95.3931807366256,184.3832933884116],[95.17201788717051,184.00713817606785],[94.94178829821348,183.85801811644444],[94.76101106230738,183.32516107974217],[94.60005450803763,183.03879211689195],[92.99010062093821,181.60176594105434],[92.28647614813119,181.14284964522557],[91.85597916692473,180.7400833106105],[91.63418517386683,180.42213440882165],[91.50663158163098,180.38917932863887],[91.56264595260522,180.37942906558882],[91.45893922744307,180.22640944869266],[91.05420772253052,179.96236934485717],[90.95820796163213,179.810280663147],[90.2644398933243,179.45493305457313],[90.11779343212356,179.46933240518956],[89.87182927332901,179.13226332237178],[88.43987139776293,178.64615439851266],[88.24504581708086,178.28014497609314],[87.87560817623864,178.12964023846664],[87.42286790012732,177.7663485508761],[86.3065215121884,177.11891978465445],[83.95250306900478,174.93491885158488],[83.67392839290194,174.52521199522104],[83.16160770290713,174.25332027957498],[82.87413925671245,173.91782566532208],[82.14215403510953,173.96295365739965],[81.68042758570951,173.83998642425263],[81.56241970777886,173.89307245461413],[80.64876842526604,173.796911451413],[80.31338279695126,173.68408457105625],[80.64483379572782,173.52870864141698],[80.60630495935789,173.38733056118116],[80.35280112869566,173.3847067728929],[79.71682294422256,173.11200908244996],[79.63008763584278,172.94183345160508],[79.8607436440216,172.7239222145169],[79.51946374124971,172.4480450717936],[79.10883334138971,172.3070233373172],[78.90997977162745,172.12684970061105],[76.91521402618606,171.3930989192612],[74.1250608460616,170.11439082356605],[73.95805676079235,169.9673554229441],[71.51429291338778,168.6146826457869],[71.41242724438334,168.4637363169746],[71.91714612410937,168.65834596448002],[73.95497936096733,169.61841891412598],[75.88220464126789,170.32989444245513],[75.94029235425614,170.06019125494456],[76.76705310742969,169.94541930600388],[76.5237304231528,169.72032997191545],[75.9293127420982,169.42890002500596],[75.84452006690191,169.21164021586716],[75.19772662799517,168.81787570193796],[74.83493667221825,168.46410541108366],[73.78287440037111,167.99890788559878],[73.65876016662585,167.99636938838108],[72.27948264932816,167.413946340268],[70.19855744816536,166.4907368516383],[70.08745008453373,166.20566004269858],[68.76562776471685,165.54167767740043],[68.08426614466389,165.16390476765736],[66.14979699211571,163.77067914270964],[65.98569249225797,163.61108507030076],[66.54447549873956,163.81760116628234],[66.65228793590765,163.759083421683]]],[[[98.46212992418113,208.36807661575676],[98.66631831046887,208.06683738167442],[98.65287770048901,208.02075023884063],[98.8113161362108,207.8108596603032],[98.91149679304498,207.77575303116362],[99.01298460995959,207.6535970083839],[99.10347193985983,207.63213833652634],[99.30587040674381,207.41445350249447],[99.37031568160647,207.38553638230218],[99.21605598988664,207.70303124420013],[99.16902700689327,207.7268197008161],[99.05160468428201,207.89548763410795],[98.92095352971982,208.13440234974126],[98.66454092528934,208.49713514494255],[98.6516958892162,208.5573602020907],[98.6032939326088,208.605697772535],[98.55676334126328,208.6945472192256],[98.51394495639738,208.6829510902945],[98.57891018857585,208.5880433577818],[98.59226074759506,208.50550235246763],[98.47970434261887,208.4692402826887],[98.46212992418113,208.36807661575676]]]]}},{"type":"Feature","properties":{"Level":"ADM1","shapeGroup":"TUN","shapeID":"TUN-ADM1-13205935B85513391","shapeISO":"TN-52","shapeName":"Monastir","shapeType":"ADM1"},"geometry":{"type":"MultiPolygon","coordinates":[[[[77.21186409646984,137.6774192409261],[77.35197330503597,137.64973144482286],[77.51158261733426,138.18386383481555],[78.08487983442093,138.70699536598602],[78.17713325642352,138.91973794339924],[78.24514536711814,138.09247075998786],[78.54221452667136,137.86257444035675],[78.83673406107464,137.80570450205727],[79.03719788335644,137.57639559621376],[79.47809714204134,137.87093178809596],[79.66026931210314,137.50990472047664],[79.93569778659409,137.50001724333222],[79.9104671793772,137.23763958204933],[80.11385855478395,137.3390386513427],[80.12138087010214,137.4138803554912],[80.45209658038695,137.26883497579468],[80.52315096944571,137.4245380889722],[80.47968083288656,137.535420777229],[80.80070115115856,137.49141042908573],[81.12426125251173,137.3440936546129],[81.5398612002188,138.08479742098802],[82.43347717133717,138.11854801861244],[82.07046948799936,137.37450797045838],[83.15094016298181,136.94628639098684],[83.34354234240294,136.24507462327284],[83.71936888114136,136.22926684883743],[83.86260661995757,135.9971936688577],[84.27049368089735,135.87794155821436],[84.120782513429,135.62928616259344],[84.44863417840209,135.6442072423717],[84.39359276210497,135.38272780893863],[85.21921874415789,135.42789337187602],[85.16673750824116,135.35864708416364],[85.31797155483724,135.23631988791473],[85.75995907791864,135.23026097123102],[86.17917204769488,135.61161533626233],[86.64322577337605,135.49641162466406],[86.745341076466,135.72741102890234],[87.1334765295212,135.67667736228518],[87.62592190458118,135.74451805094725],[87.98950339716464,136.29424851330833],[87.79874637881821,136.54413337448923],[87.65866325168454,136.81315758216618],[88.04408172428754,137.15465308239513],[88.10622069005132,137.300915327939],[87.96044418251888,137.4807355259813],[88.42912353085504,138.15373671919394],[88.60954876042464,138.18606183858896],[88.78476673431366,137.70990106926445],[88.78477721528502,137.83506008040473],[89.08387020049858,137.63794436248207],[89.26510139359718,138.06065495207903],[89.45347933781541,138.1088244223786],[89.5030521964681,137.8767188258165],[90.18926575227997,137.84358918351492],[90.31803278973682,137.72600983046996],[90.27680515410674,137.5849814165395],[90.6575039277196,137.1219948074431],[91.13639027240278,136.86327864487674],[91.038876241853,137.70770955887764],[91.32140593118156,137.79495852622418],[91.31278465244223,137.9479662355089],[91.4179318121566,137.93020301473217],[91.42441276484851,138.12474786063606],[91.63539468357342,137.849871657612],[91.77363775910814,138.04042726682812],[91.92999090370938,138.0318610272436],[92.14966884293139,138.28207429948003],[92.32062004452321,138.01271267727742],[92.56989581175873,137.85491637949616],[92.46932678924905,137.54042612571794],[92.52076970863963,137.36059161519353],[92.57364807618691,137.32284454285076],[92.58816297394056,137.48325689635715],[92.71985679683792,137.5161227963152],[93.01459144655814,137.10504422897958],[93.56538602845083,136.8990435136138],[93.62471694365516,136.59875180430822],[93.7587757692873,136.55049858835795],[93.82706097298004,136.638557500733],[93.8820904767303,136.58060760426318],[93.93278834948671,137.12859981492892],[94.15877200119553,137.18520834286022],[94.1469205440225,137.04436664465737],[94.23113837239171,136.8722158021683],[94.32793200219801,137.02852049659668],[94.37028452802869,136.8191326538905],[94.65908572372342,136.74601125030625],[94.61539915328996,136.49131019007018],[95.17353142683316,136.35160195763802],[95.22304698365272,136.2794161471537],[95.19333411898702,136.13978463257425],[95.8287644180053,137.457728414193],[96.19143777469245,137.96702385340475],[96.6146635451825,138.1753736733847],[96.91038937062292,138.64181158166113],[97.0370263184408,138.77529312298762],[97.0956391035596,138.70995902178953],[97.13374404232692,138.81352791577385],[97.11421702989136,138.68573402939347],[97.1639843999031,138.76567601110787],[97.154657387382,138.96175304955005],[97.0205015048227,139.54140730479554],[96.85587366596712,139.95290849090307],[96.32936180898601,140.84680158320458],[96.27976738003017,141.05510753974633],[96.31654156060125,141.1547525802801],[96.16832623815088,141.47040172043006],[96.22274446659068,141.49890185023128],[96.1380405923646,141.5168451518145],[96.00397216435412,141.82679407738937],[96.07223086886816,142.07366329613046],[96.0485743299081,142.30346493093526],[95.45388500961342,143.12272722132064],[95.43551257015397,143.47463154077002],[95.44044683018168,143.3988718552239],[95.31298730185063,143.39504026704066],[95.28002745373391,143.46001176952663],[95.39049801324782,143.4451054588558],[95.34432923039037,143.53464245968598],[95.47299272441887,143.46766519010032],[95.41263561354901,143.52579441169058],[95.18466189074908,143.59579740546286],[94.98326926761334,143.8490893627888],[94.0533569080049,145.8169983009898],[93.62016469092644,146.78189827248934],[93.47548140283601,147.29413945765393],[93.49653338325358,147.42720675856472],[93.40240010833925,147.38971023413484],[93.38365548471721,147.53683977048925],[93.52971271833049,147.49368703391326],[93.38566773446202,147.54875335875442],[93.23690509802303,147.8190628708466],[93.18633176628859,148.23400623782726],[92.94548228468369,148.8236660653201],[92.94955418883245,149.26814437881063],[92.45059066804622,150.27932242152434],[92.20044392745503,151.39950731329336],[92.23744555440919,151.538622811687],[92.12558479068595,151.59538897601163],[91.51081431061763,151.99510068460145],[91.15212021161868,152.4281805332337],[90.83712668284083,153.3631096051583],[91.30507408331275,153.11864081965598],[91.0471811927632,153.3547538884912],[91.20496068989297,153.44592927295605],[91.35018075451019,153.40558352262582],[91.19435379520644,153.51747758161287],[91.15926733415748,153.90457752925198],[91.46064696760563,154.45625330133404],[91.6139143174586,154.30920208644403],[91.71531761858203,154.77216796748303],[91.90514290713665,154.73867549926936],[91.86145965446342,154.61616382189305],[92.08274875052219,154.58666082070908],[92.05551657773043,155.04231539897808],[92.16987995747488,155.26376470757606],[92.36510971540383,155.3510925632369],[92.54364902214718,155.31244879932478],[92.74282871557448,155.41199030116243],[92.59869787334429,155.3591887813014],[92.52236777793694,155.41602027481025],[92.72305815054732,155.54526986048387],[92.86142333414321,155.51725205215197],[92.80701465500059,155.40301156803935],[92.90723189223033,155.57559880612004],[92.87053610929952,155.66544146082097],[93.23882898917043,155.93118048565705],[93.04399868862983,156.05154630335122],[92.97551100097384,156.05788549751534],[92.88696466616793,156.08864800527388],[92.95837469492236,156.09242713609555],[92.88535885843739,156.097917025057],[92.73090349733943,156.15290220943984],[92.71407461061997,156.1777890254775],[92.87756751332657,156.15135597534336],[92.7156199427672,156.18540793025488],[92.82192114297769,156.17433112754566],[92.59556553462413,156.24709158838104],[92.79849089480612,156.2005586670207],[93.00110388795507,156.11676591530698],[92.81390698912597,156.20472743188245],[93.02036142391555,156.21736705597473],[92.7101523073888,156.2634398199201],[92.775139244607,156.22054323373038],[92.50960504226883,156.27241240669406],[91.67865894481596,156.38588058360978],[90.98771489964919,156.51997384030395],[90.11889661016751,156.34066342636095],[89.75218644744129,156.34295337220007],[89.49203378021748,156.41193821933092],[89.35463701251463,156.37433259405418],[89.27590015622941,156.39626094098816],[89.37404753104632,156.40773471510764],[89.19609001604398,156.39459091330426],[88.7701560185761,156.22481107687804],[88.28584293308366,156.19188015492128],[87.63608066064974,156.00590749257157],[86.69667274942037,155.86466749407157],[86.01842660928111,155.84736461541837],[85.41032230417987,155.91548768158154],[82.8811489641109,156.50946045105727],[82.39563929787087,156.31426504984864],[81.98195896795386,156.12214728425943],[81.46990420087272,155.97824288812052],[81.68443676335163,155.53738980640463],[81.63869451065287,155.26519953188637],[80.90915237903673,154.76424362677514],[80.82090893929326,154.35148994634437],[80.13564745251341,154.44144345623135],[79.32116897270507,154.3497063688278],[79.03160098037331,154.05621068563062],[78.734864927444,153.92966128274085],[78.6805941722825,153.75133319405674],[78.32458455245981,153.61464595981533],[77.94556600581569,153.33915133934443],[78.35854520464028,152.9050634518207],[78.56530862109528,152.82358161220623],[78.8172953479361,152.8149247635434],[79.01610400252474,152.62451669690873],[78.72606901087956,152.35584512874075],[78.85588161329466,152.17100734086148],[78.55354528342076,151.99236526692846],[78.45513920369444,151.6647014488372],[78.46301502315907,151.50896484428188],[78.69568930613308,151.26010601090576],[78.6195112091027,151.15057031921776],[78.20706543881991,150.98262104576312],[78.24819786108709,150.86161102569244],[77.87935283522944,150.44538859953155],[78.23614103881751,150.3474095814721],[79.14380227540438,149.90407703933246],[79.22799690653328,149.57050543645045],[79.12500383984028,149.33590727738178],[77.41849588590533,147.33059027008406],[77.31476593700145,147.01874132486492],[75.75097019351094,146.88447485375968],[75.50264990994658,146.72854567968886],[74.80369958292536,145.76722713611827],[74.32883540828409,146.03519996279897],[73.90230684827664,144.8474636266641],[73.60498396901465,144.47973612535313],[72.76372728702029,143.69627796140935],[72.49314554905459,143.51632739236663],[72.1469719206228,142.592150263988],[72.59856612951063,142.48432240046327],[73.16649356503686,142.0188640666371],[71.69704916049238,140.92709725500885],[71.29138784137945,140.7798618665874],[71.21674638241576,139.6828763156531],[71.35223384236131,139.05006770251978],[71.67440861390139,138.60797628879612],[71.65451627398639,138.3923580945674],[71.74012997239541,138.23397048064524],[72.02998494681688,138.02779808132487],[71.91241784788568,137.9174402058548],[72.02758630541172,137.73823066599692],[72.16682438202031,137.83778151539116],[72.45245929368224,137.72604080483183],[72.69371065505356,137.87966761626842],[72.64564575536146,137.97290774078834],[72.76672873271312,137.91395492542082],[73.50901681207907,138.16256747060402],[73.41349703103117,138.22530368583426],[73.73345626407885,138.16243821497892],[73.89879296077619,137.88923839576515],[74.0839300738966,137.79387753839507],[74.20859970986271,137.8134776558628],[74.15513726284067,137.89643749471526],[74.5341889817634,137.95945497570744],[74.27938924387932,138.13333598267212],[74.77294183187945,138.04695074465775],[74.60566170083341,138.14415212123862],[74.46946752519085,138.13955615233945],[74.41372555721989,138.25520923121377],[74.78571916443009,138.27250242125348],[75.0819784067019,138.11940722898254],[75.14544706781712,138.22966921251057],[74.79933664966606,138.38621128765763],[74.6152557382774,138.5979199359337],[74.79539206881645,138.88117994546795],[74.9371298242391,138.94212157818572],[75.02841473277869,139.14942691817365],[75.42908105825788,139.21626259497043],[75.78633989325752,139.403403422386],[76.0628233873795,139.41986349729973],[76.46807939461931,139.12801756140914],[76.54517161524035,138.98767254188317],[76.97429557957336,138.94207491490852],[77.03942381929616,138.86391175173287],[77.0434430308247,138.7382140812452],[77.1202620278817,138.71353864366512],[77.14853771194578,138.5866516673155],[77.12212143743477,138.12770945658409],[77.21186409646984,137.6774192409261]]],[[[99.18779435794112,146.51774062245005],[99.28900269691938,146.1294724774319],[99.56158247020669,145.57994072732572],[99.87909621752732,145.16176256088517],[99.88737088527176,145.28371915733402],[99.8109064481268,145.56797376018272],[99.82200679146143,145.69609122966335],[99.65710375082803,146.0999566804656],[99.48109526702348,146.37571086919894],[99.18779435794112,146.51774062245005]]]]}},{"type":"Feature","properties":{"Level":"ADM1","shapeGroup":"TUN","shapeID":"TUN-ADM1-13205935B74184616","shapeISO":"TN-34","shapeName":"Siliana","shapeType":"ADM1"},"geometry":{"type":"MultiPolygon","coordinates":[[[[42.99664488895915,135.7345136584192],[42.94702221978191,135.61759290778497],[42.85953518065709,135.6602125997573],[42.85728376040407,135.58325107616477],[42.791226210612,135.56435416989018],[42.763001878218944,135.44623372059252],[42.672765870766426,135.44989903738247],[42.65551359434997,135.30960605517743],[42.550906492208654,135.3665015466842],[42.52985427185041,135.23371645074482],[42.66431216573338,135.1967073691438],[42.739141702717376,135.11822391202708],[42.82873158021232,135.0071250455502],[43.02154364962128,134.75388024592834],[42.975011888920136,134.70297211831544],[42.84906883378869,134.67389853531665],[42.97383206273636,134.2250995473354],[43.06132220463549,134.07672139553873],[43.09096917739203,133.96400159031276],[43.14386852458614,133.92073677148883],[43.12094822713452,133.8234729861837],[43.15890142771069,133.83066210639856],[43.209605958532386,133.78074901480593],[43.46486211270903,133.75245373733082],[43.538843314194715,133.6895833399246],[43.695944131259765,133.73471341763465],[43.837445971250915,133.85606148718523],[43.9340294394415,133.69690088877684],[44.000160882858154,133.50299364838864],[44.24022259891087,133.29987226691546],[44.37886364923156,133.24954932493904],[44.41847918259465,133.14725142604073],[44.49313895754262,133.05417947582694],[44.537323811182226,132.91284844310434],[44.52737756159983,133.040733199529],[44.56529034335369,133.15137252481432],[44.53744251273591,133.22541258160317],[44.56699573656795,133.31416293471946],[44.644693973698146,133.3864222674087],[44.65184304034102,133.4427746057094],[44.607047479307255,133.56962271560815],[44.65378572152986,133.59636234133205],[44.642512803890654,133.64023600760123],[44.72545266307165,133.62748745718073],[44.757714765466574,133.66570664328833],[44.85219329444975,133.48967264300796],[45.09056897951496,133.1966161111594],[45.12761513000686,133.21867940078297],[45.142454709982395,133.34195980662673],[45.276825122012326,133.4641118218558],[45.47563980304963,133.30728763865534],[45.51866421674039,133.3123074919184],[45.53491452827052,133.27267979016364],[45.604140700062324,133.41459460218334],[45.597247337460516,133.27357540192372],[45.62512879469968,133.09404371226674],[45.72947663576008,133.0827395306964],[45.981699146048726,132.79840813785773],[45.93012792832956,132.5323810029151],[45.96350439792212,132.38837047928263],[46.00042798997784,132.35148514405083],[45.96927872975416,132.23167436355575],[46.02740669189862,132.0447352703303],[46.03943759827108,131.9108999143162],[46.20544285627969,131.77113640657527],[46.39522735356469,131.73499768977828],[46.40908567725384,131.66482722071845],[46.529415965185095,131.52970213822422],[46.59444391572573,131.37611087027443],[46.742692934357116,131.36559567409057],[46.77965640215828,131.46167332146695],[46.81845838315968,131.43628163950132],[46.83719639821956,131.48202994461047],[46.96868899648284,131.52601349049422],[47.216831132357576,131.70227124590934],[47.24566030095119,131.59501635026007],[47.329351597708296,131.4742323471864],[47.298980159502115,131.44014184573092],[47.2991176877894,131.34082756968485],[47.35868685952996,131.09584170559026],[47.435025159919675,131.04191764563498],[47.49511367321827,131.04257935784477],[47.51415802463281,131.11483925405258],[47.61090511158322,131.14890339068876],[47.76803854187088,130.80828486009483],[47.85508233693247,130.743342773388],[47.92058702259401,130.52982921547806],[48.06988652523546,130.44713426780402],[48.109542749559665,130.31297677922046],[48.125455660229875,130.16895300964504],[48.244224126097144,129.87164742949528],[48.184015508128546,129.75382389864382],[48.29733912209635,129.38441341238263],[48.33071699003091,129.33413831284946],[48.39246211617319,129.34333045524545],[48.424034394453955,129.28958367358686],[48.643865320619454,129.28515890408096],[48.67078002777092,129.4166007122968],[48.8507874286221,129.54345308972637],[48.912711234859124,129.7385798594957],[49.03598060744328,129.7072724480971],[49.12659828498235,129.45711175158465],[49.49301647484465,129.2180053963558],[49.58716850843918,129.24967979963878],[49.61546066807921,129.4010010847706],[49.66016983130723,129.4625612219098],[49.38380367296495,129.83579931871023],[49.33367718044458,130.22125586550365],[49.273009911835075,130.40464495169087],[49.197454323565324,130.83856569516473],[49.17144563302284,130.9082953636584],[49.1774870338143,131.01318261027893],[49.06858104417563,131.14749003662183],[48.86879065737483,131.40318029193253],[48.69803570805445,131.46538608234297],[48.653037233859564,131.65344622956516],[48.666726673680316,131.79499586285607],[48.69538051473276,131.81566509748046],[48.74790561836914,131.76199753277763],[48.83635198146292,131.79237533613596],[48.891735565944956,131.89479567840215],[48.880482462630226,132.13585033003898],[48.85036665153227,132.26582798388236],[48.804591235189356,132.14290955842475],[48.74137671748443,132.10901905777948],[48.669073944209416,132.18039703343828],[48.612889995955285,132.31367742589333],[48.568272875702384,132.34259154274775],[48.55455496892333,132.40391933264635],[48.51416194167589,132.45610889582312],[48.47799176320645,132.43592640355808],[48.36804986572333,132.83216938720912],[48.24890483955962,132.92035290428672],[48.13562615400661,132.8810115112702],[47.94165812721687,133.28798260122804],[47.857468736216966,133.5651823585958],[47.716832554444096,133.80384533939943],[47.241770250248024,134.4427626177635],[47.09227055333472,134.5255357448549],[46.99343871079765,134.8080178533487],[46.80623649875364,135.01842928096448],[46.698324069393564,135.21341188137384],[46.50567314400704,135.43030888129303],[46.36700412155061,135.66092312229273],[46.32579719114685,135.80396322942394],[46.306371459531306,136.2028680894648],[46.35667540579976,136.37355775070967],[46.47721799565035,136.41689076847064],[46.642217471350456,136.38557850715182],[47.174686817035195,135.83078405213843],[47.3778695717434,135.83456897685807],[47.44545180422085,135.9223611150419],[47.548859731997894,135.83162828335324],[47.702691905547596,135.62520581413054],[47.969850520732855,135.41576751394845],[47.9900885716292,135.48375640612392],[48.0468386476503,135.46175547260856],[48.10546821242508,135.58687966684255],[48.13119545138261,135.80312459094768],[48.16632542762934,135.81414791746295],[48.16974630393527,135.98867069148383],[48.245823839705,136.01004568735786],[48.23628627633205,136.09708259450187],[48.29063852118812,135.98606021538464],[48.3685630305339,135.9707310628598],[48.35919522333274,136.00773621341438],[48.39665509525939,136.0325887465374],[48.390221503521545,136.07481478241974],[48.45109013273101,136.0343046693123],[48.466566969453424,136.11936989166236],[48.50025044429238,136.1184729676454],[48.4386089311372,136.32184719833307],[48.50087899192339,136.44677671704514],[48.584350813777014,136.45320541993158],[48.54060619897759,136.5909609712436],[48.58511108392436,136.53158779518688],[48.60209871691599,136.62021505012927],[48.64255027913191,136.66312889159263],[48.92729682566775,136.5926074897335],[49.05674774899352,136.72047190089708],[49.125529088266404,136.5777772275704],[49.14665970858112,136.60486153991337],[49.15619731247766,136.72249574467642],[49.10155392841005,136.80315143793112],[49.10272929344325,136.852526812501],[49.20286062093659,136.88001530981825],[49.25128308623075,136.98257946656062],[49.16610716068226,137.25288677740596],[49.04432508472563,137.36916586015138],[49.03978236961451,137.34369822830135],[48.90534638526103,137.40053342750664],[48.84616523292882,137.5009966492858],[48.77302063097787,137.5672120437782],[48.66618260226305,137.76533130029205],[48.622469175829416,137.9493836359719],[48.5653794943785,138.0807990411793],[48.41182282475052,138.2857998291672],[48.50782341116237,138.32053703475708],[48.70820497030131,138.2873991168807],[48.64002889605229,138.41120639831465],[48.536692251124286,138.50820846081413],[48.56813887128061,138.961366343026],[48.48275029284524,139.24003835308912],[48.537646016054346,139.45353450857914],[48.4941014730402,139.55204709938397],[48.48012183907003,139.62988757813739],[48.4990384115427,139.71385136961493],[48.42171942213567,139.94487267575542],[48.43474591856656,139.96070193570105],[48.29599832013261,140.12663330382742],[48.320251728991934,140.2666333914036],[48.27035342802865,140.3637419309391],[48.108130718485874,140.42434592556918],[47.96198441113519,140.54182286724026],[47.71865806326356,141.21159444391986],[47.740105330384466,141.36052521135827],[47.96092947471262,141.3969364971073],[48.020255554483604,141.4580925182228],[48.037936274383064,141.6790246703225],[48.09647392022014,141.73504405404267],[48.20267276881439,142.00241792197886],[48.30371155045886,142.16533357596757],[48.41343532492314,142.4171810315093],[48.486786255758574,142.67070707308022],[48.61885970447152,142.86444479309483],[48.61453923668322,142.91598536340288],[48.69159650135406,143.0257729317576],[48.74585127220198,143.1635427100706],[48.740488462335534,143.28552846426805],[48.85992874180945,143.44632562098988],[48.782448038720766,143.56103233257363],[48.90453370863025,143.85706062021166],[49.04035454697447,144.04162775588904],[49.09805395533723,144.17860734417104],[49.186103666567085,144.2775714614818],[49.32588739850101,144.53462905368912],[49.54656481272412,144.81449898781182],[49.58339828333754,145.06199844181384],[49.770613870244524,145.27730526126547],[50.008251769448925,145.75103644896976],[49.89134113712398,146.09102368277289],[49.89162558157908,146.61613210289096],[49.7549066400191,146.71871129661048],[49.5328353975679,146.78148445154198],[49.33225454667359,146.75058157957963],[49.29672723046171,146.76709380291376],[49.249758220106195,146.86082431117964],[49.21705700601603,147.0477972277651],[49.156860348432375,147.17378697710066],[49.14806415413389,147.29255085446877],[49.160376928623734,147.35268953543704],[48.95177167299276,147.53838483126603],[48.9260080345602,147.61419999918024],[48.807696895777646,147.67565640079755],[48.661705452680536,147.86419334667252],[48.633515037031096,147.83032878023818],[48.678308808629055,147.6749582654807],[48.669616013380306,147.64763595994415],[48.605584489893054,147.63404675990375],[48.585771618788016,147.5866317398413],[48.51555739292655,147.60746969616702],[48.485310238803336,147.69820976586004],[48.44012442971848,147.75750743484394],[48.36845513309247,147.76006743570738],[48.26087115465108,147.93130819258334],[48.20023028488139,147.94860995093424],[48.1304258946806,148.0058223000811],[48.00383545083008,147.995120632188],[47.98092838922441,148.08340277122988],[47.88138500590765,148.15669791457702],[47.77565090931169,148.16743084567102],[47.72135192776859,148.28496407973995],[47.73021122111639,148.36212182566737],[47.854459034452546,148.38607461654112],[47.886754678015635,148.4157546172764],[47.89500752508599,148.48508691228338],[47.96389060525081,148.496771059418],[48.00014350987144,148.64078751011473],[48.076870100221086,148.76189752757907],[48.09933027991053,148.902913652518],[48.47473465964047,148.9346427255912],[48.521466127666926,148.96942959070955],[48.591825079721175,149.1226087298135],[48.66290586123984,149.11794775521184],[48.75754846031701,149.1757576785501],[48.81695642329921,149.3197872469087],[48.88966429955056,149.41830394583064],[48.76369984237015,149.7235386280345],[48.76295215801339,149.7630477408409],[48.86397266286589,150.064686481299],[49.017680379944316,150.19550964449812],[49.005879513941245,150.3313180603119],[48.95939925473077,150.51010070306444],[48.946697398046126,150.74432744918832],[48.87700752099738,150.98484397337046],[48.812920120214315,151.12579587978644],[48.89526706634231,151.18091358639805],[48.88532608139008,151.23165193801583],[48.84181322710596,151.29721035410853],[48.80155509496424,151.31625724934787],[48.71993079522255,151.561323195172],[48.71705588684068,151.611852873504],[48.74668742183272,151.64779729264723],[48.698610382590026,151.7832217909032],[48.73500923872129,151.7678033611683],[48.72116492696938,151.91664749033112],[48.63400430240192,152.08130719438304],[48.62481362120414,152.112032504174],[48.64780977096726,152.14361402632983],[48.57094160429678,152.2245229115133],[48.36231684225064,152.1273065735374],[48.30673390617133,152.2809108853217],[48.23485956405207,152.36663083251477],[48.10550033312725,152.33336744260367],[48.06234035973145,152.2061467623223],[47.957866838961536,152.12973046630714],[47.88978159764156,152.1329067228749],[47.90733336845871,151.71644843500164],[47.89027060258647,151.76362244681403],[47.83795116199805,151.77800409005943],[47.74239871018712,152.03699387113437],[47.540830625066675,152.2268976669655],[47.35430049225691,152.31769462376099],[47.27200828451437,152.28549134482415],[47.14681389528725,152.40542135931204],[47.02128211973721,152.43475600669598],[46.987962226572094,152.491800822044],[46.93218919301897,152.42110865091541],[46.83594406803259,152.4981225337085],[46.75671884849511,152.50747393961132],[46.65256543818662,152.82566797412613],[46.557360353679094,152.89856992519344],[46.47689792880097,153.03871017730373],[46.3450017348748,153.11677739040897],[46.31437843372629,153.22000736603258],[46.30171006875847,153.4274743507571],[46.23530814203468,153.6492593381396],[46.09221702813111,153.87790927532444],[45.95939270826369,154.21299237186537],[45.90004834625913,154.07525596208512],[45.79306265093831,154.1422086560205],[45.76874375882687,154.11226187628841],[45.69941497884916,154.239525230867],[45.50303066396542,154.0783115108937],[45.4605361067572,154.13280603848202],[45.437230826731096,154.26807066255066],[45.34598503055784,154.57538302556426],[45.28849592891945,154.60724659774036],[45.24988727538282,154.70419879539506],[45.14172981254471,154.77392533855613],[45.089659393667944,154.89694090665427],[45.006589182567886,154.8598185056846],[44.87116911465789,154.61138004453792],[44.81087227403333,154.59235190072462],[44.777408617944765,154.41493401560342],[44.74082384945084,154.49409663032844],[44.62707991115322,154.4750670353729],[44.52559515536438,154.67184884384238],[44.409970767585776,154.62022335948689],[44.435139174235374,154.1689748215594],[44.49596559374464,153.80973565031138],[44.38470827018611,153.37330605256386],[44.34926531148234,153.31669343691593],[44.29550172802435,153.36316352170118],[44.3447915286181,152.9648055108962],[44.32054034038757,152.83460192387366],[44.21542153630469,152.67341481792369],[44.124613100089576,152.4273979113292],[44.063867158156796,152.41948459145533],[43.91570677331153,152.18873723874182],[43.80963641042952,152.23739125499765],[43.79475645030905,152.14251093129897],[43.74179602791081,152.1108482819687],[43.718713545432664,151.93049828735076],[43.67785118994113,151.9056537601823],[43.671069159006855,151.6256656029078],[43.61753478611307,151.46182081603052],[43.617085080569495,151.3430511102352],[43.55933177879791,151.26161416926274],[43.51815101706244,151.62552675777945],[43.51345278328957,152.0668732692567],[43.453907430719966,152.4244024887288],[43.44205864188912,152.65314639497433],[43.4010387037204,152.85972977876864],[43.340916277320325,153.05055123518684],[43.341875065310646,152.94743276806466],[43.30645626820104,152.9079067480566],[43.219848357336,153.02689034922457],[43.20964013175241,152.97901232156724],[43.209322648217324,153.02229857085948],[43.077188727308865,153.21866430264987],[43.009736459832496,153.2240409780645],[42.950284927917856,153.36238622000218],[42.86634030288834,153.3698582825839],[42.831243277819766,153.54596884823508],[42.80806508717846,153.56349132888806],[42.79114447530582,153.6913836770059],[42.74699543160645,153.83303217905873],[42.727451833527525,153.83542623254073],[42.72837717106549,153.91483846180523],[42.71002316265675,153.9611605519437],[42.69598532352075,153.922532542558],[42.65756429355968,154.02412826010453],[42.62214525157528,153.9484919229459],[42.499494729865305,153.9281843246665],[42.407812611848755,153.81009841134687],[42.23609273416909,153.47064968937556],[42.19518909876685,153.44619670422003],[42.01480186921142,153.6267028160248],[41.97654691134263,153.82590392554664],[42.01666148785175,153.8468195133539],[42.02784354140036,154.29700547906663],[41.96157600811231,154.81079348461986],[41.79141519082964,155.1273358919283],[41.731299114951334,155.0922889820024],[41.646861098978576,155.14526698264555],[41.620882057086405,155.2714951715628],[41.59060023732658,155.31541078749808],[41.631786918672006,155.33535809613912],[41.685013439565054,155.49799702240745],[41.66730673795018,155.77722561544522],[41.561112076979654,155.99342094144555],[41.542974982437556,156.13266777088947],[41.4527356123957,156.32860162505085],[41.41476586751461,156.48511460458656],[41.2912359938677,156.56968305208693],[41.02254643350652,156.96823807284744],[40.908540721876435,157.41478609612668],[40.859262894196675,157.57415590708763],[40.857140780605036,157.90916343743413],[40.66312074829854,158.1047448770103],[40.49978551827698,157.93970971491171],[40.26197827262237,158.07775729923517],[40.081617558981854,157.9030308863063],[39.991100791076576,157.92350913084817],[39.997210131512176,157.8423089321892],[39.97699615845524,157.8144168333328],[39.94163962347062,157.89108237362433],[39.93441936612964,157.7474568008793],[39.88125318769124,157.8477913262336],[39.877132419371506,157.536128704977],[39.850730310360646,157.44512572542507],[39.795695508027165,157.4617020116365],[39.83131858811508,157.26483789197832],[39.80400338028163,156.88988757604454],[39.84961994072458,156.47548433072137],[39.89494582271823,156.36875274555578],[39.91308022427612,156.40540285412806],[39.94575701410817,156.1516941054818],[40.02578220358455,156.07826838146877],[40.046760843009444,155.93525618271653],[40.11034838345689,155.91026316190153],[40.130807234377244,155.8170372159044],[40.10132213901763,155.75352564768795],[40.108741198356505,155.67978378512018],[40.17410014762315,155.6878672228364],[40.15902653478797,155.49965626785973],[40.19804594670623,155.47930888601724],[40.20221853078197,155.27221746397873],[40.25521734686636,154.91365058516504],[40.3602711289722,154.74045738346607],[40.3945752725142,154.58769773304473],[40.347253450180325,154.1667310539416],[40.3711893751962,154.03918511800953],[40.463067861437125,153.91306828711004],[40.42914679509894,153.78119903210916],[40.49298030913763,153.65442989068143],[40.53363682880074,153.46744396975183],[40.5194853878173,153.41201044456312],[40.456545369625154,153.41095924367136],[40.46423228809958,153.18831357932044],[40.437099159889755,153.19296077020414],[40.40966543965667,153.31620975326473],[40.37222432082787,153.2866606997976],[40.38174528878185,153.204427407386],[40.41576864865045,153.17416281674645],[40.39788869299549,153.06738410100772],[40.351161418562405,153.08327966790023],[40.28571957858201,153.3006709939332],[40.279547114529585,153.1593717198953],[40.29912589951185,153.10009124145603],[40.270947404625616,152.96547704080174],[40.23551700220177,153.1166172875668],[40.20496421415696,153.14647160663267],[40.18725871026592,153.05766183097876],[40.20672370979706,152.90444216375965],[40.153043927653265,152.9350508129137],[40.16124130354695,152.7902344357333],[40.08028914610699,152.7461117364003],[40.027221429572926,152.5585088192416],[40.091806130026775,152.45644340352356],[40.093131659760246,152.34889387881321],[40.073216510536284,152.29249095150902],[40.034179493770175,152.3588297286888],[39.98702210093303,152.3418893600544],[39.99408703868825,152.1523981616532],[40.05672719275894,151.90010066946655],[40.176550365029385,151.85940215747468],[40.16997449361469,151.79247817850626],[40.097172008456205,151.72063842031378],[40.08500104626113,151.56131122201919],[40.13579403267072,151.55333631287453],[40.179759474873,151.310274842311],[40.2243656648335,151.32869586818015],[40.286652820029566,150.96778070523294],[40.35414548862471,150.88945292693825],[40.36594136557095,150.7935434489425],[40.403199143539595,150.73419101375242],[40.43384900339322,150.58336254541342],[40.500562031902724,150.49247706685463],[40.4706871090957,150.49726315496991],[40.47437815846784,150.4672611068226],[40.54710133980695,150.3264857436852],[40.59990892171851,150.27656279205732],[40.619179601160056,150.193283561337],[40.65944771901978,150.14119677337663],[40.668943701322085,150.053003121624],[40.69160969873193,150.0309439058769],[40.72014621377841,149.89315029353642],[40.74679078509188,149.84454281917706],[40.83438719012375,149.83247203135485],[40.96251453869307,149.76061777963034],[41.01718259932696,149.69703212067452],[41.09753547829151,149.71272433275996],[41.19688921218568,149.66797667814598],[41.26731699315584,149.4630920712082],[41.21873145392532,149.36808190261388],[41.22679573844514,149.14862268249595],[41.29410734888921,149.0601230639594],[41.3198478447837,148.9592555371706],[41.357027132341315,148.95844576967664],[41.3855525443293,148.87959012722447],[41.51905662770084,148.70770276944754],[41.36066634179161,148.35062452603609],[41.395159053004164,148.2796007243269],[41.41131633273653,148.1920222290669],[41.40258516761785,148.09566314371943],[41.42561290055175,147.9972672029342],[41.39695234681317,147.92494856090056],[41.415041473466694,147.75171755481543],[41.46402628486982,147.5936667162893],[41.47664074944231,147.48305571669724],[41.580644667171235,147.18289609925],[41.820275914571624,147.01133604221442],[41.902971880135325,146.83243132689284],[42.048150905217994,146.6485338001279],[42.15448631678126,146.4540309661176],[42.25361696532737,146.41162192242547],[42.314355227284295,146.51005042112487],[42.353301340426334,146.48469784132894],[42.35786716067042,146.44713948494967],[42.39225529233382,146.42072721559688],[42.43881771350949,146.1967466286659],[42.465388651668235,146.15266738284475],[42.451615525231546,146.15775575140532],[42.515597803282546,146.0256809616833],[42.56180219938968,146.04127022183226],[42.652873319697036,145.9429034208285],[42.65065831665047,145.90713106802153],[42.67813021602764,145.88758973666492],[42.678694215443564,145.83543434897038],[42.765989009759934,145.69170003065847],[42.95517105023898,145.46042485632051],[42.94735011959119,145.42284557886057],[42.999201447655125,145.3145790701938],[42.9599580903841,145.23414699704298],[42.97276962146744,145.0726716654526],[43.07832614050964,144.80781934579926],[43.024165415886,144.45148070168474],[43.04518725873966,144.2715567511436],[43.07294566325043,144.19856713366315],[43.137877322014575,144.21218653788955],[43.2243358684004,143.99885858105029],[43.27220815348205,143.92985295215234],[43.27728114968365,143.87835631572602],[43.2372375982582,143.8694576938436],[43.22527193579788,143.7743637878857],[43.179574467770266,143.70695800315522],[43.230591392504664,143.68640244929017],[43.33057480872306,143.49464444576813],[43.30422256222819,143.49347813486253],[43.10410604091953,143.15000487466588],[42.97757049713502,143.03762831552845],[42.89484689926175,143.02696284342008],[42.922730507837365,142.66355088435228],[42.84572715950407,142.30179158552295],[42.92082000858436,141.82496504769765],[42.950944913874224,141.70265809132616],[42.991786402922784,141.64345075904973],[43.007527983356056,141.5822370118788],[43.009241072849704,141.3808579644035],[42.968806235967406,141.36343226713865],[42.960247834569145,141.22547167488653],[42.862081919122076,141.09030258674295],[42.85315482076411,141.01787335490036],[42.69575961843634,141.14750091006533],[42.58519057836298,141.1971305388911],[42.542148644471226,140.59987559303875],[42.454119163981105,140.43999463285007],[42.46029574731613,140.3282112149525],[42.48786487624292,140.25764086230762],[42.449697962560904,140.14669378596517],[42.567261282334684,140.03560348251898],[42.65440642880996,140.0646015956068],[42.722195644557004,140.03368012556263],[42.66630387581429,140.02644755559712],[42.67506462939336,139.7740179043918],[42.5707455772493,139.66977888915835],[42.530856610066664,139.67989696227164],[42.49071814980975,139.75882795757133],[42.41594437774411,139.80001735510308],[42.597240326550335,139.390712576295],[42.73893588261899,139.12747021985717],[42.70164803699841,138.93022972588818],[42.80009908679102,138.48911842530242],[42.902844817671806,138.1660249515059],[42.8448744026736,137.99831055313848],[42.8323742428185,137.63494684634787],[42.781288298514305,137.6220913533906],[42.99341439044583,136.88036200054802],[43.13976630093502,136.55176479599143],[43.31649260145117,135.77757677085395],[43.55190989649515,135.14894161358978],[43.46993609475407,135.18700759729404],[43.36202102550454,135.37841912304583],[43.28682374617668,135.46254282968033],[43.173608009180214,135.5255679668512],[43.1538998515899,135.5000790603665],[43.11686438431413,135.59865966227585],[42.99664488895915,135.7345136584192]]]]}},{"type":"Feature","properties":{"Level":"ADM1","shapeGroup":"TUN","shapeID":"TUN-ADM1-13205935B91235646","shapeISO":"TN-22","shapeName":"Zaghouan","shapeType":"ADM1"},"geometry":{"type":"MultiPolygon","coordinates":[[[[52.089073919400406,158.3154360055113],[51.97730175395277,158.64151236122245],[51.964661789090776,159.6095964576956],[51.77071597735047,160.10196434246117],[51.75479955267521,160.34932574081165],[51.90908003448115,160.98137114337177],[51.82837569962375,161.5006318341181],[51.68959589150951,161.64653897707362],[51.60445979338132,161.20632023608684],[51.20709352319955,159.5626212626883],[51.19575468477292,159.18853004381742],[51.17440130020019,159.1816798529813],[51.05293217442473,158.3962753764494],[50.98808884743144,158.27673763421933],[50.898520262263744,157.7667572177984],[50.83673291988607,157.67093352635897],[50.852597621946636,157.56581368888624],[50.57133873015584,157.39312511710312],[50.542976706713084,157.27842942699402],[50.46272777525547,157.19850736644014],[50.44058977600433,157.04550329493247],[50.372350177174454,156.96418209002215],[50.35942761998473,156.77492164789118],[50.27063696484241,156.5959535717451],[50.18360982834959,156.2990500172893],[50.18435297506703,155.9137062453728],[50.06910918514284,155.6159188159043],[50.05503688842913,155.47290623159347],[49.996850207928304,155.33973753637287],[49.908704481070714,154.92848371216908],[49.73882730574236,155.6419858923396],[49.57806182973991,155.84702293288052],[49.47044201710469,155.89556203586596],[49.42102226611921,155.80558910434502],[49.32697242700157,155.8593823328199],[49.21948950418865,155.74803183515724],[49.1837259265515,155.3336244525505],[49.192921439985966,154.93340882611483],[49.16212601784593,154.7602787461187],[49.1642047728034,154.52613457879798],[49.05517420563946,154.55430665144846],[48.91064344320853,154.43026200564066],[48.81877961505165,154.08072418966796],[48.8474700570483,153.7288713966201],[48.80601728768551,153.309322508037],[48.76867201516062,153.37272395697215],[48.747274655143485,153.28911566025772],[48.71094867873486,153.33852167417814],[48.66791221151766,153.475088051029],[48.622949756385296,153.11323523694523],[48.55699196776119,153.07184599109735],[48.48288144833661,152.92299045116013],[48.54688564251852,152.73162240909176],[48.52072168647955,152.60310382150425],[48.57094160429678,152.2245229115133],[48.64780977096726,152.14361402632983],[48.62481362120414,152.112032504174],[48.63400430240192,152.08130719438304],[48.72116492696938,151.91664749033112],[48.73500923872129,151.7678033611683],[48.698610382590026,151.7832217909032],[48.74668742183272,151.64779729264723],[48.71705588684068,151.611852873504],[48.71993079522255,151.561323195172],[48.80155509496424,151.31625724934787],[48.84181322710596,151.29721035410853],[48.88532608139008,151.23165193801583],[48.89526706634231,151.18091358639805],[48.812920120214315,151.12579587978644],[48.87700752099738,150.98484397337046],[48.946697398046126,150.74432744918832],[48.95939925473077,150.51010070306444],[49.005879513941245,150.3313180603119],[49.017680379944316,150.19550964449812],[48.86397266286589,150.064686481299],[48.76295215801339,149.7630477408409],[48.76369984237015,149.7235386280345],[48.88966429955056,149.41830394583064],[48.81695642329921,149.3197872469087],[48.75754846031701,149.1757576785501],[48.66290586123984,149.11794775521184],[48.591825079721175,149.1226087298135],[48.521466127666926,148.96942959070955],[48.47473465964047,148.9346427255912],[48.09933027991053,148.902913652518],[48.076870100221086,148.76189752757907],[48.00014350987144,148.64078751011473],[47.96389060525081,148.496771059418],[47.89500752508599,148.48508691228338],[47.886754678015635,148.4157546172764],[47.854459034452546,148.38607461654112],[47.73021122111639,148.36212182566737],[47.72135192776859,148.28496407973995],[47.77565090931169,148.16743084567102],[47.88138500590765,148.15669791457702],[47.98092838922441,148.08340277122988],[48.00383545083008,147.995120632188],[48.1304258946806,148.0058223000811],[48.20023028488139,147.94860995093424],[48.26087115465108,147.93130819258334],[48.36845513309247,147.76006743570738],[48.44012442971848,147.75750743484394],[48.485310238803336,147.69820976586004],[48.51555739292655,147.60746969616702],[48.585771618788016,147.5866317398413],[48.605584489893054,147.63404675990375],[48.669616013380306,147.64763595994415],[48.678308808629055,147.6749582654807],[48.633515037031096,147.83032878023818],[48.661705452680536,147.86419334667252],[48.807696895777646,147.67565640079755],[48.9260080345602,147.61419999918024],[48.95177167299276,147.53838483126603],[49.160376928623734,147.35268953543704],[49.14806415413389,147.29255085446877],[49.156860348432375,147.17378697710066],[49.21705700601603,147.0477972277651],[49.249758220106195,146.86082431117964],[49.29672723046171,146.76709380291376],[49.33225454667359,146.75058157957963],[49.5328353975679,146.78148445154198],[49.7549066400191,146.71871129661048],[49.89162558157908,146.61613210289096],[49.89134113712398,146.09102368277289],[49.97800677950244,146.05615036541855],[50.2922282690014,146.1177114465452],[50.38811365809388,146.15422124711375],[50.541639635440816,146.25812235434233],[50.64512121201852,146.3843445524733],[50.974184880845314,146.262327660859],[51.24061489163059,145.80026081502953],[51.353037374392805,146.02152260831028],[51.29471644735825,146.16601575767828],[51.685806082832336,146.39312976128113],[51.71030897713722,146.4304631194919],[51.76012988834304,146.37710206395542],[51.81348305003344,146.36166841249488],[51.86036380834199,146.40692004529274],[51.92414236086477,146.42065336767737],[51.95731590759155,146.3777731428847],[52.014915708916824,146.38259196888777],[52.01237571784836,146.2715533048301],[52.06566879460732,146.24652763721326],[52.09468788451778,146.1440688035255],[52.15055747663361,146.149445679618],[52.20619048861276,146.11803640120155],[52.248394847377085,146.16217594888525],[52.34599076982475,146.16639655183414],[52.41554958735967,146.25079589614546],[52.466227194933026,146.24074054635003],[52.55268509250679,146.32006009481807],[52.6049181584094,146.41165711846728],[52.67488011575192,146.43667565734663],[52.70908693044875,146.40487420896036],[52.87804737305597,146.52142276560957],[52.91708724801366,146.45800745201325],[52.9488321663898,146.49460742664508],[52.988315983782165,146.64048037004565],[53.09633230172695,146.69419837929988],[53.0794912081018,146.79098508614055],[53.150931057728656,146.85583527748506],[53.18217173758708,146.7328548909268],[53.22962127463608,146.68509262530768],[53.4409723073082,146.82017716907401],[53.55974430058545,146.8333459562142],[53.742903631244396,146.78657293539183],[53.78380648491787,146.69111157590106],[53.89598597525135,146.67088014877436],[53.94908063090085,146.5930559437125],[53.99937277396151,146.60539592019367],[54.020147067699334,146.7014443636757],[54.08962055673619,146.75192649120467],[54.213749966497694,146.68081493985503],[54.52478197930303,146.698957270766],[54.63072101012863,146.7987164878554],[54.544819469006114,146.84431993230075],[54.62486264099636,147.45170127848735],[54.615345883804736,147.64674221827033],[54.29824330580474,148.023385930966],[54.22653865512677,148.56144720824142],[54.258140338141146,148.56639978622212],[54.28754939740852,148.4894009515022],[54.336591681385826,148.51772670506267],[54.37143906313069,148.49711018738046],[54.44880730379401,148.33708427104585],[54.54882327685968,148.3572531386032],[54.552199222131335,148.29797558022665],[54.613519723787135,148.2732576461106],[54.73177808565538,148.2929562128145],[55.65421192912307,149.34982588476095],[55.80620512800081,149.5387864245862],[55.65875314529046,149.61651833194247],[55.57321712497543,149.50999547720565],[55.46984962519851,149.50833630897822],[55.54818638817483,149.8339008523419],[55.52694287263701,149.9287746024197],[55.582972846743466,150.00450671634536],[55.61801111784267,150.21450164734497],[55.80278523832209,150.5800962491178],[55.891354648635286,150.78914834404884],[56.00708287890461,150.94396668525997],[55.90901731617898,151.04153541468486],[55.91644897451832,151.1066791716284],[55.87996907139383,151.11002588541896],[55.89612458907669,151.15854111767254],[55.99127580206884,151.30402111516418],[56.13399199423617,151.46567408979678],[56.25215242565367,151.7320277260609],[56.264234424108786,151.79096574063115],[56.335879104225846,151.90075818733095],[56.360446574889934,152.0133595486801],[56.55273695510631,152.22570673314408],[56.66208268971231,152.3676151290751],[56.95989907113555,152.46510426026575],[57.113605115946086,152.58825306101457],[57.20261970768894,152.7026907969298],[57.34237601117589,152.7976490737791],[57.4421466923517,152.89649290837164],[57.640214860040516,153.19060737542932],[57.566256215216306,153.32111448680774],[57.16920370831227,153.23462814272594],[56.98859909594545,153.12248399901387],[56.95843922422776,153.13546842132075],[57.34419924350747,153.71313472753872],[56.65559540439188,153.25319628576872],[56.853254774947736,153.48235914330843],[58.509161802646474,154.88603312253457],[58.2433209026987,154.5813404984139],[58.278211071716555,154.52392074068135],[59.546780921824364,155.3550761861807],[59.667647549688624,155.36741412799574],[59.93884369576476,155.53559280075825],[61.00365313424214,156.41635556501868],[61.09084810619005,156.43611234271043],[61.460855631299324,156.72560092660137],[61.6944328514564,156.95213670471117],[62.03766150069307,157.18008896125508],[62.62497905114778,157.69773840998866],[62.976678371299315,158.126463310767],[63.111460377563105,158.24834854068763],[63.46115927704793,158.50226582627806],[63.72201365824939,158.62035814182818],[63.83946416265364,158.69585778769735],[64.04755390308222,158.84927709203865],[64.17115985669446,158.98716037320557],[64.8621719979304,159.28376282259214],[65.15739195173444,159.4886957952099],[65.22474937211803,159.69606758966887],[66.04769041354749,160.2837257766575],[65.54619013978896,160.00711536418223],[63.963990323784245,159.32673249247335],[63.945805541439945,159.3811229768325],[63.747025420494566,159.29416044156764],[64.08007690130859,159.5438972088333],[64.57762924211839,159.73831018556393],[64.79220056134682,159.8310272385682],[65.11967796484183,160.02841073660912],[65.09070140449384,160.05348173049168],[66.73534470649403,161.3029420725762],[66.67713834033347,161.30750580188294],[65.67715624416937,160.75264320226796],[65.02008429857023,160.77513104735542],[64.30125181902434,160.44137354152645],[64.64676213567712,160.73944988561257],[64.20707677621537,160.53345517329413],[64.27169705350842,160.60504776783276],[65.07321126723926,161.16680750441918],[65.3370770371748,161.37891979389596],[64.58766384637083,160.99298768701607],[64.3857377253043,160.91450674734372],[64.64150649598315,161.30494844373092],[63.50334455705311,160.88699748787295],[63.705802616789796,161.07359718419906],[62.965744965942214,160.70141767411593],[63.16903161159342,160.8941502172675],[63.13199866286341,160.92141509038632],[63.53535158723635,161.18400981150612],[63.33370144850468,161.10514378990024],[63.45856432937494,161.21388899291193],[64.22773661352684,161.64169501122063],[64.73164984090887,161.924115255028],[64.89648630687674,162.12579415700634],[64.55601530722294,162.08568476174403],[64.71323377211719,162.24252414198767],[65.4393380806832,162.66133277386191],[66.76869792541814,163.54621734520035],[66.65228793590765,163.759083421683],[62.634577483541115,161.4102555402868],[60.954583278258994,159.8473596931363],[60.76034112220389,159.5996857666502],[60.343696871089115,159.17861576833303],[59.81851670303469,158.48802452594117],[59.84893960126242,158.47640487142462],[59.73729879532768,158.36342124522864],[59.82117462664786,158.37403437581406],[59.579649836375374,158.1975927872028],[59.1750072712598,157.94394996261343],[59.004475991953356,157.87560442889497],[57.6594598774547,156.91230440909393],[57.55540928215994,157.01478396736027],[57.76823460867554,157.25282884287668],[58.019181456957796,157.57221740634708],[58.402130891899006,157.89548722190193],[59.208050061219474,158.7573087577275],[59.30789488627356,158.8682823345048],[59.463349305166645,159.19338884909158],[59.61983127297267,159.39733039262194],[59.67957944200539,159.51820034178917],[59.829022252680375,159.65969066797473],[59.126887644516785,159.2100280567656],[58.784653555334316,158.86335413063676],[56.67194259129256,157.41574421131594],[56.424828506596796,157.29361562647597],[55.78626003826422,156.8623575631692],[55.63553210658619,156.96865720224787],[55.28529258264435,156.7723080603651],[55.2231502169419,156.85959714128302],[54.82869966613599,156.75302781676623],[54.930795998332535,157.0416052354792],[55.00544745849706,157.12070206696274],[54.9306081731372,157.1338964246919],[55.0913009041368,157.4257797952011],[54.62298890024093,157.09299480053366],[54.853788431969164,157.4510573251856],[54.906906808285555,157.97437443386792],[55.05466138995859,158.29831321867954],[54.76171964220501,157.97598448340025],[54.93888401676721,158.35536072885347],[54.95017064095559,158.6083164022108],[55.34850136148681,159.5881825066035],[55.35767253202607,160.19537345703492],[55.29605093011752,160.2044893216937],[54.65564383856359,158.97930103031592],[54.42999050962445,158.76669499480025],[53.585590326272296,157.74214705722537],[53.43479991644175,157.69275052908188],[53.095052379252365,157.92533985353458],[53.209103789040896,158.0596117147437],[52.28099571566868,158.0045405861433],[52.09349570604282,158.1731235715002],[52.089073919400406,158.3154360055113]]]]}},{"type":"Feature","properties":{"Level":"ADM1","shapeGroup":"TUN","shapeID":"TUN-ADM1-13205935B22647716","shapeISO":"TN-71","shapeName":"Gafsa","shapeType":"ADM1"},"geometry":{"type":"MultiPolygon","coordinates":[[[[40.127328317458684,110.87673991883794],[40.01683128575916,110.7986457132446],[39.788688587310375,111.0164693392746],[39.742764184853726,111.03296898584999],[39.7204476623392,110.99171085669715],[39.74406808159179,110.78016180462716],[39.7125559440538,110.74227338921968],[39.71095438515857,110.631470861639],[39.56976186711199,110.24821819820896],[39.570437552114754,110.16500737493887],[39.511896171425576,109.91165078862632],[39.314875005232345,110.02864596163084],[39.281527843407616,109.94608556966531],[39.28625682719925,109.51975095232669],[39.33091119277971,109.21821470471392],[39.46815937589258,108.80073549641264],[39.729193249213054,108.63033302624856],[39.786127271622,108.49342564252508],[39.79544226284795,108.3959672062353],[39.7444430087039,108.18833468821147],[39.722775704087994,108.2223057373064],[39.736884950756995,108.03449855816581],[39.62654752862558,108.0949668491534],[39.46460191318654,107.80404230614768],[39.44687222171564,107.65206736473434],[39.51588239135333,107.2178976548501],[39.59662630580275,106.96912824163246],[39.4931156589122,106.93165264244382],[39.43382262131795,107.02246356033348],[39.4011390158979,106.95678401611848],[39.43372327774293,106.78084279804659],[39.41052816127877,106.83697079539184],[39.37821452442882,106.64487695418518],[39.305588663750946,106.56921355496115],[39.32883526370504,106.41094748826865],[39.341648617771064,106.09409878760626],[39.31175124252022,106.06628652138343],[39.3119015607533,105.99888437309464],[39.35219281140761,105.93935084008015],[39.37537543274231,105.84279753198297],[39.50236848086944,105.6515326236775],[39.513200693495754,105.5417873853819],[39.43219944977339,105.50172727628788],[39.37301862424029,105.54680675630627],[39.386257119966125,105.41939646577922],[39.32223445477072,105.44186382903487],[39.245553542120106,105.33113006195804],[39.139174655142085,105.47633411788334],[39.088927402869885,105.45640569562889],[39.13138489277986,105.05232122189909],[39.04444239710749,105.26881824223246],[39.04176038043174,105.18475591314659],[39.06801955217536,105.0122175490128],[39.05350794963159,104.9765406305715],[39.129232972514714,104.67799563311351],[39.14027847555793,104.58663349674858],[39.07226435637674,104.56616326471737],[39.07639677410262,104.37854502708862],[39.03533662325535,104.34986300623535],[39.041922684156276,104.04762095552297],[39.08179889958154,103.85030409168269],[38.99733735195296,103.81496223211758],[38.999005265069826,103.67458528385642],[39.13217954040462,101.53023946856932],[39.163714840897875,100.62604328579954],[39.185149869487546,99.82140323137489],[39.224021446656934,99.53548989585542],[39.266696771613354,99.42750788727476],[39.32528953512895,99.33464155091474],[39.49448969973443,98.85545149022434],[39.507601507091756,98.58382237300782],[39.5919965884929,98.08510972515705],[39.68603895402831,97.4325538194141],[39.85979796334022,96.69535439661149],[39.93883735494329,96.5170792285827],[40.1197987792267,96.22604761448626],[40.392475429356445,95.72947671617959],[41.43795303698135,94.29193017689228],[42.18517982905546,93.24587562610125],[42.464955069998496,92.6688740840918],[43.847441942781714,90.92833841558638],[44.12891252456478,90.60172836174814],[44.171731056705106,90.55097017667651],[44.163036358152546,90.59633399976676],[44.20747489038453,90.63322065981241],[44.256640005995465,90.64525720520206],[44.304493873192136,90.59800222238947],[44.50604053377972,90.32816906676072],[44.58021270394778,90.150311024796],[44.83012056363406,89.59132457562944],[44.90600089748385,89.4596101599769],[45.001118477471685,89.400765268338],[45.104897336787246,89.31852662337712],[45.178330375176266,89.2243894953063],[45.30333762600335,89.106413221551],[45.34191722582911,89.04579601561976],[45.42790904433484,88.98189281186937],[45.452277242984955,88.93899980971703],[45.56022062076192,88.8248433115728],[45.64632110934063,88.75163112363217],[45.776833044317954,88.53951005636938],[45.82650833308183,88.48184255336808],[45.83138543192008,88.51448614621266],[45.88603789605928,88.45969412434701],[45.93628783557057,88.41420949026686],[46.02602973821506,88.33384919182478],[46.00541828623475,88.40657412038476],[46.0480613700898,88.39985013179432],[46.14859634904381,88.32524360333056],[46.17413928557751,88.32342712569965],[46.206514508870505,88.2944077206112],[46.217558405581926,88.29927778217693],[46.292111356294434,88.24677614112922],[46.289881678683855,88.26143426790118],[46.37158039639259,88.18937697336222],[46.377913524640284,88.20111915971108],[46.42349890547277,88.15065973215081],[46.47002695748043,88.12319627142082],[46.542345130833084,88.03829993820554],[46.65937846286252,87.91408757951204],[46.75682548519152,87.77287095004849],[46.83907353317667,87.69302498062538],[46.85525950895825,87.69149953143524],[46.91175936084816,87.61671109217609],[46.98158289603079,87.57451006773749],[46.98149287740868,87.59426361424134],[47.009222742089854,87.56474721097798],[47.05528128261104,87.57667716933574],[47.15205788123023,87.52896379008615],[47.15885695918885,87.54457605299756],[47.224685037896904,87.50359326225917],[47.24771898797816,87.46525860582099],[47.27640345413738,87.44426447600522],[47.299818507433415,87.40322239739797],[47.34005323738608,87.35431372538994],[47.38310408155578,87.32906668562028],[47.32213699730362,87.42557033967606],[47.21435660479206,87.64956714765624],[47.209209931823565,87.70096501605495],[47.23251844622857,87.71442052614236],[47.21782190314719,87.75081275139887],[47.2405834955677,87.7585776369927],[47.27679297712406,87.73639473305137],[47.35531363646628,87.6552267797475],[47.36414069428696,87.67892489660119],[47.432067945584734,87.67428026274476],[47.416845585311606,87.72823613794094],[47.456741926319964,87.68645608216048],[47.51424147284635,87.65361927809322],[47.52499536964961,87.68769408299228],[47.59642853177277,87.66102336553803],[47.724672427179414,87.58215613379502],[47.87687364727954,87.46566922871514],[47.90688525286801,87.49109753509066],[47.94728288139753,87.45949159224999],[47.96934931646089,87.46499078239168],[48.0906558947244,87.40650505087225],[48.089815003295534,87.46642586381546],[48.049994115064074,87.53394917860933],[47.968322047953,87.64877049981537],[47.94070351863605,87.69914345693093],[47.84618541713059,87.83276823483291],[48.016875227931074,87.77111946559641],[48.06012634563883,87.80021736025475],[48.15647627716866,87.71550983007532],[48.17877359543403,87.75620305109088],[48.2549279503296,87.6855227232319],[48.50899940438781,87.52172326739472],[48.74306344093196,87.58837808183767],[48.81806852712141,87.56154186525805],[48.88319270142493,87.6796010999904],[48.925202936593706,87.66946886782605],[48.969649968793746,87.90648332557186],[49.00303155557282,87.93766129563303],[48.99096407812354,88.00282294926637],[48.999584930700884,88.1215108596215],[49.043387003630784,88.13179996363576],[49.04520298781624,88.2193487945669],[49.07176089318295,88.2867834814761],[49.115065878153075,88.30112165573325],[49.12011947296113,88.39525496741071],[49.21745400070899,88.42305428193775],[49.30315379672736,88.31319609054474],[49.41749793184807,88.33151934565062],[49.456979935680984,88.39733343154303],[49.643696465429244,88.37867540812002],[49.70906258746308,88.73951829594486],[49.74455368889528,89.05102508427916],[49.80264140871772,89.03472281509511],[49.8641867155825,89.27581158885707],[49.93686618337884,89.35951158812793],[50.003362954595694,89.58101411353121],[50.10623683185325,89.7677120356735],[50.155187739181216,89.77472111216913],[50.23810143975602,89.70193197634222],[50.296825760220514,89.73774869502807],[50.33061003884323,89.81692875765988],[50.3911695933672,89.69870194629324],[50.46307498834839,89.92190504954604],[50.482725344574085,89.74589614393773],[50.48074933120628,89.67456869587129],[50.580762130619206,89.55598261716435],[50.75116303966695,89.2321196260077],[50.83040019242799,89.14791393528529],[50.9364508772334,89.23631712414354],[50.96479858633333,89.41769478141043],[51.10134357109028,89.45724623114246],[51.14017937427027,89.50763459699385],[51.189649403036725,89.87432952155233],[51.23128498138926,89.93589673740985],[51.3517190428555,90.02083387727288],[51.46220591597956,89.99830984525663],[51.48749506369453,90.11360462639122],[51.6938261507266,90.2608064012002],[51.73102050282732,90.35539860895898],[51.73418975222682,90.48322821190888],[51.880296682029524,90.59773520251663],[51.942043954716,90.75283055316439],[51.92970535114061,90.95741263163063],[51.87187686668287,91.04513329372256],[51.93126760355789,91.27693458582173],[51.98806622813807,91.36114427899685],[51.98323932059413,91.47476137277926],[52.048204728417176,91.91721681774585],[52.01198233677116,92.2200398432089],[52.01675320244768,92.38029063757266],[52.11678707856796,93.09960124015012],[52.084973003667024,93.19060898428866],[52.0309275495859,94.13342870179967],[52.19133339233927,94.48972795006497],[52.24752342683907,94.75677150168907],[52.10242694871671,94.7495376493364],[51.82964468545369,95.14161878124877],[51.83728932237379,95.57679750461895],[51.7688877176189,97.35568622172079],[51.732152848417584,97.43301473573845],[51.64039877452003,97.82835804989381],[51.5677003418985,98.044553142856],[51.561117584929534,98.16954860278936],[51.54134127421249,98.23623915718491],[51.52798499894152,98.3833367530107],[51.526748958520365,98.63994080819259],[51.40238117220527,98.65568252155303],[51.27736667791851,98.80179913740169],[51.22931932246708,98.96084160771028],[51.181908066049544,99.20414555322131],[51.191464471132576,99.4024267581516],[51.03930856497846,99.54055359842866],[50.99605649272351,99.67840275472633],[50.85034653176028,99.89884809840494],[50.79371451143741,99.94778293807317],[50.74004089511939,99.87445677538453],[50.70395532000319,99.72242666608071],[50.69042302550781,99.54979912588554],[50.628142682360604,99.60131422096744],[50.59966688855696,99.84317851556935],[50.51996729242787,99.95967389436116],[50.548354294136594,100.18577076692564],[50.660720692312225,100.50595223540634],[50.69147095175258,100.69451200085376],[50.7209762822572,100.72499015648712],[50.7614154188592,100.86004309431695],[50.770068903736274,100.90896411905746],[50.7411610676249,101.11068241857329],[50.7254541002591,101.38566775449092],[50.75537058032294,101.59638355996574],[50.763024840469505,101.92985206474941],[50.80665820322985,102.03720828692008],[50.777731360650165,102.21666653739132],[50.647477814643096,101.912948248834],[50.5459866376596,101.82782121081627],[50.47059061839428,102.06959533062454],[50.5073033647038,102.31540948328288],[50.3774043641405,102.43633822013493],[50.297484922765214,102.95080134156541],[50.209995579888606,102.85913877688424],[50.16862494681681,102.65048905861704],[49.98606949313292,103.0743617982094],[49.98744742296194,103.61662246435604],[50.02858849812854,103.98358502531084],[50.00525575427595,104.36729575889451],[50.01900575487598,104.37684346590076],[49.9338902760391,104.6779781273669],[49.92971576237893,104.86354920553381],[49.899562890516165,105.01588534742586],[49.902941262979915,105.20456731433302],[49.936397380083676,105.41370676696846],[49.80285744205965,105.78666581255557],[49.79949873319494,105.93103709089051],[49.73160440596516,106.20603063558117],[49.42079726227218,106.9845433476582],[49.396843040858386,107.09644469135304],[49.1630045378962,107.17174118933306],[49.15304526163366,106.80309165413529],[48.840875889767666,107.37658005396442],[48.8512761476765,107.47445306626689],[48.845832445756976,107.68541759472451],[48.817276065741474,107.61514138799674],[48.785182037133566,107.6437332207534],[48.75697191255424,107.5602091379218],[48.703947356020976,107.63452499147499],[48.6279238426152,107.61658309209643],[48.59100699062281,107.4566761212358],[48.454199314874955,107.69577657073144],[48.35899673097244,107.63230220716724],[48.29232638356888,107.48561660920032],[48.30092370564127,107.18311914888625],[48.24885692754813,107.17497494983579],[48.222126798234406,106.94834616551137],[48.20290359146192,106.97255151823468],[48.149365939109174,107.20866333262666],[48.04030171070398,107.37298540666156],[47.88772634692186,107.44535736767469],[47.819352880322484,107.63785427906294],[47.75819243542477,107.70755287663401],[47.683389350259674,107.86157803198785],[47.54747067694366,107.97146227557346],[47.47771695886513,107.95556301694721],[47.42363227505963,108.03413072544676],[47.31094454157259,108.30588225704975],[47.089391608721726,108.73960524299909],[46.88286950773136,109.33627757068555],[46.79116914048869,109.51458707543179],[46.66400742534118,110.15126497483837],[46.36599334282968,111.2109885922154],[46.13178876896817,111.00291659811268],[45.63902791119877,110.26347914171639],[45.42270372296187,110.12968138782927],[45.315440351596806,109.99299989996811],[45.157092679532425,109.87089119662892],[44.80857943571053,109.12492015097968],[44.60353577746759,109.16619517806308],[44.536999187244696,108.90755791950758],[44.335415667367734,108.6688515584448],[44.13031144363084,108.34254012413895],[44.05449149609104,108.1693570786417],[43.87011207629357,107.9295239998682],[43.28196754948184,106.68357137448865],[43.28162097293726,106.59575752914945],[42.930646736438376,106.78048669518661],[42.81852743502836,106.78801943147363],[42.637432341380475,107.11183314966128],[42.587498139038644,107.16614064364423],[42.48808963063298,107.17549173955257],[42.30401873932051,107.57718278898481],[42.266205087580104,107.76182265033697],[42.19614052297103,107.94765172226481],[42.05947949763784,108.09904261403986],[41.76300810340865,108.67010711675638],[41.64380431931862,108.80934239575826],[41.49571593221424,108.90427282602471],[41.031667930391585,109.59121524808906],[40.87927748580601,109.78668966486401],[40.73800257335103,109.90377646333278],[40.57954423454931,110.24411615199114],[40.421969284329684,110.44334752739586],[40.127328317458684,110.87673991883794]]]]}},{"type":"Feature","properties":{"Level":"ADM1","shapeGroup":"TUN","shapeID":"TUN-ADM1-13205935B89699947","shapeISO":"TN-82","shapeName":"Médenine","shapeType":"ADM1"},"geometry":{"type":"MultiPolygon","coordinates":[[[[74.40036119959184,86.49725116003829],[74.42661024285928,86.50888720227259],[74.41145058339814,86.45299419996329],[74.45888194538854,86.35108707648608],[74.44594935149195,86.22242187395555],[74.59252109054671,86.49392446143484],[74.64912801805683,86.65670297607755],[74.53975488151758,86.65492221925132],[74.43388836405674,86.56128760908172],[74.40036119959184,86.49725116003829]]],[[[72.91788642127563,88.33256194390307],[72.96768841457447,88.33099635757958],[73.00289871373147,88.20914273972471],[73.08049395869065,88.22152972276359],[73.09696750888325,88.33537097529805],[73.20544905316567,88.5590666861672],[73.21651488226706,88.64565542304253],[73.19212617571004,88.63702184692839],[73.13894264036422,88.55733890560147],[72.98492042397999,88.43253819332085],[72.91788642127563,88.33256194390307]]],[[[61.976374365702625,70.36278103000893],[62.001550366439275,70.34637691893934],[62.04418696504576,70.30420004806811],[62.10689014438846,70.2211111821697],[62.12595028407202,70.20195099449758],[62.201886991809964,70.13843198789614],[62.21019444396888,70.14847555223136],[62.164025606566625,70.22637783345716],[62.13944932669072,70.28281934665219],[62.208680410874216,70.24462340658354],[62.336922562759966,70.15083595752401],[62.34414915716543,70.16699467121555],[62.36446179443454,70.16628172824906],[62.49336039181632,70.07804988297161],[62.50101990466488,70.08761079433985],[62.55592733238608,70.0391487956716],[62.5586556328496,70.04095860566663],[62.533144397940134,70.08180194255283],[62.52564578400759,70.10346842200464],[62.48921885754301,70.16630552054325],[62.48496644681376,70.19200436845651],[62.50373046349804,70.19433481054034],[62.534786566519756,70.16336991481798],[62.54748471151936,70.20563649631335],[62.616098214951016,70.13181509989097],[62.6191656696426,70.13976647200752],[62.647069043199,70.11361693963003],[62.667471610025686,70.10464574857916],[62.655749878920155,70.13159901464078],[62.65532554606206,70.15246350506987],[62.673634425829384,70.17255854312113],[62.620074513237626,70.34600080247674],[62.620852384426584,70.45426736227105],[62.630417138879864,70.48255612627817],[62.7003047416593,70.56314526942946],[62.697164997857826,70.59254629627631],[62.73425820969007,70.55793500367238],[62.74392809101629,70.56997655094625],[62.73244885141669,70.6235372468501],[62.74838423074697,70.62727122456242],[62.752680990439245,70.64881843027706],[62.74655732913877,70.67476895784972],[62.76840348160928,70.65434641438442],[62.77183149983449,70.67236435360802],[62.78479117188261,70.65038086021829],[62.78407749021016,70.6817329246557],[62.79912988963943,70.64671651421317],[62.819543018390014,70.66762650469387],[62.84747833434263,70.61812781577413],[62.8491395670176,70.63111654760456],[62.86326358399178,70.62609459324814],[62.8535661719744,70.72608670750154],[62.87167080555778,70.75413567855993],[62.8852692503341,70.75100368608577],[62.875532624600055,70.80569073148553],[62.89382668919808,70.8360221974493],[62.96903104487439,70.81874601684639],[63.04738115166108,70.81947548049779],[63.13607808211101,70.78967496662479],[63.146305089498206,70.81049026473],[63.202290560770486,70.86741270392308],[63.230075806250355,70.95375776016238],[63.30197553535772,71.03303686754349],[63.339723705213544,71.16741776503129],[63.37472885130461,71.18752769481291],[63.389990016866804,71.25043581725033],[63.41428434046339,71.26572996123154],[63.4585983884039,71.40019555018218],[63.43677661248471,70.9855813758297],[63.55257968307077,71.00513874000895],[63.561873230382766,70.96743597212043],[63.69119615270119,70.9302712762122],[64.28935344468539,70.94115175915138],[64.17771154137698,70.77718689011661],[63.99796375729094,70.60525675142355],[63.85288472043767,70.37595064413087],[63.75937848335171,70.21306245089063],[63.736351780322146,70.09957476311833],[63.71935149423423,70.07537173422315],[63.65629224587597,70.0640616380984],[63.624535786411904,70.06804932966386],[63.58339804097984,70.09616784168483],[63.537530489116605,70.11542622300756],[63.507212279203834,70.10442257075567],[63.63071157697278,69.89332164219067],[63.67716496366936,69.83993228799416],[63.80030299799486,69.78416022722007],[64.03592624161341,69.6952943031121],[64.27130134595997,69.74518010967813],[64.36444089776754,69.82552494974252],[64.45329901615533,69.88866509025371],[64.52514530784491,69.97187587219734],[64.58754777186988,70.0478794733426],[64.6945714467443,70.12634926257807],[64.83362523145266,70.29967913686289],[65.18474990380975,70.63856201732773],[65.28171977225756,70.68972788639132],[65.37968084149176,70.77309486756391],[65.59492924787128,71.00569948719291],[65.70655856568435,71.18497632927544],[65.78276978281552,71.26409855230224],[65.79304033274265,71.2483633410608],[65.84781563712222,71.32451051818332],[65.95115719228005,71.4825831584798],[66.03024594488359,71.6147833382581],[66.11404423776884,71.72730335581815],[66.15704629037704,71.76708146239808],[66.17155318351678,71.75887061920251],[66.27102529061247,71.89454656210953],[67.83823354311194,73.48493179917192],[68.33385499878031,74.18695909010785],[68.8163517291118,74.75469020160548],[68.15301888421548,73.7005919895128],[67.82638448614216,73.14802699811717],[67.7350475823276,73.01581703750914],[67.63075343761012,72.85480484391685],[67.43828441003474,72.61845085888991],[67.24983622778791,72.3686907874164],[67.21776393865576,72.32036047708894],[67.3149414388427,72.41460571188765],[67.3708269199207,72.41620935769201],[67.25980067227775,72.2509893529285],[67.21647952692979,72.1405138182534],[67.13336522192681,72.00367116355808],[67.17999965087293,72.02495995937268],[67.11706377697645,71.61597944517494],[67.16698961460959,71.62561639347282],[67.08542450061812,71.5240163617631],[67.05925975445703,71.47264798103853],[67.08577786033038,71.46715944943317],[67.03620903700158,71.38558992180502],[67.0844920106003,71.36263579758182],[67.0547536333861,71.28849996842604],[66.47789064704732,70.45531233329224],[66.34745409424994,70.1021742553274],[66.01111250934233,69.48919347110852],[65.48613744636367,68.95415515910578],[65.51006119488153,68.90599578524564],[65.47391097435502,68.62552562768232],[65.56401784369496,68.44403580952826],[66.52500050291106,68.60921448733131],[66.86884239142302,68.53624799164386],[66.9733420689065,68.48340948811799],[67.8687164728436,68.81926648668895],[68.9857774094348,69.18924655942179],[69.79008083152065,69.4037148125472],[70.6859111494545,69.71951563761519],[71.70429664917145,69.96004685541322],[71.52395454944455,69.86244765511873],[71.64188277407465,69.82597846350038],[70.78257633984141,69.45790688268225],[70.55782153656162,69.33503152141455],[69.56486313646157,69.04112480132672],[68.35050363868697,68.57031158275043],[67.65369907423502,68.34640781225923],[67.39407387820691,68.24631957081452],[67.2233721795009,68.17463064251346],[67.14166742628069,68.12809006196102],[67.02161365369824,68.09582017808934],[67.00621283576281,68.06692319084294],[66.92236667685988,68.04080080086642],[66.89138018284007,68.03933854700966],[67.12761699361673,67.79216275719455],[69.15474361772219,68.51069826919147],[72.10155419798542,69.51082279156753],[74.0520403917217,70.10494007068516],[76.2975835135005,70.64189931784296],[78.07568839723977,71.23052420933526],[80.2472457670008,72.00804222718097],[81.48359723613173,72.3624979555671],[82.06191440097746,72.79400036482367],[82.80722291281708,73.13444219445326],[82.77175841035641,73.72600687885004],[82.39836807498656,73.86197704184141],[81.38051689842447,74.01824438322156],[80.14143143832851,73.9356548745079],[79.54636711038002,73.85334573380166],[79.4596724971556,73.88625714626716],[79.46565249909554,74.14042555208903],[79.33508211462214,74.13643832506234],[79.43796743904376,74.22231132726344],[79.0479317073816,74.19258273584063],[78.9885552991387,74.20971259997461],[79.17844721867345,74.31812615396686],[79.5441967360059,74.45139997676775],[79.7530318014509,74.55587451263199],[79.9906173216832,74.77997219571276],[80.33863732850732,74.92069050708571],[80.85336244218307,75.42045966209743],[81.23817672089395,76.05562869519001],[83.45124951152923,77.90619026490458],[84.00897487423151,78.5722650036099],[84.12004761921685,78.8531422567517],[84.64780709013459,79.30275104785343],[84.76818794075487,79.74661369751377],[85.06972843205149,80.03712378573806],[85.82962393766627,80.60086891099674],[86.14734243603745,81.011073020779],[86.5362012650408,81.24157473589432],[86.50118795190497,81.61194426909742],[87.36362059705337,82.81128529779104],[87.77430555440182,83.08902456961297],[89.07622826411406,84.17233414435051],[89.11015043040761,84.29912434601907],[89.35300673597519,84.6285835448975],[89.1741730570911,84.59336748495244],[88.77532716490066,84.45273114061567],[88.57964206049456,84.43513837423491],[88.1036934875793,84.32735324928473],[87.41792989182633,84.23407493472627],[87.08642396555157,84.23315285764609],[86.96752803969358,84.18780318356552],[86.81480263819063,84.17024592864323],[85.3413496866001,84.093593320396],[85.04645473479037,84.10920563507075],[84.60186235626647,84.08269945960396],[84.62542975826346,84.10785321379299],[84.48235558559938,84.08788995734128],[84.04592285765139,84.15026681197463],[83.54879805141354,84.15552751455172],[83.3954380983014,84.19320672370304],[82.7290120885257,84.17919860515809],[82.25107801000203,84.1275620376402],[82.12463555424723,84.09162764451467],[82.1062658051737,84.06787210672356],[82.97998339472616,84.1433546620859],[84.00091162754526,84.0140183235813],[84.12591810535062,84.03268646776382],[84.27383004691566,84.00139940267056],[84.55198718207657,84.01288021846696],[84.91555979794825,83.97615469711744],[85.16532332738649,84.0137404332073],[85.54731806837724,84.0082856675796],[85.57269903916247,83.92505479204578],[85.44462241650108,83.81905012231113],[85.30641098394126,83.75535145677966],[85.36470889651719,83.72795338896061],[85.49353515778454,83.75345036124969],[85.32951618100637,83.71279939035054],[85.2906982842228,83.73607988663429],[85.17086712659933,83.69612617539096],[85.15771653889851,83.67379437099333],[85.01442392014923,83.62373577519926],[84.95434906371234,83.58119272312997],[84.86838898666848,83.55416314449654],[84.95192780370246,83.60681695167261],[84.5207318122253,83.45440243646891],[84.28785307896555,83.41576151672032],[84.10847633378258,83.40849490020966],[84.05408425096496,83.43506514276368],[83.8394065427039,83.39758507326022],[83.73162517516707,83.40783141241664],[83.55402515885692,83.2846616926748],[83.35876092093446,83.23554932250005],[83.30383224157242,83.18688859455284],[83.25701782023053,83.18172416934563],[83.17474084817246,83.13133336693004],[82.93744568573555,83.05612758879772],[82.3888843298849,82.9440919597994],[82.14200780929525,82.92037479644205],[80.32981466136032,82.55285716782274],[79.52060019993635,82.38019060099856],[79.03915288669918,82.23422823779488],[77.64558784889186,81.64091212016976],[76.43521714654653,81.1574547220622],[75.67588896634906,80.70776189026044],[75.89405513379356,80.823071839784],[75.86428062257784,80.788157564244],[75.61818262733908,80.6301255772951],[75.42414355739275,80.54113498847866],[75.21573230272432,80.51217663027204],[75.26902302787447,80.75778555276263],[75.61941525630357,81.15075081586737],[75.57503325489824,81.28398502883512],[75.67606874553482,81.37654063031131],[75.71288426203813,81.44762726008813],[75.65548980146562,81.49465401697371],[75.38459182308878,81.4343279761811],[75.30709280210327,81.46929609647835],[75.29884291471456,81.7082971196117],[75.17765962059947,81.60772291164108],[75.18352513123548,81.648458751212],[75.09270484737375,81.63366245720962],[75.17633163677024,81.78548593921664],[75.40669596916709,81.93122990085799],[75.3456554784382,81.87006716297235],[75.53005294794796,82.00975124197615],[75.88658729117647,82.39557800091242],[76.15516862438106,82.63042458337411],[76.22136098506847,82.6761205147501],[76.43632576732591,82.75142336681277],[76.81254548419767,83.02395539956991],[77.19604891018697,83.20021537160945],[77.43100849781779,83.26179313525196],[77.63363936659113,83.36028974039117],[78.50831406339202,83.57798923720864],[79.45108430922082,83.76102671229181],[80.16602556404828,83.83039721885754],[80.3895680641884,83.88719890323061],[80.63496540586311,83.90498750939764],[80.87863134290613,83.96752763376796],[81.1693846994825,83.97754682765161],[81.23214168054957,84.00531548924143],[80.99380218938607,84.01877357796809],[80.40411957758275,83.96052116427155],[79.55221123310949,83.94985783739772],[77.91912301834591,83.6967998073349],[78.1045883224878,83.94316051070702],[78.05262261982851,84.01125445418113],[77.8268716157585,84.15605718368565],[77.56680670021478,84.12916267133271],[77.24836304382752,83.94127539524825],[77.15274737089915,83.84762339955061],[76.68467825870829,83.52292123350216],[76.34754474188036,83.33561568373679],[76.18817779282973,83.289128899331],[76.19738553806549,83.28284791609491],[76.12552776483392,83.2394899162303],[76.1659011860741,83.29653924084221],[76.08725170852918,83.26771778547355],[76.12152355314849,83.30604545776055],[76.2057511838027,83.3489920944431],[76.28905257327224,83.4631689680678],[76.355195920644,83.50027802176483],[76.40969575322697,83.4795225539861],[76.70583931379974,83.62936941746564],[76.89776325953196,83.75936030853066],[77.25417102272178,84.03984529224024],[77.45061300004636,84.25229718924375],[77.44441283068676,84.35815132010798],[77.57557611639639,84.39619155397753],[77.5492382361029,84.36787888183284],[77.60687438712824,84.32427888065835],[77.5859759954923,84.2632807460249],[77.85425059937725,84.4820170837825],[77.84280592048648,84.51102256098585],[77.66225166269953,84.52320364964488],[77.51821194596927,84.62689062390957],[77.51523874183906,84.57803933519294],[77.4755136494329,84.56630449122925],[77.43733573250383,84.52297989571528],[77.48597140356839,84.50657892939032],[77.44340820472598,84.44065710076089],[77.48206850035939,84.50761583097591],[77.43165208680071,84.51806375696273],[77.42839516187276,84.56095738403181],[77.3838251207551,84.52384245618916],[77.41390994006646,84.52829458883832],[77.37086656659116,84.44716147751699],[77.39043354376598,84.42108413708746],[77.36950566555345,84.43700553722131],[77.37560380390906,84.57812392488054],[77.4595023050874,84.67885321342213],[77.42732796481792,84.67517315395504],[77.37979597457273,84.86269794557475],[77.40818954668913,85.00346050186516],[77.64328434883767,85.33305852532817],[77.67314636062115,85.41989518731465],[77.71586292096376,85.43926847256184],[77.91173485211918,85.6579101009735],[77.95009909664276,85.68773123196249],[77.99123123152698,85.68650940970215],[78.03572559343705,85.76258870002806],[78.10948737252757,85.81715849356114],[78.14527817828349,85.89842181859986],[78.2537976091496,85.94726286837997],[78.21893992710145,85.84375576422289],[78.25856571065357,85.93631629287076],[78.514729251725,86.11949494782444],[78.47485289970925,86.1743923975335],[78.43435778393493,86.14623047742282],[78.39619649932047,86.1781282604694],[78.4210099031883,86.21741660981895],[78.48833955481048,86.26443437369866],[78.5362268271012,86.24994001326003],[78.61297032436823,86.29093651830584],[78.6004857699591,86.30469486285153],[78.53800258763255,86.25606570734536],[78.5113782682281,86.26310169099527],[78.56581591434923,86.3359091207059],[78.6383899775869,86.36480718396231],[78.63059516587806,86.30039507222122],[78.72620376573421,86.1642513592627],[78.65226249930006,86.31309453148663],[78.66187331359237,86.4743223152043],[78.74932119704494,86.61178560196561],[78.75347781143903,86.66737726500514],[78.79743690081428,86.70990062709326],[78.85825861050809,86.92093836145784],[78.90113170138463,86.94922018297625],[78.92199301224177,86.99337221816032],[78.92379616876406,87.0567306997373],[78.9733318139192,87.09383542851171],[78.99900863151959,87.16184884021874],[79.0635563777646,87.59426749938797],[78.84780783108306,88.06464356728227],[78.74944556936978,88.09794915794237],[78.69269156277446,88.17380290962949],[78.72044129464123,88.22992773315033],[78.78403999912952,88.26440256039717],[78.65967756793279,88.27423224737751],[78.55617998043715,88.46454125272007],[78.25728813290931,88.3424423102834],[78.03212302133593,88.35965394843927],[77.75587835071539,88.61244986289097],[77.67522296254783,88.5971629846652],[77.61504709822061,88.55915143885849],[77.6508227876765,88.52898308334215],[77.71027921928638,88.55655166367914],[77.80349517511107,88.54290952104351],[77.79463118084304,88.46432832813957],[77.75839655626336,88.42331963470279],[77.78852571685742,88.43276842915785],[77.66104086918756,88.37310676853541],[77.50546624137603,88.36259359451657],[77.43664673424468,88.31904421910278],[77.38343040146175,88.25722922744708],[77.4025979994696,88.22654916363125],[77.44870685697387,88.23568868857822],[77.50042248501276,88.29779185097968],[77.54998910846615,88.31123885340304],[77.44385069246707,88.13030409812485],[77.3797437696108,88.07490944878211],[77.27718615025914,88.03664466874677],[77.15613331172403,87.9440391047103],[76.90104583529892,87.8457201388747],[76.77308441553247,87.87491639096562],[76.7038542441947,87.83688866998597],[76.65462257244721,87.86542286540342],[76.47893349491817,87.81023638757742],[76.45528341840662,87.83629436875846],[76.45625461296298,87.81230148629174],[76.38448045927166,87.75339747532456],[76.31990404876886,87.82714295305917],[76.29231503513932,88.17322821210638],[76.29513946606716,87.92351761640693],[76.3226729066632,87.80619172222617],[76.38188533118397,87.74660788714891],[76.35929123618787,87.71101363534143],[76.24492627560002,87.62011843005827],[76.14899256797338,87.60114322628388],[76.02752140524304,87.53068549357369],[75.84707072015624,87.38973034789228],[75.75918168011029,87.36928357322837],[75.69395446939164,87.29727898446019],[75.67982203157152,87.30225577181261],[75.49394842183567,87.135176745468],[75.45710791447843,87.12321569554067],[75.48932761042184,87.12599993761543],[75.40456735291947,86.96761052749356],[75.6368797973447,86.96979252394686],[75.62427135079898,86.84017126145616],[75.70006138352096,86.6586993928139],[75.68903140347498,86.63032723165506],[75.59922133032336,86.55976097830005],[75.7015544671963,86.63297468889851],[75.68178685988471,86.54988092839879],[75.73729796067178,86.48719137983629],[75.66422742649993,86.34659961820952],[75.51983716697686,86.21697972504245],[75.47062372098083,86.11605923137272],[75.32199064706502,85.93597369957554],[75.0543177352837,85.70211922378947],[74.99872032296956,85.63426549020308],[74.93738667810184,85.59630307534279],[74.90454294886308,85.53662918378598],[74.79544156087212,85.45819192876124],[74.74601660539147,85.38535393825993],[74.34282506675785,85.10917056437509],[73.76745026222979,84.74092790645656],[73.30931660505772,84.41269993290055],[73.00895410625243,84.23046395008652],[72.9030763740893,84.14495496304927],[72.72550101917477,83.95703886558289],[72.33341789161776,83.67842348149699],[71.90531155890227,83.44517878341438],[71.58776861270076,83.09346317870359],[71.30310865975504,82.92306561818764],[71.2784571778435,82.87677162838084],[71.23745247775962,82.85350009267515],[71.14660562359019,82.74798812273347],[71.07152030134911,82.6371614276679],[71.14339754121274,82.76182683564177],[71.03023765239713,82.63043334063738],[71.0717149743501,82.69258493864528],[70.84229946532923,82.55887335155131],[70.79876030340573,82.55793955252375],[70.67430501035037,82.47897034766156],[70.64421674115208,82.4430415804384],[70.63762465028051,82.46014639317436],[70.59805331433145,82.40692621209303],[70.45187153623448,82.33829813738359],[70.42548363475353,82.37304394237762],[70.35916698116692,82.33504743321781],[70.44741743731254,82.4597730084285],[70.35906492918554,82.59046333958294],[70.23183952298484,82.56071085654989],[70.00426859606428,82.44286291448094],[69.94005999249691,82.3904978026649],[69.88101307099893,82.37723998217541],[69.88493388911496,82.43152397049711],[69.94606378691654,82.54148614096673],[70.00297104803617,82.60846887934191],[70.01794318638044,82.61013529562915],[70.25504833072665,82.91211892671708],[70.39142313346481,83.11928261109418],[70.41491714738372,83.22073260927954],[70.38185267600089,83.2795721210137],[70.35120904137219,83.30266277029153],[70.23775333524762,83.23573225680474],[70.24112208526519,83.30040528538782],[70.36503866980611,83.47590586453487],[70.48638951457471,83.51965965277378],[70.50030074838344,83.5481152142523],[70.38013129061697,83.48811783075857],[70.40284296932077,83.53559562827193],[70.56143146106636,83.7536360338235],[70.75195157887084,83.96441081581898],[71.22999669456065,84.36963169743464],[71.5084429216349,84.63610907033348],[71.61694679577921,84.71093004031468],[71.65763916583843,84.71656819034911],[72.04022626490628,85.26522370495968],[72.20214621561287,85.42118887245113],[72.27562276875847,85.54257722670522],[72.37217334722492,85.7594303037209],[72.42325511515489,86.08913298947434],[72.57864032960848,86.53685612333159],[72.75751251625482,86.77083854351739],[72.84980774341234,86.94950427717708],[72.90549335501473,86.96989459617296],[72.85516211693053,86.97126089822683],[72.95349586176707,87.16817695122383],[73.09517558507261,87.3835969731273],[73.11347111695184,87.78243833523018],[72.97952832681733,87.89190134887566],[72.8768430541391,87.86441120019752],[72.51931885486235,87.65310579220707],[72.38505152327768,87.5112642857871],[72.10898190024666,87.30100970519291],[71.81296785629839,87.00204887249139],[71.53630164992094,86.66958711175131],[71.31877522962509,86.460911381834],[71.01407030041796,86.27532442515798],[70.91997193300365,86.16753390748596],[70.87390761077133,86.1603088442167],[70.72331877725026,86.04904454300079],[70.67001566374256,85.96938551738248],[70.52183088936216,85.83151410090898],[70.49320364882696,85.76339564493688],[70.18838303531471,85.55323551285107],[69.99537706236876,85.38841494675805],[69.92536768188316,85.29717058783362],[69.89056928636214,85.20010067317999],[69.80507724930476,85.07995172356848],[69.80663622133459,84.96915697484717],[69.93261686645735,84.97915174872934],[69.94205515307719,84.9495400410095],[70.24136702451857,85.24133836784668],[70.2323340644777,85.17944178388483],[70.18438719992648,85.09107303982067],[70.01853785472866,84.90691803014212],[69.87783058646409,84.83158582284665],[69.81474775175761,84.88779043977438],[69.75593859370628,84.83481020354044],[69.61374404489237,84.75275269390256],[69.47310060344563,84.60011970002148],[69.49757845032568,84.63924935312721],[69.65950980690813,84.80133989467785],[69.58553428148011,84.73923694066536],[69.70498677511573,84.8995896921268],[69.73249964514336,84.99413845497489],[69.92952234805531,85.33160652095384],[69.944914754052,85.38703424325094],[69.85902170978115,85.31785944056229],[69.85633562469523,85.2858025182532],[69.79965799004191,85.22280837648339],[69.6662003593703,85.11703396710004],[69.12529001620697,84.70513877901213],[69.04307937109891,84.55649814042462],[68.89880135685863,84.37254190264558],[68.64876559246991,84.13780384266163],[68.40270078101896,83.83972569980375],[68.3529797192366,83.70579679358082],[68.35654712084155,83.62582208557069],[68.32040664959115,83.67205508580533],[68.3333240894147,83.78876750717959],[68.17510602780064,83.70252300712444],[68.01954472732407,83.56335552741427],[67.99698055239747,83.49487767764816],[67.94989386888236,83.43891486232852],[67.97199271055268,83.52727831584002],[67.90100249925626,83.46861622885999],[67.78108856964089,83.29680296686959],[67.72807343764923,83.27353610157769],[67.70977827805626,83.19207362853943],[67.67999692837093,83.20485501736476],[67.61652978024703,83.15370954211639],[67.69684681805282,83.37164079357075],[67.64236125613716,83.3911626451227],[67.69263924204952,83.50090062245354],[67.65158315843014,83.49742804956536],[67.61547400824095,83.39390368006121],[67.61939539756364,83.42378565066807],[67.52801059858604,83.35910545054581],[67.5353394720159,83.46784850663136],[67.31744631108069,83.22628600893498],[67.25093277664104,83.06924233881924],[67.26999718474403,83.02933845416115],[67.23628929145399,82.91224624530112],[67.13195101648483,82.7074404010241],[67.02656451927975,82.54778931513928],[67.00640459683964,82.45157258845263],[66.909173997903,82.40416010458755],[66.75984625450332,82.13255627903933],[66.58990799331244,81.91851733530791],[66.55622251858486,81.96294192079054],[66.38729052232337,81.89348490524665],[66.13257034759607,81.600574646233],[66.03972845949266,81.4479745425063],[65.77008178115368,81.18809496321286],[65.67359928906662,80.99770288285154],[65.51844357546727,80.76548016061875],[65.47376432602059,80.65950158156801],[65.37689781995958,80.57413449824026],[65.30997132375717,80.4819524775164],[65.24069810920527,80.29436753749022],[65.13122629712929,80.12954979681064],[65.11736888144098,80.02845670355366],[65.02445481959184,79.83977183897441],[64.81201624171041,79.50533106375043],[64.7280531283807,79.46146251386547],[64.5265581054023,79.158240562136],[64.4097327023759,79.01519369025756],[64.29798224715822,78.8174044266202],[64.21674235367233,78.60574788891807],[64.05440608592104,78.40178509561518],[63.97528039252631,78.24514392400843],[63.80070853311838,78.09111919152062],[63.6438457665605,77.86626706135205],[63.57185618301941,77.86600369744636],[63.50212165334583,77.81806316978849],[63.44529917817667,77.69240863103563],[63.24521688886871,77.46858651419451],[62.91666473054114,76.90437658554103],[62.86000605394816,76.70274006716767],[62.69424667590211,76.44374782199095],[62.59402402501591,76.35409428929648],[62.50599868255345,76.19492302904786],[62.4048197326817,76.1302035895347],[62.224349361850415,75.95792302780308],[62.161304736556765,75.95112512654269],[61.74139817733704,75.71259940912809],[61.712841341160484,75.7098776452919],[61.68323755540819,75.8429183642655],[61.54624728266137,75.83130089251048],[61.26274334688377,75.60418688557165],[61.2055254554046,75.60314384394874],[61.11052323166657,75.4436316370458],[61.03569470670318,75.408618692822],[60.994611394291866,75.16827349547312],[60.977431630699215,75.14744592053921],[60.98212731529229,75.06164608764854],[60.9656128334451,75.04211938889657],[61.00259545550425,74.90975634626356],[61.02043359154362,74.8702676148072],[61.035764077547995,74.87220266522642],[61.00244902324893,74.63925505193285],[61.0099108822746,74.46657451865306],[60.93241040346295,74.45600886759452],[60.966952818298864,74.17740413440626],[61.077612916843876,73.87257694224498],[61.09162571676353,73.80956214804297],[61.11123279181062,73.3852509929718],[61.115191880577356,73.06477913146567],[61.068147029154126,73.13565642704104],[61.05282923939998,73.1328715856875],[61.12248041504397,72.7566184717814],[60.98904112669833,72.8196441154866],[60.83811298645978,72.93817151459344],[60.79859120200471,72.91354390022386],[60.79260641814591,72.85972309209222],[60.641770005165526,72.90558395449672],[60.605703234371944,72.89819344367568],[60.58249419373419,72.82804337900934],[60.58415616590737,72.7665782692587],[60.48586917904663,72.83130989603205],[60.36372955252948,72.88581070485873],[60.29801091590786,72.91490095618602],[60.24826005256901,72.92772496909532],[60.204302808668714,72.90873258093046],[60.56734306419419,72.59851971053783],[60.87902413120817,72.22563605068336],[61.04893344408322,72.08296957984305],[61.19584789259831,71.96027492628932],[61.28758890498462,71.98445509333362],[61.333717700464355,71.92616973903888],[61.360942118728424,71.90070668796596],[61.398846102129895,71.83538328607645],[61.4290993594803,71.7993219691376],[61.54705501762842,71.46399370280372],[61.648393538317,71.1622141304839],[61.85667650781904,70.54650072113957],[61.96760209168201,70.40081148186633],[61.96637565534477,70.38206995802008],[61.976374365702625,70.36278103000893]]],[[[73.568956646917,89.1634365484058],[73.5562451710853,89.05135995121643],[73.4836138947567,88.93710305483152],[73.44208100027559,88.90724918258677],[73.47934702435138,88.92021726639257],[73.4914402771833,88.80171051412378],[73.43909126120357,88.58158146680319],[73.39514528075094,88.49092916054768],[73.43017390100432,88.46594216718408],[73.41099714110767,88.3715464144411],[73.43811990083957,88.34199087598284],[73.35692014550091,88.23102740380065],[73.3883632578357,88.24982697495174],[73.43666779268564,88.33596954059664],[73.46847009112261,88.29240175668093],[73.50401274378834,88.30643039465781],[73.57068500358203,88.14719760145093],[73.55713386748477,88.01048412169919],[73.93856875041585,88.24721301501417],[73.96089279021385,88.21539052302103],[74.04703326953738,88.21472898068087],[74.04517989741746,88.16171931147291],[74.08181324460304,88.19509493016672],[74.090350443741,88.33823821581288],[74.2248673435205,88.56704591283808],[74.33708474438423,88.6878551691099],[74.58572505274105,88.87120067973171],[74.72240459407092,88.93677570833955],[74.94574949713022,89.12353698766707],[75.20018675255731,89.23646491564183],[75.27135450526981,89.2119821725544],[75.66006892962976,88.55150758063645],[75.58338345738125,88.33106057309524],[75.5033144171391,88.22263403316549],[75.31205167707989,88.04387657755731],[75.22045102519796,87.86794205811952],[75.10571130941102,87.75401386527184],[75.10415824275825,87.66681849299965],[75.03063971230414,87.46176051767478],[75.08875074909999,87.44146454629958],[75.17208520560374,87.46185218665391],[75.21006555210032,87.39391294697421],[75.28182692062987,87.4778858158697],[75.26034628569197,87.48537365521655],[75.34053493375575,87.57660319846195],[75.50260002054966,87.89349845197364],[75.70373405312463,88.18665162815157],[75.95412953815534,88.40415072033693],[76.0790973671206,88.44054475590605],[76.3240866024887,88.61168561475338],[76.27553005471029,88.4283678807803],[76.29090340624117,88.19437015004846],[76.2799966800624,88.42693502444104],[76.3260336053552,88.58588732807296],[76.76417500399918,88.95658046912695],[77.02670386930467,89.09798657919728],[77.02300255067907,89.11692973478483],[77.214731616205,89.28886516191729],[77.48539862493095,89.6310648001137],[77.57260277548082,89.71783650225132],[77.63831136708787,89.75049110686591],[77.63456274725357,89.76985091294108],[77.73567287492472,89.85444081381208],[77.81143338077301,89.86971495796375],[78.02115094370856,89.98209085382403],[77.89469191986291,89.79720025590268],[77.88074844132407,89.65646136731314],[77.7627535522736,89.52386004590159],[77.73342671145531,89.44961892689193],[77.61365063634545,89.33893868168349],[77.57437061798535,89.27673439319793],[77.58673605484735,89.19947514639236],[77.73760224619605,89.33016500809767],[77.59708521230546,89.20282680555968],[77.57368682710916,89.12723911159256],[77.61479484769161,89.15139847223494],[77.6046096561478,89.13008241414128],[77.47660699617447,89.05044967128237],[77.45435198272313,89.01772602381423],[77.49493403752993,89.02493194016823],[77.63410463243974,89.11415537142591],[77.75112595125334,89.24785775436436],[78.00369038048035,89.43184139313504],[78.11147626819516,89.55976327171254],[78.28397462802587,89.8767148927457],[78.52024310361006,90.24238846379309],[78.93296612637162,90.71315114464926],[79.21387628442675,90.89239822986993],[79.32701955989114,90.94017661878794],[79.33009071757236,90.9210745186415],[79.48893998070697,91.02080776667256],[79.5103854475038,91.01440682806367],[79.50472899376572,91.03104472765806],[79.62735303333719,91.11966321229491],[79.85253951211988,91.33182831947092],[80.30978024730814,91.64247800923009],[80.40124083777937,91.6807357869497],[80.47266473486125,91.66832564967912],[80.60702052585428,91.79462278720608],[80.62751241078573,91.88981696376753],[80.69373594086176,91.94969256224114],[80.73063001440549,91.95141665027899],[80.75078517133329,92.03463354070864],[80.71743993307325,92.04213950243268],[80.74464965661619,92.09873687064783],[80.79950088309161,92.14441685671247],[80.75597362557743,92.14713017763988],[80.76925984730404,92.20136839468236],[80.88276475990291,92.45806029782901],[80.99311735554856,92.62932434691854],[80.88658263082392,92.67224261182318],[80.66400246758859,92.6589059181879],[80.62396826111848,92.61043090547633],[80.46001340942283,92.54353164891351],[80.32992174854363,92.50946906735788],[80.20360587451954,92.52278492717026],[79.98179460523563,92.64871542979358],[79.88883632990316,92.82469355006708],[79.4971312769401,92.93385944508589],[79.3221882513621,93.1685878563393],[79.12350011440189,93.34723275200035],[78.45185707831493,93.61669920741828],[78.37966354398505,93.60199552285505],[78.30020219391338,93.51633174853033],[78.67251035385883,93.42032371278809],[78.79096522334954,93.43360765870692],[78.78634815212456,93.39161681983754],[78.92471811498552,93.41655697445574],[79.09952733210348,93.33023717253892],[78.99288669668854,93.25831118755374],[79.04800944583752,93.23765074360986],[79.09278363002136,92.99243739388443],[79.02830402764826,92.85109066186223],[78.93522523579452,92.77158205142452],[78.59390128397555,92.64778288411088],[78.46525136542859,92.5795829598068],[78.3087258774529,92.55199908770429],[78.12650916389018,92.48537910089917],[77.93595895252,92.49505933930246],[77.89429313279494,92.45630177148443],[77.76744273167449,92.40819714231638],[77.4842095728446,92.47902005812946],[77.49126931127279,92.62333343518321],[77.4628790923118,92.62008246546552],[77.48718472331501,92.61543839325574],[77.44220080364603,92.51800223809715],[77.42042305833178,92.57467393915061],[77.44989522029884,92.61705679846746],[77.41074827704718,92.56994384330687],[77.40502277463523,92.5051124601268],[77.36805105454584,92.4893094875087],[76.85789357290194,92.57661035255117],[76.72119317009529,92.5143723068041],[76.61835180271741,92.55102299358188],[76.55378978407973,92.51118083301614],[76.45933280651386,92.54493256258348],[76.42501923165389,92.50590499957164],[76.38710666399652,92.52547794155754],[76.38257397672416,92.4919521627546],[76.34140156627103,92.4683704258818],[76.30176217125134,92.5602433626497],[76.24506078918645,92.55092985752239],[76.26176135039783,92.488437936036],[76.22224175249936,92.42129329711871],[75.81788763060769,92.2420639973297],[75.21613470976166,91.8537566705728],[75.18578049299657,91.72936126911213],[75.0815875033382,91.58729691274078],[75.23034694303257,91.6603167764656],[75.15217420934273,91.5879056078629],[75.11748686441331,91.52422803301178],[75.13902285668817,91.48830375259962],[75.1109648051335,91.50447646646887],[75.0689376749547,91.44481670372284],[75.09983958884926,91.31993283746672],[75.07410556199525,91.27560606827502],[74.96784651313808,91.18427269632028],[74.93127046220948,91.22898812360812],[74.85458924835179,91.121688452804],[74.87033603919969,91.07430347504544],[74.81784252816232,90.86914946771972],[74.69560219342497,90.69630909773873],[74.70175906489055,90.66449886958999],[74.62207895088629,90.54282325151773],[74.63233411209752,90.51372538596405],[74.58443985367813,90.47530665573656],[74.5394172614232,90.33431849398067],[74.36470963377815,90.00755462171834],[74.22987555826545,89.84039152895599],[74.04145418237448,89.6611131048324],[74.01802291421743,89.5825556088827],[73.94800794572711,89.53286958487021],[73.89951485625458,89.53563916607465],[73.86973931872285,89.47449515575184],[73.568956646917,89.1634365484058]]]]}},{"type":"Feature","properties":{"Level":"ADM1","shapeGroup":"TUN","shapeID":"TUN-ADM1-13205935B34416116","shapeISO":"TN-72","shapeName":"Tozeur","shapeType":"ADM1"},"geometry":{"type":"MultiPolygon","coordinates":[[[[47.38310408155578,87.32906668562028],[47.34005323738608,87.35431372538994],[47.299818507433415,87.40322239739797],[47.27640345413738,87.44426447600522],[47.24771898797816,87.46525860582099],[47.224685037896904,87.50359326225917],[47.15885695918885,87.54457605299756],[47.15205788123023,87.52896379008615],[47.05528128261104,87.57667716933574],[47.009222742089854,87.56474721097798],[46.98149287740868,87.59426361424134],[46.98158289603079,87.57451006773749],[46.91175936084816,87.61671109217609],[46.85525950895825,87.69149953143524],[46.83907353317667,87.69302498062538],[46.75682548519152,87.77287095004849],[46.65937846286252,87.91408757951204],[46.542345130833084,88.03829993820554],[46.47002695748043,88.12319627142082],[46.42349890547277,88.15065973215081],[46.377913524640284,88.20111915971108],[46.37158039639259,88.18937697336222],[46.289881678683855,88.26143426790118],[46.292111356294434,88.24677614112922],[46.217558405581926,88.29927778217693],[46.206514508870505,88.2944077206112],[46.17413928557751,88.32342712569965],[46.14859634904381,88.32524360333056],[46.0480613700898,88.39985013179432],[46.00541828623475,88.40657412038476],[46.02602973821506,88.33384919182478],[45.93628783557057,88.41420949026686],[45.88603789605928,88.45969412434701],[45.83138543192008,88.51448614621266],[45.82650833308183,88.48184255336808],[45.776833044317954,88.53951005636938],[45.64632110934063,88.75163112363217],[45.56022062076192,88.8248433115728],[45.452277242984955,88.93899980971703],[45.42790904433484,88.98189281186937],[45.34191722582911,89.04579601561976],[45.30333762600335,89.106413221551],[45.178330375176266,89.2243894953063],[45.104897336787246,89.31852662337712],[45.001118477471685,89.400765268338],[44.90600089748385,89.4596101599769],[44.83012056363406,89.59132457562944],[44.58021270394778,90.150311024796],[44.50604053377972,90.32816906676072],[44.304493873192136,90.59800222238947],[44.256640005995465,90.64525720520206],[44.20747489038453,90.63322065981241],[44.163036358152546,90.59633399976676],[44.171731056705106,90.55097017667651],[44.12891252456478,90.60172836174814],[43.847441942781714,90.92833841558638],[42.464955069998496,92.6688740840918],[42.18517982905546,93.24587562610125],[41.43795303698135,94.29193017689228],[40.392475429356445,95.72947671617959],[40.1197987792267,96.22604761448626],[39.93883735494329,96.5170792285827],[39.85979796334022,96.69535439661149],[39.68603895402831,97.4325538194141],[39.5919965884929,98.08510972515705],[39.507601507091756,98.58382237300782],[39.49448969973443,98.85545149022434],[39.32528953512895,99.33464155091474],[39.266696771613354,99.42750788727476],[39.224021446656934,99.53548989585542],[39.185149869487546,99.82140323137489],[39.163714840897875,100.62604328579954],[39.13217954040462,101.53023946856932],[38.999005265069826,103.67458528385642],[38.99733735195296,103.81496223211758],[38.979323236446604,103.80712672786655],[38.97828834807211,103.64497942897322],[38.9379662854933,103.66455803386711],[38.922266542193995,103.53426793911574],[38.91645341245584,103.18851144934797],[38.936107043544006,103.07158979887595],[38.86298761377168,103.163539276748],[38.830536540599645,103.11092797437858],[38.79474846901372,103.23833014875925],[38.74816224246791,103.30253273969575],[38.72283212428188,103.44949076835468],[38.750250073981384,103.16977244933855],[38.73149199375679,103.24324407541155],[38.71317545758684,103.12763357494954],[38.719958275476486,103.02091905708217],[38.69142085101208,103.05833260445252],[38.71899469987331,102.69939313949473],[38.55105489775993,103.18548790679888],[38.47162433738366,102.62795120379599],[38.47764155216126,102.04322906535612],[38.44931348619411,102.08733006309588],[38.43334175481594,102.1893814422293],[38.395106034533704,102.28524594097837],[38.28405064371726,102.34453877535461],[38.179739921796674,102.76012196518735],[38.15009577369484,102.81745673516619],[38.166839718034595,102.51375695431364],[38.162270378507145,102.46002746144731],[38.11025358896828,102.58961390604246],[38.10963824092698,102.45017951874303],[38.091793029873685,102.44767621765254],[38.09629341533075,102.291636290338],[38.08216122390843,102.31116363252103],[38.10236640032769,102.15497229787985],[38.10529101974639,102.04865516069495],[38.137359210401186,101.89141199291143],[38.12116704481973,101.83996043191418],[38.070893184321086,101.97191753193437],[38.07251670868585,101.85335397001835],[38.027982063551526,101.98235150015893],[37.92798347170276,102.29973387194289],[37.886783759956316,102.29880707467316],[37.724988393649795,102.80290043797828],[37.680744840975855,102.6947716489431],[37.58881525094688,102.74369725062049],[37.366198090004374,103.24862068690638],[37.35237325923969,103.08383768075606],[37.379121143098075,102.73871882018156],[37.36725057362878,102.64711588090515],[37.42493755558034,102.1021951818972],[37.44083834754932,102.01750383546754],[37.46474560965067,102.00061353303218],[37.47641338114293,101.88244343232198],[37.476761687754205,101.76666004327996],[37.45076605469734,101.832416858626],[37.464620732186496,101.56560956903559],[37.442502633517066,101.4297544111986],[37.48584325540753,101.29309381616534],[37.48738466561322,101.2125892838406],[37.59884609874973,100.79221870425458],[37.79207525734978,99.78048974448652],[38.10108150661524,98.15667520902579],[38.26854660752775,97.59271548934757],[38.622288984067744,96.70896165507726],[38.211851329565185,96.9726714531811],[38.07378242910188,97.08749016054654],[37.94790225690799,97.22625757413152],[37.862926221008294,97.28533349255412],[36.76704757311118,99.08606372445294],[36.2927692165577,99.75596219458325],[36.4176118893569,98.92789765727896],[36.6582503587552,98.32365169041428],[36.50582852451103,98.47906620809194],[36.50868729362391,98.42705317610226],[36.4552868558075,98.50312813805952],[36.39930477841651,98.56230237172386],[36.394474920074906,98.54362825122259],[36.32346577315838,98.63763893150241],[36.33084422779246,98.60151244744361],[36.249741267057296,98.6402307015405],[36.2767219612421,98.57647053117368],[36.36261881536456,98.46690862397793],[36.42216424841291,98.43041092306103],[36.49520745745292,98.31811632316132],[36.520911883728346,98.24015326896222],[36.447322974179784,98.26920638172479],[36.1525103594021,98.5590651098895],[36.13734571153738,98.50576709807248],[35.46664258629257,98.74553934521126],[35.35850966207247,98.72931937672995],[35.47811887210185,98.52111648114872],[35.57444111815416,98.4340134063582],[36.00486058576962,98.05407815451193],[36.959065592305464,96.799549382563],[37.02026577523067,96.56398226114561],[37.075456614285535,96.19702351768221],[37.511258633218674,95.18619679383866],[37.5670671591357,94.78864625280231],[38.06671752184744,93.76822557031073],[38.274707909436295,93.26253561998185],[37.930852364725276,93.30511334561389],[38.6182365272637,92.43745109562362],[38.714317642927384,91.91034394909181],[39.12407849091435,91.04912715205427],[39.46395064064243,90.43489297706861],[41.004961338531984,88.79889785825938],[43.17168499647186,85.36533196022624],[44.269098279428846,85.04979834955861],[45.34379796124556,84.73000526150012],[46.01850560219589,84.42454648051438],[47.109643345756524,83.8662029429088],[47.84592622190077,83.60482627058586],[48.525886351693565,83.59290706812223],[48.63032434321796,83.5790073542197],[48.73216341878999,83.62513913818799],[48.73736091405052,83.76082417707751],[48.65539612680577,84.27287105732063],[48.57972386712933,84.47244762976963],[48.59923150898125,84.62046125858853],[48.47043879380936,85.21376551591531],[48.3965374693861,85.47793459329924],[48.199995679166236,85.95448566410961],[47.992198871491865,86.32607342834687],[47.86223397357115,86.61663078713454],[47.51475227537748,87.15848115847902],[47.38310408155578,87.32906668562028]]]]}}]}
